observation_id,plant_instance_id,lot_id,position_tag,replacement_index,classification,species,variety,image_id,image_filename,image_light_type,flash_image_id,flash_image_filename,crop_path,capture_camera_id,temperature,humidity,water_level,light_minutes,had_light,capture_interval_min,light_minutes_in_period,ventilation_minutes,had_ventilation,ventilation_minutes_in_period,lot_day,light_hours_accumulated,light_hours_per_day,vent_hours_accumulated,vent_hours_per_day,relay_light,relay_irrigation,relay_ventilation,local_status,observed_at
6468,,LOT-20260506-651F-007,,,,Trigo,Germinados,3534,cam1_20260506_150547.jpg,ambient,3535,cam1_20260506_150550.jpg,,1,27.8,36,100,0,0,15,0.0,0.0,0,0.0,1,0.0,0.0,0.0,0.0,0,0,0,,2026-05-06 21:05:50
6479,,LOT-20260506-651F-007,,,,Trigo,Germinados,3550,cam1_20260506_152047.jpg,ambient,3551,cam1_20260506_152049.jpg,,1,27.8,36,100,0,0,15,0.0,0.0,0,0.0,1,0.0,0.0,0.0,0.0,0,0,0,,2026-05-06 21:20:50
6492,,LOT-20260506-651F-007,,,,Trigo,Germinados,3555,cam1_20260506_154108.jpg,ambient,3557,cam1_20260506_154113.jpg,,1,27.8,37,100,0,0,15,0.0,0.0,0,0.0,1,0.0,0.0,0.0,0.0,0,0,0,,2026-05-06 21:41:13
6504,,LOT-20260506-651F-007,,,,Trigo,Germinados,3559,cam1_20260506_155609.jpg,ambient,3561,cam1_20260506_155614.jpg,,1,28.1,44,100,0,0,15,0.0,0.0,0,0.0,1,0.0,0.0,0.0,0.0,0,0,0,,2026-05-06 21:56:16
6516,,LOT-20260506-651F-007,,,,Trigo,Germinados,3563,cam1_20260506_161150.jpg,ambient,3565,cam1_20260506_161155.jpg,,1,28.1,41,100,0,0,15,0.0,0.0,0,0.0,1,0.0,0.0,0.0,0.0,0,0,0,,2026-05-06 22:11:56
6523,,LOT-20260506-651F-007,,,,Trigo,Germinados,3566,cam1_20260506_162745.jpg,ambient,3568,cam1_20260506_162748.jpg,,1,27.8,39,100,0,0,15,0.0,0.0,0,0.0,1,0.0,0.0,0.0,0.0,0,0,0,,2026-05-06 22:27:50
6540,,LOT-20260506-651F-007,,,,Trigo,Germinados,3571,cam1_20260506_164245.jpg,ambient,3573,cam1_20260506_164252.jpg,,1,27.9,37,100,0,0,15,0.0,0.0,0,0.0,1,0.0,0.0,0.0,0.0,0,0,0,,2026-05-06 22:42:53
6552,,LOT-20260506-651F-007,,,,Trigo,Germinados,3575,cam1_20260506_165840.jpg,ambient,3577,cam1_20260506_165846.jpg,,1,27.7,35,100,0,0,15,0.0,0.0,0,0.0,1,0.0,0.0,0.0,0.0,0,0,0,,2026-05-06 22:58:48
6564,,LOT-20260506-651F-007,,,,Trigo,Germinados,3579,cam1_20260506_171340.jpg,ambient,3581,cam1_20260506_171346.jpg,,1,27.7,34,100,0,0,15,0.0,0.0,0,0.0,1,0.0,0.0,0.0,0.0,0,0,0,,2026-05-06 23:13:48
6576,,LOT-20260506-651F-007,,,,Trigo,Germinados,3583,cam1_20260506_172840.jpg,ambient,3585,cam1_20260506_172844.jpg,,1,27.7,35,100,0,0,15,0.0,0.0,0,0.0,1,0.0,0.0,0.0,0.0,0,0,0,,2026-05-06 23:28:45
6588,,LOT-20260506-651F-007,,,,Trigo,Germinados,3587,cam1_20260506_174340.jpg,ambient,3589,cam1_20260506_174346.jpg,,1,27.7,36,100,0,0,15,0.0,0.0,0,0.0,1,0.0,0.0,0.0,0.0,0,0,0,,2026-05-06 23:43:48
6595,,LOT-20260506-651F-007,,,,Trigo,Germinados,3590,cam1_20260506_175840.jpg,ambient,3592,cam1_20260506_175844.jpg,,1,27.7,37,100,0,0,15,0.0,0.0,0,0.0,1,0.0,0.0,0.0,0.0,0,0,0,,2026-05-06 23:58:45
6612,,LOT-20260506-651F-007,,,,Trigo,Germinados,3595,cam1_20260506_181340.jpg,ambient,3597,cam1_20260506_181346.jpg,,1,27.5,35,91.7,0,1,15,15.0,0.0,0,0.0,1,0.0,0.0,0.0,0.0,0,0,0,,2026-05-07 00:13:48
6624,,LOT-20260506-651F-007,,,,Trigo,Germinados,3599,cam1_20260506_190126.jpg,ambient,3601,cam1_20260506_190132.jpg,,1,27.6,42,100,0,0,15,0.0,0.0,0,0.0,1,0.0,0.0,0.0,0.0,0,0,0,,2026-05-07 01:01:33
6636,,LOT-20260506-651F-007,,,,Trigo,Germinados,3603,cam1_20260506_221820.jpg,ambient,3605,cam1_20260506_221824.jpg,,1,26.2,43,100,72,0,15,0.0,0.0,0,0.0,1,1.2,1.2,0.0,0.0,0,0,0,,2026-05-07 04:18:25
6648,,LOT-20260506-651F-007,,,,Trigo,Germinados,3607,cam1_20260506_223319.jpg,ambient,3609,cam1_20260506_223324.jpg,,1,26.3,42,97.2,72,0,15,0.0,0.0,0,0.0,1,1.2,1.2,0.0,0.0,0,0,0,,2026-05-07 04:33:25
6660,,LOT-20260506-651F-007,,,,Trigo,Germinados,3611,cam1_20260506_224820.jpg,ambient,3613,cam1_20260506_224824.jpg,,1,26.2,42,100,72,0,15,0.0,0.0,0,0.0,1,1.2,1.2,0.0,0.0,0,0,0,,2026-05-07 04:48:25
6672,,LOT-20260506-651F-007,,,,Trigo,Germinados,3615,cam1_20260506_230320.jpg,ambient,3617,cam1_20260506_230324.jpg,,1,26.2,43,100,73,0,15,0.0,0.0,0,0.0,1,1.2,1.2,0.0,0.0,0,0,0,,2026-05-07 05:03:25
6684,,LOT-20260506-651F-007,,,,Trigo,Germinados,3619,cam1_20260506_231820.jpg,ambient,3621,cam1_20260506_231824.jpg,,1,26.1,42,98.1,73,0,15,0.0,0.0,0,0.0,1,1.2,1.2,0.0,0.0,0,0,0,,2026-05-07 05:18:25
6696,,LOT-20260506-651F-007,,,,Trigo,Germinados,3623,cam1_20260506_233320.jpg,ambient,3625,cam1_20260506_233324.jpg,,1,26.2,46,99.1,73,0,15,0.0,0.0,0,0.0,1,1.2,1.2,0.0,0.0,0,0,0,,2026-05-07 05:33:25
6708,,LOT-20260506-651F-007,,,,Trigo,Germinados,3627,cam1_20260506_234820.jpg,ambient,3629,cam1_20260506_234824.jpg,,1,26.8,52,100,73,0,15,0.0,0.0,0,0.0,1,1.2,1.2,0.0,0.0,0,0,0,,2026-05-07 05:48:25
6720,,LOT-20260506-651F-007,,,,Trigo,Germinados,3631,cam1_20260507_000320.jpg,ambient,3633,cam1_20260507_000324.jpg,,1,27.2,51,100,73,0,15,0.0,0.0,0,0.0,1,1.2,1.2,0.0,0.0,0,0,0,,2026-05-07 06:03:25
6732,,LOT-20260506-651F-007,,,,Trigo,Germinados,3635,cam1_20260507_001820.jpg,ambient,3637,cam1_20260507_001824.jpg,,1,27.3,54,96.3,73,0,15,0.0,0.0,0,0.0,1,1.2,1.2,0.0,0.0,0,0,0,,2026-05-07 06:18:25
6744,,LOT-20260506-651F-007,,,,Trigo,Germinados,3639,cam1_20260507_003320.jpg,ambient,3641,cam1_20260507_003325.jpg,,1,27.2,53,80.6,73,0,15,0.0,0.0,0,0.0,1,1.2,1.2,0.0,0.0,0,0,0,,2026-05-07 06:33:26
6756,,LOT-20260506-651F-007,,,,Trigo,Germinados,3643,cam1_20260507_004820.jpg,ambient,3645,cam1_20260507_004824.jpg,,1,27.4,53,58,73,0,15,0.0,0.0,0,0.0,1,1.2,1.2,0.0,0.0,0,0,0,,2026-05-07 06:48:25
6768,,LOT-20260506-651F-007,,,,Trigo,Germinados,3647,cam1_20260507_010320.jpg,ambient,3649,cam1_20260507_010324.jpg,,1,27.5,52,100,73,0,15,0.0,0.0,0,0.0,1,1.2,1.2,0.0,0.0,0,0,0,,2026-05-07 07:03:25
6780,,LOT-20260506-651F-007,,,,Trigo,Germinados,3651,cam1_20260507_011820.jpg,ambient,3653,cam1_20260507_011825.jpg,,1,27.5,48,100,73,0,15,0.0,0.0,0,0.0,1,1.2,1.2,0.0,0.0,0,0,0,,2026-05-07 07:18:26
6792,,LOT-20260506-651F-007,,,,Trigo,Germinados,3655,cam1_20260507_013320.jpg,ambient,3657,cam1_20260507_013324.jpg,,1,27.6,50,89.8,73,0,15,0.0,0.0,0,0.0,1,1.2,1.2,0.0,0.0,0,0,0,,2026-05-07 07:33:25
6804,,LOT-20260506-651F-007,,,,Trigo,Germinados,3659,cam1_20260507_014820.jpg,ambient,3661,cam1_20260507_014824.jpg,,1,27.5,51,90.7,73,0,15,0.0,0.0,0,0.0,1,1.2,1.2,0.0,0.0,0,0,0,,2026-05-07 07:48:25
6816,,LOT-20260506-651F-007,,,,Trigo,Germinados,3663,cam1_20260507_020320.jpg,ambient,3665,cam1_20260507_020324.jpg,,1,27.7,52,98.1,73,0,15,0.0,0.0,0,0.0,1,1.2,1.2,0.0,0.0,0,0,0,,2026-05-07 08:03:25
6828,,LOT-20260506-651F-007,,,,Trigo,Germinados,3667,cam1_20260507_021820.jpg,ambient,3669,cam1_20260507_021824.jpg,,1,27.7,49,84.3,73,0,15,0.0,0.0,0,0.0,1,1.2,1.2,0.0,0.0,0,0,0,,2026-05-07 08:18:25
6840,,LOT-20260506-651F-007,,,,Trigo,Germinados,3671,cam1_20260507_023320.jpg,ambient,3673,cam1_20260507_023324.jpg,,1,27.6,51,88,73,0,15,0.0,0.0,0,0.0,1,1.2,1.2,0.0,0.0,0,0,0,,2026-05-07 08:33:25
6852,,LOT-20260506-651F-007,,,,Trigo,Germinados,3675,cam1_20260507_024820.jpg,ambient,3677,cam1_20260507_024824.jpg,,1,27.6,53,90.7,73,0,15,0.0,0.0,0,0.0,1,1.2,1.2,0.0,0.0,0,0,0,,2026-05-07 08:48:25
6864,,LOT-20260506-651F-007,,,,Trigo,Germinados,3679,cam1_20260507_030321.jpg,ambient,3681,cam1_20260507_030324.jpg,,1,27.6,53,87,73,0,15,0.0,0.0,0,0.0,1,1.2,1.2,0.0,0.0,0,0,0,,2026-05-07 09:03:25
6876,,LOT-20260506-651F-007,,,,Trigo,Germinados,3683,cam1_20260507_031820.jpg,ambient,3685,cam1_20260507_031824.jpg,,1,27.6,52,83.3,73,0,15,0.0,0.0,0,0.0,1,1.2,1.2,0.0,0.0,0,0,0,,2026-05-07 09:18:25
6888,,LOT-20260506-651F-007,,,,Trigo,Germinados,3687,cam1_20260507_033320.jpg,ambient,3689,cam1_20260507_033324.jpg,,1,27.6,52,79.6,73,0,15,0.0,0.0,0,0.0,1,1.2,1.2,0.0,0.0,0,0,0,,2026-05-07 09:33:25
6900,,LOT-20260506-651F-007,,,,Trigo,Germinados,3691,cam1_20260507_034820.jpg,ambient,3693,cam1_20260507_034824.jpg,,1,27.6,52,67.9,73,0,15,0.0,0.0,0,0.0,1,1.2,1.2,0.0,0.0,0,0,0,,2026-05-07 09:48:25
6912,,LOT-20260506-651F-007,,,,Trigo,Germinados,3695,cam1_20260507_040320.jpg,ambient,3697,cam1_20260507_040324.jpg,,1,27.6,53,79.6,73,0,15,0.0,0.0,0,0.0,1,1.2,1.2,0.0,0.0,0,0,0,,2026-05-07 10:03:25
6924,,LOT-20260506-651F-007,,,,Trigo,Germinados,3699,cam1_20260507_041820.jpg,ambient,3701,cam1_20260507_041824.jpg,,1,27.8,52,81.5,73,0,15,0.0,0.0,0,0.0,1,1.2,1.2,0.0,0.0,0,0,0,,2026-05-07 10:18:25
6936,,LOT-20260506-651F-007,,,,Trigo,Germinados,3703,cam1_20260507_043320.jpg,ambient,3705,cam1_20260507_043324.jpg,,1,27.5,52,80.6,74,0,15,0.0,0.0,0,0.0,1,1.2,1.2,0.0,0.0,0,0,0,,2026-05-07 10:33:25
6948,,LOT-20260506-651F-007,,,,Trigo,Germinados,3707,cam1_20260507_044820.jpg,ambient,3709,cam1_20260507_044824.jpg,,1,27.8,53,76.9,74,0,15,0.0,0.0,0,0.0,1,1.2,1.2,0.0,0.0,0,0,0,,2026-05-07 10:48:25
6960,,LOT-20260506-651F-007,,,,Trigo,Germinados,3711,cam1_20260507_050320.jpg,ambient,3713,cam1_20260507_050324.jpg,,1,27.9,52,62.5,74,0,15,0.0,0.0,0,0.0,1,1.2,1.2,0.0,0.0,0,0,0,,2026-05-07 11:03:25
6972,,LOT-20260506-651F-007,,,,Trigo,Germinados,3715,cam1_20260507_051820.jpg,ambient,3717,cam1_20260507_051824.jpg,,1,27.6,52,69.6,74,0,15,0.0,0.0,0,0.0,1,1.2,1.2,0.0,0.0,0,0,0,,2026-05-07 11:18:25
6984,,LOT-20260506-651F-007,,,,Trigo,Germinados,3719,cam1_20260507_053321.jpg,ambient,3721,cam1_20260507_053324.jpg,,1,27.9,51,72.3,74,0,15,0.0,0.0,0,0.0,1,1.2,1.2,0.0,0.0,0,0,0,,2026-05-07 11:33:25
6996,,LOT-20260506-651F-007,,,,Trigo,Germinados,3723,cam1_20260507_054820.jpg,ambient,3725,cam1_20260507_054824.jpg,,1,27.2,52,62.5,74,0,15,0.0,0.0,0,0.0,1,1.2,1.2,0.0,0.0,0,0,0,,2026-05-07 11:48:25
7008,,LOT-20260506-651F-007,,,,Trigo,Germinados,3727,cam1_20260507_060320.jpg,ambient,3729,cam1_20260507_060324.jpg,,1,27.2,53,49.5,74,0,15,0.0,0.0,0,0.0,1,1.2,1.2,0.0,0.0,0,0,0,,2026-05-07 12:03:25
7020,,LOT-20260506-651F-007,,,,Trigo,Germinados,3731,cam1_20260507_061920.jpg,ambient,3733,cam1_20260507_061924.jpg,,1,27.7,52,54.5,74,0,15,0.0,0.0,0,0.0,1,1.2,1.2,0.0,0.0,0,0,0,,2026-05-07 12:19:25
7032,,LOT-20260506-651F-007,,,,Trigo,Germinados,3735,cam1_20260507_063420.jpg,ambient,3737,cam1_20260507_063424.jpg,,1,27.2,53,50,74,0,15,0.0,0.0,0,0.0,1,1.2,1.2,0.0,0.0,0,0,0,,2026-05-07 12:34:25
7044,,LOT-20260506-651F-007,,,,Trigo,Germinados,3739,cam1_20260507_064920.jpg,ambient,3741,cam1_20260507_064924.jpg,,1,27.7,53,53.6,74,0,15,0.0,0.0,0,0.0,1,1.2,1.2,0.0,0.0,0,0,0,,2026-05-07 12:49:25
7056,,LOT-20260506-651F-007,,,,Trigo,Germinados,3743,cam1_20260507_070420.jpg,ambient,3745,cam1_20260507_070424.jpg,,1,27.3,54,50,74,0,15,0.0,0.0,0,0.0,1,1.2,1.2,0.0,0.0,0,0,0,,2026-05-07 13:04:25
7068,,LOT-20260506-651F-007,,,,Trigo,Germinados,3747,cam1_20260507_071920.jpg,ambient,3749,cam1_20260507_071924.jpg,,1,27.7,50,49.7,74,0,15,0.0,0.0,0,0.0,1,1.2,1.2,0.0,0.0,0,0,0,,2026-05-07 13:19:25
7080,,LOT-20260506-651F-007,,,,Trigo,Germinados,3751,cam1_20260507_073420.jpg,ambient,3753,cam1_20260507_073424.jpg,,1,27.1,55,49.5,74,0,15,0.0,0.0,0,0.0,1,1.2,1.2,0.0,0.0,0,0,0,,2026-05-07 13:34:25
7092,,LOT-20260506-651F-007,,,,Trigo,Germinados,3755,cam1_20260507_074920.jpg,ambient,3757,cam1_20260507_074924.jpg,,1,27.6,53,48.4,74,0,15,0.0,0.0,0,0.0,1,1.2,1.2,0.0,0.0,0,0,0,,2026-05-07 13:49:25
7104,,LOT-20260506-651F-007,,,,Trigo,Germinados,3759,cam1_20260507_080420.jpg,ambient,3761,cam1_20260507_080426.jpg,,1,27.6,50,47.3,78,0,15,0.0,0.0,0,0.0,1,1.3,1.3,0.0,0.0,0,0,0,,2026-05-07 14:04:27
7116,,LOT-20260506-651F-007,,,,Trigo,Germinados,3763,cam1_20260507_081920.jpg,ambient,3765,cam1_20260507_081924.jpg,,1,28.1,49,49.6,93,0,15,0.0,0.0,0,0.0,1,1.6,1.6,0.0,0.0,0,0,0,,2026-05-07 14:19:25
7128,,LOT-20260506-651F-007,,,,Trigo,Germinados,3767,cam1_20260507_083420.jpg,ambient,3769,cam1_20260507_083424.jpg,,1,28.3,49,48.7,108,0,15,0.0,0.0,0,0.0,1,1.8,1.8,0.0,0.0,0,0,0,,2026-05-07 14:34:25
7140,,LOT-20260506-651F-007,,,,Trigo,Germinados,3771,cam1_20260507_084920.jpg,ambient,3773,cam1_20260507_084924.jpg,,1,28.4,47,48.5,123,0,15,0.0,0.0,0,0.0,1,2.0,2.0,0.0,0.0,0,0,0,,2026-05-07 14:49:25
7152,,LOT-20260506-651F-007,,,,Trigo,Germinados,3775,cam1_20260507_090446.jpg,ambient,3777,cam1_20260507_090452.jpg,,1,28.5,44,49.5,138,0,15,0.0,0.0,0,0.0,1,2.3,2.3,0.0,0.0,0,0,0,,2026-05-07 15:04:53
7164,,LOT-20260506-651F-007,,,,Trigo,Germinados,3779,cam1_20260507_091945.jpg,ambient,3781,cam1_20260507_091951.jpg,,1,28.7,44,45.2,153,0,15,0.0,0.0,0,0.0,1,2.5,2.5,0.0,0.0,0,0,0,,2026-05-07 15:19:52
7176,,LOT-20260506-651F-007,,,,Trigo,Germinados,3783,cam1_20260507_093445.jpg,ambient,3785,cam1_20260507_093451.jpg,,1,28.4,39,44.8,168,0,15,0.0,0.0,0,0.0,1,2.8,2.8,0.0,0.0,0,0,0,,2026-05-07 15:34:52
7188,,LOT-20260506-651F-007,,,,Trigo,Germinados,3787,cam1_20260507_094945.jpg,ambient,3789,cam1_20260507_094951.jpg,,1,28.8,40,44.9,183,0,15,0.0,0.0,0,0.0,1,3.0,3.0,0.0,0.0,0,0,0,,2026-05-07 15:49:52
7200,,LOT-20260506-651F-007,,,,Trigo,Germinados,3791,cam1_20260507_100446.jpg,ambient,3793,cam1_20260507_100451.jpg,,1,29,40,46.1,198,0,15,0.0,0.0,0,0.0,1,3.3,3.3,0.0,0.0,0,0,0,,2026-05-07 16:04:52
7212,,LOT-20260506-651F-007,,,,Trigo,Germinados,3795,cam1_20260507_101945.jpg,ambient,3797,cam1_20260507_101951.jpg,,1,28.5,42,44.5,213,0,15,0.0,0.0,0,0.0,1,3.5,3.5,0.0,0.0,0,0,0,,2026-05-07 16:19:52
7224,,LOT-20260506-651F-007,,,,Trigo,Germinados,3799,cam1_20260507_103445.jpg,ambient,3801,cam1_20260507_103451.jpg,,1,28.9,39,43.3,227,0,15,0.0,0.0,0,0.0,1,3.8,3.8,0.0,0.0,0,0,0,,2026-05-07 16:34:52
7236,,LOT-20260506-651F-007,,,,Trigo,Germinados,3803,cam1_20260507_104945.jpg,ambient,3805,cam1_20260507_104951.jpg,,1,28.8,40,43.7,242,0,15,0.0,0.0,0,0.0,1,4.0,4.0,0.0,0.0,0,0,0,,2026-05-07 16:49:52
7248,,LOT-20260506-651F-007,,,,Trigo,Germinados,3807,cam1_20260507_110445.jpg,ambient,3809,cam1_20260507_110451.jpg,,1,29.2,42,44.6,257,0,15,0.0,0.0,0,0.0,1,4.3,4.3,0.0,0.0,0,0,0,,2026-05-07 17:04:52
7260,,LOT-20260506-651F-007,,,,Trigo,Germinados,3811,cam1_20260507_112142.jpg,ambient,3813,cam1_20260507_112148.jpg,,1,28.9,42,45.8,274,0,15,0.0,0.0,0,0.0,1,4.6,4.6,0.0,0.0,0,0,0,,2026-05-07 17:21:49
7272,,LOT-20260506-651F-007,,,,Trigo,Germinados,3815,cam1_20260507_113703.jpg,ambient,3817,cam1_20260507_113708.jpg,,1,29.1,44,47.5,289,0,15,0.0,0.0,0,0.0,1,4.8,4.8,0.0,0.0,0,0,0,,2026-05-07 17:37:09
7284,,LOT-20260506-651F-007,,,,Trigo,Germinados,3819,cam1_20260507_115203.jpg,ambient,3821,cam1_20260507_115208.jpg,,1,29.3,45,47,304,0,15,0.0,0.0,0,0.0,1,5.1,5.1,0.0,0.0,0,0,0,,2026-05-07 17:52:09
7296,,LOT-20260506-651F-007,,,,Trigo,Germinados,3823,cam1_20260507_120723.jpg,ambient,3825,cam1_20260507_120728.jpg,,1,29.4,48,46.3,319,0,15,0.0,0.0,0,0.0,1,5.3,5.3,0.0,0.0,0,0,0,,2026-05-07 18:07:30
7308,,LOT-20260506-651F-007,,,,Trigo,Germinados,3827,cam1_20260507_122223.jpg,ambient,3829,cam1_20260507_122228.jpg,,1,29.6,47,44.7,334,0,15,0.0,0.0,0,0.0,1,5.6,5.6,0.0,0.0,0,0,0,,2026-05-07 18:22:30
7320,,LOT-20260506-651F-007,,,,Trigo,Germinados,3831,cam1_20260507_123739.jpg,ambient,3833,cam1_20260507_123744.jpg,,1,28.7,37,100,350,0,15,0.0,0.0,0,0.0,1,5.8,5.8,0.0,0.0,0,0,0,,2026-05-07 18:37:45
7332,,LOT-20260506-651F-007,,,,Trigo,Germinados,3835,cam1_20260507_125239.jpg,ambient,3837,cam1_20260507_125243.jpg,,1,28.2,37,100,364,0,15,0.0,0.0,0,0.0,1,6.1,6.1,0.0,0.0,0,0,0,,2026-05-07 18:52:44
7344,,LOT-20260506-651F-007,,,,Trigo,Germinados,3839,cam1_20260507_130739.jpg,ambient,3841,cam1_20260507_130744.jpg,,1,27.8,35,100,379,0,15,0.0,0.0,0,0.0,1,6.3,6.3,0.0,0.0,0,0,0,,2026-05-07 19:07:44
7356,,LOT-20260506-651F-007,,,,Trigo,Germinados,3843,cam1_20260507_132239.jpg,ambient,3845,cam1_20260507_132243.jpg,,1,27.8,36,100,394,0,15,0.0,0.0,0,0.0,1,6.6,6.6,0.0,0.0,0,0,0,,2026-05-07 19:22:44
7368,,LOT-20260506-651F-007,,,,Trigo,Germinados,3847,cam1_20260507_133739.jpg,ambient,3849,cam1_20260507_133744.jpg,,1,27.8,35,100,409,0,15,0.0,0.0,0,0.0,1,6.8,6.8,0.0,0.0,0,0,0,,2026-05-07 19:37:44
7380,,LOT-20260506-651F-007,,,,Trigo,Germinados,3851,cam1_20260507_135239.jpg,ambient,3853,cam1_20260507_135244.jpg,,1,27.6,36,100,424,0,15,0.0,0.0,0,0.0,1,7.1,7.1,0.0,0.0,0,0,0,,2026-05-07 19:52:45
7392,,LOT-20260506-651F-007,,,,Trigo,Germinados,3855,cam1_20260507_140739.jpg,ambient,3857,cam1_20260507_140743.jpg,,1,27.8,36,100,439,0,15,0.0,0.0,0,0.0,1,7.3,7.3,0.0,0.0,0,0,0,,2026-05-07 20:07:44
7404,,LOT-20260506-651F-007,,,,Trigo,Germinados,3859,cam1_20260507_142239.jpg,ambient,3861,cam1_20260507_142243.jpg,,1,27.5,36,100,454,0,15,0.0,0.0,0,0.0,1,7.6,7.6,0.0,0.0,0,0,0,,2026-05-07 20:22:45
7416,,LOT-20260506-651F-007,,,,Trigo,Germinados,3863,cam1_20260507_143739.jpg,ambient,3865,cam1_20260507_143743.jpg,,1,27.6,34,100,469,0,15,0.0,0.0,0,0.0,1,7.8,7.8,0.0,0.0,0,0,0,,2026-05-07 20:37:44
7428,,LOT-20260506-651F-007,,,,Trigo,Germinados,3867,cam1_20260507_145239.jpg,ambient,3869,cam1_20260507_145243.jpg,,1,27.3,35,100,484,0,15,0.0,0.0,0,0.0,1,8.1,8.1,0.0,0.0,0,0,0,,2026-05-07 20:52:44
7440,,LOT-20260506-651F-007,,,,Trigo,Germinados,3871,cam1_20260507_150739.jpg,ambient,3873,cam1_20260507_150743.jpg,,1,27.2,35,100,499,0,15,0.0,0.0,0,0.0,2,8.3,4.2,0.0,0.0,0,0,0,,2026-05-07 21:07:44
7452,,LOT-20260506-651F-007,,,,Trigo,Germinados,3875,cam1_20260507_152239.jpg,ambient,3877,cam1_20260507_152243.jpg,,1,27.4,34,100,514,0,15,0.0,0.0,0,0.0,2,8.6,4.3,0.0,0.0,0,0,0,,2026-05-07 21:22:44
7464,,LOT-20260506-651F-007,,,,Trigo,Germinados,3879,cam1_20260507_153739.jpg,ambient,3881,cam1_20260507_153744.jpg,,1,27.5,36,100,529,0,15,0.0,0.0,0,0.0,2,8.8,4.4,0.0,0.0,0,0,0,,2026-05-07 21:37:45
7476,,LOT-20260506-651F-007,,,,Trigo,Germinados,3883,cam1_20260507_155239.jpg,ambient,3885,cam1_20260507_155243.jpg,,1,27.2,35,100,544,0,15,0.0,0.0,0,0.0,2,9.1,4.5,0.0,0.0,0,0,0,,2026-05-07 21:52:44
7488,,LOT-20260506-651F-007,,,,Trigo,Germinados,3887,cam1_20260507_160739.jpg,ambient,3889,cam1_20260507_160744.jpg,,1,27.1,34,100,559,0,15,0.0,0.0,0,0.0,2,9.3,4.7,0.0,0.0,0,0,0,,2026-05-07 22:07:44
7500,,LOT-20260506-651F-007,,,,Trigo,Germinados,3891,cam1_20260507_162240.jpg,ambient,3893,cam1_20260507_162245.jpg,,1,27.2,34,100,573,0,15,0.0,0.0,0,0.0,2,9.6,4.8,0.0,0.0,0,0,0,,2026-05-07 22:22:46
7512,,LOT-20260506-651F-007,,,,Trigo,Germinados,3895,cam1_20260507_163741.jpg,ambient,3897,cam1_20260507_163746.jpg,,1,27.3,36,100,588,0,15,0.0,0.0,0,0.0,2,9.8,4.9,0.0,0.0,0,0,0,,2026-05-07 22:37:47
7524,,LOT-20260506-651F-007,,,,Trigo,Germinados,3899,cam1_20260507_165240.jpg,ambient,3901,cam1_20260507_165245.jpg,,1,27.5,37,48.6,603,0,15,0.0,0.0,0,0.0,2,10.1,5.0,0.0,0.0,0,0,0,,2026-05-07 22:52:46
7536,,LOT-20260506-651F-007,,,,Trigo,Germinados,3903,cam1_20260507_170740.jpg,ambient,3905,cam1_20260507_170747.jpg,,1,27.3,37,73.2,618,0,15,0.0,0.0,0,0.0,2,10.3,5.2,0.0,0.0,0,0,0,,2026-05-07 23:07:49
7548,,LOT-20260506-651F-007,,,,Trigo,Germinados,3907,cam1_20260507_172241.jpg,ambient,3909,cam1_20260507_172245.jpg,,1,27.4,35,44.6,633,0,15,0.0,0.0,0,0.0,2,10.6,5.3,0.0,0.0,0,0,0,,2026-05-07 23:22:46
7560,,LOT-20260506-651F-007,,,,Trigo,Germinados,3911,cam1_20260507_173740.jpg,ambient,3913,cam1_20260507_173745.jpg,,1,27.1,35,70.5,648,0,15,0.0,0.0,0,0.0,2,10.8,5.4,0.0,0.0,0,0,0,,2026-05-07 23:37:46
7572,,LOT-20260506-651F-007,,,,Trigo,Germinados,3915,cam1_20260507_175240.jpg,ambient,3917,cam1_20260507_175245.jpg,,1,27,37,49.9,663,0,15,0.0,0.0,0,0.0,2,11.1,5.5,0.0,0.0,0,0,0,,2026-05-07 23:52:47
7584,,LOT-20260506-651F-007,,,,Trigo,Germinados,3919,cam1_20260507_191330.jpg,ambient,3921,cam1_20260507_191335.jpg,,1,25.8,38,58.9,744,0,15,0.0,0.0,0,0.0,2,12.4,6.2,0.0,0.0,0,0,0,,2026-05-08 01:13:36
7596,,LOT-20260506-651F-007,,,,Trigo,Germinados,3923,cam1_20260507_192830.jpg,ambient,3925,cam1_20260507_192835.jpg,,1,27,42,91.7,759,0,15,0.0,0.0,0,0.0,2,12.7,6.3,0.0,0.0,0,0,0,,2026-05-08 01:28:36
7608,,LOT-20260506-651F-007,,,,Trigo,Germinados,3927,cam1_20260507_194330.jpg,ambient,3929,cam1_20260507_194335.jpg,,1,27.6,41,97.2,773,0,15,0.0,0.0,0,0.0,2,12.9,6.4,0.0,0.0,0,0,0,,2026-05-08 01:43:36
7620,,LOT-20260506-651F-007,,,,Trigo,Germinados,3931,cam1_20260507_195830.jpg,ambient,3933,cam1_20260507_195835.jpg,,1,28,41,94.4,788,0,15,0.0,0.0,0,0.0,2,13.1,6.6,0.0,0.0,0,0,0,,2026-05-08 01:58:36
7632,,LOT-20260506-651F-007,,,,Trigo,Germinados,3935,cam1_20260507_201330.jpg,ambient,3937,cam1_20260507_201335.jpg,,1,27.8,39,91.7,790,0,15,0.0,0.0,0,0.0,2,13.2,6.6,0.0,0.0,0,0,0,,2026-05-08 02:13:36
7644,,LOT-20260506-651F-007,,,,Trigo,Germinados,3939,cam1_20260507_202830.jpg,ambient,3941,cam1_20260507_202835.jpg,,1,27.7,40,91.7,790,0,15,0.0,0.0,0,0.0,2,13.2,6.6,0.0,0.0,0,0,0,,2026-05-08 02:28:36
7656,,LOT-20260506-651F-007,,,,Trigo,Germinados,3943,cam1_20260507_204330.jpg,ambient,3945,cam1_20260507_204335.jpg,,1,27.8,43,90.7,790,0,15,0.0,0.0,0,0.0,2,13.2,6.6,0.0,0.0,0,0,0,,2026-05-08 02:43:36
7668,,LOT-20260506-651F-007,,,,Trigo,Germinados,3947,cam1_20260507_205830.jpg,ambient,3949,cam1_20260507_205835.jpg,,1,27.6,45,85.2,790,0,15,0.0,0.0,0,0.0,2,13.2,6.6,0.0,0.0,0,0,0,,2026-05-08 02:58:36
7680,,LOT-20260506-651F-007,,,,Trigo,Germinados,3951,cam1_20260507_211330.jpg,ambient,3953,cam1_20260507_211335.jpg,,1,27.6,51,90.7,790,0,15,0.0,0.0,0,0.0,2,13.2,6.6,0.0,0.0,0,0,0,,2026-05-08 03:13:36
7692,,LOT-20260506-651F-007,,,,Trigo,Germinados,3955,cam1_20260507_212830.jpg,ambient,3957,cam1_20260507_212836.jpg,,1,27.5,42,79.6,790,0,15,0.0,0.0,0,0.0,2,13.2,6.6,0.0,0.0,0,0,0,,2026-05-08 03:28:37
7699,,LOT-20260506-651F-007,,,,Trigo,Germinados,3958,cam1_20260507_224844.jpg,ambient,3960,cam1_20260507_224847.jpg,,1,26.7,50,68.8,791,0,15,0.0,0.0,0,0.0,2,13.2,6.6,0.0,0.0,0,0,0,,2026-05-08 04:48:48
7711,,LOT-20260506-651F-007,,,,Trigo,Germinados,3962,cam1_20260507_230344.jpg,ambient,3964,cam1_20260507_230347.jpg,,1,27,56,74.1,791,0,15,0.0,0.0,0,0.0,2,13.2,6.6,0.0,0.0,0,0,0,,2026-05-08 05:03:48
7728,,LOT-20260506-651F-007,,,,Trigo,Germinados,3967,cam1_20260507_231844.jpg,ambient,3969,cam1_20260507_231849.jpg,,1,27.2,55,69.6,791,0,15,0.0,0.0,0,0.0,2,13.2,6.6,0.0,0.0,0,0,0,,2026-05-08 05:18:50
7735,,LOT-20260506-651F-007,,,,Trigo,Germinados,3970,cam1_20260507_233344.jpg,ambient,3972,cam1_20260507_233347.jpg,,1,27.3,56,49,792,0,15,0.0,0.0,0,0.0,2,13.2,6.6,0.0,0.0,0,0,0,,2026-05-08 05:33:48
7752,,LOT-20260506-651F-007,,,,Trigo,Germinados,3975,cam1_20260507_234844.jpg,ambient,3977,cam1_20260507_234849.jpg,,1,27.4,56,70.5,792,0,15,0.0,0.0,0,0.0,2,13.2,6.6,0.0,0.0,0,0,0,,2026-05-08 05:48:50
7764,,LOT-20260506-651F-007,,,,Trigo,Germinados,3979,cam1_20260508_000344.jpg,ambient,3981,cam1_20260508_000349.jpg,,1,27.5,55,48.9,792,0,15,0.0,0.0,0,0.0,2,13.2,6.6,0.0,0.0,0,0,0,,2026-05-08 06:03:50
7771,,LOT-20260506-651F-007,,,,Trigo,Germinados,3982,cam1_20260508_001844.jpg,ambient,3984,cam1_20260508_001847.jpg,,1,27.6,56,48.4,792,0,15,0.0,0.0,0,0.0,2,13.2,6.6,0.0,0.0,0,0,0,,2026-05-08 06:18:48
7788,,LOT-20260506-651F-007,,,,Trigo,Germinados,3987,cam1_20260508_003345.jpg,ambient,3989,cam1_20260508_003350.jpg,,1,27.6,56,59.8,792,0,15,0.0,0.0,0,0.0,2,13.2,6.6,0.0,0.0,0,0,0,,2026-05-08 06:33:51
7795,,LOT-20260506-651F-007,,,,Trigo,Germinados,3990,cam1_20260508_004844.jpg,ambient,3992,cam1_20260508_004847.jpg,,1,27.5,57,49.4,792,0,15,0.0,0.0,0,0.0,2,13.2,6.6,0.0,0.0,0,0,0,,2026-05-08 06:48:48
7812,,LOT-20260506-651F-007,,,,Trigo,Germinados,3995,cam1_20260508_010345.jpg,ambient,3997,cam1_20260508_010349.jpg,,1,27.6,52,48.6,792,0,15,0.0,0.0,0,0.0,2,13.2,6.6,0.0,0.0,0,0,0,,2026-05-08 07:03:50
7819,,LOT-20260506-651F-007,,,,Trigo,Germinados,3998,cam1_20260508_011844.jpg,ambient,4000,cam1_20260508_011847.jpg,,1,27.5,54,56.3,792,0,15,0.0,0.0,0,0.0,2,13.2,6.6,0.0,0.0,0,0,0,,2026-05-08 07:18:48
7831,,LOT-20260506-651F-007,,,,Trigo,Germinados,4002,cam1_20260508_013344.jpg,ambient,4004,cam1_20260508_013347.jpg,,1,27.6,55,56.3,792,0,15,0.0,0.0,0,0.0,2,13.2,6.6,0.0,0.0,0,0,0,,2026-05-08 07:33:48
7843,,LOT-20260506-651F-007,,,,Trigo,Germinados,4006,cam1_20260508_014844.jpg,ambient,4008,cam1_20260508_014847.jpg,,1,27.5,56,54.5,792,0,15,0.0,0.0,0,0.0,2,13.2,6.6,0.0,0.0,0,0,0,,2026-05-08 07:48:48
7860,,LOT-20260506-651F-007,,,,Trigo,Germinados,4011,cam1_20260508_020344.jpg,ambient,4013,cam1_20260508_020349.jpg,,1,27.6,55,48,792,0,15,0.0,0.0,0,0.0,2,13.2,6.6,0.0,0.0,0,0,0,,2026-05-08 08:03:50
7867,,LOT-20260506-651F-007,,,,Trigo,Germinados,4014,cam1_20260508_021844.jpg,ambient,4016,cam1_20260508_021847.jpg,,1,27.5,53,47.5,792,0,15,0.0,0.0,0,0.0,2,13.2,6.6,0.0,0.0,0,0,0,,2026-05-08 08:18:48
7884,,LOT-20260506-651F-007,,,,Trigo,Germinados,4019,cam1_20260508_023344.jpg,ambient,4021,cam1_20260508_023349.jpg,,1,27.6,55,47.8,792,0,15,0.0,0.0,0,0.0,2,13.2,6.6,0.0,0.0,0,0,0,,2026-05-08 08:33:50
7891,,LOT-20260506-651F-007,,,,Trigo,Germinados,4022,cam1_20260508_024844.jpg,ambient,4024,cam1_20260508_024847.jpg,,1,27.6,55,51.8,792,0,15,0.0,0.0,0,0.0,2,13.2,6.6,0.0,0.0,0,0,0,,2026-05-08 08:48:48
7903,,LOT-20260506-651F-007,,,,Trigo,Germinados,4026,cam1_20260508_030344.jpg,ambient,4028,cam1_20260508_030347.jpg,,1,27.6,54,49.5,792,0,15,0.0,0.0,0,0.0,2,13.2,6.6,0.0,0.0,0,0,0,,2026-05-08 09:03:48
7920,,LOT-20260506-651F-007,,,,Trigo,Germinados,4031,cam1_20260508_031844.jpg,ambient,4033,cam1_20260508_031849.jpg,,1,27.6,53,49.6,792,0,15,0.0,0.0,0,0.0,2,13.2,6.6,0.0,0.0,0,0,0,,2026-05-08 09:18:50
7927,,LOT-20260506-651F-007,,,,Trigo,Germinados,4034,cam1_20260508_033344.jpg,ambient,4036,cam1_20260508_033347.jpg,,1,27.6,55,48.4,792,0,15,0.0,0.0,0,0.0,2,13.2,6.6,0.0,0.0,0,0,0,,2026-05-08 09:33:48
7939,,LOT-20260506-651F-007,,,,Trigo,Germinados,4038,cam1_20260508_034844.jpg,ambient,4040,cam1_20260508_034847.jpg,,1,27.6,54,48.5,792,0,15,0.0,0.0,0,0.0,2,13.2,6.6,0.0,0.0,0,0,0,,2026-05-08 09:48:48
7956,,LOT-20260506-651F-007,,,,Trigo,Germinados,4043,cam1_20260508_040344.jpg,ambient,4045,cam1_20260508_040349.jpg,,1,27.5,53,49.1,792,0,15,0.0,0.0,0,0.0,2,13.2,6.6,0.0,0.0,0,0,0,,2026-05-08 10:03:50
7963,,LOT-20260506-651F-007,,,,Trigo,Germinados,4046,cam1_20260508_041844.jpg,ambient,4048,cam1_20260508_041847.jpg,,1,27.6,54,48.2,792,0,15,0.0,0.0,0,0.0,2,13.2,6.6,0.0,0.0,0,0,0,,2026-05-08 10:18:48
7975,,LOT-20260506-651F-007,,,,Trigo,Germinados,4050,cam1_20260508_043344.jpg,ambient,4052,cam1_20260508_043347.jpg,,1,27.5,55,48.1,792,0,15,0.0,0.0,0,0.0,2,13.2,6.6,0.0,0.0,0,0,0,,2026-05-08 10:33:48
7987,,LOT-20260506-651F-007,,,,Trigo,Germinados,4054,cam1_20260508_044844.jpg,ambient,4056,cam1_20260508_044847.jpg,,1,27.6,54,47.5,792,0,15,0.0,0.0,0,0.0,2,13.2,6.6,0.0,0.0,0,0,0,,2026-05-08 10:48:48
7999,,LOT-20260506-651F-007,,,,Trigo,Germinados,4058,cam1_20260508_050344.jpg,ambient,4060,cam1_20260508_050347.jpg,,1,27.5,54,47.8,792,0,15,0.0,0.0,0,0.0,2,13.2,6.6,0.0,0.0,0,0,0,,2026-05-08 11:03:48
8011,,LOT-20260506-651F-007,,,,Trigo,Germinados,4062,cam1_20260508_051844.jpg,ambient,4064,cam1_20260508_051847.jpg,,1,27.5,53,47.9,793,0,15,0.0,0.0,0,0.0,2,13.2,6.6,0.0,0.0,0,0,0,,2026-05-08 11:18:48
8023,,LOT-20260506-651F-007,,,,Trigo,Germinados,4066,cam1_20260508_053344.jpg,ambient,4068,cam1_20260508_053347.jpg,,1,27.5,53,47.7,793,0,15,0.0,0.0,0,0.0,2,13.2,6.6,0.0,0.0,0,0,0,,2026-05-08 11:33:48
8040,,LOT-20260506-651F-007,,,,Trigo,Germinados,4071,cam1_20260508_054844.jpg,ambient,4073,cam1_20260508_054849.jpg,,1,27.5,54,47.9,793,0,15,0.0,0.0,0,0.0,2,13.2,6.6,0.0,0.0,0,0,0,,2026-05-08 11:48:50
8052,,LOT-20260506-651F-007,,,,Trigo,Germinados,4075,cam1_20260508_060344.jpg,ambient,4077,cam1_20260508_060349.jpg,,1,27.5,55,47.5,793,0,15,0.0,0.0,0,0.0,2,13.2,6.6,0.0,0.0,0,0,0,,2026-05-08 12:03:50
8064,,LOT-20260506-651F-007,,,,Trigo,Germinados,4079,cam1_20260508_061844.jpg,ambient,4081,cam1_20260508_061849.jpg,,1,27.5,54,47.5,793,0,15,0.0,0.0,0,0.0,2,13.2,6.6,0.0,0.0,0,0,0,,2026-05-08 12:18:50
8071,,LOT-20260506-651F-007,,,,Trigo,Germinados,4082,cam1_20260508_063344.jpg,ambient,4084,cam1_20260508_063347.jpg,,1,27.5,52,47.2,793,0,15,0.0,0.0,0,0.0,2,13.2,6.6,0.0,0.0,0,0,0,,2026-05-08 12:33:48
8083,,LOT-20260506-651F-007,,,,Trigo,Germinados,4086,cam1_20260508_064844.jpg,ambient,4088,cam1_20260508_064847.jpg,,1,27.5,50,46.7,793,0,15,0.0,0.0,0,0.0,2,13.2,6.6,0.0,0.0,0,0,0,,2026-05-08 12:48:48
8100,,LOT-20260506-651F-007,,,,Trigo,Germinados,4091,cam1_20260508_070344.jpg,ambient,4093,cam1_20260508_070349.jpg,,1,27.3,51,47,793,0,15,0.0,0.0,0,0.0,2,13.2,6.6,0.0,0.0,0,0,0,,2026-05-08 13:03:50
8112,,LOT-20260506-651F-007,,,,Trigo,Germinados,4095,cam1_20260508_071844.jpg,ambient,4097,cam1_20260508_071849.jpg,,1,27.2,51,46.5,793,0,15,0.0,0.0,0,0.0,2,13.2,6.6,0.0,0.0,0,0,0,,2026-05-08 13:18:50
8124,,LOT-20260506-651F-007,,,,Trigo,Germinados,4099,cam1_20260508_073344.jpg,ambient,4101,cam1_20260508_073349.jpg,,1,27.2,51,46.4,793,0,15,0.0,0.0,0,0.0,2,13.2,6.6,0.0,0.0,0,0,0,,2026-05-08 13:33:50
8131,,LOT-20260506-651F-007,,,,Trigo,Germinados,4102,cam1_20260508_074844.jpg,ambient,4104,cam1_20260508_074847.jpg,,1,27.2,53,45.7,793,0,15,0.0,0.0,0,0.0,2,13.2,6.6,0.0,0.0,0,0,0,,2026-05-08 13:48:48
8148,,LOT-20260506-651F-007,,,,Trigo,Germinados,4107,cam1_20260508_080344.jpg,ambient,4109,cam1_20260508_080349.jpg,,1,27.4,52,45.8,797,0,15,0.0,0.0,0,0.0,2,13.3,6.6,0.0,0.0,0,0,0,,2026-05-08 14:03:50
8160,,LOT-20260506-651F-007,,,,Trigo,Germinados,4111,cam1_20260508_081844.jpg,ambient,4113,cam1_20260508_081849.jpg,,1,27.7,49,44.7,811,0,15,0.0,0.0,0,0.0,2,13.5,6.8,0.0,0.0,0,0,0,,2026-05-08 14:18:50
8172,,LOT-20260506-651F-007,,,,Trigo,Germinados,4115,cam1_20260508_083345.jpg,ambient,4117,cam1_20260508_083349.jpg,,1,28,50,44.6,826,0,15,0.0,0.0,0,0.0,2,13.8,6.9,0.0,0.0,0,0,0,,2026-05-08 14:33:50
8184,,LOT-20260506-651F-007,,,,Trigo,Germinados,4119,cam1_20260508_084844.jpg,ambient,4121,cam1_20260508_084849.jpg,,1,28.5,49,44.5,841,0,15,0.0,0.0,0,0.0,2,14.0,7.0,0.0,0.0,0,0,0,,2026-05-08 14:48:50
8196,,LOT-20260506-651F-007,,,,Trigo,Germinados,4123,cam1_20260508_090344.jpg,ambient,4125,cam1_20260508_090349.jpg,,1,28.8,49,44.6,856,0,15,0.0,0.0,0,0.0,2,14.3,7.1,0.0,0.0,0,0,0,,2026-05-08 15:03:50
8208,,LOT-20260506-651F-007,,,,Trigo,Germinados,4127,cam1_20260508_091845.jpg,ambient,4129,cam1_20260508_091849.jpg,,1,28.8,42,44.3,871,0,15,0.0,0.0,0,0.0,2,14.5,7.3,0.0,0.0,0,0,0,,2026-05-08 15:18:50
8220,,LOT-20260506-651F-007,,,,Trigo,Germinados,4131,cam1_20260508_093345.jpg,ambient,4133,cam1_20260508_093349.jpg,,1,28.7,42,44.3,886,0,15,0.0,0.0,0,0.0,2,14.8,7.4,0.0,0.0,0,0,0,,2026-05-08 15:33:50
8232,,LOT-20260506-651F-007,,,,Trigo,Germinados,4135,cam1_20260508_094845.jpg,ambient,4137,cam1_20260508_094849.jpg,,1,28.7,41,43.8,901,0,15,0.0,0.0,0,0.0,2,15.0,7.5,0.0,0.0,0,0,0,,2026-05-08 15:48:50
8244,,LOT-20260506-651F-007,,,,Trigo,Germinados,4139,cam1_20260508_100345.jpg,ambient,4141,cam1_20260508_100349.jpg,,1,28.8,41,42.9,916,0,15,0.0,0.0,0,0.0,2,15.3,7.6,0.0,0.0,0,0,0,,2026-05-08 16:03:50
8256,,LOT-20260506-651F-007,,,,Trigo,Germinados,4143,cam1_20260508_101845.jpg,ambient,4145,cam1_20260508_101849.jpg,,1,28.9,42,44.1,931,0,15,0.0,0.0,0,0.0,2,15.5,7.8,0.0,0.0,0,0,0,,2026-05-08 16:18:50
8268,,LOT-20260506-651F-007,,,,Trigo,Germinados,4147,cam1_20260508_103345.jpg,ambient,4149,cam1_20260508_103349.jpg,,1,28.7,40,43.2,946,0,15,0.0,0.0,0,0.0,2,15.8,7.9,0.0,0.0,0,0,0,,2026-05-08 16:33:50
8280,,LOT-20260506-651F-007,,,,Trigo,Germinados,4151,cam1_20260508_104845.jpg,ambient,4153,cam1_20260508_104849.jpg,,1,28.1,39,42.5,961,0,15,0.0,0.0,0,0.0,2,16.0,8.0,0.0,0.0,0,0,0,,2026-05-08 16:48:50
8292,,LOT-20260506-651F-007,,,,Trigo,Germinados,4155,cam1_20260508_110345.jpg,ambient,4157,cam1_20260508_110349.jpg,,1,27.8,38,41.9,975,0,15,0.0,0.0,0,0.0,2,16.3,8.1,0.0,0.0,0,0,0,,2026-05-08 17:03:50
8304,,LOT-20260506-651F-007,,,,Trigo,Germinados,4159,cam1_20260508_111845.jpg,ambient,4161,cam1_20260508_111849.jpg,,1,27.6,36,41.7,990,0,15,0.0,0.0,0,0.0,2,16.5,8.3,0.0,0.0,0,0,0,,2026-05-08 17:18:50
8316,,LOT-20260506-651F-007,,,,Trigo,Germinados,4163,cam1_20260508_113345.jpg,ambient,4165,cam1_20260508_113350.jpg,,1,27.4,37,61.6,1005,0,15,0.0,0.0,0,0.0,2,16.8,8.4,0.0,0.0,0,0,0,,2026-05-08 17:33:52
8323,,LOT-20260506-651F-007,,,,Trigo,Germinados,4166,cam1_20260508_114845.jpg,ambient,4168,cam1_20260508_114848.jpg,,1,27.3,39,52.7,1020,0,15,0.0,0.0,0,0.0,2,17.0,8.5,0.0,0.0,0,0,0,,2026-05-08 17:48:49
8340,,LOT-20260506-651F-007,,,,Trigo,Germinados,4171,cam1_20260508_120344.jpg,ambient,4173,cam1_20260508_120349.jpg,,1,27.4,39,100,1035,0,15,0.0,0.0,0,0.0,2,17.3,8.6,0.0,0.0,0,0,0,,2026-05-08 18:03:50
8352,,LOT-20260506-651F-007,,,,Trigo,Germinados,4175,cam1_20260508_121845.jpg,ambient,4177,cam1_20260508_121849.jpg,,1,27.2,39,100,1050,0,15,0.0,0.0,0,0.0,2,17.5,8.8,0.0,0.0,0,0,0,,2026-05-08 18:18:50
8364,,LOT-20260506-651F-007,,,,Trigo,Germinados,4179,cam1_20260508_123420.jpg,ambient,4181,cam1_20260508_123425.jpg,,1,27.3,37,83.3,1065,0,15,0.0,0.0,0,0.0,2,17.8,8.9,0.0,0.0,0,0,0,,2026-05-08 18:34:26
8376,,LOT-20260506-651F-007,,,,Trigo,Germinados,4183,cam1_20260508_124920.jpg,ambient,4185,cam1_20260508_124925.jpg,,1,27.5,36,100,1080,0,15,0.0,0.0,0,0.0,2,18.0,9.0,0.0,0.0,0,0,0,,2026-05-08 18:49:26
8388,,LOT-20260506-651F-007,,,,Trigo,Germinados,4187,cam1_20260508_130420.jpg,ambient,4189,cam1_20260508_130425.jpg,,1,27.4,37,77.8,1095,0,15,0.0,0.0,0,0.0,2,18.3,9.1,0.0,0.0,0,0,0,,2026-05-08 19:04:26
8400,,LOT-20260506-651F-007,,,,Trigo,Germinados,4191,cam1_20260508_131920.jpg,ambient,4193,cam1_20260508_131925.jpg,,1,27.2,37,100,1110,0,15,0.0,0.0,0,0.0,2,18.5,9.3,0.0,0.0,0,0,0,,2026-05-08 19:19:26
8412,,LOT-20260506-651F-007,,,,Trigo,Germinados,4195,cam1_20260508_133420.jpg,ambient,4197,cam1_20260508_133425.jpg,,1,27.2,37,72.3,1125,0,15,0.0,0.0,0,0.0,2,18.8,9.4,0.0,0.0,0,0,0,,2026-05-08 19:34:26
8424,,LOT-20260506-651F-007,,,,Trigo,Germinados,4199,cam1_20260508_134920.jpg,ambient,4201,cam1_20260508_134927.jpg,,1,27.3,37,61.6,1140,0,15,0.0,0.0,0,0.0,2,19.0,9.5,0.0,0.0,0,0,0,,2026-05-08 19:49:28
8436,,LOT-20260506-651F-007,,,,Trigo,Germinados,4203,cam1_20260508_140420.jpg,ambient,4205,cam1_20260508_140425.jpg,,1,27.3,37,100,1155,0,15,0.0,0.0,0,0.0,2,19.3,9.6,0.0,0.0,0,0,0,,2026-05-08 20:04:26
8448,,LOT-20260506-651F-007,,,,Trigo,Germinados,4207,cam1_20260508_141920.jpg,ambient,4209,cam1_20260508_141925.jpg,,1,27.2,38,100,1170,0,15,0.0,0.0,0,0.0,2,19.5,9.8,0.0,0.0,0,0,0,,2026-05-08 20:19:26
8460,,LOT-20260506-651F-007,,,,Trigo,Germinados,4211,cam1_20260508_143420.jpg,ambient,4213,cam1_20260508_143424.jpg,,1,27.2,39,100,1185,0,15,0.0,0.0,0,0.0,2,19.8,9.9,0.0,0.0,0,0,0,,2026-05-08 20:34:25
8472,,LOT-20260506-651F-007,,,,Trigo,Germinados,4215,cam1_20260508_144920.jpg,ambient,4217,cam1_20260508_144925.jpg,,1,27.2,37,100,1200,0,15,0.0,0.0,0,0.0,2,20.0,10.0,0.0,0.0,0,0,0,,2026-05-08 20:49:26
8484,,LOT-20260506-651F-007,,,,Trigo,Germinados,4219,cam1_20260508_150420.jpg,ambient,4221,cam1_20260508_150425.jpg,,1,27.3,39,100,1215,0,15,0.0,0.0,0,0.0,2,20.3,10.1,0.0,0.0,0,0,0,,2026-05-08 21:04:26
8491,,LOT-20260506-651F-007,,,,Trigo,Germinados,4222,cam1_20260508_151920.jpg,ambient,4224,cam1_20260508_151923.jpg,,1,27.2,38,94.4,1230,0,15,0.0,0.0,0,0.0,3,20.5,6.8,0.0,0.0,0,0,0,,2026-05-08 21:19:24
8508,,LOT-20260506-651F-007,,,,Trigo,Germinados,4227,cam1_20260508_153420.jpg,ambient,4229,cam1_20260508_153425.jpg,,1,27.1,40,100,1245,0,15,0.0,0.0,0,0.0,3,20.8,6.9,0.0,0.0,0,0,0,,2026-05-08 21:34:26
8520,,LOT-20260506-651F-007,,,,Trigo,Germinados,4231,cam1_20260508_154920.jpg,ambient,4233,cam1_20260508_154925.jpg,,1,27.2,41,100,1259,0,15,0.0,0.0,0,0.0,3,21.0,7.0,0.0,0.0,0,0,0,,2026-05-08 21:49:26
8532,,LOT-20260506-651F-007,,,,Trigo,Germinados,4235,cam1_20260508_160420.jpg,ambient,4237,cam1_20260508_160425.jpg,,1,27.1,39,100,1274,0,15,0.0,0.0,0,0.0,3,21.2,7.1,0.0,0.0,0,0,0,,2026-05-08 22:04:26
8544,,LOT-20260506-651F-007,,,,Trigo,Germinados,4239,cam1_20260508_161920.jpg,ambient,4241,cam1_20260508_161925.jpg,,1,27.2,38,95.4,1289,0,15,0.0,0.0,0,0.0,3,21.5,7.2,0.0,0.0,0,0,0,,2026-05-08 22:19:26
8556,,LOT-20260506-651F-007,,,,Trigo,Germinados,4243,cam1_20260508_163420.jpg,ambient,4245,cam1_20260508_163425.jpg,,1,27.7,40,100,1304,0,15,0.0,0.0,0,0.0,3,21.7,7.2,0.0,0.0,0,0,0,,2026-05-08 22:34:26
8568,,LOT-20260506-651F-007,,,,Trigo,Germinados,4247,cam1_20260508_164920.jpg,ambient,4249,cam1_20260508_164925.jpg,,1,28.1,40,100,1319,0,15,0.0,0.0,0,0.0,3,22.0,7.3,0.0,0.0,0,0,0,,2026-05-08 22:49:26
8580,,LOT-20260506-651F-007,,,,Trigo,Germinados,4251,cam1_20260508_170420.jpg,ambient,4253,cam1_20260508_170425.jpg,,1,28.4,41,100,1334,0,15,0.0,0.0,0,0.0,3,22.2,7.4,0.0,0.0,0,0,0,,2026-05-08 23:04:26
8592,,LOT-20260506-651F-007,,,,Trigo,Germinados,4255,cam1_20260508_171920.jpg,ambient,4257,cam1_20260508_171925.jpg,,1,28.5,39,100,1349,0,15,0.0,0.0,0,0.0,3,22.5,7.5,0.0,0.0,0,0,0,,2026-05-08 23:19:26
8604,,LOT-20260506-651F-007,,,,Trigo,Germinados,4259,cam1_20260508_173420.jpg,ambient,4261,cam1_20260508_173425.jpg,,1,28.7,39,100,1364,0,15,0.0,0.0,0,0.0,3,22.7,7.6,0.0,0.0,0,0,0,,2026-05-08 23:34:26
8616,,LOT-20260506-651F-007,,,,Trigo,Germinados,4263,cam1_20260508_174920.jpg,ambient,4265,cam1_20260508_174925.jpg,,1,28.7,39,100,1379,0,15,0.0,0.0,0,0.0,3,23.0,7.7,0.0,0.0,0,0,0,,2026-05-08 23:49:26
8628,,LOT-20260506-651F-007,,,,Trigo,Germinados,4267,cam1_20260508_180420.jpg,ambient,4269,cam1_20260508_180425.jpg,,1,28.7,41,100,1394,1,15,15.0,0.0,0,0.0,3,23.2,7.7,0.0,0.0,0,0,0,,2026-05-09 00:04:26
8640,,LOT-20260506-651F-007,,,,Trigo,Germinados,4271,cam1_20260508_181920.jpg,ambient,4273,cam1_20260508_181925.jpg,,1,28.6,40,100,1409,0,15,0.0,0.0,0,0.0,3,23.5,7.8,0.0,0.0,0,0,0,,2026-05-09 00:19:26
8652,,LOT-20260506-651F-007,,,,Trigo,Germinados,4275,cam1_20260508_183420.jpg,ambient,4277,cam1_20260508_183425.jpg,,1,28,40,98.1,1424,0,15,0.0,0.0,0,0.0,3,23.7,7.9,0.0,0.0,0,0,0,,2026-05-09 00:34:26
8664,,LOT-20260506-651F-007,,,,Trigo,Germinados,4279,cam1_20260508_184920.jpg,ambient,4281,cam1_20260508_184925.jpg,,1,27.5,38,93.5,1439,0,15,0.0,0.0,0,0.0,3,24.0,8.0,0.0,0.0,0,0,0,,2026-05-09 00:49:26
8676,,LOT-20260506-651F-007,,,,Trigo,Germinados,4283,cam1_20260508_190420.jpg,ambient,4285,cam1_20260508_190425.jpg,,1,27.7,42,97.2,1453,0,15,0.0,0.0,0,0.0,3,24.2,8.1,0.0,0.0,0,0,0,,2026-05-09 01:04:26
8688,,LOT-20260506-651F-007,,,,Trigo,Germinados,4287,cam1_20260508_191920.jpg,ambient,4289,cam1_20260508_191925.jpg,,1,28.2,42,100,1468,0,15,0.0,0.0,0,0.0,3,24.5,8.2,0.0,0.0,0,0,0,,2026-05-09 01:19:26
8700,,LOT-20260506-651F-007,,,,Trigo,Germinados,4291,cam1_20260508_193420.jpg,ambient,4293,cam1_20260508_193425.jpg,,1,28.4,41,98.1,1483,0,15,0.0,0.0,0,0.0,3,24.7,8.2,0.0,0.0,0,0,0,,2026-05-09 01:34:26
8712,,LOT-20260506-651F-007,,,,Trigo,Germinados,4295,cam1_20260508_194920.jpg,ambient,4297,cam1_20260508_194925.jpg,,1,28.5,43,93.5,1498,0,15,0.0,0.0,0,0.0,3,25.0,8.3,0.0,0.0,0,0,0,,2026-05-09 01:49:26
8724,,LOT-20260506-651F-007,,,,Trigo,Germinados,4299,cam1_20260508_200420.jpg,ambient,4301,cam1_20260508_200425.jpg,,1,28.5,41,95.4,1509,0,15,0.0,0.0,0,0.0,3,25.1,8.4,0.0,0.0,0,0,0,,2026-05-09 02:04:26
8736,,LOT-20260506-651F-007,,,,Trigo,Germinados,4303,cam1_20260508_201920.jpg,ambient,4305,cam1_20260508_201925.jpg,,1,28.1,41,91.7,1509,0,15,0.0,0.0,0,0.0,3,25.1,8.4,0.0,0.0,0,0,0,,2026-05-09 02:19:26
8748,,LOT-20260506-651F-007,,,,Trigo,Germinados,4307,cam1_20260508_203420.jpg,ambient,4309,cam1_20260508_203425.jpg,,1,28,43,90.7,1509,0,15,0.0,0.0,0,0.0,3,25.1,8.4,0.0,0.0,0,0,0,,2026-05-09 02:34:26
8755,,LOT-20260506-651F-007,,,,Trigo,Germinados,4310,cam1_20260508_204920.jpg,ambient,4312,cam1_20260508_204923.jpg,,1,27.8,42,74.1,1509,0,15,0.0,0.0,0,0.0,3,25.1,8.4,0.0,0.0,0,0,0,,2026-05-09 02:49:24
8767,,LOT-20260506-651F-007,,,,Trigo,Germinados,4314,cam1_20260508_210420.jpg,ambient,4316,cam1_20260508_210423.jpg,,1,27.8,45,69.6,1509,0,15,0.0,0.0,0,0.0,3,25.1,8.4,0.0,0.0,0,0,0,,2026-05-09 03:04:24
8779,,LOT-20260506-651F-007,,,,Trigo,Germinados,4318,cam1_20260508_211920.jpg,ambient,4320,cam1_20260508_211923.jpg,,1,27.8,43,74.1,1509,0,15,0.0,0.0,0,0.0,3,25.1,8.4,0.0,0.0,0,0,0,,2026-05-09 03:19:24
8796,,LOT-20260506-651F-007,,,,Trigo,Germinados,4323,cam1_20260508_213422.jpg,ambient,4325,cam1_20260508_213425.jpg,,1,27.7,43,49.5,1509,0,15,0.0,0.0,0,0.0,3,25.1,8.4,0.0,0.0,0,0,0,,2026-05-09 03:34:26
8803,,LOT-20260506-651F-007,,,,Trigo,Germinados,4326,cam1_20260508_214920.jpg,ambient,4328,cam1_20260508_214923.jpg,,1,27.7,43,68.8,1509,0,15,0.0,0.0,0,0.0,3,25.1,8.4,0.0,0.0,0,0,0,,2026-05-09 03:49:24
8820,,LOT-20260506-651F-007,,,,Trigo,Germinados,4331,cam1_20260508_220420.jpg,ambient,4333,cam1_20260508_220425.jpg,,1,27.8,43,77.8,1510,0,15,0.0,0.0,0,0.0,3,25.2,8.4,0.0,0.0,0,0,0,,2026-05-09 04:04:26
8832,,LOT-20260506-651F-007,,,,Trigo,Germinados,4335,cam1_20260508_221920.jpg,ambient,4337,cam1_20260508_221925.jpg,,1,27.9,48,78.7,1510,0,15,0.0,0.0,0,0.0,3,25.2,8.4,0.0,0.0,0,0,0,,2026-05-09 04:19:26
8839,,LOT-20260506-651F-007,,,,Trigo,Germinados,4338,cam1_20260508_223420.jpg,ambient,4340,cam1_20260508_223423.jpg,,1,27.9,55,66.1,1510,0,15,0.0,0.0,0,0.0,3,25.2,8.4,0.0,0.0,0,0,0,,2026-05-09 04:34:24
8851,,LOT-20260506-651F-007,,,,Trigo,Germinados,4342,cam1_20260508_224920.jpg,ambient,4344,cam1_20260508_224923.jpg,,1,27.8,52,61.6,1510,0,15,0.0,0.0,0,0.0,3,25.2,8.4,0.0,0.0,0,0,0,,2026-05-09 04:49:24
8863,,LOT-20260506-651F-007,,,,Trigo,Germinados,4346,cam1_20260508_230420.jpg,ambient,4348,cam1_20260508_230423.jpg,,1,27.8,48,67,1510,0,15,0.0,0.0,0,0.0,3,25.2,8.4,0.0,0.0,0,0,0,,2026-05-09 05:04:24
8875,,LOT-20260506-651F-007,,,,Trigo,Germinados,4350,cam1_20260508_231920.jpg,ambient,4352,cam1_20260508_231923.jpg,,1,27.8,54,66.1,1510,0,15,0.0,0.0,0,0.0,3,25.2,8.4,0.0,0.0,0,0,0,,2026-05-09 05:19:24
8892,,LOT-20260506-651F-007,,,,Trigo,Germinados,4355,cam1_20260508_233421.jpg,ambient,4357,cam1_20260508_233425.jpg,,1,27.7,46,72.3,1510,0,15,0.0,0.0,0,0.0,3,25.2,8.4,0.0,0.0,0,0,0,,2026-05-09 05:34:26
8899,,LOT-20260506-651F-007,,,,Trigo,Germinados,4358,cam1_20260508_234920.jpg,ambient,4360,cam1_20260508_234923.jpg,,1,26.9,43,49.7,1511,0,15,0.0,0.0,0,0.0,3,25.2,8.4,0.0,0.0,0,0,0,,2026-05-09 05:49:24
8916,,LOT-20260506-651F-007,,,,Trigo,Germinados,4363,cam1_20260509_000422.jpg,ambient,4365,cam1_20260509_000425.jpg,,1,26.7,43,49.5,1511,0,15,0.0,0.0,0,0.0,3,25.2,8.4,0.0,0.0,0,0,0,,2026-05-09 06:04:26
8928,,LOT-20260506-651F-007,,,,Trigo,Germinados,4367,cam1_20260509_001921.jpg,ambient,4369,cam1_20260509_001925.jpg,,1,26.6,43,49.6,1511,0,15,0.0,0.0,0,0.0,3,25.2,8.4,0.0,0.0,0,0,0,,2026-05-09 06:19:26
8940,,LOT-20260506-651F-007,,,,Trigo,Germinados,4371,cam1_20260509_003421.jpg,ambient,4373,cam1_20260509_003425.jpg,,1,26.5,44,48.9,1511,0,15,0.0,0.0,0,0.0,3,25.2,8.4,0.0,0.0,0,0,0,,2026-05-09 06:34:27
8947,,LOT-20260506-651F-007,,,,Trigo,Germinados,4374,cam1_20260509_004920.jpg,ambient,4376,cam1_20260509_004923.jpg,,1,26.1,47,48.4,1511,0,15,0.0,0.0,0,0.0,3,25.2,8.4,0.0,0.0,0,0,0,,2026-05-09 06:49:24
8959,,LOT-20260506-651F-007,,,,Trigo,Germinados,4378,cam1_20260509_010436.jpg,ambient,4380,cam1_20260509_010439.jpg,,1,26.8,47,46.4,1511,0,15,0.0,0.0,0,0.0,3,25.2,8.4,0.0,0.0,0,0,0,,2026-05-09 07:04:40
8971,,LOT-20260506-651F-007,,,,Trigo,Germinados,4382,cam1_20260509_011937.jpg,ambient,4384,cam1_20260509_011939.jpg,,1,27.3,52,48.8,1511,0,15,0.0,0.0,0,0.0,3,25.2,8.4,0.0,0.0,0,0,0,,2026-05-09 07:19:40
8983,,LOT-20260506-651F-007,,,,Trigo,Germinados,4386,cam1_20260509_013441.jpg,ambient,4388,cam1_20260509_013444.jpg,,1,27.3,53,49,1511,0,15,0.0,0.0,0,0.0,3,25.2,8.4,0.0,0.0,0,0,0,,2026-05-09 07:34:45
8995,,LOT-20260506-651F-007,,,,Trigo,Germinados,4390,cam1_20260509_015025.jpg,ambient,4392,cam1_20260509_015028.jpg,,1,27.3,56,48.4,1513,0,15,0.0,0.0,0,0.0,3,25.2,8.4,0.0,0.0,0,0,0,,2026-05-09 07:50:30
9007,,LOT-20260506-651F-007,,,,Trigo,Germinados,4394,cam1_20260509_020526.jpg,ambient,4396,cam1_20260509_020528.jpg,,1,27.5,57,48.9,1513,0,15,0.0,0.0,0,0.0,3,25.2,8.4,0.0,0.0,0,0,0,,2026-05-09 08:05:29
9024,,LOT-20260506-651F-007,,,,Trigo,Germinados,4399,cam1_20260509_022026.jpg,ambient,4401,cam1_20260509_022030.jpg,,1,27.4,56,49.8,1513,0,15,0.0,0.0,0,0.0,3,25.2,8.4,0.0,0.0,0,0,0,,2026-05-09 08:20:31
9036,,LOT-20260506-651F-007,,,,Trigo,Germinados,4403,cam1_20260509_023526.jpg,ambient,4405,cam1_20260509_023530.jpg,,1,27.5,56,49,1513,0,15,0.0,0.0,0,0.0,3,25.2,8.4,0.0,0.0,0,0,0,,2026-05-09 08:35:31
9048,,LOT-20260506-651F-007,,,,Trigo,Germinados,4407,cam1_20260509_025025.jpg,ambient,4409,cam1_20260509_025030.jpg,,1,27.4,56,48.6,1513,0,15,0.0,0.0,0,0.0,3,25.2,8.4,0.0,0.0,0,0,0,,2026-05-09 08:50:31
9060,,LOT-20260506-651F-007,,,,Trigo,Germinados,4411,cam1_20260509_030526.jpg,ambient,4413,cam1_20260509_030530.jpg,,1,27.3,54,48.6,1513,0,15,0.0,0.0,0,0.0,3,25.2,8.4,0.0,0.0,0,0,0,,2026-05-09 09:05:31
9072,,LOT-20260506-651F-007,,,,Trigo,Germinados,4415,cam1_20260509_032026.jpg,ambient,4417,cam1_20260509_032030.jpg,,1,27.5,55,48.6,1513,0,15,0.0,0.0,0,0.0,3,25.2,8.4,0.0,0.0,0,0,0,,2026-05-09 09:20:31
9079,,LOT-20260506-651F-007,,,,Trigo,Germinados,4418,cam1_20260509_033525.jpg,ambient,4420,cam1_20260509_033528.jpg,,1,27.2,54,47.6,1513,0,15,0.0,0.0,0,0.0,3,25.2,8.4,0.0,0.0,0,0,0,,2026-05-09 09:35:29
9096,,LOT-20260506-651F-007,,,,Trigo,Germinados,4424,cam1_20260509_040525.jpg,ambient,4426,cam1_20260509_040528.jpg,,1,27.3,55,47.8,1513,0,15,0.0,0.0,0,0.0,3,25.2,8.4,0.0,0.0,0,0,0,,2026-05-09 10:05:29
9113,,LOT-20260506-651F-007,,,,Trigo,Germinados,4429,cam1_20260509_042027.jpg,ambient,4431,cam1_20260509_042030.jpg,,1,27.3,55,47.7,1513,0,15,0.0,0.0,0,0.0,3,25.2,8.4,0.0,0.0,0,0,0,,2026-05-09 10:20:31
9125,,LOT-20260506-651F-007,,,,Trigo,Germinados,4433,cam1_20260509_043526.jpg,ambient,4435,cam1_20260509_043530.jpg,,1,27.2,55,47.6,1513,0,15,0.0,0.0,0,0.0,3,25.2,8.4,0.0,0.0,0,0,0,,2026-05-09 10:35:31
9137,,LOT-20260506-651F-007,,,,Trigo,Germinados,4437,cam1_20260509_045025.jpg,ambient,4439,cam1_20260509_045030.jpg,,1,27.3,54,47.4,1513,0,15,0.0,0.0,0,0.0,3,25.2,8.4,0.0,0.0,0,0,0,,2026-05-09 10:50:31
9144,,LOT-20260506-651F-007,,,,Trigo,Germinados,4440,cam1_20260509_050525.jpg,ambient,4442,cam1_20260509_050528.jpg,,1,27.2,54,47.2,1513,0,15,0.0,0.0,0,0.0,3,25.2,8.4,0.0,0.0,0,0,0,,2026-05-09 11:05:29
9156,,LOT-20260506-651F-007,,,,Trigo,Germinados,4444,cam1_20260509_052025.jpg,ambient,4446,cam1_20260509_052028.jpg,,1,27.3,54,46.9,1513,0,15,0.0,0.0,0,0.0,3,25.2,8.4,0.0,0.0,0,0,0,,2026-05-09 11:20:29
9173,,LOT-20260506-651F-007,,,,Trigo,Germinados,4449,cam1_20260509_053525.jpg,ambient,4451,cam1_20260509_053530.jpg,,1,27.2,55,47,1514,0,15,0.0,0.0,0,0.0,3,25.2,8.4,0.0,0.0,0,0,0,,2026-05-09 11:35:31
9180,,LOT-20260506-651F-007,,,,Trigo,Germinados,4452,cam1_20260509_055026.jpg,ambient,4454,cam1_20260509_055028.jpg,,1,27.2,56,46.6,1514,0,15,0.0,0.0,0,0.0,3,25.2,8.4,0.0,0.0,0,0,0,,2026-05-09 11:50:29
9192,,LOT-20260506-651F-007,,,,Trigo,Germinados,4456,cam1_20260509_060525.jpg,ambient,4458,cam1_20260509_060528.jpg,,1,27.2,55,46.7,1514,0,15,0.0,0.0,0,0.0,3,25.2,8.4,0.0,0.0,0,0,0,,2026-05-09 12:05:29
9209,,LOT-20260506-651F-007,,,,Trigo,Germinados,4461,cam1_20260509_062025.jpg,ambient,4463,cam1_20260509_062030.jpg,,1,27.1,55,46.9,1514,0,15,0.0,0.0,0,0.0,3,25.2,8.4,0.0,0.0,0,0,0,,2026-05-09 12:20:31
9221,,LOT-20260506-651F-007,,,,Trigo,Germinados,4465,cam1_20260509_063526.jpg,ambient,4467,cam1_20260509_063530.jpg,,1,27.2,53,46.8,1514,0,15,0.0,0.0,0,0.0,3,25.2,8.4,0.0,0.0,0,0,0,,2026-05-09 12:35:31
9233,,LOT-20260506-651F-007,,,,Trigo,Germinados,4469,cam1_20260509_065025.jpg,ambient,4471,cam1_20260509_065030.jpg,,1,27.3,56,46,1514,0,15,0.0,0.0,0,0.0,3,25.2,8.4,0.0,0.0,0,0,0,,2026-05-09 12:50:31
9240,,LOT-20260506-651F-007,,,,Trigo,Germinados,4472,cam1_20260509_070525.jpg,ambient,4474,cam1_20260509_070528.jpg,,1,27.1,52,46.1,1514,0,15,0.0,0.0,0,0.0,3,25.2,8.4,0.0,0.0,0,0,0,,2026-05-09 13:05:29
9252,,LOT-20260506-651F-007,,,,Trigo,Germinados,4476,cam1_20260509_072026.jpg,ambient,4478,cam1_20260509_072028.jpg,,1,27.1,54,45.9,1514,0,15,0.0,0.0,0,0.0,3,25.2,8.4,0.0,0.0,0,0,0,,2026-05-09 13:20:29
9269,,LOT-20260506-651F-007,,,,Trigo,Germinados,4481,cam1_20260509_073525.jpg,ambient,4483,cam1_20260509_073530.jpg,,1,27.1,54,44.9,1514,0,15,0.0,0.0,0,0.0,3,25.2,8.4,0.0,0.0,0,0,0,,2026-05-09 13:35:31
9276,,LOT-20260506-651F-007,,,,Trigo,Germinados,4484,cam1_20260509_075025.jpg,ambient,4486,cam1_20260509_075028.jpg,,1,27,55,45.1,1514,0,15,0.0,0.0,0,0.0,3,25.2,8.4,0.0,0.0,0,0,0,,2026-05-09 13:50:29
9293,,LOT-20260506-651F-007,,,,Trigo,Germinados,4489,cam1_20260509_080525.jpg,ambient,4491,cam1_20260509_080530.jpg,,1,27.3,52,45.5,1519,0,15,0.0,0.0,0,0.0,3,25.3,8.4,0.0,0.0,0,0,0,,2026-05-09 14:05:31
9305,,LOT-20260506-651F-007,,,,Trigo,Germinados,4493,cam1_20260509_082025.jpg,ambient,4495,cam1_20260509_082030.jpg,,1,27.5,50,44.7,1534,0,15,0.0,0.0,0,0.0,3,25.6,8.5,0.0,0.0,0,0,0,,2026-05-09 14:20:31
9317,,LOT-20260506-651F-007,,,,Trigo,Germinados,4497,cam1_20260509_083525.jpg,ambient,4499,cam1_20260509_083530.jpg,,1,27.8,50,44.9,1549,0,15,0.0,0.0,0,0.0,3,25.8,8.6,0.0,0.0,0,0,0,,2026-05-09 14:35:31
9329,,LOT-20260506-651F-007,,,,Trigo,Germinados,4501,cam1_20260509_085025.jpg,ambient,4503,cam1_20260509_085030.jpg,,1,27.9,50,42.3,1564,0,15,0.0,0.0,0,0.0,3,26.1,8.7,0.0,0.0,0,0,0,,2026-05-09 14:50:31
9336,,LOT-20260506-651F-007,,,,Trigo,Germinados,4504,cam1_20260509_090529.jpg,ambient,4506,cam1_20260509_090531.jpg,,1,28,49,42.9,1579,0,15,0.0,0.0,0,0.0,3,26.3,8.8,0.0,0.0,0,0,0,,2026-05-09 15:05:32
9348,,LOT-20260506-651F-007,,,,Trigo,Germinados,4508,cam1_20260509_165443.jpg,ambient,4510,cam1_20260509_165446.jpg,,1,26.5,48,0,2048,0,15,0.0,0.0,0,0.0,4,34.1,8.5,0.0,0.0,0,0,0,,2026-05-09 22:54:49
9365,,LOT-20260506-651F-007,,,,Trigo,Germinados,4513,cam1_20260509_170945.jpg,ambient,4515,cam1_20260509_170948.jpg,,1,26.9,59,0,2063,0,15,0.0,0.0,0,0.0,4,34.4,8.6,0.0,0.0,0,0,0,,2026-05-09 23:09:49
9377,,LOT-20260506-651F-007,,,,Trigo,Germinados,4517,cam1_20260509_172443.jpg,ambient,4519,cam1_20260509_172448.jpg,,1,27.4,53,0,2078,0,15,0.0,0.0,0,0.0,4,34.6,8.7,0.0,0.0,0,0,0,,2026-05-09 23:24:49
9389,,LOT-20260506-651F-007,,,,Trigo,Germinados,4521,cam1_20260509_173945.jpg,ambient,4523,cam1_20260509_173948.jpg,,1,27.6,51,0,2093,0,15,0.0,0.0,0,0.0,4,34.9,8.7,0.0,0.0,0,0,0,,2026-05-09 23:39:49
9401,,LOT-20260506-651F-007,,,,Trigo,Germinados,4525,cam1_20260509_175445.jpg,ambient,4527,cam1_20260509_175448.jpg,,1,27.8,50,0,2108,0,15,0.0,0.0,0,0.0,4,35.1,8.8,0.0,0.0,0,0,0,,2026-05-09 23:54:49
9413,,LOT-20260506-651F-007,,,,Trigo,Germinados,4529,cam1_20260509_180943.jpg,ambient,4531,cam1_20260509_180948.jpg,,1,28.2,50,0,2123,1,15,15.0,0.0,0,0.0,4,35.4,8.8,0.0,0.0,0,0,0,,2026-05-10 00:09:49
9425,,LOT-20260506-651F-007,,,,Trigo,Germinados,4533,cam1_20260509_182444.jpg,ambient,4535,cam1_20260509_182448.jpg,,1,28.2,50,0,2138,0,15,0.0,0.0,0,0.0,4,35.6,8.9,0.0,0.0,0,0,0,,2026-05-10 00:24:50
9437,,LOT-20260506-651F-007,,,,Trigo,Germinados,4537,cam1_20260509_183943.jpg,ambient,4539,cam1_20260509_183948.jpg,,1,28.2,50,0,2153,0,15,0.0,0.0,0,0.0,4,35.9,9.0,0.0,0.0,0,0,0,,2026-05-10 00:39:49
9449,,LOT-20260506-651F-007,,,,Trigo,Germinados,4541,cam1_20260509_185444.jpg,ambient,4543,cam1_20260509_185448.jpg,,1,28.2,50,0,2168,0,15,0.0,0.0,0,0.0,4,36.1,9.0,0.0,0.0,0,0,0,,2026-05-10 00:54:49
9461,,LOT-20260506-651F-007,,,,Trigo,Germinados,4545,cam1_20260509_190945.jpg,ambient,4547,cam1_20260509_190948.jpg,,1,28.5,50,0,2182,0,15,0.0,0.0,0,0.0,4,36.4,9.1,0.0,0.0,0,0,0,,2026-05-10 01:09:50
9473,,LOT-20260506-651F-007,,,,Trigo,Germinados,4549,cam1_20260509_192445.jpg,ambient,4551,cam1_20260509_192450.jpg,,1,28.5,50,0,2197,0,15,0.0,0.0,0,0.0,4,36.6,9.2,0.0,0.0,0,0,0,,2026-05-10 01:24:51
9485,,LOT-20260506-651F-007,,,,Trigo,Germinados,4553,cam1_20260509_193943.jpg,ambient,4555,cam1_20260509_193948.jpg,,1,28.6,51,0,2212,0,15,0.0,0.0,0,0.0,4,36.9,9.2,0.0,0.0,0,0,0,,2026-05-10 01:39:50
9497,,LOT-20260506-651F-007,,,,Trigo,Germinados,4557,cam1_20260509_195443.jpg,ambient,4559,cam1_20260509_195448.jpg,,1,28.4,51,0,2227,0,15,0.0,0.0,0,0.0,4,37.1,9.3,0.0,0.0,0,0,0,,2026-05-10 01:54:49
9509,,LOT-20260506-651F-007,,,,Trigo,Germinados,4561,cam1_20260509_200943.jpg,ambient,4563,cam1_20260509_200948.jpg,,1,28.4,51,0,2232,0,15,0.0,0.0,0,0.0,4,37.2,9.3,0.0,0.0,0,0,0,,2026-05-10 02:09:49
9521,,LOT-20260506-651F-007,,,,Trigo,Germinados,4565,cam1_20260509_202443.jpg,ambient,4567,cam1_20260509_202448.jpg,,1,28.5,53,0,2232,0,15,0.0,0.0,0,0.0,4,37.2,9.3,0.0,0.0,0,0,0,,2026-05-10 02:24:49
9533,,LOT-20260506-651F-007,,,,Trigo,Germinados,4569,cam1_20260509_203943.jpg,ambient,4571,cam1_20260509_203948.jpg,,1,28.2,54,0,2233,0,15,0.0,0.0,0,0.0,4,37.2,9.3,0.0,0.0,0,0,0,,2026-05-10 02:39:49
9545,,LOT-20260506-651F-007,,,,Trigo,Germinados,4573,cam1_20260509_205443.jpg,ambient,4575,cam1_20260509_205448.jpg,,1,28.1,55,0,2233,0,15,0.0,0.0,0,0.0,4,37.2,9.3,0.0,0.0,0,0,0,,2026-05-10 02:54:49
9557,,LOT-20260506-651F-007,,,,Trigo,Germinados,4577,cam1_20260509_210943.jpg,ambient,4579,cam1_20260509_210948.jpg,,1,28,56,0,2233,0,15,0.0,0.0,0,0.0,4,37.2,9.3,0.0,0.0,0,0,0,,2026-05-10 03:09:49
9569,,LOT-20260506-651F-007,,,,Trigo,Germinados,4581,cam1_20260509_212443.jpg,ambient,4583,cam1_20260509_212448.jpg,,1,27.8,55,0,2233,0,15,0.0,0.0,0,0.0,4,37.2,9.3,0.0,0.0,0,0,0,,2026-05-10 03:24:49
9581,,LOT-20260506-651F-007,,,,Trigo,Germinados,4585,cam1_20260509_213943.jpg,ambient,4587,cam1_20260509_213948.jpg,,1,27.8,55,0,2233,0,15,0.0,0.0,0,0.0,4,37.2,9.3,0.0,0.0,0,0,0,,2026-05-10 03:39:49
9593,,LOT-20260506-651F-007,,,,Trigo,Germinados,4589,cam1_20260509_215443.jpg,ambient,4591,cam1_20260509_215448.jpg,,1,27.8,55,0,2233,0,15,0.0,0.0,0,0.0,4,37.2,9.3,0.0,0.0,0,0,0,,2026-05-10 03:54:49
9605,,LOT-20260506-651F-007,,,,Trigo,Germinados,4593,cam1_20260509_220945.jpg,ambient,4595,cam1_20260509_220948.jpg,,1,27.9,56,0,2233,0,15,0.0,0.0,0,0.0,4,37.2,9.3,0.0,0.0,0,0,0,,2026-05-10 04:09:49
9617,,LOT-20260506-651F-007,,,,Trigo,Germinados,4597,cam1_20260509_222444.jpg,ambient,4599,cam1_20260509_222448.jpg,,1,27.8,56,0,2233,0,15,0.0,0.0,0,0.0,4,37.2,9.3,0.0,0.0,0,0,0,,2026-05-10 04:24:49
9624,,LOT-20260506-651F-007,,,,Trigo,Germinados,4600,cam1_20260509_223943.jpg,ambient,4602,cam1_20260509_223946.jpg,,1,27.8,56,0,2233,0,15,0.0,0.0,0,0.0,4,37.2,9.3,0.0,0.0,0,0,0,,2026-05-10 04:39:47
9641,,LOT-20260506-651F-007,,,,Trigo,Germinados,4605,cam1_20260509_225532.jpg,ambient,4607,cam1_20260509_225536.jpg,,1,28.2,50,77.8,2239,0,15,0.0,0.0,0,0.0,4,37.3,9.3,0.0,0.0,0,0,0,,2026-05-10 04:55:38
9653,,LOT-20260506-651F-007,,,,Trigo,Germinados,4609,cam1_20260509_231032.jpg,ambient,4611,cam1_20260509_231036.jpg,,1,28.6,49,100,2245,0,15,0.0,0.0,0,0.0,4,37.4,9.4,0.0,0.0,0,0,0,,2026-05-10 05:10:38
9665,,LOT-20260506-651F-007,,,,Trigo,Germinados,4613,cam1_20260509_232536.jpg,ambient,4615,cam1_20260509_232543.jpg,,1,28.6,49,95.4,2246,0,15,0.0,0.0,0,0.0,4,37.4,9.4,0.0,0.0,0,0,0,,2026-05-10 05:25:45
9672,,LOT-20260506-651F-007,,,,Trigo,Germinados,4616,cam1_20260509_234127.jpg,ambient,4618,cam1_20260509_234131.jpg,,1,28.4,49,100,2246,0,15,0.0,0.0,0,0.0,4,37.4,9.4,0.0,0.0,0,0,0,,2026-05-10 05:41:33
9689,,LOT-20260506-651F-007,,,,Trigo,Germinados,4621,cam1_20260509_235628.jpg,ambient,4623,cam1_20260509_235632.jpg,,1,28.7,48,100,2246,0,15,0.0,0.0,0,0.0,4,37.4,9.4,0.0,0.0,0,0,0,,2026-05-10 05:56:33
9696,,LOT-20260506-651F-007,,,,Trigo,Germinados,4628,cam1_20260510_001127.jpg,ambient,4630,cam1_20260510_001136.jpg,,1,28.6,48,100,2246,0,15,0.0,0.0,0,0.0,4,37.4,9.4,0.0,0.0,0,0,0,,2026-05-10 06:11:37
9713,,LOT-20260506-651F-007,,,,Trigo,Germinados,4633,cam1_20260510_002629.jpg,ambient,4635,cam1_20260510_002640.jpg,,1,28.4,49,100,2246,0,15,0.0,0.0,0,0.0,4,37.4,9.4,0.0,0.0,0,0,0,,2026-05-10 06:26:41
9725,,LOT-20260506-651F-007,,,,Trigo,Germinados,4637,cam1_20260510_004128.jpg,ambient,4639,cam1_20260510_004139.jpg,,1,28.3,49,100,2246,0,15,0.0,0.0,0,0.0,4,37.4,9.4,0.0,0.0,0,0,0,,2026-05-10 06:41:41
9732,,LOT-20260506-651F-007,,,,Trigo,Germinados,4640,cam1_20260510_005628.jpg,ambient,4642,cam1_20260510_005634.jpg,,1,28.3,50,100,2246,0,15,0.0,0.0,0,0.0,4,37.4,9.4,0.0,0.0,0,0,0,,2026-05-10 06:56:36
9749,,LOT-20260506-651F-007,,,,Trigo,Germinados,4645,cam1_20260510_011128.jpg,ambient,4647,cam1_20260510_011137.jpg,,1,28.4,50,100,2247,0,15,0.0,0.0,0,0.0,4,37.5,9.4,0.0,0.0,0,0,0,,2026-05-10 07:11:39
9756,,LOT-20260506-651F-007,,,,Trigo,Germinados,4648,cam1_20260510_012627.jpg,ambient,4650,cam1_20260510_012634.jpg,,1,28.3,50,100,2247,0,15,0.0,0.0,0,0.0,4,37.5,9.4,0.0,0.0,0,0,0,,2026-05-10 07:26:36
9773,,LOT-20260506-651F-007,,,,Trigo,Germinados,4653,cam1_20260510_014228.jpg,ambient,4655,cam1_20260510_014237.jpg,,1,28.4,51,100,2247,0,15,0.0,0.0,0,0.0,4,37.5,9.4,0.0,0.0,0,0,0,,2026-05-10 07:42:39
9785,,LOT-20260506-651F-007,,,,Trigo,Germinados,4657,cam1_20260510_015727.jpg,ambient,4659,cam1_20260510_015731.jpg,,1,28.4,50,100,2247,0,15,0.0,0.0,0,0.0,4,37.5,9.4,0.0,0.0,0,0,0,,2026-05-10 07:57:33
9797,,LOT-20260506-651F-007,,,,Trigo,Germinados,4661,cam1_20260510_090940.jpg,ambient,4663,cam1_20260510_090944.jpg,,1,27.2,51,46.9,2248,0,15,0.0,0.0,0,0.0,4,37.5,9.4,0.0,0.0,0,0,0,,2026-05-10 15:09:45
9809,,LOT-20260506-651F-007,,,,Trigo,Germinados,4665,cam1_20260510_092440.jpg,ambient,4667,cam1_20260510_092444.jpg,,1,27.6,47,46.6,2263,0,15,0.0,0.0,0,0.0,4,37.7,9.4,0.0,0.0,0,0,0,,2026-05-10 15:24:45
9821,,LOT-20260506-651F-007,,,,Trigo,Germinados,4669,cam1_20260510_093940.jpg,ambient,4671,cam1_20260510_093944.jpg,,1,28.4,46,47.8,2278,0,15,0.0,0.0,0,0.0,4,38.0,9.5,0.0,0.0,0,0,0,,2026-05-10 15:39:45
9833,,LOT-20260506-651F-007,,,,Trigo,Germinados,4673,cam1_20260510_095441.jpg,ambient,4675,cam1_20260510_095444.jpg,,1,28.8,45,49.5,2293,0,15,0.0,0.0,0,0.0,4,38.2,9.6,0.0,0.0,0,0,0,,2026-05-10 15:54:46
9845,,LOT-20260506-651F-007,,,,Trigo,Germinados,4677,cam1_20260510_100940.jpg,ambient,4679,cam1_20260510_100944.jpg,,1,28.8,44,69.6,2307,0,15,0.0,0.0,0,0.0,4,38.5,9.6,0.0,0.0,0,0,0,,2026-05-10 16:09:46
9857,,LOT-20260506-651F-007,,,,Trigo,Germinados,4681,cam1_20260510_102440.jpg,ambient,4683,cam1_20260510_102445.jpg,,1,28.9,44,50,2322,0,15,0.0,0.0,0,0.0,4,38.7,9.7,0.0,0.0,0,0,0,,2026-05-10 16:24:46
9869,,LOT-20260506-651F-007,,,,Trigo,Germinados,4685,cam1_20260510_103940.jpg,ambient,4687,cam1_20260510_103944.jpg,,1,29.4,46,67.9,2337,0,15,0.0,0.0,0,0.0,4,39.0,9.7,0.0,0.0,0,0,0,,2026-05-10 16:39:45
9881,,LOT-20260506-651F-007,,,,Trigo,Germinados,4689,cam1_20260510_105440.jpg,ambient,4691,cam1_20260510_105445.jpg,,1,29.2,46,49.6,2352,0,15,0.0,0.0,0,0.0,4,39.2,9.8,0.0,0.0,0,0,0,,2026-05-10 16:54:46
9893,,LOT-20260506-651F-007,,,,Trigo,Germinados,4693,cam1_20260510_110941.jpg,ambient,4695,cam1_20260510_110946.jpg,,1,29.3,46,73.2,2367,0,15,0.0,0.0,0,0.0,4,39.5,9.9,0.0,0.0,0,0,0,,2026-05-10 17:09:48
9905,,LOT-20260506-651F-007,,,,Trigo,Germinados,4697,cam1_20260510_112440.jpg,ambient,4699,cam1_20260510_112444.jpg,,1,29.3,47,76.9,2382,0,15,0.0,0.0,0,0.0,4,39.7,9.9,0.0,0.0,0,0,0,,2026-05-10 17:24:45
9917,,LOT-20260506-651F-007,,,,Trigo,Germinados,4701,cam1_20260510_113940.jpg,ambient,4703,cam1_20260510_113944.jpg,,1,29.4,46,49.8,2397,0,15,0.0,0.0,0,0.0,4,40.0,10.0,0.0,0.0,0,0,0,,2026-05-10 17:39:46
9929,,LOT-20260506-651F-007,,,,Trigo,Germinados,4705,cam1_20260510_115530.jpg,ambient,4707,cam1_20260510_115534.jpg,,1,29.6,46,67.9,2413,0,15,0.0,0.0,0,0.0,4,40.2,10.1,0.0,0.0,0,0,0,,2026-05-10 17:55:35
9941,,LOT-20260506-651F-007,,,,Trigo,Germinados,4709,cam1_20260510_121029.jpg,ambient,4711,cam1_20260510_121040.jpg,,1,29.7,45,78.7,2428,0,15,0.0,0.0,0,0.0,4,40.5,10.1,0.0,0.0,0,0,0,,2026-05-10 18:10:41
9953,,LOT-20260506-651F-007,,,,Trigo,Germinados,4713,cam1_20260510_122529.jpg,ambient,4715,cam1_20260510_122533.jpg,,1,29.7,44,62.5,2442,0,15,0.0,0.0,0,0.0,4,40.7,10.2,0.0,0.0,0,0,0,,2026-05-10 18:25:35
9965,,LOT-20260506-651F-007,,,,Trigo,Germinados,4717,cam1_20260510_124029.jpg,ambient,4719,cam1_20260510_124033.jpg,,1,29.8,44,67.9,2457,0,15,0.0,0.0,0,0.0,4,41.0,10.2,0.0,0.0,0,0,0,,2026-05-10 18:40:35
9977,,LOT-20260506-651F-007,,,,Trigo,Germinados,4721,cam1_20260510_125529.jpg,ambient,4723,cam1_20260510_125533.jpg,,1,29.8,44,65.2,2472,0,15,0.0,0.0,0,0.0,4,41.2,10.3,0.0,0.0,0,0,0,,2026-05-10 18:55:35
9989,,LOT-20260506-651F-007,,,,Trigo,Germinados,4729,cam1_20260510_131029.jpg,ambient,4731,cam1_20260510_131034.jpg,,1,29.9,45,47.4,2487,0,15,0.0,4.0,0,0.0,4,41.5,10.4,0.1,0.0,0,0,0,,2026-05-10 19:10:35
10001,,LOT-20260506-651F-007,,,,Trigo,Germinados,4733,cam1_20260510_132528.jpg,ambient,4735,cam1_20260510_132534.jpg,,1,29.7,46,49.7,2502,0,15,0.0,8.0,0,0.0,4,41.7,10.4,0.1,0.0,0,0,0,,2026-05-10 19:25:35
10013,,LOT-20260506-651F-007,,,,Trigo,Germinados,4737,cam1_20260510_134029.jpg,ambient,4739,cam1_20260510_134033.jpg,,1,29.9,45,68.8,2517,0,15,0.0,11.0,0,0.0,4,42.0,10.5,0.2,0.0,0,0,0,,2026-05-10 19:40:35
10025,,LOT-20260506-651F-007,,,,Trigo,Germinados,4749,cam1_20260510_135538.jpg,ambient,4751,cam1_20260510_135543.jpg,,1,29.9,54,46.2,2532,0,15,0.0,14.0,0,0.0,4,42.2,10.6,0.2,0.1,0,0,0,,2026-05-10 19:55:45
10037,,LOT-20260506-651F-007,,,,Trigo,Germinados,4753,cam1_20260510_141038.jpg,ambient,4755,cam1_20260510_141042.jpg,,1,29.9,48,51.8,2546,0,15,0.0,19.0,0,0.0,4,42.4,10.6,0.3,0.1,0,0,0,,2026-05-10 20:10:44
10049,,LOT-20260506-651F-007,,,,Trigo,Germinados,4761,cam1_20260510_142547.jpg,ambient,4763,cam1_20260510_142553.jpg,,1,29.7,62,47.1,2562,0,15,0.0,23.0,0,1.0,4,42.7,10.7,0.4,0.1,0,0,1,,2026-05-10 20:25:55
10061,,LOT-20260506-651F-007,,,,Trigo,Germinados,4770,cam1_20260510_144100.jpg,ambient,4771,cam1_20260510_144102.jpg,,1,29.7,47,47.6,2576,0,15,0.0,29.0,0,0.0,4,42.9,10.7,0.5,0.1,0,0,0,,2026-05-10 20:41:04
10073,,LOT-20260506-651F-007,,,,Trigo,Germinados,4777,cam1_20260510_145557.jpg,ambient,4779,cam1_20260510_145602.jpg,,1,29.9,58,47.7,2591,0,15,0.0,34.0,0,0.0,4,43.2,10.8,0.6,0.1,0,0,0,,2026-05-10 20:56:03
10085,,LOT-20260506-651F-007,,,,Trigo,Germinados,4781,cam1_20260510_151057.jpg,ambient,4783,cam1_20260510_151102.jpg,,1,29.8,58,47.2,2606,0,15,0.0,39.0,0,0.0,5,43.4,8.7,0.7,0.1,0,0,0,,2026-05-10 21:11:03
10097,,LOT-20260506-651F-007,,,,Trigo,Germinados,4789,cam1_20260510_152557.jpg,ambient,4791,cam1_20260510_152602.jpg,,1,29.8,63,45.7,2621,0,15,0.0,42.0,0,1.0,5,43.7,8.7,0.7,0.1,0,0,1,,2026-05-10 21:26:03
10109,,LOT-20260506-651F-007,,,,Trigo,Germinados,4793,cam1_20260510_154057.jpg,ambient,4795,cam1_20260510_154102.jpg,,1,29.7,49,47.6,2636,0,15,0.0,47.0,0,0.0,5,43.9,8.8,0.8,0.2,0,0,0,,2026-05-10 21:41:04
10121,,LOT-20260506-651F-007,,,,Trigo,Germinados,4797,cam1_20260510_155558.jpg,ambient,4799,cam1_20260510_155602.jpg,,1,29.8,47,47.5,2651,0,15,0.0,50.0,0,0.0,5,44.2,8.8,0.8,0.2,0,0,0,,2026-05-10 21:56:03
10133,,LOT-20260506-651F-007,,,,Trigo,Germinados,4802,cam1_20260510_161100.jpg,ambient,4803,cam1_20260510_161103.jpg,,1,29.9,59,48.1,2666,0,15,0.0,54.0,0,0.0,5,44.4,8.9,0.9,0.2,0,0,0,,2026-05-10 22:11:05
10145,,LOT-20260506-651F-007,,,,Trigo,Germinados,4805,cam1_20260510_162558.jpg,ambient,4807,cam1_20260510_162602.jpg,,1,29.6,51,46.7,2681,0,15,0.0,60.0,0,0.0,5,44.7,8.9,1.0,0.2,0,0,0,,2026-05-10 22:26:04
10157,,LOT-20260506-651F-007,,,,Trigo,Germinados,4813,cam1_20260510_164057.jpg,ambient,4815,cam1_20260510_164102.jpg,,1,29.7,49,46.5,2695,0,15,0.0,64.0,0,0.0,5,44.9,9.0,1.1,0.2,0,0,0,,2026-05-10 22:41:03
10169,,LOT-20260506-651F-007,,,,Trigo,Germinados,4817,cam1_20260510_165557.jpg,ambient,4819,cam1_20260510_165603.jpg,,1,29.7,48,44,2710,0,15,0.0,67.0,0,0.0,5,45.2,9.0,1.1,0.2,0,0,0,,2026-05-10 22:56:04
10181,,LOT-20260506-651F-007,,,,Trigo,Germinados,4821,cam1_20260510_171057.jpg,ambient,4823,cam1_20260510_171103.jpg,,1,29.8,46,47.5,2725,0,15,0.0,70.0,0,0.0,5,45.4,9.1,1.2,0.2,0,0,0,,2026-05-10 23:11:04
10193,,LOT-20260506-651F-007,,,,Trigo,Germinados,4825,cam1_20260510_172558.jpg,ambient,4827,cam1_20260510_172602.jpg,,1,29.8,47,45.9,2740,0,15,0.0,74.0,0,0.0,5,45.7,9.1,1.2,0.2,0,0,0,,2026-05-10 23:26:04
10205,,LOT-20260506-651F-007,,,,Trigo,Germinados,4829,cam1_20260510_174058.jpg,ambient,4831,cam1_20260510_174102.jpg,,1,29.8,47,46.4,2755,0,15,0.0,77.0,0,0.0,5,45.9,9.2,1.3,0.3,0,0,0,,2026-05-10 23:41:04
10217,,LOT-20260506-651F-007,,,,Trigo,Germinados,4833,cam1_20260510_175557.jpg,ambient,4835,cam1_20260510_175602.jpg,,1,29.8,45,45.5,2770,0,15,0.0,80.0,0,0.0,5,46.2,9.2,1.3,0.3,0,0,0,,2026-05-10 23:56:03
10229,,LOT-20260506-651F-007,,,,Trigo,Germinados,4837,cam1_20260510_181059.jpg,ambient,4839,cam1_20260510_181103.jpg,,1,29.7,48,45.4,2785,1,15,15.0,84.0,0,3.0,5,46.7,9.3,1.4,0.3,0,0,0,,2026-05-11 00:11:05
10241,,LOT-20260506-651F-007,,,,Trigo,Germinados,4841,cam1_20260510_182559.jpg,ambient,4843,cam1_20260510_182602.jpg,,1,29.7,58,44.8,2800,0,15,0.0,87.0,0,0.0,5,46.7,9.3,1.4,0.3,0,0,0,,2026-05-11 00:26:04
10253,,LOT-20260506-651F-007,,,,Trigo,Germinados,4845,cam1_20260510_184057.jpg,ambient,4847,cam1_20260510_184102.jpg,,1,29.8,57,45.3,2815,0,15,0.0,88.0,0,0.0,5,46.9,9.4,1.5,0.3,0,0,0,,2026-05-11 00:41:03
10265,,LOT-20260506-651F-007,,,,Trigo,Germinados,4849,cam1_20260510_185559.jpg,ambient,4851,cam1_20260510_185602.jpg,,1,29.9,44,44.5,2830,0,15,0.0,91.0,0,0.0,5,47.2,9.4,1.5,0.3,0,0,0,,2026-05-11 00:56:04
10277,,LOT-20260506-651F-007,,,,Trigo,Germinados,4853,cam1_20260510_191057.jpg,ambient,4855,cam1_20260510_191103.jpg,,1,29.8,45,44.1,2845,0,15,0.0,94.0,0,0.0,5,47.4,9.5,1.6,0.3,0,0,0,,2026-05-11 01:11:04
10289,,LOT-20260506-651F-007,,,,Trigo,Germinados,4857,cam1_20260510_192557.jpg,ambient,4859,cam1_20260510_192603.jpg,,1,30,57,43.9,2859,0,15,0.0,95.0,0,0.0,5,47.6,9.5,1.6,0.3,0,0,1,,2026-05-11 01:26:04
10301,,LOT-20260506-651F-007,,,,Trigo,Germinados,4861,cam1_20260510_194057.jpg,ambient,4863,cam1_20260510_194103.jpg,,1,29.8,46,43.8,2874,0,15,0.0,98.0,0,0.0,5,47.9,9.6,1.6,0.3,0,0,0,,2026-05-11 01:41:05
10313,,LOT-20260506-651F-007,,,,Trigo,Germinados,4865,cam1_20260510_195557.jpg,ambient,4867,cam1_20260510_195602.jpg,,1,29.6,48,43.2,2889,0,15,0.0,101.0,0,0.0,5,48.1,9.6,1.7,0.3,0,0,0,,2026-05-11 01:56:04
10325,,LOT-20260506-651F-007,,,,Trigo,Germinados,4869,cam1_20260510_201057.jpg,ambient,4871,cam1_20260510_201102.jpg,,1,29.6,45,43.4,2894,0,15,0.0,101.0,0,0.0,5,48.2,9.6,1.7,0.3,0,0,0,,2026-05-11 02:11:04
10337,,LOT-20260506-651F-007,,,,Trigo,Germinados,4873,cam1_20260510_202558.jpg,ambient,4875,cam1_20260510_202602.jpg,,1,29.2,45,43.6,2894,0,15,0.0,101.0,0,0.0,5,48.2,9.6,1.7,0.3,0,0,0,,2026-05-11 02:26:04
10349,,LOT-20260506-651F-007,,,,Trigo,Germinados,4877,cam1_20260510_204057.jpg,ambient,4879,cam1_20260510_204102.jpg,,1,29,46,42.8,2894,0,15,0.0,101.0,0,0.0,5,48.2,9.6,1.7,0.3,0,0,0,,2026-05-11 02:41:04
10361,,LOT-20260506-651F-007,,,,Trigo,Germinados,4881,cam1_20260510_205557.jpg,ambient,4883,cam1_20260510_205602.jpg,,1,28.8,45,42.5,2894,0,15,0.0,101.0,0,0.0,5,48.2,9.6,1.7,0.3,0,0,0,,2026-05-11 02:56:04
10373,,LOT-20260506-651F-007,,,,Trigo,Germinados,4885,cam1_20260510_211059.jpg,ambient,4887,cam1_20260510_211104.jpg,,1,29,46,40.2,2904,0,15,0.0,101.0,0,0.0,5,48.4,9.7,1.7,0.3,0,0,0,,2026-05-11 03:11:07
10385,,LOT-20260506-651F-007,,,,Trigo,Germinados,4889,cam1_20260510_212558.jpg,ambient,4891,cam1_20260510_212603.jpg,,1,29.1,47,41.3,2918,0,15,0.0,101.0,0,0.0,5,48.6,9.7,1.7,0.3,0,0,0,,2026-05-11 03:26:04
10397,,LOT-20260506-651F-007,,,,Trigo,Germinados,4893,cam1_20260510_214058.jpg,ambient,4895,cam1_20260510_214103.jpg,,1,27.6,45,37.5,2933,0,15,0.0,101.0,0,0.0,5,48.9,9.8,1.7,0.3,0,0,0,,2026-05-11 03:41:04
10409,,LOT-20260506-651F-007,,,,Trigo,Germinados,4897,cam1_20260510_215557.jpg,ambient,4899,cam1_20260510_215604.jpg,,1,27.3,47,34.1,2948,0,15,0.0,101.0,0,0.0,5,49.1,9.8,1.7,0.3,0,0,0,,2026-05-11 03:56:06
10421,,LOT-20260506-651F-007,,,,Trigo,Germinados,4901,cam1_20260510_221058.jpg,ambient,4903,cam1_20260510_221103.jpg,,1,26.8,42,35.2,2963,0,15,0.0,101.0,0,0.0,5,49.4,9.9,1.7,0.3,0,0,0,,2026-05-11 04:11:05
10433,,LOT-20260506-651F-007,,,,Trigo,Germinados,4905,cam1_20260510_222559.jpg,ambient,4907,cam1_20260510_222603.jpg,,1,26.2,40,35.6,2978,0,15,0.0,101.0,0,0.0,5,49.6,9.9,1.7,0.3,0,0,0,,2026-05-11 04:26:04
10445,,LOT-20260506-651F-007,,,,Trigo,Germinados,4909,cam1_20260510_224058.jpg,ambient,4911,cam1_20260510_224103.jpg,,1,26.8,40,35.8,2993,0,15,0.0,101.0,0,0.0,5,49.9,10.0,1.7,0.3,0,0,0,,2026-05-11 04:41:05
10457,,LOT-20260506-651F-007,,,,Trigo,Germinados,4913,cam1_20260510_225558.jpg,ambient,4915,cam1_20260510_225603.jpg,,1,28,46,33.7,3008,0,15,0.0,101.0,0,0.0,5,50.1,10.0,1.7,0.3,0,0,0,,2026-05-11 04:56:05
10469,,LOT-20260506-651F-007,,,,Trigo,Germinados,4917,cam1_20260510_231058.jpg,ambient,4919,cam1_20260510_231103.jpg,,1,28.2,47,35.8,3023,0,15,0.0,101.0,0,0.0,5,50.4,10.1,1.7,0.3,0,0,0,,2026-05-11 05:11:05
10481,,LOT-20260506-651F-007,,,,Trigo,Germinados,4921,cam1_20260510_232557.jpg,ambient,4923,cam1_20260510_232603.jpg,,1,28.2,48,35.9,3038,0,15,0.0,101.0,0,0.0,5,50.6,10.1,1.7,0.3,0,0,0,,2026-05-11 05:26:05
10493,,LOT-20260506-651F-007,,,,Trigo,Germinados,4925,cam1_20260510_234058.jpg,ambient,4927,cam1_20260510_234103.jpg,,1,28.4,48,37.3,3052,0,15,0.0,101.0,0,0.0,5,50.9,10.2,1.7,0.3,0,0,0,,2026-05-11 05:41:05
10505,,LOT-20260506-651F-007,,,,Trigo,Germinados,4929,cam1_20260510_235558.jpg,ambient,4931,cam1_20260510_235603.jpg,,1,28.4,50,35.6,3067,0,15,0.0,101.0,0,0.0,5,51.1,10.2,1.7,0.3,0,0,0,,2026-05-11 05:56:05
10517,,LOT-20260506-651F-007,,,,Trigo,Germinados,4933,cam1_20260511_001058.jpg,ambient,4935,cam1_20260511_001103.jpg,,1,28.5,48,34.1,3082,0,15,0.0,101.0,0,0.0,5,51.4,10.3,1.7,0.3,0,0,0,,2026-05-11 06:11:05
10529,,LOT-20260506-651F-007,,,,Trigo,Germinados,4937,cam1_20260511_002558.jpg,ambient,4939,cam1_20260511_002603.jpg,,1,28.6,51,36.3,3093,0,15,0.0,101.0,0,0.0,5,51.5,10.3,1.7,0.3,0,0,0,,2026-05-11 06:26:05
10541,,LOT-20260506-651F-007,,,,Trigo,Germinados,4941,cam1_20260511_004059.jpg,ambient,4943,cam1_20260511_004103.jpg,,1,28.7,51,35.8,3093,0,15,0.0,101.0,0,0.0,5,51.5,10.3,1.7,0.3,0,0,0,,2026-05-11 06:41:05
10553,,LOT-20260506-651F-007,,,,Trigo,Germinados,4945,cam1_20260511_005557.jpg,ambient,4947,cam1_20260511_005603.jpg,,1,28.5,53,34.3,3093,0,15,0.0,101.0,0,0.0,5,51.5,10.3,1.7,0.3,0,0,0,,2026-05-11 06:56:05
10560,,LOT-20260506-651F-007,,,,Trigo,Germinados,4948,cam1_20260511_083549.jpg,ambient,4950,cam1_20260511_083552.jpg,,1,26.6,53,14.3,3094,0,15,0.0,101.0,0,0.0,5,51.6,10.3,1.7,0.3,0,0,0,,2026-05-11 14:35:54
10577,,LOT-20260506-651F-007,,,,Trigo,Germinados,4953,cam1_20260511_085050.jpg,ambient,4955,cam1_20260511_085055.jpg,,1,27.2,52,14.9,3109,0,15,0.0,101.0,0,0.0,5,51.8,10.4,1.7,0.3,0,0,0,,2026-05-11 14:50:56
10589,,LOT-20260506-651F-007,,,,Trigo,Germinados,4957,cam1_20260511_090549.jpg,ambient,4959,cam1_20260511_090555.jpg,,1,27.8,50,15.7,3124,0,15,0.0,101.0,0,0.0,5,52.1,10.4,1.7,0.3,0,0,0,,2026-05-11 15:05:56
10601,,LOT-20260506-651F-007,,,,Trigo,Germinados,4961,cam1_20260511_092050.jpg,ambient,4963,cam1_20260511_092055.jpg,,1,28.2,50,15.9,3139,0,15,0.0,101.0,0,0.0,5,52.3,10.5,1.7,0.3,0,0,0,,2026-05-11 15:20:56
10613,,LOT-20260506-651F-007,,,,Trigo,Germinados,4973,cam1_20260511_093550.jpg,ambient,4975,cam1_20260511_093555.jpg,,1,28.3,49,16.1,3153,0,15,0.0,101.0,0,0.0,5,52.5,10.5,1.7,0.3,0,0,0,,2026-05-11 15:35:56
10625,,LOT-20260506-651F-007,,,,Trigo,Germinados,4977,cam1_20260511_095050.jpg,ambient,4979,cam1_20260511_095055.jpg,,1,28.4,49,16.3,3168,0,15,0.0,101.0,0,0.0,5,52.8,10.6,1.7,0.3,0,0,0,,2026-05-11 15:50:56
10637,,LOT-20260506-651F-007,,,,Trigo,Germinados,4981,cam1_20260511_100549.jpg,ambient,4983,cam1_20260511_100555.jpg,,1,28.6,48,16.2,3183,0,15,0.0,101.0,0,0.0,5,53.0,10.6,1.7,0.3,0,0,0,,2026-05-11 16:05:56
10649,,LOT-20260506-651F-007,,,,Trigo,Germinados,4985,cam1_20260511_102050.jpg,ambient,4987,cam1_20260511_102056.jpg,,1,28.6,48,16.6,3198,0,15,0.0,101.0,0,0.0,5,53.3,10.7,1.7,0.3,0,0,0,,2026-05-11 16:20:57
10661,,LOT-20260506-651F-007,,,,Trigo,Germinados,4989,cam1_20260511_103552.jpg,ambient,4991,cam1_20260511_103600.jpg,,1,28.5,48,16.5,3213,0,15,0.0,101.0,0,0.0,5,53.5,10.7,1.7,0.3,0,0,0,,2026-05-11 16:36:02
10673,,LOT-20260506-651F-007,,,,Trigo,Germinados,4993,cam1_20260511_105050.jpg,ambient,4995,cam1_20260511_105055.jpg,,1,28.7,47,16.7,3228,0,15,0.0,102.0,0,0.0,5,53.8,10.8,1.7,0.3,0,0,0,,2026-05-11 16:50:57
10685,,LOT-20260506-651F-007,,,,Trigo,Germinados,4997,cam1_20260511_110550.jpg,ambient,4999,cam1_20260511_110555.jpg,,1,28.9,47,16.9,3243,0,15,0.0,102.0,0,0.0,5,54.0,10.8,1.7,0.3,0,0,0,,2026-05-11 17:05:56
10697,,LOT-20260506-651F-007,,,,Trigo,Germinados,5001,cam1_20260511_112150.jpg,ambient,5003,cam1_20260511_112155.jpg,,1,29.1,48,17,3258,0,15,0.0,102.0,0,0.0,5,54.3,10.9,1.7,0.3,0,0,0,,2026-05-11 17:21:56
10709,,LOT-20260506-651F-007,,,,Trigo,Germinados,5005,cam1_20260511_113650.jpg,ambient,5007,cam1_20260511_113657.jpg,,1,29.2,48,16.5,3273,0,15,0.0,102.0,0,0.0,5,54.5,10.9,1.7,0.3,0,0,0,,2026-05-11 17:36:58
10721,,LOT-20260506-651F-007,,,,Trigo,Germinados,5009,cam1_20260511_115150.jpg,ambient,5011,cam1_20260511_115155.jpg,,1,29.2,48,18.3,3288,0,15,0.0,102.0,0,0.0,5,54.8,11.0,1.7,0.3,0,0,0,,2026-05-11 17:51:57
10733,,LOT-20260506-651F-007,,,,Trigo,Germinados,5013,cam1_20260511_120650.jpg,ambient,5015,cam1_20260511_120655.jpg,,1,29.3,47,16.9,3303,0,15,0.0,102.0,0,0.0,5,55.0,11.0,1.7,0.3,0,0,0,,2026-05-11 18:06:56
10745,,LOT-20260506-651F-007,,,,Trigo,Germinados,5017,cam1_20260511_122150.jpg,ambient,5019,cam1_20260511_122154.jpg,,1,29.4,46,17.6,3318,0,15,0.0,102.0,0,0.0,5,55.3,11.1,1.7,0.3,0,0,0,,2026-05-11 18:21:56
10757,,LOT-20260506-651F-007,,,,Trigo,Germinados,5021,cam1_20260511_123653.jpg,ambient,5023,cam1_20260511_123658.jpg,,1,29.4,46,19.3,3333,0,15,0.0,102.0,0,0.0,5,55.5,11.1,1.7,0.3,0,0,0,,2026-05-11 18:37:00
10769,,LOT-20260506-651F-007,,,,Trigo,Germinados,5025,cam1_20260511_125153.jpg,ambient,5027,cam1_20260511_125158.jpg,,1,29.6,45,17,3348,0,15,0.0,102.0,0,0.0,5,55.8,11.2,1.7,0.3,0,0,0,,2026-05-11 18:52:00
10781,,LOT-20260506-651F-007,,,,Trigo,Germinados,5033,cam1_20260511_130654.jpg,ambient,5035,cam1_20260511_130659.jpg,,1,29.6,48,55.4,3363,0,15,0.0,102.0,0,0.0,5,56.0,11.2,1.7,0.3,0,0,0,,2026-05-11 19:07:00
10793,,LOT-20260506-651F-007,,,,Trigo,Germinados,5037,cam1_20260511_132154.jpg,ambient,5039,cam1_20260511_132158.jpg,,1,29.5,44,53.6,3377,0,15,0.0,102.0,0,0.0,5,56.3,11.3,1.7,0.3,0,0,0,,2026-05-11 19:22:00
10805,,LOT-20260506-651F-007,,,,Trigo,Germinados,5041,cam1_20260511_133654.jpg,ambient,5043,cam1_20260511_133658.jpg,,1,29.5,44,49.7,3392,0,15,0.0,102.0,0,0.0,5,56.5,11.3,1.7,0.3,0,0,0,,2026-05-11 19:37:00
10817,,LOT-20260506-651F-007,,,,Trigo,Germinados,5049,cam1_20260511_135226.jpg,ambient,5051,cam1_20260511_135231.jpg,,1,29.5,44,48.9,3408,0,15,0.0,102.0,0,0.0,5,56.8,11.4,1.7,0.3,0,0,0,,2026-05-11 19:52:32
10829,,LOT-20260506-651F-007,,,,Trigo,Germinados,5053,cam1_20260511_140815.jpg,ambient,5055,cam1_20260511_140821.jpg,,1,29.5,52,38.3,3424,0,15,0.0,102.0,0,0.0,5,57.1,11.4,1.7,0.3,0,0,0,,2026-05-11 20:08:23
10841,,LOT-20260506-651F-007,,,,Trigo,Germinados,5057,cam1_20260511_142315.jpg,ambient,5059,cam1_20260511_142319.jpg,,1,29.6,44,40.1,3438,0,15,0.0,102.0,0,0.0,5,57.3,11.5,1.7,0.3,0,0,0,,2026-05-11 20:23:21
10853,,LOT-20260506-651F-007,,,,Trigo,Germinados,5061,cam1_20260511_143815.jpg,ambient,5063,cam1_20260511_143820.jpg,,1,29.5,44,40.5,3453,0,15,0.0,102.0,0,0.0,5,57.5,11.5,1.7,0.3,0,0,0,,2026-05-11 20:38:21
10865,,LOT-20260506-651F-007,,,,Trigo,Germinados,5065,cam1_20260511_145315.jpg,ambient,5067,cam1_20260511_145320.jpg,,1,29.6,45,40.1,3468,0,15,0.0,102.0,0,0.0,5,57.8,11.6,1.7,0.3,0,0,0,,2026-05-11 20:53:21
10877,,LOT-20260506-651F-007,,,,Trigo,Germinados,5069,cam1_20260511_150816.jpg,ambient,5071,cam1_20260511_150819.jpg,,1,29.5,44,40.5,3483,0,15,0.0,102.0,0,0.0,6,58.0,9.7,1.7,0.3,0,0,0,,2026-05-11 21:08:21
10889,,LOT-20260506-651F-007,,,,Trigo,Germinados,5073,cam1_20260511_152316.jpg,ambient,5075,cam1_20260511_152320.jpg,,1,29.7,46,41.1,3498,0,15,0.0,102.0,0,0.0,6,58.3,9.7,1.7,0.3,0,0,0,,2026-05-11 21:23:21
10896,,LOT-20260506-651F-007,,,,Trigo,Germinados,5076,cam1_20260511_162348.jpg,ambient,5078,cam1_20260511_162351.jpg,,1,28.4,54,30.4,3558,0,15,0.0,102.0,0,0.0,6,59.3,9.9,1.7,0.3,0,0,0,,2026-05-11 22:23:52
10913,,LOT-20260506-651F-007,,,,Trigo,Germinados,5085,cam1_20260511_163848.jpg,ambient,5087,cam1_20260511_163853.jpg,,1,28.9,52,41.9,3573,0,15,0.0,102.0,0,0.0,6,59.5,9.9,1.7,0.3,0,0,0,,2026-05-11 22:38:54
10925,,LOT-20260506-651F-007,,,,Trigo,Germinados,5089,cam1_20260511_165348.jpg,ambient,5091,cam1_20260511_165353.jpg,,1,29.3,50,41.7,3588,0,15,0.0,102.0,0,0.0,6,59.8,10.0,1.7,0.3,0,0,0,,2026-05-11 22:53:54
10937,,LOT-20260506-651F-007,,,,Trigo,Germinados,5093,cam1_20260511_170848.jpg,ambient,5095,cam1_20260511_170853.jpg,,1,29.5,46,41.6,3603,0,15,0.0,102.0,0,0.0,6,60.0,10.0,1.7,0.3,0,0,0,,2026-05-11 23:08:54
10949,,LOT-20260506-651F-007,,,,Trigo,Germinados,5097,cam1_20260511_172348.jpg,ambient,5099,cam1_20260511_172353.jpg,,1,28.7,43,41.4,3618,0,15,0.0,102.0,0,0.0,6,60.3,10.0,1.7,0.3,0,0,0,,2026-05-11 23:23:55
10961,,LOT-20260506-651F-007,,,,Trigo,Germinados,5101,cam1_20260511_174005.jpg,ambient,5103,cam1_20260511_174012.jpg,,1,28.3,42,40.1,3634,0,15,0.0,102.0,0,0.0,6,60.6,10.1,1.7,0.3,0,0,0,,2026-05-11 23:40:14
10973,,LOT-20260506-651F-007,,,,Trigo,Germinados,5105,cam1_20260511_175506.jpg,ambient,5107,cam1_20260511_175510.jpg,,1,28,42,39.9,3649,0,15,0.0,102.0,0,0.0,6,60.8,10.1,1.7,0.3,0,0,0,,2026-05-11 23:55:12
10985,,LOT-20260506-651F-007,,,,Trigo,Germinados,5109,cam1_20260511_181005.jpg,ambient,5111,cam1_20260511_181011.jpg,,1,28.7,44,44.1,3664,1,15,15.0,102.0,0,0.0,6,61.1,10.2,1.7,0.3,0,0,0,,2026-05-12 00:10:13
10992,,LOT-20260506-651F-007,,,,Trigo,Germinados,5120,cam1_20260512_001712.jpg,ambient,5122,cam1_20260512_001715.jpg,,1,29,50,1.5,3898,0,15,0.0,106.0,0,0.0,6,65.0,10.8,1.8,0.3,0,0,0,,2026-05-12 06:17:17
11009,,LOT-20260506-651F-007,,,,Trigo,Germinados,5129,cam1_20260512_003231.jpg,ambient,5131,cam1_20260512_003236.jpg,,1,29,50,1.4,3909,0,15,0.0,106.0,0,0.0,6,65.2,10.9,1.8,0.3,0,0,0,,2026-05-12 06:32:38
11021,,LOT-20260506-651F-007,,,,Trigo,Germinados,5133,cam1_20260512_004731.jpg,ambient,5135,cam1_20260512_004736.jpg,,1,29,50,1.4,3909,0,15,0.0,106.0,0,0.0,6,65.2,10.9,1.8,0.3,0,0,0,,2026-05-12 06:47:38
11033,,LOT-20260506-651F-007,,,,Trigo,Germinados,5137,cam1_20260512_010231.jpg,ambient,5139,cam1_20260512_010236.jpg,,1,29,50,1.4,3909,0,15,0.0,106.0,0,0.0,6,65.2,10.9,1.8,0.3,0,0,0,,2026-05-12 07:02:38
11045,,LOT-20260506-651F-007,,,,Trigo,Germinados,5141,cam1_20260512_011731.jpg,ambient,5143,cam1_20260512_011736.jpg,,1,29,50,1.3,3909,0,15,0.0,106.0,0,0.0,6,65.2,10.9,1.8,0.3,0,0,0,,2026-05-12 07:17:38
11057,,LOT-20260506-651F-007,,,,Trigo,Germinados,5145,cam1_20260512_013231.jpg,ambient,5147,cam1_20260512_013236.jpg,,1,29,50,1.3,3909,0,15,0.0,106.0,0,0.0,6,65.2,10.9,1.8,0.3,0,0,0,,2026-05-12 07:32:38
11064,,LOT-20260506-651F-007,,,,Trigo,Germinados,5148,cam1_20260512_014841.jpg,ambient,5150,cam1_20260512_014844.jpg,,1,29,50,1.2,3909,0,15,0.0,106.0,0,0.0,6,65.2,10.9,1.8,0.3,0,0,0,,2026-05-12 07:48:45
11081,,LOT-20260506-651F-007,,,,Trigo,Germinados,5153,cam1_20260512_020428.jpg,ambient,5155,cam1_20260512_020433.jpg,,1,29,50,1.2,3909,0,15,0.0,106.0,0,0.0,6,65.2,10.9,1.8,0.3,0,0,0,,2026-05-12 08:04:35
11093,,LOT-20260506-651F-007,,,,Trigo,Germinados,5157,cam1_20260512_021928.jpg,ambient,5159,cam1_20260512_021933.jpg,,1,29,50,1.2,3909,0,15,0.0,106.0,0,0.0,6,65.2,10.9,1.8,0.3,0,0,0,,2026-05-12 08:19:35
11105,,LOT-20260506-651F-007,,,,Trigo,Germinados,5161,cam1_20260512_023428.jpg,ambient,5163,cam1_20260512_023434.jpg,,1,29,50,1.1,3909,0,15,0.0,106.0,0,0.0,6,65.2,10.9,1.8,0.3,0,0,0,,2026-05-12 08:34:35
11117,,LOT-20260506-651F-007,,,,Trigo,Germinados,5165,cam1_20260512_024928.jpg,ambient,5167,cam1_20260512_024934.jpg,,1,29,50,1.1,3910,0,15,0.0,106.0,0,0.0,6,65.2,10.9,1.8,0.3,0,0,0,,2026-05-12 08:49:35
11129,,LOT-20260506-651F-007,,,,Trigo,Germinados,5169,cam1_20260512_030428.jpg,ambient,5171,cam1_20260512_030433.jpg,,1,29,50,1,3910,0,15,0.0,106.0,0,0.0,6,65.2,10.9,1.8,0.3,0,0,0,,2026-05-12 09:04:35
11141,,LOT-20260506-651F-007,,,,Trigo,Germinados,5173,cam1_20260512_031928.jpg,ambient,5175,cam1_20260512_031933.jpg,,1,29,50,1,3910,0,15,0.0,106.0,0,0.0,6,65.2,10.9,1.8,0.3,0,0,0,,2026-05-12 09:19:35
11148,,LOT-20260506-651F-007,,,,Trigo,Germinados,5176,cam1_20260512_033428.jpg,ambient,5178,cam1_20260512_033431.jpg,,1,29,50,0.9,3910,0,15,0.0,106.0,0,0.0,6,65.2,10.9,1.8,0.3,0,0,0,,2026-05-12 09:34:33
11165,,LOT-20260506-651F-007,,,,Trigo,Germinados,5181,cam1_20260512_034928.jpg,ambient,5183,cam1_20260512_034933.jpg,,1,29,50,0.9,3910,0,15,0.0,106.0,0,0.0,6,65.2,10.9,1.8,0.3,0,0,0,,2026-05-12 09:49:35
11177,,LOT-20260506-651F-007,,,,Trigo,Germinados,5185,cam1_20260512_040428.jpg,ambient,5187,cam1_20260512_040433.jpg,,1,29,50,0.9,3910,0,15,0.0,106.0,0,0.0,6,65.2,10.9,1.8,0.3,0,0,0,,2026-05-12 10:04:35
11189,,LOT-20260506-651F-007,,,,Trigo,Germinados,5189,cam1_20260512_041929.jpg,ambient,5191,cam1_20260512_041934.jpg,,1,29,50,0.8,3910,0,15,0.0,106.0,0,0.0,6,65.2,10.9,1.8,0.3,0,0,0,,2026-05-12 10:19:35
11201,,LOT-20260506-651F-007,,,,Trigo,Germinados,5193,cam1_20260512_043428.jpg,ambient,5195,cam1_20260512_043433.jpg,,1,29,50,0.9,3910,0,15,0.0,106.0,0,0.0,6,65.2,10.9,1.8,0.3,0,0,0,,2026-05-12 10:34:35
11213,,LOT-20260506-651F-007,,,,Trigo,Germinados,5197,cam1_20260512_044928.jpg,ambient,5199,cam1_20260512_044933.jpg,,1,29,50,0.8,3910,0,15,0.0,106.0,0,0.0,6,65.2,10.9,1.8,0.3,0,0,0,,2026-05-12 10:49:35
11225,,LOT-20260506-651F-007,,,,Trigo,Germinados,5201,cam1_20260512_050428.jpg,ambient,5203,cam1_20260512_050433.jpg,,1,29,50,0.8,3910,0,15,0.0,106.0,0,0.0,6,65.2,10.9,1.8,0.3,0,0,0,,2026-05-12 11:04:35
11237,,LOT-20260506-651F-007,,,,Trigo,Germinados,5205,cam1_20260512_051928.jpg,ambient,5207,cam1_20260512_051933.jpg,,1,29,50,0.7,3910,0,15,0.0,106.0,0,0.0,6,65.2,10.9,1.8,0.3,0,0,0,,2026-05-12 11:19:35
11249,,LOT-20260506-651F-007,,,,Trigo,Germinados,5209,cam1_20260512_053428.jpg,ambient,5211,cam1_20260512_053433.jpg,,1,29,50,0.7,3910,0,15,0.0,106.0,0,0.0,6,65.2,10.9,1.8,0.3,0,0,0,,2026-05-12 11:34:35
11261,,LOT-20260506-651F-007,,,,Trigo,Germinados,5213,cam1_20260512_054928.jpg,ambient,5215,cam1_20260512_054933.jpg,,1,29,50,0.8,3910,0,15,0.0,106.0,0,0.0,6,65.2,10.9,1.8,0.3,0,0,0,,2026-05-12 11:49:35
11273,,LOT-20260506-651F-007,,,,Trigo,Germinados,5217,cam1_20260512_060428.jpg,ambient,5219,cam1_20260512_060434.jpg,,1,29,50,0.7,3910,0,15,0.0,106.0,0,0.0,6,65.2,10.9,1.8,0.3,0,0,0,,2026-05-12 12:04:35
11285,,LOT-20260506-651F-007,,,,Trigo,Germinados,5221,cam1_20260512_061928.jpg,ambient,5223,cam1_20260512_061933.jpg,,1,29,50,0.7,3910,0,15,0.0,106.0,0,0.0,6,65.2,10.9,1.8,0.3,0,0,0,,2026-05-12 12:19:35
11297,,LOT-20260506-651F-007,,,,Trigo,Germinados,5225,cam1_20260512_063428.jpg,ambient,5227,cam1_20260512_063433.jpg,,1,29,50,0.6,3910,0,15,0.0,106.0,0,0.0,6,65.2,10.9,1.8,0.3,0,0,0,,2026-05-12 12:34:35
11309,,LOT-20260506-651F-007,,,,Trigo,Germinados,5229,cam1_20260512_064928.jpg,ambient,5231,cam1_20260512_064933.jpg,,1,29,50,0.7,3911,0,15,0.0,106.0,0,0.0,6,65.2,10.9,1.8,0.3,0,0,0,,2026-05-12 12:49:35
11321,,LOT-20260506-651F-007,,,,Trigo,Germinados,5233,cam1_20260512_070428.jpg,ambient,5235,cam1_20260512_070433.jpg,,1,29,50,0.6,3911,0,15,0.0,106.0,0,0.0,6,65.2,10.9,1.8,0.3,0,0,0,,2026-05-12 13:04:35
11333,,LOT-20260506-651F-007,,,,Trigo,Germinados,5237,cam1_20260512_071928.jpg,ambient,5239,cam1_20260512_071933.jpg,,1,29,50,0.6,3911,0,15,0.0,106.0,0,0.0,6,65.2,10.9,1.8,0.3,0,0,0,,2026-05-12 13:19:35
11345,,LOT-20260506-651F-007,,,,Trigo,Germinados,5241,cam1_20260512_073428.jpg,ambient,5243,cam1_20260512_073433.jpg,,1,29,50,0.6,3911,0,15,0.0,106.0,0,0.0,6,65.2,10.9,1.8,0.3,0,0,0,,2026-05-12 13:34:35
11357,,LOT-20260506-651F-007,,,,Trigo,Germinados,5245,cam1_20260512_074928.jpg,ambient,5247,cam1_20260512_074933.jpg,,1,29,50,0.6,3911,0,15,0.0,106.0,0,0.0,6,65.2,10.9,1.8,0.3,0,0,0,,2026-05-12 13:49:35
11369,,LOT-20260506-651F-007,,,,Trigo,Germinados,5253,cam1_20260512_080430.jpg,ambient,5255,cam1_20260512_080436.jpg,,1,29,50,0.6,3915,0,15,0.0,106.0,0,0.0,6,65.3,10.9,1.8,0.3,0,0,0,,2026-05-12 14:04:37
11381,,LOT-20260506-651F-007,,,,Trigo,Germinados,5257,cam1_20260512_081930.jpg,ambient,5259,cam1_20260512_081936.jpg,,1,29,50,0.5,3930,0,15,0.0,106.0,0,0.0,6,65.5,10.9,1.8,0.3,0,0,0,,2026-05-12 14:19:37
11393,,LOT-20260506-651F-007,,,,Trigo,Germinados,5261,cam1_20260512_083431.jpg,ambient,5263,cam1_20260512_083436.jpg,,1,29,50,0.6,3945,0,15,0.0,106.0,0,0.0,6,65.8,11.0,1.8,0.3,0,0,0,,2026-05-12 14:34:38
11405,,LOT-20260506-651F-007,,,,Trigo,Germinados,5265,cam1_20260512_084930.jpg,ambient,5267,cam1_20260512_084936.jpg,,1,29,50,0.6,3960,0,15,0.0,106.0,0,0.0,6,66.0,11.0,1.8,0.3,0,0,0,,2026-05-12 14:49:37
11417,,LOT-20260506-651F-007,,,,Trigo,Germinados,5269,cam1_20260512_090431.jpg,ambient,5271,cam1_20260512_090436.jpg,,1,29,50,0.6,3974,0,15,0.0,106.0,0,0.0,6,66.2,11.0,1.8,0.3,0,0,0,,2026-05-12 15:04:38
11429,,LOT-20260506-651F-007,,,,Trigo,Germinados,5273,cam1_20260512_091931.jpg,ambient,5275,cam1_20260512_091936.jpg,,1,29,50,0.5,3989,0,15,0.0,106.0,0,0.0,6,66.5,11.1,1.8,0.3,0,0,0,,2026-05-12 15:19:38
11441,,LOT-20260506-651F-007,,,,Trigo,Germinados,5277,cam1_20260512_093431.jpg,ambient,5279,cam1_20260512_093436.jpg,,1,29,50,0.5,4004,0,15,0.0,106.0,0,0.0,6,66.7,11.1,1.8,0.3,0,0,0,,2026-05-12 15:34:38
11453,,LOT-20260506-651F-007,,,,Trigo,Germinados,5281,cam1_20260512_094931.jpg,ambient,5283,cam1_20260512_094936.jpg,,1,29,50,0.5,4019,0,15,0.0,106.0,0,0.0,6,67.0,11.2,1.8,0.3,0,0,0,,2026-05-12 15:49:38
11465,,LOT-20260506-651F-007,,,,Trigo,Germinados,5285,cam1_20260512_100431.jpg,ambient,5287,cam1_20260512_100436.jpg,,1,29,50,0.5,4034,0,15,0.0,106.0,0,0.0,6,67.2,11.2,1.8,0.3,0,0,0,,2026-05-12 16:04:38
11477,,LOT-20260506-651F-007,,,,Trigo,Germinados,5289,cam1_20260512_101931.jpg,ambient,5291,cam1_20260512_101936.jpg,,1,29,50,0.5,4049,0,15,0.0,106.0,0,0.0,6,67.5,11.2,1.8,0.3,0,0,0,,2026-05-12 16:19:38
11484,,LOT-20260506-651F-007,,,,Trigo,Germinados,5292,cam1_20260512_103431.jpg,ambient,5294,cam1_20260512_103434.jpg,,1,29,50,0.5,4064,0,15,0.0,106.0,0,0.0,6,67.7,11.3,1.8,0.3,0,0,0,,2026-05-12 16:34:35
11501,,LOT-20260506-651F-007,,,,Trigo,Germinados,5297,cam1_20260512_104931.jpg,ambient,5299,cam1_20260512_104936.jpg,,1,29,50,0.5,4079,0,15,0.0,106.0,0,0.0,6,68.0,11.3,1.8,0.3,0,0,0,,2026-05-12 16:49:38
11513,,LOT-20260506-651F-007,,,,Trigo,Germinados,5301,cam1_20260512_110431.jpg,ambient,5303,cam1_20260512_110436.jpg,,1,29,50,0.5,4094,0,15,0.0,106.0,0,0.0,6,68.2,11.4,1.8,0.3,0,0,0,,2026-05-12 17:04:38
11525,,LOT-20260506-651F-007,,,,Trigo,Germinados,5305,cam1_20260512_111931.jpg,ambient,5307,cam1_20260512_111936.jpg,,1,29,50,0.4,4109,0,15,0.0,106.0,0,0.0,6,68.5,11.4,1.8,0.3,0,0,0,,2026-05-12 17:19:38
11537,,LOT-20260506-651F-007,,,,Trigo,Germinados,5309,cam1_20260512_113431.jpg,ambient,5311,cam1_20260512_113436.jpg,,1,29,50,0.4,4124,0,15,0.0,106.0,0,0.0,6,68.7,11.5,1.8,0.3,0,0,0,,2026-05-12 17:34:38
11549,,LOT-20260506-651F-007,,,,Trigo,Germinados,5313,cam1_20260512_114931.jpg,ambient,5315,cam1_20260512_114936.jpg,,1,29,50,0.4,4138,0,15,0.0,106.0,0,0.0,6,69.0,11.5,1.8,0.3,0,0,0,,2026-05-12 17:49:38
11561,,LOT-20260506-651F-007,,,,Trigo,Germinados,5317,cam1_20260512_120431.jpg,ambient,5319,cam1_20260512_120436.jpg,,1,29,50,0.4,4153,0,15,0.0,106.0,0,0.0,6,69.2,11.5,1.8,0.3,0,0,0,,2026-05-12 18:04:38
11573,,LOT-20260506-651F-007,,,,Trigo,Germinados,5321,cam1_20260512_121931.jpg,ambient,5323,cam1_20260512_121936.jpg,,1,29,50,0.4,4168,0,15,0.0,106.0,0,0.0,6,69.5,11.6,1.8,0.3,0,0,0,,2026-05-12 18:19:38
11585,,LOT-20260506-651F-007,,,,Trigo,Germinados,5325,cam1_20260512_123431.jpg,ambient,5327,cam1_20260512_123436.jpg,,1,29,50,0.4,4183,0,15,0.0,106.0,0,0.0,6,69.7,11.6,1.8,0.3,0,0,0,,2026-05-12 18:34:38
11597,,LOT-20260506-651F-007,,,,Trigo,Germinados,5329,cam1_20260512_124931.jpg,ambient,5331,cam1_20260512_124936.jpg,,1,29,50,0.4,4198,0,15,0.0,106.0,0,0.0,6,70.0,11.7,1.8,0.3,0,0,0,,2026-05-12 18:49:38
11609,,LOT-20260506-651F-007,,,,Trigo,Germinados,5333,cam1_20260512_130431.jpg,ambient,5335,cam1_20260512_130436.jpg,,1,29,50,0.4,4213,0,15,0.0,106.0,0,0.0,6,70.2,11.7,1.8,0.3,0,0,0,,2026-05-12 19:04:38
11621,,LOT-20260506-651F-007,,,,Trigo,Germinados,5337,cam1_20260512_131931.jpg,ambient,5339,cam1_20260512_131936.jpg,,1,29,50,0.3,4228,0,15,0.0,106.0,0,0.0,6,70.5,11.7,1.8,0.3,0,0,0,,2026-05-12 19:19:38
11633,,LOT-20260506-651F-007,,,,Trigo,Germinados,5341,cam1_20260512_133431.jpg,ambient,5343,cam1_20260512_133436.jpg,,1,29,50,0.3,4243,0,15,0.0,106.0,0,0.0,6,70.7,11.8,1.8,0.3,0,0,0,,2026-05-12 19:34:38
11645,,LOT-20260506-651F-007,,,,Trigo,Germinados,5345,cam1_20260512_134931.jpg,ambient,5347,cam1_20260512_134936.jpg,,1,29,50,0.3,4258,0,15,0.0,106.0,0,0.0,6,71.0,11.8,1.8,0.3,0,0,0,,2026-05-12 19:49:38
11657,,LOT-20260506-651F-007,,,,Trigo,Germinados,5349,cam1_20260512_140431.jpg,ambient,5351,cam1_20260512_140436.jpg,,1,29,50,0.3,4273,0,15,0.0,106.0,0,0.0,6,71.2,11.9,1.8,0.3,0,0,0,,2026-05-12 20:04:38
11669,,LOT-20260506-651F-007,,,,Trigo,Germinados,5353,cam1_20260512_141931.jpg,ambient,5355,cam1_20260512_141936.jpg,,1,29,50,0.2,4288,0,15,0.0,106.0,0,0.0,6,71.5,11.9,1.8,0.3,0,0,0,,2026-05-12 20:19:38
11681,,LOT-20260506-651F-007,,,,Trigo,Germinados,5357,cam1_20260512_143431.jpg,ambient,5359,cam1_20260512_143436.jpg,,1,29,50,0.2,4302,0,15,0.0,106.0,0,0.0,6,71.7,12.0,1.8,0.3,0,0,0,,2026-05-12 20:34:38
11693,,LOT-20260506-651F-007,,,,Trigo,Germinados,5361,cam1_20260512_144931.jpg,ambient,5363,cam1_20260512_144936.jpg,,1,29,50,0.2,4317,0,15,0.0,106.0,0,0.0,6,72.0,12.0,1.8,0.3,0,0,0,,2026-05-12 20:49:38
11705,,LOT-20260506-651F-007,,,,Trigo,Germinados,5365,cam1_20260512_150431.jpg,ambient,5367,cam1_20260512_150436.jpg,,1,29,50,0.1,4332,0,15,0.0,106.0,0,0.0,6,72.2,12.0,1.8,0.3,0,0,0,,2026-05-12 21:04:38
11717,,LOT-20260506-651F-007,,,,Trigo,Germinados,5369,cam1_20260512_151931.jpg,ambient,5371,cam1_20260512_151936.jpg,,1,29,50,0.2,4347,0,15,0.0,106.0,0,0.0,7,72.5,10.3,1.8,0.3,0,0,0,,2026-05-12 21:19:38
11729,,LOT-20260506-651F-007,,,,Trigo,Germinados,5373,cam1_20260512_153431.jpg,ambient,5375,cam1_20260512_153436.jpg,,1,29,50,0.1,4362,0,15,0.0,106.0,0,0.0,7,72.7,10.4,1.8,0.3,0,0,0,,2026-05-12 21:34:38
11741,,LOT-20260506-651F-007,,,,Trigo,Germinados,5377,cam1_20260512_154931.jpg,ambient,5379,cam1_20260512_154936.jpg,,1,29,50,0.1,4377,0,15,0.0,106.0,0,0.0,7,73.0,10.4,1.8,0.3,0,0,0,,2026-05-12 21:49:38
11753,,LOT-20260506-651F-007,,,,Trigo,Germinados,5381,cam1_20260512_160431.jpg,ambient,5383,cam1_20260512_160436.jpg,,1,29,50,0.1,4392,0,15,0.0,106.0,0,0.0,7,73.2,10.5,1.8,0.3,0,0,0,,2026-05-12 22:04:38
11765,,LOT-20260506-651F-007,,,,Trigo,Germinados,5385,cam1_20260512_161931.jpg,ambient,5387,cam1_20260512_161936.jpg,,1,29,50,0.1,4407,0,15,0.0,106.0,0,0.0,7,73.5,10.5,1.8,0.3,0,0,0,,2026-05-12 22:19:38
11777,,LOT-20260506-651F-007,,,,Trigo,Germinados,5389,cam1_20260512_163431.jpg,ambient,5391,cam1_20260512_163436.jpg,,1,29,50,0,4422,0,15,0.0,106.0,0,0.0,7,73.7,10.5,1.8,0.3,0,0,0,,2026-05-12 22:34:38
11789,,LOT-20260506-651F-007,,,,Trigo,Germinados,5393,cam1_20260512_164932.jpg,ambient,5395,cam1_20260512_164937.jpg,,1,29,50,0.1,4437,0,15,0.0,106.0,0,0.0,7,74.0,10.6,1.8,0.3,0,0,0,,2026-05-12 22:49:39
11801,,LOT-20260506-651F-007,,,,Trigo,Germinados,5397,cam1_20260512_170431.jpg,ambient,5399,cam1_20260512_170436.jpg,,1,29,50,0.1,4452,0,15,0.0,106.0,0,0.0,7,74.2,10.6,1.8,0.3,0,0,0,,2026-05-12 23:04:38
11813,,LOT-20260506-651F-007,,,,Trigo,Germinados,5401,cam1_20260512_171931.jpg,ambient,5403,cam1_20260512_171936.jpg,,1,29,50,0.1,4467,0,15,0.0,106.0,0,0.0,7,74.5,10.6,1.8,0.3,0,0,0,,2026-05-12 23:19:38
11825,,LOT-20260506-651F-007,,,,Trigo,Germinados,5405,cam1_20260512_173431.jpg,ambient,5407,cam1_20260512_173436.jpg,,1,29,50,0.1,4481,0,15,0.0,106.0,0,0.0,7,74.7,10.7,1.8,0.3,0,0,0,,2026-05-12 23:34:38
11837,,LOT-20260506-651F-007,,,,Trigo,Germinados,5409,cam1_20260512_174931.jpg,ambient,5411,cam1_20260512_174936.jpg,,1,29,50,0.1,4496,0,15,0.0,106.0,0,0.0,7,74.9,10.7,1.8,0.3,0,0,0,,2026-05-12 23:49:38
11849,,LOT-20260506-651F-007,,,,Trigo,Germinados,5413,cam1_20260512_180431.jpg,ambient,5415,cam1_20260512_180436.jpg,,1,29,50,0.1,4511,1,15,15.0,106.0,0,0.0,7,75.2,10.7,1.8,0.3,0,0,0,,2026-05-13 00:04:38
11861,,LOT-20260506-651F-007,,,,Trigo,Germinados,5417,cam1_20260512_181931.jpg,ambient,5419,cam1_20260512_181936.jpg,,1,29,50,0.1,4526,0,15,0.0,106.0,0,0.0,7,75.4,10.8,1.8,0.3,0,0,0,,2026-05-13 00:19:38
11873,,LOT-20260506-651F-007,,,,Trigo,Germinados,5421,cam1_20260512_183431.jpg,ambient,5423,cam1_20260512_183436.jpg,,1,29,50,0.1,4541,0,15,0.0,106.0,0,0.0,7,75.7,10.8,1.8,0.3,0,0,0,,2026-05-13 00:34:38
11885,,LOT-20260506-651F-007,,,,Trigo,Germinados,5425,cam1_20260512_184931.jpg,ambient,5427,cam1_20260512_184936.jpg,,1,29,50,0.1,4556,0,15,0.0,106.0,0,0.0,7,75.9,10.8,1.8,0.3,0,0,0,,2026-05-13 00:49:38
11897,,LOT-20260506-651F-007,,,,Trigo,Germinados,5429,cam1_20260512_190431.jpg,ambient,5431,cam1_20260512_190436.jpg,,1,29,50,0.1,4571,0,15,0.0,106.0,0,0.0,7,76.2,10.9,1.8,0.3,0,0,0,,2026-05-13 01:04:38
11909,,LOT-20260506-651F-007,,,,Trigo,Germinados,5433,cam1_20260512_191931.jpg,ambient,5435,cam1_20260512_191936.jpg,,1,29,50,0,4586,0,15,0.0,106.0,0,0.0,7,76.4,10.9,1.8,0.3,0,0,0,,2026-05-13 01:19:38
11921,,LOT-20260506-651F-007,,,,Trigo,Germinados,5437,cam1_20260512_193431.jpg,ambient,5439,cam1_20260512_193436.jpg,,1,29,50,0,4601,0,15,0.0,106.0,0,0.0,7,76.7,11.0,1.8,0.3,0,0,0,,2026-05-13 01:34:38
11933,,LOT-20260506-651F-007,,,,Trigo,Germinados,5445,cam1_20260512_194931.jpg,ambient,5447,cam1_20260512_194936.jpg,,1,29,50,0.1,4616,0,15,0.0,106.0,0,0.0,7,76.9,11.0,1.8,0.3,0,0,0,,2026-05-13 01:49:38
11945,,LOT-20260506-651F-007,,,,Trigo,Germinados,5449,cam1_20260512_200431.jpg,ambient,5451,cam1_20260512_200436.jpg,,1,29,50,0,4626,0,15,0.0,106.0,0,0.0,7,77.1,11.0,1.8,0.3,0,0,0,,2026-05-13 02:04:38
11957,,LOT-20260506-651F-007,,,,Trigo,Germinados,5453,cam1_20260512_201931.jpg,ambient,5455,cam1_20260512_201936.jpg,,1,29,50,0,4626,0,15,0.0,106.0,0,0.0,7,77.1,11.0,1.8,0.3,0,0,0,,2026-05-13 02:19:38
11969,,LOT-20260506-651F-007,,,,Trigo,Germinados,5457,cam1_20260512_203431.jpg,ambient,5459,cam1_20260512_203436.jpg,,1,29,50,0,4627,0,15,0.0,106.0,0,0.0,7,77.1,11.0,1.8,0.3,0,0,0,,2026-05-13 02:34:38
11981,,LOT-20260506-651F-007,,,,Trigo,Germinados,5465,cam1_20260512_204931.jpg,ambient,5467,cam1_20260512_204937.jpg,,1,29,50,0,4627,0,15,0.0,106.0,0,0.0,7,77.1,11.0,1.8,0.3,0,0,0,,2026-05-13 02:49:38
11993,,LOT-20260506-651F-007,,,,Trigo,Germinados,5469,cam1_20260512_210431.jpg,ambient,5471,cam1_20260512_210438.jpg,,1,29,50,0,4627,0,15,0.0,106.0,0,0.0,7,77.1,11.0,1.8,0.3,0,0,0,,2026-05-13 03:04:39
12005,,LOT-20260506-651F-007,,,,Trigo,Germinados,5473,cam1_20260512_211931.jpg,ambient,5475,cam1_20260512_211937.jpg,,1,29,50,0,4627,0,15,0.0,106.0,0,0.0,7,77.1,11.0,1.8,0.3,0,0,0,,2026-05-13 03:19:38
12017,,LOT-20260506-651F-007,,,,Trigo,Germinados,5477,cam1_20260512_213431.jpg,ambient,5479,cam1_20260512_213437.jpg,,1,29,50,0,4627,0,15,0.0,106.0,0,0.0,7,77.1,11.0,1.8,0.3,0,0,0,,2026-05-13 03:34:38
12029,,LOT-20260506-651F-007,,,,Trigo,Germinados,5481,cam1_20260512_214931.jpg,ambient,5483,cam1_20260512_214936.jpg,,1,29,50,0,4627,0,15,0.0,106.0,0,0.0,7,77.1,11.0,1.8,0.3,0,0,0,,2026-05-13 03:49:38
12041,,LOT-20260506-651F-007,,,,Trigo,Germinados,5485,cam1_20260512_220431.jpg,ambient,5487,cam1_20260512_220436.jpg,,1,29,50,0,4627,0,15,0.0,106.0,0,0.0,7,77.1,11.0,1.8,0.3,0,0,0,,2026-05-13 04:04:38
12053,,LOT-20260506-651F-007,,,,Trigo,Germinados,5489,cam1_20260512_221931.jpg,ambient,5491,cam1_20260512_221936.jpg,,1,29,50,0,4627,0,15,0.0,106.0,0,0.0,7,77.1,11.0,1.8,0.3,0,0,0,,2026-05-13 04:19:38
12065,,LOT-20260506-651F-007,,,,Trigo,Germinados,5493,cam1_20260512_223431.jpg,ambient,5495,cam1_20260512_223437.jpg,,1,29,50,0,4627,0,15,0.0,106.0,0,0.0,7,77.1,11.0,1.8,0.3,0,0,0,,2026-05-13 04:34:38
12072,,LOT-20260506-651F-007,,,,Trigo,Germinados,5496,cam1_20260512_224931.jpg,ambient,5498,cam1_20260512_224934.jpg,,1,29,50,0,4627,0,15,0.0,106.0,0,0.0,7,77.1,11.0,1.8,0.3,0,0,0,,2026-05-13 04:49:36
12089,,LOT-20260506-651F-007,,,,Trigo,Germinados,5501,cam1_20260512_230435.jpg,ambient,5503,cam1_20260512_230440.jpg,,1,29,50,0,4627,0,15,0.0,106.0,0,0.0,7,77.1,11.0,1.8,0.3,0,0,0,,2026-05-13 05:04:41
12101,,LOT-20260506-651F-007,,,,Trigo,Germinados,5505,cam1_20260512_231931.jpg,ambient,5507,cam1_20260512_231937.jpg,,1,29,50,0,4627,0,15,0.0,106.0,0,0.0,7,77.1,11.0,1.8,0.3,0,0,0,,2026-05-13 05:19:38
12113,,LOT-20260506-651F-007,,,,Trigo,Germinados,5509,cam1_20260512_233431.jpg,ambient,5511,cam1_20260512_233437.jpg,,1,29,50,0,4627,0,15,0.0,106.0,0,0.0,7,77.1,11.0,1.8,0.3,0,0,0,,2026-05-13 05:34:38
12125,,LOT-20260506-651F-007,,,,Trigo,Germinados,5513,cam1_20260512_234931.jpg,ambient,5515,cam1_20260512_234937.jpg,,1,29,50,0,4627,0,15,0.0,106.0,0,0.0,7,77.1,11.0,1.8,0.3,0,0,0,,2026-05-13 05:49:38
12137,,LOT-20260506-651F-007,,,,Trigo,Germinados,5517,cam1_20260513_000431.jpg,ambient,5519,cam1_20260513_000437.jpg,,1,29,50,0,4627,0,15,0.0,106.0,0,0.0,7,77.1,11.0,1.8,0.3,0,0,0,,2026-05-13 06:04:38
12149,,LOT-20260506-651F-007,,,,Trigo,Germinados,5521,cam1_20260513_001931.jpg,ambient,5523,cam1_20260513_001937.jpg,,1,29,50,0,4627,0,15,0.0,106.0,0,0.0,7,77.1,11.0,1.8,0.3,0,0,0,,2026-05-13 06:19:38
12161,,LOT-20260506-651F-007,,,,Trigo,Germinados,5525,cam1_20260513_003431.jpg,ambient,5527,cam1_20260513_003437.jpg,,1,29,50,0,4627,0,15,0.0,106.0,0,0.0,7,77.1,11.0,1.8,0.3,0,0,0,,2026-05-13 06:34:38
12173,,LOT-20260506-651F-007,,,,Trigo,Germinados,5529,cam1_20260513_004931.jpg,ambient,5531,cam1_20260513_004936.jpg,,1,29,50,0,4627,0,15,0.0,106.0,0,0.0,7,77.1,11.0,1.8,0.3,0,0,0,,2026-05-13 06:49:38
12185,,LOT-20260506-651F-007,,,,Trigo,Germinados,5533,cam1_20260513_010431.jpg,ambient,5535,cam1_20260513_010436.jpg,,1,29,50,0,4627,0,15,0.0,106.0,0,0.0,7,77.1,11.0,1.8,0.3,0,0,0,,2026-05-13 07:04:38
12197,,LOT-20260506-651F-007,,,,Trigo,Germinados,5537,cam1_20260513_011931.jpg,ambient,5539,cam1_20260513_011937.jpg,,1,29,50,0,4627,0,15,0.0,106.0,0,0.0,7,77.1,11.0,1.8,0.3,0,0,0,,2026-05-13 07:19:38
12209,,LOT-20260506-651F-007,,,,Trigo,Germinados,5541,cam1_20260513_013431.jpg,ambient,5543,cam1_20260513_013437.jpg,,1,29,50,0,4627,0,15,0.0,106.0,0,0.0,7,77.1,11.0,1.8,0.3,0,0,0,,2026-05-13 07:34:38
12221,,LOT-20260506-651F-007,,,,Trigo,Germinados,5545,cam1_20260513_014931.jpg,ambient,5547,cam1_20260513_014937.jpg,,1,29,50,0,4639,0,15,0.0,106.0,0,0.0,7,77.3,11.0,1.8,0.3,0,0,0,,2026-05-13 07:49:38
12233,,LOT-20260506-651F-007,,,,Trigo,Germinados,5549,cam1_20260513_020431.jpg,ambient,5551,cam1_20260513_020437.jpg,,1,29,50,0,4654,0,15,0.0,106.0,0,0.0,7,77.6,11.1,1.8,0.3,0,0,0,,2026-05-13 08:04:38
12245,,LOT-20260506-651F-007,,,,Trigo,Germinados,5553,cam1_20260513_021932.jpg,ambient,5555,cam1_20260513_021937.jpg,,1,29,50,0,4669,0,15,0.0,106.0,0,0.0,7,77.8,11.1,1.8,0.3,0,0,0,,2026-05-13 08:19:38
12257,,LOT-20260506-651F-007,,,,Trigo,Germinados,5557,cam1_20260513_023431.jpg,ambient,5559,cam1_20260513_023437.jpg,,1,29,50,0.1,4684,0,15,0.0,106.0,0,0.0,7,78.1,11.2,1.8,0.3,0,0,0,,2026-05-13 08:34:38
12269,,LOT-20260506-651F-007,,,,Trigo,Germinados,5561,cam1_20260513_024932.jpg,ambient,5563,cam1_20260513_024937.jpg,,1,29,50,0,4699,0,15,0.0,106.0,0,0.0,7,78.3,11.2,1.8,0.3,0,0,0,,2026-05-13 08:49:38
12281,,LOT-20260506-651F-007,,,,Trigo,Germinados,5565,cam1_20260513_030432.jpg,ambient,5567,cam1_20260513_030437.jpg,,1,29,50,0,4714,0,15,0.0,106.0,0,0.0,7,78.6,11.2,1.8,0.3,0,0,0,,2026-05-13 09:04:39
12293,,LOT-20260506-651F-007,,,,Trigo,Germinados,5569,cam1_20260513_031932.jpg,ambient,5571,cam1_20260513_031938.jpg,,1,29,50,0,4729,0,15,0.0,106.0,0,0.0,7,78.8,11.3,1.8,0.3,0,0,0,,2026-05-13 09:19:39
12305,,LOT-20260506-651F-007,,,,Trigo,Germinados,5573,cam1_20260513_033432.jpg,ambient,5575,cam1_20260513_033437.jpg,,1,29,50,0,4744,0,15,0.0,106.0,0,0.0,7,79.1,11.3,1.8,0.3,0,0,0,,2026-05-13 09:34:39
12317,,LOT-20260506-651F-007,,,,Trigo,Germinados,5577,cam1_20260513_034931.jpg,ambient,5579,cam1_20260513_034937.jpg,,1,29,50,0,4759,0,15,0.0,106.0,0,0.0,7,79.3,11.3,1.8,0.3,0,0,0,,2026-05-13 09:49:38
12329,,LOT-20260506-651F-007,,,,Trigo,Germinados,5581,cam1_20260513_040431.jpg,ambient,5583,cam1_20260513_040437.jpg,,1,29,50,0,4774,0,15,0.0,106.0,0,0.0,7,79.6,11.4,1.8,0.3,0,0,0,,2026-05-13 10:04:38
12341,,LOT-20260506-651F-007,,,,Trigo,Germinados,5585,cam1_20260513_041932.jpg,ambient,5587,cam1_20260513_041937.jpg,,1,29,50,0,4788,0,15,0.0,106.0,0,0.0,7,79.8,11.4,1.8,0.3,0,0,0,,2026-05-13 10:19:39
12353,,LOT-20260506-651F-007,,,,Trigo,Germinados,5589,cam1_20260513_043432.jpg,ambient,5591,cam1_20260513_043437.jpg,,1,29,50,0,4803,0,15,0.0,106.0,0,0.0,7,80.0,11.4,1.8,0.3,0,0,0,,2026-05-13 10:34:38
12365,,LOT-20260506-651F-007,,,,Trigo,Germinados,5593,cam1_20260513_044931.jpg,ambient,5595,cam1_20260513_044937.jpg,,1,29,50,0,4818,0,15,0.0,106.0,0,0.0,7,80.3,11.5,1.8,0.3,0,0,0,,2026-05-13 10:49:38
12377,,LOT-20260506-651F-007,,,,Trigo,Germinados,5597,cam1_20260513_050432.jpg,ambient,5599,cam1_20260513_050437.jpg,,1,29,50,0,4833,0,15,0.0,106.0,0,0.0,7,80.5,11.5,1.8,0.3,0,0,0,,2026-05-13 11:04:38
12389,,LOT-20260506-651F-007,,,,Trigo,Germinados,5601,cam1_20260513_051932.jpg,ambient,5603,cam1_20260513_051938.jpg,,1,29,50,0,4848,0,15,0.0,106.0,0,0.0,7,80.8,11.5,1.8,0.3,0,0,0,,2026-05-13 11:19:39
12401,,LOT-20260506-651F-007,,,,Trigo,Germinados,5605,cam1_20260513_053432.jpg,ambient,5607,cam1_20260513_053437.jpg,,1,29,50,0,4863,0,15,0.0,106.0,0,0.0,7,81.0,11.6,1.8,0.3,0,0,0,,2026-05-13 11:34:38
