observation_id,plant_instance_id,lot_id,position_tag,replacement_index,classification,species,variety,image_id,image_filename,image_light_type,flash_image_id,flash_image_filename,crop_path,capture_camera_id,temperature,humidity,water_level,light_minutes,had_light,capture_interval_min,light_minutes_in_period,ventilation_minutes,had_ventilation,ventilation_minutes_in_period,lot_day,light_hours_accumulated,light_hours_per_day,vent_hours_accumulated,vent_hours_per_day,relay_light,relay_irrigation,relay_ventilation,local_status,observed_at
16,,LOT-20260410-002,,,,Frijol,Peruano,58,cam1_20260410_032440.jpg,ambient,59,cam1_20260410_032442.jpg,,1,25.5,52,100,0,0,15,0.0,,,,1,0.0,0.0,0.0,0.0,1,0,,,2026-04-10 09:24:42
18,,LOT-20260410-002,,,,Frijol,Peruano,62,cam1_20260410_032920.jpg,ambient,63,cam1_20260410_032922.jpg,,1,25.4,52,100,0,0,15,0.0,,,,1,0.0,0.0,0.0,0.0,0,0,,,2026-04-10 09:29:23
68,,LOT-20260410-002,,,,Frijol,Peruano,168,cam1_20260410_094531.jpg,ambient,169,cam1_20260410_094534.jpg,,1,24.5,55,100,5,0,15,0.0,,,,1,0.1,0.1,0.0,0.0,1,0,,,2026-04-10 15:45:34
75,,LOT-20260410-002,,,,Frijol,Peruano,182,cam1_20260410_103841.jpg,ambient,183,cam1_20260410_103843.jpg,,1,25.8,51,100,26,0,15,0.0,,,,1,0.5,0.5,0.0,0.0,1,0,,,2026-04-10 16:38:44
77,,LOT-20260410-002,,,,Frijol,Peruano,186,cam1_20260410_104608.jpg,ambient,187,cam1_20260410_104613.jpg,,1,25.9,52,100,33,0,15,0.0,,,,1,0.8,0.8,0.0,0.0,1,0,,,2026-04-10 16:46:15
79,,LOT-20260410-002,,,,Frijol,Peruano,190,cam1_20260410_110133.jpg,ambient,191,cam1_20260410_110135.jpg,,1,25.9,48,100,46,0,15,0.0,,,,1,0.8,0.8,0.0,0.0,1,0,,,2026-04-10 17:01:36
81,,LOT-20260410-002,,,,Frijol,Peruano,194,cam1_20260410_111648.jpg,ambient,195,cam1_20260410_111651.jpg,,1,25.7,48,100,50,0,15,0.0,,,,1,1.0,1.0,0.0,0.0,1,0,,,2026-04-10 17:16:51
83,,LOT-20260410-002,,,,Frijol,Peruano,198,cam1_20260410_113204.jpg,ambient,199,cam1_20260410_113206.jpg,,1,26.1,50,100,65,0,15,0.0,,,,1,1.2,1.2,0.0,0.0,1,0,,,2026-04-10 17:32:06
85,,LOT-20260410-002,,,,Frijol,Peruano,202,cam1_20260410_114710.jpg,ambient,203,cam1_20260410_114713.jpg,,1,26.4,54,100,79,0,15,0.0,,,,1,1.5,1.5,0.0,0.0,1,0,,,2026-04-10 17:47:13
87,,LOT-20260410-002,,,,Frijol,Peruano,206,cam1_20260410_120217.jpg,ambient,207,cam1_20260410_120219.jpg,,1,26.5,49,100,94,0,15,0.0,,,,1,1.8,1.8,0.0,0.0,1,0,,,2026-04-10 18:02:20
93,,LOT-20260410-002,,,,Frijol,Peruano,218,cam1_20260410_124717.jpg,ambient,219,cam1_20260410_124720.jpg,,1,26.5,44,100,139,0,15,0.0,,,,1,2.5,2.5,0.0,0.0,1,0,,,2026-04-10 18:47:20
95,,LOT-20260410-002,,,,Frijol,Peruano,222,cam1_20260410_130227.jpg,ambient,223,cam1_20260410_130230.jpg,,1,26.7,46,100,154,0,15,0.0,,,,1,2.6,2.6,0.0,0.0,1,0,,,2026-04-10 19:02:30
98,,LOT-20260410-002,,,,Frijol,Peruano,228,cam1_20260410_131727.jpg,ambient,229,cam1_20260410_131729.jpg,,1,26.7,45,100,169,0,15,0.0,,,,1,3.0,3.0,0.0,0.0,1,0,,,2026-04-10 19:17:30
100,,LOT-20260410-002,,,,Frijol,Peruano,232,cam1_20260410_133227.jpg,ambient,233,cam1_20260410_133230.jpg,,1,26.8,43,100,184,0,15,0.0,,,,1,3.3,3.3,0.0,0.0,1,0,,,2026-04-10 19:32:30
102,,LOT-20260410-002,,,,Frijol,Peruano,236,cam1_20260410_134727.jpg,ambient,237,cam1_20260410_134730.jpg,,1,26.9,42,100,199,0,15,0.0,,,,1,3.5,3.5,0.0,0.0,1,0,,,2026-04-10 19:47:30
104,,LOT-20260410-002,,,,Frijol,Peruano,240,cam1_20260410_140228.jpg,ambient,241,cam1_20260410_140230.jpg,,1,27.1,43,100,214,0,15,0.0,,,,1,3.6,3.6,0.0,0.0,1,0,,,2026-04-10 20:02:30
106,,LOT-20260410-002,,,,Frijol,Peruano,244,cam1_20260410_141727.jpg,ambient,245,cam1_20260410_141730.jpg,,1,27,43,100,229,0,15,0.0,,,,1,3.9,3.9,0.0,0.0,1,0,,,2026-04-10 20:17:30
108,,LOT-20260410-002,,,,Frijol,Peruano,248,cam1_20260410_143230.jpg,ambient,249,cam1_20260410_143232.jpg,,1,27,41,100,243,0,15,0.0,,,,1,4.1,4.1,0.0,0.0,1,0,,,2026-04-10 20:32:32
110,,LOT-20260410-002,,,,Frijol,Peruano,252,cam1_20260410_144827.jpg,ambient,253,cam1_20260410_144829.jpg,,1,27.1,40,100,259,0,15,0.0,,,,1,4.5,4.5,0.0,0.0,1,0,,,2026-04-10 20:48:29
112,,LOT-20260410-002,,,,Frijol,Peruano,256,cam1_20260410_150327.jpg,ambient,257,cam1_20260410_150329.jpg,,1,26.9,39,100,274,0,15,0.0,,,,1,4.8,4.8,0.0,0.0,1,0,,,2026-04-10 21:03:29
114,,LOT-20260410-002,,,,Frijol,Peruano,260,cam1_20260410_151827.jpg,ambient,261,cam1_20260410_151829.jpg,,1,27,38,100,289,0,15,0.0,,,,1,5.0,5.0,0.0,0.0,1,0,,,2026-04-10 21:18:29
118,,LOT-20260410-002,,,,Frijol,Peruano,268,cam1_20260410_153328.jpg,ambient,269,cam1_20260410_153330.jpg,,1,27,39,100,303,0,15,0.0,,,,1,5.3,5.3,0.0,0.0,1,0,,,2026-04-10 21:33:30
120,,LOT-20260410-002,,,,Frijol,Peruano,272,cam1_20260410_154828.jpg,ambient,273,cam1_20260410_154830.jpg,,1,26.4,38,100,318,0,15,0.0,,,,1,5.5,5.5,0.0,0.0,1,0,,,2026-04-10 21:48:30
122,,LOT-20260410-002,,,,Frijol,Peruano,276,cam1_20260410_160328.jpg,ambient,277,cam1_20260410_160330.jpg,,1,25.6,38,100,333,0,15,0.0,,,,1,5.8,5.8,0.0,0.0,1,0,,,2026-04-10 22:03:30
138,,LOT-20260410-002,,,,Frijol,Peruano,308,cam1_20260410_174948.jpg,ambient,309,cam1_20260410_174950.jpg,,1,25.8,43,100,440,0,15,0.0,,,,1,7.5,7.5,0.0,0.0,1,0,,,2026-04-10 23:49:50
141,,LOT-20260410-002,,,,Frijol,Peruano,314,cam1_20260410_181332.jpg,ambient,315,cam1_20260410_181334.jpg,,1,25.5,43,100,461,0,15,0.0,,,,1,7.7,7.7,0.0,0.0,1,0,,,2026-04-11 00:13:35
145,,LOT-20260410-002,,,,Frijol,Peruano,322,cam1_20260410_181650.jpg,ambient,323,cam1_20260410_181652.jpg,,1,25.2,43,100,461,0,15,0.0,,,,1,7.7,7.7,0.0,0.0,1,0,,,2026-04-11 00:16:52
147,,LOT-20260410-002,,,,Frijol,Peruano,326,cam1_20260410_181957.jpg,ambient,327,cam1_20260410_182000.jpg,,1,25.5,43,81.5,464,0,15,0.0,,,,1,7.8,7.8,0.0,0.0,1,0,,,2026-04-11 00:20:00
150,,LOT-20260410-002,,,,Frijol,Peruano,334,cam1_20260410_183504.jpg,ambient,335,cam1_20260410_183506.jpg,,1,25.1,43,91.7,473,0,15,0.0,,,,1,7.9,7.9,0.0,0.0,0,0,,,2026-04-11 00:35:06
152,,LOT-20260410-002,,,,Frijol,Peruano,338,cam1_20260410_185004.jpg,ambient,339,cam1_20260410_185006.jpg,,1,25,46,98.1,473,0,15,0.0,,,,1,7.9,7.9,0.0,0.0,0,0,,,2026-04-11 00:50:06
154,,LOT-20260410-002,,,,Frijol,Peruano,342,cam1_20260410_190504.jpg,ambient,343,cam1_20260410_190506.jpg,,1,25.3,49,78.7,473,0,15,0.0,,,,1,7.9,7.9,0.0,0.0,0,0,,,2026-04-11 01:05:07
157,,LOT-20260410-002,,,,Frijol,Peruano,348,cam1_20260410_192036.jpg,ambient,349,cam1_20260410_192038.jpg,,1,25.6,47,100,476,0,15,0.0,,,,1,7.9,7.9,0.0,0.0,0,0,,,2026-04-11 01:20:39
159,,LOT-20260410-002,,,,Frijol,Peruano,352,cam1_20260410_193504.jpg,ambient,353,cam1_20260410_193506.jpg,,1,25.6,49,100,476,0,15,0.0,,,,1,7.9,7.9,0.0,0.0,0,0,,,2026-04-11 01:35:07
161,,LOT-20260410-002,,,,Frijol,Peruano,356,cam1_20260410_195004.jpg,ambient,357,cam1_20260410_195006.jpg,,1,25.6,50,100,476,0,15,0.0,,,,1,7.9,7.9,0.0,0.0,0,0,,,2026-04-11 01:50:07
163,,LOT-20260410-002,,,,Frijol,Peruano,360,cam1_20260410_200504.jpg,ambient,361,cam1_20260410_200506.jpg,,1,25.6,49,100,476,0,15,0.0,,,,1,7.9,7.9,0.0,0.0,0,0,,,2026-04-11 02:05:07
165,,LOT-20260410-002,,,,Frijol,Peruano,364,cam1_20260410_202004.jpg,ambient,365,cam1_20260410_202006.jpg,,1,25.6,49,100,476,0,15,0.0,,,,1,7.9,7.9,0.0,0.0,0,0,,,2026-04-11 02:20:07
167,,LOT-20260410-002,,,,Frijol,Peruano,368,cam1_20260410_203504.jpg,ambient,369,cam1_20260410_203507.jpg,,1,25.5,50,100,476,0,15,0.0,,,,1,7.9,7.9,0.0,0.0,0,0,,,2026-04-11 02:35:07
171,,LOT-20260410-002,,,,Frijol,Peruano,376,cam1_20260410_210505.jpg,ambient,377,cam1_20260410_210507.jpg,,1,25.5,51,100,476,0,15,0.0,,,,1,7.9,7.9,0.0,0.0,0,0,,,2026-04-11 03:05:07
173,,LOT-20260410-002,,,,Frijol,Peruano,380,cam1_20260410_212005.jpg,ambient,381,cam1_20260410_212007.jpg,,1,25.6,51,100,477,0,15,0.0,,,,1,8.0,8.0,0.0,0.0,0,0,,,2026-04-11 03:20:07
175,,LOT-20260410-002,,,,Frijol,Peruano,384,cam1_20260410_213505.jpg,ambient,385,cam1_20260410_213507.jpg,,1,25.7,59,100,477,0,15,0.0,,,,1,8.0,8.0,0.0,0.0,0,0,,,2026-04-11 03:35:07
181,,LOT-20260410-002,,,,Frijol,Peruano,396,cam1_20260410_222022.jpg,ambient,397,cam1_20260410_222024.jpg,,1,25.5,56,100,478,0,15,0.0,,,,1,8.0,8.0,0.0,0.0,0,0,,,2026-04-11 04:20:24
184,,LOT-20260410-002,,,,Frijol,Peruano,402,cam1_20260410_223522.jpg,ambient,403,cam1_20260410_223526.jpg,,1,25.5,56,100,478,0,15,0.0,,,,1,8.0,8.0,0.0,0.0,0,0,,,2026-04-11 04:35:26
195,,LOT-20260410-002,,,,Frijol,Peruano,424,cam1_20260410_235424.jpg,ambient,425,cam1_20260410_235426.jpg,,1,25.3,54,100,478,0,15,0.0,,,,1,8.0,8.0,0.0,0.0,0,0,,,2026-04-11 05:54:26
198,,LOT-20260410-002,,,,Frijol,Peruano,430,cam1_20260411_000656.jpg,ambient,431,cam1_20260411_000658.jpg,,1,25.3,55,100,478,0,15,0.0,,,,1,8.0,8.0,0.0,0.0,0,0,,,2026-04-11 06:06:59
242,,LOT-20260410-002,,,,Frijol,Peruano,518,cam1_20260411_053758.jpg,ambient,519,cam1_20260411_053800.jpg,,1,24.8,54,100,480,0,15,0.0,,,,2,8.0,4.0,0.0,0.0,0,0,,,2026-04-11 11:38:00
244,,LOT-20260410-002,,,,Frijol,Peruano,522,cam1_20260411_055258.jpg,ambient,523,cam1_20260411_055300.jpg,,1,24.8,53,100,480,0,15,0.0,,,,2,8.0,4.0,0.0,0.0,0,0,,,2026-04-11 11:53:00
248,,LOT-20260410-002,,,,Frijol,Peruano,530,cam1_20260411_062258.jpg,ambient,531,cam1_20260411_062300.jpg,,1,24.8,53,100,480,0,15,0.0,,,,2,8.0,4.0,0.0,0.0,0,0,,,2026-04-11 12:23:00
250,,LOT-20260410-002,,,,Frijol,Peruano,534,cam1_20260411_063758.jpg,ambient,535,cam1_20260411_063800.jpg,,1,24.7,53,100,480,0,15,0.0,,,,2,8.0,4.0,0.0,0.0,0,0,,,2026-04-11 12:38:00
252,,LOT-20260410-002,,,,Frijol,Peruano,538,cam1_20260411_065258.jpg,ambient,539,cam1_20260411_065300.jpg,,1,24.7,53,100,480,0,15,0.0,,,,2,8.0,4.0,0.0,0.0,0,0,,,2026-04-11 12:53:00
271,,LOT-20260410-002,,,,Frijol,Peruano,576,cam1_20260411_091445.jpg,ambient,577,cam1_20260411_091447.jpg,,1,24.8,57,100,481,0,15,0.0,,,,2,8.0,4.0,0.0,0.0,0,0,,,2026-04-11 15:14:47
273,,LOT-20260410-002,,,,Frijol,Peruano,580,cam1_20260411_092408.jpg,ambient,581,cam1_20260411_092410.jpg,,1,24.8,57,100,481,0,15,0.0,,,,2,8.0,4.0,0.0,0.0,0,0,,,2026-04-11 15:24:11
275,,LOT-20260410-002,,,,Frijol,Peruano,584,cam1_20260411_093908.jpg,ambient,585,cam1_20260411_093910.jpg,,1,24.8,57,100,481,0,15,0.0,,,,2,8.0,4.0,0.0,0.0,0,0,,,2026-04-11 15:39:11
280,,LOT-20260410-002,,,,Frijol,Peruano,594,cam1_20260411_101532.jpg,ambient,595,cam1_20260411_101534.jpg,,1,25,56,89.8,481,0,15,0.0,,,,2,8.0,4.0,0.0,0.0,0,0,,,2026-04-11 16:15:34
283,,LOT-20260410-002,,,,Frijol,Peruano,600,cam1_20260411_102441.jpg,ambient,601,cam1_20260411_102444.jpg,,1,25.1,57,70.5,481,0,15,0.0,,,,2,8.0,4.0,0.0,0.0,0,0,,,2026-04-11 16:24:44
287,,LOT-20260410-002,,,,Frijol,Peruano,608,cam1_20260411_105105.jpg,ambient,609,cam1_20260411_105108.jpg,,1,25.2,57,100,481,0,15,0.0,,,,2,8.0,4.0,0.0,0.0,0,0,,,2026-04-11 16:51:08
289,,LOT-20260410-002,,,,Frijol,Peruano,612,cam1_20260411_105452.jpg,ambient,613,cam1_20260411_105454.jpg,,1,25.3,57,100,481,0,15,0.0,,,,2,8.0,4.0,0.0,0.0,0,0,,,2026-04-11 16:54:54
291,,LOT-20260410-002,,,,Frijol,Peruano,616,cam1_20260411_110952.jpg,ambient,617,cam1_20260411_110954.jpg,,1,25.4,55,87,482,0,15,0.0,,,,2,8.0,4.0,0.0,0.0,0,0,,,2026-04-11 17:09:54
295,,LOT-20260410-002,,,,Frijol,Peruano,632,cam1_20260411_115906.jpg,ambient,633,cam1_20260411_115909.jpg,,1,25.6,56,100,482,0,15,0.0,,,,2,8.0,4.0,0.0,0.0,0,0,,,2026-04-11 17:59:09
297,,LOT-20260410-002,,,,Frijol,Peruano,635,cam1_20260411_115917.jpg,ambient,637,cam1_20260411_115919.jpg,,1,25.6,55,100,482,0,15,0.0,,,,2,8.0,4.0,0.0,0.0,0,0,,,2026-04-11 17:59:19
299,,LOT-20260410-002,,,,Frijol,Peruano,643,cam1_20260411_121417.jpg,ambient,645,cam1_20260411_121419.jpg,,1,26,50,100,493,0,15,0.0,,,,2,8.3,4.1,0.0,0.0,0,0,,,2026-04-11 18:14:19
301,,LOT-20260410-002,,,,Frijol,Peruano,646,cam1_20260411_122917.jpg,ambient,648,cam1_20260411_122919.jpg,,1,26.1,48,100,508,0,15,0.0,,,,2,8.7,4.4,0.0,0.0,0,0,,,2026-04-11 18:29:19
303,,LOT-20260410-002,,,,Frijol,Peruano,651,cam1_20260411_124417.jpg,ambient,653,cam1_20260411_124419.jpg,,1,26.3,46,100,523,0,15,0.0,,,,2,9.0,4.5,0.0,0.0,0,0,,,2026-04-11 18:44:19
304,,LOT-20260410-002,,,,Frijol,Peruano,655,cam1_20260411_125917.jpg,ambient,656,cam1_20260411_125919.jpg,,1,26.4,45,100,538,0,15,0.0,,,,2,9.2,4.6,0.0,0.0,0,0,,,2026-04-11 18:59:19
307,,LOT-20260410-002,,,,Frijol,Peruano,659,cam1_20260411_131417.jpg,ambient,661,cam1_20260411_131419.jpg,,1,26.4,45,100,553,0,15,0.0,,,,2,9.3,4.6,0.0,0.0,0,0,,,2026-04-11 19:14:19
309,,LOT-20260410-002,,,,Frijol,Peruano,663,cam1_20260411_132917.jpg,ambient,665,cam1_20260411_132919.jpg,,1,26.2,46,100,557,0,15,0.0,,,,2,9.3,4.6,0.0,0.0,0,0,,,2026-04-11 19:29:19
311,,LOT-20260410-002,,,,Frijol,Peruano,667,cam1_20260411_134417.jpg,ambient,669,cam1_20260411_134419.jpg,,1,26,50,100,557,0,15,0.0,,,,2,9.3,4.6,0.0,0.0,0,0,,,2026-04-11 19:44:19
313,,LOT-20260410-002,,,,Frijol,Peruano,671,cam1_20260411_135917.jpg,ambient,673,cam1_20260411_135919.jpg,,1,25.8,49,100,557,0,15,0.0,,,,2,9.3,4.6,0.0,0.0,0,0,,,2026-04-11 19:59:19
315,,LOT-20260410-002,,,,Frijol,Peruano,675,cam1_20260411_141417.jpg,ambient,677,cam1_20260411_141419.jpg,,1,25.7,55,100,557,0,15,0.0,,,,2,9.3,4.6,0.0,0.0,0,0,,,2026-04-11 20:14:19
316,,LOT-20260410-002,,,,Frijol,Peruano,679,cam1_20260411_142917.jpg,ambient,680,cam1_20260411_142919.jpg,,1,25.7,45,100,557,0,15,0.0,,,,2,9.3,4.6,0.0,0.0,0,0,,,2026-04-11 20:29:19
319,,LOT-20260410-002,,,,Frijol,Peruano,683,cam1_20260411_144417.jpg,ambient,685,cam1_20260411_144419.jpg,,1,25.7,45,100,557,0,15,0.0,,,,2,9.3,4.6,0.0,0.0,0,0,,,2026-04-11 20:44:19
321,,LOT-20260410-002,,,,Frijol,Peruano,687,cam1_20260411_145917.jpg,ambient,689,cam1_20260411_145919.jpg,,1,25.7,44,100,557,0,15,0.0,,,,2,9.3,4.6,0.0,0.0,0,0,,,2026-04-11 20:59:19
322,,LOT-20260410-002,,,,Frijol,Peruano,691,cam1_20260411_151417.jpg,ambient,692,cam1_20260411_151419.jpg,,1,25.7,43,100,557,0,15,0.0,,,,2,9.3,4.6,0.0,0.0,0,0,,,2026-04-11 21:14:20
325,,LOT-20260410-002,,,,Frijol,Peruano,695,cam1_20260411_152917.jpg,ambient,697,cam1_20260411_152919.jpg,,1,25.8,44,100,557,0,15,0.0,,,,2,9.3,4.6,0.0,0.0,0,0,,,2026-04-11 21:29:20
326,,LOT-20260410-002,,,,Frijol,Peruano,699,cam1_20260411_154417.jpg,ambient,700,cam1_20260411_154419.jpg,,1,25.8,45,100,557,0,15,0.0,,,,2,9.3,4.6,0.0,0.0,0,0,,,2026-04-11 21:44:19
329,,LOT-20260410-002,,,,Frijol,Peruano,703,cam1_20260411_155917.jpg,ambient,705,cam1_20260411_155919.jpg,,1,25.8,44,100,557,0,15,0.0,,,,2,9.3,4.6,0.0,0.0,0,0,,,2026-04-11 21:59:20
330,,LOT-20260410-002,,,,Frijol,Peruano,707,cam1_20260411_161417.jpg,ambient,709,cam1_20260411_161420.jpg,,1,25.8,46,100,557,0,15,0.0,,,,2,9.3,4.6,0.0,0.0,0,0,,,2026-04-11 22:14:20
333,,LOT-20260410-002,,,,Frijol,Peruano,710,cam1_20260411_162917.jpg,ambient,713,cam1_20260411_162919.jpg,,1,25.8,45,100,557,0,15,0.0,,,,2,9.3,4.6,0.0,0.0,0,0,,,2026-04-11 22:29:20
335,,LOT-20260410-002,,,,Frijol,Peruano,715,cam1_20260411_164417.jpg,ambient,717,cam1_20260411_164419.jpg,,1,25.8,43,100,557,0,15,0.0,,,,2,9.3,4.6,0.0,0.0,0,0,,,2026-04-11 22:44:20
337,,LOT-20260410-002,,,,Frijol,Peruano,719,cam1_20260411_165917.jpg,ambient,721,cam1_20260411_165919.jpg,,1,25.8,44,100,558,0,15,0.0,,,,2,9.3,4.7,0.0,0.0,0,0,,,2026-04-11 22:59:19
339,,LOT-20260410-002,,,,Frijol,Peruano,723,cam1_20260411_171417.jpg,ambient,725,cam1_20260411_171419.jpg,,1,25.8,44,100,558,0,15,0.0,,,,2,9.3,4.7,0.0,0.0,0,0,,,2026-04-11 23:14:20
341,,LOT-20260410-002,,,,Frijol,Peruano,727,cam1_20260411_172917.jpg,ambient,729,cam1_20260411_172919.jpg,,1,25.8,44,100,558,0,15,0.0,,,,2,9.3,4.7,0.0,0.0,0,0,,,2026-04-11 23:29:20
343,,LOT-20260410-002,,,,Frijol,Peruano,731,cam1_20260411_174417.jpg,ambient,733,cam1_20260411_174419.jpg,,1,25.8,45,100,558,0,15,0.0,,,,2,9.3,4.7,0.0,0.0,0,0,,,2026-04-11 23:44:20
345,,LOT-20260410-002,,,,Frijol,Peruano,735,cam1_20260411_175917.jpg,ambient,737,cam1_20260411_175920.jpg,,1,25.7,43,100,558,0,15,0.0,,,,2,9.3,4.7,0.0,0.0,0,0,,,2026-04-11 23:59:20
346,,LOT-20260410-002,,,,Frijol,Peruano,739,cam1_20260411_181417.jpg,ambient,740,cam1_20260411_181420.jpg,,1,25.8,45,100,558,0,15,0.0,,,,2,9.3,4.7,0.0,0.0,0,0,,,2026-04-12 00:14:20
349,,LOT-20260410-002,,,,Frijol,Peruano,743,cam1_20260411_182917.jpg,ambient,745,cam1_20260411_182919.jpg,,1,25.7,50,100,558,0,15,0.0,,,,2,9.3,4.7,0.0,0.0,0,0,,,2026-04-12 00:29:20
350,,LOT-20260410-002,,,,Frijol,Peruano,747,cam1_20260411_184417.jpg,ambient,748,cam1_20260411_184420.jpg,,1,25.7,51,100,558,0,15,0.0,,,,2,9.3,4.7,0.0,0.0,0,0,,,2026-04-12 00:44:20
352,,LOT-20260410-002,,,,Frijol,Peruano,751,cam1_20260411_185917.jpg,ambient,752,cam1_20260411_185920.jpg,,1,25.6,55,100,558,0,15,0.0,,,,2,9.3,4.7,0.0,0.0,0,0,,,2026-04-12 00:59:20
354,,LOT-20260410-002,,,,Frijol,Peruano,755,cam1_20260411_191417.jpg,ambient,756,cam1_20260411_191420.jpg,,1,25.6,61,100,558,0,15,0.0,,,,2,9.3,4.7,0.0,0.0,0,0,,,2026-04-12 01:14:20
357,,LOT-20260410-002,,,,Frijol,Peruano,759,cam1_20260411_192917.jpg,ambient,761,cam1_20260411_192920.jpg,,1,25.5,59,100,558,0,15,0.0,,,,2,9.3,4.7,0.0,0.0,0,0,,,2026-04-12 01:29:20
359,,LOT-20260410-002,,,,Frijol,Peruano,763,cam1_20260411_194417.jpg,ambient,765,cam1_20260411_194420.jpg,,1,25.5,59,100,558,0,15,0.0,,,,2,9.3,4.7,0.0,0.0,0,0,,,2026-04-12 01:44:20
360,,LOT-20260410-002,,,,Frijol,Peruano,767,cam1_20260411_195917.jpg,ambient,768,cam1_20260411_195920.jpg,,1,25.4,59,100,558,0,15,0.0,,,,2,9.3,4.7,0.0,0.0,0,0,,,2026-04-12 01:59:20
363,,LOT-20260410-002,,,,Frijol,Peruano,771,cam1_20260411_201417.jpg,ambient,773,cam1_20260411_201420.jpg,,1,25.3,59,100,558,0,15,0.0,,,,2,9.3,4.7,0.0,0.0,0,0,,,2026-04-12 02:14:20
365,,LOT-20260410-002,,,,Frijol,Peruano,775,cam1_20260411_202917.jpg,ambient,777,cam1_20260411_202920.jpg,,1,25.2,58,100,558,0,15,0.0,,,,2,9.3,4.7,0.0,0.0,0,0,,,2026-04-12 02:29:20
367,,LOT-20260410-002,,,,Frijol,Peruano,779,cam1_20260411_204418.jpg,ambient,781,cam1_20260411_204420.jpg,,1,25.2,58,100,558,0,15,0.0,,,,2,9.3,4.7,0.0,0.0,0,0,,,2026-04-12 02:44:20
369,,LOT-20260410-002,,,,Frijol,Peruano,783,cam1_20260411_205918.jpg,ambient,785,cam1_20260411_205920.jpg,,1,25.1,59,100,558,0,15,0.0,,,,2,9.3,4.7,0.0,0.0,0,0,,,2026-04-12 02:59:20
371,,LOT-20260410-002,,,,Frijol,Peruano,787,cam1_20260411_211418.jpg,ambient,789,cam1_20260411_211420.jpg,,1,25,58,100,559,0,15,0.0,,,,2,9.3,4.7,0.0,0.0,0,0,,,2026-04-12 03:14:20
373,,LOT-20260410-002,,,,Frijol,Peruano,791,cam1_20260411_212918.jpg,ambient,793,cam1_20260411_212920.jpg,,1,25,62,100,559,0,15,0.0,,,,2,9.3,4.7,0.0,0.0,0,0,,,2026-04-12 03:29:20
375,,LOT-20260410-002,,,,Frijol,Peruano,794,cam1_20260411_214418.jpg,ambient,797,cam1_20260411_214420.jpg,,1,25,63,100,559,0,15,0.0,,,,2,9.3,4.7,0.0,0.0,0,0,,,2026-04-12 03:44:20
377,,LOT-20260410-002,,,,Frijol,Peruano,799,cam1_20260411_215918.jpg,ambient,801,cam1_20260411_215920.jpg,,1,24.6,56,100,560,0,15,0.0,,,,2,9.3,4.7,0.0,0.0,0,0,,,2026-04-12 03:59:20
379,,LOT-20260410-002,,,,Frijol,Peruano,802,cam1_20260411_221418.jpg,ambient,805,cam1_20260411_221420.jpg,,1,24.4,50,100,560,0,15,0.0,,,,2,9.3,4.7,0.0,0.0,0,0,,,2026-04-12 04:14:20
380,,LOT-20260410-002,,,,Frijol,Peruano,807,cam1_20260411_222918.jpg,ambient,808,cam1_20260411_222920.jpg,,1,24.2,48,100,560,0,15,0.0,,,,2,9.3,4.7,0.0,0.0,0,0,,,2026-04-12 04:29:20
382,,LOT-20260410-002,,,,Frijol,Peruano,811,cam1_20260411_224418.jpg,ambient,812,cam1_20260411_224420.jpg,,1,24,51,100,560,0,15,0.0,,,,2,9.3,4.7,0.0,0.0,0,0,,,2026-04-12 04:44:20
385,,LOT-20260410-002,,,,Frijol,Peruano,814,cam1_20260411_225918.jpg,ambient,817,cam1_20260411_225920.jpg,,1,24.3,61,96.3,560,0,15,0.0,,,,2,9.3,4.7,0.0,0.0,0,0,,,2026-04-12 04:59:20
387,,LOT-20260410-002,,,,Frijol,Peruano,819,cam1_20260411_231418.jpg,ambient,821,cam1_20260411_231420.jpg,,1,24.5,61,100,561,0,15,0.0,,,,2,9.3,4.7,0.0,0.0,0,0,,,2026-04-12 05:14:20
389,,LOT-20260410-002,,,,Frijol,Peruano,823,cam1_20260411_232918.jpg,ambient,825,cam1_20260411_232920.jpg,,1,24.6,59,100,561,0,15,0.0,,,,2,9.3,4.7,0.0,0.0,0,0,,,2026-04-12 05:29:20
391,,LOT-20260410-002,,,,Frijol,Peruano,827,cam1_20260411_234418.jpg,ambient,829,cam1_20260411_234420.jpg,,1,24.6,60,100,561,0,15,0.0,,,,2,9.3,4.7,0.0,0.0,0,0,,,2026-04-12 05:44:20
393,,LOT-20260410-002,,,,Frijol,Peruano,831,cam1_20260411_235918.jpg,ambient,833,cam1_20260411_235920.jpg,,1,24.6,59,100,561,0,15,0.0,,,,2,9.3,4.7,0.0,0.0,0,0,,,2026-04-12 05:59:20
394,,LOT-20260410-002,,,,Frijol,Peruano,835,cam1_20260412_001418.jpg,ambient,836,cam1_20260412_001420.jpg,,1,24.6,60,100,561,0,15,0.0,,,,2,9.3,4.7,0.0,0.0,0,0,,,2026-04-12 06:14:21
397,,LOT-20260410-002,,,,Frijol,Peruano,839,cam1_20260412_002918.jpg,ambient,841,cam1_20260412_002920.jpg,,1,24.6,61,100,562,0,15,0.0,,,,2,9.4,4.7,0.0,0.0,0,0,,,2026-04-12 06:29:20
399,,LOT-20260410-002,,,,Frijol,Peruano,843,cam1_20260412_004418.jpg,ambient,845,cam1_20260412_004420.jpg,,1,24.7,62,100,562,0,15,0.0,,,,2,9.4,4.7,0.0,0.0,0,0,,,2026-04-12 06:44:20
400,,LOT-20260410-002,,,,Frijol,Peruano,847,cam1_20260412_005918.jpg,ambient,848,cam1_20260412_005920.jpg,,1,24.6,61,100,562,0,15,0.0,,,,2,9.4,4.7,0.0,0.0,0,0,,,2026-04-12 06:59:20
403,,LOT-20260410-002,,,,Frijol,Peruano,851,cam1_20260412_011418.jpg,ambient,853,cam1_20260412_011420.jpg,,1,24.6,61,100,562,0,15,0.0,,,,2,9.4,4.7,0.0,0.0,0,0,,,2026-04-12 07:14:21
405,,LOT-20260410-002,,,,Frijol,Peruano,855,cam1_20260412_012918.jpg,ambient,857,cam1_20260412_012920.jpg,,1,24.6,60,100,562,0,15,0.0,,,,2,9.4,4.7,0.0,0.0,0,0,,,2026-04-12 07:29:21
407,,LOT-20260410-002,,,,Frijol,Peruano,859,cam1_20260412_014418.jpg,ambient,861,cam1_20260412_014420.jpg,,1,24.6,59,100,562,0,15,0.0,,,,2,9.4,4.7,0.0,0.0,0,0,,,2026-04-12 07:44:21
409,,LOT-20260410-002,,,,Frijol,Peruano,863,cam1_20260412_015918.jpg,ambient,865,cam1_20260412_015921.jpg,,1,24.6,58,100,562,0,15,0.0,,,,2,9.4,4.7,0.0,0.0,0,0,,,2026-04-12 07:59:21
410,,LOT-20260410-002,,,,Frijol,Peruano,867,cam1_20260412_021418.jpg,ambient,869,cam1_20260412_021421.jpg,,1,24.6,59,100,562,0,15,0.0,,,,2,9.4,4.7,0.0,0.0,0,0,,,2026-04-12 08:14:21
412,,LOT-20260410-002,,,,Frijol,Peruano,871,cam1_20260412_022918.jpg,ambient,872,cam1_20260412_022921.jpg,,1,24.5,58,100,562,0,15,0.0,,,,3,9.4,3.1,0.0,0.0,0,0,,,2026-04-12 08:29:21
415,,LOT-20260410-002,,,,Frijol,Peruano,874,cam1_20260412_024418.jpg,ambient,877,cam1_20260412_024420.jpg,,1,24.6,58,100,562,0,15,0.0,,,,3,9.4,3.1,0.0,0.0,0,0,,,2026-04-12 08:44:21
417,,LOT-20260410-002,,,,Frijol,Peruano,879,cam1_20260412_025918.jpg,ambient,881,cam1_20260412_025921.jpg,,1,24.6,59,100,562,0,15,0.0,,,,3,9.4,3.1,0.0,0.0,0,0,,,2026-04-12 08:59:21
419,,LOT-20260410-002,,,,Frijol,Peruano,883,cam1_20260412_031418.jpg,ambient,885,cam1_20260412_031421.jpg,,1,24.5,56,100,562,0,15,0.0,,,,3,9.4,3.1,0.0,0.0,0,0,,,2026-04-12 09:14:21
421,,LOT-20260410-002,,,,Frijol,Peruano,887,cam1_20260412_032918.jpg,ambient,889,cam1_20260412_032921.jpg,,1,24.5,55,100,562,0,15,0.0,,,,3,9.4,3.1,0.0,0.0,0,0,,,2026-04-12 09:29:21
423,,LOT-20260410-002,,,,Frijol,Peruano,891,cam1_20260412_034418.jpg,ambient,893,cam1_20260412_034420.jpg,,1,24.5,56,100,562,0,15,0.0,,,,3,9.4,3.1,0.0,0.0,0,0,,,2026-04-12 09:44:21
425,,LOT-20260410-002,,,,Frijol,Peruano,895,cam1_20260412_035918.jpg,ambient,897,cam1_20260412_035921.jpg,,1,24.5,55,100,562,0,15,0.0,,,,3,9.4,3.1,0.0,0.0,0,0,,,2026-04-12 09:59:21
427,,LOT-20260410-002,,,,Frijol,Peruano,899,cam1_20260412_041418.jpg,ambient,901,cam1_20260412_041421.jpg,,1,24.5,55,100,562,0,15,0.0,,,,3,9.4,3.1,0.0,0.0,0,0,,,2026-04-12 10:14:21
429,,LOT-20260410-002,,,,Frijol,Peruano,903,cam1_20260412_042918.jpg,ambient,905,cam1_20260412_042921.jpg,,1,24.4,55,100,562,0,15,0.0,,,,3,9.4,3.1,0.0,0.0,0,0,,,2026-04-12 10:29:21
431,,LOT-20260410-002,,,,Frijol,Peruano,907,cam1_20260412_044419.jpg,ambient,909,cam1_20260412_044421.jpg,,1,24.5,56,100,562,0,15,0.0,,,,3,9.4,3.1,0.0,0.0,0,0,,,2026-04-12 10:44:21
433,,LOT-20260410-002,,,,Frijol,Peruano,911,cam1_20260412_045918.jpg,ambient,913,cam1_20260412_045921.jpg,,1,24.5,57,100,562,0,15,0.0,,,,3,9.4,3.1,0.0,0.0,0,0,,,2026-04-12 10:59:21
435,,LOT-20260410-002,,,,Frijol,Peruano,915,cam1_20260412_051418.jpg,ambient,917,cam1_20260412_051421.jpg,,1,24.4,58,100,562,0,15,0.0,,,,3,9.4,3.1,0.0,0.0,0,0,,,2026-04-12 11:14:21
437,,LOT-20260410-002,,,,Frijol,Peruano,919,cam1_20260412_052919.jpg,ambient,921,cam1_20260412_052921.jpg,,1,24.4,58,100,562,0,15,0.0,,,,3,9.4,3.1,0.0,0.0,0,0,,,2026-04-12 11:29:21
439,,LOT-20260410-002,,,,Frijol,Peruano,923,cam1_20260412_054419.jpg,ambient,925,cam1_20260412_054421.jpg,,1,24.5,58,100,562,0,15,0.0,,,,3,9.4,3.1,0.0,0.0,0,0,,,2026-04-12 11:44:21
441,,LOT-20260410-002,,,,Frijol,Peruano,927,cam1_20260412_055919.jpg,ambient,929,cam1_20260412_055921.jpg,,1,24.4,58,100,562,0,15,0.0,,,,3,9.4,3.1,0.0,0.0,0,0,,,2026-04-12 11:59:21
443,,LOT-20260410-002,,,,Frijol,Peruano,931,cam1_20260412_061419.jpg,ambient,933,cam1_20260412_061421.jpg,,1,24.4,58,100,562,0,15,0.0,,,,3,9.4,3.1,0.0,0.0,0,0,,,2026-04-12 12:14:21
445,,LOT-20260410-002,,,,Frijol,Peruano,935,cam1_20260412_062919.jpg,ambient,937,cam1_20260412_062921.jpg,,1,24.4,58,100,563,0,15,0.0,,,,3,9.4,3.1,0.0,0.0,0,0,,,2026-04-12 12:29:22
447,,LOT-20260410-002,,,,Frijol,Peruano,939,cam1_20260412_064419.jpg,ambient,941,cam1_20260412_064421.jpg,,1,24.4,58,100,563,0,15,0.0,,,,3,9.4,3.1,0.0,0.0,0,0,,,2026-04-12 12:44:21
449,,LOT-20260410-002,,,,Frijol,Peruano,943,cam1_20260412_065919.jpg,ambient,945,cam1_20260412_065921.jpg,,1,24.4,58,100,563,0,15,0.0,,,,3,9.4,3.1,0.0,0.0,0,0,,,2026-04-12 12:59:21
451,,LOT-20260410-002,,,,Frijol,Peruano,947,cam1_20260412_071419.jpg,ambient,949,cam1_20260412_071421.jpg,,1,24.4,58,100,563,0,15,0.0,,,,3,9.4,3.1,0.0,0.0,0,0,,,2026-04-12 13:14:21
452,,LOT-20260410-002,,,,Frijol,Peruano,951,cam1_20260412_072920.jpg,ambient,952,cam1_20260412_072922.jpg,,1,24.4,58,100,563,0,15,0.0,,,,3,9.4,3.1,0.0,0.0,0,0,,,2026-04-12 13:29:22
455,,LOT-20260410-002,,,,Frijol,Peruano,955,cam1_20260412_074419.jpg,ambient,957,cam1_20260412_074421.jpg,,1,24.4,58,100,563,0,15,0.0,,,,3,9.4,3.1,0.0,0.0,0,0,,,2026-04-12 13:44:22
457,,LOT-20260410-002,,,,Frijol,Peruano,959,cam1_20260412_075919.jpg,ambient,961,cam1_20260412_075921.jpg,,1,24.4,58,100,563,0,15,0.0,,,,3,9.4,3.1,0.0,0.0,0,0,,,2026-04-12 13:59:22
459,,LOT-20260410-002,,,,Frijol,Peruano,963,cam1_20260412_081419.jpg,ambient,965,cam1_20260412_081421.jpg,,1,24.4,59,100,563,0,15,0.0,,,,3,9.4,3.1,0.0,0.0,0,0,,,2026-04-12 14:14:22
461,,LOT-20260410-002,,,,Frijol,Peruano,967,cam1_20260412_082919.jpg,ambient,969,cam1_20260412_082921.jpg,,1,24.4,59,100,563,0,15,0.0,,,,3,9.4,3.1,0.0,0.0,0,0,,,2026-04-12 14:29:21
462,,LOT-20260410-002,,,,Frijol,Peruano,971,cam1_20260412_084419.jpg,ambient,973,cam1_20260412_084422.jpg,,1,24.4,59,100,563,0,15,0.0,,,,3,9.4,3.1,0.0,0.0,0,0,,,2026-04-12 14:44:22
465,,LOT-20260410-002,,,,Frijol,Peruano,975,cam1_20260412_085919.jpg,ambient,977,cam1_20260412_085922.jpg,,1,24.4,59,100,563,0,15,0.0,,,,3,9.4,3.1,0.0,0.0,0,0,,,2026-04-12 14:59:22
466,,LOT-20260410-002,,,,Frijol,Peruano,979,cam1_20260412_091419.jpg,ambient,980,cam1_20260412_091422.jpg,,1,24.4,60,100,563,0,15,0.0,,,,3,9.4,3.1,0.0,0.0,0,0,,,2026-04-12 15:14:22
469,,LOT-20260410-002,,,,Frijol,Peruano,983,cam1_20260412_092919.jpg,ambient,985,cam1_20260412_092922.jpg,,1,24.4,59,100,563,0,15,0.0,,,,3,9.4,3.1,0.0,0.0,0,0,,,2026-04-12 15:29:22
471,,LOT-20260410-002,,,,Frijol,Peruano,987,cam1_20260412_094419.jpg,ambient,989,cam1_20260412_094422.jpg,,1,24.4,58,100,563,0,15,0.0,,,,3,9.4,3.1,0.0,0.0,0,0,,,2026-04-12 15:44:22
473,,LOT-20260410-002,,,,Frijol,Peruano,991,cam1_20260412_095919.jpg,ambient,993,cam1_20260412_095922.jpg,,1,24.4,58,100,563,0,15,0.0,,,,3,9.4,3.1,0.0,0.0,0,0,,,2026-04-12 15:59:22
475,,LOT-20260410-002,,,,Frijol,Peruano,995,cam1_20260412_101419.jpg,ambient,997,cam1_20260412_101422.jpg,,1,24.4,59,100,563,0,15,0.0,,,,3,9.4,3.1,0.0,0.0,0,0,,,2026-04-12 16:14:22
476,,LOT-20260410-002,,,,Frijol,Peruano,999,cam1_20260412_102920.jpg,ambient,1000,cam1_20260412_102922.jpg,,1,24.5,61,100,563,0,15,0.0,,,,3,9.4,3.1,0.0,0.0,0,0,,,2026-04-12 16:29:22
478,,LOT-20260410-002,,,,Frijol,Peruano,1003,cam1_20260412_104420.jpg,ambient,1004,cam1_20260412_104422.jpg,,1,24.6,58,100,563,0,15,0.0,,,,3,9.4,3.1,0.0,0.0,0,0,,,2026-04-12 16:44:22
481,,LOT-20260410-002,,,,Frijol,Peruano,1007,cam1_20260412_105919.jpg,ambient,1009,cam1_20260412_105922.jpg,,1,24.6,60,100,563,0,15,0.0,,,,3,9.4,3.1,0.0,0.0,0,0,,,2026-04-12 16:59:22
482,,LOT-20260410-002,,,,Frijol,Peruano,1011,cam1_20260412_111419.jpg,ambient,1012,cam1_20260412_111422.jpg,,1,24.7,63,100,563,0,15,0.0,,,,3,9.4,3.1,0.0,0.0,0,0,,,2026-04-12 17:14:22
485,,LOT-20260410-002,,,,Frijol,Peruano,1014,cam1_20260412_112920.jpg,ambient,1017,cam1_20260412_112922.jpg,,1,24.8,63,100,563,0,15,0.0,,,,3,9.4,3.1,0.0,0.0,0,0,,,2026-04-12 17:29:22
487,,LOT-20260410-002,,,,Frijol,Peruano,1019,cam1_20260412_114420.jpg,ambient,1021,cam1_20260412_114422.jpg,,1,24.9,62,100,563,0,15,0.0,,,,3,9.4,3.1,0.0,0.0,0,0,,,2026-04-12 17:44:22
489,,LOT-20260410-002,,,,Frijol,Peruano,1023,cam1_20260412_115920.jpg,ambient,1025,cam1_20260412_115922.jpg,,1,25,60,100,563,0,15,0.0,,,,3,9.4,3.1,0.0,0.0,0,0,,,2026-04-12 17:59:22
491,,LOT-20260410-002,,,,Frijol,Peruano,1027,cam1_20260412_121420.jpg,ambient,1029,cam1_20260412_121422.jpg,,1,25.1,62,100,563,0,15,0.0,,,,3,9.4,3.1,0.0,0.0,0,0,,,2026-04-12 18:14:22
493,,LOT-20260410-002,,,,Frijol,Peruano,1031,cam1_20260412_122920.jpg,ambient,1033,cam1_20260412_122922.jpg,,1,25.2,63,100,564,0,15,0.0,,,,3,9.4,3.1,0.0,0.0,0,0,,,2026-04-12 18:29:22
496,,LOT-20260410-002,,,,Frijol,Peruano,1039,cam1_20260412_125920.jpg,ambient,1040,cam1_20260412_125922.jpg,,1,25.2,60,100,564,0,15,0.0,,,,3,9.4,3.1,0.0,0.0,0,0,,,2026-04-12 18:59:22
499,,LOT-20260410-002,,,,Frijol,Peruano,1043,cam1_20260412_131420.jpg,ambient,1045,cam1_20260412_131422.jpg,,1,25.2,58,100,564,0,15,0.0,,,,3,9.4,3.1,0.0,0.0,0,0,,,2026-04-12 19:14:22
501,,LOT-20260410-002,,,,Frijol,Peruano,1047,cam1_20260412_132920.jpg,ambient,1049,cam1_20260412_132922.jpg,,1,25.3,57,100,564,0,15,0.0,,,,3,9.4,3.1,0.0,0.0,0,0,,,2026-04-12 19:29:22
503,,LOT-20260410-002,,,,Frijol,Peruano,1051,cam1_20260412_134420.jpg,ambient,1053,cam1_20260412_134422.jpg,,1,25.4,58,100,564,0,15,0.0,,,,3,9.4,3.1,0.0,0.0,0,0,,,2026-04-12 19:44:22
505,,LOT-20260410-002,,,,Frijol,Peruano,1055,cam1_20260412_135920.jpg,ambient,1057,cam1_20260412_135922.jpg,,1,25.3,54,100,564,0,15,0.0,,,,3,9.4,3.1,0.0,0.0,0,0,,,2026-04-12 19:59:22
507,,LOT-20260410-002,,,,Frijol,Peruano,1059,cam1_20260412_141420.jpg,ambient,1061,cam1_20260412_141422.jpg,,1,25.4,53,100,564,0,15,0.0,,,,3,9.4,3.1,0.0,0.0,0,0,,,2026-04-12 20:14:22
509,,LOT-20260410-002,,,,Frijol,Peruano,1063,cam1_20260412_142920.jpg,ambient,1065,cam1_20260412_142923.jpg,,1,25.8,54,100,578,0,15,0.0,,,,3,9.7,3.2,0.0,0.0,0,0,,,2026-04-12 20:29:23
510,,LOT-20260410-002,,,,Frijol,Peruano,1067,cam1_20260412_144450.jpg,ambient,1068,cam1_20260412_144453.jpg,,1,26.2,53,100,594,0,15,0.0,,,,3,10.2,3.4,0.0,0.0,0,0,,,2026-04-12 20:44:53
513,,LOT-20260410-002,,,,Frijol,Peruano,1071,cam1_20260412_145950.jpg,ambient,1073,cam1_20260412_145953.jpg,,1,26.4,56,100,609,0,15,0.0,,,,3,10.4,3.5,0.0,0.0,0,0,,,2026-04-12 20:59:53
514,,LOT-20260410-002,,,,Frijol,Peruano,1075,cam1_20260412_151450.jpg,ambient,1076,cam1_20260412_151453.jpg,,1,26.5,54,100,624,0,15,0.0,,,,3,10.7,3.6,0.0,0.0,0,0,,,2026-04-12 21:14:53
517,,LOT-20260410-002,,,,Frijol,Peruano,1079,cam1_20260412_152950.jpg,ambient,1081,cam1_20260412_152953.jpg,,1,25.5,45,100,639,0,15,0.0,,,,3,10.9,3.6,0.0,0.0,0,0,,,2026-04-12 21:29:53
518,,LOT-20260410-002,,,,Frijol,Peruano,1083,cam1_20260412_154450.jpg,ambient,1084,cam1_20260412_154453.jpg,,1,25.5,46,100,654,0,15,0.0,,,,3,11.2,3.7,0.0,0.0,0,0,,,2026-04-12 21:44:53
521,,LOT-20260410-002,,,,Frijol,Peruano,1087,cam1_20260412_155950.jpg,ambient,1089,cam1_20260412_155953.jpg,,1,24.9,45,100,669,0,15,0.0,,,,3,11.4,3.8,0.0,0.0,0,0,,,2026-04-12 21:59:53
523,,LOT-20260410-002,,,,Frijol,Peruano,1091,cam1_20260412_161450.jpg,ambient,1093,cam1_20260412_161453.jpg,,1,24.7,43,100,684,0,15,0.0,,,,3,11.7,3.9,0.0,0.0,0,0,,,2026-04-12 22:14:53
524,,LOT-20260410-002,,,,Frijol,Peruano,1095,cam1_20260412_162950.jpg,ambient,1096,cam1_20260412_162953.jpg,,1,24.8,43,100,699,0,15,0.0,,,,3,11.7,3.9,0.0,0.0,0,0,,,2026-04-12 22:29:53
527,,LOT-20260410-002,,,,Frijol,Peruano,1099,cam1_20260412_164450.jpg,ambient,1101,cam1_20260412_164453.jpg,,1,24.3,44,100,699,0,15,0.0,,,,3,11.7,3.9,0.0,0.0,0,0,,,2026-04-12 22:44:53
528,,LOT-20260410-002,,,,Frijol,Peruano,1103,cam1_20260412_165951.jpg,ambient,1104,cam1_20260412_165953.jpg,,1,24,43,100,699,0,15,0.0,,,,3,11.7,3.9,0.0,0.0,0,0,,,2026-04-12 22:59:53
531,,LOT-20260410-002,,,,Frijol,Peruano,1107,cam1_20260412_171451.jpg,ambient,1109,cam1_20260412_171453.jpg,,1,23.8,44,100,699,0,15,0.0,,,,3,11.7,3.9,0.0,0.0,0,0,,,2026-04-12 23:14:53
532,,LOT-20260410-002,,,,Frijol,Peruano,1111,cam1_20260412_172951.jpg,ambient,1112,cam1_20260412_172953.jpg,,1,23.9,47,100,699,0,15,0.0,,,,3,11.7,3.9,0.0,0.0,0,0,,,2026-04-12 23:29:53
535,,LOT-20260410-002,,,,Frijol,Peruano,1115,cam1_20260412_174451.jpg,ambient,1117,cam1_20260412_174453.jpg,,1,23.8,51,100,699,0,15,0.0,,,,3,11.7,3.9,0.0,0.0,0,0,,,2026-04-12 23:44:53
537,,LOT-20260410-002,,,,Frijol,Peruano,1119,cam1_20260412_175951.jpg,ambient,1121,cam1_20260412_175953.jpg,,1,23.9,53,100,699,0,15,0.0,,,,3,11.7,3.9,0.0,0.0,0,0,,,2026-04-12 23:59:53
538,,LOT-20260410-002,,,,Frijol,Peruano,1123,cam1_20260412_181451.jpg,ambient,1124,cam1_20260412_181453.jpg,,1,23.8,51,100,699,0,15,0.0,,,,3,11.7,3.9,0.0,0.0,0,0,,,2026-04-13 00:14:53
541,,LOT-20260410-002,,,,Frijol,Peruano,1127,cam1_20260412_182951.jpg,ambient,1129,cam1_20260412_182953.jpg,,1,23.7,49,100,699,0,15,0.0,,,,3,11.7,3.9,0.0,0.0,0,0,,,2026-04-13 00:29:53
542,,LOT-20260410-002,,,,Frijol,Peruano,1130,cam1_20260412_184451.jpg,ambient,1132,cam1_20260412_184453.jpg,,1,23.7,48,100,699,0,15,0.0,,,,3,11.7,3.9,0.0,0.0,0,0,,,2026-04-13 00:44:54
544,,LOT-20260410-002,,,,Frijol,Peruano,1135,cam1_20260412_185951.jpg,ambient,1137,cam1_20260412_185953.jpg,,1,23.7,48,100,699,0,15,0.0,,,,3,11.7,3.9,0.0,0.0,0,0,,,2026-04-13 00:59:53
546,,LOT-20260410-002,,,,Frijol,Peruano,1139,cam1_20260412_191451.jpg,ambient,1140,cam1_20260412_191453.jpg,,1,23.7,52,100,700,0,15,0.0,,,,3,11.7,3.9,0.0,0.0,0,0,,,2026-04-13 01:14:53
549,,LOT-20260410-002,,,,Frijol,Peruano,1143,cam1_20260412_192951.jpg,ambient,1145,cam1_20260412_192953.jpg,,1,23.7,53,100,700,0,15,0.0,,,,3,11.7,3.9,0.0,0.0,0,0,,,2026-04-13 01:29:53
550,,LOT-20260410-002,,,,Frijol,Peruano,1147,cam1_20260412_194451.jpg,ambient,1149,cam1_20260412_194453.jpg,,1,23.8,51,100,700,0,15,0.0,,,,3,11.7,3.9,0.0,0.0,0,0,,,2026-04-13 01:44:53
553,,LOT-20260410-002,,,,Frijol,Peruano,1151,cam1_20260412_195951.jpg,ambient,1153,cam1_20260412_195953.jpg,,1,23.7,49,100,700,0,15,0.0,,,,3,11.7,3.9,0.0,0.0,0,0,,,2026-04-13 01:59:53
555,,LOT-20260410-002,,,,Frijol,Peruano,1155,cam1_20260412_201451.jpg,ambient,1157,cam1_20260412_201453.jpg,,1,23.7,48,100,700,0,15,0.0,,,,3,11.7,3.9,0.0,0.0,0,0,,,2026-04-13 02:14:54
557,,LOT-20260410-002,,,,Frijol,Peruano,1159,cam1_20260412_202951.jpg,ambient,1161,cam1_20260412_202953.jpg,,1,23.8,51,100,700,0,15,0.0,,,,3,11.7,3.9,0.0,0.0,0,0,,,2026-04-13 02:29:53
559,,LOT-20260410-002,,,,Frijol,Peruano,1163,cam1_20260412_204451.jpg,ambient,1165,cam1_20260412_204453.jpg,,1,23.8,54,100,700,0,15,0.0,,,,3,11.7,3.9,0.0,0.0,0,0,,,2026-04-13 02:44:53
560,,LOT-20260410-002,,,,Frijol,Peruano,1167,cam1_20260412_205951.jpg,ambient,1168,cam1_20260412_205953.jpg,,1,23.8,53,100,700,0,15,0.0,,,,3,11.7,3.9,0.0,0.0,0,0,,,2026-04-13 02:59:54
563,,LOT-20260410-002,,,,Frijol,Peruano,1171,cam1_20260412_211451.jpg,ambient,1173,cam1_20260412_211453.jpg,,1,23.8,51,100,701,0,15,0.0,,,,3,11.7,3.9,0.0,0.0,0,0,,,2026-04-13 03:14:54
565,,LOT-20260410-002,,,,Frijol,Peruano,1175,cam1_20260412_212951.jpg,ambient,1177,cam1_20260412_212953.jpg,,1,23.7,53,100,701,0,15,0.0,,,,3,11.7,3.9,0.0,0.0,0,0,,,2026-04-13 03:29:54
567,,LOT-20260410-002,,,,Frijol,Peruano,1179,cam1_20260412_214451.jpg,ambient,1181,cam1_20260412_214453.jpg,,1,23.6,53,100,701,0,15,0.0,,,,3,11.7,3.9,0.0,0.0,0,0,,,2026-04-13 03:44:54
569,,LOT-20260410-002,,,,Frijol,Peruano,1183,cam1_20260412_215951.jpg,ambient,1185,cam1_20260412_215953.jpg,,1,24,67,100,701,0,15,0.0,,,,3,11.7,3.9,0.0,0.0,0,0,,,2026-04-13 03:59:54
571,,LOT-20260410-002,,,,Frijol,Peruano,1187,cam1_20260412_221451.jpg,ambient,1189,cam1_20260412_221454.jpg,,1,24.2,66,100,701,0,15,0.0,,,,3,11.7,3.9,0.0,0.0,0,0,,,2026-04-13 04:14:54
573,,LOT-20260410-002,,,,Frijol,Peruano,1191,cam1_20260412_222951.jpg,ambient,1193,cam1_20260412_222953.jpg,,1,24.2,65,100,701,0,15,0.0,,,,3,11.7,3.9,0.0,0.0,0,0,,,2026-04-13 04:29:54
575,,LOT-20260410-002,,,,Frijol,Peruano,1195,cam1_20260412_224451.jpg,ambient,1197,cam1_20260412_224453.jpg,,1,24.2,63,100,701,0,15,0.0,,,,3,11.7,3.9,0.0,0.0,0,0,,,2026-04-13 04:44:54
576,,LOT-20260410-002,,,,Frijol,Peruano,1199,cam1_20260412_225951.jpg,ambient,1200,cam1_20260412_225954.jpg,,1,24.2,60,100,701,0,15,0.0,,,,3,11.7,3.9,0.0,0.0,0,0,,,2026-04-13 04:59:54
579,,LOT-20260410-002,,,,Frijol,Peruano,1202,cam1_20260412_231451.jpg,ambient,1205,cam1_20260412_231453.jpg,,1,24.2,62,100,701,0,15,0.0,,,,3,11.7,3.9,0.0,0.0,0,0,,,2026-04-13 05:14:54
581,,LOT-20260410-002,,,,Frijol,Peruano,1207,cam1_20260412_232951.jpg,ambient,1209,cam1_20260412_232954.jpg,,1,24.1,60,100,701,0,15,0.0,,,,3,11.7,3.9,0.0,0.0,0,0,,,2026-04-13 05:29:54
582,,LOT-20260410-002,,,,Frijol,Peruano,1211,cam1_20260412_234451.jpg,ambient,1213,cam1_20260412_234454.jpg,,1,24.1,62,100,701,0,15,0.0,,,,3,11.7,3.9,0.0,0.0,0,0,,,2026-04-13 05:44:54
584,,LOT-20260410-002,,,,Frijol,Peruano,1215,cam1_20260412_235951.jpg,ambient,1216,cam1_20260412_235954.jpg,,1,24.1,62,100,701,0,15,0.0,,,,3,11.7,3.9,0.0,0.0,0,0,,,2026-04-13 05:59:54
587,,LOT-20260410-002,,,,Frijol,Peruano,1219,cam1_20260413_001452.jpg,ambient,1221,cam1_20260413_001454.jpg,,1,24,62,100,701,0,15,0.0,,,,3,11.7,3.9,0.0,0.0,0,0,,,2026-04-13 06:14:54
589,,LOT-20260410-002,,,,Frijol,Peruano,1223,cam1_20260413_002952.jpg,ambient,1225,cam1_20260413_002954.jpg,,1,24,61,100,701,0,15,0.0,,,,3,11.7,3.9,0.0,0.0,0,0,,,2026-04-13 06:29:55
591,,LOT-20260410-002,,,,Frijol,Peruano,1227,cam1_20260413_004452.jpg,ambient,1229,cam1_20260413_004454.jpg,,1,24,60,100,701,0,15,0.0,,,,3,11.7,3.9,0.0,0.0,0,0,,,2026-04-13 06:44:54
592,,LOT-20260410-002,,,,Frijol,Peruano,1231,cam1_20260413_005952.jpg,ambient,1233,cam1_20260413_005954.jpg,,1,24.1,60,100,701,0,15,0.0,,,,3,11.7,3.9,0.0,0.0,0,0,,,2026-04-13 06:59:54
595,,LOT-20260410-002,,,,Frijol,Peruano,1235,cam1_20260413_011452.jpg,ambient,1237,cam1_20260413_011454.jpg,,1,24.1,60,100,701,0,15,0.0,,,,3,11.7,3.9,0.0,0.0,0,0,,,2026-04-13 07:14:54
597,,LOT-20260410-002,,,,Frijol,Peruano,1239,cam1_20260413_012952.jpg,ambient,1241,cam1_20260413_012954.jpg,,1,24.2,58,100,702,0,15,0.0,,,,3,11.7,3.9,0.0,0.0,0,0,,,2026-04-13 07:29:54
599,,LOT-20260410-002,,,,Frijol,Peruano,1243,cam1_20260413_014452.jpg,ambient,1245,cam1_20260413_014454.jpg,,1,24.1,58,100,702,0,15,0.0,,,,3,11.7,3.9,0.0,0.0,0,0,,,2026-04-13 07:44:54
600,,LOT-20260410-002,,,,Frijol,Peruano,1247,cam1_20260413_015952.jpg,ambient,1248,cam1_20260413_015954.jpg,,1,24.2,56,100,702,0,15,0.0,,,,3,11.7,3.9,0.0,0.0,0,0,,,2026-04-13 07:59:54
603,,LOT-20260410-002,,,,Frijol,Peruano,1251,cam1_20260413_021452.jpg,ambient,1253,cam1_20260413_021454.jpg,,1,24.2,56,100,702,0,15,0.0,,,,3,11.7,3.9,0.0,0.0,0,0,,,2026-04-13 08:14:54
605,,LOT-20260410-002,,,,Frijol,Peruano,1255,cam1_20260413_022952.jpg,ambient,1257,cam1_20260413_022954.jpg,,1,24.2,58,100,702,0,15,0.0,,,,4,11.7,2.9,0.0,0.0,0,0,,,2026-04-13 08:29:54
607,,LOT-20260410-002,,,,Frijol,Peruano,1259,cam1_20260413_024452.jpg,ambient,1261,cam1_20260413_024454.jpg,,1,24.2,59,100,702,0,15,0.0,,,,4,11.7,2.9,0.0,0.0,0,0,,,2026-04-13 08:44:54
609,,LOT-20260410-002,,,,Frijol,Peruano,1263,cam1_20260413_025952.jpg,ambient,1265,cam1_20260413_025954.jpg,,1,24.2,59,100,702,0,15,0.0,,,,4,11.7,2.9,0.0,0.0,0,0,,,2026-04-13 08:59:54
611,,LOT-20260410-002,,,,Frijol,Peruano,1267,cam1_20260413_031452.jpg,ambient,1269,cam1_20260413_031454.jpg,,1,24.2,58,100,702,0,15,0.0,,,,4,11.7,2.9,0.0,0.0,0,0,,,2026-04-13 09:14:55
613,,LOT-20260410-002,,,,Frijol,Peruano,1270,cam1_20260413_032952.jpg,ambient,1273,cam1_20260413_032954.jpg,,1,24.1,58,100,702,0,15,0.0,,,,4,11.7,2.9,0.0,0.0,0,0,,,2026-04-13 09:29:54
614,,LOT-20260410-002,,,,Frijol,Peruano,1275,cam1_20260413_034452.jpg,ambient,1276,cam1_20260413_034454.jpg,,1,24.1,58,100,702,0,15,0.0,,,,4,11.7,2.9,0.0,0.0,0,0,,,2026-04-13 09:44:54
617,,LOT-20260410-002,,,,Frijol,Peruano,1279,cam1_20260413_035952.jpg,ambient,1281,cam1_20260413_035954.jpg,,1,24.1,58,100,702,0,15,0.0,,,,4,11.7,2.9,0.0,0.0,0,0,,,2026-04-13 09:59:54
619,,LOT-20260410-002,,,,Frijol,Peruano,1283,cam1_20260413_041452.jpg,ambient,1285,cam1_20260413_041454.jpg,,1,24,57,100,702,0,15,0.0,,,,4,11.7,2.9,0.0,0.0,0,0,,,2026-04-13 10:14:54
621,,LOT-20260410-002,,,,Frijol,Peruano,1287,cam1_20260413_042952.jpg,ambient,1289,cam1_20260413_042954.jpg,,1,24.1,59,100,702,0,15,0.0,,,,4,11.7,2.9,0.0,0.0,0,0,,,2026-04-13 10:29:54
623,,LOT-20260410-002,,,,Frijol,Peruano,1291,cam1_20260413_044452.jpg,ambient,1293,cam1_20260413_044454.jpg,,1,24,59,100,702,0,15,0.0,,,,4,11.7,2.9,0.0,0.0,0,0,,,2026-04-13 10:44:54
624,,LOT-20260410-002,,,,Frijol,Peruano,1295,cam1_20260413_045952.jpg,ambient,1296,cam1_20260413_045954.jpg,,1,24,59,100,702,0,15,0.0,,,,4,11.7,2.9,0.0,0.0,0,0,,,2026-04-13 10:59:54
627,,LOT-20260410-002,,,,Frijol,Peruano,1299,cam1_20260413_051452.jpg,ambient,1301,cam1_20260413_051454.jpg,,1,24,57,100,702,0,15,0.0,,,,4,11.7,2.9,0.0,0.0,0,0,,,2026-04-13 11:14:54
629,,LOT-20260410-002,,,,Frijol,Peruano,1303,cam1_20260413_052952.jpg,ambient,1305,cam1_20260413_052954.jpg,,1,24,58,100,702,0,15,0.0,,,,4,11.7,2.9,0.0,0.0,0,0,,,2026-04-13 11:29:55
631,,LOT-20260410-002,,,,Frijol,Peruano,1307,cam1_20260413_054452.jpg,ambient,1309,cam1_20260413_054454.jpg,,1,24,60,100,702,0,15,0.0,,,,4,11.7,2.9,0.0,0.0,0,0,,,2026-04-13 11:44:54
633,,LOT-20260410-002,,,,Frijol,Peruano,1311,cam1_20260413_055952.jpg,ambient,1313,cam1_20260413_055954.jpg,,1,24,60,100,702,0,15,0.0,,,,4,11.7,2.9,0.0,0.0,0,0,,,2026-04-13 11:59:55
635,,LOT-20260410-002,,,,Frijol,Peruano,1315,cam1_20260413_061452.jpg,ambient,1317,cam1_20260413_061454.jpg,,1,24,60,100,702,0,15,0.0,,,,4,11.7,2.9,0.0,0.0,0,0,,,2026-04-13 12:14:55
636,,LOT-20260410-002,,,,Frijol,Peruano,1319,cam1_20260413_062952.jpg,ambient,1320,cam1_20260413_062955.jpg,,1,24,60,100,702,0,15,0.0,,,,4,11.7,2.9,0.0,0.0,0,0,,,2026-04-13 12:29:55
639,,LOT-20260410-002,,,,Frijol,Peruano,1323,cam1_20260413_064452.jpg,ambient,1325,cam1_20260413_064454.jpg,,1,23.6,58,100,702,0,15,0.0,,,,4,11.7,2.9,0.0,0.0,0,0,,,2026-04-13 12:44:55
641,,LOT-20260410-002,,,,Frijol,Peruano,1327,cam1_20260413_065952.jpg,ambient,1329,cam1_20260413_065954.jpg,,1,23.7,57,100,702,0,15,0.0,,,,4,11.7,2.9,0.0,0.0,0,0,,,2026-04-13 12:59:55
643,,LOT-20260410-002,,,,Frijol,Peruano,1331,cam1_20260413_071452.jpg,ambient,1333,cam1_20260413_071454.jpg,,1,23.7,58,100,703,0,15,0.0,,,,4,11.7,2.9,0.0,0.0,0,0,,,2026-04-13 13:14:55
645,,LOT-20260410-002,,,,Frijol,Peruano,1335,cam1_20260413_072952.jpg,ambient,1337,cam1_20260413_072955.jpg,,1,23.7,58,100,703,0,15,0.0,,,,4,11.7,2.9,0.0,0.0,0,0,,,2026-04-13 13:29:55
646,,LOT-20260410-002,,,,Frijol,Peruano,1339,cam1_20260413_074452.jpg,ambient,1340,cam1_20260413_074455.jpg,,1,23.6,59,100,703,0,15,0.0,,,,4,11.7,2.9,0.0,0.0,0,0,,,2026-04-13 13:44:55
649,,LOT-20260410-002,,,,Frijol,Peruano,1343,cam1_20260413_075952.jpg,ambient,1345,cam1_20260413_075954.jpg,,1,23.5,59,100,703,0,15,0.0,,,,4,11.7,2.9,0.0,0.0,0,0,,,2026-04-13 13:59:55
651,,LOT-20260410-002,,,,Frijol,Peruano,1347,cam1_20260413_081452.jpg,ambient,1349,cam1_20260413_081455.jpg,,1,23.6,59,100,703,0,15,0.0,,,,4,11.7,2.9,0.0,0.0,0,0,,,2026-04-13 14:14:55
653,,LOT-20260410-002,,,,Frijol,Peruano,1351,cam1_20260413_082952.jpg,ambient,1353,cam1_20260413_082955.jpg,,1,23.5,60,100,703,0,15,0.0,,,,4,11.7,2.9,0.0,0.0,0,0,,,2026-04-13 14:29:55
655,,LOT-20260410-002,,,,Frijol,Peruano,1355,cam1_20260413_084453.jpg,ambient,1357,cam1_20260413_084455.jpg,,1,23.6,61,100,703,0,15,0.0,,,,4,11.7,2.9,0.0,0.0,0,0,,,2026-04-13 14:44:55
657,,LOT-20260410-002,,,,Frijol,Peruano,1359,cam1_20260413_085953.jpg,ambient,1361,cam1_20260413_085955.jpg,,1,23.6,63,100,703,0,15,0.0,,,,4,11.7,2.9,0.0,0.0,0,0,,,2026-04-13 14:59:55
659,,LOT-20260410-002,,,,Frijol,Peruano,1363,cam1_20260413_091453.jpg,ambient,1365,cam1_20260413_091455.jpg,,1,23.7,63,100,703,0,15,0.0,,,,4,11.7,2.9,0.0,0.0,0,0,,,2026-04-13 15:14:55
661,,LOT-20260410-002,,,,Frijol,Peruano,1367,cam1_20260413_092953.jpg,ambient,1369,cam1_20260413_092955.jpg,,1,23.7,65,100,703,0,15,0.0,,,,4,11.7,2.9,0.0,0.0,0,0,,,2026-04-13 15:29:55
662,,LOT-20260410-002,,,,Frijol,Peruano,1371,cam1_20260413_094453.jpg,ambient,1372,cam1_20260413_094455.jpg,,1,23.8,64,100,703,0,15,0.0,,,,4,11.7,2.9,0.0,0.0,0,0,,,2026-04-13 15:44:55
664,,LOT-20260410-002,,,,Frijol,Peruano,1375,cam1_20260413_095953.jpg,ambient,1377,cam1_20260413_095955.jpg,,1,23.9,66,100,703,0,15,0.0,,,,4,11.7,2.9,0.0,0.0,0,0,,,2026-04-13 15:59:55
667,,LOT-20260410-002,,,,Frijol,Peruano,1379,cam1_20260413_101453.jpg,ambient,1381,cam1_20260413_101455.jpg,,1,24,64,100,703,0,15,0.0,,,,4,11.7,2.9,0.0,0.0,0,0,,,2026-04-13 16:14:55
669,,LOT-20260410-002,,,,Frijol,Peruano,1383,cam1_20260413_102953.jpg,ambient,1385,cam1_20260413_102955.jpg,,1,24.1,64,100,703,0,15,0.0,,,,4,11.7,2.9,0.0,0.0,0,0,,,2026-04-13 16:29:55
671,,LOT-20260410-002,,,,Frijol,Peruano,1387,cam1_20260413_104453.jpg,ambient,1389,cam1_20260413_104455.jpg,,1,24.1,62,100,703,0,15,0.0,,,,4,11.7,2.9,0.0,0.0,0,0,,,2026-04-13 16:44:55
673,,LOT-20260410-002,,,,Frijol,Peruano,1391,cam1_20260413_105953.jpg,ambient,1393,cam1_20260413_105955.jpg,,1,24.2,62,100,703,0,15,0.0,,,,4,11.7,2.9,0.0,0.0,0,0,,,2026-04-13 16:59:55
675,,LOT-20260410-002,,,,Frijol,Peruano,1395,cam1_20260413_111453.jpg,ambient,1397,cam1_20260413_111455.jpg,,1,24.2,62,100,703,0,15,0.0,,,,4,11.7,2.9,0.0,0.0,0,0,,,2026-04-13 17:14:55
677,,LOT-20260410-002,,,,Frijol,Peruano,1399,cam1_20260413_112953.jpg,ambient,1401,cam1_20260413_112955.jpg,,1,24.2,61,100,703,0,15,0.0,,,,4,11.7,2.9,0.0,0.0,0,0,,,2026-04-13 17:29:55
679,,LOT-20260410-002,,,,Frijol,Peruano,1403,cam1_20260413_114453.jpg,ambient,1405,cam1_20260413_114455.jpg,,1,24.3,60,100,703,0,15,0.0,,,,4,11.7,2.9,0.0,0.0,0,0,,,2026-04-13 17:44:55
681,,LOT-20260410-002,,,,Frijol,Peruano,1407,cam1_20260413_115953.jpg,ambient,1409,cam1_20260413_115955.jpg,,1,24.3,61,100,704,0,15,0.0,,,,4,11.7,2.9,0.0,0.0,0,0,,,2026-04-13 17:59:55
683,,LOT-20260410-002,,,,Frijol,Peruano,1411,cam1_20260413_121453.jpg,ambient,1413,cam1_20260413_121455.jpg,,1,24.3,59,100,704,0,15,0.0,,,,4,11.7,2.9,0.0,0.0,0,0,,,2026-04-13 18:14:55
685,,LOT-20260410-002,,,,Frijol,Peruano,1415,cam1_20260413_122953.jpg,ambient,1417,cam1_20260413_122955.jpg,,1,24.3,59,100,704,0,15,0.0,,,,4,11.7,2.9,0.0,0.0,0,0,,,2026-04-13 18:29:56
687,,LOT-20260410-002,,,,Frijol,Peruano,1419,cam1_20260413_124453.jpg,ambient,1421,cam1_20260413_124455.jpg,,1,24.4,61,100,704,0,15,0.0,,,,4,11.7,2.9,0.0,0.0,0,0,,,2026-04-13 18:44:55
689,,LOT-20260410-002,,,,Frijol,Peruano,1423,cam1_20260413_125953.jpg,ambient,1425,cam1_20260413_125955.jpg,,1,24.4,59,100,704,0,15,0.0,,,,4,11.7,2.9,0.0,0.0,0,0,,,2026-04-13 18:59:56
691,,LOT-20260410-002,,,,Frijol,Peruano,1427,cam1_20260413_131453.jpg,ambient,1429,cam1_20260413_131455.jpg,,1,24.4,58,100,704,0,15,0.0,,,,4,11.7,2.9,0.0,0.0,0,0,,,2026-04-13 19:14:55
693,,LOT-20260410-002,,,,Frijol,Peruano,1431,cam1_20260413_132953.jpg,ambient,1433,cam1_20260413_132955.jpg,,1,24.4,59,100,704,0,15,0.0,,,,4,11.7,2.9,0.0,0.0,0,0,,,2026-04-13 19:29:56
695,,LOT-20260410-002,,,,Frijol,Peruano,1435,cam1_20260413_134453.jpg,ambient,1437,cam1_20260413_134455.jpg,,1,24.5,61,100,704,0,15,0.0,,,,4,11.7,2.9,0.0,0.0,0,0,,,2026-04-13 19:44:56
697,,LOT-20260410-002,,,,Frijol,Peruano,1439,cam1_20260413_135953.jpg,ambient,1441,cam1_20260413_135955.jpg,,1,24.5,56,100,704,0,15,0.0,,,,4,11.7,2.9,0.0,0.0,0,0,,,2026-04-13 19:59:56
699,,LOT-20260410-002,,,,Frijol,Peruano,1443,cam1_20260413_141453.jpg,ambient,1445,cam1_20260413_141456.jpg,,1,24.5,55,100,704,0,15,0.0,,,,4,11.7,2.9,0.0,0.0,0,0,,,2026-04-13 20:14:56
701,,LOT-20260410-002,,,,Frijol,Peruano,1447,cam1_20260413_142953.jpg,ambient,1449,cam1_20260413_142956.jpg,,1,24.5,55,100,704,0,15,0.0,,,,4,11.7,2.9,0.0,0.0,0,0,,,2026-04-13 20:29:56
702,,LOT-20260410-002,,,,Frijol,Peruano,1451,cam1_20260413_144453.jpg,ambient,1452,cam1_20260413_144456.jpg,,1,24.5,52,100,704,0,15,0.0,,,,4,11.7,2.9,0.0,0.0,0,0,,,2026-04-13 20:44:56
705,,LOT-20260410-002,,,,Frijol,Peruano,1455,cam1_20260413_145953.jpg,ambient,1457,cam1_20260413_145956.jpg,,1,24.5,51,100,704,0,15,0.0,,,,4,11.7,2.9,0.0,0.0,0,0,,,2026-04-13 20:59:56
707,,LOT-20260410-002,,,,Frijol,Peruano,1459,cam1_20260413_151454.jpg,ambient,1461,cam1_20260413_151456.jpg,,1,24.5,51,100,704,0,15,0.0,,,,4,11.7,2.9,0.0,0.0,0,0,,,2026-04-13 21:14:56
709,,LOT-20260410-002,,,,Frijol,Peruano,1463,cam1_20260413_152954.jpg,ambient,1465,cam1_20260413_152956.jpg,,1,24.5,51,100,704,0,15,0.0,,,,4,11.7,2.9,0.0,0.0,0,0,,,2026-04-13 21:29:56
710,,LOT-20260410-002,,,,Frijol,Peruano,1467,cam1_20260413_154454.jpg,ambient,1469,cam1_20260413_154456.jpg,,1,24.5,50,100,704,0,15,0.0,,,,4,11.7,2.9,0.0,0.0,0,0,,,2026-04-13 21:44:56
713,,LOT-20260410-002,,,,Frijol,Peruano,1471,cam1_20260413_155954.jpg,ambient,1473,cam1_20260413_155956.jpg,,1,24.5,50,100,704,0,15,0.0,,,,4,11.7,2.9,0.0,0.0,0,0,,,2026-04-13 21:59:56
714,,LOT-20260410-002,,,,Frijol,Peruano,1475,cam1_20260413_161454.jpg,ambient,1477,cam1_20260413_161456.jpg,,1,24.5,50,100,704,0,15,0.0,,,,4,11.7,2.9,0.0,0.0,0,0,,,2026-04-13 22:14:56
717,,LOT-20260410-002,,,,Frijol,Peruano,1479,cam1_20260413_162954.jpg,ambient,1481,cam1_20260413_162956.jpg,,1,24.6,49,100,704,0,15,0.0,,,,4,11.7,2.9,0.0,0.0,0,0,,,2026-04-13 22:29:56
719,,LOT-20260410-002,,,,Frijol,Peruano,1483,cam1_20260413_164454.jpg,ambient,1485,cam1_20260413_164456.jpg,,1,24.6,50,100,704,0,15,0.0,,,,4,11.7,2.9,0.0,0.0,0,0,,,2026-04-13 22:44:56
721,,LOT-20260410-002,,,,Frijol,Peruano,1487,cam1_20260413_165954.jpg,ambient,1489,cam1_20260413_165956.jpg,,1,24.6,48,100,704,0,15,0.0,,,,4,11.7,2.9,0.0,0.0,0,0,,,2026-04-13 22:59:56
723,,LOT-20260410-002,,,,Frijol,Peruano,1491,cam1_20260413_171454.jpg,ambient,1493,cam1_20260413_171456.jpg,,1,24.6,48,100,704,0,15,0.0,,,,4,11.7,2.9,0.0,0.0,0,0,,,2026-04-13 23:14:56
725,,LOT-20260410-002,,,,Frijol,Peruano,1495,cam1_20260413_172954.jpg,ambient,1497,cam1_20260413_172956.jpg,,1,24.6,48,100,704,0,15,0.0,,,,4,11.7,2.9,0.0,0.0,0,0,,,2026-04-13 23:29:56
726,,LOT-20260410-002,,,,Frijol,Peruano,1499,cam1_20260413_174454.jpg,ambient,1500,cam1_20260413_174456.jpg,,1,24.6,48,100,704,0,15,0.0,,,,4,11.7,2.9,0.0,0.0,0,0,,,2026-04-13 23:44:56
729,,LOT-20260410-002,,,,Frijol,Peruano,1503,cam1_20260413_175954.jpg,ambient,1505,cam1_20260413_175956.jpg,,1,24.6,47,100,705,0,15,0.0,,,,4,11.8,2.9,0.0,0.0,0,0,,,2026-04-13 23:59:56
731,,LOT-20260410-002,,,,Frijol,Peruano,1507,cam1_20260413_181454.jpg,ambient,1509,cam1_20260413_181456.jpg,,1,24.6,47,100,705,0,15,0.0,,,,4,11.8,2.9,0.0,0.0,0,0,,,2026-04-14 00:14:56
733,,LOT-20260410-002,,,,Frijol,Peruano,1511,cam1_20260413_182954.jpg,ambient,1513,cam1_20260413_182956.jpg,,1,24.7,51,100,705,0,15,0.0,,,,4,11.8,2.9,0.0,0.0,0,0,,,2026-04-14 00:29:57
735,,LOT-20260410-002,,,,Frijol,Peruano,1515,cam1_20260413_184454.jpg,ambient,1517,cam1_20260413_184456.jpg,,1,24.6,49,100,705,0,15,0.0,,,,4,11.8,2.9,0.0,0.0,0,0,,,2026-04-14 00:44:56
737,,LOT-20260410-002,,,,Frijol,Peruano,1519,cam1_20260413_185954.jpg,ambient,1521,cam1_20260413_185956.jpg,,1,24.6,51,100,705,0,15,0.0,,,,4,11.8,2.9,0.0,0.0,0,0,,,2026-04-14 00:59:57
738,,LOT-20260410-002,,,,Frijol,Peruano,1523,cam1_20260413_191454.jpg,ambient,1524,cam1_20260413_191456.jpg,,1,24.7,54,100,705,0,15,0.0,,,,4,11.8,2.9,0.0,0.0,0,0,,,2026-04-14 01:14:57
741,,LOT-20260410-002,,,,Frijol,Peruano,1527,cam1_20260413_192954.jpg,ambient,1529,cam1_20260413_192956.jpg,,1,24.7,51,100,705,0,15,0.0,,,,4,11.8,2.9,0.0,0.0,0,0,,,2026-04-14 01:29:57
743,,LOT-20260410-002,,,,Frijol,Peruano,1531,cam1_20260413_194454.jpg,ambient,1533,cam1_20260413_194456.jpg,,1,24.7,58,100,705,0,15,0.0,,,,4,11.8,2.9,0.0,0.0,0,0,,,2026-04-14 01:44:57
745,,LOT-20260410-002,,,,Frijol,Peruano,1535,cam1_20260413_195954.jpg,ambient,1537,cam1_20260413_195956.jpg,,1,24.7,59,100,705,0,15,0.0,,,,4,11.8,2.9,0.0,0.0,0,0,,,2026-04-14 01:59:57
747,,LOT-20260410-002,,,,Frijol,Peruano,1539,cam1_20260413_201454.jpg,ambient,1541,cam1_20260413_201456.jpg,,1,24.7,60,100,705,0,15,0.0,,,,4,11.8,2.9,0.0,0.0,0,0,,,2026-04-14 02:14:57
749,,LOT-20260410-002,,,,Frijol,Peruano,1543,cam1_20260413_202954.jpg,ambient,1545,cam1_20260413_202957.jpg,,1,24.7,57,100,705,0,15,0.0,,,,4,11.8,2.9,0.0,0.0,0,0,,,2026-04-14 02:29:57
751,,LOT-20260410-002,,,,Frijol,Peruano,1547,cam1_20260413_204454.jpg,ambient,1549,cam1_20260413_204457.jpg,,1,24.7,60,100,705,0,15,0.0,,,,4,11.8,2.9,0.0,0.0,0,0,,,2026-04-14 02:44:57
753,,LOT-20260410-002,,,,Frijol,Peruano,1551,cam1_20260413_205954.jpg,ambient,1553,cam1_20260413_205957.jpg,,1,24.8,62,100,705,0,15,0.0,,,,4,11.8,2.9,0.0,0.0,0,0,,,2026-04-14 02:59:57
754,,LOT-20260410-002,,,,Frijol,Peruano,1554,cam1_20260413_211454.jpg,ambient,1556,cam1_20260413_211457.jpg,,1,24.9,59,100,706,0,15,0.0,,,,4,11.8,2.9,0.0,0.0,0,0,,,2026-04-14 03:14:57
756,,LOT-20260410-002,,,,Frijol,Peruano,1559,cam1_20260413_212954.jpg,ambient,1561,cam1_20260413_212957.jpg,,1,24.9,59,100,706,0,15,0.0,,,,4,11.8,2.9,0.0,0.0,0,0,,,2026-04-14 03:29:57
759,,LOT-20260410-002,,,,Frijol,Peruano,1563,cam1_20260413_214455.jpg,ambient,1565,cam1_20260413_214457.jpg,,1,25,63,100,706,0,15,0.0,,,,4,11.8,2.9,0.0,0.0,0,0,,,2026-04-14 03:44:57
761,,LOT-20260410-002,,,,Frijol,Peruano,1567,cam1_20260413_215955.jpg,ambient,1569,cam1_20260413_215957.jpg,,1,24.9,58,100,706,0,15,0.0,,,,4,11.8,2.9,0.0,0.0,0,0,,,2026-04-14 03:59:57
763,,LOT-20260410-002,,,,Frijol,Peruano,1571,cam1_20260413_221455.jpg,ambient,1573,cam1_20260413_221457.jpg,,1,24.9,59,100,706,0,15,0.0,,,,4,11.8,2.9,0.0,0.0,0,0,,,2026-04-14 04:14:57
765,,LOT-20260410-002,,,,Frijol,Peruano,1575,cam1_20260413_222955.jpg,ambient,1577,cam1_20260413_222957.jpg,,1,24.9,59,100,706,0,15,0.0,,,,4,11.8,2.9,0.0,0.0,0,0,,,2026-04-14 04:29:57
767,,LOT-20260410-002,,,,Frijol,Peruano,1579,cam1_20260413_224455.jpg,ambient,1581,cam1_20260413_224457.jpg,,1,24.9,57,100,706,0,15,0.0,,,,4,11.8,2.9,0.0,0.0,0,0,,,2026-04-14 04:44:57
769,,LOT-20260410-002,,,,Frijol,Peruano,1583,cam1_20260413_225955.jpg,ambient,1585,cam1_20260413_225957.jpg,,1,24.9,57,100,706,0,15,0.0,,,,4,11.8,2.9,0.0,0.0,0,0,,,2026-04-14 04:59:57
771,,LOT-20260410-002,,,,Frijol,Peruano,1587,cam1_20260413_231455.jpg,ambient,1589,cam1_20260413_231457.jpg,,1,24.9,57,100,706,0,15,0.0,,,,4,11.8,2.9,0.0,0.0,0,0,,,2026-04-14 05:14:58
773,,LOT-20260410-002,,,,Frijol,Peruano,1591,cam1_20260413_232955.jpg,ambient,1593,cam1_20260413_232957.jpg,,1,24.8,59,100,706,0,15,0.0,,,,4,11.8,2.9,0.0,0.0,0,0,,,2026-04-14 05:29:58
774,,LOT-20260410-002,,,,Frijol,Peruano,1595,cam1_20260413_234455.jpg,ambient,1596,cam1_20260413_234457.jpg,,1,24.8,57,100,706,0,15,0.0,,,,4,11.8,2.9,0.0,0.0,0,0,,,2026-04-14 05:44:58
777,,LOT-20260410-002,,,,Frijol,Peruano,1599,cam1_20260413_235955.jpg,ambient,1601,cam1_20260413_235957.jpg,,1,24.8,58,100,706,0,15,0.0,,,,4,11.8,2.9,0.0,0.0,0,0,,,2026-04-14 05:59:58
779,,LOT-20260410-002,,,,Frijol,Peruano,1603,cam1_20260414_001455.jpg,ambient,1605,cam1_20260414_001457.jpg,,1,24.7,60,100,707,0,15,0.0,,,,4,11.8,2.9,0.0,0.0,0,0,,,2026-04-14 06:14:58
781,,LOT-20260410-002,,,,Frijol,Peruano,1607,cam1_20260414_002955.jpg,ambient,1609,cam1_20260414_002957.jpg,,1,24.7,59,100,707,0,15,0.0,,,,4,11.8,2.9,0.0,0.0,0,0,,,2026-04-14 06:29:58
783,,LOT-20260410-002,,,,Frijol,Peruano,1611,cam1_20260414_004455.jpg,ambient,1613,cam1_20260414_004458.jpg,,1,24.7,60,100,707,0,15,0.0,,,,4,11.8,2.9,0.0,0.0,0,0,,,2026-04-14 06:44:58
785,,LOT-20260410-002,,,,Frijol,Peruano,1615,cam1_20260414_005955.jpg,ambient,1617,cam1_20260414_005958.jpg,,1,24.7,60,100,707,0,15,0.0,,,,4,11.8,2.9,0.0,0.0,0,0,,,2026-04-14 06:59:58
787,,LOT-20260410-002,,,,Frijol,Peruano,1619,cam1_20260414_011456.jpg,ambient,1621,cam1_20260414_011458.jpg,,1,24.7,61,100,707,0,15,0.0,,,,4,11.8,2.9,0.0,0.0,0,0,,,2026-04-14 07:14:58
789,,LOT-20260410-002,,,,Frijol,Peruano,1623,cam1_20260414_012956.jpg,ambient,1625,cam1_20260414_012958.jpg,,1,24.7,60,100,707,0,15,0.0,,,,4,11.8,2.9,0.0,0.0,0,0,,,2026-04-14 07:29:58
790,,LOT-20260410-002,,,,Frijol,Peruano,1627,cam1_20260414_014456.jpg,ambient,1628,cam1_20260414_014458.jpg,,1,24.7,60,100,707,0,15,0.0,,,,4,11.8,2.9,0.0,0.0,0,0,,,2026-04-14 07:44:58
793,,LOT-20260410-002,,,,Frijol,Peruano,1631,cam1_20260414_015956.jpg,ambient,1633,cam1_20260414_015958.jpg,,1,24.7,59,100,707,0,15,0.0,,,,4,11.8,2.9,0.0,0.0,0,0,,,2026-04-14 07:59:58
794,,LOT-20260410-002,,,,Frijol,Peruano,1635,cam1_20260414_021456.jpg,ambient,1636,cam1_20260414_021458.jpg,,1,24.7,60,100,707,0,15,0.0,,,,4,11.8,2.9,0.0,0.0,0,0,,,2026-04-14 08:14:58
797,,LOT-20260410-002,,,,Frijol,Peruano,1639,cam1_20260414_022956.jpg,ambient,1641,cam1_20260414_022958.jpg,,1,24.6,60,100,707,0,15,0.0,,,,5,11.8,2.4,0.0,0.0,0,0,,,2026-04-14 08:29:58
799,,LOT-20260410-002,,,,Frijol,Peruano,1643,cam1_20260414_024456.jpg,ambient,1645,cam1_20260414_024458.jpg,,1,24.6,60,100,707,0,15,0.0,,,,5,11.8,2.4,0.0,0.0,0,0,,,2026-04-14 08:44:58
801,,LOT-20260410-002,,,,Frijol,Peruano,1647,cam1_20260414_025956.jpg,ambient,1649,cam1_20260414_025958.jpg,,1,24.6,60,100,707,0,15,0.0,,,,5,11.8,2.4,0.0,0.0,0,0,,,2026-04-14 08:59:59
803,,LOT-20260410-002,,,,Frijol,Peruano,1651,cam1_20260414_031456.jpg,ambient,1653,cam1_20260414_031458.jpg,,1,24.6,60,100,707,0,15,0.0,,,,5,11.8,2.4,0.0,0.0,0,0,,,2026-04-14 09:14:58
805,,LOT-20260410-002,,,,Frijol,Peruano,1655,cam1_20260414_032956.jpg,ambient,1657,cam1_20260414_032958.jpg,,1,24.6,60,100,707,0,15,0.0,,,,5,11.8,2.4,0.0,0.0,0,0,,,2026-04-14 09:29:59
807,,LOT-20260410-002,,,,Frijol,Peruano,1659,cam1_20260414_034456.jpg,ambient,1661,cam1_20260414_034458.jpg,,1,24.6,60,100,707,0,15,0.0,,,,5,11.8,2.4,0.0,0.0,0,0,,,2026-04-14 09:44:59
809,,LOT-20260410-002,,,,Frijol,Peruano,1663,cam1_20260414_035956.jpg,ambient,1665,cam1_20260414_035958.jpg,,1,24.5,60,100,707,0,15,0.0,,,,5,11.8,2.4,0.0,0.0,0,0,,,2026-04-14 09:59:59
811,,LOT-20260410-002,,,,Frijol,Peruano,1667,cam1_20260414_041456.jpg,ambient,1669,cam1_20260414_041458.jpg,,1,24.5,60,100,707,0,15,0.0,,,,5,11.8,2.4,0.0,0.0,0,0,,,2026-04-14 10:14:58
812,,LOT-20260410-002,,,,Frijol,Peruano,1671,cam1_20260414_042956.jpg,ambient,1672,cam1_20260414_042958.jpg,,1,24.5,60,100,707,0,15,0.0,,,,5,11.8,2.4,0.0,0.0,0,0,,,2026-04-14 10:29:59
814,,LOT-20260410-002,,,,Frijol,Peruano,1675,cam1_20260414_044456.jpg,ambient,1677,cam1_20260414_044458.jpg,,1,24.5,61,100,707,0,15,0.0,,,,5,11.8,2.4,0.0,0.0,0,0,,,2026-04-14 10:44:59
817,,LOT-20260410-002,,,,Frijol,Peruano,1679,cam1_20260414_045956.jpg,ambient,1681,cam1_20260414_045958.jpg,,1,24.5,60,100,707,0,15,0.0,,,,5,11.8,2.4,0.0,0.0,0,0,,,2026-04-14 10:59:59
818,,LOT-20260410-002,,,,Frijol,Peruano,1683,cam1_20260414_051456.jpg,ambient,1685,cam1_20260414_051458.jpg,,1,24.5,59,100,707,0,15,0.0,,,,5,11.8,2.4,0.0,0.0,0,0,,,2026-04-14 11:14:59
821,,LOT-20260410-002,,,,Frijol,Peruano,1687,cam1_20260414_052956.jpg,ambient,1689,cam1_20260414_052959.jpg,,1,24.4,60,100,707,0,15,0.0,,,,5,11.8,2.4,0.0,0.0,0,0,,,2026-04-14 11:29:59
822,,LOT-20260410-002,,,,Frijol,Peruano,1691,cam1_20260414_054456.jpg,ambient,1692,cam1_20260414_054458.jpg,,1,24.4,60,100,707,0,15,0.0,,,,5,11.8,2.4,0.0,0.0,0,0,,,2026-04-14 11:44:59
825,,LOT-20260410-002,,,,Frijol,Peruano,1695,cam1_20260414_055956.jpg,ambient,1697,cam1_20260414_055958.jpg,,1,24.4,59,100,707,0,15,0.0,,,,5,11.8,2.4,0.0,0.0,0,0,,,2026-04-14 11:59:59
827,,LOT-20260410-002,,,,Frijol,Peruano,1699,cam1_20260414_061456.jpg,ambient,1701,cam1_20260414_061458.jpg,,1,24.3,59,100,707,0,15,0.0,,,,5,11.8,2.4,0.0,0.0,0,0,,,2026-04-14 12:14:59
829,,LOT-20260410-002,,,,Frijol,Peruano,1703,cam1_20260414_062956.jpg,ambient,1705,cam1_20260414_062959.jpg,,1,24.3,59,100,708,0,15,0.0,,,,5,11.8,2.4,0.0,0.0,0,0,,,2026-04-14 12:29:59
831,,LOT-20260410-002,,,,Frijol,Peruano,1707,cam1_20260414_064456.jpg,ambient,1709,cam1_20260414_064459.jpg,,1,24.3,59,100,708,0,15,0.0,,,,5,11.8,2.4,0.0,0.0,0,0,,,2026-04-14 12:44:59
833,,LOT-20260410-002,,,,Frijol,Peruano,1711,cam1_20260414_065957.jpg,ambient,1713,cam1_20260414_070000.jpg,,1,24.2,58,100,708,0,15,0.0,,,,5,11.8,2.4,0.0,0.0,0,0,,,2026-04-14 13:00:00
835,,LOT-20260410-002,,,,Frijol,Peruano,1715,cam1_20260414_071457.jpg,ambient,1717,cam1_20260414_071500.jpg,,1,24.3,59,100,708,0,15,0.0,,,,5,11.8,2.4,0.0,0.0,0,0,,,2026-04-14 13:15:00
837,,LOT-20260410-002,,,,Frijol,Peruano,1719,cam1_20260414_072957.jpg,ambient,1721,cam1_20260414_073000.jpg,,1,24.2,58,100,708,0,15,0.0,,,,5,11.8,2.4,0.0,0.0,0,0,,,2026-04-14 13:30:00
839,,LOT-20260410-002,,,,Frijol,Peruano,1723,cam1_20260414_074457.jpg,ambient,1725,cam1_20260414_074500.jpg,,1,24,60,100,708,0,15,0.0,,,,5,11.8,2.4,0.0,0.0,0,0,,,2026-04-14 13:45:00
841,,LOT-20260410-002,,,,Frijol,Peruano,1727,cam1_20260414_075958.jpg,ambient,1729,cam1_20260414_080000.jpg,,1,23.8,61,100,708,0,15,0.0,,,,5,11.8,2.4,0.0,0.0,0,0,,,2026-04-14 14:00:00
843,,LOT-20260410-002,,,,Frijol,Peruano,1731,cam1_20260414_081457.jpg,ambient,1733,cam1_20260414_081500.jpg,,1,23.9,60,100,708,0,15,0.0,,,,5,11.8,2.4,0.0,0.0,0,0,,,2026-04-14 14:15:00
845,,LOT-20260410-002,,,,Frijol,Peruano,1735,cam1_20260414_082958.jpg,ambient,1737,cam1_20260414_083000.jpg,,1,24,60,100,708,0,15,0.0,,,,5,11.8,2.4,0.0,0.0,0,0,,,2026-04-14 14:30:00
847,,LOT-20260410-002,,,,Frijol,Peruano,1739,cam1_20260414_084458.jpg,ambient,1741,cam1_20260414_084500.jpg,,1,24.1,60,100,708,0,15,0.0,,,,5,11.8,2.4,0.0,0.0,0,0,,,2026-04-14 14:45:00
849,,LOT-20260410-002,,,,Frijol,Peruano,1743,cam1_20260414_085958.jpg,ambient,1745,cam1_20260414_090000.jpg,,1,24.2,57,100,708,0,15,0.0,,,,5,11.8,2.4,0.0,0.0,0,0,,,2026-04-14 15:00:00
851,,LOT-20260410-002,,,,Frijol,Peruano,1747,cam1_20260414_091458.jpg,ambient,1749,cam1_20260414_091500.jpg,,1,24.3,54,100,708,0,15,0.0,,,,5,11.8,2.4,0.0,0.0,0,0,,,2026-04-14 15:15:00
853,,LOT-20260410-002,,,,Frijol,Peruano,1750,cam1_20260414_092958.jpg,ambient,1753,cam1_20260414_093000.jpg,,1,24.3,56,100,708,0,15,0.0,,,,5,11.8,2.4,0.0,0.0,0,0,,,2026-04-14 15:30:00
855,,LOT-20260410-002,,,,Frijol,Peruano,1755,cam1_20260414_094458.jpg,ambient,1757,cam1_20260414_094500.jpg,,1,24.4,56,100,708,0,15,0.0,,,,5,11.8,2.4,0.0,0.0,0,0,,,2026-04-14 15:45:00
856,,LOT-20260410-002,,,,Frijol,Peruano,1759,cam1_20260414_095958.jpg,ambient,1760,cam1_20260414_100000.jpg,,1,24.5,57,100,709,0,15,0.0,,,,5,12.1,2.4,0.0,0.0,0,0,,,2026-04-14 16:00:00
859,,LOT-20260410-002,,,,Frijol,Peruano,1763,cam1_20260414_101458.jpg,ambient,1765,cam1_20260414_101500.jpg,,1,25.1,58,100,724,0,15,0.0,,,,5,12.3,2.5,0.0,0.0,0,0,,,2026-04-14 16:15:00
860,,LOT-20260410-002,,,,Frijol,Peruano,1767,cam1_20260414_102958.jpg,ambient,1768,cam1_20260414_103000.jpg,,1,25.3,53,100,739,0,15,0.0,,,,5,12.6,2.5,0.0,0.0,0,0,,,2026-04-14 16:30:00
862,,LOT-20260410-002,,,,Frijol,Peruano,1771,cam1_20260414_104458.jpg,ambient,1772,cam1_20260414_104500.jpg,,1,25.6,52,100,754,0,15,0.0,,,,5,12.8,2.6,0.0,0.0,0,0,,,2026-04-14 16:45:00
864,,LOT-20260410-002,,,,Frijol,Peruano,1775,cam1_20260414_105958.jpg,ambient,1776,cam1_20260414_110000.jpg,,1,25.8,52,100,769,0,15,0.0,,,,5,13.1,2.6,0.0,0.0,0,0,,,2026-04-14 17:00:00
866,,LOT-20260410-002,,,,Frijol,Peruano,1779,cam1_20260414_111458.jpg,ambient,1780,cam1_20260414_111500.jpg,,1,26,51,100,784,0,15,0.0,,,,5,13.3,2.7,0.0,0.0,0,0,,,2026-04-14 17:15:00
869,,LOT-20260410-002,,,,Frijol,Peruano,1783,cam1_20260414_112958.jpg,ambient,1785,cam1_20260414_113000.jpg,,1,26.1,48,100,799,0,15,0.0,,,,5,13.6,2.7,0.0,0.0,0,0,,,2026-04-14 17:30:00
870,,LOT-20260410-002,,,,Frijol,Peruano,1787,cam1_20260414_114458.jpg,ambient,1788,cam1_20260414_114500.jpg,,1,26.2,47,100,814,0,15,0.0,,,,5,13.8,2.8,0.0,0.0,0,0,,,2026-04-14 17:45:00
873,,LOT-20260410-002,,,,Frijol,Peruano,1791,cam1_20260414_115958.jpg,ambient,1793,cam1_20260414_120000.jpg,,1,26.2,46,100,828,0,15,0.0,,,,5,13.8,2.8,0.0,0.0,0,0,,,2026-04-14 18:00:00
875,,LOT-20260410-002,,,,Frijol,Peruano,1795,cam1_20260414_121458.jpg,ambient,1797,cam1_20260414_121500.jpg,,1,25.8,46,100,828,0,15,0.0,,,,5,13.8,2.8,0.0,0.0,0,0,,,2026-04-14 18:15:01
877,,LOT-20260410-002,,,,Frijol,Peruano,1799,cam1_20260414_122958.jpg,ambient,1801,cam1_20260414_123000.jpg,,1,25.7,52,100,828,0,15,0.0,,,,5,13.8,2.8,0.0,0.0,0,0,,,2026-04-14 18:30:00
878,,LOT-20260410-002,,,,Frijol,Peruano,1802,cam1_20260414_124458.jpg,ambient,1805,cam1_20260414_124500.jpg,,1,25.7,55,100,828,0,15,0.0,,,,5,13.8,2.8,0.0,0.0,0,0,,,2026-04-14 18:45:00
881,,LOT-20260410-002,,,,Frijol,Peruano,1807,cam1_20260414_125958.jpg,ambient,1809,cam1_20260414_130000.jpg,,1,25.7,53,100,829,0,15,0.0,,,,5,13.8,2.8,0.0,0.0,0,0,,,2026-04-14 19:00:01
883,,LOT-20260410-002,,,,Frijol,Peruano,1811,cam1_20260414_131458.jpg,ambient,1813,cam1_20260414_131500.jpg,,1,25.7,55,100,829,0,15,0.0,,,,5,13.8,2.8,0.0,0.0,0,0,,,2026-04-14 19:15:00
885,,LOT-20260410-002,,,,Frijol,Peruano,1815,cam1_20260414_132958.jpg,ambient,1817,cam1_20260414_133000.jpg,,1,25.7,58,100,829,0,15,0.0,,,,5,13.8,2.8,0.0,0.0,0,0,,,2026-04-14 19:30:01
887,,LOT-20260410-002,,,,Frijol,Peruano,1819,cam1_20260414_134458.jpg,ambient,1821,cam1_20260414_134500.jpg,,1,25.7,53,100,829,0,15,0.0,,,,5,13.8,2.8,0.0,0.0,0,0,,,2026-04-14 19:45:00
889,,LOT-20260410-002,,,,Frijol,Peruano,1823,cam1_20260414_135958.jpg,ambient,1825,cam1_20260414_140000.jpg,,1,25.7,53,100,829,0,15,0.0,,,,5,13.8,2.8,0.0,0.0,0,0,,,2026-04-14 20:00:00
891,,LOT-20260410-002,,,,Frijol,Peruano,1826,cam1_20260414_141458.jpg,ambient,1829,cam1_20260414_141500.jpg,,1,25.7,51,100,829,0,15,0.0,,,,5,13.8,2.8,0.0,0.0,0,0,,,2026-04-14 20:15:00
892,,LOT-20260410-002,,,,Frijol,Peruano,1831,cam1_20260414_142958.jpg,ambient,1832,cam1_20260414_143000.jpg,,1,25.7,52,100,829,0,15,0.0,,,,5,13.8,2.8,0.0,0.0,0,0,,,2026-04-14 20:30:01
895,,LOT-20260410-002,,,,Frijol,Peruano,1835,cam1_20260414_144458.jpg,ambient,1837,cam1_20260414_144500.jpg,,1,25.7,46,100,829,0,15,0.0,,,,5,13.8,2.8,0.0,0.0,0,0,,,2026-04-14 20:45:00
896,,LOT-20260410-002,,,,Frijol,Peruano,1839,cam1_20260414_145958.jpg,ambient,1840,cam1_20260414_150000.jpg,,1,25.7,48,100,829,0,15,0.0,,,,5,13.8,2.8,0.0,0.0,0,0,,,2026-04-14 21:00:01
898,,LOT-20260410-002,,,,Frijol,Peruano,1843,cam1_20260414_151458.jpg,ambient,1844,cam1_20260414_151500.jpg,,1,25.8,56,100,829,0,15,0.0,,,,5,13.8,2.8,0.0,0.0,0,0,,,2026-04-14 21:15:01
901,,LOT-20260410-002,,,,Frijol,Peruano,1847,cam1_20260414_152958.jpg,ambient,1849,cam1_20260414_153000.jpg,,1,25.8,56,100,829,0,15,0.0,,,,5,13.8,2.8,0.0,0.0,0,0,,,2026-04-14 21:30:01
903,,LOT-20260410-002,,,,Frijol,Peruano,1851,cam1_20260414_154458.jpg,ambient,1853,cam1_20260414_154500.jpg,,1,25.8,47,100,829,0,15,0.0,,,,5,13.8,2.8,0.0,0.0,0,0,,,2026-04-14 21:45:01
905,,LOT-20260410-002,,,,Frijol,Peruano,1855,cam1_20260414_155958.jpg,ambient,1857,cam1_20260414_160000.jpg,,1,25.8,55,100,829,0,15,0.0,,,,5,13.8,2.8,0.0,0.0,0,0,,,2026-04-14 22:00:01
906,,LOT-20260410-002,,,,Frijol,Peruano,1859,cam1_20260414_161458.jpg,ambient,1860,cam1_20260414_161500.jpg,,1,26.1,52,100,834,0,15,0.0,,,,5,14.2,2.8,0.0,0.0,0,0,,,2026-04-14 22:15:01
909,,LOT-20260410-002,,,,Frijol,Peruano,1863,cam1_20260414_162958.jpg,ambient,1865,cam1_20260414_163001.jpg,,1,26.5,44,100,849,0,15,0.0,,,,5,14.4,2.9,0.0,0.0,0,0,,,2026-04-14 22:30:01
911,,LOT-20260410-002,,,,Frijol,Peruano,1867,cam1_20260414_164458.jpg,ambient,1869,cam1_20260414_164500.jpg,,1,26.7,44,100,864,0,15,0.0,,,,5,14.7,2.9,0.0,0.0,0,0,,,2026-04-14 22:45:01
913,,LOT-20260410-002,,,,Frijol,Peruano,1871,cam1_20260414_165958.jpg,ambient,1873,cam1_20260414_170000.jpg,,1,26.9,45,100,879,0,15,0.0,,,,5,14.9,3.0,0.0,0.0,0,0,,,2026-04-14 23:00:01
915,,LOT-20260410-002,,,,Frijol,Peruano,1875,cam1_20260414_171458.jpg,ambient,1877,cam1_20260414_171500.jpg,,1,26.9,46,100,894,0,15,0.0,,,,5,15.2,3.0,0.0,0.0,0,0,,,2026-04-14 23:15:01
917,,LOT-20260410-002,,,,Frijol,Peruano,1879,cam1_20260414_172958.jpg,ambient,1880,cam1_20260414_173000.jpg,,1,27,43,100,909,0,15,0.0,,,,5,15.4,3.1,0.0,0.0,0,0,,,2026-04-14 23:30:01
919,,LOT-20260410-002,,,,Frijol,Peruano,1883,cam1_20260414_174458.jpg,ambient,1885,cam1_20260414_174500.jpg,,1,26.9,45,100,924,0,15,0.0,,,,5,15.7,3.1,0.0,0.0,0,0,,,2026-04-14 23:45:01
921,,LOT-20260410-002,,,,Frijol,Peruano,1887,cam1_20260414_175958.jpg,ambient,1889,cam1_20260414_180000.jpg,,1,26.9,45,100,939,1,15,15.0,,,,5,15.8,3.2,0.0,0.0,0,0,,,2026-04-15 00:00:01
923,,LOT-20260410-002,,,,Frijol,Peruano,1891,cam1_20260414_181458.jpg,ambient,1893,cam1_20260414_181501.jpg,,1,26.8,41,100,951,0,15,0.0,,,,5,15.8,3.2,0.0,0.0,0,0,,,2026-04-15 00:15:01
925,,LOT-20260410-002,,,,Frijol,Peruano,1895,cam1_20260414_182958.jpg,ambient,1897,cam1_20260414_183000.jpg,,1,26.4,47,100,951,0,15,0.0,,,,5,15.8,3.2,0.0,0.0,0,0,,,2026-04-15 00:30:01
927,,LOT-20260410-002,,,,Frijol,Peruano,1898,cam1_20260414_184458.jpg,ambient,1901,cam1_20260414_184501.jpg,,1,26.2,48,100,951,0,15,0.0,,,,5,15.8,3.2,0.0,0.0,0,0,,,2026-04-15 00:45:01
929,,LOT-20260410-002,,,,Frijol,Peruano,1903,cam1_20260414_185958.jpg,ambient,1905,cam1_20260414_190001.jpg,,1,26.1,48,100,951,0,15,0.0,,,,5,15.8,3.2,0.0,0.0,0,0,,,2026-04-15 01:00:01
930,,LOT-20260410-002,,,,Frijol,Peruano,1907,cam1_20260414_191458.jpg,ambient,1908,cam1_20260414_191501.jpg,,1,25.9,49,100,951,0,15,0.0,,,,5,15.8,3.2,0.0,0.0,0,0,,,2026-04-15 01:15:01
933,,LOT-20260410-002,,,,Frijol,Peruano,1911,cam1_20260414_192958.jpg,ambient,1913,cam1_20260414_193001.jpg,,1,25.8,46,100,951,0,15,0.0,,,,5,15.8,3.2,0.0,0.0,0,0,,,2026-04-15 01:30:01
935,,LOT-20260410-002,,,,Frijol,Peruano,1915,cam1_20260414_194458.jpg,ambient,1917,cam1_20260414_194501.jpg,,1,25.8,49,100,951,0,15,0.0,,,,5,15.8,3.2,0.0,0.0,0,0,,,2026-04-15 01:45:01
937,,LOT-20260410-002,,,,Frijol,Peruano,1919,cam1_20260414_195958.jpg,ambient,1921,cam1_20260414_200001.jpg,,1,25.7,48,100,951,0,15,0.0,,,,5,15.8,3.2,0.0,0.0,0,0,,,2026-04-15 02:00:01
939,,LOT-20260410-002,,,,Frijol,Peruano,1923,cam1_20260414_201458.jpg,ambient,1924,cam1_20260414_201501.jpg,,1,25.7,52,100,951,0,15,0.0,,,,5,15.8,3.2,0.0,0.0,0,0,,,2026-04-15 02:15:01
940,,LOT-20260410-002,,,,Frijol,Peruano,1927,cam1_20260414_202959.jpg,ambient,1928,cam1_20260414_203001.jpg,,1,25.7,55,100,951,0,15,0.0,,,,5,15.8,3.2,0.0,0.0,0,0,,,2026-04-15 02:30:01
943,,LOT-20260410-002,,,,Frijol,Peruano,1931,cam1_20260414_204458.jpg,ambient,1932,cam1_20260414_204501.jpg,,1,25.7,59,100,951,0,15,0.0,,,,5,15.8,3.2,0.0,0.0,0,0,,,2026-04-15 02:45:01
945,,LOT-20260410-002,,,,Frijol,Peruano,1935,cam1_20260414_205959.jpg,ambient,1937,cam1_20260414_210001.jpg,,1,25.7,58,100,951,0,15,0.0,,,,5,15.8,3.2,0.0,0.0,0,0,,,2026-04-15 03:00:01
947,,LOT-20260410-002,,,,Frijol,Peruano,1939,cam1_20260414_211459.jpg,ambient,1941,cam1_20260414_211501.jpg,,1,25.7,51,100,952,0,15,0.0,,,,5,15.9,3.2,0.0,0.0,0,0,,,2026-04-15 03:15:01
949,,LOT-20260410-002,,,,Frijol,Peruano,1943,cam1_20260414_212959.jpg,ambient,1945,cam1_20260414_213001.jpg,,1,25.6,52,100,953,0,15,0.0,,,,5,15.9,3.2,0.0,0.0,0,0,,,2026-04-15 03:30:01
951,,LOT-20260410-002,,,,Frijol,Peruano,1947,cam1_20260414_214459.jpg,ambient,1949,cam1_20260414_214501.jpg,,1,25.6,51,100,953,0,15,0.0,,,,5,15.9,3.2,0.0,0.0,0,0,,,2026-04-15 03:45:01
953,,LOT-20260410-002,,,,Frijol,Peruano,1950,cam1_20260414_215959.jpg,ambient,1953,cam1_20260414_220001.jpg,,1,25.6,55,100,953,0,15,0.0,,,,5,15.9,3.2,0.0,0.0,0,0,,,2026-04-15 04:00:01
955,,LOT-20260410-002,,,,Frijol,Peruano,1955,cam1_20260414_221459.jpg,ambient,1957,cam1_20260414_221501.jpg,,1,25.5,49,100,953,0,15,0.0,,,,5,15.9,3.2,0.0,0.0,0,0,,,2026-04-15 04:15:01
962,,LOT-20260410-002,,,,Frijol,Peruano,1969,cam1_20260414_224516.jpg,ambient,1971,cam1_20260414_224518.jpg,,1,26.1,51,100,969,0,15,0.0,,,,5,16.4,3.3,0.0,0.0,0,0,,,2026-04-15 04:45:18
964,,LOT-20260410-002,,,,Frijol,Peruano,1973,cam1_20260414_230016.jpg,ambient,1975,cam1_20260414_230018.jpg,,1,26.3,48,100,984,0,15,0.0,,,,5,16.6,3.3,0.0,0.0,0,0,,,2026-04-15 05:00:18
966,,LOT-20260410-002,,,,Frijol,Peruano,1977,cam1_20260414_231516.jpg,ambient,1979,cam1_20260414_231518.jpg,,1,26.4,47,100,999,0,15,0.0,,,,5,16.9,3.4,0.0,0.0,0,0,,,2026-04-15 05:15:18
968,,LOT-20260410-002,,,,Frijol,Peruano,1981,cam1_20260414_233016.jpg,ambient,1983,cam1_20260414_233018.jpg,,1,26.5,46,100,1014,0,15,0.0,,,,5,17.1,3.4,0.0,0.0,0,0,,,2026-04-15 05:30:18
969,,LOT-20260410-002,,,,Frijol,Peruano,1984,cam1_20260414_234516.jpg,ambient,1986,cam1_20260414_234518.jpg,,1,26.6,45,100,1029,0,15,0.0,,,,5,17.4,3.5,0.0,0.0,0,0,,,2026-04-15 05:45:19
972,,LOT-20260410-002,,,,Frijol,Peruano,1988,cam1_20260415_000016.jpg,ambient,1991,cam1_20260415_000019.jpg,,1,26.6,45,100,1044,0,15,0.0,,,,5,17.6,3.5,0.0,0.0,0,0,,,2026-04-15 06:00:19
974,,LOT-20260410-002,,,,Frijol,Peruano,1993,cam1_20260415_001516.jpg,ambient,1995,cam1_20260415_001519.jpg,,1,26.5,45,100,1059,0,15,0.0,,,,5,17.9,3.6,0.0,0.0,0,0,,,2026-04-15 06:15:19
975,,LOT-20260410-002,,,,Frijol,Peruano,1997,cam1_20260415_003016.jpg,ambient,1999,cam1_20260415_003019.jpg,,1,26.7,47,100,1074,0,15,0.0,,,,5,18.0,3.6,0.0,0.0,0,0,,,2026-04-15 06:30:19
977,,LOT-20260410-002,,,,Frijol,Peruano,2001,cam1_20260415_004516.jpg,ambient,2002,cam1_20260415_004518.jpg,,1,26.4,48,100,1082,0,15,0.0,,,,5,18.0,3.6,0.0,0.0,0,0,,,2026-04-15 06:45:19
980,,LOT-20260410-002,,,,Frijol,Peruano,2005,cam1_20260415_010016.jpg,ambient,2006,cam1_20260415_010019.jpg,,1,26.1,48,100,1082,0,15,0.0,,,,5,18.0,3.6,0.0,0.0,0,0,,,2026-04-15 07:00:19
982,,LOT-20260410-002,,,,Frijol,Peruano,2009,cam1_20260415_011516.jpg,ambient,2011,cam1_20260415_011519.jpg,,1,25.8,49,100,1082,0,15,0.0,,,,5,18.0,3.6,0.0,0.0,0,0,,,2026-04-15 07:15:19
984,,LOT-20260410-002,,,,Frijol,Peruano,2013,cam1_20260415_013016.jpg,ambient,2015,cam1_20260415_013019.jpg,,1,25.8,50,100,1082,0,15,0.0,,,,5,18.0,3.6,0.0,0.0,0,0,,,2026-04-15 07:30:19
985,,LOT-20260410-002,,,,Frijol,Peruano,2017,cam1_20260415_014516.jpg,ambient,2018,cam1_20260415_014519.jpg,,1,25.7,50,100,1082,0,15,0.0,,,,5,18.0,3.6,0.0,0.0,0,0,,,2026-04-15 07:45:19
988,,LOT-20260410-002,,,,Frijol,Peruano,2021,cam1_20260415_020016.jpg,ambient,2023,cam1_20260415_020019.jpg,,1,25.6,51,100,1082,0,15,0.0,,,,5,18.0,3.6,0.0,0.0,0,0,,,2026-04-15 08:00:19
989,,LOT-20260410-002,,,,Frijol,Peruano,2025,cam1_20260415_021516.jpg,ambient,2027,cam1_20260415_021519.jpg,,1,25.6,53,100,1082,0,15,0.0,,,,5,18.0,3.6,0.0,0.0,0,0,,,2026-04-15 08:15:19
992,,LOT-20260410-002,,,,Frijol,Peruano,2028,cam1_20260415_023016.jpg,ambient,2031,cam1_20260415_023019.jpg,,1,25.5,55,100,1082,0,15,0.0,,,,6,18.0,3.0,0.0,0.0,0,0,,,2026-04-15 08:30:19
994,,LOT-20260410-002,,,,Frijol,Peruano,2033,cam1_20260415_024516.jpg,ambient,2035,cam1_20260415_024519.jpg,,1,25.5,55,100,1082,0,15,0.0,,,,6,18.0,3.0,0.0,0.0,0,0,,,2026-04-15 08:45:19
996,,LOT-20260410-002,,,,Frijol,Peruano,2037,cam1_20260415_030016.jpg,ambient,2039,cam1_20260415_030018.jpg,,1,25.5,56,100,1082,0,15,0.0,,,,6,18.0,3.0,0.0,0.0,0,0,,,2026-04-15 09:00:19
997,,LOT-20260410-002,,,,Frijol,Peruano,2041,cam1_20260415_031516.jpg,ambient,2042,cam1_20260415_031518.jpg,,1,25.4,55,100,1082,0,15,0.0,,,,6,18.0,3.0,0.0,0.0,0,0,,,2026-04-15 09:15:19
999,,LOT-20260410-002,,,,Frijol,Peruano,2045,cam1_20260415_033016.jpg,ambient,2046,cam1_20260415_033019.jpg,,1,25.4,53,100,1082,0,15,0.0,,,,6,18.0,3.0,0.0,0.0,0,0,,,2026-04-15 09:30:19
1002,,LOT-20260410-002,,,,Frijol,Peruano,2049,cam1_20260415_034516.jpg,ambient,2051,cam1_20260415_034519.jpg,,1,25.4,54,100,1082,0,15,0.0,,,,6,18.0,3.0,0.0,0.0,0,0,,,2026-04-15 09:45:19
1004,,LOT-20260410-002,,,,Frijol,Peruano,2053,cam1_20260415_040016.jpg,ambient,2054,cam1_20260415_040018.jpg,,1,25.4,54,100,1082,0,15,0.0,,,,6,18.0,3.0,0.0,0.0,0,0,,,2026-04-15 10:00:19
1006,,LOT-20260410-002,,,,Frijol,Peruano,2057,cam1_20260415_041516.jpg,ambient,2058,cam1_20260415_041519.jpg,,1,25.4,56,100,1082,0,15,0.0,,,,6,18.0,3.0,0.0,0.0,0,0,,,2026-04-15 10:15:19
1008,,LOT-20260410-002,,,,Frijol,Peruano,2061,cam1_20260415_043016.jpg,ambient,2063,cam1_20260415_043019.jpg,,1,25.4,56,100,1082,0,15,0.0,,,,6,18.0,3.0,0.0,0.0,0,0,,,2026-04-15 10:30:19
1009,,LOT-20260410-002,,,,Frijol,Peruano,2065,cam1_20260415_044516.jpg,ambient,2066,cam1_20260415_044519.jpg,,1,25.3,56,100,1082,0,15,0.0,,,,6,18.0,3.0,0.0,0.0,0,0,,,2026-04-15 10:45:19
1012,,LOT-20260410-002,,,,Frijol,Peruano,2069,cam1_20260415_050016.jpg,ambient,2071,cam1_20260415_050019.jpg,,1,25.3,56,100,1082,0,15,0.0,,,,6,18.0,3.0,0.0,0.0,0,0,,,2026-04-15 11:00:19
1013,,LOT-20260410-002,,,,Frijol,Peruano,2072,cam1_20260415_051516.jpg,ambient,2074,cam1_20260415_051518.jpg,,1,25.3,56,100,1082,0,15,0.0,,,,6,18.0,3.0,0.0,0.0,0,0,,,2026-04-15 11:15:19
1017,,LOT-20260410-002,,,,Frijol,Peruano,2080,cam1_20260415_054516.jpg,ambient,2082,cam1_20260415_054519.jpg,,1,25.2,56,100,1083,0,15,0.0,,,,6,18.1,3.0,0.0,0.0,0,0,,,2026-04-15 11:45:19
1020,,LOT-20260410-002,,,,Frijol,Peruano,2085,cam1_20260415_060016.jpg,ambient,2087,cam1_20260415_060019.jpg,,1,25.2,56,100,1083,0,15,0.0,,,,6,18.1,3.0,0.0,0.0,0,0,,,2026-04-15 12:00:20
1021,,LOT-20260410-002,,,,Frijol,Peruano,2089,cam1_20260415_061516.jpg,ambient,2090,cam1_20260415_061519.jpg,,1,25.2,57,100,1083,0,15,0.0,,,,6,18.1,3.0,0.0,0.0,0,0,,,2026-04-15 12:15:19
1024,,LOT-20260410-002,,,,Frijol,Peruano,2093,cam1_20260415_063016.jpg,ambient,2095,cam1_20260415_063019.jpg,,1,25.1,56,100,1083,0,15,0.0,,,,6,18.1,3.0,0.0,0.0,0,0,,,2026-04-15 12:30:19
1026,,LOT-20260410-002,,,,Frijol,Peruano,2097,cam1_20260415_064516.jpg,ambient,2098,cam1_20260415_064519.jpg,,1,25.1,56,100,1083,0,15,0.0,,,,6,18.1,3.0,0.0,0.0,0,0,,,2026-04-15 12:45:19
1027,,LOT-20260410-002,,,,Frijol,Peruano,2101,cam1_20260415_070016.jpg,ambient,2102,cam1_20260415_070019.jpg,,1,25.1,56,100,1083,0,15,0.0,,,,6,18.1,3.0,0.0,0.0,0,0,,,2026-04-15 13:00:19
1030,,LOT-20260410-002,,,,Frijol,Peruano,2105,cam1_20260415_071516.jpg,ambient,2107,cam1_20260415_071519.jpg,,1,24.9,55,100,1083,0,15,0.0,,,,6,18.1,3.0,0.0,0.0,0,0,,,2026-04-15 13:15:19
1032,,LOT-20260410-002,,,,Frijol,Peruano,2109,cam1_20260415_073016.jpg,ambient,2111,cam1_20260415_073019.jpg,,1,24.7,55,100,1083,0,15,0.0,,,,6,18.1,3.0,0.0,0.0,0,0,,,2026-04-15 13:30:19
1034,,LOT-20260410-002,,,,Frijol,Peruano,2113,cam1_20260415_074516.jpg,ambient,2115,cam1_20260415_074519.jpg,,1,24.7,55,100,1083,0,15,0.0,,,,6,18.1,3.0,0.0,0.0,0,0,,,2026-04-15 13:45:19
1036,,LOT-20260410-002,,,,Frijol,Peruano,2117,cam1_20260415_080017.jpg,ambient,2119,cam1_20260415_080019.jpg,,1,24.7,57,100,1083,0,15,0.0,,,,6,18.1,3.0,0.0,0.0,0,0,,,2026-04-15 14:00:19
1037,,LOT-20260410-002,,,,Frijol,Peruano,2121,cam1_20260415_081517.jpg,ambient,2122,cam1_20260415_081519.jpg,,1,24.8,55,100,1083,0,15,0.0,,,,6,18.1,3.0,0.0,0.0,0,0,,,2026-04-15 14:15:19
1040,,LOT-20260410-002,,,,Frijol,Peruano,2125,cam1_20260415_083017.jpg,ambient,2127,cam1_20260415_083019.jpg,,1,24.9,57,100,1083,0,15,0.0,,,,6,18.1,3.0,0.0,0.0,0,0,,,2026-04-15 14:30:19
1041,,LOT-20260410-002,,,,Frijol,Peruano,2129,cam1_20260415_084517.jpg,ambient,2130,cam1_20260415_084519.jpg,,1,25.2,55,100,1091,0,15,0.0,,,,6,18.4,3.1,0.0,0.0,0,0,,,2026-04-15 14:45:19
1044,,LOT-20260410-002,,,,Frijol,Peruano,2133,cam1_20260415_090017.jpg,ambient,2135,cam1_20260415_090019.jpg,,1,25.6,52,100,1106,0,15,0.0,,,,6,18.7,3.1,0.0,0.0,0,0,,,2026-04-15 15:00:19
1046,,LOT-20260410-002,,,,Frijol,Peruano,2137,cam1_20260415_091517.jpg,ambient,2139,cam1_20260415_091519.jpg,,1,25.8,47,100,1121,0,15,0.0,,,,6,18.9,3.2,0.0,0.0,0,0,,,2026-04-15 15:15:19
1047,,LOT-20260410-002,,,,Frijol,Peruano,2141,cam1_20260415_093017.jpg,ambient,2143,cam1_20260415_093019.jpg,,1,26,45,100,1136,0,15,0.0,,,,6,18.9,3.2,0.0,0.0,0,0,,,2026-04-15 15:30:19
1050,,LOT-20260410-002,,,,Frijol,Peruano,2145,cam1_20260415_094517.jpg,ambient,2147,cam1_20260415_094519.jpg,,1,26.1,44,100,1151,0,15,0.0,,,,6,19.4,3.2,0.0,0.0,0,0,,,2026-04-15 15:45:20
1051,,LOT-20260410-002,,,,Frijol,Peruano,2149,cam1_20260415_100017.jpg,ambient,2150,cam1_20260415_100019.jpg,,1,26.3,46,100,1166,0,15,0.0,,,,6,19.7,3.3,0.0,0.0,0,0,,,2026-04-15 16:00:20
1053,,LOT-20260410-002,,,,Frijol,Peruano,2153,cam1_20260415_101517.jpg,ambient,2154,cam1_20260415_101519.jpg,,1,26.5,45,100,1181,0,15,0.0,,,,6,19.9,3.3,0.0,0.0,0,0,,,2026-04-15 16:15:20
1056,,LOT-20260410-002,,,,Frijol,Peruano,2157,cam1_20260415_103017.jpg,ambient,2159,cam1_20260415_103019.jpg,,1,26.6,44,100,1196,0,15,0.0,,,,6,20.2,3.4,0.0,0.0,0,0,,,2026-04-15 16:30:20
1057,,LOT-20260410-002,,,,Frijol,Peruano,2161,cam1_20260415_104517.jpg,ambient,2162,cam1_20260415_104519.jpg,,1,26.6,41,100,1210,0,15,0.0,,,,6,20.4,3.4,0.0,0.0,0,0,,,2026-04-15 16:45:20
1060,,LOT-20260410-002,,,,Frijol,Peruano,2165,cam1_20260415_110017.jpg,ambient,2167,cam1_20260415_110020.jpg,,1,26.7,42,100,1225,0,15,0.0,,,,6,20.7,3.4,0.0,0.0,0,0,,,2026-04-15 17:00:20
1063,,LOT-20260410-002,,,,Frijol,Peruano,2173,cam1_20260415_113017.jpg,ambient,2174,cam1_20260415_113020.jpg,,1,26.9,43,100,1255,0,15,0.0,,,,6,21.1,3.5,0.0,0.0,0,0,,,2026-04-15 17:30:20
1066,,LOT-20260410-002,,,,Frijol,Peruano,2177,cam1_20260415_114517.jpg,ambient,2179,cam1_20260415_114520.jpg,,1,26.7,42,100,1263,0,15,0.0,,,,6,21.1,3.5,0.0,0.0,0,0,,,2026-04-15 17:45:20
1068,,LOT-20260410-002,,,,Frijol,Peruano,2181,cam1_20260415_120017.jpg,ambient,2183,cam1_20260415_120020.jpg,,1,26.5,44,100,1263,0,15,0.0,,,,6,21.1,3.5,0.0,0.0,0,0,,,2026-04-15 18:00:20
1070,,LOT-20260410-002,,,,Frijol,Peruano,2185,cam1_20260415_121518.jpg,ambient,2187,cam1_20260415_121520.jpg,,1,26.3,45,100,1263,0,15,0.0,,,,6,21.1,3.5,0.0,0.0,0,0,,,2026-04-15 18:15:20
1071,,LOT-20260410-002,,,,Frijol,Peruano,2189,cam1_20260415_123018.jpg,ambient,2190,cam1_20260415_123020.jpg,,1,26.2,44,100,1263,0,15,0.0,,,,6,21.1,3.5,0.0,0.0,0,0,,,2026-04-15 18:30:20
1074,,LOT-20260410-002,,,,Frijol,Peruano,2193,cam1_20260415_124518.jpg,ambient,2195,cam1_20260415_124520.jpg,,1,26.2,48,100,1263,0,15,0.0,,,,6,21.1,3.5,0.0,0.0,0,0,,,2026-04-15 18:45:20
1076,,LOT-20260410-002,,,,Frijol,Peruano,2197,cam1_20260415_130018.jpg,ambient,2199,cam1_20260415_130020.jpg,,1,26.2,50,100,1263,0,15,0.0,,,,6,21.1,3.5,0.0,0.0,0,0,,,2026-04-15 19:00:20
1078,,LOT-20260410-002,,,,Frijol,Peruano,2201,cam1_20260415_131518.jpg,ambient,2203,cam1_20260415_131520.jpg,,1,26.2,50,100,1263,0,15,0.0,,,,6,21.1,3.5,0.0,0.0,0,0,,,2026-04-15 19:15:20
1080,,LOT-20260410-002,,,,Frijol,Peruano,2205,cam1_20260415_133018.jpg,ambient,2207,cam1_20260415_133020.jpg,,1,26.2,47,100,1263,0,15,0.0,,,,6,21.1,3.5,0.0,0.0,0,0,,,2026-04-15 19:30:20
1082,,LOT-20260410-002,,,,Frijol,Peruano,2209,cam1_20260415_134518.jpg,ambient,2211,cam1_20260415_134521.jpg,,1,26.3,45,100,1263,0,15,0.0,,,,6,21.1,3.5,0.0,0.0,0,0,,,2026-04-15 19:45:21
1084,,LOT-20260410-002,,,,Frijol,Peruano,2213,cam1_20260415_140018.jpg,ambient,2215,cam1_20260415_140020.jpg,,1,26.3,41,100,1263,0,15,0.0,,,,6,21.1,3.5,0.0,0.0,0,0,,,2026-04-15 20:00:20
1086,,LOT-20260410-002,,,,Frijol,Peruano,2217,cam1_20260415_141518.jpg,ambient,2219,cam1_20260415_141520.jpg,,1,26.4,51,100,1264,0,15,0.0,,,,6,21.1,3.5,0.0,0.0,0,0,,,2026-04-15 20:15:20
1087,,LOT-20260410-002,,,,Frijol,Peruano,2220,cam1_20260415_143018.jpg,ambient,2222,cam1_20260415_143020.jpg,,1,26.6,42,100,1269,0,15,0.0,,,,6,21.4,3.6,0.0,0.0,0,0,,,2026-04-15 20:30:20
1090,,LOT-20260410-002,,,,Frijol,Peruano,2225,cam1_20260415_144518.jpg,ambient,2227,cam1_20260415_144520.jpg,,1,27,46,100,1284,0,15,0.0,,,,6,21.6,3.6,0.0,0.0,0,0,,,2026-04-15 20:45:20
1091,,LOT-20260410-002,,,,Frijol,Peruano,2229,cam1_20260415_150018.jpg,ambient,2231,cam1_20260415_150020.jpg,,1,27.2,39,100,1299,0,15,0.0,,,,6,21.9,3.6,0.0,0.0,0,0,,,2026-04-15 21:00:20
1093,,LOT-20260410-002,,,,Frijol,Peruano,2233,cam1_20260415_151518.jpg,ambient,2234,cam1_20260415_151520.jpg,,1,27.3,39,100,1314,0,15,0.0,,,,6,22.1,3.7,0.0,0.0,0,0,,,2026-04-15 21:15:20
1096,,LOT-20260410-002,,,,Frijol,Peruano,2236,cam1_20260415_153018.jpg,ambient,2239,cam1_20260415_153020.jpg,,1,27.4,38,100,1329,0,15,0.0,,,,6,22.4,3.7,0.0,0.0,0,0,,,2026-04-15 21:30:20
1097,,LOT-20260410-002,,,,Frijol,Peruano,2241,cam1_20260415_154518.jpg,ambient,2242,cam1_20260415_154520.jpg,,1,27.5,37,100,1344,0,15,0.0,,,,6,22.6,3.8,0.0,0.0,0,0,,,2026-04-15 21:45:20
1099,,LOT-20260410-002,,,,Frijol,Peruano,2245,cam1_20260415_160018.jpg,ambient,2246,cam1_20260415_160020.jpg,,1,27.5,42,100,1359,0,15,0.0,,,,6,22.9,3.8,0.0,0.0,0,0,,,2026-04-15 22:00:20
1102,,LOT-20260410-002,,,,Frijol,Peruano,2249,cam1_20260415_161518.jpg,ambient,2251,cam1_20260415_161520.jpg,,1,27.7,41,100,1374,0,15,0.0,,,,6,23.1,3.8,0.0,0.0,0,0,,,2026-04-15 22:15:20
1104,,LOT-20260410-002,,,,Frijol,Peruano,2253,cam1_20260415_163018.jpg,ambient,2255,cam1_20260415_163020.jpg,,1,27.5,43,100,1384,0,15,0.0,,,,6,23.1,3.8,0.0,0.0,0,0,,,2026-04-15 22:30:20
1106,,LOT-20260410-002,,,,Frijol,Peruano,2257,cam1_20260415_164518.jpg,ambient,2259,cam1_20260415_164520.jpg,,1,27.4,45,100,1384,0,15,0.0,,,,6,23.1,3.8,0.0,0.0,0,0,,,2026-04-15 22:45:20
1108,,LOT-20260410-002,,,,Frijol,Peruano,2261,cam1_20260415_170018.jpg,ambient,2263,cam1_20260415_170020.jpg,,1,27.2,42,100,1384,0,15,0.0,,,,6,23.1,3.8,0.0,0.0,0,0,,,2026-04-15 23:00:21
1110,,LOT-20260410-002,,,,Frijol,Peruano,2265,cam1_20260415_171518.jpg,ambient,2267,cam1_20260415_171520.jpg,,1,27,50,100,1384,0,15,0.0,,,,6,23.1,3.8,0.0,0.0,0,0,,,2026-04-15 23:15:20
1112,,LOT-20260410-002,,,,Frijol,Peruano,2269,cam1_20260415_173018.jpg,ambient,2271,cam1_20260415_173020.jpg,,1,27,47,100,1384,0,15,0.0,,,,6,23.1,3.8,0.0,0.0,0,0,,,2026-04-15 23:30:21
1114,,LOT-20260410-002,,,,Frijol,Peruano,2273,cam1_20260415_174518.jpg,ambient,2275,cam1_20260415_174520.jpg,,1,27,47,100,1384,0,15,0.0,,,,6,23.1,3.8,0.0,0.0,0,0,,,2026-04-15 23:45:21
1116,,LOT-20260410-002,,,,Frijol,Peruano,2277,cam1_20260415_180018.jpg,ambient,2279,cam1_20260415_180020.jpg,,1,26.8,49,100,1384,0,15,0.0,,,,6,23.1,3.8,0.0,0.0,0,0,,,2026-04-16 00:00:21
1118,,LOT-20260410-002,,,,Frijol,Peruano,2281,cam1_20260415_181518.jpg,ambient,2283,cam1_20260415_181520.jpg,,1,26.9,52,100,1384,0,15,0.0,,,,6,23.1,3.8,0.0,0.0,0,0,,,2026-04-16 00:15:21
1120,,LOT-20260410-002,,,,Frijol,Peruano,2285,cam1_20260415_183018.jpg,ambient,2287,cam1_20260415_183020.jpg,,1,26.8,47,100,1384,0,15,0.0,,,,6,23.1,3.8,0.0,0.0,0,0,,,2026-04-16 00:30:21
1122,,LOT-20260410-002,,,,Frijol,Peruano,2289,cam1_20260415_184518.jpg,ambient,2291,cam1_20260415_184520.jpg,,1,26.7,48,100,1384,0,15,0.0,,,,6,23.1,3.8,0.0,0.0,0,0,,,2026-04-16 00:45:21
1124,,LOT-20260410-002,,,,Frijol,Peruano,2293,cam1_20260415_190018.jpg,ambient,2295,cam1_20260415_190020.jpg,,1,26.7,49,100,1384,0,15,0.0,,,,6,23.1,3.8,0.0,0.0,0,0,,,2026-04-16 01:00:21
1126,,LOT-20260410-002,,,,Frijol,Peruano,2297,cam1_20260415_191518.jpg,ambient,2299,cam1_20260415_191520.jpg,,1,26.8,51,100,1386,0,15,0.0,,,,6,23.4,3.9,0.0,0.0,0,0,,,2026-04-16 01:15:21
1128,,LOT-20260410-002,,,,Frijol,Peruano,2301,cam1_20260415_193018.jpg,ambient,2303,cam1_20260415_193020.jpg,,1,27.1,40,100,1401,0,15,0.0,,,,6,23.6,3.9,0.0,0.0,0,0,,,2026-04-16 01:30:21
1129,,LOT-20260410-002,,,,Frijol,Peruano,2305,cam1_20260415_194518.jpg,ambient,2306,cam1_20260415_194521.jpg,,1,27.2,40,100,1414,0,15,0.0,,,,6,23.6,3.9,0.0,0.0,0,0,,,2026-04-16 01:45:21
1132,,LOT-20260410-002,,,,Frijol,Peruano,2309,cam1_20260415_200018.jpg,ambient,2311,cam1_20260415_200021.jpg,,1,26.9,47,100,1414,0,15,0.0,,,,6,23.6,3.9,0.0,0.0,0,0,,,2026-04-16 02:00:21
1134,,LOT-20260410-002,,,,Frijol,Peruano,2313,cam1_20260415_201518.jpg,ambient,2315,cam1_20260415_201521.jpg,,1,26.7,46,100,1414,0,15,0.0,,,,6,23.6,3.9,0.0,0.0,0,0,,,2026-04-16 02:15:21
1136,,LOT-20260410-002,,,,Frijol,Peruano,2317,cam1_20260415_203018.jpg,ambient,2319,cam1_20260415_203021.jpg,,1,26.6,55,100,1414,0,15,0.0,,,,6,23.6,3.9,0.0,0.0,0,0,,,2026-04-16 02:30:21
1138,,LOT-20260410-002,,,,Frijol,Peruano,2321,cam1_20260415_204519.jpg,ambient,2323,cam1_20260415_204521.jpg,,1,26.5,52,100,1414,0,15,0.0,,,,6,23.6,3.9,0.0,0.0,0,0,,,2026-04-16 02:45:21
1140,,LOT-20260410-002,,,,Frijol,Peruano,2325,cam1_20260415_210018.jpg,ambient,2327,cam1_20260415_210020.jpg,,1,26.4,47,100,1414,0,15,0.0,,,,6,23.6,3.9,0.0,0.0,0,0,,,2026-04-16 03:00:21
1141,,LOT-20260410-002,,,,Frijol,Peruano,2329,cam1_20260415_211518.jpg,ambient,2330,cam1_20260415_211521.jpg,,1,26.5,47,100,1415,0,15,0.0,,,,6,23.6,3.9,0.0,0.0,0,0,,,2026-04-16 03:15:21
1143,,LOT-20260410-002,,,,Frijol,Peruano,2333,cam1_20260415_213018.jpg,ambient,2334,cam1_20260415_213021.jpg,,1,26.4,49,100,1415,0,15,0.0,,,,6,23.6,3.9,0.0,0.0,0,0,,,2026-04-16 03:30:21
1145,,LOT-20260410-002,,,,Frijol,Peruano,2337,cam1_20260415_214518.jpg,ambient,2338,cam1_20260415_214521.jpg,,1,26.4,52,100,1415,0,15,0.0,,,,6,23.6,3.9,0.0,0.0,0,0,,,2026-04-16 03:45:21
1148,,LOT-20260410-002,,,,Frijol,Peruano,2341,cam1_20260415_220018.jpg,ambient,2343,cam1_20260415_220021.jpg,,1,26.4,54,100,1415,0,15,0.0,,,,6,23.6,3.9,0.0,0.0,0,0,,,2026-04-16 04:00:21
1150,,LOT-20260410-002,,,,Frijol,Peruano,2345,cam1_20260415_221519.jpg,ambient,2347,cam1_20260415_221521.jpg,,1,26.4,52,100,1415,0,15,0.0,,,,6,23.6,3.9,0.0,0.0,0,0,,,2026-04-16 04:15:21
1152,,LOT-20260410-002,,,,Frijol,Peruano,2349,cam1_20260415_223019.jpg,ambient,2351,cam1_20260415_223021.jpg,,1,26.4,54,100,1415,0,15,0.0,,,,6,23.6,3.9,0.0,0.0,0,0,,,2026-04-16 04:30:21
1154,,LOT-20260410-002,,,,Frijol,Peruano,2353,cam1_20260415_224518.jpg,ambient,2355,cam1_20260415_224521.jpg,,1,26.8,48,100,1429,0,15,0.0,,,,6,24.1,4.0,0.0,0.0,0,0,,,2026-04-16 04:45:21
1155,,LOT-20260410-002,,,,Frijol,Peruano,2357,cam1_20260415_230019.jpg,ambient,2358,cam1_20260415_230021.jpg,,1,27.1,45,100,1444,0,15,0.0,,,,6,24.1,4.0,0.0,0.0,0,0,,,2026-04-16 05:00:21
1158,,LOT-20260410-002,,,,Frijol,Peruano,2361,cam1_20260415_231519.jpg,ambient,2363,cam1_20260415_231521.jpg,,1,26.8,48,100,1446,0,15,0.0,,,,6,24.1,4.0,0.0,0.0,0,0,,,2026-04-16 05:15:21
1160,,LOT-20260410-002,,,,Frijol,Peruano,2365,cam1_20260415_233019.jpg,ambient,2367,cam1_20260415_233021.jpg,,1,26.7,50,100,1446,0,15,0.0,,,,6,24.1,4.0,0.0,0.0,0,0,,,2026-04-16 05:30:21
1162,,LOT-20260410-002,,,,Frijol,Peruano,2369,cam1_20260415_234519.jpg,ambient,2371,cam1_20260415_234521.jpg,,1,26.5,50,100,1446,0,15,0.0,,,,6,24.1,4.0,0.0,0.0,0,0,,,2026-04-16 05:45:21
1163,,LOT-20260410-002,,,,Frijol,Peruano,2373,cam1_20260416_000019.jpg,ambient,2375,cam1_20260416_000021.jpg,,1,26.5,51,100,1446,0,15,0.0,,,,6,24.1,4.0,0.0,0.0,0,0,,,2026-04-16 06:00:21
1166,,LOT-20260410-002,,,,Frijol,Peruano,2377,cam1_20260416_001519.jpg,ambient,2379,cam1_20260416_001521.jpg,,1,26.4,50,100,1446,0,15,0.0,,,,6,24.1,4.0,0.0,0.0,0,0,,,2026-04-16 06:15:21
1168,,LOT-20260410-002,,,,Frijol,Peruano,2381,cam1_20260416_003019.jpg,ambient,2383,cam1_20260416_003021.jpg,,1,26.3,50,100,1446,0,15,0.0,,,,6,24.1,4.0,0.0,0.0,0,0,,,2026-04-16 06:30:21
1170,,LOT-20260410-002,,,,Frijol,Peruano,2385,cam1_20260416_004519.jpg,ambient,2387,cam1_20260416_004521.jpg,,1,26.3,50,100,1446,0,15,0.0,,,,6,24.1,4.0,0.0,0.0,0,0,,,2026-04-16 06:45:21
1172,,LOT-20260410-002,,,,Frijol,Peruano,2389,cam1_20260416_010019.jpg,ambient,2391,cam1_20260416_010021.jpg,,1,26.3,51,100,1446,0,15,0.0,,,,6,24.1,4.0,0.0,0.0,0,0,,,2026-04-16 07:00:21
1174,,LOT-20260410-002,,,,Frijol,Peruano,2393,cam1_20260416_011519.jpg,ambient,2395,cam1_20260416_011521.jpg,,1,26.2,51,100,1446,0,15,0.0,,,,6,24.1,4.0,0.0,0.0,0,0,,,2026-04-16 07:15:21
1175,,LOT-20260410-002,,,,Frijol,Peruano,2397,cam1_20260416_013019.jpg,ambient,2399,cam1_20260416_013021.jpg,,1,26.2,51,100,1446,0,15,0.0,,,,6,24.1,4.0,0.0,0.0,0,0,,,2026-04-16 07:30:21
1178,,LOT-20260410-002,,,,Frijol,Peruano,2401,cam1_20260416_014519.jpg,ambient,2403,cam1_20260416_014521.jpg,,1,26.2,49,100,1446,0,15,0.0,,,,6,24.1,4.0,0.0,0.0,0,0,,,2026-04-16 07:45:21
1180,,LOT-20260410-002,,,,Frijol,Peruano,2404,cam1_20260416_020019.jpg,ambient,2407,cam1_20260416_020021.jpg,,1,26.2,49,100,1446,0,15,0.0,,,,6,24.1,4.0,0.0,0.0,0,0,,,2026-04-16 08:00:21
1182,,LOT-20260410-002,,,,Frijol,Peruano,2408,cam1_20260416_021519.jpg,ambient,2411,cam1_20260416_021521.jpg,,1,26.1,49,100,1446,0,15,0.0,,,,6,24.1,4.0,0.0,0.0,0,0,,,2026-04-16 08:15:21
1184,,LOT-20260410-002,,,,Frijol,Peruano,2413,cam1_20260416_023019.jpg,ambient,2415,cam1_20260416_023021.jpg,,1,26.1,49,100,1446,0,15,0.0,,,,7,24.1,3.4,0.0,0.0,0,0,,,2026-04-16 08:30:21
1185,,LOT-20260410-002,,,,Frijol,Peruano,2417,cam1_20260416_024519.jpg,ambient,2419,cam1_20260416_024521.jpg,,1,26,49,100,1446,0,15,0.0,,,,7,24.1,3.4,0.0,0.0,0,0,,,2026-04-16 08:45:21
1188,,LOT-20260410-002,,,,Frijol,Peruano,2421,cam1_20260416_030019.jpg,ambient,2423,cam1_20260416_030021.jpg,,1,26,50,100,1446,0,15,0.0,,,,7,24.1,3.4,0.0,0.0,0,0,,,2026-04-16 09:00:21
1190,,LOT-20260410-002,,,,Frijol,Peruano,2425,cam1_20260416_031519.jpg,ambient,2427,cam1_20260416_031521.jpg,,1,26,50,100,1446,0,15,0.0,,,,7,24.1,3.4,0.0,0.0,0,0,,,2026-04-16 09:15:22
1192,,LOT-20260410-002,,,,Frijol,Peruano,2429,cam1_20260416_033019.jpg,ambient,2431,cam1_20260416_033021.jpg,,1,26,50,100,1446,0,15,0.0,,,,7,24.1,3.4,0.0,0.0,0,0,,,2026-04-16 09:30:21
1194,,LOT-20260410-002,,,,Frijol,Peruano,2433,cam1_20260416_034519.jpg,ambient,2435,cam1_20260416_034521.jpg,,1,26,51,100,1446,0,15,0.0,,,,7,24.1,3.4,0.0,0.0,0,0,,,2026-04-16 09:45:21
1195,,LOT-20260410-002,,,,Frijol,Peruano,2437,cam1_20260416_040019.jpg,ambient,2438,cam1_20260416_040021.jpg,,1,25.8,49,100,1446,0,15,0.0,,,,7,24.1,3.4,0.0,0.0,0,0,,,2026-04-16 10:00:21
1198,,LOT-20260410-002,,,,Frijol,Peruano,2441,cam1_20260416_041519.jpg,ambient,2443,cam1_20260416_041521.jpg,,1,25.8,49,100,1446,0,15,0.0,,,,7,24.1,3.4,0.0,0.0,0,0,,,2026-04-16 10:15:22
1199,,LOT-20260410-002,,,,Frijol,Peruano,2445,cam1_20260416_043019.jpg,ambient,2447,cam1_20260416_043021.jpg,,1,25.8,49,100,1446,0,15,0.0,,,,7,24.1,3.4,0.0,0.0,0,0,,,2026-04-16 10:30:21
1202,,LOT-20260410-002,,,,Frijol,Peruano,2449,cam1_20260416_044519.jpg,ambient,2451,cam1_20260416_044521.jpg,,1,25.7,49,100,1446,0,15,0.0,,,,7,24.1,3.4,0.0,0.0,0,0,,,2026-04-16 10:45:21
1204,,LOT-20260410-002,,,,Frijol,Peruano,2453,cam1_20260416_050019.jpg,ambient,2455,cam1_20260416_050021.jpg,,1,25.7,49,100,1446,0,15,0.0,,,,7,24.1,3.4,0.0,0.0,0,0,,,2026-04-16 11:00:21
1206,,LOT-20260410-002,,,,Frijol,Peruano,2457,cam1_20260416_051519.jpg,ambient,2459,cam1_20260416_051521.jpg,,1,25.6,48,100,1446,0,15,0.0,,,,7,24.1,3.4,0.0,0.0,0,0,,,2026-04-16 11:15:22
1207,,LOT-20260410-002,,,,Frijol,Peruano,2461,cam1_20260416_053019.jpg,ambient,2463,cam1_20260416_053021.jpg,,1,25.4,48,100,1447,0,15,0.0,,,,7,24.1,3.4,0.0,0.0,0,0,,,2026-04-16 11:30:22
1210,,LOT-20260410-002,,,,Frijol,Peruano,2465,cam1_20260416_054519.jpg,ambient,2467,cam1_20260416_054521.jpg,,1,25.3,47,100,1447,0,15,0.0,,,,7,24.1,3.4,0.0,0.0,0,0,,,2026-04-16 11:45:22
1212,,LOT-20260410-002,,,,Frijol,Peruano,2469,cam1_20260416_060019.jpg,ambient,2471,cam1_20260416_060021.jpg,,1,25.3,49,100,1447,0,15,0.0,,,,7,24.1,3.4,0.0,0.0,0,0,,,2026-04-16 12:00:22
1213,,LOT-20260410-002,,,,Frijol,Peruano,2473,cam1_20260416_061519.jpg,ambient,2474,cam1_20260416_061521.jpg,,1,25.2,47,100,1447,0,15,0.0,,,,7,24.1,3.4,0.0,0.0,0,0,,,2026-04-16 12:15:22
1215,,LOT-20260410-002,,,,Frijol,Peruano,2477,cam1_20260416_063019.jpg,ambient,2478,cam1_20260416_063021.jpg,,1,25.1,46,100,1447,0,15,0.0,,,,7,24.1,3.4,0.0,0.0,0,0,,,2026-04-16 12:30:22
1218,,LOT-20260410-002,,,,Frijol,Peruano,2481,cam1_20260416_064519.jpg,ambient,2483,cam1_20260416_064521.jpg,,1,25.1,47,100,1447,0,15,0.0,,,,7,24.1,3.4,0.0,0.0,0,0,,,2026-04-16 12:45:22
1220,,LOT-20260410-002,,,,Frijol,Peruano,2485,cam1_20260416_070019.jpg,ambient,2487,cam1_20260416_070021.jpg,,1,25,47,100,1447,0,15,0.0,,,,7,24.1,3.4,0.0,0.0,0,0,,,2026-04-16 13:00:22
1222,,LOT-20260410-002,,,,Frijol,Peruano,2489,cam1_20260416_071519.jpg,ambient,2491,cam1_20260416_071521.jpg,,1,24.9,46,100,1447,0,15,0.0,,,,7,24.1,3.4,0.0,0.0,0,0,,,2026-04-16 13:15:22
1224,,LOT-20260410-002,,,,Frijol,Peruano,2493,cam1_20260416_073019.jpg,ambient,2495,cam1_20260416_073022.jpg,,1,24.9,48,100,1447,0,15,0.0,,,,7,24.1,3.4,0.0,0.0,0,0,,,2026-04-16 13:30:22
1226,,LOT-20260410-002,,,,Frijol,Peruano,2497,cam1_20260416_074519.jpg,ambient,2499,cam1_20260416_074521.jpg,,1,24.9,47,100,1447,0,15,0.0,,,,7,24.1,3.4,0.0,0.0,0,0,,,2026-04-16 13:45:22
1227,,LOT-20260410-002,,,,Frijol,Peruano,2500,cam1_20260416_080019.jpg,ambient,2502,cam1_20260416_080021.jpg,,1,24.9,50,100,1447,0,15,0.0,,,,7,24.1,3.4,0.0,0.0,0,0,,,2026-04-16 14:00:22
1230,,LOT-20260410-002,,,,Frijol,Peruano,2505,cam1_20260416_081519.jpg,ambient,2507,cam1_20260416_081522.jpg,,1,24.9,51,100,1447,0,15,0.0,,,,7,24.1,3.4,0.0,0.0,0,0,,,2026-04-16 14:15:22
1232,,LOT-20260410-002,,,,Frijol,Peruano,2509,cam1_20260416_083019.jpg,ambient,2511,cam1_20260416_083022.jpg,,1,25,56,100,1447,0,15,0.0,,,,7,24.1,3.4,0.0,0.0,0,0,,,2026-04-16 14:30:22
1234,,LOT-20260410-002,,,,Frijol,Peruano,2513,cam1_20260416_084519.jpg,ambient,2515,cam1_20260416_084522.jpg,,1,25.5,50,100,1461,0,15,0.0,,,,7,24.6,3.5,0.0,0.0,0,0,,,2026-04-16 14:45:22
1236,,LOT-20260410-002,,,,Frijol,Peruano,2517,cam1_20260416_090019.jpg,ambient,2519,cam1_20260416_090022.jpg,,1,25.8,49,100,1476,0,15,0.0,,,,7,24.9,3.6,0.0,0.0,0,0,,,2026-04-16 15:00:22
1238,,LOT-20260410-002,,,,Frijol,Peruano,2521,cam1_20260416_091519.jpg,ambient,2523,cam1_20260416_091522.jpg,,1,26.1,48,100,1491,0,15,0.0,,,,7,25.1,3.6,0.0,0.0,0,0,,,2026-04-16 15:15:22
1240,,LOT-20260410-002,,,,Frijol,Peruano,2525,cam1_20260416_093019.jpg,ambient,2527,cam1_20260416_093022.jpg,,1,26.2,49,100,1506,0,15,0.0,,,,7,25.4,3.6,0.0,0.0,0,0,,,2026-04-16 15:30:22
1242,,LOT-20260410-002,,,,Frijol,Peruano,2529,cam1_20260416_094519.jpg,ambient,2531,cam1_20260416_094522.jpg,,1,26.4,46,100,1521,0,15,0.0,,,,7,25.6,3.7,0.0,0.0,0,0,,,2026-04-16 15:45:22
1244,,LOT-20260410-002,,,,Frijol,Peruano,2533,cam1_20260416_100019.jpg,ambient,2535,cam1_20260416_100022.jpg,,1,26.6,46,100,1536,0,15,0.0,,,,7,25.9,3.7,0.0,0.0,0,0,,,2026-04-16 16:00:22
1246,,LOT-20260410-002,,,,Frijol,Peruano,2537,cam1_20260416_101519.jpg,ambient,2538,cam1_20260416_101522.jpg,,1,26.7,44,100,1551,0,15,0.0,,,,7,26.1,3.7,0.0,0.0,0,0,,,2026-04-16 16:15:22
1247,,LOT-20260410-002,,,,Frijol,Peruano,2541,cam1_20260416_103019.jpg,ambient,2542,cam1_20260416_103022.jpg,,1,27,44,100,1566,0,15,0.0,,,,7,26.1,3.7,0.0,0.0,0,0,,,2026-04-16 16:30:22
1250,,LOT-20260410-002,,,,Frijol,Peruano,2545,cam1_20260416_104519.jpg,ambient,2547,cam1_20260416_104522.jpg,,1,26.6,45,100,1567,0,15,0.0,,,,7,26.1,3.7,0.0,0.0,0,0,,,2026-04-16 16:45:22
1251,,LOT-20260410-002,,,,Frijol,Peruano,2549,cam1_20260416_110019.jpg,ambient,2550,cam1_20260416_110022.jpg,,1,26.5,46,100,1567,0,15,0.0,,,,7,26.1,3.7,0.0,0.0,0,0,,,2026-04-16 17:00:22
1254,,LOT-20260410-002,,,,Frijol,Peruano,2553,cam1_20260416_111520.jpg,ambient,2555,cam1_20260416_111522.jpg,,1,26.8,44,100,1581,0,15,0.0,,,,7,26.6,3.8,0.0,0.0,0,0,,,2026-04-16 17:15:22
1255,,LOT-20260410-002,,,,Frijol,Peruano,2557,cam1_20260416_113020.jpg,ambient,2558,cam1_20260416_113022.jpg,,1,26,37,100,1596,0,15,0.0,,,,7,26.9,3.8,0.0,0.0,0,0,,,2026-04-16 17:30:22
1258,,LOT-20260410-002,,,,Frijol,Peruano,2561,cam1_20260416_114520.jpg,ambient,2563,cam1_20260416_114522.jpg,,1,26,38,100,1611,0,15,0.0,,,,7,27.1,3.9,0.0,0.0,0,0,,,2026-04-16 17:45:22
1260,,LOT-20260410-002,,,,Frijol,Peruano,2565,cam1_20260416_120020.jpg,ambient,2567,cam1_20260416_120022.jpg,,1,26,40,100,1626,0,15,0.0,,,,7,27.4,3.9,0.0,0.0,0,0,,,2026-04-16 18:00:22
1261,,LOT-20260410-002,,,,Frijol,Peruano,2569,cam1_20260416_121520.jpg,ambient,2570,cam1_20260416_121522.jpg,,1,25.8,38,100,1641,0,15,0.0,,,,7,27.6,3.9,0.0,0.0,0,0,,,2026-04-16 18:15:22
1264,,LOT-20260410-002,,,,Frijol,Peruano,2573,cam1_20260416_123020.jpg,ambient,2575,cam1_20260416_123022.jpg,,1,25.8,40,100,1656,0,15,0.0,,,,7,27.9,4.0,0.0,0.0,0,0,,,2026-04-16 18:30:22
1266,,LOT-20260410-002,,,,Frijol,Peruano,2577,cam1_20260416_124520.jpg,ambient,2579,cam1_20260416_124522.jpg,,1,25.7,38,100,1671,0,15,0.0,,,,7,28.1,4.0,0.0,0.0,0,0,,,2026-04-16 18:45:22
1268,,LOT-20260410-002,,,,Frijol,Peruano,2581,cam1_20260416_130020.jpg,ambient,2583,cam1_20260416_130022.jpg,,1,25.8,36,100,1686,0,15,0.0,,,,7,28.4,4.0,0.0,0.0,0,0,,,2026-04-16 19:00:22
1270,,LOT-20260410-002,,,,Frijol,Peruano,2585,cam1_20260416_131520.jpg,ambient,2587,cam1_20260416_131522.jpg,,1,25.7,36,100,1701,0,15,0.0,,,,7,28.6,4.1,0.0,0.0,0,0,,,2026-04-16 19:15:22
1272,,LOT-20260410-002,,,,Frijol,Peruano,2589,cam1_20260416_133020.jpg,ambient,2591,cam1_20260416_133022.jpg,,1,25.7,36,100,1716,0,15,0.0,,,,7,28.9,4.1,0.0,0.0,0,0,,,2026-04-16 19:30:22
1273,,LOT-20260410-002,,,,Frijol,Peruano,2593,cam1_20260416_134520.jpg,ambient,2594,cam1_20260416_134522.jpg,,1,25.7,34,100,1731,0,15,0.0,,,,7,29.1,4.2,0.0,0.0,0,0,,,2026-04-16 19:45:22
1275,,LOT-20260410-002,,,,Frijol,Peruano,2597,cam1_20260416_140020.jpg,ambient,2598,cam1_20260416_140022.jpg,,1,25.8,36,100,1746,0,15,0.0,,,,7,29.4,4.2,0.0,0.0,0,0,,,2026-04-16 20:00:22
1278,,LOT-20260410-002,,,,Frijol,Peruano,2601,cam1_20260416_141520.jpg,ambient,2603,cam1_20260416_141522.jpg,,1,25.9,35,100,1761,0,15,0.0,,,,7,29.6,4.2,0.0,0.0,0,0,,,2026-04-16 20:15:22
1279,,LOT-20260410-002,,,,Frijol,Peruano,2605,cam1_20260416_143020.jpg,ambient,2606,cam1_20260416_143022.jpg,,1,25.8,35,100,1776,0,15,0.0,,,,7,29.9,4.3,0.0,0.0,0,0,,,2026-04-16 20:30:22
1282,,LOT-20260410-002,,,,Frijol,Peruano,2608,cam1_20260416_144520.jpg,ambient,2611,cam1_20260416_144522.jpg,,1,25.6,34,100,1791,0,15,0.0,,,,7,29.9,4.3,0.0,0.0,0,0,,,2026-04-16 20:45:22
1284,,LOT-20260410-002,,,,Frijol,Peruano,2613,cam1_20260416_150020.jpg,ambient,2615,cam1_20260416_150022.jpg,,1,25.6,35,100,1806,0,15,0.0,,,,7,30.4,4.3,0.0,0.0,0,0,,,2026-04-16 21:00:22
1285,,LOT-20260410-002,,,,Frijol,Peruano,2617,cam1_20260416_151520.jpg,ambient,2618,cam1_20260416_151522.jpg,,1,25.5,36,100,1821,0,15,0.0,,,,7,30.6,4.4,0.0,0.0,0,0,,,2026-04-16 21:15:22
1287,,LOT-20260410-002,,,,Frijol,Peruano,2621,cam1_20260416_153020.jpg,ambient,2622,cam1_20260416_153022.jpg,,1,25.5,35,100,1836,0,15,0.0,,,,7,30.9,4.4,0.0,0.0,0,0,,,2026-04-16 21:30:23
1289,,LOT-20260410-002,,,,Frijol,Peruano,2625,cam1_20260416_154520.jpg,ambient,2626,cam1_20260416_154522.jpg,,1,25.6,35,100,1851,0,15,0.0,,,,7,31.1,4.4,0.0,0.0,0,0,,,2026-04-16 21:45:23
1292,,LOT-20260410-002,,,,Frijol,Peruano,2629,cam1_20260416_160020.jpg,ambient,2631,cam1_20260416_160022.jpg,,1,25.5,34,100,1866,0,15,0.0,,,,7,31.1,4.4,0.0,0.0,0,0,,,2026-04-16 22:00:23
1294,,LOT-20260410-002,,,,Frijol,Peruano,2633,cam1_20260416_161520.jpg,ambient,2635,cam1_20260416_161522.jpg,,1,25.2,35,100,1867,0,15,0.0,,,,7,31.1,4.4,0.0,0.0,0,0,,,2026-04-16 22:15:23
1296,,LOT-20260410-002,,,,Frijol,Peruano,2637,cam1_20260416_163020.jpg,ambient,2639,cam1_20260416_163022.jpg,,1,25,35,100,1867,0,15,0.0,,,,7,31.1,4.4,0.0,0.0,0,0,,,2026-04-16 22:30:23
1297,,LOT-20260410-002,,,,Frijol,Peruano,2641,cam1_20260416_164520.jpg,ambient,2642,cam1_20260416_164522.jpg,,1,25,34,100,1867,0,15,0.0,,,,7,31.1,4.4,0.0,0.0,0,0,,,2026-04-16 22:45:23
1300,,LOT-20260410-002,,,,Frijol,Peruano,2645,cam1_20260416_170020.jpg,ambient,2647,cam1_20260416_170022.jpg,,1,24.9,36,100,1867,0,15,0.0,,,,7,31.1,4.4,0.0,0.0,0,0,,,2026-04-16 23:00:23
1302,,LOT-20260410-002,,,,Frijol,Peruano,2649,cam1_20260416_171520.jpg,ambient,2651,cam1_20260416_171522.jpg,,1,24.7,36,100,1867,0,15,0.0,,,,7,31.1,4.4,0.0,0.0,0,0,,,2026-04-16 23:15:23
1303,,LOT-20260410-002,,,,Frijol,Peruano,2653,cam1_20260416_173020.jpg,ambient,2654,cam1_20260416_173022.jpg,,1,24.7,36,100,1867,0,15,0.0,,,,7,31.1,4.4,0.0,0.0,0,0,,,2026-04-16 23:30:23
1305,,LOT-20260410-002,,,,Frijol,Peruano,2657,cam1_20260416_174520.jpg,ambient,2659,cam1_20260416_174522.jpg,,1,24.9,36,100,1876,0,15,0.0,,,,7,31.3,4.5,0.0,0.0,0,0,,,2026-04-16 23:45:22
1308,,LOT-20260410-002,,,,Frijol,Peruano,2661,cam1_20260416_180020.jpg,ambient,2663,cam1_20260416_180022.jpg,,1,25.1,34,100,1891,1,15,15.0,,,,7,31.8,4.5,0.0,0.0,0,0,,,2026-04-17 00:00:23
1310,,LOT-20260410-002,,,,Frijol,Peruano,2665,cam1_20260416_181520.jpg,ambient,2667,cam1_20260416_181522.jpg,,1,25.1,35,100,1906,0,15,0.0,,,,7,32.0,4.6,0.0,0.0,0,0,,,2026-04-17 00:15:23
1311,,LOT-20260410-002,,,,Frijol,Peruano,2669,cam1_20260416_183020.jpg,ambient,2670,cam1_20260416_183022.jpg,,1,25,35,100,1921,0,15,0.0,,,,7,32.3,4.6,0.0,0.0,0,0,,,2026-04-17 00:30:23
1313,,LOT-20260410-002,,,,Frijol,Peruano,2673,cam1_20260416_184520.jpg,ambient,2675,cam1_20260416_184522.jpg,,1,25.1,36,100,1936,0,15,0.0,,,,7,32.5,4.6,0.0,0.0,0,0,,,2026-04-17 00:45:23
1316,,LOT-20260410-002,,,,Frijol,Peruano,2677,cam1_20260416_190022.jpg,ambient,2679,cam1_20260416_190024.jpg,,1,25,36,100,1951,0,15,0.0,,,,7,32.8,4.7,0.0,0.0,0,0,,,2026-04-17 01:00:24
1317,,LOT-20260410-002,,,,Frijol,Peruano,2681,cam1_20260416_191520.jpg,ambient,2682,cam1_20260416_191523.jpg,,1,25.1,36,100,1966,0,15,0.0,,,,7,33.0,4.7,0.0,0.0,0,0,,,2026-04-17 01:15:23
1320,,LOT-20260410-002,,,,Frijol,Peruano,2685,cam1_20260416_193020.jpg,ambient,2687,cam1_20260416_193022.jpg,,1,25.2,38,100,1981,0,15,0.0,,,,7,33.1,4.7,0.0,0.0,0,0,,,2026-04-17 01:30:23
1322,,LOT-20260410-002,,,,Frijol,Peruano,2689,cam1_20260416_194520.jpg,ambient,2691,cam1_20260416_194522.jpg,,1,24.8,40,100,1987,0,15,0.0,,,,7,33.1,4.7,0.0,0.0,0,0,,,2026-04-17 01:45:23
1324,,LOT-20260410-002,,,,Frijol,Peruano,2693,cam1_20260416_200020.jpg,ambient,2695,cam1_20260416_200023.jpg,,1,24.9,44,100,1987,0,15,0.0,,,,7,33.1,4.7,0.0,0.0,0,0,,,2026-04-17 02:00:23
1326,,LOT-20260410-002,,,,Frijol,Peruano,2697,cam1_20260416_201520.jpg,ambient,2699,cam1_20260416_201523.jpg,,1,24.8,46,100,1987,0,15,0.0,,,,7,33.1,4.7,0.0,0.0,0,0,,,2026-04-17 02:15:23
1328,,LOT-20260410-002,,,,Frijol,Peruano,2701,cam1_20260416_203020.jpg,ambient,2703,cam1_20260416_203023.jpg,,1,24.8,50,100,1987,0,15,0.0,,,,7,33.1,4.7,0.0,0.0,0,0,,,2026-04-17 02:30:23
1330,,LOT-20260410-002,,,,Frijol,Peruano,2705,cam1_20260416_204520.jpg,ambient,2707,cam1_20260416_204523.jpg,,1,24.7,51,100,1987,0,15,0.0,,,,7,33.1,4.7,0.0,0.0,0,0,,,2026-04-17 02:45:23
1332,,LOT-20260410-002,,,,Frijol,Peruano,2708,cam1_20260416_210020.jpg,ambient,2711,cam1_20260416_210023.jpg,,1,24.7,51,100,1988,0,15,0.0,,,,7,33.2,4.7,0.0,0.0,0,0,,,2026-04-17 03:00:24
1334,,LOT-20260410-002,,,,Frijol,Peruano,2713,cam1_20260416_211520.jpg,ambient,2715,cam1_20260416_211523.jpg,,1,24.9,49,100,1995,0,15,0.0,,,,7,33.3,4.8,0.0,0.0,0,0,,,2026-04-17 03:15:23
1336,,LOT-20260410-002,,,,Frijol,Peruano,2717,cam1_20260416_213020.jpg,ambient,2719,cam1_20260416_213023.jpg,,1,24.7,49,100,1995,0,15,0.0,,,,7,33.3,4.8,0.0,0.0,0,0,,,2026-04-17 03:30:23
1338,,LOT-20260410-002,,,,Frijol,Peruano,2721,cam1_20260416_214520.jpg,ambient,2723,cam1_20260416_214523.jpg,,1,24.7,48,100,1995,0,15,0.0,,,,7,33.3,4.8,0.0,0.0,0,0,,,2026-04-17 03:45:23
1339,,LOT-20260410-002,,,,Frijol,Peruano,2725,cam1_20260416_220020.jpg,ambient,2726,cam1_20260416_220023.jpg,,1,24.7,51,100,1995,0,15,0.0,,,,7,33.3,4.8,0.0,0.0,0,0,,,2026-04-17 04:00:23
1341,,LOT-20260410-002,,,,Frijol,Peruano,2729,cam1_20260416_221520.jpg,ambient,2730,cam1_20260416_221523.jpg,,1,24.7,49,100,1995,0,15,0.0,,,,7,33.3,4.8,0.0,0.0,0,0,,,2026-04-17 04:15:23
1344,,LOT-20260410-002,,,,Frijol,Peruano,2733,cam1_20260416_223020.jpg,ambient,2735,cam1_20260416_223023.jpg,,1,24.8,48,100,1996,0,15,0.0,,,,7,33.3,4.8,0.0,0.0,0,0,,,2026-04-17 04:30:23
1346,,LOT-20260410-002,,,,Frijol,Peruano,2737,cam1_20260416_224520.jpg,ambient,2739,cam1_20260416_224523.jpg,,1,24.8,50,100,1996,0,15,0.0,,,,7,33.3,4.8,0.0,0.0,0,0,,,2026-04-17 04:45:23
1348,,LOT-20260410-002,,,,Frijol,Peruano,2741,cam1_20260416_230021.jpg,ambient,2743,cam1_20260416_230023.jpg,,1,24.8,49,100,1996,0,15,0.0,,,,7,33.3,4.8,0.0,0.0,0,0,,,2026-04-17 05:00:23
1350,,LOT-20260410-002,,,,Frijol,Peruano,2745,cam1_20260416_231521.jpg,ambient,2747,cam1_20260416_231523.jpg,,1,24.8,50,100,1996,0,15,0.0,,,,7,33.3,4.8,0.0,0.0,0,0,,,2026-04-17 05:15:23
1352,,LOT-20260410-002,,,,Frijol,Peruano,2749,cam1_20260416_233021.jpg,ambient,2751,cam1_20260416_233023.jpg,,1,24.9,49,100,1996,0,15,0.0,,,,7,33.3,4.8,0.0,0.0,0,0,,,2026-04-17 05:30:23
1354,,LOT-20260410-002,,,,Frijol,Peruano,2753,cam1_20260416_234521.jpg,ambient,2755,cam1_20260416_234523.jpg,,1,24.9,48,100,1996,0,15,0.0,,,,7,33.3,4.8,0.0,0.0,0,0,,,2026-04-17 05:45:23
1356,,LOT-20260410-002,,,,Frijol,Peruano,2757,cam1_20260417_000021.jpg,ambient,2759,cam1_20260417_000023.jpg,,1,24.9,50,100,1996,0,15,0.0,,,,7,33.3,4.8,0.0,0.0,0,0,,,2026-04-17 06:00:23
1358,,LOT-20260410-002,,,,Frijol,Peruano,2760,cam1_20260417_001521.jpg,ambient,2763,cam1_20260417_001523.jpg,,1,24.9,50,100,1996,0,15,0.0,,,,7,33.3,4.8,0.0,0.0,0,0,,,2026-04-17 06:15:23
1360,,LOT-20260410-002,,,,Frijol,Peruano,2765,cam1_20260417_003021.jpg,ambient,2767,cam1_20260417_003023.jpg,,1,24.9,53,100,1996,0,15,0.0,,,,7,33.3,4.8,0.0,0.0,0,0,,,2026-04-17 06:30:23
1362,,LOT-20260410-002,,,,Frijol,Peruano,2769,cam1_20260417_004521.jpg,ambient,2771,cam1_20260417_004523.jpg,,1,24.8,50,100,1996,0,15,0.0,,,,7,33.3,4.8,0.0,0.0,0,0,,,2026-04-17 06:45:23
1364,,LOT-20260410-002,,,,Frijol,Peruano,2773,cam1_20260417_010021.jpg,ambient,2775,cam1_20260417_010023.jpg,,1,25,54,100,1996,0,15,0.0,,,,7,33.3,4.8,0.0,0.0,0,0,,,2026-04-17 07:00:23
1366,,LOT-20260410-002,,,,Frijol,Peruano,2777,cam1_20260417_011521.jpg,ambient,2779,cam1_20260417_011523.jpg,,1,25.2,51,100,1996,0,15,0.0,,,,7,33.3,4.8,0.0,0.0,0,0,,,2026-04-17 07:15:23
1368,,LOT-20260410-002,,,,Frijol,Peruano,2781,cam1_20260417_013021.jpg,ambient,2783,cam1_20260417_013023.jpg,,1,25.3,51,100,1996,0,15,0.0,,,,7,33.3,4.8,0.0,0.0,0,0,,,2026-04-17 07:30:23
1370,,LOT-20260410-002,,,,Frijol,Peruano,2785,cam1_20260417_014521.jpg,ambient,2787,cam1_20260417_014523.jpg,,1,25.3,50,100,1996,0,15,0.0,,,,7,33.3,4.8,0.0,0.0,0,0,,,2026-04-17 07:45:23
1372,,LOT-20260410-002,,,,Frijol,Peruano,2789,cam1_20260417_020021.jpg,ambient,2791,cam1_20260417_020023.jpg,,1,25.4,50,100,1996,0,15,0.0,,,,7,33.3,4.8,0.0,0.0,0,0,,,2026-04-17 08:00:23
1374,,LOT-20260410-002,,,,Frijol,Peruano,2793,cam1_20260417_021521.jpg,ambient,2795,cam1_20260417_021523.jpg,,1,25.5,51,100,1996,0,15,0.0,,,,7,33.3,4.8,0.0,0.0,0,0,,,2026-04-17 08:15:23
1376,,LOT-20260410-002,,,,Frijol,Peruano,2797,cam1_20260417_023021.jpg,ambient,2799,cam1_20260417_023023.jpg,,1,25.5,50,100,1996,0,15,0.0,,,,8,33.3,4.2,0.0,0.0,0,0,,,2026-04-17 08:30:23
1378,,LOT-20260410-002,,,,Frijol,Peruano,2801,cam1_20260417_024521.jpg,ambient,2803,cam1_20260417_024523.jpg,,1,25.5,50,100,1996,0,15,0.0,,,,8,33.3,4.2,0.0,0.0,0,0,,,2026-04-17 08:45:23
1380,,LOT-20260410-002,,,,Frijol,Peruano,2805,cam1_20260417_030021.jpg,ambient,2807,cam1_20260417_030023.jpg,,1,25.5,50,100,1996,0,15,0.0,,,,8,33.3,4.2,0.0,0.0,0,0,,,2026-04-17 09:00:23
1382,,LOT-20260410-002,,,,Frijol,Peruano,2809,cam1_20260417_031521.jpg,ambient,2810,cam1_20260417_031523.jpg,,1,25.4,51,100,1996,0,15,0.0,,,,8,33.3,4.2,0.0,0.0,0,0,,,2026-04-17 09:15:23
1383,,LOT-20260410-002,,,,Frijol,Peruano,2813,cam1_20260417_033021.jpg,ambient,2814,cam1_20260417_033023.jpg,,1,25.5,52,100,1996,0,15,0.0,,,,8,33.3,4.2,0.0,0.0,0,0,,,2026-04-17 09:30:23
1385,,LOT-20260410-002,,,,Frijol,Peruano,2817,cam1_20260417_034521.jpg,ambient,2818,cam1_20260417_034523.jpg,,1,25.5,51,100,1996,0,15,0.0,,,,8,33.3,4.2,0.0,0.0,0,0,,,2026-04-17 09:45:23
1387,,LOT-20260410-002,,,,Frijol,Peruano,2821,cam1_20260417_040021.jpg,ambient,2822,cam1_20260417_040023.jpg,,1,25.5,52,100,1997,0,15,0.0,,,,8,33.3,4.2,0.0,0.0,0,0,,,2026-04-17 10:00:23
1390,,LOT-20260410-002,,,,Frijol,Peruano,2825,cam1_20260417_041521.jpg,ambient,2827,cam1_20260417_041523.jpg,,1,25.5,52,100,1997,0,15,0.0,,,,8,33.3,4.2,0.0,0.0,0,0,,,2026-04-17 10:15:24
1392,,LOT-20260410-002,,,,Frijol,Peruano,2829,cam1_20260417_043021.jpg,ambient,2831,cam1_20260417_043023.jpg,,1,25.5,50,100,1997,0,15,0.0,,,,8,33.3,4.2,0.0,0.0,0,0,,,2026-04-17 10:30:23
1394,,LOT-20260410-002,,,,Frijol,Peruano,2833,cam1_20260417_044521.jpg,ambient,2835,cam1_20260417_044523.jpg,,1,25.4,50,100,1997,0,15,0.0,,,,8,33.3,4.2,0.0,0.0,0,0,,,2026-04-17 10:45:24
1396,,LOT-20260410-002,,,,Frijol,Peruano,2837,cam1_20260417_050021.jpg,ambient,2838,cam1_20260417_050023.jpg,,1,25.4,51,100,1997,0,15,0.0,,,,8,33.3,4.2,0.0,0.0,0,0,,,2026-04-17 11:00:24
1398,,LOT-20260410-002,,,,Frijol,Peruano,2841,cam1_20260417_051521.jpg,ambient,2843,cam1_20260417_051523.jpg,,1,25.3,50,100,1997,0,15,0.0,,,,8,33.3,4.2,0.0,0.0,0,0,,,2026-04-17 11:15:24
1400,,LOT-20260410-002,,,,Frijol,Peruano,2845,cam1_20260417_053021.jpg,ambient,2847,cam1_20260417_053023.jpg,,1,25.3,50,100,1997,0,15,0.0,,,,8,33.3,4.2,0.0,0.0,0,0,,,2026-04-17 11:30:24
1402,,LOT-20260410-002,,,,Frijol,Peruano,2849,cam1_20260417_054521.jpg,ambient,2851,cam1_20260417_054523.jpg,,1,25.3,50,100,1997,0,15,0.0,,,,8,33.3,4.2,0.0,0.0,0,0,,,2026-04-17 11:45:24
1403,,LOT-20260410-002,,,,Frijol,Peruano,2853,cam1_20260417_060021.jpg,ambient,2854,cam1_20260417_060023.jpg,,1,25.3,50,100,1997,0,15,0.0,,,,8,33.3,4.2,0.0,0.0,0,0,,,2026-04-17 12:00:24
1405,,LOT-20260410-002,,,,Frijol,Peruano,2857,cam1_20260417_061521.jpg,ambient,2858,cam1_20260417_061523.jpg,,1,25.3,51,100,1997,0,15,0.0,,,,8,33.3,4.2,0.0,0.0,0,0,,,2026-04-17 12:15:24
1408,,LOT-20260410-002,,,,Frijol,Peruano,2861,cam1_20260417_063021.jpg,ambient,2863,cam1_20260417_063023.jpg,,1,25.2,51,100,1997,0,15,0.0,,,,8,33.3,4.2,0.0,0.0,0,0,,,2026-04-17 12:30:24
1409,,LOT-20260410-002,,,,Frijol,Peruano,2865,cam1_20260417_064521.jpg,ambient,2866,cam1_20260417_064523.jpg,,1,25.2,50,100,1997,0,15,0.0,,,,8,33.3,4.2,0.0,0.0,0,0,,,2026-04-17 12:45:24
1411,,LOT-20260410-002,,,,Frijol,Peruano,2869,cam1_20260417_070021.jpg,ambient,2870,cam1_20260417_070023.jpg,,1,25.1,50,100,1997,0,15,0.0,,,,8,33.3,4.2,0.0,0.0,0,0,,,2026-04-17 13:00:24
1414,,LOT-20260410-002,,,,Frijol,Peruano,2873,cam1_20260417_071521.jpg,ambient,2875,cam1_20260417_071523.jpg,,1,25,50,100,1997,0,15,0.0,,,,8,33.3,4.2,0.0,0.0,0,0,,,2026-04-17 13:15:24
1415,,LOT-20260410-002,,,,Frijol,Peruano,2877,cam1_20260417_073021.jpg,ambient,2878,cam1_20260417_073024.jpg,,1,25,50,100,1997,0,15,0.0,,,,8,33.3,4.2,0.0,0.0,0,0,,,2026-04-17 13:30:24
1418,,LOT-20260410-002,,,,Frijol,Peruano,2881,cam1_20260417_074521.jpg,ambient,2883,cam1_20260417_074523.jpg,,1,24.9,50,100,1997,0,15,0.0,,,,8,33.3,4.2,0.0,0.0,0,0,,,2026-04-17 13:45:24
1420,,LOT-20260410-002,,,,Frijol,Peruano,2885,cam1_20260417_080021.jpg,ambient,2886,cam1_20260417_080024.jpg,,1,24.9,51,100,1997,0,15,0.0,,,,8,33.3,4.2,0.0,0.0,0,0,,,2026-04-17 14:00:24
1422,,LOT-20260410-002,,,,Frijol,Peruano,2889,cam1_20260417_081521.jpg,ambient,2891,cam1_20260417_081524.jpg,,1,24.9,50,100,1997,0,15,0.0,,,,8,33.3,4.2,0.0,0.0,0,0,,,2026-04-17 14:15:24
1424,,LOT-20260410-002,,,,Frijol,Peruano,2893,cam1_20260417_083021.jpg,ambient,2895,cam1_20260417_083024.jpg,,1,25,55,100,1997,0,15,0.0,,,,8,33.3,4.2,0.0,0.0,0,0,,,2026-04-17 14:30:24
1425,,LOT-20260410-002,,,,Frijol,Peruano,2897,cam1_20260417_084522.jpg,ambient,2898,cam1_20260417_084524.jpg,,1,25,56,100,1997,0,15,0.0,,,,8,33.3,4.2,0.0,0.0,0,0,,,2026-04-17 14:45:24
1428,,LOT-20260410-002,,,,Frijol,Peruano,2901,cam1_20260417_090022.jpg,ambient,2903,cam1_20260417_090024.jpg,,1,25.1,53,100,1997,0,15,0.0,,,,8,33.3,4.2,0.0,0.0,0,0,,,2026-04-17 15:00:24
1430,,LOT-20260410-002,,,,Frijol,Peruano,2905,cam1_20260417_091523.jpg,ambient,2907,cam1_20260417_091525.jpg,,1,25.2,53,100,1997,0,15,0.0,,,,8,33.3,4.2,0.0,0.0,0,0,,,2026-04-17 15:15:25
1432,,LOT-20260410-002,,,,Frijol,Peruano,2909,cam1_20260417_093023.jpg,ambient,2911,cam1_20260417_093025.jpg,,1,25.6,53,100,2002,0,15,0.0,,,,8,33.6,4.2,0.0,0.0,0,0,,,2026-04-17 15:30:25
1434,,LOT-20260410-002,,,,Frijol,Peruano,2913,cam1_20260417_094523.jpg,ambient,2915,cam1_20260417_094525.jpg,,1,26.1,53,100,2017,0,15,0.0,,,,8,33.9,4.2,0.0,0.0,0,0,,,2026-04-17 15:45:25
1436,,LOT-20260410-002,,,,Frijol,Peruano,2917,cam1_20260417_100023.jpg,ambient,2919,cam1_20260417_100025.jpg,,1,26.4,52,100,2032,0,15,0.0,,,,8,34.1,4.3,0.0,0.0,0,0,,,2026-04-17 16:00:25
1437,,LOT-20260410-002,,,,Frijol,Peruano,2920,cam1_20260417_101523.jpg,ambient,2922,cam1_20260417_101525.jpg,,1,26.6,53,100,2047,0,15,0.0,,,,8,34.4,4.3,0.0,0.0,0,0,,,2026-04-17 16:15:25
1439,,LOT-20260410-002,,,,Frijol,Peruano,2925,cam1_20260417_103023.jpg,ambient,2926,cam1_20260417_103025.jpg,,1,27,49,100,2062,0,15,0.0,,,,8,34.6,4.3,0.0,0.0,0,0,,,2026-04-17 16:30:25
1442,,LOT-20260410-002,,,,Frijol,Peruano,2929,cam1_20260417_104523.jpg,ambient,2931,cam1_20260417_104525.jpg,,1,27.1,50,100,2077,0,15,0.0,,,,8,34.9,4.4,0.0,0.0,0,0,,,2026-04-17 16:45:25
1444,,LOT-20260410-002,,,,Frijol,Peruano,2933,cam1_20260417_110023.jpg,ambient,2935,cam1_20260417_110025.jpg,,1,27.2,49,100,2092,0,15,0.0,,,,8,35.1,4.4,0.0,0.0,0,0,,,2026-04-17 17:00:25
1445,,LOT-20260410-002,,,,Frijol,Peruano,2937,cam1_20260417_111523.jpg,ambient,2939,cam1_20260417_111525.jpg,,1,27.2,48,100,2107,0,15,0.0,,,,8,35.4,4.4,0.0,0.0,0,0,,,2026-04-17 17:15:25
1448,,LOT-20260410-002,,,,Frijol,Peruano,2940,cam1_20260417_113023.jpg,ambient,2943,cam1_20260417_113025.jpg,,1,27.3,47,100,2122,0,15,0.0,,,,8,35.6,4.5,0.0,0.0,0,0,,,2026-04-17 17:30:25
1450,,LOT-20260410-002,,,,Frijol,Peruano,2945,cam1_20260417_114523.jpg,ambient,2947,cam1_20260417_114525.jpg,,1,27.3,47,100,2137,0,15,0.0,,,,8,35.9,4.5,0.0,0.0,0,0,,,2026-04-17 17:45:25
1451,,LOT-20260410-002,,,,Frijol,Peruano,2948,cam1_20260417_120023.jpg,ambient,2950,cam1_20260417_120025.jpg,,1,27.4,48,100,2153,0,15,0.0,,,,8,36.1,4.5,0.0,0.0,0,0,,,2026-04-17 18:00:25
1453,,LOT-20260410-002,,,,Frijol,Peruano,2953,cam1_20260417_121523.jpg,ambient,2954,cam1_20260417_121525.jpg,,1,27.5,47,100,2167,0,15,0.0,,,,8,36.3,4.5,0.0,0.0,0,0,,,2026-04-17 18:15:25
1455,,LOT-20260410-002,,,,Frijol,Peruano,2957,cam1_20260417_123023.jpg,ambient,2958,cam1_20260417_123025.jpg,,1,26.8,42,100,2178,0,15,0.0,,,,8,36.3,4.5,0.0,0.0,0,0,,,2026-04-17 18:30:25
1457,,LOT-20260410-002,,,,Frijol,Peruano,2961,cam1_20260417_124523.jpg,ambient,2962,cam1_20260417_124525.jpg,,1,26.1,40,100,2178,0,15,0.0,,,,8,36.3,4.5,0.0,0.0,0,0,,,2026-04-17 18:45:25
1460,,LOT-20260410-002,,,,Frijol,Peruano,2965,cam1_20260417_130023.jpg,ambient,2967,cam1_20260417_130025.jpg,,1,25.8,40,100,2178,0,15,0.0,,,,8,36.3,4.5,0.0,0.0,0,0,,,2026-04-17 19:00:26
1461,,LOT-20260410-002,,,,Frijol,Peruano,2969,cam1_20260417_131523.jpg,ambient,2970,cam1_20260417_131525.jpg,,1,25.5,40,100,2178,0,15,0.0,,,,8,36.3,4.5,0.0,0.0,0,0,,,2026-04-17 19:15:26
1464,,LOT-20260410-002,,,,Frijol,Peruano,2973,cam1_20260417_133023.jpg,ambient,2974,cam1_20260417_133026.jpg,,1,25.3,43,100,2178,0,15,0.0,,,,8,36.3,4.5,0.0,0.0,0,0,,,2026-04-17 19:30:26
1466,,LOT-20260410-002,,,,Frijol,Peruano,2977,cam1_20260417_134523.jpg,ambient,2979,cam1_20260417_134525.jpg,,1,25.3,43,100,2178,0,15,0.0,,,,8,36.3,4.5,0.0,0.0,0,0,,,2026-04-17 19:45:26
1468,,LOT-20260410-002,,,,Frijol,Peruano,2981,cam1_20260417_140023.jpg,ambient,2983,cam1_20260417_140026.jpg,,1,25.3,44,100,2178,0,15,0.0,,,,8,36.3,4.5,0.0,0.0,0,0,,,2026-04-17 20:00:26
1470,,LOT-20260410-002,,,,Frijol,Peruano,2985,cam1_20260417_141523.jpg,ambient,2987,cam1_20260417_141526.jpg,,1,25.2,46,100,2178,0,15,0.0,,,,8,36.3,4.5,0.0,0.0,0,0,,,2026-04-17 20:15:26
1471,,LOT-20260410-002,,,,Frijol,Peruano,2989,cam1_20260417_143025.jpg,ambient,2990,cam1_20260417_143027.jpg,,1,25.5,44,100,2186,0,15,0.0,,,,8,36.4,4.6,0.0,0.0,0,0,,,2026-04-17 20:30:28
1474,,LOT-20260410-002,,,,Frijol,Peruano,2993,cam1_20260417_144606.jpg,ambient,2995,cam1_20260417_144608.jpg,,1,25.5,42,100,2192,0,15,0.0,,,,8,36.8,4.6,0.0,0.0,0,0,,,2026-04-17 20:46:10
1476,,LOT-20260410-002,,,,Frijol,Peruano,2997,cam1_20260417_150106.jpg,ambient,2999,cam1_20260417_150108.jpg,,1,25.8,42,100,2207,0,15,0.0,,,,8,37.0,4.6,0.0,0.0,0,0,,,2026-04-17 21:01:08
1478,,LOT-20260410-002,,,,Frijol,Peruano,3001,cam1_20260417_151606.jpg,ambient,3003,cam1_20260417_151608.jpg,,1,25.9,42,100,2222,0,15,0.0,,,,8,37.3,4.7,0.0,0.0,0,0,,,2026-04-17 21:16:08
1479,,LOT-20260410-002,,,,Frijol,Peruano,3005,cam1_20260417_153106.jpg,ambient,3006,cam1_20260417_153108.jpg,,1,25.9,40,100,2237,0,15,0.0,,,,8,37.5,4.7,0.0,0.0,0,0,,,2026-04-17 21:31:08
1482,,LOT-20260410-002,,,,Frijol,Peruano,3009,cam1_20260417_154606.jpg,ambient,3011,cam1_20260417_154608.jpg,,1,25.9,40,100,2252,0,15,0.0,,,,8,37.8,4.7,0.0,0.0,0,0,,,2026-04-17 21:46:08
1483,,LOT-20260410-002,,,,Frijol,Peruano,3012,cam1_20260417_160106.jpg,ambient,3014,cam1_20260417_160108.jpg,,1,25.9,40,100,2267,0,15,0.0,,,,8,38.0,4.8,0.0,0.0,0,0,,,2026-04-17 22:01:08
1486,,LOT-20260410-002,,,,Frijol,Peruano,3017,cam1_20260417_161606.jpg,ambient,3019,cam1_20260417_161608.jpg,,1,25.8,39,100,2282,0,15,0.0,,,,8,38.3,4.8,0.0,0.0,0,0,,,2026-04-17 22:16:08
1487,,LOT-20260410-002,,,,Frijol,Peruano,3021,cam1_20260417_163106.jpg,ambient,3022,cam1_20260417_163108.jpg,,1,25.8,39,100,2297,0,15,0.0,,,,8,38.4,4.8,0.0,0.0,0,0,,,2026-04-17 22:31:08
1489,,LOT-20260410-002,,,,Frijol,Peruano,3025,cam1_20260417_164606.jpg,ambient,3026,cam1_20260417_164608.jpg,,1,25.6,39,100,2306,0,15,0.0,,,,8,38.4,4.8,0.0,0.0,0,0,,,2026-04-17 22:46:09
1492,,LOT-20260410-002,,,,Frijol,Peruano,3029,cam1_20260417_170106.jpg,ambient,3031,cam1_20260417_170108.jpg,,1,25.3,41,100,2306,0,15,0.0,,,,8,38.4,4.8,0.0,0.0,0,0,,,2026-04-17 23:01:09
1494,,LOT-20260410-002,,,,Frijol,Peruano,3033,cam1_20260417_171606.jpg,ambient,3035,cam1_20260417_171608.jpg,,1,25.2,41,100,2306,0,15,0.0,,,,8,38.4,4.8,0.0,0.0,0,0,,,2026-04-17 23:16:09
1495,,LOT-20260410-002,,,,Frijol,Peruano,3037,cam1_20260417_173106.jpg,ambient,3038,cam1_20260417_173108.jpg,,1,25.1,42,100,2306,0,15,0.0,,,,8,38.4,4.8,0.0,0.0,0,0,,,2026-04-17 23:31:09
1497,,LOT-20260410-002,,,,Frijol,Peruano,3041,cam1_20260417_174606.jpg,ambient,3042,cam1_20260417_174609.jpg,,1,25,42,100,2306,0,15,0.0,,,,8,38.4,4.8,0.0,0.0,0,0,,,2026-04-17 23:46:09
1500,,LOT-20260410-002,,,,Frijol,Peruano,3045,cam1_20260417_180106.jpg,ambient,3047,cam1_20260417_180109.jpg,,1,25,43,100,2306,0,15,0.0,,,,8,38.4,4.8,0.0,0.0,0,0,,,2026-04-18 00:01:09
1501,,LOT-20260410-002,,,,Frijol,Peruano,3049,cam1_20260417_181606.jpg,ambient,3051,cam1_20260417_181609.jpg,,1,24.9,42,100,2306,0,15,0.0,,,,8,38.4,4.8,0.0,0.0,0,0,,,2026-04-18 00:16:09
1504,,LOT-20260410-002,,,,Frijol,Peruano,3053,cam1_20260417_183107.jpg,ambient,3055,cam1_20260417_183109.jpg,,1,24.9,43,100,2306,0,15,0.0,,,,8,38.4,4.8,0.0,0.0,0,0,,,2026-04-18 00:31:09
1505,,LOT-20260410-002,,,,Frijol,Peruano,3057,cam1_20260417_184607.jpg,ambient,3059,cam1_20260417_184609.jpg,,1,25.1,48,100,2306,0,15,0.0,,,,8,38.4,4.8,0.0,0.0,0,0,,,2026-04-18 00:46:09
1508,,LOT-20260410-002,,,,Frijol,Peruano,3061,cam1_20260417_190107.jpg,ambient,3063,cam1_20260417_190109.jpg,,1,25.3,52,100,2306,0,15,0.0,,,,8,38.4,4.8,0.0,0.0,0,0,,,2026-04-18 01:01:09
1510,,LOT-20260410-002,,,,Frijol,Peruano,3065,cam1_20260417_191607.jpg,ambient,3066,cam1_20260417_191609.jpg,,1,25.5,53,100,2306,0,15,0.0,,,,8,38.4,4.8,0.0,0.0,0,0,,,2026-04-18 01:16:09
1512,,LOT-20260410-002,,,,Frijol,Peruano,3069,cam1_20260417_193107.jpg,ambient,3071,cam1_20260417_193109.jpg,,1,25.6,54,100,2306,0,15,0.0,,,,8,38.4,4.8,0.0,0.0,0,0,,,2026-04-18 01:31:10
1513,,LOT-20260410-002,,,,Frijol,Peruano,3073,cam1_20260417_194607.jpg,ambient,3074,cam1_20260417_194609.jpg,,1,25.8,57,100,2307,0,15,0.0,,,,8,38.5,4.8,0.0,0.0,0,0,,,2026-04-18 01:46:09
1515,,LOT-20260410-002,,,,Frijol,Peruano,3077,cam1_20260417_200107.jpg,ambient,3078,cam1_20260417_200109.jpg,,1,25.8,57,100,2307,0,15,0.0,,,,8,38.5,4.8,0.0,0.0,0,0,,,2026-04-18 02:01:10
1518,,LOT-20260410-002,,,,Frijol,Peruano,3081,cam1_20260417_201607.jpg,ambient,3083,cam1_20260417_201609.jpg,,1,26,45,100,2307,0,15,0.0,,,,8,38.5,4.8,0.0,0.0,0,0,,,2026-04-18 02:16:10
1520,,LOT-20260410-002,,,,Frijol,Peruano,3085,cam1_20260417_203107.jpg,ambient,3087,cam1_20260417_203109.jpg,,1,26.1,46,100,2307,0,15,0.0,,,,8,38.5,4.8,0.0,0.0,0,0,,,2026-04-18 02:31:10
1522,,LOT-20260410-002,,,,Frijol,Peruano,3089,cam1_20260417_204607.jpg,ambient,3091,cam1_20260417_204610.jpg,,1,26.2,48,100,2307,0,15,0.0,,,,8,38.5,4.8,0.0,0.0,0,0,,,2026-04-18 02:46:10
1523,,LOT-20260410-002,,,,Frijol,Peruano,3093,cam1_20260417_210107.jpg,ambient,3094,cam1_20260417_210110.jpg,,1,25.5,42,100,2307,0,15,0.0,,,,8,38.5,4.8,0.0,0.0,0,0,,,2026-04-18 03:01:10
1526,,LOT-20260410-002,,,,Frijol,Peruano,3097,cam1_20260417_211607.jpg,ambient,3099,cam1_20260417_211610.jpg,,1,25.5,45,100,2308,0,15,0.0,,,,8,38.5,4.8,0.0,0.0,0,0,,,2026-04-18 03:16:10
1528,,LOT-20260410-002,,,,Frijol,Peruano,3101,cam1_20260417_213108.jpg,ambient,3103,cam1_20260417_213110.jpg,,1,25.3,47,100,2308,0,15,0.0,,,,8,38.5,4.8,0.0,0.0,0,0,,,2026-04-18 03:31:10
1530,,LOT-20260410-002,,,,Frijol,Peruano,3105,cam1_20260417_214608.jpg,ambient,3107,cam1_20260417_214610.jpg,,1,25.2,48,100,2308,0,15,0.0,,,,8,38.5,4.8,0.0,0.0,0,0,,,2026-04-18 03:46:10
1531,,LOT-20260410-002,,,,Frijol,Peruano,3109,cam1_20260417_220108.jpg,ambient,3110,cam1_20260417_220110.jpg,,1,25.1,48,100,2308,0,15,0.0,,,,8,38.5,4.8,0.0,0.0,0,0,,,2026-04-18 04:01:10
1534,,LOT-20260410-002,,,,Frijol,Peruano,3113,cam1_20260417_221608.jpg,ambient,3115,cam1_20260417_221610.jpg,,1,25,49,100,2308,0,15,0.0,,,,8,38.5,4.8,0.0,0.0,0,0,,,2026-04-18 04:16:10
1536,,LOT-20260410-002,,,,Frijol,Peruano,3117,cam1_20260417_223108.jpg,ambient,3119,cam1_20260417_223110.jpg,,1,25.1,47,100,2310,0,15,0.0,,,,8,38.5,4.8,0.0,0.0,0,0,,,2026-04-18 04:31:10
1537,,LOT-20260410-002,,,,Frijol,Peruano,3121,cam1_20260417_224608.jpg,ambient,3122,cam1_20260417_224610.jpg,,1,25.3,45,100,2325,0,15,0.0,,,,8,39.0,4.9,0.0,0.0,0,0,,,2026-04-18 04:46:10
1539,,LOT-20260410-002,,,,Frijol,Peruano,3124,cam1_20260417_230108.jpg,ambient,3125,cam1_20260417_230110.jpg,,1,25.5,45,100,2340,0,15,0.0,,,,8,39.3,4.9,0.0,0.0,0,0,,,2026-04-18 05:01:11
1540,,LOT-20260410-002,,,,Frijol,Peruano,3126,cam1_20260417_231608.jpg,ambient,3127,cam1_20260417_231610.jpg,,1,25.6,44,100,2355,0,15,0.0,,,,8,39.5,4.9,0.0,0.0,0,0,,,2026-04-18 05:16:10
