observation_id,plant_instance_id,lot_id,position_tag,replacement_index,classification,species,variety,image_id,image_filename,image_light_type,flash_image_id,flash_image_filename,crop_path,capture_camera_id,temperature,humidity,water_level,light_minutes,had_light,capture_interval_min,light_minutes_in_period,ventilation_minutes,had_ventilation,ventilation_minutes_in_period,lot_day,light_hours_accumulated,light_hours_per_day,vent_hours_accumulated,vent_hours_per_day,relay_light,relay_irrigation,relay_ventilation,local_status,observed_at
11,,LOT-20260425-651F-005,,,,Pepino,Hibrido F1,11,cam1_20260425_203954.jpg,ambient,12,cam1_20260425_203956.jpg,,1,26.2,43,100,0,0,15,0.0,0.0,0,0.0,1,0.0,0.0,0.0,0.0,0,0,0,,2026-04-26 02:39:57
19,,LOT-20260425-651F-005,,,,Pepino,Hibrido F1,21,cam1_20260425_205454.jpg,ambient,22,cam1_20260425_205457.jpg,,1,26.2,43,100,0,0,15,0.0,0.0,0,0.0,1,0.0,0.0,0.0,0.0,0,0,0,,2026-04-26 02:54:57
27,,LOT-20260425-651F-005,,,,Pepino,Hibrido F1,29,cam1_20260425_210954.jpg,ambient,30,cam1_20260425_210956.jpg,,1,26.2,43,100,0,0,15,0.0,0.0,0,0.0,1,0.0,0.0,0.0,0.0,0,0,0,,2026-04-26 03:09:57
35,,LOT-20260425-651F-005,,,,Pepino,Hibrido F1,37,cam1_20260425_212455.jpg,ambient,38,cam1_20260425_212458.jpg,,1,26.2,43,100,0,0,15,0.0,0.0,0,0.0,1,0.0,0.0,0.0,0.0,0,0,0,,2026-04-26 03:24:59
43,,LOT-20260425-651F-005,,,,Pepino,Hibrido F1,45,cam1_20260425_213955.jpg,ambient,46,cam1_20260425_213958.jpg,,1,26.2,43,100,0,0,15,0.0,0.0,0,0.0,1,0.0,0.0,0.0,0.0,0,0,0,,2026-04-26 03:39:59
51,,LOT-20260425-651F-005,,,,Pepino,Hibrido F1,53,cam1_20260425_215456.jpg,ambient,54,cam1_20260425_215458.jpg,,1,26.2,43,100,0,0,15,0.0,0.0,0,0.0,1,0.0,0.0,0.0,0.0,0,0,0,,2026-04-26 03:54:59
59,,LOT-20260425-651F-005,,,,Pepino,Hibrido F1,61,cam1_20260425_220954.jpg,ambient,62,cam1_20260425_220957.jpg,,1,26.2,43,100,0,0,15,0.0,0.0,0,0.0,1,0.0,0.0,0.0,0.0,0,0,0,,2026-04-26 04:09:57
67,,LOT-20260425-651F-005,,,,Pepino,Hibrido F1,69,cam1_20260425_222454.jpg,ambient,70,cam1_20260425_222457.jpg,,1,26.2,43,100,0,0,15,0.0,0.0,0,0.0,1,0.0,0.0,0.0,0.0,0,0,0,,2026-04-26 04:24:57
75,,LOT-20260425-651F-005,,,,Pepino,Hibrido F1,77,cam1_20260425_223954.jpg,ambient,78,cam1_20260425_223957.jpg,,1,26.2,43,100,0,0,15,0.0,0.0,0,0.0,1,0.0,0.0,0.0,0.0,0,0,0,,2026-04-26 04:39:57
83,,LOT-20260425-651F-005,,,,Pepino,Hibrido F1,85,cam1_20260425_225454.jpg,ambient,86,cam1_20260425_225459.jpg,,1,26.2,43,100,0,0,15,0.0,0.0,0,0.0,1,0.0,0.0,0.0,0.0,0,0,0,,2026-04-26 04:55:00
91,,LOT-20260425-651F-005,,,,Pepino,Hibrido F1,93,cam1_20260425_230954.jpg,ambient,94,cam1_20260425_230956.jpg,,1,26.2,43,100,0,0,15,0.0,0.0,0,0.0,1,0.0,0.0,0.0,0.0,0,0,0,,2026-04-26 05:09:57
99,,LOT-20260425-651F-005,,,,Pepino,Hibrido F1,101,cam1_20260425_232454.jpg,ambient,102,cam1_20260425_232458.jpg,,1,26.2,43,100,0,0,15,0.0,0.0,0,0.0,1,0.0,0.0,0.0,0.0,0,0,0,,2026-04-26 05:24:58
107,,LOT-20260425-651F-005,,,,Pepino,Hibrido F1,109,cam1_20260425_233954.jpg,ambient,110,cam1_20260425_233958.jpg,,1,26.2,43,100,0,0,15,0.0,0.0,0,0.0,1,0.0,0.0,0.0,0.0,0,0,0,,2026-04-26 05:39:59
115,,LOT-20260425-651F-005,,,,Pepino,Hibrido F1,117,cam1_20260425_235454.jpg,ambient,118,cam1_20260425_235457.jpg,,1,26.2,43,100,0,0,15,0.0,0.0,0,0.0,1,0.0,0.0,0.0,0.0,0,0,0,,2026-04-26 05:54:57
123,,LOT-20260425-651F-005,,,,Pepino,Hibrido F1,125,cam1_20260426_000954.jpg,ambient,126,cam1_20260426_000957.jpg,,1,26.2,43,100,0,0,15,0.0,0.0,0,0.0,1,0.0,0.0,0.0,0.0,0,0,0,,2026-04-26 06:09:57
131,,LOT-20260425-651F-005,,,,Pepino,Hibrido F1,133,cam1_20260426_002456.jpg,ambient,134,cam1_20260426_002459.jpg,,1,26.2,43,100,0,0,15,0.0,0.0,0,0.0,1,0.0,0.0,0.0,0.0,0,0,0,,2026-04-26 06:25:00
139,,LOT-20260425-651F-005,,,,Pepino,Hibrido F1,141,cam1_20260426_003955.jpg,ambient,142,cam1_20260426_003959.jpg,,1,26.2,43,100,1,0,15,0.0,0.0,0,0.0,1,0.0,0.0,0.0,0.0,0,0,0,,2026-04-26 06:39:59
147,,LOT-20260425-651F-005,,,,Pepino,Hibrido F1,149,cam1_20260426_005454.jpg,ambient,150,cam1_20260426_005457.jpg,,1,26.2,43,100,1,0,15,0.0,0.0,0,0.0,1,0.0,0.0,0.0,0.0,0,0,0,,2026-04-26 06:54:57
155,,LOT-20260425-651F-005,,,,Pepino,Hibrido F1,157,cam1_20260426_010954.jpg,ambient,158,cam1_20260426_010957.jpg,,1,26.2,43,100,1,0,15,0.0,0.0,0,0.0,1,0.0,0.0,0.0,0.0,0,0,0,,2026-04-26 07:09:57
163,,LOT-20260425-651F-005,,,,Pepino,Hibrido F1,165,cam1_20260426_012456.jpg,ambient,166,cam1_20260426_012459.jpg,,1,26.2,43,100,1,0,15,0.0,0.0,0,0.0,1,0.0,0.0,0.0,0.0,0,0,0,,2026-04-26 07:25:00
171,,LOT-20260425-651F-005,,,,Pepino,Hibrido F1,173,cam1_20260426_013955.jpg,ambient,174,cam1_20260426_013958.jpg,,1,26.2,43,100,1,0,15,0.0,0.0,0,0.0,1,0.0,0.0,0.0,0.0,0,0,0,,2026-04-26 07:39:59
179,,LOT-20260425-651F-005,,,,Pepino,Hibrido F1,181,cam1_20260426_015454.jpg,ambient,182,cam1_20260426_015457.jpg,,1,26.2,43,100,1,0,15,0.0,0.0,0,0.0,1,0.0,0.0,0.0,0.0,0,0,0,,2026-04-26 07:54:57
187,,LOT-20260425-651F-005,,,,Pepino,Hibrido F1,189,cam1_20260426_020954.jpg,ambient,190,cam1_20260426_020957.jpg,,1,26.2,43,100,2,0,15,0.0,0.0,0,0.0,1,0.0,0.0,0.0,0.0,0,0,0,,2026-04-26 08:09:57
195,,LOT-20260425-651F-005,,,,Pepino,Hibrido F1,197,cam1_20260426_022454.jpg,ambient,198,cam1_20260426_022457.jpg,,1,26.2,43,100,2,0,15,0.0,0.0,0,0.0,1,0.0,0.0,0.0,0.0,0,0,0,,2026-04-26 08:24:58
203,,LOT-20260425-651F-005,,,,Pepino,Hibrido F1,205,cam1_20260426_023954.jpg,ambient,206,cam1_20260426_023957.jpg,,1,26.2,43,100,2,0,15,0.0,0.0,0,0.0,1,0.0,0.0,0.0,0.0,0,0,0,,2026-04-26 08:39:57
211,,LOT-20260425-651F-005,,,,Pepino,Hibrido F1,213,cam1_20260426_025454.jpg,ambient,214,cam1_20260426_025457.jpg,,1,26.2,43,100,2,0,15,0.0,0.0,0,0.0,1,0.0,0.0,0.0,0.0,0,0,0,,2026-04-26 08:54:57
219,,LOT-20260425-651F-005,,,,Pepino,Hibrido F1,221,cam1_20260426_030954.jpg,ambient,222,cam1_20260426_030957.jpg,,1,26.2,43,100,2,0,15,0.0,0.0,0,0.0,1,0.0,0.0,0.0,0.0,0,0,0,,2026-04-26 09:09:57
227,,LOT-20260425-651F-005,,,,Pepino,Hibrido F1,229,cam1_20260426_032454.jpg,ambient,230,cam1_20260426_032457.jpg,,1,26.2,43,100,2,0,15,0.0,0.0,0,0.0,1,0.0,0.0,0.0,0.0,0,0,0,,2026-04-26 09:24:57
235,,LOT-20260425-651F-005,,,,Pepino,Hibrido F1,237,cam1_20260426_033954.jpg,ambient,238,cam1_20260426_033957.jpg,,1,26.2,43,100,2,0,15,0.0,0.0,0,0.0,1,0.0,0.0,0.0,0.0,0,0,0,,2026-04-26 09:39:57
243,,LOT-20260425-651F-005,,,,Pepino,Hibrido F1,245,cam1_20260426_035454.jpg,ambient,246,cam1_20260426_035457.jpg,,1,26.2,43,100,2,0,15,0.0,0.0,0,0.0,1,0.0,0.0,0.0,0.0,0,0,0,,2026-04-26 09:54:57
251,,LOT-20260425-651F-005,,,,Pepino,Hibrido F1,253,cam1_20260426_040954.jpg,ambient,254,cam1_20260426_040957.jpg,,1,26.2,43,100,2,0,15,0.0,0.0,0,0.0,1,0.0,0.0,0.0,0.0,0,0,0,,2026-04-26 10:09:57
259,,LOT-20260425-651F-005,,,,Pepino,Hibrido F1,261,cam1_20260426_042454.jpg,ambient,262,cam1_20260426_042457.jpg,,1,26.2,43,100,3,0,15,0.0,0.0,0,0.0,1,0.1,0.1,0.0,0.0,0,0,0,,2026-04-26 10:24:57
267,,LOT-20260425-651F-005,,,,Pepino,Hibrido F1,269,cam1_20260426_043954.jpg,ambient,270,cam1_20260426_043957.jpg,,1,26.2,43,100,3,0,15,0.0,0.0,0,0.0,1,0.1,0.1,0.0,0.0,0,0,0,,2026-04-26 10:39:57
275,,LOT-20260425-651F-005,,,,Pepino,Hibrido F1,277,cam1_20260426_045454.jpg,ambient,278,cam1_20260426_045457.jpg,,1,26.2,43,100,3,0,15,0.0,0.0,0,0.0,1,0.1,0.1,0.0,0.0,0,0,0,,2026-04-26 10:54:57
283,,LOT-20260425-651F-005,,,,Pepino,Hibrido F1,285,cam1_20260426_050954.jpg,ambient,286,cam1_20260426_050957.jpg,,1,26.2,43,100,3,0,15,0.0,0.0,0,0.0,1,0.1,0.1,0.0,0.0,0,0,0,,2026-04-26 11:09:57
291,,LOT-20260425-651F-005,,,,Pepino,Hibrido F1,293,cam1_20260426_052454.jpg,ambient,294,cam1_20260426_052457.jpg,,1,26.2,43,100,3,0,15,0.0,0.0,0,0.0,1,0.1,0.1,0.0,0.0,0,0,0,,2026-04-26 11:24:57
299,,LOT-20260425-651F-005,,,,Pepino,Hibrido F1,301,cam1_20260426_053954.jpg,ambient,302,cam1_20260426_053957.jpg,,1,26.2,43,100,3,0,15,0.0,0.0,0,0.0,1,0.1,0.1,0.0,0.0,0,0,0,,2026-04-26 11:39:57
307,,LOT-20260425-651F-005,,,,Pepino,Hibrido F1,309,cam1_20260426_055454.jpg,ambient,310,cam1_20260426_055457.jpg,,1,26.2,43,100,3,0,15,0.0,0.0,0,0.0,1,0.1,0.1,0.0,0.0,0,0,0,,2026-04-26 11:54:57
315,,LOT-20260425-651F-005,,,,Pepino,Hibrido F1,317,cam1_20260426_060954.jpg,ambient,318,cam1_20260426_060957.jpg,,1,26.2,43,100,3,0,15,0.0,0.0,0,0.0,1,0.1,0.1,0.0,0.0,0,0,0,,2026-04-26 12:09:57
323,,LOT-20260425-651F-005,,,,Pepino,Hibrido F1,325,cam1_20260426_062454.jpg,ambient,326,cam1_20260426_062457.jpg,,1,26.2,43,100,4,0,15,0.0,0.0,0,0.0,1,0.1,0.1,0.0,0.0,0,0,0,,2026-04-26 12:24:57
331,,LOT-20260425-651F-005,,,,Pepino,Hibrido F1,333,cam1_20260426_063954.jpg,ambient,334,cam1_20260426_063957.jpg,,1,26.2,43,100,4,0,15,0.0,0.0,0,0.0,1,0.1,0.1,0.0,0.0,0,0,0,,2026-04-26 12:39:57
339,,LOT-20260425-651F-005,,,,Pepino,Hibrido F1,341,cam1_20260426_065454.jpg,ambient,342,cam1_20260426_065457.jpg,,1,26.2,43,100,4,0,15,0.0,0.0,0,0.0,1,0.1,0.1,0.0,0.0,0,0,0,,2026-04-26 12:54:57
347,,LOT-20260425-651F-005,,,,Pepino,Hibrido F1,349,cam1_20260426_070954.jpg,ambient,350,cam1_20260426_070957.jpg,,1,26.2,43,100,4,0,15,0.0,0.0,0,0.0,1,0.1,0.1,0.0,0.0,0,0,0,,2026-04-26 13:09:57
355,,LOT-20260425-651F-005,,,,Pepino,Hibrido F1,357,cam1_20260426_072454.jpg,ambient,358,cam1_20260426_072457.jpg,,1,26.2,43,100,4,0,15,0.0,0.0,0,0.0,1,0.1,0.1,0.0,0.0,0,0,0,,2026-04-26 13:24:57
363,,LOT-20260425-651F-005,,,,Pepino,Hibrido F1,365,cam1_20260426_073954.jpg,ambient,366,cam1_20260426_073957.jpg,,1,26.2,43,100,4,0,15,0.0,0.0,0,0.0,1,0.1,0.1,0.0,0.0,0,0,0,,2026-04-26 13:39:57
371,,LOT-20260425-651F-005,,,,Pepino,Hibrido F1,373,cam1_20260426_075454.jpg,ambient,374,cam1_20260426_075457.jpg,,1,26.2,43,100,4,0,15,0.0,0.0,0,0.0,1,0.1,0.1,0.0,0.0,0,0,0,,2026-04-26 13:54:57
379,,LOT-20260425-651F-005,,,,Pepino,Hibrido F1,381,cam1_20260426_080954.jpg,ambient,382,cam1_20260426_080957.jpg,,1,26.2,43,100,14,0,15,0.0,0.0,0,0.0,1,0.2,0.2,0.0,0.0,0,0,0,,2026-04-26 14:09:57
387,,LOT-20260425-651F-005,,,,Pepino,Hibrido F1,389,cam1_20260426_082454.jpg,ambient,390,cam1_20260426_082457.jpg,,1,26.2,43,100,29,0,15,0.0,0.0,0,0.0,1,0.5,0.5,0.0,0.0,0,0,0,,2026-04-26 14:24:57
395,,LOT-20260425-651F-005,,,,Pepino,Hibrido F1,397,cam1_20260426_083954.jpg,ambient,398,cam1_20260426_083957.jpg,,1,26.2,43,100,44,0,15,0.0,0.0,0,0.0,1,0.7,0.7,0.0,0.0,0,0,0,,2026-04-26 14:39:57
403,,LOT-20260425-651F-005,,,,Pepino,Hibrido F1,405,cam1_20260426_085454.jpg,ambient,406,cam1_20260426_085457.jpg,,1,26.2,43,100,58,0,15,0.0,0.0,0,0.0,1,1.0,1.0,0.0,0.0,0,0,0,,2026-04-26 14:54:57
411,,LOT-20260425-651F-005,,,,Pepino,Hibrido F1,413,cam1_20260426_090955.jpg,ambient,414,cam1_20260426_090957.jpg,,1,26.2,43,100,73,0,15,0.0,0.0,0,0.0,1,1.2,1.2,0.0,0.0,0,0,0,,2026-04-26 15:09:57
419,,LOT-20260425-651F-005,,,,Pepino,Hibrido F1,421,cam1_20260426_092456.jpg,ambient,422,cam1_20260426_092458.jpg,,1,26.2,43,100,88,0,15,0.0,0.0,0,0.0,1,1.5,1.5,0.0,0.0,0,0,0,,2026-04-26 15:24:58
427,,LOT-20260425-651F-005,,,,Pepino,Hibrido F1,429,cam1_20260426_093954.jpg,ambient,430,cam1_20260426_093957.jpg,,1,26.2,43,100,103,0,15,0.0,0.0,0,0.0,1,1.7,1.7,0.0,0.0,0,0,0,,2026-04-26 15:39:57
435,,LOT-20260425-651F-005,,,,Pepino,Hibrido F1,437,cam1_20260426_095454.jpg,ambient,438,cam1_20260426_095457.jpg,,1,26.2,43,100,118,0,15,0.0,0.0,0,0.0,1,2.0,2.0,0.0,0.0,0,0,0,,2026-04-26 15:54:57
443,,LOT-20260425-651F-005,,,,Pepino,Hibrido F1,445,cam1_20260426_100954.jpg,ambient,446,cam1_20260426_100957.jpg,,1,26.2,43,100,132,0,15,0.0,0.0,0,0.0,1,2.2,2.2,0.0,0.0,0,0,0,,2026-04-26 16:09:57
451,,LOT-20260425-651F-005,,,,Pepino,Hibrido F1,453,cam1_20260426_102455.jpg,ambient,454,cam1_20260426_102457.jpg,,1,26.2,43,100,147,0,15,0.0,0.0,0,0.0,1,2.5,2.5,0.0,0.0,0,0,0,,2026-04-26 16:24:58
459,,LOT-20260425-651F-005,,,,Pepino,Hibrido F1,461,cam1_20260426_103954.jpg,ambient,462,cam1_20260426_103957.jpg,,1,26.2,43,100,162,0,15,0.0,0.0,0,0.0,1,2.7,2.7,0.0,0.0,0,0,0,,2026-04-26 16:39:57
464,,LOT-20260425-651F-005,,,,Pepino,Hibrido F1,466,cam1_20260426_105619.jpg,ambient,468,cam1_20260426_105624.jpg,,1,26.2,43,100,179,0,15,0.0,0.0,0,0.0,1,3.0,3.0,0.0,0.0,0,0,0,,2026-04-26 16:56:25
472,,LOT-20260425-651F-005,,,,Pepino,Hibrido F1,472,cam1_20260426_111118.jpg,ambient,474,cam1_20260426_111123.jpg,,1,26.2,43,100,193,0,15,0.0,0.0,0,0.0,1,3.2,3.2,0.0,0.0,0,0,0,,2026-04-26 17:11:24
480,,LOT-20260425-651F-005,,,,Pepino,Hibrido F1,478,cam1_20260426_112619.jpg,ambient,480,cam1_20260426_112624.jpg,,1,26.2,43,100,208,0,15,0.0,0.0,0,0.0,1,3.5,3.5,0.0,0.0,0,0,0,,2026-04-26 17:26:25
488,,LOT-20260425-651F-005,,,,Pepino,Hibrido F1,484,cam1_20260426_114119.jpg,ambient,486,cam1_20260426_114124.jpg,,1,26.2,43,100,223,0,15,0.0,0.0,0,0.0,1,3.7,3.7,0.0,0.0,0,0,0,,2026-04-26 17:41:25
496,,LOT-20260425-651F-005,,,,Pepino,Hibrido F1,490,cam1_20260426_115619.jpg,ambient,492,cam1_20260426_115624.jpg,,1,26.2,43,100,238,0,15,0.0,0.0,0,0.0,1,4.0,4.0,0.0,0.0,0,0,0,,2026-04-26 17:56:25
504,,LOT-20260425-651F-005,,,,Pepino,Hibrido F1,496,cam1_20260426_121119.jpg,ambient,498,cam1_20260426_121125.jpg,,1,26.2,43,100,253,0,15,0.0,0.0,0,0.0,1,4.2,4.2,0.0,0.0,0,0,0,,2026-04-26 18:11:26
512,,LOT-20260425-651F-005,,,,Pepino,Hibrido F1,502,cam1_20260426_122621.jpg,ambient,504,cam1_20260426_122625.jpg,,1,26.2,43,100,268,0,15,0.0,0.0,0,0.0,1,4.5,4.5,0.0,0.0,0,0,0,,2026-04-26 18:26:26
520,,LOT-20260425-651F-005,,,,Pepino,Hibrido F1,508,cam1_20260426_124119.jpg,ambient,510,cam1_20260426_124125.jpg,,1,26.2,43,100,283,0,15,0.0,0.0,0,0.0,1,4.7,4.7,0.0,0.0,0,0,0,,2026-04-26 18:41:25
528,,LOT-20260425-651F-005,,,,Pepino,Hibrido F1,514,cam1_20260426_125620.jpg,ambient,516,cam1_20260426_125625.jpg,,1,26.2,43,100,298,0,15,0.0,0.0,0,0.0,1,5.0,5.0,0.0,0.0,0,0,0,,2026-04-26 18:56:26
556,,LOT-20260425-651F-005,,,,Pepino,Hibrido F1,536,cam1_20260426_182842.jpg,ambient,537,cam1_20260426_182858.jpg,,1,26.2,43,100,627,0,15,0.0,0.0,0,0.0,2,10.4,5.2,0.0,0.0,0,0,0,,2026-04-27 00:29:01
560,,LOT-20260425-651F-005,,,,Pepino,Hibrido F1,538,cam1_20260426_184405.jpg,ambient,,,,1,26.2,43,100,642,0,15,0.0,0.0,0,0.0,2,10.7,5.3,0.0,0.0,0,0,0,,2026-04-27 00:44:27
564,,LOT-20260425-651F-005,,,,Pepino,Hibrido F1,539,cam1_20260426_185833.jpg,ambient,,,,1,26.2,43,100,656,0,15,0.0,0.0,0,0.0,2,10.9,5.5,0.0,0.0,0,0,0,,2026-04-27 00:58:59
568,,LOT-20260425-651F-005,,,,Pepino,Hibrido F1,540,cam1_20260426_191410.jpg,ambient,541,cam1_20260426_191426.jpg,,1,26.2,43,100,671,0,15,0.0,0.0,0,0.0,2,11.2,5.6,0.0,0.0,0,0,0,,2026-04-27 01:14:27
574,,LOT-20260425-651F-005,,,,Pepino,Hibrido F1,543,cam1_20260426_192816.jpg,ambient,545,cam1_20260426_192820.jpg,,1,26.2,43,100,685,0,15,0.0,0.0,0,0.0,2,11.4,5.7,0.0,0.0,0,0,0,,2026-04-27 01:28:21
580,,LOT-20260425-651F-005,,,,Pepino,Hibrido F1,548,cam1_20260426_194316.jpg,ambient,550,cam1_20260426_194320.jpg,,1,26.2,43,100,700,0,15,0.0,0.0,0,0.0,2,11.7,5.8,0.0,0.0,0,0,0,,2026-04-27 01:43:20
590,,LOT-20260425-651F-005,,,,Pepino,Hibrido F1,555,cam1_20260426_195818.jpg,ambient,557,cam1_20260426_195822.jpg,,1,26.2,43,100,715,0,15,0.0,0.0,0,0.0,2,11.9,6.0,0.0,0.0,0,0,0,,2026-04-27 01:58:22
598,,LOT-20260425-651F-005,,,,Pepino,Hibrido F1,561,cam1_20260426_201316.jpg,ambient,563,cam1_20260426_201320.jpg,,1,26.2,43,100,717,0,15,0.0,0.0,0,0.0,2,11.9,6.0,0.0,0.0,0,0,0,,2026-04-27 02:13:21
606,,LOT-20260425-651F-005,,,,Pepino,Hibrido F1,567,cam1_20260426_202816.jpg,ambient,569,cam1_20260426_202820.jpg,,1,26.2,43,100,717,0,15,0.0,0.0,0,0.0,2,11.9,6.0,0.0,0.0,0,0,0,,2026-04-27 02:28:21
614,,LOT-20260425-651F-005,,,,Pepino,Hibrido F1,573,cam1_20260426_204316.jpg,ambient,575,cam1_20260426_204321.jpg,,1,26.2,43,100,717,0,15,0.0,0.0,0,0.0,2,11.9,6.0,0.0,0.0,0,0,0,,2026-04-27 02:43:22
622,,LOT-20260425-651F-005,,,,Pepino,Hibrido F1,579,cam1_20260426_205816.jpg,ambient,581,cam1_20260426_205823.jpg,,1,26.2,43,100,717,0,15,0.0,0.0,0,0.0,2,11.9,6.0,0.0,0.0,0,0,0,,2026-04-27 02:58:23
630,,LOT-20260425-651F-005,,,,Pepino,Hibrido F1,585,cam1_20260426_211318.jpg,ambient,587,cam1_20260426_211320.jpg,,1,26.2,43,100,718,0,15,0.0,0.0,0,0.0,2,12.0,6.0,0.0,0.0,0,0,0,,2026-04-27 03:13:21
638,,LOT-20260425-651F-005,,,,Pepino,Hibrido F1,591,cam1_20260426_212816.jpg,ambient,593,cam1_20260426_212821.jpg,,1,26.2,43,100,718,0,15,0.0,0.0,0,0.0,2,12.0,6.0,0.0,0.0,0,0,0,,2026-04-27 03:28:22
646,,LOT-20260425-651F-005,,,,Pepino,Hibrido F1,597,cam1_20260426_214316.jpg,ambient,599,cam1_20260426_214320.jpg,,1,26.2,43,100,718,0,15,0.0,0.0,0,0.0,2,12.0,6.0,0.0,0.0,0,0,0,,2026-04-27 03:43:21
654,,LOT-20260425-651F-005,,,,Pepino,Hibrido F1,603,cam1_20260426_215817.jpg,ambient,605,cam1_20260426_215821.jpg,,1,26.2,43,100,718,0,15,0.0,0.0,0,0.0,2,12.0,6.0,0.0,0.0,0,0,0,,2026-04-27 03:58:22
660,,LOT-20260425-651F-005,,,,Pepino,Hibrido F1,608,cam1_20260426_221316.jpg,ambient,610,cam1_20260426_221319.jpg,,1,26.2,43,100,718,0,15,0.0,0.0,0,0.0,2,12.0,6.0,0.0,0.0,0,0,0,,2026-04-27 04:13:20
670,,LOT-20260425-651F-005,,,,Pepino,Hibrido F1,615,cam1_20260426_222816.jpg,ambient,617,cam1_20260426_222820.jpg,,1,26.2,43,100,718,0,15,0.0,0.0,0,0.0,2,12.0,6.0,0.0,0.0,0,0,0,,2026-04-27 04:28:20
678,,LOT-20260425-651F-005,,,,Pepino,Hibrido F1,621,cam1_20260426_224317.jpg,ambient,623,cam1_20260426_224320.jpg,,1,26.2,43,100,718,0,15,0.0,0.0,0,0.0,2,12.0,6.0,0.0,0.0,0,0,0,,2026-04-27 04:43:21
686,,LOT-20260425-651F-005,,,,Pepino,Hibrido F1,627,cam1_20260426_225816.jpg,ambient,629,cam1_20260426_225820.jpg,,1,26.2,43,100,718,0,15,0.0,0.0,0,0.0,2,12.0,6.0,0.0,0.0,0,0,0,,2026-04-27 04:58:21
694,,LOT-20260425-651F-005,,,,Pepino,Hibrido F1,633,cam1_20260426_231316.jpg,ambient,635,cam1_20260426_231321.jpg,,1,26.2,43,100,718,0,15,0.0,0.0,0,0.0,2,12.0,6.0,0.0,0.0,0,0,0,,2026-04-27 05:13:22
702,,LOT-20260425-651F-005,,,,Pepino,Hibrido F1,639,cam1_20260426_232816.jpg,ambient,641,cam1_20260426_232820.jpg,,1,26.2,43,100,718,0,15,0.0,0.0,0,0.0,2,12.0,6.0,0.0,0.0,0,0,0,,2026-04-27 05:28:21
710,,LOT-20260425-651F-005,,,,Pepino,Hibrido F1,643,cam1_20260426_234502.jpg,ambient,645,cam1_20260426_234510.jpg,,1,26.2,43,100,718,0,15,0.0,0.0,0,0.0,2,12.0,6.0,0.0,0.0,0,0,0,,2026-04-27 05:45:10
718,,LOT-20260425-651F-005,,,,Pepino,Hibrido F1,647,cam1_20260427_000005.jpg,ambient,649,cam1_20260427_000013.jpg,,1,26.2,43,100,721,0,15,0.0,0.0,0,0.0,2,12.0,6.0,0.0,0.0,0,0,0,,2026-04-27 06:00:13
726,,LOT-20260425-651F-005,,,,Pepino,Hibrido F1,651,cam1_20260427_001505.jpg,ambient,653,cam1_20260427_001513.jpg,,1,26.2,43,100,721,0,15,0.0,0.0,0,0.0,2,12.0,6.0,0.0,0.0,0,0,0,,2026-04-27 06:15:14
734,,LOT-20260425-651F-005,,,,Pepino,Hibrido F1,655,cam1_20260427_003005.jpg,ambient,657,cam1_20260427_003010.jpg,,1,26.2,43,100,722,0,15,0.0,0.0,0,0.0,2,12.0,6.0,0.0,0.0,0,0,0,,2026-04-27 06:30:11
742,,LOT-20260425-651F-005,,,,Pepino,Hibrido F1,659,cam1_20260427_004505.jpg,ambient,661,cam1_20260427_004510.jpg,,1,26.2,43,100,722,0,15,0.0,0.0,0,0.0,2,12.0,6.0,0.0,0.0,0,0,0,,2026-04-27 06:45:11
750,,LOT-20260425-651F-005,,,,Pepino,Hibrido F1,663,cam1_20260427_010005.jpg,ambient,665,cam1_20260427_010010.jpg,,1,26.2,43,100,722,0,15,0.0,0.0,0,0.0,2,12.0,6.0,0.0,0.0,0,0,0,,2026-04-27 07:00:11
758,,LOT-20260425-651F-005,,,,Pepino,Hibrido F1,667,cam1_20260427_011505.jpg,ambient,669,cam1_20260427_011510.jpg,,1,26.2,43,100,722,0,15,0.0,0.0,0,0.0,2,12.0,6.0,0.0,0.0,0,0,0,,2026-04-27 07:15:11
766,,LOT-20260425-651F-005,,,,Pepino,Hibrido F1,671,cam1_20260427_013005.jpg,ambient,673,cam1_20260427_013010.jpg,,1,26.2,43,100,722,0,15,0.0,0.0,0,0.0,2,12.0,6.0,0.0,0.0,0,0,0,,2026-04-27 07:30:11
774,,LOT-20260425-651F-005,,,,Pepino,Hibrido F1,675,cam1_20260427_014505.jpg,ambient,677,cam1_20260427_014510.jpg,,1,26.2,43,100,722,0,15,0.0,0.0,0,0.0,2,12.0,6.0,0.0,0.0,0,0,0,,2026-04-27 07:45:11
782,,LOT-20260425-651F-005,,,,Pepino,Hibrido F1,679,cam1_20260427_020006.jpg,ambient,681,cam1_20260427_020011.jpg,,1,26.2,43,100,722,0,15,0.0,0.0,0,0.0,2,12.0,6.0,0.0,0.0,0,0,0,,2026-04-27 08:00:11
790,,LOT-20260425-651F-005,,,,Pepino,Hibrido F1,683,cam1_20260427_021505.jpg,ambient,685,cam1_20260427_021510.jpg,,1,26.2,43,100,722,0,15,0.0,0.0,0,0.0,2,12.0,6.0,0.0,0.0,0,0,0,,2026-04-27 08:15:11
798,,LOT-20260425-651F-005,,,,Pepino,Hibrido F1,687,cam1_20260427_023005.jpg,ambient,689,cam1_20260427_023010.jpg,,1,26.2,43,100,722,0,15,0.0,0.0,0,0.0,2,12.0,6.0,0.0,0.0,0,0,0,,2026-04-27 08:30:11
806,,LOT-20260425-651F-005,,,,Pepino,Hibrido F1,691,cam1_20260427_024505.jpg,ambient,693,cam1_20260427_024510.jpg,,1,26.2,43,100,722,0,15,0.0,0.0,0,0.0,2,12.0,6.0,0.0,0.0,0,0,0,,2026-04-27 08:45:11
814,,LOT-20260425-651F-005,,,,Pepino,Hibrido F1,695,cam1_20260427_030005.jpg,ambient,697,cam1_20260427_030010.jpg,,1,26.2,43,100,722,0,15,0.0,0.0,0,0.0,2,12.0,6.0,0.0,0.0,0,0,0,,2026-04-27 09:00:11
822,,LOT-20260425-651F-005,,,,Pepino,Hibrido F1,699,cam1_20260427_031505.jpg,ambient,701,cam1_20260427_031510.jpg,,1,26.2,43,100,722,0,15,0.0,0.0,0,0.0,2,12.0,6.0,0.0,0.0,0,0,0,,2026-04-27 09:15:11
830,,LOT-20260425-651F-005,,,,Pepino,Hibrido F1,703,cam1_20260427_033005.jpg,ambient,705,cam1_20260427_033010.jpg,,1,26.2,43,100,722,0,15,0.0,0.0,0,0.0,2,12.0,6.0,0.0,0.0,0,0,0,,2026-04-27 09:30:11
838,,LOT-20260425-651F-005,,,,Pepino,Hibrido F1,707,cam1_20260427_034505.jpg,ambient,709,cam1_20260427_034510.jpg,,1,26.2,43,100,722,0,15,0.0,0.0,0,0.0,2,12.0,6.0,0.0,0.0,0,0,0,,2026-04-27 09:45:11
846,,LOT-20260425-651F-005,,,,Pepino,Hibrido F1,711,cam1_20260427_040005.jpg,ambient,713,cam1_20260427_040010.jpg,,1,26.2,43,100,722,0,15,0.0,0.0,0,0.0,2,12.0,6.0,0.0,0.0,0,0,0,,2026-04-27 10:00:11
854,,LOT-20260425-651F-005,,,,Pepino,Hibrido F1,715,cam1_20260427_041505.jpg,ambient,717,cam1_20260427_041510.jpg,,1,26.2,43,100,722,0,15,0.0,0.0,0,0.0,2,12.0,6.0,0.0,0.0,0,0,0,,2026-04-27 10:15:11
858,,LOT-20260425-651F-005,,,,Pepino,Hibrido F1,718,cam1_20260427_043005.jpg,ambient,720,cam1_20260427_043008.jpg,,1,26.2,43,100,722,0,15,0.0,0.0,0,0.0,2,12.0,6.0,0.0,0.0,0,0,0,,2026-04-27 10:30:09
870,,LOT-20260425-651F-005,,,,Pepino,Hibrido F1,723,cam1_20260427_044506.jpg,ambient,725,cam1_20260427_044512.jpg,,1,26.2,43,100,722,0,15,0.0,0.0,0,0.0,2,12.0,6.0,0.0,0.0,0,0,0,,2026-04-27 10:45:12
878,,LOT-20260425-651F-005,,,,Pepino,Hibrido F1,727,cam1_20260427_050005.jpg,ambient,729,cam1_20260427_050011.jpg,,1,26.2,43,100,722,0,15,0.0,0.0,0,0.0,2,12.0,6.0,0.0,0.0,0,0,0,,2026-04-27 11:00:12
886,,LOT-20260425-651F-005,,,,Pepino,Hibrido F1,731,cam1_20260427_051505.jpg,ambient,733,cam1_20260427_051511.jpg,,1,26.2,43,100,722,0,15,0.0,0.0,0,0.0,2,12.0,6.0,0.0,0.0,0,0,0,,2026-04-27 11:15:12
894,,LOT-20260425-651F-005,,,,Pepino,Hibrido F1,735,cam1_20260427_053005.jpg,ambient,737,cam1_20260427_053010.jpg,,1,26.2,43,100,722,0,15,0.0,0.0,0,0.0,2,12.0,6.0,0.0,0.0,0,0,0,,2026-04-27 11:30:11
902,,LOT-20260425-651F-005,,,,Pepino,Hibrido F1,739,cam1_20260427_054505.jpg,ambient,741,cam1_20260427_054510.jpg,,1,26.2,43,100,722,0,15,0.0,0.0,0,0.0,2,12.0,6.0,0.0,0.0,0,0,0,,2026-04-27 11:45:11
910,,LOT-20260425-651F-005,,,,Pepino,Hibrido F1,743,cam1_20260427_060005.jpg,ambient,745,cam1_20260427_060010.jpg,,1,26.2,43,100,722,0,15,0.0,0.0,0,0.0,2,12.0,6.0,0.0,0.0,0,0,0,,2026-04-27 12:00:11
918,,LOT-20260425-651F-005,,,,Pepino,Hibrido F1,747,cam1_20260427_061505.jpg,ambient,749,cam1_20260427_061513.jpg,,1,26.2,43,100,722,0,15,0.0,0.0,0,0.0,2,12.0,6.0,0.0,0.0,0,0,0,,2026-04-27 12:15:14
926,,LOT-20260425-651F-005,,,,Pepino,Hibrido F1,751,cam1_20260427_063005.jpg,ambient,753,cam1_20260427_063012.jpg,,1,26.2,43,100,723,0,15,0.0,0.0,0,0.0,2,12.1,6.0,0.0,0.0,0,0,0,,2026-04-27 12:30:12
934,,LOT-20260425-651F-005,,,,Pepino,Hibrido F1,755,cam1_20260427_064505.jpg,ambient,757,cam1_20260427_064510.jpg,,1,26.2,43,100,723,0,15,0.0,0.0,0,0.0,2,12.1,6.0,0.0,0.0,0,0,0,,2026-04-27 12:45:11
942,,LOT-20260425-651F-005,,,,Pepino,Hibrido F1,759,cam1_20260427_070005.jpg,ambient,761,cam1_20260427_070010.jpg,,1,26.2,43,100,723,0,15,0.0,0.0,0,0.0,2,12.1,6.0,0.0,0.0,0,0,0,,2026-04-27 13:00:11
950,,LOT-20260425-651F-005,,,,Pepino,Hibrido F1,763,cam1_20260427_071506.jpg,ambient,765,cam1_20260427_071511.jpg,,1,26.2,43,100,723,0,15,0.0,0.0,0,0.0,2,12.1,6.0,0.0,0.0,0,0,0,,2026-04-27 13:15:11
958,,LOT-20260425-651F-005,,,,Pepino,Hibrido F1,767,cam1_20260427_073005.jpg,ambient,769,cam1_20260427_073010.jpg,,1,26.2,43,100,723,0,15,0.0,0.0,0,0.0,2,12.1,6.0,0.0,0.0,0,0,0,,2026-04-27 13:30:11
966,,LOT-20260425-651F-005,,,,Pepino,Hibrido F1,771,cam1_20260427_074505.jpg,ambient,773,cam1_20260427_074510.jpg,,1,26.2,43,100,723,0,15,0.0,0.0,0,0.0,2,12.1,6.0,0.0,0.0,0,0,0,,2026-04-27 13:45:11
974,,LOT-20260425-651F-005,,,,Pepino,Hibrido F1,775,cam1_20260427_080005.jpg,ambient,777,cam1_20260427_080010.jpg,,1,26.2,43,100,723,0,15,0.0,0.0,0,0.0,2,12.1,6.0,0.0,0.0,0,0,0,,2026-04-27 14:00:11
982,,LOT-20260425-651F-005,,,,Pepino,Hibrido F1,779,cam1_20260427_081506.jpg,ambient,781,cam1_20260427_081510.jpg,,1,26.2,43,100,738,0,15,0.0,0.0,0,0.0,2,12.3,6.2,0.0,0.0,0,0,0,,2026-04-27 14:15:11
990,,LOT-20260425-651F-005,,,,Pepino,Hibrido F1,783,cam1_20260427_083006.jpg,ambient,785,cam1_20260427_083011.jpg,,1,26.2,43,100,753,0,15,0.0,0.0,0,0.0,2,12.6,6.3,0.0,0.0,0,0,0,,2026-04-27 14:30:12
998,,LOT-20260425-651F-005,,,,Pepino,Hibrido F1,787,cam1_20260427_084505.jpg,ambient,789,cam1_20260427_084510.jpg,,1,26.2,43,100,768,0,15,0.0,0.0,0,0.0,2,12.8,6.4,0.0,0.0,0,0,0,,2026-04-27 14:45:10
1006,,LOT-20260425-651F-005,,,,Pepino,Hibrido F1,791,cam1_20260427_090006.jpg,ambient,793,cam1_20260427_090010.jpg,,1,26.2,43,100,782,0,15,0.0,0.0,0,0.0,2,13.0,6.5,0.0,0.0,0,0,0,,2026-04-27 15:00:10
1014,,LOT-20260425-651F-005,,,,Pepino,Hibrido F1,795,cam1_20260427_091505.jpg,ambient,797,cam1_20260427_091511.jpg,,1,26.2,43,100,797,0,15,0.0,0.0,0,0.0,2,13.3,6.6,0.0,0.0,0,0,0,,2026-04-27 15:15:12
1022,,LOT-20260425-651F-005,,,,Pepino,Hibrido F1,799,cam1_20260427_093005.jpg,ambient,801,cam1_20260427_093011.jpg,,1,26.2,43,100,812,0,15,0.0,0.0,0,0.0,2,13.5,6.8,0.0,0.0,0,0,0,,2026-04-27 15:30:12
1030,,LOT-20260425-651F-005,,,,Pepino,Hibrido F1,803,cam1_20260427_094505.jpg,ambient,805,cam1_20260427_094510.jpg,,1,26.2,43,100,827,0,15,0.0,0.0,0,0.0,2,13.8,6.9,0.0,0.0,0,0,0,,2026-04-27 15:45:10
1038,,LOT-20260425-651F-005,,,,Pepino,Hibrido F1,807,cam1_20260427_100005.jpg,ambient,809,cam1_20260427_100010.jpg,,1,26.2,43,100,842,0,15,0.0,0.0,0,0.0,2,14.0,7.0,0.0,0.0,0,0,0,,2026-04-27 16:00:10
1046,,LOT-20260425-651F-005,,,,Pepino,Hibrido F1,811,cam1_20260427_101505.jpg,ambient,813,cam1_20260427_101510.jpg,,1,26.2,43,100,857,0,15,0.0,0.0,0,0.0,2,14.3,7.1,0.0,0.0,0,0,0,,2026-04-27 16:15:10
1054,,LOT-20260425-651F-005,,,,Pepino,Hibrido F1,815,cam1_20260427_103005.jpg,ambient,817,cam1_20260427_103010.jpg,,1,26.2,43,100,872,0,15,0.0,0.0,0,0.0,2,14.5,7.3,0.0,0.0,0,0,0,,2026-04-27 16:30:10
1062,,LOT-20260425-651F-005,,,,Pepino,Hibrido F1,819,cam1_20260427_104505.jpg,ambient,821,cam1_20260427_104510.jpg,,1,26.2,43,100,887,0,15,0.0,0.0,0,0.0,2,14.8,7.4,0.0,0.0,0,0,0,,2026-04-27 16:45:10
1070,,LOT-20260425-651F-005,,,,Pepino,Hibrido F1,823,cam1_20260427_110006.jpg,ambient,825,cam1_20260427_110010.jpg,,1,26.2,43,100,902,0,15,0.0,0.0,0,0.0,2,15.0,7.5,0.0,0.0,0,0,0,,2026-04-27 17:00:10
1078,,LOT-20260425-651F-005,,,,Pepino,Hibrido F1,827,cam1_20260427_111506.jpg,ambient,829,cam1_20260427_111512.jpg,,1,26.2,43,100,917,0,15,0.0,0.0,0,0.0,2,15.3,7.6,0.0,0.0,0,0,0,,2026-04-27 17:15:12
1086,,LOT-20260425-651F-005,,,,Pepino,Hibrido F1,831,cam1_20260427_113006.jpg,ambient,833,cam1_20260427_113010.jpg,,1,26.2,43,100,932,0,15,0.0,0.0,0,0.0,2,15.5,7.8,0.0,0.0,0,0,0,,2026-04-27 17:30:10
1094,,LOT-20260425-651F-005,,,,Pepino,Hibrido F1,835,cam1_20260427_114506.jpg,ambient,837,cam1_20260427_114509.jpg,,1,26.2,43,100,947,0,15,0.0,0.0,0,0.0,2,15.8,7.9,0.0,0.0,0,0,0,,2026-04-27 17:45:10
1102,,LOT-20260425-651F-005,,,,Pepino,Hibrido F1,839,cam1_20260427_120006.jpg,ambient,841,cam1_20260427_120010.jpg,,1,26.2,43,100,962,0,15,0.0,0.0,0,0.0,2,16.0,8.0,0.0,0.0,0,0,0,,2026-04-27 18:00:10
1110,,LOT-20260425-651F-005,,,,Pepino,Hibrido F1,843,cam1_20260427_121506.jpg,ambient,845,cam1_20260427_121511.jpg,,1,26.2,43,100,976,0,15,0.0,0.0,0,0.0,2,16.3,8.1,0.0,0.0,0,0,0,,2026-04-27 18:15:11
1118,,LOT-20260425-651F-005,,,,Pepino,Hibrido F1,847,cam1_20260427_123006.jpg,ambient,849,cam1_20260427_123010.jpg,,1,26.2,43,100,991,0,15,0.0,0.0,0,0.0,2,16.5,8.3,0.0,0.0,0,0,0,,2026-04-27 18:30:10
1126,,LOT-20260425-651F-005,,,,Pepino,Hibrido F1,851,cam1_20260427_124506.jpg,ambient,853,cam1_20260427_124511.jpg,,1,26.2,43,100,1006,0,15,0.0,0.0,0,0.0,2,16.8,8.4,0.0,0.0,0,0,0,,2026-04-27 18:45:11
1134,,LOT-20260425-651F-005,,,,Pepino,Hibrido F1,855,cam1_20260427_130006.jpg,ambient,857,cam1_20260427_130010.jpg,,1,26.2,43,100,1021,0,15,0.0,0.0,0,0.0,2,17.0,8.5,0.0,0.0,0,0,0,,2026-04-27 19:00:10
1142,,LOT-20260425-651F-005,,,,Pepino,Hibrido F1,859,cam1_20260427_131506.jpg,ambient,861,cam1_20260427_131510.jpg,,1,26.2,43,100,1036,0,15,0.0,0.0,0,0.0,2,17.3,8.6,0.0,0.0,0,0,0,,2026-04-27 19:15:10
1150,,LOT-20260425-651F-005,,,,Pepino,Hibrido F1,863,cam1_20260427_133006.jpg,ambient,865,cam1_20260427_133010.jpg,,1,26.2,43,100,1051,0,15,0.0,0.0,0,0.0,2,17.5,8.8,0.0,0.0,0,0,0,,2026-04-27 19:30:10
1158,,LOT-20260425-651F-005,,,,Pepino,Hibrido F1,867,cam1_20260427_134506.jpg,ambient,869,cam1_20260427_134510.jpg,,1,26.2,43,100,1066,0,15,0.0,0.0,0,0.0,2,17.8,8.9,0.0,0.0,0,0,0,,2026-04-27 19:45:11
1166,,LOT-20260425-651F-005,,,,Pepino,Hibrido F1,871,cam1_20260427_140006.jpg,ambient,873,cam1_20260427_140010.jpg,,1,26.2,43,100,1081,0,15,0.0,0.0,0,0.0,2,18.0,9.0,0.0,0.0,0,0,0,,2026-04-27 20:00:10
1174,,LOT-20260425-651F-005,,,,Pepino,Hibrido F1,875,cam1_20260427_141506.jpg,ambient,877,cam1_20260427_141510.jpg,,1,26.2,43,100,1096,0,15,0.0,0.0,0,0.0,2,18.3,9.1,0.0,0.0,0,0,0,,2026-04-27 20:15:10
1182,,LOT-20260425-651F-005,,,,Pepino,Hibrido F1,879,cam1_20260427_143008.jpg,ambient,881,cam1_20260427_143011.jpg,,1,26.2,43,100,1111,0,15,0.0,0.0,0,0.0,2,18.5,9.3,0.0,0.0,0,0,0,,2026-04-27 20:30:11
1190,,LOT-20260425-651F-005,,,,Pepino,Hibrido F1,883,cam1_20260427_144506.jpg,ambient,885,cam1_20260427_144510.jpg,,1,26.2,43,100,1126,0,15,0.0,0.0,0,0.0,2,18.8,9.4,0.0,0.0,0,0,0,,2026-04-27 20:45:10
1198,,LOT-20260425-651F-005,,,,Pepino,Hibrido F1,887,cam1_20260427_150006.jpg,ambient,889,cam1_20260427_150010.jpg,,1,26.2,43,100,1141,0,15,0.0,0.0,0,0.0,2,19.0,9.5,0.0,0.0,0,0,0,,2026-04-27 21:00:10
1206,,LOT-20260425-651F-005,,,,Pepino,Hibrido F1,891,cam1_20260427_151506.jpg,ambient,893,cam1_20260427_151510.jpg,,1,26.2,43,100,1155,0,15,0.0,0.0,0,0.0,2,19.3,9.6,0.0,0.0,0,0,0,,2026-04-27 21:15:10
1214,,LOT-20260425-651F-005,,,,Pepino,Hibrido F1,895,cam1_20260427_153006.jpg,ambient,897,cam1_20260427_153010.jpg,,1,26.2,43,100,1170,0,15,0.0,0.0,0,0.0,2,19.5,9.8,0.0,0.0,0,0,0,,2026-04-27 21:30:10
1222,,LOT-20260425-651F-005,,,,Pepino,Hibrido F1,899,cam1_20260427_154506.jpg,ambient,901,cam1_20260427_154510.jpg,,1,26.2,43,100,1185,0,15,0.0,0.0,0,0.0,2,19.8,9.9,0.0,0.0,0,0,0,,2026-04-27 21:45:10
1226,,LOT-20260425-651F-005,,,,Pepino,Hibrido F1,902,cam1_20260427_160006.jpg,ambient,904,cam1_20260427_160010.jpg,,1,26.2,43,100,1200,0,15,0.0,0.0,0,0.0,2,20.0,10.0,0.0,0.0,0,0,0,,2026-04-27 22:00:10
1238,,LOT-20260425-651F-005,,,,Pepino,Hibrido F1,907,cam1_20260427_161506.jpg,ambient,909,cam1_20260427_161511.jpg,,1,26.2,43,100,1215,0,15,0.0,0.0,0,0.0,2,20.3,10.1,0.0,0.0,0,0,0,,2026-04-27 22:15:12
1246,,LOT-20260425-651F-005,,,,Pepino,Hibrido F1,911,cam1_20260427_163006.jpg,ambient,913,cam1_20260427_163010.jpg,,1,26.2,43,100,1230,0,15,0.0,0.0,0,0.0,2,20.5,10.3,0.0,0.0,0,0,0,,2026-04-27 22:30:10
1254,,LOT-20260425-651F-005,,,,Pepino,Hibrido F1,915,cam1_20260427_164506.jpg,ambient,917,cam1_20260427_164510.jpg,,1,26.2,43,100,1245,0,15,0.0,0.0,0,0.0,2,20.8,10.4,0.0,0.0,0,0,0,,2026-04-27 22:45:10
1262,,LOT-20260425-651F-005,,,,Pepino,Hibrido F1,919,cam1_20260427_170006.jpg,ambient,921,cam1_20260427_170011.jpg,,1,26.2,43,100,1260,0,15,0.0,0.0,0,0.0,2,21.0,10.5,0.0,0.0,0,0,0,,2026-04-27 23:00:12
1270,,LOT-20260425-651F-005,,,,Pepino,Hibrido F1,923,cam1_20260427_171506.jpg,ambient,925,cam1_20260427_171510.jpg,,1,26.2,43,100,1275,0,15,0.0,0.0,0,0.0,2,21.3,10.6,0.0,0.0,0,0,0,,2026-04-27 23:15:10
1278,,LOT-20260425-651F-005,,,,Pepino,Hibrido F1,927,cam1_20260427_173006.jpg,ambient,929,cam1_20260427_173010.jpg,,1,26.2,43,100,1290,0,15,0.0,0.0,0,0.0,2,21.5,10.8,0.0,0.0,0,0,0,,2026-04-27 23:30:10
1286,,LOT-20260425-651F-005,,,,Pepino,Hibrido F1,931,cam1_20260427_174506.jpg,ambient,933,cam1_20260427_174510.jpg,,1,26.2,43,100,1305,0,15,0.0,0.0,0,0.0,2,21.8,10.9,0.0,0.0,0,0,0,,2026-04-27 23:45:11
1294,,LOT-20260425-651F-005,,,,Pepino,Hibrido F1,935,cam1_20260427_180006.jpg,ambient,,,,1,26.2,43,100,1320,1,15,15.0,0.0,0,0.0,3,22.0,7.3,0.0,0.0,0,0,0,,2026-04-28 00:00:25
1302,,LOT-20260425-651F-005,,,,Pepino,Hibrido F1,938,cam1_20260427_181506.jpg,ambient,940,cam1_20260427_181510.jpg,,1,26.2,43,100,1334,0,15,0.0,0.0,0,0.0,3,22.2,7.4,0.0,0.0,0,0,0,,2026-04-28 00:15:10
1310,,LOT-20260425-651F-005,,,,Pepino,Hibrido F1,942,cam1_20260427_183006.jpg,ambient,944,cam1_20260427_183010.jpg,,1,26.2,43,100,1349,0,15,0.0,0.0,0,0.0,3,22.5,7.5,0.0,0.0,0,0,0,,2026-04-28 00:30:10
1318,,LOT-20260425-651F-005,,,,Pepino,Hibrido F1,946,cam1_20260427_184506.jpg,ambient,948,cam1_20260427_184510.jpg,,1,26.2,43,100,1364,0,15,0.0,0.0,0,0.0,3,22.7,7.6,0.0,0.0,0,0,0,,2026-04-28 00:45:10
1326,,LOT-20260425-651F-005,,,,Pepino,Hibrido F1,950,cam1_20260427_190006.jpg,ambient,952,cam1_20260427_190011.jpg,,1,26.2,43,100,1379,0,15,0.0,0.0,0,0.0,3,23.0,7.7,0.0,0.0,0,0,0,,2026-04-28 01:00:11
1334,,LOT-20260425-651F-005,,,,Pepino,Hibrido F1,954,cam1_20260427_191506.jpg,ambient,956,cam1_20260427_191510.jpg,,1,26.2,43,100,1394,0,15,0.0,0.0,0,0.0,3,23.2,7.7,0.0,0.0,0,0,0,,2026-04-28 01:15:10
1342,,LOT-20260425-651F-005,,,,Pepino,Hibrido F1,958,cam1_20260427_193006.jpg,ambient,960,cam1_20260427_193010.jpg,,1,26.2,43,100,1409,0,15,0.0,0.0,0,0.0,3,23.5,7.8,0.0,0.0,0,0,0,,2026-04-28 01:30:10
1350,,LOT-20260425-651F-005,,,,Pepino,Hibrido F1,962,cam1_20260427_194506.jpg,ambient,964,cam1_20260427_194510.jpg,,1,26.2,43,100,1424,0,15,0.0,0.0,0,0.0,3,23.7,7.9,0.0,0.0,0,0,0,,2026-04-28 01:45:10
1358,,LOT-20260425-651F-005,,,,Pepino,Hibrido F1,966,cam1_20260427_200006.jpg,ambient,968,cam1_20260427_200010.jpg,,1,26.2,43,100,1439,0,15,0.0,0.0,0,0.0,3,24.0,8.0,0.0,0.0,0,0,0,,2026-04-28 02:00:11
1366,,LOT-20260425-651F-005,,,,Pepino,Hibrido F1,970,cam1_20260427_201506.jpg,ambient,972,cam1_20260427_201510.jpg,,1,26.2,43,100,1439,0,15,0.0,0.0,0,0.0,3,24.0,8.0,0.0,0.0,0,0,0,,2026-04-28 02:15:11
1374,,LOT-20260425-651F-005,,,,Pepino,Hibrido F1,974,cam1_20260427_203006.jpg,ambient,976,cam1_20260427_203011.jpg,,1,26.2,43,100,1439,0,15,0.0,0.0,0,0.0,3,24.0,8.0,0.0,0.0,0,0,0,,2026-04-28 02:30:12
1382,,LOT-20260425-651F-005,,,,Pepino,Hibrido F1,978,cam1_20260427_204508.jpg,ambient,980,cam1_20260427_204512.jpg,,1,26.2,43,100,1439,0,15,0.0,0.0,0,0.0,3,24.0,8.0,0.0,0.0,0,0,0,,2026-04-28 02:45:12
1390,,LOT-20260425-651F-005,,,,Pepino,Hibrido F1,982,cam1_20260427_210007.jpg,ambient,984,cam1_20260427_210011.jpg,,1,26.2,43,100,1439,0,15,0.0,0.0,0,0.0,3,24.0,8.0,0.0,0.0,0,0,0,,2026-04-28 03:00:12
1398,,LOT-20260425-651F-005,,,,Pepino,Hibrido F1,986,cam1_20260427_211506.jpg,ambient,988,cam1_20260427_211510.jpg,,1,26.2,43,100,1444,0,15,0.0,0.0,0,0.0,3,24.1,8.0,0.0,0.0,0,0,0,,2026-04-28 03:15:11
1406,,LOT-20260425-651F-005,,,,Pepino,Hibrido F1,990,cam1_20260427_213006.jpg,ambient,992,cam1_20260427_213010.jpg,,1,26.2,43,100,1446,0,15,0.0,0.0,0,0.0,3,24.1,8.0,0.0,0.0,0,0,0,,2026-04-28 03:30:11
1414,,LOT-20260425-651F-005,,,,Pepino,Hibrido F1,994,cam1_20260427_214506.jpg,ambient,996,cam1_20260427_214510.jpg,,1,26.2,43,100,1446,0,15,0.0,0.0,0,0.0,3,24.1,8.0,0.0,0.0,0,0,0,,2026-04-28 03:45:10
1422,,LOT-20260425-651F-005,,,,Pepino,Hibrido F1,998,cam1_20260427_220006.jpg,ambient,1000,cam1_20260427_220010.jpg,,1,26.2,43,100,1446,0,15,0.0,0.0,0,0.0,3,24.1,8.0,0.0,0.0,0,0,0,,2026-04-28 04:00:11
1430,,LOT-20260425-651F-005,,,,Pepino,Hibrido F1,1002,cam1_20260427_221506.jpg,ambient,1004,cam1_20260427_221510.jpg,,1,26.2,43,100,1446,0,15,0.0,0.0,0,0.0,3,24.1,8.0,0.0,0.0,0,0,0,,2026-04-28 04:15:11
1438,,LOT-20260425-651F-005,,,,Pepino,Hibrido F1,1006,cam1_20260427_223043.jpg,ambient,1008,cam1_20260427_223049.jpg,,1,26.2,43,100,1446,0,15,0.0,0.0,0,0.0,3,24.1,8.0,0.0,0.0,0,0,0,,2026-04-28 04:30:50
1446,,LOT-20260425-651F-005,,,,Pepino,Hibrido F1,1010,cam1_20260427_224542.jpg,ambient,1012,cam1_20260427_224547.jpg,,1,26.2,43,100,1446,0,15,0.0,0.0,0,0.0,3,24.1,8.0,0.0,0.0,0,0,0,,2026-04-28 04:45:47
1454,,LOT-20260425-651F-005,,,,Pepino,Hibrido F1,1014,cam1_20260427_230042.jpg,ambient,1016,cam1_20260427_230047.jpg,,1,26.2,43,100,1446,0,15,0.0,0.0,0,0.0,3,24.1,8.0,0.0,0.0,0,0,0,,2026-04-28 05:00:47
1462,,LOT-20260425-651F-005,,,,Pepino,Hibrido F1,1018,cam1_20260427_231542.jpg,ambient,1020,cam1_20260427_231547.jpg,,1,26.2,43,100,1446,0,15,0.0,0.0,0,0.0,3,24.1,8.0,0.0,0.0,0,0,0,,2026-04-28 05:15:47
1470,,LOT-20260425-651F-005,,,,Pepino,Hibrido F1,1022,cam1_20260427_233042.jpg,ambient,1024,cam1_20260427_233046.jpg,,1,26.2,43,100,1446,0,15,0.0,0.0,0,0.0,3,24.1,8.0,0.0,0.0,0,0,0,,2026-04-28 05:30:47
1478,,LOT-20260425-651F-005,,,,Pepino,Hibrido F1,1026,cam1_20260427_234542.jpg,ambient,1028,cam1_20260427_234547.jpg,,1,26.2,43,100,1446,0,15,0.0,0.0,0,0.0,3,24.1,8.0,0.0,0.0,0,0,0,,2026-04-28 05:45:47
1486,,LOT-20260425-651F-005,,,,Pepino,Hibrido F1,1030,cam1_20260428_000042.jpg,ambient,1032,cam1_20260428_000047.jpg,,1,26.2,43,100,1446,0,15,0.0,0.0,0,0.0,3,24.1,8.0,0.0,0.0,0,0,0,,2026-04-28 06:00:47
1494,,LOT-20260425-651F-005,,,,Pepino,Hibrido F1,1034,cam1_20260428_001542.jpg,ambient,1036,cam1_20260428_001549.jpg,,1,26.2,43,100,1446,0,15,0.0,0.0,0,0.0,3,24.1,8.0,0.0,0.0,0,0,0,,2026-04-28 06:15:50
1502,,LOT-20260425-651F-005,,,,Pepino,Hibrido F1,1038,cam1_20260428_003042.jpg,ambient,1040,cam1_20260428_003047.jpg,,1,26.2,43,100,1446,0,15,0.0,0.0,0,0.0,3,24.1,8.0,0.0,0.0,0,0,0,,2026-04-28 06:30:47
1510,,LOT-20260425-651F-005,,,,Pepino,Hibrido F1,1042,cam1_20260428_004542.jpg,ambient,1044,cam1_20260428_004547.jpg,,1,26.2,43,100,1446,0,15,0.0,0.0,0,0.0,3,24.1,8.0,0.0,0.0,0,0,0,,2026-04-28 06:45:47
1518,,LOT-20260425-651F-005,,,,Pepino,Hibrido F1,1046,cam1_20260428_010042.jpg,ambient,1048,cam1_20260428_010046.jpg,,1,26.2,43,100,1447,0,15,0.0,0.0,0,0.0,3,24.1,8.0,0.0,0.0,0,0,0,,2026-04-28 07:00:47
1526,,LOT-20260425-651F-005,,,,Pepino,Hibrido F1,1050,cam1_20260428_011542.jpg,ambient,1052,cam1_20260428_011546.jpg,,1,26.2,43,100,1447,0,15,0.0,0.0,0,0.0,3,24.1,8.0,0.0,0.0,0,0,0,,2026-04-28 07:15:47
1534,,LOT-20260425-651F-005,,,,Pepino,Hibrido F1,1054,cam1_20260428_013042.jpg,ambient,1056,cam1_20260428_013047.jpg,,1,26.2,43,100,1447,0,15,0.0,0.0,0,0.0,3,24.1,8.0,0.0,0.0,0,0,0,,2026-04-28 07:30:47
1542,,LOT-20260425-651F-005,,,,Pepino,Hibrido F1,1058,cam1_20260428_014542.jpg,ambient,1060,cam1_20260428_014546.jpg,,1,26.2,43,100,1447,0,15,0.0,0.0,0,0.0,3,24.1,8.0,0.0,0.0,0,0,0,,2026-04-28 07:45:47
1550,,LOT-20260425-651F-005,,,,Pepino,Hibrido F1,1062,cam1_20260428_020042.jpg,ambient,1064,cam1_20260428_020046.jpg,,1,26.2,43,100,1447,0,15,0.0,0.0,0,0.0,3,24.1,8.0,0.0,0.0,0,0,0,,2026-04-28 08:00:47
1558,,LOT-20260425-651F-005,,,,Pepino,Hibrido F1,1066,cam1_20260428_021542.jpg,ambient,1068,cam1_20260428_021546.jpg,,1,26.2,43,100,1447,0,15,0.0,0.0,0,0.0,3,24.1,8.0,0.0,0.0,0,0,0,,2026-04-28 08:15:47
1566,,LOT-20260425-651F-005,,,,Pepino,Hibrido F1,1070,cam1_20260428_023042.jpg,ambient,1072,cam1_20260428_023047.jpg,,1,26.2,43,100,1447,0,15,0.0,0.0,0,0.0,3,24.1,8.0,0.0,0.0,0,0,0,,2026-04-28 08:30:47
1574,,LOT-20260425-651F-005,,,,Pepino,Hibrido F1,1074,cam1_20260428_024542.jpg,ambient,1076,cam1_20260428_024546.jpg,,1,26.2,43,100,1447,0,15,0.0,0.0,0,0.0,3,24.1,8.0,0.0,0.0,0,0,0,,2026-04-28 08:45:47
1582,,LOT-20260425-651F-005,,,,Pepino,Hibrido F1,1078,cam1_20260428_030043.jpg,ambient,1080,cam1_20260428_030047.jpg,,1,26.2,43,100,1447,0,15,0.0,0.0,0,0.0,3,24.1,8.0,0.0,0.0,0,0,0,,2026-04-28 09:00:47
1590,,LOT-20260425-651F-005,,,,Pepino,Hibrido F1,1082,cam1_20260428_031542.jpg,ambient,1084,cam1_20260428_031547.jpg,,1,26.2,43,100,1447,0,15,0.0,0.0,0,0.0,3,24.1,8.0,0.0,0.0,0,0,0,,2026-04-28 09:15:47
1598,,LOT-20260425-651F-005,,,,Pepino,Hibrido F1,1086,cam1_20260428_033042.jpg,ambient,1088,cam1_20260428_033046.jpg,,1,26.2,43,100,1447,0,15,0.0,0.0,0,0.0,3,24.1,8.0,0.0,0.0,0,0,0,,2026-04-28 09:30:47
1606,,LOT-20260425-651F-005,,,,Pepino,Hibrido F1,1090,cam1_20260428_034543.jpg,ambient,1092,cam1_20260428_034547.jpg,,1,26.2,43,100,1447,0,15,0.0,0.0,0,0.0,3,24.1,8.0,0.0,0.0,0,0,0,,2026-04-28 09:45:48
1614,,LOT-20260425-651F-005,,,,Pepino,Hibrido F1,1094,cam1_20260428_040043.jpg,ambient,1096,cam1_20260428_040047.jpg,,1,26.2,43,100,1447,0,15,0.0,0.0,0,0.0,3,24.1,8.0,0.0,0.0,0,0,0,,2026-04-28 10:00:47
1622,,LOT-20260425-651F-005,,,,Pepino,Hibrido F1,1098,cam1_20260428_041542.jpg,ambient,1100,cam1_20260428_041547.jpg,,1,26.2,43,100,1447,0,15,0.0,0.0,0,0.0,3,24.1,8.0,0.0,0.0,0,0,0,,2026-04-28 10:15:47
1630,,LOT-20260425-651F-005,,,,Pepino,Hibrido F1,1102,cam1_20260428_043042.jpg,ambient,1104,cam1_20260428_043047.jpg,,1,26.2,43,100,1447,0,15,0.0,0.0,0,0.0,3,24.1,8.0,0.0,0.0,0,0,0,,2026-04-28 10:30:47
1638,,LOT-20260425-651F-005,,,,Pepino,Hibrido F1,1106,cam1_20260428_044542.jpg,ambient,1108,cam1_20260428_044547.jpg,,1,26.2,43,100,1447,0,15,0.0,0.0,0,0.0,3,24.1,8.0,0.0,0.0,0,0,0,,2026-04-28 10:45:47
1646,,LOT-20260425-651F-005,,,,Pepino,Hibrido F1,1110,cam1_20260428_050042.jpg,ambient,1112,cam1_20260428_050047.jpg,,1,26.2,43,100,1447,0,15,0.0,0.0,0,0.0,3,24.1,8.0,0.0,0.0,0,0,0,,2026-04-28 11:00:47
1654,,LOT-20260425-651F-005,,,,Pepino,Hibrido F1,1114,cam1_20260428_051542.jpg,ambient,1116,cam1_20260428_051547.jpg,,1,26.2,43,100,1447,0,15,0.0,0.0,0,0.0,3,24.1,8.0,0.0,0.0,0,0,0,,2026-04-28 11:15:47
1662,,LOT-20260425-651F-005,,,,Pepino,Hibrido F1,1118,cam1_20260428_053042.jpg,ambient,1120,cam1_20260428_053047.jpg,,1,26.2,43,100,1447,0,15,0.0,0.0,0,0.0,3,24.1,8.0,0.0,0.0,0,0,0,,2026-04-28 11:30:47
1670,,LOT-20260425-651F-005,,,,Pepino,Hibrido F1,1122,cam1_20260428_054542.jpg,ambient,1124,cam1_20260428_054547.jpg,,1,26.2,43,100,1447,0,15,0.0,0.0,0,0.0,3,24.1,8.0,0.0,0.0,0,0,0,,2026-04-28 11:45:47
1678,,LOT-20260425-651F-005,,,,Pepino,Hibrido F1,1126,cam1_20260428_060042.jpg,ambient,1128,cam1_20260428_060047.jpg,,1,26.2,43,100,1447,0,15,0.0,0.0,0,0.0,3,24.1,8.0,0.0,0.0,0,0,0,,2026-04-28 12:00:47
1686,,LOT-20260425-651F-005,,,,Pepino,Hibrido F1,1130,cam1_20260428_061542.jpg,ambient,1132,cam1_20260428_061547.jpg,,1,26.2,43,100,1447,0,15,0.0,0.0,0,0.0,3,24.1,8.0,0.0,0.0,0,0,0,,2026-04-28 12:15:47
1694,,LOT-20260425-651F-005,,,,Pepino,Hibrido F1,1134,cam1_20260428_063042.jpg,ambient,1136,cam1_20260428_063047.jpg,,1,26.2,43,100,1447,0,15,0.0,0.0,0,0.0,3,24.1,8.0,0.0,0.0,0,0,0,,2026-04-28 12:30:47
1702,,LOT-20260425-651F-005,,,,Pepino,Hibrido F1,1138,cam1_20260428_064542.jpg,ambient,1140,cam1_20260428_064547.jpg,,1,26.2,43,100,1447,0,15,0.0,0.0,0,0.0,3,24.1,8.0,0.0,0.0,0,0,0,,2026-04-28 12:45:47
1710,,LOT-20260425-651F-005,,,,Pepino,Hibrido F1,1142,cam1_20260428_070042.jpg,ambient,1144,cam1_20260428_070047.jpg,,1,26.2,43,100,1447,0,15,0.0,0.0,0,0.0,3,24.1,8.0,0.0,0.0,0,0,0,,2026-04-28 13:00:47
1718,,LOT-20260425-651F-005,,,,Pepino,Hibrido F1,1146,cam1_20260428_071542.jpg,ambient,1148,cam1_20260428_071547.jpg,,1,26.2,43,100,1448,0,15,0.0,0.0,0,0.0,3,24.1,8.0,0.0,0.0,0,0,0,,2026-04-28 13:15:47
1726,,LOT-20260425-651F-005,,,,Pepino,Hibrido F1,1150,cam1_20260428_073042.jpg,ambient,1152,cam1_20260428_073047.jpg,,1,26.2,43,100,1448,0,15,0.0,0.0,0,0.0,3,24.1,8.0,0.0,0.0,0,0,0,,2026-04-28 13:30:47
1734,,LOT-20260425-651F-005,,,,Pepino,Hibrido F1,1154,cam1_20260428_074542.jpg,ambient,1156,cam1_20260428_074547.jpg,,1,26.2,43,100,1448,0,15,0.0,0.0,0,0.0,3,24.1,8.0,0.0,0.0,0,0,0,,2026-04-28 13:45:47
1742,,LOT-20260425-651F-005,,,,Pepino,Hibrido F1,1158,cam1_20260428_080042.jpg,ambient,1160,cam1_20260428_080047.jpg,,1,26.2,43,100,1448,0,15,0.0,0.0,0,0.0,3,24.1,8.0,0.0,0.0,0,0,0,,2026-04-28 14:00:47
1750,,LOT-20260425-651F-005,,,,Pepino,Hibrido F1,1162,cam1_20260428_081543.jpg,ambient,1164,cam1_20260428_081547.jpg,,1,26.2,43,100,1463,0,15,0.0,0.0,0,0.0,3,24.4,8.1,0.0,0.0,0,0,0,,2026-04-28 14:15:47
1758,,LOT-20260425-651F-005,,,,Pepino,Hibrido F1,1166,cam1_20260428_083042.jpg,ambient,1168,cam1_20260428_083047.jpg,,1,26.2,43,100,1478,0,15,0.0,0.0,0,0.0,3,24.6,8.2,0.0,0.0,0,0,0,,2026-04-28 14:30:47
1762,,LOT-20260425-651F-005,,,,Pepino,Hibrido F1,1169,cam1_20260428_084543.jpg,ambient,1171,cam1_20260428_084546.jpg,,1,26.2,43,100,1493,0,15,0.0,0.0,0,0.0,3,24.9,8.3,0.0,0.0,0,0,0,,2026-04-28 14:45:47
1774,,LOT-20260425-651F-005,,,,Pepino,Hibrido F1,1174,cam1_20260428_090042.jpg,ambient,1176,cam1_20260428_090048.jpg,,1,26.2,43,100,1508,0,15,0.0,0.0,0,0.0,3,25.1,8.4,0.0,0.0,0,0,0,,2026-04-28 15:00:49
1778,,LOT-20260425-651F-005,,,,Pepino,Hibrido F1,1177,cam1_20260428_091542.jpg,ambient,1179,cam1_20260428_091546.jpg,,1,26.2,43,100,1523,0,15,0.0,0.0,0,0.0,3,25.4,8.5,0.0,0.0,0,0,0,,2026-04-28 15:15:46
1790,,LOT-20260425-651F-005,,,,Pepino,Hibrido F1,1182,cam1_20260428_093043.jpg,ambient,1184,cam1_20260428_093048.jpg,,1,26.2,43,100,1538,0,15,0.0,0.0,0,0.0,3,25.6,8.5,0.0,0.0,0,0,0,,2026-04-28 15:30:49
1798,,LOT-20260425-651F-005,,,,Pepino,Hibrido F1,1186,cam1_20260428_103828.jpg,ambient,1188,cam1_20260428_103833.jpg,,1,26.2,43,100,1605,0,15,0.0,0.0,0,0.0,3,26.8,8.9,0.0,0.0,0,0,0,,2026-04-28 16:38:33
1806,,LOT-20260425-651F-005,,,,Pepino,Hibrido F1,1190,cam1_20260428_105328.jpg,ambient,1192,cam1_20260428_105333.jpg,,1,26.2,43,100,1620,0,15,0.0,0.0,0,0.0,3,27.0,9.0,0.0,0.0,0,0,0,,2026-04-28 16:53:33
1814,,LOT-20260425-651F-005,,,,Pepino,Hibrido F1,1194,cam1_20260428_110828.jpg,ambient,1196,cam1_20260428_110834.jpg,,1,26.2,43,100,1635,0,15,0.0,0.0,0,0.0,3,27.3,9.1,0.0,0.0,0,0,0,,2026-04-28 17:08:35
1822,,LOT-20260425-651F-005,,,,Pepino,Hibrido F1,1198,cam1_20260428_112328.jpg,ambient,1200,cam1_20260428_112334.jpg,,1,26.2,43,100,1650,0,15,0.0,0.0,0,0.0,3,27.5,9.2,0.0,0.0,0,0,0,,2026-04-28 17:23:34
1830,,LOT-20260425-651F-005,,,,Pepino,Hibrido F1,1202,cam1_20260428_113828.jpg,ambient,1204,cam1_20260428_113832.jpg,,1,26.2,43,100,1665,0,15,0.0,0.0,0,0.0,3,27.8,9.3,0.0,0.0,0,0,0,,2026-04-28 17:38:33
1834,,LOT-20260425-651F-005,,,,Pepino,Hibrido F1,1205,cam1_20260428_115328.jpg,ambient,1206,cam1_20260428_115331.jpg,,1,26.2,43,100,1680,0,15,0.0,0.0,0,0.0,3,28.0,9.3,0.0,0.0,0,0,0,,2026-04-28 17:53:31
1846,,LOT-20260425-651F-005,,,,Pepino,Hibrido F1,1210,cam1_20260428_120828.jpg,ambient,1212,cam1_20260428_120832.jpg,,1,26.2,43,100,1695,0,15,0.0,0.0,0,0.0,3,28.3,9.4,0.0,0.0,0,0,0,,2026-04-28 18:08:33
1854,,LOT-20260425-651F-005,,,,Pepino,Hibrido F1,1214,cam1_20260428_122328.jpg,ambient,1216,cam1_20260428_122333.jpg,,1,26.2,43,100,1710,0,15,0.0,0.0,0,0.0,3,28.5,9.5,0.0,0.0,0,0,0,,2026-04-28 18:23:34
1858,,LOT-20260425-651F-005,,,,Pepino,Hibrido F1,1217,cam1_20260428_123828.jpg,ambient,1219,cam1_20260428_123830.jpg,,1,26.2,43,100,1725,0,15,0.0,0.0,0,0.0,3,28.8,9.6,0.0,0.0,0,0,0,,2026-04-28 18:38:31
1870,,LOT-20260425-651F-005,,,,Pepino,Hibrido F1,1222,cam1_20260428_125328.jpg,ambient,1224,cam1_20260428_125333.jpg,,1,26.2,43,100,1740,0,15,0.0,0.0,0,0.0,3,29.0,9.7,0.0,0.0,0,0,0,,2026-04-28 18:53:33
1878,,LOT-20260425-651F-005,,,,Pepino,Hibrido F1,1226,cam1_20260428_130829.jpg,ambient,1228,cam1_20260428_130833.jpg,,1,26.2,43,100,1755,0,15,0.0,0.0,0,0.0,3,29.3,9.8,0.0,0.0,0,0,0,,2026-04-28 19:08:34
1882,,LOT-20260425-651F-005,,,,Pepino,Hibrido F1,1229,cam1_20260428_132328.jpg,ambient,1231,cam1_20260428_132330.jpg,,1,26.2,43,100,1770,0,15,0.0,0.0,0,0.0,3,29.5,9.8,0.0,0.0,0,0,0,,2026-04-28 19:23:31
1890,,LOT-20260425-651F-005,,,,Pepino,Hibrido F1,1233,cam1_20260428_133917.jpg,ambient,1235,cam1_20260428_133920.jpg,,1,26.2,43,100,1785,0,15,0.0,0.0,0,0.0,3,29.8,9.9,0.0,0.0,0,0,0,,2026-04-28 19:39:20
1902,,LOT-20260425-651F-005,,,,Pepino,Hibrido F1,1238,cam1_20260428_135550.jpg,ambient,1240,cam1_20260428_135555.jpg,,1,30,43,28.9,1801,0,15,0.0,0.0,0,0.0,3,30.0,10.0,0.0,0.0,0,0,0,,2026-04-28 19:55:55
1910,,LOT-20260425-651F-005,,,,Pepino,Hibrido F1,1242,cam1_20260428_141050.jpg,ambient,1244,cam1_20260428_141054.jpg,,1,30,41,30.2,1816,0,15,0.0,0.0,0,0.0,3,30.3,10.1,0.0,0.0,0,0,0,,2026-04-28 20:10:55
1918,,LOT-20260425-651F-005,,,,Pepino,Hibrido F1,1246,cam1_20260428_142647.jpg,ambient,1248,cam1_20260428_142652.jpg,,1,30.3,43,28.5,1832,0,15,0.0,0.0,0,0.0,3,30.5,10.2,0.0,0.0,0,0,0,,2026-04-28 20:26:53
1926,,LOT-20260425-651F-005,,,,Pepino,Hibrido F1,1250,cam1_20260428_144150.jpg,ambient,1252,cam1_20260428_144152.jpg,,1,30.2,40,29.4,1847,0,15,0.0,0.0,0,0.0,3,30.8,10.3,0.0,0.0,0,0,0,,2026-04-28 20:41:53
1934,,LOT-20260425-651F-005,,,,Pepino,Hibrido F1,1254,cam1_20260428_145648.jpg,ambient,1256,cam1_20260428_145652.jpg,,1,30.2,40,30.5,1862,0,15,0.0,0.0,0,0.0,3,31.0,10.3,0.0,0.0,0,0,0,,2026-04-28 20:56:53
1942,,LOT-20260425-651F-005,,,,Pepino,Hibrido F1,1258,cam1_20260428_151148.jpg,ambient,1260,cam1_20260428_151152.jpg,,1,30.2,39,29.7,1877,0,15,0.0,0.0,0,0.0,3,31.3,10.4,0.0,0.0,0,0,0,,2026-04-28 21:11:53
1950,,LOT-20260425-651F-005,,,,Pepino,Hibrido F1,1262,cam1_20260428_152648.jpg,ambient,1264,cam1_20260428_152652.jpg,,1,30.2,38,29.8,1892,0,15,0.0,0.0,0,0.0,3,31.5,10.5,0.0,0.0,0,0,0,,2026-04-28 21:26:53
1958,,LOT-20260425-651F-005,,,,Pepino,Hibrido F1,1266,cam1_20260428_154148.jpg,ambient,1268,cam1_20260428_154152.jpg,,1,30.3,38,29.5,1907,0,15,0.0,0.0,0,0.0,3,31.8,10.6,0.0,0.0,0,0,0,,2026-04-28 21:41:52
1966,,LOT-20260425-651F-005,,,,Pepino,Hibrido F1,1270,cam1_20260428_155648.jpg,ambient,1272,cam1_20260428_155652.jpg,,1,30.5,39,29.9,1922,0,15,0.0,0.0,0,0.0,3,32.0,10.7,0.0,0.0,0,0,0,,2026-04-28 21:56:53
1974,,LOT-20260425-651F-005,,,,Pepino,Hibrido F1,1274,cam1_20260428_161148.jpg,ambient,1276,cam1_20260428_161155.jpg,,1,30.5,40,30,1937,0,15,0.0,0.0,0,0.0,3,32.3,10.8,0.0,0.0,0,0,0,,2026-04-28 22:11:55
1982,,LOT-20260425-651F-005,,,,Pepino,Hibrido F1,1278,cam1_20260428_162710.jpg,ambient,1280,cam1_20260428_162714.jpg,,1,30.5,35,27.8,1952,0,15,0.0,0.0,0,0.0,3,32.5,10.8,0.0,0.0,0,0,0,,2026-04-28 22:27:15
1990,,LOT-20260425-651F-005,,,,Pepino,Hibrido F1,1282,cam1_20260428_164210.jpg,ambient,1284,cam1_20260428_164216.jpg,,1,28.2,33,28.2,1967,0,15,0.0,0.0,0,0.0,3,32.8,10.9,0.0,0.0,0,0,0,,2026-04-28 22:42:16
1998,,LOT-20260425-651F-005,,,,Pepino,Hibrido F1,1286,cam1_20260428_165756.jpg,ambient,1288,cam1_20260428_165801.jpg,,1,27.6,33,23.4,1982,0,15,0.0,0.0,0,0.0,3,33.0,11.0,0.0,0.0,0,0,0,,2026-04-28 22:58:01
2006,,LOT-20260425-651F-005,,,,Pepino,Hibrido F1,1290,cam1_20260428_171256.jpg,ambient,1292,cam1_20260428_171301.jpg,,1,27.3,34,22.1,1997,0,15,0.0,0.0,0,0.0,3,33.3,11.1,0.0,0.0,0,0,0,,2026-04-28 23:13:01
2014,,LOT-20260425-651F-005,,,,Pepino,Hibrido F1,1294,cam1_20260428_172756.jpg,ambient,1296,cam1_20260428_172801.jpg,,1,27.3,41,22.5,2012,0,15,0.0,0.0,0,0.0,3,33.5,11.2,0.0,0.0,0,0,0,,2026-04-28 23:28:01
2022,,LOT-20260425-651F-005,,,,Pepino,Hibrido F1,1298,cam1_20260428_174256.jpg,ambient,1300,cam1_20260428_174301.jpg,,1,28.2,40,20.6,2027,0,15,0.0,0.0,0,0.0,3,33.8,11.3,0.0,0.0,0,0,0,,2026-04-28 23:43:01
2030,,LOT-20260425-651F-005,,,,Pepino,Hibrido F1,1302,cam1_20260428_175756.jpg,ambient,1304,cam1_20260428_175801.jpg,,1,28.7,46,20.7,2042,0,15,0.0,0.0,0,0.0,4,34.0,8.5,0.0,0.0,0,0,0,,2026-04-28 23:58:01
2038,,LOT-20260425-651F-005,,,,Pepino,Hibrido F1,1306,cam1_20260428_181258.jpg,ambient,1308,cam1_20260428_181301.jpg,,1,29.2,45,21.8,2057,1,15,15.0,0.0,0,0.0,4,34.3,8.6,0.0,0.0,0,0,0,,2026-04-29 00:13:01
2046,,LOT-20260425-651F-005,,,,Pepino,Hibrido F1,1310,cam1_20260428_182756.jpg,ambient,1312,cam1_20260428_182801.jpg,,1,29.5,43,20.1,2072,0,15,0.0,0.0,0,0.0,4,34.5,8.6,0.0,0.0,0,0,0,,2026-04-29 00:28:01
2054,,LOT-20260425-651F-005,,,,Pepino,Hibrido F1,1314,cam1_20260428_184257.jpg,ambient,1316,cam1_20260428_184301.jpg,,1,29.6,43,20.5,2087,0,15,0.0,0.0,0,0.0,4,34.8,8.7,0.0,0.0,0,0,0,,2026-04-29 00:43:01
2062,,LOT-20260425-651F-005,,,,Pepino,Hibrido F1,1318,cam1_20260428_185757.jpg,ambient,1320,cam1_20260428_185801.jpg,,1,29.6,45,22.3,2102,0,15,0.0,0.0,0,0.0,4,35.0,8.8,0.0,0.0,0,0,0,,2026-04-29 00:58:02
2070,,LOT-20260425-651F-005,,,,Pepino,Hibrido F1,1322,cam1_20260428_191256.jpg,ambient,1324,cam1_20260428_191301.jpg,,1,29.7,49,20.7,2117,0,15,0.0,0.0,0,0.0,4,35.3,8.8,0.0,0.0,0,0,0,,2026-04-29 01:13:02
2078,,LOT-20260425-651F-005,,,,Pepino,Hibrido F1,1326,cam1_20260428_192758.jpg,ambient,1328,cam1_20260428_192801.jpg,,1,29.8,43,19.7,2132,0,15,0.0,0.0,0,0.0,4,35.5,8.9,0.0,0.0,0,0,0,,2026-04-29 01:28:02
2082,,LOT-20260425-651F-005,,,,Pepino,Hibrido F1,1329,cam1_20260428_194257.jpg,ambient,1330,cam1_20260428_194259.jpg,,1,29.8,41,20.2,2147,0,15,0.0,0.0,0,0.0,4,35.8,8.9,0.0,0.0,0,0,0,,2026-04-29 01:42:59
2086,,LOT-20260425-651F-005,,,,Pepino,Hibrido F1,1331,cam1_20260428_195756.jpg,ambient,1332,cam1_20260428_195800.jpg,,1,29.9,44,19,2162,0,15,0.0,0.0,0,0.0,4,36.0,9.0,0.0,0.0,0,0,0,,2026-04-29 01:58:01
2090,,LOT-20260425-651F-005,,,,Pepino,Hibrido F1,1333,cam1_20260428_201257.jpg,ambient,1335,cam1_20260428_201259.jpg,,1,29.6,44,19.9,2164,0,15,0.0,0.0,0,0.0,4,36.1,9.0,0.0,0.0,0,0,0,,2026-04-29 02:13:00
2102,,LOT-20260425-651F-005,,,,Pepino,Hibrido F1,1338,cam1_20260428_202757.jpg,ambient,1340,cam1_20260428_202801.jpg,,1,29.5,46,100,2167,0,15,0.0,0.0,0,0.0,4,36.1,9.0,0.0,0.0,0,0,0,,2026-04-29 02:28:01
2110,,LOT-20260425-651F-005,,,,Pepino,Hibrido F1,1342,cam1_20260428_204257.jpg,ambient,1344,cam1_20260428_204301.jpg,,1,29.2,48,100,2168,0,15,0.0,0.0,0,0.0,4,36.1,9.0,0.0,0.0,0,0,0,,2026-04-29 02:43:01
2118,,LOT-20260425-651F-005,,,,Pepino,Hibrido F1,1346,cam1_20260428_205757.jpg,ambient,1348,cam1_20260428_205801.jpg,,1,29,51,100,2168,0,15,0.0,0.0,0,0.0,4,36.1,9.0,0.0,0.0,0,0,0,,2026-04-29 02:58:01
2126,,LOT-20260425-651F-005,,,,Pepino,Hibrido F1,1350,cam1_20260428_211257.jpg,ambient,1352,cam1_20260428_211301.jpg,,1,29,48,100,2168,0,15,0.0,0.0,0,0.0,4,36.1,9.0,0.0,0.0,0,0,0,,2026-04-29 03:13:01
2134,,LOT-20260425-651F-005,,,,Pepino,Hibrido F1,1354,cam1_20260428_212757.jpg,ambient,1356,cam1_20260428_212801.jpg,,1,29,50,100,2168,0,15,0.0,0.0,0,0.0,4,36.1,9.0,0.0,0.0,0,0,0,,2026-04-29 03:28:01
2142,,LOT-20260425-651F-005,,,,Pepino,Hibrido F1,1358,cam1_20260428_214257.jpg,ambient,1360,cam1_20260428_214301.jpg,,1,29,55,100,2168,0,15,0.0,0.0,0,0.0,4,36.1,9.0,0.0,0.0,0,0,0,,2026-04-29 03:43:01
2150,,LOT-20260425-651F-005,,,,Pepino,Hibrido F1,1362,cam1_20260428_215757.jpg,ambient,1364,cam1_20260428_215801.jpg,,1,29,55,100,2168,0,15,0.0,0.0,0,0.0,4,36.1,9.0,0.0,0.0,0,0,0,,2026-04-29 03:58:01
2158,,LOT-20260425-651F-005,,,,Pepino,Hibrido F1,1366,cam1_20260428_221257.jpg,ambient,1368,cam1_20260428_221301.jpg,,1,29.1,54,100,2168,0,15,0.0,0.0,0,0.0,4,36.1,9.0,0.0,0.0,0,0,0,,2026-04-29 04:13:01
2166,,LOT-20260425-651F-005,,,,Pepino,Hibrido F1,1370,cam1_20260428_222756.jpg,ambient,1372,cam1_20260428_222801.jpg,,1,29.1,58,100,2169,0,15,0.0,0.0,0,0.0,4,36.1,9.0,0.0,0.0,0,0,0,,2026-04-29 04:28:01
2174,,LOT-20260425-651F-005,,,,Pepino,Hibrido F1,1374,cam1_20260428_224256.jpg,ambient,1376,cam1_20260428_224301.jpg,,1,29.7,55,100,2184,0,15,0.0,0.0,0,0.0,4,36.4,9.1,0.0,0.0,0,0,0,,2026-04-29 04:43:01
2182,,LOT-20260425-651F-005,,,,Pepino,Hibrido F1,1378,cam1_20260428_225757.jpg,ambient,1380,cam1_20260428_225801.jpg,,1,29.8,52,100,2199,0,15,0.0,0.0,0,0.0,4,36.6,9.2,0.0,0.0,0,0,0,,2026-04-29 04:58:01
2190,,LOT-20260425-651F-005,,,,Pepino,Hibrido F1,1382,cam1_20260428_231258.jpg,ambient,1384,cam1_20260428_231301.jpg,,1,30.1,51,100,2214,0,15,0.0,0.0,0,0.0,4,36.9,9.2,0.0,0.0,0,0,0,,2026-04-29 05:13:02
2198,,LOT-20260425-651F-005,,,,Pepino,Hibrido F1,1386,cam1_20260428_232757.jpg,ambient,1388,cam1_20260428_232801.jpg,,1,30.2,50,100,2228,0,15,0.0,0.0,0,0.0,4,37.1,9.3,0.0,0.0,0,0,0,,2026-04-29 05:28:01
2206,,LOT-20260425-651F-005,,,,Pepino,Hibrido F1,1390,cam1_20260428_234257.jpg,ambient,1392,cam1_20260428_234301.jpg,,1,30.1,49,100,2243,0,15,0.0,0.0,0,0.0,4,37.4,9.3,0.0,0.0,0,0,0,,2026-04-29 05:43:01
2214,,LOT-20260425-651F-005,,,,Pepino,Hibrido F1,1394,cam1_20260428_235757.jpg,ambient,1396,cam1_20260428_235801.jpg,,1,30,48,100,2258,0,15,0.0,0.0,0,0.0,4,37.6,9.4,0.0,0.0,0,0,0,,2026-04-29 05:58:01
2218,,LOT-20260425-651F-005,,,,Pepino,Hibrido F1,1397,cam1_20260429_001257.jpg,ambient,1399,cam1_20260429_001259.jpg,,1,30,48,100,2273,0,15,0.0,0.0,0,0.0,4,37.9,9.5,0.0,0.0,0,0,0,,2026-04-29 06:13:00
2230,,LOT-20260425-651F-005,,,,Pepino,Hibrido F1,1402,cam1_20260429_002757.jpg,ambient,1404,cam1_20260429_002801.jpg,,1,30,46,100,2288,0,15,0.0,0.0,0,0.0,4,38.1,9.5,0.0,0.0,0,0,0,,2026-04-29 06:28:01
2238,,LOT-20260425-651F-005,,,,Pepino,Hibrido F1,1406,cam1_20260429_004257.jpg,ambient,1408,cam1_20260429_004301.jpg,,1,29.8,46,100,2303,0,15,0.0,0.0,0,0.0,4,38.4,9.6,0.0,0.0,0,0,0,,2026-04-29 06:43:01
2246,,LOT-20260425-651F-005,,,,Pepino,Hibrido F1,1410,cam1_20260429_005757.jpg,ambient,1412,cam1_20260429_005801.jpg,,1,29.8,45,100,2318,0,15,0.0,0.0,0,0.0,4,38.6,9.7,0.0,0.0,0,0,0,,2026-04-29 06:58:01
2254,,LOT-20260425-651F-005,,,,Pepino,Hibrido F1,1414,cam1_20260429_011257.jpg,ambient,1416,cam1_20260429_011301.jpg,,1,29.8,45,100,2333,0,15,0.0,0.0,0,0.0,4,38.9,9.7,0.0,0.0,0,0,0,,2026-04-29 07:13:01
2262,,LOT-20260425-651F-005,,,,Pepino,Hibrido F1,1418,cam1_20260429_012757.jpg,ambient,1420,cam1_20260429_012801.jpg,,1,29.8,45,100,2348,0,15,0.0,0.0,0,0.0,4,39.1,9.8,0.0,0.0,0,0,0,,2026-04-29 07:28:01
2270,,LOT-20260425-651F-005,,,,Pepino,Hibrido F1,1422,cam1_20260429_014259.jpg,ambient,1424,cam1_20260429_014302.jpg,,1,29.7,45,100,2363,0,15,0.0,0.0,0,0.0,4,39.4,9.8,0.0,0.0,0,0,0,,2026-04-29 07:43:02
2278,,LOT-20260425-651F-005,,,,Pepino,Hibrido F1,1426,cam1_20260429_015757.jpg,ambient,1428,cam1_20260429_015801.jpg,,1,29.8,45,100,2378,0,15,0.0,0.0,0,0.0,4,39.6,9.9,0.0,0.0,0,0,0,,2026-04-29 07:58:01
2286,,LOT-20260425-651F-005,,,,Pepino,Hibrido F1,1430,cam1_20260429_021258.jpg,ambient,1432,cam1_20260429_021301.jpg,,1,29.7,44,100,2393,0,15,0.0,0.0,0,0.0,4,39.9,10.0,0.0,0.0,0,0,0,,2026-04-29 08:13:01
2294,,LOT-20260425-651F-005,,,,Pepino,Hibrido F1,1434,cam1_20260429_022757.jpg,ambient,1436,cam1_20260429_022801.jpg,,1,29.7,44,100,2408,0,15,0.0,0.0,0,0.0,4,40.1,10.0,0.0,0.0,0,0,0,,2026-04-29 08:28:02
2302,,LOT-20260425-651F-005,,,,Pepino,Hibrido F1,1438,cam1_20260429_024257.jpg,ambient,1440,cam1_20260429_024301.jpg,,1,29.6,43,100,2423,0,15,0.0,0.0,0,0.0,4,40.4,10.1,0.0,0.0,0,0,0,,2026-04-29 08:43:01
2310,,LOT-20260425-651F-005,,,,Pepino,Hibrido F1,1442,cam1_20260429_025757.jpg,ambient,1444,cam1_20260429_025801.jpg,,1,29.6,44,100,2438,0,15,0.0,0.0,0,0.0,4,40.6,10.2,0.0,0.0,0,0,0,,2026-04-29 08:58:01
2318,,LOT-20260425-651F-005,,,,Pepino,Hibrido F1,1446,cam1_20260429_031257.jpg,ambient,1448,cam1_20260429_031301.jpg,,1,29.6,44,100,2453,0,15,0.0,0.0,0,0.0,4,40.9,10.2,0.0,0.0,0,0,0,,2026-04-29 09:13:02
2326,,LOT-20260425-651F-005,,,,Pepino,Hibrido F1,1450,cam1_20260429_032757.jpg,ambient,1452,cam1_20260429_032801.jpg,,1,29.5,42,100,2467,0,15,0.0,0.0,0,0.0,4,41.1,10.3,0.0,0.0,0,0,0,,2026-04-29 09:28:02
2334,,LOT-20260425-651F-005,,,,Pepino,Hibrido F1,1454,cam1_20260429_034257.jpg,ambient,1456,cam1_20260429_034301.jpg,,1,29.5,43,100,2482,0,15,0.0,0.0,0,0.0,4,41.4,10.3,0.0,0.0,0,0,0,,2026-04-29 09:43:02
2342,,LOT-20260425-651F-005,,,,Pepino,Hibrido F1,1458,cam1_20260429_035757.jpg,ambient,1460,cam1_20260429_035801.jpg,,1,29.6,42,100,2497,0,15,0.0,0.0,0,0.0,4,41.6,10.4,0.0,0.0,0,0,0,,2026-04-29 09:58:02
2350,,LOT-20260425-651F-005,,,,Pepino,Hibrido F1,1462,cam1_20260429_041257.jpg,ambient,1464,cam1_20260429_041301.jpg,,1,29.6,41,100,2512,0,15,0.0,0.0,0,0.0,4,41.9,10.5,0.0,0.0,0,0,0,,2026-04-29 10:13:02
2358,,LOT-20260425-651F-005,,,,Pepino,Hibrido F1,1466,cam1_20260429_042757.jpg,ambient,1468,cam1_20260429_042801.jpg,,1,29.5,41,100,2527,0,15,0.0,0.0,0,0.0,4,42.1,10.5,0.0,0.0,0,0,0,,2026-04-29 10:28:02
2366,,LOT-20260425-651F-005,,,,Pepino,Hibrido F1,1470,cam1_20260429_044257.jpg,ambient,1472,cam1_20260429_044301.jpg,,1,29.5,41,100,2542,0,15,0.0,0.0,0,0.0,4,42.4,10.6,0.0,0.0,0,0,0,,2026-04-29 10:43:02
2374,,LOT-20260425-651F-005,,,,Pepino,Hibrido F1,1474,cam1_20260429_045758.jpg,ambient,1476,cam1_20260429_045802.jpg,,1,29.2,41,100,2557,0,15,0.0,0.0,0,0.0,4,42.6,10.7,0.0,0.0,0,0,0,,2026-04-29 10:58:03
2382,,LOT-20260425-651F-005,,,,Pepino,Hibrido F1,1478,cam1_20260429_051257.jpg,ambient,1480,cam1_20260429_051301.jpg,,1,29.3,42,100,2572,0,15,0.0,0.0,0,0.0,4,42.9,10.7,0.0,0.0,0,0,0,,2026-04-29 11:13:01
2390,,LOT-20260425-651F-005,,,,Pepino,Hibrido F1,1482,cam1_20260429_052757.jpg,ambient,1484,cam1_20260429_052801.jpg,,1,29.3,42,100,2587,0,15,0.0,0.0,0,0.0,4,43.1,10.8,0.0,0.0,0,0,0,,2026-04-29 11:28:01
2398,,LOT-20260425-651F-005,,,,Pepino,Hibrido F1,1486,cam1_20260429_054257.jpg,ambient,1488,cam1_20260429_054301.jpg,,1,29.3,42,100,2602,0,15,0.0,0.0,0,0.0,4,43.4,10.8,0.0,0.0,0,0,0,,2026-04-29 11:43:01
2406,,LOT-20260425-651F-005,,,,Pepino,Hibrido F1,1490,cam1_20260429_055757.jpg,ambient,1492,cam1_20260429_055801.jpg,,1,29.3,42,100,2617,0,15,0.0,0.0,0,0.0,4,43.6,10.9,0.0,0.0,0,0,0,,2026-04-29 11:58:01
2414,,LOT-20260425-651F-005,,,,Pepino,Hibrido F1,1494,cam1_20260429_061257.jpg,ambient,1496,cam1_20260429_061301.jpg,,1,29.3,43,100,2632,0,15,0.0,0.0,0,0.0,4,43.9,11.0,0.0,0.0,0,0,0,,2026-04-29 12:13:01
2422,,LOT-20260425-651F-005,,,,Pepino,Hibrido F1,1498,cam1_20260429_062757.jpg,ambient,1500,cam1_20260429_062801.jpg,,1,29.3,43,100,2647,0,15,0.0,0.0,0,0.0,4,44.1,11.0,0.0,0.0,0,0,0,,2026-04-29 12:28:01
2430,,LOT-20260425-651F-005,,,,Pepino,Hibrido F1,1502,cam1_20260429_064257.jpg,ambient,1504,cam1_20260429_064301.jpg,,1,29.2,44,100,2662,0,15,0.0,0.0,0,0.0,4,44.4,11.1,0.0,0.0,0,0,0,,2026-04-29 12:43:01
2438,,LOT-20260425-651F-005,,,,Pepino,Hibrido F1,1506,cam1_20260429_065757.jpg,ambient,1508,cam1_20260429_065801.jpg,,1,29.3,42,100,2677,0,15,0.0,0.0,0,0.0,4,44.6,11.2,0.0,0.0,0,0,0,,2026-04-29 12:58:01
2446,,LOT-20260425-651F-005,,,,Pepino,Hibrido F1,1510,cam1_20260429_071257.jpg,ambient,1512,cam1_20260429_071301.jpg,,1,29.1,42,100,2692,0,15,0.0,0.0,0,0.0,4,44.9,11.2,0.0,0.0,0,0,0,,2026-04-29 13:13:01
2454,,LOT-20260425-651F-005,,,,Pepino,Hibrido F1,1514,cam1_20260429_072757.jpg,ambient,1516,cam1_20260429_072801.jpg,,1,29.1,42,100,2707,0,15,0.0,0.0,0,0.0,4,45.1,11.3,0.0,0.0,0,0,0,,2026-04-29 13:28:01
2462,,LOT-20260425-651F-005,,,,Pepino,Hibrido F1,1518,cam1_20260429_074257.jpg,ambient,1520,cam1_20260429_074301.jpg,,1,29.1,41,100,2722,0,15,0.0,0.0,0,0.0,4,45.4,11.3,0.0,0.0,0,0,0,,2026-04-29 13:43:02
2470,,LOT-20260425-651F-005,,,,Pepino,Hibrido F1,1522,cam1_20260429_075757.jpg,ambient,1524,cam1_20260429_075802.jpg,,1,29.1,40,100,2737,0,15,0.0,0.0,0,0.0,4,45.6,11.4,0.0,0.0,0,0,0,,2026-04-29 13:58:02
2478,,LOT-20260425-651F-005,,,,Pepino,Hibrido F1,1526,cam1_20260429_081257.jpg,ambient,1528,cam1_20260429_081302.jpg,,1,29.1,41,100,2751,0,15,0.0,0.0,0,0.0,4,45.9,11.5,0.0,0.0,0,0,0,,2026-04-29 14:13:02
2482,,LOT-20260425-651F-005,,,,Pepino,Hibrido F1,1529,cam1_20260429_082757.jpg,ambient,1531,cam1_20260429_082801.jpg,,1,29.2,40,100,2766,0,15,0.0,0.0,0,0.0,4,46.1,11.5,0.0,0.0,0,0,0,,2026-04-29 14:28:01
2490,,LOT-20260425-651F-005,,,,Pepino,Hibrido F1,1533,cam1_20260429_084257.jpg,ambient,1535,cam1_20260429_084259.jpg,,1,29.3,43,100,2781,0,15,0.0,0.0,0,0.0,4,46.4,11.6,0.0,0.0,0,0,0,,2026-04-29 14:43:00
2502,,LOT-20260425-651F-005,,,,Pepino,Hibrido F1,1538,cam1_20260429_085757.jpg,ambient,1540,cam1_20260429_085801.jpg,,1,29.3,43,100,2796,0,15,0.0,0.0,0,0.0,4,46.6,11.7,0.0,0.0,0,0,0,,2026-04-29 14:58:02
2510,,LOT-20260425-651F-005,,,,Pepino,Hibrido F1,1542,cam1_20260429_091257.jpg,ambient,1544,cam1_20260429_091301.jpg,,1,29.4,42,100,2811,0,15,0.0,0.0,0,0.0,4,46.9,11.7,0.0,0.0,0,0,0,,2026-04-29 15:13:02
2518,,LOT-20260425-651F-005,,,,Pepino,Hibrido F1,1546,cam1_20260429_092757.jpg,ambient,1548,cam1_20260429_092801.jpg,,1,29.4,43,100,2826,0,15,0.0,0.0,0,0.0,4,47.1,11.8,0.0,0.0,0,0,0,,2026-04-29 15:28:02
2526,,LOT-20260425-651F-005,,,,Pepino,Hibrido F1,1550,cam1_20260429_094257.jpg,ambient,1552,cam1_20260429_094301.jpg,,1,29.6,44,100,2841,0,15,0.0,0.0,0,0.0,4,47.4,11.8,0.0,0.0,0,0,0,,2026-04-29 15:43:02
2534,,LOT-20260425-651F-005,,,,Pepino,Hibrido F1,1554,cam1_20260429_095757.jpg,ambient,1556,cam1_20260429_095801.jpg,,1,29.8,46,100,2856,0,15,0.0,0.0,0,0.0,4,47.6,11.9,0.0,0.0,0,0,0,,2026-04-29 15:58:02
2538,,LOT-20260425-651F-005,,,,Pepino,Hibrido F1,1557,cam1_20260429_101257.jpg,ambient,1559,cam1_20260429_101259.jpg,,1,29.8,45,100,2871,0,15,0.0,0.0,0,0.0,4,47.9,12.0,0.0,0.0,0,0,0,,2026-04-29 16:13:00
2550,,LOT-20260425-651F-005,,,,Pepino,Hibrido F1,1562,cam1_20260429_102757.jpg,ambient,1564,cam1_20260429_102801.jpg,,1,29.8,43,100,2886,0,15,0.0,0.0,0,0.0,4,48.1,12.0,0.0,0.0,0,0,0,,2026-04-29 16:28:02
2558,,LOT-20260425-651F-005,,,,Pepino,Hibrido F1,1566,cam1_20260429_104257.jpg,ambient,1568,cam1_20260429_104301.jpg,,1,30,43,100,2901,0,15,0.0,0.0,0,0.0,4,48.4,12.1,0.0,0.0,0,0,0,,2026-04-29 16:43:02
2566,,LOT-20260425-651F-005,,,,Pepino,Hibrido F1,1570,cam1_20260429_105757.jpg,ambient,1572,cam1_20260429_105801.jpg,,1,29.1,39,100,2915,0,15,0.0,0.0,0,0.0,4,48.6,12.1,0.0,0.0,0,0,0,,2026-04-29 16:58:02
2574,,LOT-20260425-651F-005,,,,Pepino,Hibrido F1,1574,cam1_20260429_111257.jpg,ambient,1576,cam1_20260429_111301.jpg,,1,29,44,100,2930,0,15,0.0,0.0,0,0.0,4,48.8,12.2,0.0,0.0,0,0,0,,2026-04-29 17:13:02
2582,,LOT-20260425-651F-005,,,,Pepino,Hibrido F1,1578,cam1_20260429_112758.jpg,ambient,1580,cam1_20260429_112802.jpg,,1,28.8,42,100,2945,0,15,0.0,0.0,0,0.0,4,49.1,12.3,0.0,0.0,0,0,0,,2026-04-29 17:28:03
2590,,LOT-20260425-651F-005,,,,Pepino,Hibrido F1,1582,cam1_20260429_114334.jpg,ambient,1584,cam1_20260429_114338.jpg,,1,28.7,44,100,2961,0,15,0.0,0.0,0,0.0,4,49.4,12.3,0.0,0.0,0,0,0,,2026-04-29 17:43:39
2598,,LOT-20260425-651F-005,,,,Pepino,Hibrido F1,1586,cam1_20260429_115834.jpg,ambient,1588,cam1_20260429_115838.jpg,,1,28.9,44,100,2976,0,15,0.0,0.0,0,0.0,4,49.6,12.4,0.0,0.0,0,0,0,,2026-04-29 17:58:38
2606,,LOT-20260425-651F-005,,,,Pepino,Hibrido F1,1590,cam1_20260429_121334.jpg,ambient,1592,cam1_20260429_121338.jpg,,1,28.7,43,100,2991,0,15,0.0,0.0,0,0.0,4,49.9,12.5,0.0,0.0,0,0,0,,2026-04-29 18:13:39
2614,,LOT-20260425-651F-005,,,,Pepino,Hibrido F1,1594,cam1_20260429_122834.jpg,ambient,1596,cam1_20260429_122838.jpg,,1,28.7,42,100,3006,0,15,0.0,0.0,0,0.0,4,50.1,12.5,0.0,0.0,0,0,0,,2026-04-29 18:28:39
2622,,LOT-20260425-651F-005,,,,Pepino,Hibrido F1,1598,cam1_20260429_124334.jpg,ambient,1600,cam1_20260429_124340.jpg,,1,28.7,44,100,3021,0,15,0.0,0.0,0,0.0,4,50.4,12.6,0.0,0.0,0,0,0,,2026-04-29 18:43:41
2630,,LOT-20260425-651F-005,,,,Pepino,Hibrido F1,1602,cam1_20260429_125834.jpg,ambient,1604,cam1_20260429_125840.jpg,,1,28.6,42,100,3036,0,15,0.0,0.0,0,0.0,4,50.6,12.7,0.0,0.0,0,0,0,,2026-04-29 18:58:41
2638,,LOT-20260425-651F-005,,,,Pepino,Hibrido F1,1606,cam1_20260429_131334.jpg,ambient,1608,cam1_20260429_131339.jpg,,1,28.4,41,100,3051,0,15,0.0,0.0,0,0.0,4,50.9,12.7,0.0,0.0,0,0,0,,2026-04-29 19:13:40
2646,,LOT-20260425-651F-005,,,,Pepino,Hibrido F1,1610,cam1_20260429_132919.jpg,ambient,1612,cam1_20260429_132923.jpg,,1,28.4,41,100,3066,0,15,0.0,0.0,0,0.0,4,51.1,12.8,0.0,0.0,0,0,0,,2026-04-29 19:29:23
2654,,LOT-20260425-651F-005,,,,Pepino,Hibrido F1,1614,cam1_20260429_134514.jpg,ambient,1616,cam1_20260429_134518.jpg,,1,28.5,41,100,3082,0,15,0.0,0.0,0,0.0,4,51.4,12.8,0.0,0.0,0,0,0,,2026-04-29 19:45:19
2662,,LOT-20260425-651F-005,,,,Pepino,Hibrido F1,1618,cam1_20260429_140014.jpg,ambient,1620,cam1_20260429_140021.jpg,,1,28.3,40,100,3097,0,15,0.0,0.0,0,0.0,4,51.6,12.9,0.0,0.0,0,0,0,,2026-04-29 20:00:21
2670,,LOT-20260425-651F-005,,,,Pepino,Hibrido F1,1622,cam1_20260429_141514.jpg,ambient,1624,cam1_20260429_141519.jpg,,1,28.2,39,100,3112,0,15,0.0,0.0,0,0.0,4,51.9,13.0,0.0,0.0,0,0,0,,2026-04-29 20:15:20
2674,,LOT-20260425-651F-005,,,,Pepino,Hibrido F1,1625,cam1_20260429_143014.jpg,ambient,1627,cam1_20260429_143017.jpg,,1,28,40,100,3127,0,15,0.0,0.0,0,0.0,4,52.1,13.0,0.0,0.0,0,0,0,,2026-04-29 20:30:17
2686,,LOT-20260425-651F-005,,,,Pepino,Hibrido F1,1630,cam1_20260429_144514.jpg,ambient,1632,cam1_20260429_144520.jpg,,1,28.2,39,100,3142,0,15,0.0,0.0,0,0.0,4,52.4,13.1,0.0,0.0,0,0,0,,2026-04-29 20:45:20
2690,,LOT-20260425-651F-005,,,,Pepino,Hibrido F1,1633,cam1_20260429_150015.jpg,ambient,1635,cam1_20260429_150020.jpg,,1,28.3,41,100,3157,0,15,0.0,0.0,0,0.0,4,52.6,13.2,0.0,0.0,0,0,0,,2026-04-29 21:00:20
2702,,LOT-20260425-651F-005,,,,Pepino,Hibrido F1,1638,cam1_20260429_152753.jpg,ambient,1640,cam1_20260429_152757.jpg,,1,27.5,39,100,3184,0,15,0.0,0.0,0,0.0,4,53.1,13.3,0.0,0.0,0,0,0,,2026-04-29 21:27:58
2710,,LOT-20260425-651F-005,,,,Pepino,Hibrido F1,1642,cam1_20260429_154253.jpg,ambient,1644,cam1_20260429_154259.jpg,,1,27.7,38,100,3199,0,15,0.0,0.0,0,0.0,4,53.3,13.3,0.0,0.0,0,0,0,,2026-04-29 21:43:00
2718,,LOT-20260425-651F-005,,,,Pepino,Hibrido F1,1646,cam1_20260429_155753.jpg,ambient,1648,cam1_20260429_155757.jpg,,1,28,40,100,3214,0,15,0.0,0.0,0,0.0,4,53.6,13.4,0.0,0.0,0,0,0,,2026-04-29 21:57:58
2726,,LOT-20260425-651F-005,,,,Pepino,Hibrido F1,1651,cam1_20260429_161257.jpg,ambient,1652,cam1_20260429_161259.jpg,,1,28,39,100,3229,0,15,0.0,0.0,0,0.0,4,53.8,13.5,0.0,0.0,0,0,0,,2026-04-29 22:12:59
2730,,LOT-20260425-651F-005,,,,Pepino,Hibrido F1,1653,cam1_20260429_162753.jpg,ambient,1655,cam1_20260429_162755.jpg,,1,28.2,41,100,3244,0,15,0.0,0.0,0,0.0,4,54.1,13.5,0.0,0.0,0,0,0,,2026-04-29 22:27:56
2742,,LOT-20260425-651F-005,,,,Pepino,Hibrido F1,1658,cam1_20260429_164253.jpg,ambient,1660,cam1_20260429_164259.jpg,,1,28.2,37,100,3259,0,15,0.0,0.0,0,0.0,4,54.3,13.6,0.0,0.0,0,0,0,,2026-04-29 22:42:59
2746,,LOT-20260425-651F-005,,,,Pepino,Hibrido F1,1661,cam1_20260429_165753.jpg,ambient,1663,cam1_20260429_165755.jpg,,1,28.2,38,100,3274,0,15,0.0,0.0,0,0.0,4,54.6,13.6,0.0,0.0,0,0,0,,2026-04-29 22:57:56
2758,,LOT-20260425-651F-005,,,,Pepino,Hibrido F1,1666,cam1_20260429_171254.jpg,ambient,1668,cam1_20260429_171259.jpg,,1,28.1,40,100,3289,0,15,0.0,0.0,0,0.0,4,54.8,13.7,0.0,0.0,0,0,0,,2026-04-29 23:12:59
2762,,LOT-20260425-651F-005,,,,Pepino,Hibrido F1,1669,cam1_20260429_172753.jpg,ambient,1671,cam1_20260429_172755.jpg,,1,28.2,37,100,3304,0,15,0.0,0.0,0,0.0,4,55.1,13.8,0.0,0.0,0,0,0,,2026-04-29 23:27:56
2770,,LOT-20260425-651F-005,,,,Pepino,Hibrido F1,1673,cam1_20260429_174253.jpg,ambient,1675,cam1_20260429_174257.jpg,,1,27.9,36,100,3319,0,15,0.0,0.0,0,0.0,4,55.3,13.8,0.0,0.0,0,0,0,,2026-04-29 23:42:58
2782,,LOT-20260425-651F-005,,,,Pepino,Hibrido F1,1678,cam1_20260429_175755.jpg,ambient,1680,cam1_20260429_175757.jpg,,1,27.7,37,100,3334,0,15,0.0,0.0,0,0.0,5,55.6,11.1,0.0,0.0,0,0,0,,2026-04-29 23:57:58
2790,,LOT-20260425-651F-005,,,,Pepino,Hibrido F1,1682,cam1_20260429_181254.jpg,ambient,1684,cam1_20260429_181259.jpg,,1,27.8,37,100,3348,1,15,15.0,0.0,0,0.0,5,55.8,11.2,0.0,0.0,0,0,0,,2026-04-30 00:12:59
2798,,LOT-20260425-651F-005,,,,Pepino,Hibrido F1,1686,cam1_20260429_182754.jpg,ambient,1688,cam1_20260429_182802.jpg,,1,27.7,39,100,3363,0,15,0.0,0.0,0,0.0,5,56.0,11.2,0.0,0.0,0,0,0,,2026-04-30 00:28:02
2806,,LOT-20260425-651F-005,,,,Pepino,Hibrido F1,1690,cam1_20260429_184253.jpg,ambient,1692,cam1_20260429_184257.jpg,,1,27.8,38,100,3378,0,15,0.0,0.0,0,0.0,5,56.3,11.3,0.0,0.0,0,0,0,,2026-04-30 00:42:58
2814,,LOT-20260425-651F-005,,,,Pepino,Hibrido F1,1694,cam1_20260429_185754.jpg,ambient,1696,cam1_20260429_185800.jpg,,1,28,40,100,3393,0,15,0.0,0.0,0,0.0,5,56.5,11.3,0.0,0.0,0,0,0,,2026-04-30 00:58:00
2822,,LOT-20260425-651F-005,,,,Pepino,Hibrido F1,1698,cam1_20260429_191344.jpg,ambient,1700,cam1_20260429_191348.jpg,,1,28,40,100,3409,0,15,0.0,0.0,0,0.0,5,56.8,11.4,0.0,0.0,0,0,0,,2026-04-30 01:13:49
2830,,LOT-20260425-651F-005,,,,Pepino,Hibrido F1,1702,cam1_20260429_192844.jpg,ambient,1703,cam1_20260429_192904.jpg,,1,28,41,100,3424,0,15,0.0,0.0,0,0.0,5,57.1,11.4,0.0,0.0,0,0,0,,2026-04-30 01:29:05
2838,,LOT-20260425-651F-005,,,,Pepino,Hibrido F1,1705,cam1_20260429_194344.jpg,ambient,1707,cam1_20260429_194350.jpg,,1,27.9,45,100,3439,0,15,0.0,0.0,0,0.0,5,57.3,11.5,0.0,0.0,0,0,0,,2026-04-30 01:43:50
2846,,LOT-20260425-651F-005,,,,Pepino,Hibrido F1,1709,cam1_20260429_195846.jpg,ambient,1711,cam1_20260429_195849.jpg,,1,28,44,100,3453,0,15,0.0,0.0,0,0.0,5,57.5,11.5,0.0,0.0,0,0,0,,2026-04-30 01:58:49
2854,,LOT-20260425-651F-005,,,,Pepino,Hibrido F1,1713,cam1_20260429_201347.jpg,ambient,1715,cam1_20260429_201349.jpg,,1,27.4,46,100,3455,0,15,0.0,0.0,0,0.0,5,57.6,11.5,0.0,0.0,0,0,0,,2026-04-30 02:13:49
2862,,LOT-20260425-651F-005,,,,Pepino,Hibrido F1,1717,cam1_20260429_202844.jpg,ambient,1719,cam1_20260429_202848.jpg,,1,27.3,42,72.3,3455,0,15,0.0,0.0,0,0.0,5,57.6,11.5,0.0,0.0,0,0,0,,2026-04-30 02:28:49
2870,,LOT-20260425-651F-005,,,,Pepino,Hibrido F1,1721,cam1_20260429_204344.jpg,ambient,1723,cam1_20260429_204348.jpg,,1,27,44,63.4,3455,0,15,0.0,0.0,0,0.0,5,57.6,11.5,0.0,0.0,0,0,0,,2026-04-30 02:43:49
2878,,LOT-20260425-651F-005,,,,Pepino,Hibrido F1,1725,cam1_20260429_205844.jpg,ambient,1727,cam1_20260429_205850.jpg,,1,27.2,50,100,3455,0,15,0.0,0.0,0,0.0,5,57.6,11.5,0.0,0.0,0,0,0,,2026-04-30 02:58:50
2886,,LOT-20260425-651F-005,,,,Pepino,Hibrido F1,1729,cam1_20260429_211344.jpg,ambient,1731,cam1_20260429_211348.jpg,,1,27,44,58.9,3455,0,15,0.0,0.0,0,0.0,5,57.6,11.5,0.0,0.0,0,0,0,,2026-04-30 03:13:49
2894,,LOT-20260425-651F-005,,,,Pepino,Hibrido F1,1733,cam1_20260429_212844.jpg,ambient,1735,cam1_20260429_212848.jpg,,1,26.9,44,49.9,3455,0,15,0.0,0.0,0,0.0,5,57.6,11.5,0.0,0.0,0,0,0,,2026-04-30 03:28:49
2902,,LOT-20260425-651F-005,,,,Pepino,Hibrido F1,1737,cam1_20260429_214344.jpg,ambient,1739,cam1_20260429_214348.jpg,,1,26.8,45,49.8,3455,0,15,0.0,0.0,0,0.0,5,57.6,11.5,0.0,0.0,0,0,0,,2026-04-30 03:43:49
2910,,LOT-20260425-651F-005,,,,Pepino,Hibrido F1,1741,cam1_20260429_215844.jpg,ambient,1743,cam1_20260429_215848.jpg,,1,27,45,49.9,3455,0,15,0.0,0.0,0,0.0,5,57.6,11.5,0.0,0.0,0,0,0,,2026-04-30 03:58:49
2918,,LOT-20260425-651F-005,,,,Pepino,Hibrido F1,1745,cam1_20260429_221344.jpg,ambient,1747,cam1_20260429_221351.jpg,,1,27.1,51,100,3455,0,15,0.0,0.0,0,0.0,5,57.6,11.5,0.0,0.0,0,0,0,,2026-04-30 04:13:52
2926,,LOT-20260425-651F-005,,,,Pepino,Hibrido F1,1749,cam1_20260429_222844.jpg,ambient,1751,cam1_20260429_222849.jpg,,1,26.8,43,57.1,3455,0,15,0.0,0.0,0,0.0,5,57.6,11.5,0.0,0.0,0,0,0,,2026-04-30 04:28:49
2934,,LOT-20260425-651F-005,,,,Pepino,Hibrido F1,1753,cam1_20260429_224344.jpg,ambient,1755,cam1_20260429_224349.jpg,,1,27,47,49.7,3455,0,15,0.0,0.0,0,0.0,5,57.6,11.5,0.0,0.0,0,0,0,,2026-04-30 04:43:49
2942,,LOT-20260425-651F-005,,,,Pepino,Hibrido F1,1757,cam1_20260429_225846.jpg,ambient,1759,cam1_20260429_225851.jpg,,1,27.4,52,100,3455,0,15,0.0,0.0,0,0.0,5,57.6,11.5,0.0,0.0,0,0,0,,2026-04-30 04:58:51
2950,,LOT-20260425-651F-005,,,,Pepino,Hibrido F1,1761,cam1_20260429_231344.jpg,ambient,1763,cam1_20260429_231349.jpg,,1,27.7,48,49.9,3455,0,15,0.0,0.0,0,0.0,5,57.6,11.5,0.0,0.0,0,0,0,,2026-04-30 05:13:49
2958,,LOT-20260425-651F-005,,,,Pepino,Hibrido F1,1765,cam1_20260429_232844.jpg,ambient,1767,cam1_20260429_232848.jpg,,1,28,47,49.4,3455,0,15,0.0,0.0,0,0.0,5,57.6,11.5,0.0,0.0,0,0,0,,2026-04-30 05:28:49
2966,,LOT-20260425-651F-005,,,,Pepino,Hibrido F1,1769,cam1_20260429_234344.jpg,ambient,1771,cam1_20260429_234349.jpg,,1,28.1,48,49.7,3456,0,15,0.0,0.0,0,0.0,5,57.6,11.5,0.0,0.0,0,0,0,,2026-04-30 05:43:49
2974,,LOT-20260425-651F-005,,,,Pepino,Hibrido F1,1773,cam1_20260429_235844.jpg,ambient,1775,cam1_20260429_235849.jpg,,1,27.8,47,55.4,3456,0,15,0.0,0.0,0,0.0,5,57.6,11.5,0.0,0.0,0,0,0,,2026-04-30 05:58:49
2982,,LOT-20260425-651F-005,,,,Pepino,Hibrido F1,1777,cam1_20260430_001344.jpg,ambient,1779,cam1_20260430_001349.jpg,,1,28.1,50,49.5,3456,0,15,0.0,0.0,0,0.0,5,57.6,11.5,0.0,0.0,0,0,0,,2026-04-30 06:13:49
2990,,LOT-20260425-651F-005,,,,Pepino,Hibrido F1,1781,cam1_20260430_002844.jpg,ambient,1783,cam1_20260430_002849.jpg,,1,28.1,51,49.9,3456,0,15,0.0,0.0,0,0.0,5,57.6,11.5,0.0,0.0,0,0,0,,2026-04-30 06:28:49
2998,,LOT-20260425-651F-005,,,,Pepino,Hibrido F1,1785,cam1_20260430_004344.jpg,ambient,1787,cam1_20260430_004349.jpg,,1,28.1,50,50,3456,0,15,0.0,0.0,0,0.0,5,57.6,11.5,0.0,0.0,0,0,0,,2026-04-30 06:43:49
3006,,LOT-20260425-651F-005,,,,Pepino,Hibrido F1,1789,cam1_20260430_005844.jpg,ambient,1791,cam1_20260430_005849.jpg,,1,28.3,53,84.3,3456,0,15,0.0,0.0,0,0.0,5,57.6,11.5,0.0,0.0,0,0,0,,2026-04-30 06:58:50
3014,,LOT-20260425-651F-005,,,,Pepino,Hibrido F1,1793,cam1_20260430_011344.jpg,ambient,1795,cam1_20260430_011349.jpg,,1,28.2,48,49.3,3456,0,15,0.0,0.0,0,0.0,5,57.6,11.5,0.0,0.0,0,0,0,,2026-04-30 07:13:49
3022,,LOT-20260425-651F-005,,,,Pepino,Hibrido F1,1797,cam1_20260430_012844.jpg,ambient,1799,cam1_20260430_012849.jpg,,1,28.2,45,49,3456,0,15,0.0,0.0,0,0.0,5,57.6,11.5,0.0,0.0,0,0,0,,2026-04-30 07:28:49
3030,,LOT-20260425-651F-005,,,,Pepino,Hibrido F1,1801,cam1_20260430_014346.jpg,ambient,1803,cam1_20260430_014349.jpg,,1,28.3,46,53.6,3456,0,15,0.0,0.0,0,0.0,5,57.6,11.5,0.0,0.0,0,0,0,,2026-04-30 07:43:49
3038,,LOT-20260425-651F-005,,,,Pepino,Hibrido F1,1805,cam1_20260430_015844.jpg,ambient,1807,cam1_20260430_015849.jpg,,1,28.1,46,49.1,3456,0,15,0.0,0.0,0,0.0,5,57.6,11.5,0.0,0.0,0,0,0,,2026-04-30 07:58:49
3046,,LOT-20260425-651F-005,,,,Pepino,Hibrido F1,1809,cam1_20260430_021344.jpg,ambient,1811,cam1_20260430_021349.jpg,,1,28.1,48,48.5,3456,0,15,0.0,0.0,0,0.0,5,57.6,11.5,0.0,0.0,0,0,0,,2026-04-30 08:13:49
3054,,LOT-20260425-651F-005,,,,Pepino,Hibrido F1,1813,cam1_20260430_022844.jpg,ambient,1815,cam1_20260430_022849.jpg,,1,28.1,48,48.5,3456,0,15,0.0,0.0,0,0.0,5,57.6,11.5,0.0,0.0,0,0,0,,2026-04-30 08:28:49
3062,,LOT-20260425-651F-005,,,,Pepino,Hibrido F1,1817,cam1_20260430_024344.jpg,ambient,1819,cam1_20260430_024349.jpg,,1,28.1,45,47.5,3456,0,15,0.0,0.0,0,0.0,5,57.6,11.5,0.0,0.0,0,0,0,,2026-04-30 08:43:49
3070,,LOT-20260425-651F-005,,,,Pepino,Hibrido F1,1821,cam1_20260430_025844.jpg,ambient,1823,cam1_20260430_025853.jpg,,1,28.2,50,100,3456,0,15,0.0,0.0,0,0.0,5,57.6,11.5,0.0,0.0,0,0,0,,2026-04-30 08:58:53
3078,,LOT-20260425-651F-005,,,,Pepino,Hibrido F1,1825,cam1_20260430_031344.jpg,ambient,1827,cam1_20260430_031349.jpg,,1,28.1,47,47.8,3457,0,15,0.0,0.0,0,0.0,5,57.6,11.5,0.0,0.0,0,0,0,,2026-04-30 09:13:49
3086,,LOT-20260425-651F-005,,,,Pepino,Hibrido F1,1829,cam1_20260430_032844.jpg,ambient,1831,cam1_20260430_032850.jpg,,1,28,49,87,3457,0,15,0.0,0.0,0,0.0,5,57.6,11.5,0.0,0.0,0,0,0,,2026-04-30 09:28:51
3094,,LOT-20260425-651F-005,,,,Pepino,Hibrido F1,1833,cam1_20260430_034344.jpg,ambient,1835,cam1_20260430_034349.jpg,,1,28.1,46,47.5,3457,0,15,0.0,0.0,0,0.0,5,57.6,11.5,0.0,0.0,0,0,0,,2026-04-30 09:43:49
3102,,LOT-20260425-651F-005,,,,Pepino,Hibrido F1,1837,cam1_20260430_035844.jpg,ambient,1839,cam1_20260430_035849.jpg,,1,28.1,45,47.9,3457,0,15,0.0,0.0,0,0.0,5,57.6,11.5,0.0,0.0,0,0,0,,2026-04-30 09:58:49
3110,,LOT-20260425-651F-005,,,,Pepino,Hibrido F1,1841,cam1_20260430_041344.jpg,ambient,1843,cam1_20260430_041349.jpg,,1,28.1,44,47.4,3457,0,15,0.0,0.0,0,0.0,5,57.6,11.5,0.0,0.0,0,0,0,,2026-04-30 10:13:49
3118,,LOT-20260425-651F-005,,,,Pepino,Hibrido F1,1845,cam1_20260430_042844.jpg,ambient,1847,cam1_20260430_042849.jpg,,1,28.1,46,46.7,3457,0,15,0.0,0.0,0,0.0,5,57.6,11.5,0.0,0.0,0,0,0,,2026-04-30 10:28:49
3126,,LOT-20260425-651F-005,,,,Pepino,Hibrido F1,1849,cam1_20260430_044344.jpg,ambient,1851,cam1_20260430_044349.jpg,,1,28.1,46,47.5,3457,0,15,0.0,0.0,0,0.0,5,57.6,11.5,0.0,0.0,0,0,0,,2026-04-30 10:43:49
3134,,LOT-20260425-651F-005,,,,Pepino,Hibrido F1,1853,cam1_20260430_045844.jpg,ambient,1855,cam1_20260430_045849.jpg,,1,28.1,46,45.3,3457,0,15,0.0,0.0,0,0.0,5,57.6,11.5,0.0,0.0,0,0,0,,2026-04-30 10:58:49
3142,,LOT-20260425-651F-005,,,,Pepino,Hibrido F1,1857,cam1_20260430_051344.jpg,ambient,1859,cam1_20260430_051349.jpg,,1,28.1,48,46.3,3457,0,15,0.0,0.0,0,0.0,5,57.6,11.5,0.0,0.0,0,0,0,,2026-04-30 11:13:49
3150,,LOT-20260425-651F-005,,,,Pepino,Hibrido F1,1861,cam1_20260430_052844.jpg,ambient,1863,cam1_20260430_052849.jpg,,1,27.9,46,46.6,3457,0,15,0.0,0.0,0,0.0,5,57.6,11.5,0.0,0.0,0,0,0,,2026-04-30 11:28:49
3158,,LOT-20260425-651F-005,,,,Pepino,Hibrido F1,1865,cam1_20260430_054345.jpg,ambient,1867,cam1_20260430_054350.jpg,,1,28.1,46,47.5,3457,0,15,0.0,0.0,0,0.0,5,57.6,11.5,0.0,0.0,0,0,0,,2026-04-30 11:43:50
3166,,LOT-20260425-651F-005,,,,Pepino,Hibrido F1,1869,cam1_20260430_055844.jpg,ambient,1871,cam1_20260430_055849.jpg,,1,27.9,44,46.2,3457,0,15,0.0,0.0,0,0.0,5,57.6,11.5,0.0,0.0,0,0,0,,2026-04-30 11:58:49
3174,,LOT-20260425-651F-005,,,,Pepino,Hibrido F1,1873,cam1_20260430_061344.jpg,ambient,1875,cam1_20260430_061349.jpg,,1,27.9,44,46.5,3457,0,15,0.0,0.0,0,0.0,5,57.6,11.5,0.0,0.0,0,0,0,,2026-04-30 12:13:49
3182,,LOT-20260425-651F-005,,,,Pepino,Hibrido F1,1877,cam1_20260430_062844.jpg,ambient,1879,cam1_20260430_062849.jpg,,1,28,46,47.1,3457,0,15,0.0,0.0,0,0.0,5,57.6,11.5,0.0,0.0,0,0,0,,2026-04-30 12:28:49
3190,,LOT-20260425-651F-005,,,,Pepino,Hibrido F1,1881,cam1_20260430_064344.jpg,ambient,1883,cam1_20260430_064349.jpg,,1,27.7,44,48.1,3457,0,15,0.0,0.0,0,0.0,5,57.6,11.5,0.0,0.0,0,0,0,,2026-04-30 12:43:49
3198,,LOT-20260425-651F-005,,,,Pepino,Hibrido F1,1885,cam1_20260430_065844.jpg,ambient,1887,cam1_20260430_065849.jpg,,1,27.6,42,46.9,3457,0,15,0.0,0.0,0,0.0,5,57.6,11.5,0.0,0.0,0,0,0,,2026-04-30 12:58:49
3206,,LOT-20260425-651F-005,,,,Pepino,Hibrido F1,1889,cam1_20260430_071344.jpg,ambient,1891,cam1_20260430_071350.jpg,,1,27.5,42,46.1,3457,0,15,0.0,0.0,0,0.0,5,57.6,11.5,0.0,0.0,0,0,0,,2026-04-30 13:13:50
3214,,LOT-20260425-651F-005,,,,Pepino,Hibrido F1,1893,cam1_20260430_072844.jpg,ambient,1895,cam1_20260430_072849.jpg,,1,27.3,42,45.3,3457,0,15,0.0,0.0,0,0.0,5,57.6,11.5,0.0,0.0,0,0,0,,2026-04-30 13:28:49
3222,,LOT-20260425-651F-005,,,,Pepino,Hibrido F1,1897,cam1_20260430_074344.jpg,ambient,1899,cam1_20260430_074349.jpg,,1,27.5,44,46.5,3457,0,15,0.0,0.0,0,0.0,5,57.6,11.5,0.0,0.0,0,0,0,,2026-04-30 13:43:49
3230,,LOT-20260425-651F-005,,,,Pepino,Hibrido F1,1901,cam1_20260430_075844.jpg,ambient,1903,cam1_20260430_075850.jpg,,1,27.3,45,45.5,3457,0,15,0.0,0.0,0,0.0,5,57.6,11.5,0.0,0.0,0,0,0,,2026-04-30 13:58:50
3234,,LOT-20260425-651F-005,,,,Pepino,Hibrido F1,1904,cam1_20260430_081345.jpg,ambient,1906,cam1_20260430_081348.jpg,,1,27.8,42,43.9,3471,0,15,0.0,0.0,0,0.0,5,57.9,11.6,0.0,0.0,0,0,0,,2026-04-30 14:13:49
3246,,LOT-20260425-651F-005,,,,Pepino,Hibrido F1,1909,cam1_20260430_092426.jpg,ambient,1911,cam1_20260430_092432.jpg,,1,27.5,49,47.1,3542,0,15,0.0,0.0,0,0.0,5,59.0,11.8,0.0,0.0,0,0,0,,2026-04-30 15:24:33
3250,,LOT-20260425-651F-005,,,,Pepino,Hibrido F1,1912,cam1_20260430_093926.jpg,ambient,1914,cam1_20260430_093928.jpg,,1,28.4,48,46.6,3557,0,15,0.0,0.0,0,0.0,5,59.3,11.9,0.0,0.0,0,0,0,,2026-04-30 15:39:29
3262,,LOT-20260425-651F-005,,,,Pepino,Hibrido F1,1917,cam1_20260430_095426.jpg,ambient,1919,cam1_20260430_095431.jpg,,1,28.7,47,47.6,3571,0,15,0.0,0.0,0,0.0,5,59.5,11.9,0.0,0.0,0,0,0,,2026-04-30 15:54:32
3266,,LOT-20260425-651F-005,,,,Pepino,Hibrido F1,1920,cam1_20260430_100926.jpg,ambient,1922,cam1_20260430_100928.jpg,,1,28.2,40,45.7,3586,0,15,0.0,0.0,0,0.0,5,59.8,12.0,0.0,0.0,0,0,0,,2026-04-30 16:09:29
3278,,LOT-20260425-651F-005,,,,Pepino,Hibrido F1,1925,cam1_20260430_102426.jpg,ambient,1927,cam1_20260430_102431.jpg,,1,28.2,42,45.5,3601,0,15,0.0,0.0,0,0.0,5,60.0,12.0,0.0,0.0,0,0,0,,2026-04-30 16:24:32
3286,,LOT-20260425-651F-005,,,,Pepino,Hibrido F1,1929,cam1_20260430_103925.jpg,ambient,1931,cam1_20260430_103930.jpg,,1,28.5,45,45.6,3616,0,15,0.0,0.0,0,0.0,5,60.3,12.1,0.0,0.0,0,0,0,,2026-04-30 16:39:31
3294,,LOT-20260425-651F-005,,,,Pepino,Hibrido F1,1933,cam1_20260430_105427.jpg,ambient,1935,cam1_20260430_105431.jpg,,1,28.2,45,45.3,3631,0,15,0.0,0.0,0,0.0,5,60.5,12.1,0.0,0.0,0,0,0,,2026-04-30 16:54:32
3302,,LOT-20260425-651F-005,,,,Pepino,Hibrido F1,1937,cam1_20260430_110925.jpg,ambient,1939,cam1_20260430_110932.jpg,,1,28.2,44,43.1,3646,0,15,0.0,0.0,0,0.0,5,60.8,12.2,0.0,0.0,0,0,0,,2026-04-30 17:09:33
3310,,LOT-20260425-651F-005,,,,Pepino,Hibrido F1,1941,cam1_20260430_112426.jpg,ambient,1943,cam1_20260430_112431.jpg,,1,28.1,45,43.1,3661,0,15,0.0,0.0,0,0.0,5,61.0,12.2,0.0,0.0,0,0,0,,2026-04-30 17:24:32
3318,,LOT-20260425-651F-005,,,,Pepino,Hibrido F1,1945,cam1_20260430_113925.jpg,ambient,1947,cam1_20260430_113931.jpg,,1,28.2,45,43.8,3676,0,15,0.0,0.0,0,0.0,5,61.3,12.3,0.0,0.0,0,0,0,,2026-04-30 17:39:31
3326,,LOT-20260425-651F-005,,,,Pepino,Hibrido F1,1949,cam1_20260430_115425.jpg,ambient,1951,cam1_20260430_115430.jpg,,1,28.1,45,43.9,3691,0,15,0.0,0.0,0,0.0,5,61.5,12.3,0.0,0.0,0,0,0,,2026-04-30 17:54:30
3334,,LOT-20260425-651F-005,,,,Pepino,Hibrido F1,1953,cam1_20260430_120927.jpg,ambient,1955,cam1_20260430_120932.jpg,,1,28.2,46,42.4,3706,0,15,0.0,0.0,0,0.0,5,61.8,12.4,0.0,0.0,0,0,0,,2026-04-30 18:09:32
3342,,LOT-20260425-651F-005,,,,Pepino,Hibrido F1,1957,cam1_20260430_122425.jpg,ambient,1959,cam1_20260430_122430.jpg,,1,28.1,47,42.7,3721,0,15,0.0,0.0,0,0.0,5,62.0,12.4,0.0,0.0,0,0,0,,2026-04-30 18:24:30
3350,,LOT-20260425-651F-005,,,,Pepino,Hibrido F1,1961,cam1_20260430_123926.jpg,ambient,1963,cam1_20260430_123930.jpg,,1,28.1,47,43.7,3736,0,15,0.0,0.0,0,0.0,5,62.3,12.5,0.0,0.0,0,0,0,,2026-04-30 18:39:30
3358,,LOT-20260425-651F-005,,,,Pepino,Hibrido F1,1965,cam1_20260430_125425.jpg,ambient,1967,cam1_20260430_125430.jpg,,1,28.1,47,42.2,3750,0,15,0.0,0.0,0,0.0,5,62.5,12.5,0.0,0.0,0,0,0,,2026-04-30 18:54:31
3366,,LOT-20260425-651F-005,,,,Pepino,Hibrido F1,1969,cam1_20260430_130925.jpg,ambient,1971,cam1_20260430_130930.jpg,,1,28.1,47,42.6,3765,0,15,0.0,0.0,0,0.0,5,62.8,12.6,0.0,0.0,0,0,0,,2026-04-30 19:09:30
3374,,LOT-20260425-651F-005,,,,Pepino,Hibrido F1,1973,cam1_20260430_132427.jpg,ambient,1975,cam1_20260430_132430.jpg,,1,28.1,45,41.8,3780,0,15,0.0,0.0,0,0.0,5,63.0,12.6,0.0,0.0,0,0,0,,2026-04-30 19:24:31
3382,,LOT-20260425-651F-005,,,,Pepino,Hibrido F1,1977,cam1_20260430_133926.jpg,ambient,1979,cam1_20260430_133930.jpg,,1,28.1,44,41,3795,0,15,0.0,0.0,0,0.0,5,63.3,12.7,0.0,0.0,0,0,0,,2026-04-30 19:39:31
3390,,LOT-20260425-651F-005,,,,Pepino,Hibrido F1,1981,cam1_20260430_135428.jpg,ambient,1983,cam1_20260430_135432.jpg,,1,28.1,43,40.8,3810,0,15,0.0,0.0,0,0.0,5,63.5,12.7,0.0,0.0,0,0,0,,2026-04-30 19:54:33
3398,,LOT-20260425-651F-005,,,,Pepino,Hibrido F1,1985,cam1_20260430_140926.jpg,ambient,1987,cam1_20260430_140931.jpg,,1,28.2,45,40.8,3825,0,15,0.0,0.0,0,0.0,5,63.8,12.8,0.0,0.0,0,0,0,,2026-04-30 20:09:32
3406,,LOT-20260425-651F-005,,,,Pepino,Hibrido F1,1989,cam1_20260430_142427.jpg,ambient,1991,cam1_20260430_142431.jpg,,1,28.3,47,38.9,3840,0,15,0.0,0.0,0,0.0,5,64.0,12.8,0.0,0.0,0,0,0,,2026-04-30 20:24:32
3414,,LOT-20260425-651F-005,,,,Pepino,Hibrido F1,1993,cam1_20260430_143925.jpg,ambient,1995,cam1_20260430_143930.jpg,,1,28.2,47,40,3855,0,15,0.0,0.0,0,0.0,5,64.3,12.8,0.0,0.0,0,0,0,,2026-04-30 20:39:30
3422,,LOT-20260425-651F-005,,,,Pepino,Hibrido F1,1997,cam1_20260430_145426.jpg,ambient,1999,cam1_20260430_145430.jpg,,1,28.2,46,39.3,3870,0,15,0.0,0.0,0,0.0,5,64.5,12.9,0.0,0.0,0,0,0,,2026-04-30 20:54:31
3426,,LOT-20260425-651F-005,,,,Pepino,Hibrido F1,2000,cam1_20260430_150926.jpg,ambient,2002,cam1_20260430_150930.jpg,,1,28.1,46,38.8,3885,0,15,0.0,0.0,0,0.0,5,64.8,12.9,0.0,0.0,0,0,0,,2026-04-30 21:09:30
3438,,LOT-20260425-651F-005,,,,Pepino,Hibrido F1,2005,cam1_20260430_152425.jpg,ambient,2007,cam1_20260430_152430.jpg,,1,28,43,38.9,3900,0,15,0.0,0.0,0,0.0,5,65.0,13.0,0.0,0.0,0,0,0,,2026-04-30 21:24:30
3446,,LOT-20260425-651F-005,,,,Pepino,Hibrido F1,2009,cam1_20260430_153925.jpg,ambient,2011,cam1_20260430_153930.jpg,,1,28,43,37.1,3915,0,15,0.0,0.0,0,0.0,5,65.3,13.1,0.0,0.0,0,0,0,,2026-04-30 21:39:30
3454,,LOT-20260425-651F-005,,,,Pepino,Hibrido F1,2013,cam1_20260430_155425.jpg,ambient,2015,cam1_20260430_155430.jpg,,1,27.9,40,37,3930,0,15,0.0,0.0,0,0.0,5,65.5,13.1,0.0,0.0,0,0,0,,2026-04-30 21:54:31
3462,,LOT-20260425-651F-005,,,,Pepino,Hibrido F1,2017,cam1_20260430_160926.jpg,ambient,2019,cam1_20260430_160930.jpg,,1,27.8,38,35.8,3945,0,15,0.0,0.0,0,0.0,5,65.8,13.2,0.0,0.0,0,0,0,,2026-04-30 22:09:30
3466,,LOT-20260425-651F-005,,,,Pepino,Hibrido F1,2020,cam1_20260430_162426.jpg,ambient,2022,cam1_20260430_162428.jpg,,1,27.8,37,34.3,3959,0,15,0.0,0.0,0,0.0,5,66.0,13.2,0.0,0.0,0,0,0,,2026-04-30 22:24:29
3478,,LOT-20260425-651F-005,,,,Pepino,Hibrido F1,2025,cam1_20260430_163926.jpg,ambient,2027,cam1_20260430_163930.jpg,,1,27.7,37,34,3974,0,15,0.0,0.0,0,0.0,5,66.2,13.2,0.0,0.0,0,0,0,,2026-04-30 22:39:31
3486,,LOT-20260425-651F-005,,,,Pepino,Hibrido F1,2029,cam1_20260430_165426.jpg,ambient,2031,cam1_20260430_165430.jpg,,1,27.6,36,33.3,3989,0,15,0.0,0.0,0,0.0,5,66.5,13.3,0.0,0.0,0,0,0,,2026-04-30 22:54:31
3494,,LOT-20260425-651F-005,,,,Pepino,Hibrido F1,2033,cam1_20260430_170926.jpg,ambient,2035,cam1_20260430_170930.jpg,,1,27.7,36,33.3,4004,0,15,0.0,0.0,0,0.0,5,66.7,13.3,0.0,0.0,0,0,0,,2026-04-30 23:09:31
3502,,LOT-20260425-651F-005,,,,Pepino,Hibrido F1,2037,cam1_20260430_172426.jpg,ambient,2039,cam1_20260430_172433.jpg,,1,27.7,36,30.9,4019,0,15,0.0,0.0,0,0.0,5,67.0,13.4,0.0,0.0,0,0,0,,2026-04-30 23:24:34
3510,,LOT-20260425-651F-005,,,,Pepino,Hibrido F1,2041,cam1_20260430_173927.jpg,ambient,2043,cam1_20260430_173930.jpg,,1,27.7,37,31.9,4034,0,15,0.0,0.0,0,0.0,5,67.2,13.4,0.0,0.0,0,0,0,,2026-04-30 23:39:31
3518,,LOT-20260425-651F-005,,,,Pepino,Hibrido F1,2045,cam1_20260430_175426.jpg,ambient,2047,cam1_20260430_175431.jpg,,1,27.5,38,29.7,4049,0,15,0.0,0.0,0,0.0,6,67.5,11.2,0.0,0.0,0,0,0,,2026-04-30 23:54:31
3526,,LOT-20260425-651F-005,,,,Pepino,Hibrido F1,2049,cam1_20260430_180928.jpg,ambient,2051,cam1_20260430_180931.jpg,,1,27.6,38,31.7,4064,1,15,15.0,0.0,0,0.0,6,67.7,11.3,0.0,0.0,0,0,0,,2026-05-01 00:09:32
3534,,LOT-20260425-651F-005,,,,Pepino,Hibrido F1,2053,cam1_20260430_182426.jpg,ambient,2055,cam1_20260430_182431.jpg,,1,27.8,41,29.3,4079,0,15,0.0,0.0,0,0.0,6,68.0,11.3,0.0,0.0,0,0,0,,2026-05-01 00:24:32
3542,,LOT-20260425-651F-005,,,,Pepino,Hibrido F1,2057,cam1_20260430_183926.jpg,ambient,2059,cam1_20260430_183930.jpg,,1,27.6,42,28.7,4094,0,15,0.0,0.0,0,0.0,6,68.2,11.4,0.0,0.0,0,0,0,,2026-05-01 00:39:30
3550,,LOT-20260425-651F-005,,,,Pepino,Hibrido F1,2061,cam1_20260430_185426.jpg,ambient,2063,cam1_20260430_185432.jpg,,1,27.6,42,27.7,4109,0,15,0.0,0.0,0,0.0,6,68.5,11.4,0.0,0.0,0,0,0,,2026-05-01 00:54:32
3554,,LOT-20260425-651F-005,,,,Pepino,Hibrido F1,2064,cam1_20260430_190926.jpg,ambient,2066,cam1_20260430_190928.jpg,,1,27.3,41,27.7,4124,0,15,0.0,0.0,0,0.0,6,68.7,11.5,0.0,0.0,0,0,0,,2026-05-01 01:09:29
3566,,LOT-20260425-651F-005,,,,Pepino,Hibrido F1,2069,cam1_20260430_192426.jpg,ambient,2071,cam1_20260430_192430.jpg,,1,27.3,42,27.2,4139,0,15,0.0,0.0,0,0.0,6,69.0,11.5,0.0,0.0,0,0,0,,2026-05-01 01:24:31
3574,,LOT-20260425-651F-005,,,,Pepino,Hibrido F1,2073,cam1_20260430_193927.jpg,ambient,2075,cam1_20260430_193931.jpg,,1,27.6,41,26.4,4153,0,15,0.0,0.0,0,0.0,6,69.2,11.5,0.0,0.0,0,0,0,,2026-05-01 01:39:32
3582,,LOT-20260425-651F-005,,,,Pepino,Hibrido F1,2077,cam1_20260430_195427.jpg,ambient,2079,cam1_20260430_195432.jpg,,1,27.5,42,25.8,4168,0,15,0.0,0.0,0,0.0,6,69.5,11.6,0.0,0.0,0,0,0,,2026-05-01 01:54:32
3590,,LOT-20260425-651F-005,,,,Pepino,Hibrido F1,2081,cam1_20260430_200927.jpg,ambient,2083,cam1_20260430_200931.jpg,,1,27.2,42,24.8,4174,0,15,0.0,0.0,0,0.0,6,69.6,11.6,0.0,0.0,0,0,0,,2026-05-01 02:09:32
3598,,LOT-20260425-651F-005,,,,Pepino,Hibrido F1,2085,cam1_20260430_202427.jpg,ambient,2087,cam1_20260430_202431.jpg,,1,26.8,42,24.3,4174,0,15,0.0,0.0,0,0.0,6,69.6,11.6,0.0,0.0,0,0,0,,2026-05-01 02:24:32
3606,,LOT-20260425-651F-005,,,,Pepino,Hibrido F1,2090,cam1_20260430_204030.jpg,ambient,2091,cam1_20260430_204033.jpg,,1,26.7,43,23.3,4174,0,15,0.0,0.0,0,0.0,6,69.6,11.6,0.0,0.0,0,0,0,,2026-05-01 02:40:33
3614,,LOT-20260425-651F-005,,,,Pepino,Hibrido F1,2093,cam1_20260430_205526.jpg,ambient,2095,cam1_20260430_205531.jpg,,1,26.7,43,22.6,4175,0,15,0.0,0.0,0,0.0,6,69.6,11.6,0.0,0.0,0,0,0,,2026-05-01 02:55:31
3618,,LOT-20260425-651F-005,,,,Pepino,Hibrido F1,2096,cam1_20260430_211026.jpg,ambient,2098,cam1_20260430_211030.jpg,,1,26.5,43,22.1,4175,0,15,0.0,0.0,0,0.0,6,69.6,11.6,0.0,0.0,0,0,0,,2026-05-01 03:10:31
3630,,LOT-20260425-651F-005,,,,Pepino,Hibrido F1,2101,cam1_20260430_212527.jpg,ambient,2103,cam1_20260430_212532.jpg,,1,26.4,43,21.3,4175,0,15,0.0,0.0,0,0.0,6,69.6,11.6,0.0,0.0,0,0,0,,2026-05-01 03:25:33
3638,,LOT-20260425-651F-005,,,,Pepino,Hibrido F1,2105,cam1_20260430_214026.jpg,ambient,2107,cam1_20260430_214030.jpg,,1,26.4,43,20.2,4175,0,15,0.0,0.0,0,0.0,6,69.6,11.6,0.0,0.0,0,0,0,,2026-05-01 03:40:30
3646,,LOT-20260425-651F-005,,,,Pepino,Hibrido F1,2109,cam1_20260430_215527.jpg,ambient,2111,cam1_20260430_215532.jpg,,1,26.5,43,20.8,4175,0,15,0.0,0.0,0,0.0,6,69.6,11.6,0.0,0.0,0,0,0,,2026-05-01 03:55:32
3654,,LOT-20260425-651F-005,,,,Pepino,Hibrido F1,2113,cam1_20260430_221026.jpg,ambient,2115,cam1_20260430_221030.jpg,,1,26.7,42,20.1,4175,0,15,0.0,0.0,0,0.0,6,69.6,11.6,0.0,0.0,0,0,0,,2026-05-01 04:10:30
3662,,LOT-20260425-651F-005,,,,Pepino,Hibrido F1,2117,cam1_20260430_222526.jpg,ambient,2119,cam1_20260430_222533.jpg,,1,26.5,43,16.8,4175,0,15,0.0,0.0,0,0.0,6,69.6,11.6,0.0,0.0,0,0,0,,2026-05-01 04:25:33
3670,,LOT-20260425-651F-005,,,,Pepino,Hibrido F1,2121,cam1_20260430_224026.jpg,ambient,2123,cam1_20260430_224030.jpg,,1,26.3,42,17.8,4175,0,15,0.0,0.0,0,0.0,6,69.6,11.6,0.0,0.0,0,0,0,,2026-05-01 04:40:30
3678,,LOT-20260425-651F-005,,,,Pepino,Hibrido F1,2125,cam1_20260430_225526.jpg,ambient,2127,cam1_20260430_225530.jpg,,1,26.3,42,17.7,4175,0,15,0.0,0.0,0,0.0,6,69.6,11.6,0.0,0.0,0,0,0,,2026-05-01 04:55:31
3686,,LOT-20260425-651F-005,,,,Pepino,Hibrido F1,2129,cam1_20260430_231027.jpg,ambient,2131,cam1_20260430_231030.jpg,,1,26.1,42,17.1,4175,0,15,0.0,0.0,0,0.0,6,69.6,11.6,0.0,0.0,0,0,0,,2026-05-01 05:10:31
3694,,LOT-20260425-651F-005,,,,Pepino,Hibrido F1,2133,cam1_20260430_232526.jpg,ambient,2135,cam1_20260430_232530.jpg,,1,25.9,41,16.9,4175,0,15,0.0,0.0,0,0.0,6,69.6,11.6,0.0,0.0,0,0,0,,2026-05-01 05:25:31
3702,,LOT-20260425-651F-005,,,,Pepino,Hibrido F1,2137,cam1_20260430_234026.jpg,ambient,2139,cam1_20260430_234030.jpg,,1,26,43,16.8,4175,0,15,0.0,0.0,0,0.0,6,69.6,11.6,0.0,0.0,0,0,0,,2026-05-01 05:40:31
3706,,LOT-20260425-651F-005,,,,Pepino,Hibrido F1,2140,cam1_20260430_235526.jpg,ambient,2142,cam1_20260430_235528.jpg,,1,26,43,16.5,4175,0,15,0.0,0.0,0,0.0,6,69.6,11.6,0.0,0.0,0,0,0,,2026-05-01 05:55:29
3718,,LOT-20260425-651F-005,,,,Pepino,Hibrido F1,2145,cam1_20260501_001027.jpg,ambient,2147,cam1_20260501_001030.jpg,,1,25.7,42,16.3,4175,0,15,0.0,0.0,0,0.0,6,69.6,11.6,0.0,0.0,0,0,0,,2026-05-01 06:10:31
3722,,LOT-20260425-651F-005,,,,Pepino,Hibrido F1,2148,cam1_20260501_002526.jpg,ambient,2150,cam1_20260501_002529.jpg,,1,26.2,44,15.9,4175,0,15,0.0,0.0,0,0.0,6,69.6,11.6,0.0,0.0,0,0,0,,2026-05-01 06:25:29
3734,,LOT-20260425-651F-005,,,,Pepino,Hibrido F1,2153,cam1_20260501_004027.jpg,ambient,2155,cam1_20260501_004030.jpg,,1,25.8,40,15.9,4175,0,15,0.0,0.0,0,0.0,6,69.6,11.6,0.0,0.0,0,0,0,,2026-05-01 06:40:31
3742,,LOT-20260425-651F-005,,,,Pepino,Hibrido F1,2157,cam1_20260501_005526.jpg,ambient,2159,cam1_20260501_005530.jpg,,1,26.5,53,100,4181,0,15,0.0,0.0,0,0.0,6,69.7,11.6,0.0,0.0,0,0,0,,2026-05-01 06:55:31
3750,,LOT-20260425-651F-005,,,,Pepino,Hibrido F1,2161,cam1_20260501_011026.jpg,ambient,2163,cam1_20260501_011030.jpg,,1,27.3,49,100,4195,0,15,0.0,0.0,0,0.0,6,69.9,11.7,0.0,0.0,0,0,0,,2026-05-01 07:10:31
3758,,LOT-20260425-651F-005,,,,Pepino,Hibrido F1,2165,cam1_20260501_012528.jpg,ambient,2167,cam1_20260501_012532.jpg,,1,27.8,48,100,4210,0,15,0.0,0.0,0,0.0,6,70.2,11.7,0.0,0.0,0,0,0,,2026-05-01 07:25:32
3766,,LOT-20260425-651F-005,,,,Pepino,Hibrido F1,2169,cam1_20260501_014026.jpg,ambient,2171,cam1_20260501_014030.jpg,,1,28.1,47,100,4225,0,15,0.0,0.0,0,0.0,6,70.4,11.7,0.0,0.0,0,0,0,,2026-05-01 07:40:31
3774,,LOT-20260425-651F-005,,,,Pepino,Hibrido F1,2173,cam1_20260501_015526.jpg,ambient,2175,cam1_20260501_015531.jpg,,1,28.2,46,100,4240,0,15,0.0,0.0,0,0.0,6,70.7,11.8,0.0,0.0,0,0,0,,2026-05-01 07:55:31
3778,,LOT-20260425-651F-005,,,,Pepino,Hibrido F1,2176,cam1_20260501_021026.jpg,ambient,2178,cam1_20260501_021028.jpg,,1,28.4,45,100,4255,0,15,0.0,0.0,0,0.0,6,70.9,11.8,0.0,0.0,0,0,0,,2026-05-01 08:10:29
3790,,LOT-20260425-651F-005,,,,Pepino,Hibrido F1,2181,cam1_20260501_022526.jpg,ambient,2183,cam1_20260501_022532.jpg,,1,28.3,44,100,4270,0,15,0.0,0.0,0,0.0,6,71.2,11.9,0.0,0.0,0,0,0,,2026-05-01 08:25:32
3798,,LOT-20260425-651F-005,,,,Pepino,Hibrido F1,2185,cam1_20260501_024026.jpg,ambient,2187,cam1_20260501_024031.jpg,,1,28.2,43,100,4285,0,15,0.0,0.0,0,0.0,6,71.4,11.9,0.0,0.0,0,0,0,,2026-05-01 08:40:32
3806,,LOT-20260425-651F-005,,,,Pepino,Hibrido F1,2189,cam1_20260501_025526.jpg,ambient,2191,cam1_20260501_025530.jpg,,1,28.4,44,100,4300,0,15,0.0,0.0,0,0.0,6,71.7,11.9,0.0,0.0,0,0,0,,2026-05-01 08:55:31
3814,,LOT-20260425-651F-005,,,,Pepino,Hibrido F1,2193,cam1_20260501_031026.jpg,ambient,2195,cam1_20260501_031030.jpg,,1,28.4,43,100,4315,0,15,0.0,0.0,0,0.0,6,71.9,12.0,0.0,0.0,0,0,0,,2026-05-01 09:10:31
3822,,LOT-20260425-651F-005,,,,Pepino,Hibrido F1,2197,cam1_20260501_032526.jpg,ambient,2199,cam1_20260501_032530.jpg,,1,28.4,44,100,4330,0,15,0.0,0.0,0,0.0,6,72.2,12.0,0.0,0.0,0,0,0,,2026-05-01 09:25:31
3830,,LOT-20260425-651F-005,,,,Pepino,Hibrido F1,2201,cam1_20260501_034026.jpg,ambient,2203,cam1_20260501_034030.jpg,,1,28.7,45,100,4345,0,15,0.0,0.0,0,0.0,6,72.4,12.1,0.0,0.0,0,0,0,,2026-05-01 09:40:31
3838,,LOT-20260425-651F-005,,,,Pepino,Hibrido F1,2205,cam1_20260501_035526.jpg,ambient,2207,cam1_20260501_035530.jpg,,1,28.4,43,100,4360,0,15,0.0,0.0,0,0.0,6,72.7,12.1,0.0,0.0,0,0,0,,2026-05-01 09:55:31
3846,,LOT-20260425-651F-005,,,,Pepino,Hibrido F1,2209,cam1_20260501_041026.jpg,ambient,2211,cam1_20260501_041030.jpg,,1,28.3,44,100,4375,0,15,0.0,0.0,0,0.0,6,72.9,12.2,0.0,0.0,0,0,0,,2026-05-01 10:10:31
3854,,LOT-20260425-651F-005,,,,Pepino,Hibrido F1,2213,cam1_20260501_042526.jpg,ambient,2215,cam1_20260501_042530.jpg,,1,28.4,43,100,4390,0,15,0.0,0.0,0,0.0,6,73.2,12.2,0.0,0.0,0,0,0,,2026-05-01 10:25:31
3862,,LOT-20260425-651F-005,,,,Pepino,Hibrido F1,2217,cam1_20260501_044027.jpg,ambient,2219,cam1_20260501_044031.jpg,,1,28.3,44,100,4405,0,15,0.0,0.0,0,0.0,6,73.4,12.2,0.0,0.0,0,0,0,,2026-05-01 10:40:32
3870,,LOT-20260425-651F-005,,,,Pepino,Hibrido F1,2221,cam1_20260501_045527.jpg,ambient,2223,cam1_20260501_045531.jpg,,1,28.4,44,100,4420,0,15,0.0,0.0,0,0.0,6,73.7,12.3,0.0,0.0,0,0,0,,2026-05-01 10:55:32
3874,,LOT-20260425-651F-005,,,,Pepino,Hibrido F1,2224,cam1_20260501_051026.jpg,ambient,2226,cam1_20260501_051028.jpg,,1,28.3,43,100,4435,0,15,0.0,0.0,0,0.0,6,73.9,12.3,0.0,0.0,0,0,0,,2026-05-01 11:10:29
3886,,LOT-20260425-651F-005,,,,Pepino,Hibrido F1,2229,cam1_20260501_052526.jpg,ambient,2231,cam1_20260501_052530.jpg,,1,28.2,43,100,4449,0,15,0.0,0.0,0,0.0,6,74.2,12.4,0.0,0.0,0,0,0,,2026-05-01 11:25:31
3894,,LOT-20260425-651F-005,,,,Pepino,Hibrido F1,2233,cam1_20260501_054026.jpg,ambient,2235,cam1_20260501_054030.jpg,,1,28.2,43,100,4464,0,15,0.0,0.0,0,0.0,6,74.4,12.4,0.0,0.0,0,0,0,,2026-05-01 11:40:31
3902,,LOT-20260425-651F-005,,,,Pepino,Hibrido F1,2237,cam1_20260501_055527.jpg,ambient,2239,cam1_20260501_055530.jpg,,1,28.2,43,100,4479,0,15,0.0,0.0,0,0.0,6,74.7,12.4,0.0,0.0,0,0,0,,2026-05-01 11:55:31
3910,,LOT-20260425-651F-005,,,,Pepino,Hibrido F1,2241,cam1_20260501_061027.jpg,ambient,2243,cam1_20260501_061031.jpg,,1,28.2,44,100,4494,0,15,0.0,0.0,0,0.0,6,74.9,12.5,0.0,0.0,0,0,0,,2026-05-01 12:10:32
3918,,LOT-20260425-651F-005,,,,Pepino,Hibrido F1,2245,cam1_20260501_062527.jpg,ambient,2247,cam1_20260501_062530.jpg,,1,28.2,47,100,4509,0,15,0.0,0.0,0,0.0,6,75.2,12.5,0.0,0.0,0,0,0,,2026-05-01 12:25:31
3926,,LOT-20260425-651F-005,,,,Pepino,Hibrido F1,2249,cam1_20260501_064026.jpg,ambient,2251,cam1_20260501_064030.jpg,,1,28.2,45,100,4524,0,15,0.0,0.0,0,0.0,6,75.4,12.6,0.0,0.0,0,0,0,,2026-05-01 12:40:31
3934,,LOT-20260425-651F-005,,,,Pepino,Hibrido F1,2253,cam1_20260501_065526.jpg,ambient,2255,cam1_20260501_065530.jpg,,1,28.2,46,100,4539,0,15,0.0,0.0,0,0.0,6,75.7,12.6,0.0,0.0,0,0,0,,2026-05-01 12:55:31
3942,,LOT-20260425-651F-005,,,,Pepino,Hibrido F1,2257,cam1_20260501_071027.jpg,ambient,2259,cam1_20260501_071030.jpg,,1,28.1,47,100,4554,0,15,0.0,0.0,0,0.0,6,75.9,12.7,0.0,0.0,0,0,0,,2026-05-01 13:10:31
3950,,LOT-20260425-651F-005,,,,Pepino,Hibrido F1,2261,cam1_20260501_072526.jpg,ambient,2263,cam1_20260501_072530.jpg,,1,28.1,46,100,4569,0,15,0.0,0.0,0,0.0,6,76.2,12.7,0.0,0.0,0,0,0,,2026-05-01 13:25:31
3954,,LOT-20260425-651F-005,,,,Pepino,Hibrido F1,2264,cam1_20260501_074027.jpg,ambient,2266,cam1_20260501_074029.jpg,,1,28.1,47,100,4584,0,15,0.0,0.0,0,0.0,6,76.4,12.7,0.0,0.0,0,0,0,,2026-05-01 13:40:30
3966,,LOT-20260425-651F-005,,,,Pepino,Hibrido F1,2269,cam1_20260501_075527.jpg,ambient,2271,cam1_20260501_075531.jpg,,1,28.1,47,100,4599,0,15,0.0,0.0,0,0.0,6,76.7,12.8,0.0,0.0,0,0,0,,2026-05-01 13:55:32
3974,,LOT-20260425-651F-005,,,,Pepino,Hibrido F1,2273,cam1_20260501_081027.jpg,ambient,2275,cam1_20260501_081031.jpg,,1,28,47,100,4614,0,15,0.0,0.0,0,0.0,6,76.9,12.8,0.0,0.0,0,0,0,,2026-05-01 14:10:32
3982,,LOT-20260425-651F-005,,,,Pepino,Hibrido F1,2277,cam1_20260501_082526.jpg,ambient,2279,cam1_20260501_082532.jpg,,1,28.2,47,100,4629,0,15,0.0,0.0,0,0.0,6,77.2,12.9,0.0,0.0,0,0,0,,2026-05-01 14:25:32
3986,,LOT-20260425-651F-005,,,,Pepino,Hibrido F1,2280,cam1_20260501_100143.jpg,ambient,2282,cam1_20260501_100145.jpg,,1,27.3,54,100,4725,0,15,0.0,0.0,0,0.0,6,78.8,13.1,0.0,0.0,0,0,0,,2026-05-01 16:01:46
4006,,LOT-20260425-651F-005,,,,Pepino,Hibrido F1,2289,cam1_20260501_144320.jpg,ambient,2291,cam1_20260501_144329.jpg,,1,27.2,48,100,4926,0,15,0.0,34.0,0,0.0,6,82.1,13.7,0.6,0.1,0,0,0,,2026-05-01 20:43:30
4014,,LOT-20260425-651F-005,,,,Pepino,Hibrido F1,2293,cam1_20260501_145820.jpg,ambient,2295,cam1_20260501_145826.jpg,,1,27.3,46,100,4941,0,15,0.0,34.0,0,0.0,6,82.3,13.7,0.6,0.1,0,0,0,,2026-05-01 20:58:27
4022,,LOT-20260425-651F-005,,,,Pepino,Hibrido F1,2297,cam1_20260501_151321.jpg,ambient,2299,cam1_20260501_151324.jpg,,1,27.2,44,100,4956,0,15,0.0,34.0,0,0.0,6,82.6,13.8,0.6,0.1,0,0,0,,2026-05-01 21:13:25
4026,,LOT-20260425-651F-005,,,,Pepino,Hibrido F1,2300,cam1_20260501_152820.jpg,ambient,2302,cam1_20260501_152823.jpg,,1,27.3,48,100,4971,0,15,0.0,34.0,0,0.0,6,82.8,13.8,0.6,0.1,0,0,0,,2026-05-01 21:28:24
4038,,LOT-20260425-651F-005,,,,Pepino,Hibrido F1,2305,cam1_20260501_154321.jpg,ambient,2307,cam1_20260501_154325.jpg,,1,28.2,57,100,4986,0,15,0.0,34.0,0,0.0,6,83.1,13.8,0.6,0.1,0,0,0,,2026-05-01 21:43:26
4046,,LOT-20260425-651F-005,,,,Pepino,Hibrido F1,2309,cam1_20260501_155820.jpg,ambient,2311,cam1_20260501_155825.jpg,,1,28.4,56,100,5001,0,15,0.0,34.0,0,0.0,6,83.3,13.9,0.6,0.1,0,0,0,,2026-05-01 21:58:26
4054,,LOT-20260425-651F-005,,,,Pepino,Hibrido F1,2313,cam1_20260501_161320.jpg,ambient,2315,cam1_20260501_161325.jpg,,1,28.5,55,100,5016,0,15,0.0,34.0,0,0.0,6,83.6,13.9,0.6,0.1,0,0,0,,2026-05-01 22:13:26
4062,,LOT-20260425-651F-005,,,,Pepino,Hibrido F1,2317,cam1_20260501_162821.jpg,ambient,2319,cam1_20260501_162826.jpg,,1,28.7,54,100,5031,0,15,0.0,34.0,0,0.0,6,83.8,14.0,0.6,0.1,0,0,0,,2026-05-01 22:28:27
4070,,LOT-20260425-651F-005,,,,Pepino,Hibrido F1,2321,cam1_20260501_164322.jpg,ambient,2323,cam1_20260501_164326.jpg,,1,28.8,54,100,5046,0,15,0.0,34.0,0,0.0,6,84.1,14.0,0.6,0.1,0,0,0,,2026-05-01 22:43:27
4074,,LOT-20260425-651F-005,,,,Pepino,Hibrido F1,2324,cam1_20260501_165820.jpg,ambient,2326,cam1_20260501_165823.jpg,,1,28.7,53,100,5061,0,15,0.0,34.0,0,0.0,6,84.3,14.1,0.6,0.1,0,0,0,,2026-05-01 22:58:24
4086,,LOT-20260425-651F-005,,,,Pepino,Hibrido F1,2329,cam1_20260501_171320.jpg,ambient,2331,cam1_20260501_171326.jpg,,1,28.9,53,100,5076,0,15,0.0,34.0,0,0.0,6,84.6,14.1,0.6,0.1,0,0,0,,2026-05-01 23:13:27
4098,,LOT-20260425-651F-005,,,,Pepino,Hibrido F1,2335,cam1_20260501_195933.jpg,ambient,2337,cam1_20260501_195941.jpg,,1,29,46,100,5239,0,15,0.0,35.0,0,0.0,7,87.3,12.5,0.6,0.1,0,0,0,,2026-05-02 01:59:42
4106,,LOT-20260425-651F-005,,,,Pepino,Hibrido F1,2339,cam1_20260501_201433.jpg,ambient,2341,cam1_20260501_201439.jpg,,1,28.6,48,100,5239,0,15,0.0,35.0,0,0.0,7,87.3,12.5,0.6,0.1,0,0,0,,2026-05-02 02:14:40
4110,,LOT-20260425-651F-005,,,,Pepino,Hibrido F1,2342,cam1_20260501_202933.jpg,ambient,2344,cam1_20260501_202937.jpg,,1,28.5,50,100,5239,0,15,0.0,35.0,0,0.0,7,87.3,12.5,0.6,0.1,0,0,0,,2026-05-02 02:29:38
4122,,LOT-20260425-651F-005,,,,Pepino,Hibrido F1,2347,cam1_20260501_204435.jpg,ambient,2349,cam1_20260501_204446.jpg,,1,28.2,43,100,5241,0,15,0.0,35.0,0,0.0,7,87.3,12.5,0.6,0.1,0,0,0,,2026-05-02 02:44:47
4366,,LOT-20260425-651F-005,,,,Pepino,Hibrido F1,2470,cam1_20260502_184455.jpg,ambient,2472,cam1_20260502_184458.jpg,,1,27.3,36,100,6558,0,15,0.0,65.0,0,0.0,8,109.3,13.7,1.1,0.1,0,0,0,,2026-05-03 00:44:58
4374,,LOT-20260425-651F-005,,,,Pepino,Hibrido F1,2474,cam1_20260502_185955.jpg,ambient,2476,cam1_20260502_185958.jpg,,1,27.3,39,100,6573,0,15,0.0,65.0,0,0.0,8,109.5,13.7,1.1,0.1,0,0,0,,2026-05-03 00:59:58
4570,,LOT-20260425-651F-005,,,,Pepino,Hibrido F1,2571,cam1_20260503_005955.jpg,ambient,2573,cam1_20260503_010000.jpg,,1,27,61,100,6635,0,15,0.0,65.0,0,0.0,8,110.6,13.8,1.1,0.1,0,0,0,,2026-05-03 07:00:01
4578,,LOT-20260425-651F-005,,,,Pepino,Hibrido F1,2575,cam1_20260503_011455.jpg,ambient,2577,cam1_20260503_011500.jpg,,1,27,62,100,6635,0,15,0.0,65.0,0,0.0,8,110.6,13.8,1.1,0.1,0,0,0,,2026-05-03 07:15:01
4586,,LOT-20260425-651F-005,,,,Pepino,Hibrido F1,2579,cam1_20260503_012955.jpg,ambient,2581,cam1_20260503_013000.jpg,,1,27,60,100,6635,0,15,0.0,65.0,0,0.0,8,110.6,13.8,1.1,0.1,0,0,0,,2026-05-03 07:30:01
4594,,LOT-20260425-651F-005,,,,Pepino,Hibrido F1,2583,cam1_20260503_014455.jpg,ambient,2585,cam1_20260503_014500.jpg,,1,27.2,61,100,6635,0,15,0.0,65.0,0,0.0,8,110.6,13.8,1.1,0.1,0,0,0,,2026-05-03 07:45:01
4602,,LOT-20260425-651F-005,,,,Pepino,Hibrido F1,2587,cam1_20260503_015955.jpg,ambient,2589,cam1_20260503_020000.jpg,,1,26.8,60,100,6635,0,15,0.0,65.0,0,0.0,8,110.6,13.8,1.1,0.1,0,0,0,,2026-05-03 08:00:01
4610,,LOT-20260425-651F-005,,,,Pepino,Hibrido F1,2591,cam1_20260503_021455.jpg,ambient,2593,cam1_20260503_021500.jpg,,1,27.1,59,82.4,6635,0,15,0.0,65.0,0,0.0,8,110.6,13.8,1.1,0.1,0,0,0,,2026-05-03 08:15:01
4618,,LOT-20260425-651F-005,,,,Pepino,Hibrido F1,2595,cam1_20260503_022955.jpg,ambient,2597,cam1_20260503_023000.jpg,,1,27.1,60,77.8,6636,0,15,0.0,65.0,0,0.0,8,110.6,13.8,1.1,0.1,0,0,0,,2026-05-03 08:30:01
4626,,LOT-20260425-651F-005,,,,Pepino,Hibrido F1,2599,cam1_20260503_024455.jpg,ambient,2601,cam1_20260503_024500.jpg,,1,27.2,62,58,6636,0,15,0.0,65.0,0,0.0,8,110.6,13.8,1.1,0.1,0,0,0,,2026-05-03 08:45:01
4634,,LOT-20260425-651F-005,,,,Pepino,Hibrido F1,2603,cam1_20260503_025955.jpg,ambient,2605,cam1_20260503_030000.jpg,,1,27.2,61,100,6636,0,15,0.0,65.0,0,0.0,8,110.6,13.8,1.1,0.1,0,0,0,,2026-05-03 09:00:01
4642,,LOT-20260425-651F-005,,,,Pepino,Hibrido F1,2607,cam1_20260503_031455.jpg,ambient,2609,cam1_20260503_031500.jpg,,1,27,59,71.4,6636,0,15,0.0,65.0,0,0.0,8,110.6,13.8,1.1,0.1,0,0,0,,2026-05-03 09:15:01
4650,,LOT-20260425-651F-005,,,,Pepino,Hibrido F1,2611,cam1_20260503_032955.jpg,ambient,2613,cam1_20260503_033000.jpg,,1,27,62,99.1,6636,0,15,0.0,65.0,0,0.0,8,110.6,13.8,1.1,0.1,0,0,0,,2026-05-03 09:30:01
4658,,LOT-20260425-651F-005,,,,Pepino,Hibrido F1,2615,cam1_20260503_034455.jpg,ambient,2617,cam1_20260503_034500.jpg,,1,27.2,61,56.3,6636,0,15,0.0,65.0,0,0.0,8,110.6,13.8,1.1,0.1,0,0,0,,2026-05-03 09:45:01
4666,,LOT-20260425-651F-005,,,,Pepino,Hibrido F1,2619,cam1_20260503_035955.jpg,ambient,2621,cam1_20260503_040000.jpg,,1,27,61,52.7,6636,0,15,0.0,65.0,0,0.0,8,110.6,13.8,1.1,0.1,0,0,0,,2026-05-03 10:00:01
4674,,LOT-20260425-651F-005,,,,Pepino,Hibrido F1,2623,cam1_20260503_041455.jpg,ambient,2625,cam1_20260503_041500.jpg,,1,27.2,62,48,6636,0,15,0.0,65.0,0,0.0,8,110.6,13.8,1.1,0.1,0,0,0,,2026-05-03 10:15:01
4682,,LOT-20260425-651F-005,,,,Pepino,Hibrido F1,2627,cam1_20260503_042955.jpg,ambient,2629,cam1_20260503_043000.jpg,,1,26.8,59,75,6636,0,15,0.0,65.0,0,0.0,8,110.6,13.8,1.1,0.1,0,0,0,,2026-05-03 10:30:01
4690,,LOT-20260425-651F-005,,,,Pepino,Hibrido F1,2631,cam1_20260503_044455.jpg,ambient,2633,cam1_20260503_044500.jpg,,1,26.7,60,47.8,6636,0,15,0.0,65.0,0,0.0,8,110.6,13.8,1.1,0.1,0,0,0,,2026-05-03 10:45:01
4698,,LOT-20260425-651F-005,,,,Pepino,Hibrido F1,2635,cam1_20260503_045955.jpg,ambient,2637,cam1_20260503_050000.jpg,,1,27.2,61,47.1,6636,0,15,0.0,65.0,0,0.0,8,110.6,13.8,1.1,0.1,0,0,0,,2026-05-03 11:00:01
4706,,LOT-20260425-651F-005,,,,Pepino,Hibrido F1,2639,cam1_20260503_051455.jpg,ambient,2641,cam1_20260503_051500.jpg,,1,26.8,61,47.6,6636,0,15,0.0,65.0,0,0.0,8,110.6,13.8,1.1,0.1,0,0,0,,2026-05-03 11:15:01
4714,,LOT-20260425-651F-005,,,,Pepino,Hibrido F1,2643,cam1_20260503_053055.jpg,ambient,2645,cam1_20260503_053100.jpg,,1,27.2,60,49.1,6636,0,15,0.0,65.0,0,0.0,8,110.6,13.8,1.1,0.1,0,0,0,,2026-05-03 11:31:01
4722,,LOT-20260425-651F-005,,,,Pepino,Hibrido F1,2647,cam1_20260503_054555.jpg,ambient,2649,cam1_20260503_054600.jpg,,1,26.8,60,48.9,6636,0,15,0.0,65.0,0,0.0,8,110.6,13.8,1.1,0.1,0,0,0,,2026-05-03 11:46:01
4730,,LOT-20260425-651F-005,,,,Pepino,Hibrido F1,2651,cam1_20260503_060055.jpg,ambient,2653,cam1_20260503_060100.jpg,,1,27.2,60,47.4,6636,0,15,0.0,65.0,0,0.0,8,110.6,13.8,1.1,0.1,0,0,0,,2026-05-03 12:01:01
4738,,LOT-20260425-651F-005,,,,Pepino,Hibrido F1,2655,cam1_20260503_061555.jpg,ambient,2657,cam1_20260503_061600.jpg,,1,27,60,48.1,6636,0,15,0.0,65.0,0,0.0,8,110.6,13.8,1.1,0.1,0,0,0,,2026-05-03 12:16:01
4746,,LOT-20260425-651F-005,,,,Pepino,Hibrido F1,2659,cam1_20260503_063055.jpg,ambient,2661,cam1_20260503_063100.jpg,,1,26.9,62,49,6636,0,15,0.0,65.0,0,0.0,8,110.6,13.8,1.1,0.1,0,0,0,,2026-05-03 12:31:01
4754,,LOT-20260425-651F-005,,,,Pepino,Hibrido F1,2663,cam1_20260503_064555.jpg,ambient,2665,cam1_20260503_064600.jpg,,1,26.8,60,48.4,6636,0,15,0.0,65.0,0,0.0,8,110.6,13.8,1.1,0.1,0,0,0,,2026-05-03 12:46:01
4762,,LOT-20260425-651F-005,,,,Pepino,Hibrido F1,2667,cam1_20260503_070056.jpg,ambient,2669,cam1_20260503_070100.jpg,,1,26.9,61,46.5,6636,0,15,0.0,65.0,0,0.0,8,110.6,13.8,1.1,0.1,0,0,0,,2026-05-03 13:01:01
4770,,LOT-20260425-651F-005,,,,Pepino,Hibrido F1,2671,cam1_20260503_071555.jpg,ambient,2673,cam1_20260503_071600.jpg,,1,26.9,59,49.5,6636,0,15,0.0,65.0,0,0.0,8,110.6,13.8,1.1,0.1,0,0,0,,2026-05-03 13:16:01
4778,,LOT-20260425-651F-005,,,,Pepino,Hibrido F1,2675,cam1_20260503_073056.jpg,ambient,2677,cam1_20260503_073100.jpg,,1,26.8,59,47.1,6636,0,15,0.0,65.0,0,0.0,8,110.6,13.8,1.1,0.1,0,0,0,,2026-05-03 13:31:01
4786,,LOT-20260425-651F-005,,,,Pepino,Hibrido F1,2679,cam1_20260503_074555.jpg,ambient,2681,cam1_20260503_074600.jpg,,1,26.7,60,48.9,6636,0,15,0.0,65.0,0,0.0,8,110.6,13.8,1.1,0.1,0,0,0,,2026-05-03 13:46:01
4794,,LOT-20260425-651F-005,,,,Pepino,Hibrido F1,2683,cam1_20260503_080055.jpg,ambient,2685,cam1_20260503_080100.jpg,,1,26.5,57,48.9,6637,0,15,0.0,65.0,0,0.0,8,110.6,13.8,1.1,0.1,0,0,0,,2026-05-03 14:01:01
4802,,LOT-20260425-651F-005,,,,Pepino,Hibrido F1,2687,cam1_20260503_081555.jpg,ambient,2689,cam1_20260503_081600.jpg,,1,27.2,57,48.7,6652,0,15,0.0,65.0,0,0.0,8,110.9,13.9,1.1,0.1,0,0,0,,2026-05-03 14:16:01
4810,,LOT-20260425-651F-005,,,,Pepino,Hibrido F1,2691,cam1_20260503_083055.jpg,ambient,2693,cam1_20260503_083100.jpg,,1,27.4,55,47.6,6667,0,15,0.0,65.0,0,0.0,8,111.1,13.9,1.1,0.1,0,0,0,,2026-05-03 14:31:01
4818,,LOT-20260425-651F-005,,,,Pepino,Hibrido F1,2695,cam1_20260503_084555.jpg,ambient,2697,cam1_20260503_084600.jpg,,1,27.5,56,49.6,6682,0,15,0.0,65.0,0,0.0,8,111.4,13.9,1.1,0.1,0,0,0,,2026-05-03 14:46:01
4826,,LOT-20260425-651F-005,,,,Pepino,Hibrido F1,2699,cam1_20260503_090055.jpg,ambient,2701,cam1_20260503_090100.jpg,,1,27.6,56,49,6697,0,15,0.0,65.0,0,0.0,8,111.6,14.0,1.1,0.1,0,0,0,,2026-05-03 15:01:01
4834,,LOT-20260425-651F-005,,,,Pepino,Hibrido F1,2703,cam1_20260503_091555.jpg,ambient,2705,cam1_20260503_091600.jpg,,1,27.6,55,47.2,6712,0,15,0.0,65.0,0,0.0,8,111.9,14.0,1.1,0.1,0,0,0,,2026-05-03 15:16:01
4842,,LOT-20260425-651F-005,,,,Pepino,Hibrido F1,2707,cam1_20260503_093055.jpg,ambient,2709,cam1_20260503_093100.jpg,,1,27.8,56,46.4,6727,0,15,0.0,65.0,0,0.0,8,112.1,14.0,1.1,0.1,0,0,0,,2026-05-03 15:31:01
4850,,LOT-20260425-651F-005,,,,Pepino,Hibrido F1,2711,cam1_20260503_094555.jpg,ambient,2713,cam1_20260503_094600.jpg,,1,27.9,55,61.6,6741,0,15,0.0,65.0,0,0.0,8,112.3,14.0,1.1,0.1,0,0,0,,2026-05-03 15:46:01
4858,,LOT-20260425-651F-005,,,,Pepino,Hibrido F1,2715,cam1_20260503_100055.jpg,ambient,2717,cam1_20260503_100100.jpg,,1,28,58,50.9,6756,0,15,0.0,65.0,0,0.0,8,112.6,14.1,1.1,0.1,0,0,0,,2026-05-03 16:01:01
4866,,LOT-20260425-651F-005,,,,Pepino,Hibrido F1,2719,cam1_20260503_101555.jpg,ambient,2721,cam1_20260503_101600.jpg,,1,28.1,57,49.9,6771,0,15,0.0,65.0,0,0.0,8,112.8,14.1,1.1,0.1,0,0,0,,2026-05-03 16:16:01
4874,,LOT-20260425-651F-005,,,,Pepino,Hibrido F1,2723,cam1_20260503_103055.jpg,ambient,2725,cam1_20260503_103100.jpg,,1,28.2,56,48.4,6786,0,15,0.0,65.0,0,0.0,8,113.1,14.1,1.1,0.1,0,0,0,,2026-05-03 16:31:01
4882,,LOT-20260425-651F-005,,,,Pepino,Hibrido F1,2727,cam1_20260503_104555.jpg,ambient,2729,cam1_20260503_104600.jpg,,1,28.2,53,48.4,6801,0,15,0.0,65.0,0,0.0,8,113.3,14.2,1.1,0.1,0,0,0,,2026-05-03 16:46:01
4890,,LOT-20260425-651F-005,,,,Pepino,Hibrido F1,2731,cam1_20260503_110055.jpg,ambient,2733,cam1_20260503_110100.jpg,,1,28.2,55,49,6816,0,15,0.0,65.0,0,0.0,8,113.6,14.2,1.1,0.1,0,0,0,,2026-05-03 17:01:01
4898,,LOT-20260425-651F-005,,,,Pepino,Hibrido F1,2735,cam1_20260503_111556.jpg,ambient,2737,cam1_20260503_111600.jpg,,1,28.5,54,48.9,6831,0,15,0.0,65.0,0,0.0,8,113.8,14.2,1.1,0.1,0,0,0,,2026-05-03 17:16:01
4906,,LOT-20260425-651F-005,,,,Pepino,Hibrido F1,2739,cam1_20260503_113056.jpg,ambient,2741,cam1_20260503_113100.jpg,,1,28.5,51,49,6846,0,15,0.0,65.0,0,0.0,8,114.1,14.3,1.1,0.1,0,0,0,,2026-05-03 17:31:01
4914,,LOT-20260425-651F-005,,,,Pepino,Hibrido F1,2743,cam1_20260503_114556.jpg,ambient,2745,cam1_20260503_114600.jpg,,1,28.5,50,49,6861,0,15,0.0,65.0,0,0.0,8,114.3,14.3,1.1,0.1,0,0,0,,2026-05-03 17:46:01
4922,,LOT-20260425-651F-005,,,,Pepino,Hibrido F1,2747,cam1_20260503_120056.jpg,ambient,2749,cam1_20260503_120100.jpg,,1,28.7,56,48.6,6876,0,15,0.0,65.0,0,0.0,8,114.6,14.3,1.1,0.1,0,0,0,,2026-05-03 18:01:01
4930,,LOT-20260425-651F-005,,,,Pepino,Hibrido F1,2751,cam1_20260503_121555.jpg,ambient,2753,cam1_20260503_121600.jpg,,1,28.8,53,47.8,6891,0,15,0.0,65.0,0,0.0,8,114.8,14.4,1.1,0.1,0,0,0,,2026-05-03 18:16:01
4938,,LOT-20260425-651F-005,,,,Pepino,Hibrido F1,2755,cam1_20260503_123056.jpg,ambient,2757,cam1_20260503_123100.jpg,,1,28.8,53,48.1,6906,0,15,0.0,65.0,0,0.0,8,115.1,14.4,1.1,0.1,0,0,0,,2026-05-03 18:31:01
4946,,LOT-20260425-651F-005,,,,Pepino,Hibrido F1,2759,cam1_20260503_124555.jpg,ambient,2761,cam1_20260503_124600.jpg,,1,28.8,54,48.1,6921,0,15,0.0,65.0,0,0.0,8,115.3,14.4,1.1,0.1,0,0,0,,2026-05-03 18:46:01
4954,,LOT-20260425-651F-005,,,,Pepino,Hibrido F1,2763,cam1_20260503_130056.jpg,ambient,2765,cam1_20260503_130100.jpg,,1,28.8,53,47.5,6935,0,15,0.0,65.0,0,0.0,8,115.6,14.4,1.1,0.1,0,0,0,,2026-05-03 19:01:01
4962,,LOT-20260425-651F-005,,,,Pepino,Hibrido F1,2767,cam1_20260503_131556.jpg,ambient,2769,cam1_20260503_131600.jpg,,1,28.7,49,47.5,6950,0,15,0.0,65.0,0,0.0,8,115.8,14.5,1.1,0.1,0,0,0,,2026-05-03 19:16:01
4970,,LOT-20260425-651F-005,,,,Pepino,Hibrido F1,2771,cam1_20260503_133056.jpg,ambient,2773,cam1_20260503_133100.jpg,,1,28.8,53,47,6965,0,15,0.0,65.0,0,0.0,8,116.1,14.5,1.1,0.1,0,0,0,,2026-05-03 19:31:01
4978,,LOT-20260425-651F-005,,,,Pepino,Hibrido F1,2775,cam1_20260503_134556.jpg,ambient,2777,cam1_20260503_134600.jpg,,1,29,52,47,6980,0,15,0.0,65.0,0,0.0,8,116.3,14.5,1.1,0.1,0,0,0,,2026-05-03 19:46:01
4986,,LOT-20260425-651F-005,,,,Pepino,Hibrido F1,2779,cam1_20260503_140056.jpg,ambient,2781,cam1_20260503_140100.jpg,,1,28.9,48,46.7,6995,0,15,0.0,65.0,0,0.0,8,116.6,14.6,1.1,0.1,0,0,0,,2026-05-03 20:01:01
4994,,LOT-20260425-651F-005,,,,Pepino,Hibrido F1,2783,cam1_20260503_141556.jpg,ambient,2785,cam1_20260503_141600.jpg,,1,28.9,45,44.1,7010,0,15,0.0,65.0,0,0.0,8,116.8,14.6,1.1,0.1,0,0,0,,2026-05-03 20:16:01
5002,,LOT-20260425-651F-005,,,,Pepino,Hibrido F1,2787,cam1_20260503_143056.jpg,ambient,2789,cam1_20260503_143100.jpg,,1,28.9,52,45.8,7025,0,15,0.0,65.0,0,0.0,8,117.1,14.6,1.1,0.1,0,0,0,,2026-05-03 20:31:01
5010,,LOT-20260425-651F-005,,,,Pepino,Hibrido F1,2791,cam1_20260503_144556.jpg,ambient,2793,cam1_20260503_144600.jpg,,1,28.9,44,46.1,7040,0,15,0.0,65.0,0,0.0,8,117.3,14.7,1.1,0.1,0,0,0,,2026-05-03 20:46:01
5018,,LOT-20260425-651F-005,,,,Pepino,Hibrido F1,2795,cam1_20260503_150056.jpg,ambient,2797,cam1_20260503_150100.jpg,,1,29,46,45.7,7055,0,15,0.0,65.0,0,0.0,8,117.6,14.7,1.1,0.1,0,0,0,,2026-05-03 21:01:01
5026,,LOT-20260425-651F-005,,,,Pepino,Hibrido F1,2799,cam1_20260503_151556.jpg,ambient,2801,cam1_20260503_151600.jpg,,1,29,50,45.7,7070,0,15,0.0,65.0,0,0.0,8,117.8,14.7,1.1,0.1,0,0,0,,2026-05-03 21:16:01
5034,,LOT-20260425-651F-005,,,,Pepino,Hibrido F1,2803,cam1_20260503_153056.jpg,ambient,2805,cam1_20260503_153100.jpg,,1,29.2,49,45.3,7085,0,15,0.0,65.0,0,0.0,8,118.1,14.8,1.1,0.1,0,0,0,,2026-05-03 21:31:01
5042,,LOT-20260425-651F-005,,,,Pepino,Hibrido F1,2807,cam1_20260503_154556.jpg,ambient,2809,cam1_20260503_154600.jpg,,1,29.3,48,45.2,7100,0,15,0.0,65.0,0,0.0,8,118.3,14.8,1.1,0.1,0,0,0,,2026-05-03 21:46:01
5050,,LOT-20260425-651F-005,,,,Pepino,Hibrido F1,2811,cam1_20260503_160056.jpg,ambient,2813,cam1_20260503_160100.jpg,,1,29.3,46,44.6,7114,0,15,0.0,65.0,0,0.0,8,118.6,14.8,1.1,0.1,0,0,0,,2026-05-03 22:01:01
5058,,LOT-20260425-651F-005,,,,Pepino,Hibrido F1,2815,cam1_20260503_161556.jpg,ambient,2817,cam1_20260503_161600.jpg,,1,29.4,47,44.3,7129,0,15,0.0,65.0,0,0.0,8,118.8,14.9,1.1,0.1,0,0,0,,2026-05-03 22:16:01
5066,,LOT-20260425-651F-005,,,,Pepino,Hibrido F1,2819,cam1_20260503_163056.jpg,ambient,2821,cam1_20260503_163100.jpg,,1,29.4,47,44,7144,0,15,0.0,65.0,0,0.0,8,119.1,14.9,1.1,0.1,0,0,0,,2026-05-03 22:31:01
5074,,LOT-20260425-651F-005,,,,Pepino,Hibrido F1,2823,cam1_20260503_164556.jpg,ambient,2825,cam1_20260503_164600.jpg,,1,29.5,45,44.3,7159,0,15,0.0,65.0,0,0.0,8,119.3,14.9,1.1,0.1,0,0,0,,2026-05-03 22:46:01
5082,,LOT-20260425-651F-005,,,,Pepino,Hibrido F1,2827,cam1_20260503_170056.jpg,ambient,2829,cam1_20260503_170100.jpg,,1,29.5,44,43.5,7174,0,15,0.0,65.0,0,0.0,8,119.6,14.9,1.1,0.1,0,0,0,,2026-05-03 23:01:01
5090,,LOT-20260425-651F-005,,,,Pepino,Hibrido F1,2831,cam1_20260503_171556.jpg,ambient,2833,cam1_20260503_171600.jpg,,1,29.5,48,43.4,7189,0,15,0.0,65.0,0,0.0,8,119.8,15.0,1.1,0.1,0,0,0,,2026-05-03 23:16:01
5098,,LOT-20260425-651F-005,,,,Pepino,Hibrido F1,2835,cam1_20260503_173056.jpg,ambient,2837,cam1_20260503_173100.jpg,,1,29.5,38,41,7204,0,15,0.0,65.0,0,0.0,8,120.1,15.0,1.1,0.1,0,0,0,,2026-05-03 23:31:01
5106,,LOT-20260425-651F-005,,,,Pepino,Hibrido F1,2839,cam1_20260503_174556.jpg,ambient,2841,cam1_20260503_174600.jpg,,1,29.5,44,42.2,7219,0,15,0.0,65.0,0,0.0,9,120.3,13.4,1.1,0.1,0,0,0,,2026-05-03 23:46:01
5114,,LOT-20260425-651F-005,,,,Pepino,Hibrido F1,2843,cam1_20260503_180056.jpg,ambient,2845,cam1_20260503_180100.jpg,,1,29.5,46,41.7,7234,1,15,15.0,65.0,0,0.0,9,120.6,13.4,1.1,0.1,0,0,0,,2026-05-04 00:01:02
5122,,LOT-20260425-651F-005,,,,Pepino,Hibrido F1,2847,cam1_20260503_181556.jpg,ambient,2849,cam1_20260503_181600.jpg,,1,29.6,43,42.2,7249,0,15,0.0,65.0,0,0.0,9,120.8,13.4,1.1,0.1,0,0,0,,2026-05-04 00:16:01
5130,,LOT-20260425-651F-005,,,,Pepino,Hibrido F1,2851,cam1_20260503_183056.jpg,ambient,2853,cam1_20260503_183100.jpg,,1,29.3,38,41.6,7264,0,15,0.0,65.0,0,0.0,9,121.1,13.5,1.1,0.1,0,0,0,,2026-05-04 00:31:01
5154,,LOT-20260425-651F-005,,,,Pepino,Hibrido F1,2863,cam1_20260503_191556.jpg,ambient,2865,cam1_20260503_191600.jpg,,1,28.4,42,39.8,7308,0,15,0.0,65.0,0,0.0,9,121.8,13.5,1.1,0.1,0,0,0,,2026-05-04 01:16:01
5162,,LOT-20260425-651F-005,,,,Pepino,Hibrido F1,2867,cam1_20260503_193056.jpg,ambient,2869,cam1_20260503_193100.jpg,,1,28,41,38.8,7323,0,15,0.0,65.0,0,0.0,9,122.0,13.6,1.1,0.1,0,0,0,,2026-05-04 01:31:01
5170,,LOT-20260425-651F-005,,,,Pepino,Hibrido F1,2871,cam1_20260503_194556.jpg,ambient,2873,cam1_20260503_194600.jpg,,1,27.8,41,38.1,7338,0,15,0.0,65.0,0,0.0,9,122.3,13.6,1.1,0.1,0,0,0,,2026-05-04 01:46:01
5178,,LOT-20260425-651F-005,,,,Pepino,Hibrido F1,2875,cam1_20260503_200056.jpg,ambient,2877,cam1_20260503_200100.jpg,,1,27.7,41,37.5,7353,0,15,0.0,65.0,0,0.0,9,122.5,13.6,1.1,0.1,0,0,0,,2026-05-04 02:01:01
5186,,LOT-20260425-651F-005,,,,Pepino,Hibrido F1,2879,cam1_20260503_201556.jpg,ambient,2881,cam1_20260503_201600.jpg,,1,27.4,43,35.3,7353,0,15,0.0,65.0,0,0.0,9,122.5,13.6,1.1,0.1,0,0,0,,2026-05-04 02:16:01
5194,,LOT-20260425-651F-005,,,,Pepino,Hibrido F1,2883,cam1_20260503_203056.jpg,ambient,2885,cam1_20260503_203100.jpg,,1,26.9,42,35.4,7353,0,15,0.0,65.0,0,0.0,9,122.5,13.6,1.1,0.1,0,0,0,,2026-05-04 02:31:01
5202,,LOT-20260425-651F-005,,,,Pepino,Hibrido F1,2887,cam1_20260503_204556.jpg,ambient,2889,cam1_20260503_204600.jpg,,1,27.4,55,34.6,7353,0,15,0.0,65.0,0,0.0,9,122.5,13.6,1.1,0.1,0,0,0,,2026-05-04 02:46:01
5210,,LOT-20260425-651F-005,,,,Pepino,Hibrido F1,2891,cam1_20260503_210056.jpg,ambient,2893,cam1_20260503_210100.jpg,,1,27.6,52,33.7,7353,0,15,0.0,65.0,0,0.0,9,122.5,13.6,1.1,0.1,0,0,0,,2026-05-04 03:01:01
5218,,LOT-20260425-651F-005,,,,Pepino,Hibrido F1,2895,cam1_20260503_211556.jpg,ambient,2897,cam1_20260503_211600.jpg,,1,27.7,54,33.6,7353,0,15,0.0,65.0,0,0.0,9,122.5,13.6,1.1,0.1,0,0,0,,2026-05-04 03:16:01
5226,,LOT-20260425-651F-005,,,,Pepino,Hibrido F1,2899,cam1_20260503_213056.jpg,ambient,2901,cam1_20260503_213100.jpg,,1,27.7,55,33.6,7353,0,15,0.0,65.0,0,0.0,9,122.5,13.6,1.1,0.1,0,0,0,,2026-05-04 03:31:01
5234,,LOT-20260425-651F-005,,,,Pepino,Hibrido F1,2903,cam1_20260503_214556.jpg,ambient,2905,cam1_20260503_214600.jpg,,1,28,55,33.4,7353,0,15,0.0,65.0,0,0.0,9,122.5,13.6,1.1,0.1,0,0,0,,2026-05-04 03:46:01
5242,,LOT-20260425-651F-005,,,,Pepino,Hibrido F1,2907,cam1_20260503_220056.jpg,ambient,2909,cam1_20260503_220100.jpg,,1,27.9,54,32.4,7353,0,15,0.0,65.0,0,0.0,9,122.5,13.6,1.1,0.1,0,0,0,,2026-05-04 04:01:01
5250,,LOT-20260425-651F-005,,,,Pepino,Hibrido F1,2911,cam1_20260503_221556.jpg,ambient,2913,cam1_20260503_221601.jpg,,1,27.8,56,31.5,7353,0,15,0.0,65.0,0,0.0,9,122.5,13.6,1.1,0.1,0,0,0,,2026-05-04 04:16:02
5258,,LOT-20260425-651F-005,,,,Pepino,Hibrido F1,2915,cam1_20260503_223056.jpg,ambient,2917,cam1_20260503_223100.jpg,,1,27.7,54,31.6,7353,0,15,0.0,65.0,0,0.0,9,122.5,13.6,1.1,0.1,0,0,0,,2026-05-04 04:31:01
5266,,LOT-20260425-651F-005,,,,Pepino,Hibrido F1,2919,cam1_20260503_224559.jpg,ambient,2921,cam1_20260503_224603.jpg,,1,27.3,46,27.7,7353,0,15,0.0,65.0,0,0.0,9,122.5,13.6,1.1,0.1,0,0,0,,2026-05-04 04:46:04
5274,,LOT-20260425-651F-005,,,,Pepino,Hibrido F1,2923,cam1_20260503_230056.jpg,ambient,2925,cam1_20260503_230100.jpg,,1,26.8,44,28.4,7353,0,15,0.0,65.0,0,0.0,9,122.5,13.6,1.1,0.1,0,0,0,,2026-05-04 05:01:01
5282,,LOT-20260425-651F-005,,,,Pepino,Hibrido F1,2927,cam1_20260503_231556.jpg,ambient,2929,cam1_20260503_231600.jpg,,1,26.6,48,29.4,7354,0,15,0.0,65.0,0,0.0,9,122.6,13.6,1.1,0.1,0,0,0,,2026-05-04 05:16:01
5290,,LOT-20260425-651F-005,,,,Pepino,Hibrido F1,2931,cam1_20260503_233056.jpg,ambient,2933,cam1_20260503_233100.jpg,,1,26.3,48,26.3,7354,0,15,0.0,65.0,0,0.0,9,122.6,13.6,1.1,0.1,0,0,0,,2026-05-04 05:31:01
5298,,LOT-20260425-651F-005,,,,Pepino,Hibrido F1,2935,cam1_20260503_234556.jpg,ambient,2937,cam1_20260503_234600.jpg,,1,26.4,49,27.2,7354,0,15,0.0,65.0,0,0.0,9,122.6,13.6,1.1,0.1,0,0,0,,2026-05-04 05:46:01
5306,,LOT-20260425-651F-005,,,,Pepino,Hibrido F1,2939,cam1_20260504_000056.jpg,ambient,2941,cam1_20260504_000100.jpg,,1,26.2,49,26.5,7354,0,15,0.0,65.0,0,0.0,9,122.6,13.6,1.1,0.1,0,0,0,,2026-05-04 06:01:01
5314,,LOT-20260425-651F-005,,,,Pepino,Hibrido F1,2943,cam1_20260504_001556.jpg,ambient,2945,cam1_20260504_001600.jpg,,1,26.1,49,21.9,7354,0,15,0.0,65.0,0,0.0,9,122.6,13.6,1.1,0.1,0,0,0,,2026-05-04 06:16:01
5322,,LOT-20260425-651F-005,,,,Pepino,Hibrido F1,2947,cam1_20260504_003056.jpg,ambient,2949,cam1_20260504_003100.jpg,,1,26,49,24.8,7354,0,15,0.0,65.0,0,0.0,9,122.6,13.6,1.1,0.1,0,0,0,,2026-05-04 06:31:01
5330,,LOT-20260425-651F-005,,,,Pepino,Hibrido F1,2951,cam1_20260504_004556.jpg,ambient,2953,cam1_20260504_004600.jpg,,1,25.9,47,20.3,7354,0,15,0.0,65.0,0,0.0,9,122.6,13.6,1.1,0.1,0,0,0,,2026-05-04 06:46:01
5338,,LOT-20260425-651F-005,,,,Pepino,Hibrido F1,2955,cam1_20260504_010056.jpg,ambient,2957,cam1_20260504_010100.jpg,,1,25.7,47,20,7354,0,15,0.0,65.0,0,0.0,9,122.6,13.6,1.1,0.1,0,0,0,,2026-05-04 07:01:01
5346,,LOT-20260425-651F-005,,,,Pepino,Hibrido F1,2959,cam1_20260504_011556.jpg,ambient,2961,cam1_20260504_011601.jpg,,1,26.2,59,22.3,7354,0,15,0.0,65.0,0,0.0,9,122.6,13.6,1.1,0.1,0,0,0,,2026-05-04 07:16:02
5354,,LOT-20260425-651F-005,,,,Pepino,Hibrido F1,2963,cam1_20260504_013056.jpg,ambient,2965,cam1_20260504_013111.jpg,,1,26.6,61,18.8,7354,0,15,0.0,65.0,0,0.0,9,122.6,13.6,1.1,0.1,0,0,0,,2026-05-04 07:31:12
5362,,LOT-20260425-651F-005,,,,Pepino,Hibrido F1,2967,cam1_20260504_014556.jpg,ambient,2969,cam1_20260504_014600.jpg,,1,26.7,61,17.3,7354,0,15,0.0,65.0,0,0.0,9,122.6,13.6,1.1,0.1,0,0,0,,2026-05-04 07:46:01
5370,,LOT-20260425-651F-005,,,,Pepino,Hibrido F1,2971,cam1_20260504_020056.jpg,ambient,2973,cam1_20260504_020101.jpg,,1,27,60,22.4,7354,0,15,0.0,65.0,0,0.0,9,122.6,13.6,1.1,0.1,0,0,0,,2026-05-04 08:01:02
5378,,LOT-20260425-651F-005,,,,Pepino,Hibrido F1,2975,cam1_20260504_021556.jpg,ambient,2977,cam1_20260504_021601.jpg,,1,27.2,60,21.8,7354,0,15,0.0,65.0,0,0.0,9,122.6,13.6,1.1,0.1,0,0,0,,2026-05-04 08:16:02
5386,,LOT-20260425-651F-005,,,,Pepino,Hibrido F1,2979,cam1_20260504_023056.jpg,ambient,2981,cam1_20260504_023101.jpg,,1,26.8,60,21.1,7354,0,15,0.0,65.0,0,0.0,9,122.6,13.6,1.1,0.1,0,0,0,,2026-05-04 08:31:02
5394,,LOT-20260425-651F-005,,,,Pepino,Hibrido F1,2983,cam1_20260504_024556.jpg,ambient,2985,cam1_20260504_024601.jpg,,1,26.7,60,21.2,7354,0,15,0.0,65.0,0,0.0,9,122.6,13.6,1.1,0.1,0,0,0,,2026-05-04 08:46:02
5402,,LOT-20260425-651F-005,,,,Pepino,Hibrido F1,2987,cam1_20260504_030056.jpg,ambient,2989,cam1_20260504_030101.jpg,,1,27,60,20.6,7355,0,15,0.0,65.0,0,0.0,9,122.6,13.6,1.1,0.1,0,0,0,,2026-05-04 09:01:02
5410,,LOT-20260425-651F-005,,,,Pepino,Hibrido F1,2991,cam1_20260504_031556.jpg,ambient,2993,cam1_20260504_031601.jpg,,1,26.8,59,21.2,7355,0,15,0.0,65.0,0,0.0,9,122.6,13.6,1.1,0.1,0,0,0,,2026-05-04 09:16:02
5418,,LOT-20260425-651F-005,,,,Pepino,Hibrido F1,2995,cam1_20260504_033056.jpg,ambient,2997,cam1_20260504_033101.jpg,,1,27.1,60,17,7355,0,15,0.0,65.0,0,0.0,9,122.6,13.6,1.1,0.1,0,0,0,,2026-05-04 09:31:02
5426,,LOT-20260425-651F-005,,,,Pepino,Hibrido F1,2999,cam1_20260504_034556.jpg,ambient,3001,cam1_20260504_034601.jpg,,1,26.8,59,16.8,7355,0,15,0.0,65.0,0,0.0,9,122.6,13.6,1.1,0.1,0,0,0,,2026-05-04 09:46:02
5434,,LOT-20260425-651F-005,,,,Pepino,Hibrido F1,3003,cam1_20260504_040056.jpg,ambient,3005,cam1_20260504_040101.jpg,,1,26.8,58,18.1,7355,0,15,0.0,65.0,0,0.0,9,122.6,13.6,1.1,0.1,0,0,0,,2026-05-04 10:01:02
5442,,LOT-20260425-651F-005,,,,Pepino,Hibrido F1,3007,cam1_20260504_041557.jpg,ambient,3009,cam1_20260504_041601.jpg,,1,26.8,58,16.7,7355,0,15,0.0,65.0,0,0.0,9,122.6,13.6,1.1,0.1,0,0,0,,2026-05-04 10:16:02
5450,,LOT-20260425-651F-005,,,,Pepino,Hibrido F1,3011,cam1_20260504_043056.jpg,ambient,3013,cam1_20260504_043101.jpg,,1,27,56,17.4,7355,0,15,0.0,65.0,0,0.0,9,122.6,13.6,1.1,0.1,0,0,0,,2026-05-04 10:31:02
5458,,LOT-20260425-651F-005,,,,Pepino,Hibrido F1,3015,cam1_20260504_044556.jpg,ambient,3017,cam1_20260504_044600.jpg,,1,26.8,58,16.5,7355,0,15,0.0,65.0,0,0.0,9,122.6,13.6,1.1,0.1,0,0,0,,2026-05-04 10:46:01
5466,,LOT-20260425-651F-005,,,,Pepino,Hibrido F1,3019,cam1_20260504_050057.jpg,ambient,3021,cam1_20260504_050101.jpg,,1,27,58,17.3,7355,0,15,0.0,65.0,0,0.0,9,122.6,13.6,1.1,0.1,0,0,0,,2026-05-04 11:01:02
5474,,LOT-20260425-651F-005,,,,Pepino,Hibrido F1,3023,cam1_20260504_051556.jpg,ambient,3025,cam1_20260504_051600.jpg,,1,26.7,58,16,7355,0,15,0.0,65.0,0,0.0,9,122.6,13.6,1.1,0.1,0,0,0,,2026-05-04 11:16:01
5482,,LOT-20260425-651F-005,,,,Pepino,Hibrido F1,3027,cam1_20260504_053056.jpg,ambient,3029,cam1_20260504_053100.jpg,,1,26.7,57,15.7,7355,0,15,0.0,65.0,0,0.0,9,122.6,13.6,1.1,0.1,0,0,0,,2026-05-04 11:31:01
5490,,LOT-20260425-651F-005,,,,Pepino,Hibrido F1,3031,cam1_20260504_054556.jpg,ambient,3033,cam1_20260504_054601.jpg,,1,26.7,56,15.8,7355,0,15,0.0,65.0,0,0.0,9,122.6,13.6,1.1,0.1,0,0,0,,2026-05-04 11:46:02
5498,,LOT-20260425-651F-005,,,,Pepino,Hibrido F1,3035,cam1_20260504_060056.jpg,ambient,3037,cam1_20260504_060100.jpg,,1,26.5,57,15.8,7355,0,15,0.0,65.0,0,0.0,9,122.6,13.6,1.1,0.1,0,0,0,,2026-05-04 12:01:01
5506,,LOT-20260425-651F-005,,,,Pepino,Hibrido F1,3039,cam1_20260504_061556.jpg,ambient,3041,cam1_20260504_061601.jpg,,1,26.6,58,15.5,7355,0,15,0.0,65.0,0,0.0,9,122.6,13.6,1.1,0.1,0,0,0,,2026-05-04 12:16:02
5514,,LOT-20260425-651F-005,,,,Pepino,Hibrido F1,3043,cam1_20260504_063056.jpg,ambient,3045,cam1_20260504_063101.jpg,,1,26.6,57,15.7,7355,0,15,0.0,65.0,0,0.0,9,122.6,13.6,1.1,0.1,0,0,0,,2026-05-04 12:31:02
5522,,LOT-20260425-651F-005,,,,Pepino,Hibrido F1,3047,cam1_20260504_064556.jpg,ambient,3049,cam1_20260504_064601.jpg,,1,26.3,56,15.7,7355,0,15,0.0,65.0,0,0.0,9,122.6,13.6,1.1,0.1,0,0,0,,2026-05-04 12:46:02
5530,,LOT-20260425-651F-005,,,,Pepino,Hibrido F1,3051,cam1_20260504_070056.jpg,ambient,3053,cam1_20260504_070100.jpg,,1,26.5,58,15.1,7355,0,15,0.0,65.0,0,0.0,9,122.6,13.6,1.1,0.1,0,0,0,,2026-05-04 13:01:01
5538,,LOT-20260425-651F-005,,,,Pepino,Hibrido F1,3055,cam1_20260504_071556.jpg,ambient,3057,cam1_20260504_071601.jpg,,1,26.2,57,15,7355,0,15,0.0,65.0,0,0.0,9,122.6,13.6,1.1,0.1,0,0,0,,2026-05-04 13:16:02
5546,,LOT-20260425-651F-005,,,,Pepino,Hibrido F1,3059,cam1_20260504_073056.jpg,ambient,3061,cam1_20260504_073101.jpg,,1,26.2,59,14.8,7355,0,15,0.0,65.0,0,0.0,9,122.6,13.6,1.1,0.1,0,0,0,,2026-05-04 13:31:02
5554,,LOT-20260425-651F-005,,,,Pepino,Hibrido F1,3063,cam1_20260504_074556.jpg,ambient,3065,cam1_20260504_074601.jpg,,1,26.6,59,14.7,7355,0,15,0.0,65.0,0,0.0,9,122.6,13.6,1.1,0.1,0,0,0,,2026-05-04 13:46:02
5562,,LOT-20260425-651F-005,,,,Pepino,Hibrido F1,3067,cam1_20260504_080056.jpg,ambient,3069,cam1_20260504_080101.jpg,,1,26.7,60,14.8,7356,0,15,0.0,65.0,0,0.0,9,122.6,13.6,1.1,0.1,0,0,0,,2026-05-04 14:01:02
5570,,LOT-20260425-651F-005,,,,Pepino,Hibrido F1,3071,cam1_20260504_081556.jpg,ambient,3073,cam1_20260504_081601.jpg,,1,27,54,14.5,7371,0,15,0.0,65.0,0,0.0,9,122.8,13.6,1.1,0.1,0,0,0,,2026-05-04 14:16:02
5578,,LOT-20260425-651F-005,,,,Pepino,Hibrido F1,3075,cam1_20260504_083056.jpg,ambient,3077,cam1_20260504_083101.jpg,,1,27.1,50,14.7,7386,0,15,0.0,65.0,0,0.0,9,123.1,13.7,1.1,0.1,0,0,0,,2026-05-04 14:31:02
5586,,LOT-20260425-651F-005,,,,Pepino,Hibrido F1,3079,cam1_20260504_084556.jpg,ambient,3081,cam1_20260504_084601.jpg,,1,27.4,51,15.3,7401,0,15,0.0,65.0,0,0.0,9,123.3,13.7,1.1,0.1,0,0,0,,2026-05-04 14:46:02
5594,,LOT-20260425-651F-005,,,,Pepino,Hibrido F1,3083,cam1_20260504_090056.jpg,ambient,3085,cam1_20260504_090100.jpg,,1,27.4,50,14.8,7416,0,15,0.0,65.0,0,0.0,9,123.6,13.7,1.1,0.1,0,0,0,,2026-05-04 15:01:01
5602,,LOT-20260425-651F-005,,,,Pepino,Hibrido F1,3087,cam1_20260504_091556.jpg,ambient,3089,cam1_20260504_091601.jpg,,1,27.6,53,14.6,7430,0,15,0.0,65.0,0,0.0,9,123.8,13.8,1.1,0.1,0,0,0,,2026-05-04 15:16:02
5610,,LOT-20260425-651F-005,,,,Pepino,Hibrido F1,3091,cam1_20260504_093056.jpg,ambient,3093,cam1_20260504_093101.jpg,,1,27.8,49,15,7445,0,15,0.0,65.0,0,0.0,9,124.1,13.8,1.1,0.1,0,0,0,,2026-05-04 15:31:02
5618,,LOT-20260425-651F-005,,,,Pepino,Hibrido F1,3095,cam1_20260504_094556.jpg,ambient,3097,cam1_20260504_094601.jpg,,1,27.8,51,15.3,7460,0,15,0.0,65.0,0,0.0,9,124.3,13.8,1.1,0.1,0,0,0,,2026-05-04 15:46:02
5626,,LOT-20260425-651F-005,,,,Pepino,Hibrido F1,3099,cam1_20260504_100056.jpg,ambient,3101,cam1_20260504_100101.jpg,,1,28,52,14.7,7475,0,15,0.0,65.0,0,0.0,9,124.6,13.8,1.1,0.1,0,0,0,,2026-05-04 16:01:02
5634,,LOT-20260425-651F-005,,,,Pepino,Hibrido F1,3103,cam1_20260504_101557.jpg,ambient,3105,cam1_20260504_101602.jpg,,1,28.5,50,15.5,7490,0,15,0.0,65.0,0,0.0,9,124.8,13.9,1.1,0.1,0,0,0,,2026-05-04 16:16:03
5642,,LOT-20260425-651F-005,,,,Pepino,Hibrido F1,3107,cam1_20260504_103056.jpg,ambient,3109,cam1_20260504_103101.jpg,,1,28.7,49,14.2,7505,0,15,0.0,65.0,0,0.0,9,125.1,13.9,1.1,0.1,0,0,0,,2026-05-04 16:31:02
5650,,LOT-20260425-651F-005,,,,Pepino,Hibrido F1,3111,cam1_20260504_104556.jpg,ambient,3113,cam1_20260504_104601.jpg,,1,28.4,51,14.2,7520,0,15,0.0,65.0,0,0.0,9,125.3,13.9,1.1,0.1,0,0,0,,2026-05-04 16:46:01
5658,,LOT-20260425-651F-005,,,,Pepino,Hibrido F1,3115,cam1_20260504_110056.jpg,ambient,3117,cam1_20260504_110101.jpg,,1,28.4,49,14.8,7535,0,15,0.0,65.0,0,0.0,9,125.6,14.0,1.1,0.1,0,0,0,,2026-05-04 17:01:02
5666,,LOT-20260425-651F-005,,,,Pepino,Hibrido F1,3119,cam1_20260504_111559.jpg,ambient,3121,cam1_20260504_111603.jpg,,1,28.4,49,14.6,7550,0,15,0.0,65.0,0,0.0,9,125.8,14.0,1.1,0.1,0,0,0,,2026-05-04 17:16:04
5674,,LOT-20260425-651F-005,,,,Pepino,Hibrido F1,3123,cam1_20260504_113056.jpg,ambient,3125,cam1_20260504_113101.jpg,,1,29,49,14.2,7565,0,15,0.0,65.0,0,0.0,9,126.1,14.0,1.1,0.1,0,0,0,,2026-05-04 17:31:02
5682,,LOT-20260425-651F-005,,,,Pepino,Hibrido F1,3127,cam1_20260504_114556.jpg,ambient,3129,cam1_20260504_114601.jpg,,1,29,51,13.9,7580,0,15,0.0,65.0,0,0.0,9,126.3,14.0,1.1,0.1,0,0,0,,2026-05-04 17:46:02
5690,,LOT-20260425-651F-005,,,,Pepino,Hibrido F1,3131,cam1_20260504_120056.jpg,ambient,3133,cam1_20260504_120101.jpg,,1,29.1,49,13.7,7594,0,15,0.0,65.0,0,0.0,9,126.6,14.1,1.1,0.1,0,0,0,,2026-05-04 18:01:02
5698,,LOT-20260425-651F-005,,,,Pepino,Hibrido F1,3135,cam1_20260504_121557.jpg,ambient,3137,cam1_20260504_121601.jpg,,1,29.1,47,14.2,7609,0,15,0.0,65.0,0,0.0,9,126.8,14.1,1.1,0.1,0,0,0,,2026-05-04 18:16:02
5706,,LOT-20260425-651F-005,,,,Pepino,Hibrido F1,3139,cam1_20260504_123056.jpg,ambient,3141,cam1_20260504_123101.jpg,,1,28.9,50,14.1,7624,0,15,0.0,65.0,0,0.0,9,127.1,14.1,1.1,0.1,0,0,0,,2026-05-04 18:31:02
5714,,LOT-20260425-651F-005,,,,Pepino,Hibrido F1,3143,cam1_20260504_124556.jpg,ambient,3145,cam1_20260504_124601.jpg,,1,29.2,51,13.6,7639,0,15,0.0,65.0,0,0.0,9,127.3,14.1,1.1,0.1,0,0,0,,2026-05-04 18:46:02
5722,,LOT-20260425-651F-005,,,,Pepino,Hibrido F1,3147,cam1_20260504_130056.jpg,ambient,3149,cam1_20260504_130101.jpg,,1,29.1,48,13.9,7654,0,15,0.0,65.0,0,0.0,9,127.6,14.2,1.1,0.1,0,0,0,,2026-05-04 19:01:02
5730,,LOT-20260425-651F-005,,,,Pepino,Hibrido F1,3151,cam1_20260504_131556.jpg,ambient,3153,cam1_20260504_131601.jpg,,1,29.2,52,13.4,7669,0,15,0.0,65.0,0,0.0,9,127.8,14.2,1.1,0.1,0,0,0,,2026-05-04 19:16:02
5738,,LOT-20260425-651F-005,,,,Pepino,Hibrido F1,3155,cam1_20260504_133106.jpg,ambient,3157,cam1_20260504_133112.jpg,,1,29.3,47,13.9,7684,0,15,0.0,65.0,0,0.0,9,128.1,14.2,1.1,0.1,0,0,0,,2026-05-04 19:31:13
5746,,LOT-20260425-651F-005,,,,Pepino,Hibrido F1,3159,cam1_20260504_135931.jpg,ambient,3161,cam1_20260504_135936.jpg,,1,29,47,14.5,7713,0,15,0.0,65.0,0,0.0,9,128.6,14.3,1.1,0.1,0,0,0,,2026-05-04 19:59:37
5754,,LOT-20260425-651F-005,,,,Pepino,Hibrido F1,3163,cam1_20260504_141547.jpg,ambient,3165,cam1_20260504_141552.jpg,,1,29.2,48,14.2,7729,0,15,0.0,65.0,0,0.0,9,128.8,14.3,1.1,0.1,0,0,0,,2026-05-04 20:15:53
5762,,LOT-20260425-651F-005,,,,Pepino,Hibrido F1,3167,cam1_20260504_143048.jpg,ambient,3169,cam1_20260504_143053.jpg,,1,29.5,46,14,7744,0,15,0.0,65.0,0,0.0,9,129.1,14.3,1.1,0.1,0,0,0,,2026-05-04 20:30:54
5770,,LOT-20260425-651F-005,,,,Pepino,Hibrido F1,3171,cam1_20260504_145223.jpg,ambient,3173,cam1_20260504_145228.jpg,,1,29.6,44,13.8,7765,0,15,0.0,65.0,0,0.0,9,129.4,14.4,1.1,0.1,0,0,0,,2026-05-04 20:52:29
5778,,LOT-20260425-651F-005,,,,Pepino,Hibrido F1,3175,cam1_20260504_152219.jpg,ambient,3177,cam1_20260504_152224.jpg,,1,29.4,42,13.6,7795,0,15,0.0,65.0,0,0.0,9,129.9,14.4,1.1,0.1,0,0,0,,2026-05-04 21:22:25
5782,,LOT-20260425-651F-005,,,,Pepino,Hibrido F1,3178,cam1_20260504_161059.jpg,ambient,3180,cam1_20260504_161102.jpg,,1,29.8,35,12.7,7844,0,15,0.0,65.0,0,0.0,9,130.7,14.5,1.1,0.1,0,0,0,,2026-05-04 22:11:03
5794,,LOT-20260425-651F-005,,,,Pepino,Hibrido F1,3183,cam1_20260504_162643.jpg,ambient,3185,cam1_20260504_162650.jpg,,1,29.8,41,12.9,7859,0,15,0.0,65.0,0,0.0,9,131.0,14.6,1.1,0.1,0,0,0,,2026-05-04 22:26:51
5802,,LOT-20260425-651F-005,,,,Pepino,Hibrido F1,3187,cam1_20260504_164143.jpg,ambient,3188,cam1_20260504_164201.jpg,,1,29.9,41,12.5,7874,0,15,0.0,65.0,0,0.0,9,131.2,14.6,1.1,0.1,0,0,0,,2026-05-04 22:42:03
5814,,LOT-20260425-651F-005,,,,Pepino,Hibrido F1,3193,cam1_20260504_171154.jpg,ambient,3195,cam1_20260504_171159.jpg,,1,29.8,39,12.2,7901,0,15,0.0,65.0,0,0.0,9,131.7,14.6,1.1,0.1,0,0,0,,2026-05-04 23:12:00
5822,,LOT-20260425-651F-005,,,,Pepino,Hibrido F1,3197,cam1_20260504_172654.jpg,ambient,3199,cam1_20260504_172659.jpg,,1,30,41,12.1,7916,0,15,0.0,65.0,0,0.0,9,131.9,14.7,1.1,0.1,0,0,0,,2026-05-04 23:27:00
5830,,LOT-20260425-651F-005,,,,Pepino,Hibrido F1,3201,cam1_20260504_174154.jpg,ambient,3203,cam1_20260504_174158.jpg,,1,30,38,11.7,7931,0,15,0.0,65.0,0,0.0,9,132.2,14.7,1.1,0.1,0,0,0,,2026-05-04 23:41:59
5838,,LOT-20260425-651F-005,,,,Pepino,Hibrido F1,3205,cam1_20260504_175654.jpg,ambient,3207,cam1_20260504_175659.jpg,,1,30,34,12.1,7946,0,15,0.0,65.0,0,0.0,10,132.4,13.2,1.1,0.1,0,0,0,,2026-05-04 23:57:00
5846,,LOT-20260425-651F-005,,,,Pepino,Hibrido F1,3209,cam1_20260504_181154.jpg,ambient,3211,cam1_20260504_181159.jpg,,1,30,36,12.1,7961,1,15,15.0,65.0,0,0.0,10,132.7,13.3,1.1,0.1,0,0,0,,2026-05-05 00:12:00
5854,,LOT-20260425-651F-005,,,,Pepino,Hibrido F1,3213,cam1_20260504_182655.jpg,ambient,3215,cam1_20260504_182659.jpg,,1,29.9,36,11.8,7976,0,15,0.0,65.0,0,0.0,10,132.9,13.3,1.1,0.1,0,0,0,,2026-05-05 00:27:00
5862,,LOT-20260425-651F-005,,,,Pepino,Hibrido F1,3217,cam1_20260504_184154.jpg,ambient,3219,cam1_20260504_184159.jpg,,1,29.8,34,11.7,7990,0,15,0.0,65.0,0,0.0,10,133.2,13.3,1.1,0.1,0,0,0,,2026-05-05 00:42:00
5870,,LOT-20260425-651F-005,,,,Pepino,Hibrido F1,3221,cam1_20260504_185654.jpg,ambient,3223,cam1_20260504_185659.jpg,,1,29.9,37,11.5,8005,0,15,0.0,65.0,0,0.0,10,133.4,13.3,1.1,0.1,0,0,0,,2026-05-05 00:57:00
5878,,LOT-20260425-651F-005,,,,Pepino,Hibrido F1,3225,cam1_20260504_191154.jpg,ambient,3227,cam1_20260504_191159.jpg,,1,30,35,11.3,8020,0,15,0.0,65.0,0,0.0,10,133.7,13.4,1.1,0.1,0,0,0,,2026-05-05 01:12:00
5886,,LOT-20260425-651F-005,,,,Pepino,Hibrido F1,3229,cam1_20260504_192654.jpg,ambient,3231,cam1_20260504_192659.jpg,,1,29.8,35,10.8,8035,0,15,0.0,65.0,0,0.0,10,133.9,13.4,1.1,0.1,0,0,0,,2026-05-05 01:26:59
5894,,LOT-20260425-651F-005,,,,Pepino,Hibrido F1,3233,cam1_20260504_194154.jpg,ambient,3235,cam1_20260504_194159.jpg,,1,29.8,35,10.6,8050,0,15,0.0,65.0,0,0.0,10,134.2,13.4,1.1,0.1,0,0,0,,2026-05-05 01:42:00
5902,,LOT-20260425-651F-005,,,,Pepino,Hibrido F1,3237,cam1_20260504_195654.jpg,ambient,3239,cam1_20260504_195659.jpg,,1,29.9,38,10.9,8065,0,15,0.0,65.0,0,0.0,10,134.4,13.4,1.1,0.1,0,0,0,,2026-05-05 01:57:00
5910,,LOT-20260425-651F-005,,,,Pepino,Hibrido F1,3241,cam1_20260504_201154.jpg,ambient,3243,cam1_20260504_201159.jpg,,1,29.6,35,10.6,8068,0,15,0.0,65.0,0,0.0,10,134.5,13.4,1.1,0.1,0,0,0,,2026-05-05 02:12:00
5918,,LOT-20260425-651F-005,,,,Pepino,Hibrido F1,3245,cam1_20260504_202654.jpg,ambient,3247,cam1_20260504_202659.jpg,,1,29.2,41,10.4,8069,0,15,0.0,65.0,0,0.0,10,134.5,13.4,1.1,0.1,0,0,0,,2026-05-05 02:27:00
5926,,LOT-20260425-651F-005,,,,Pepino,Hibrido F1,3249,cam1_20260504_204154.jpg,ambient,3251,cam1_20260504_204159.jpg,,1,29,42,9.3,8069,0,15,0.0,65.0,0,0.0,10,134.5,13.4,1.1,0.1,0,0,0,,2026-05-05 02:42:00
5934,,LOT-20260425-651F-005,,,,Pepino,Hibrido F1,3253,cam1_20260504_205654.jpg,ambient,3255,cam1_20260504_205659.jpg,,1,28.9,38,9.5,8069,0,15,0.0,65.0,0,0.0,10,134.5,13.4,1.1,0.1,0,0,0,,2026-05-05 02:57:00
5942,,LOT-20260425-651F-005,,,,Pepino,Hibrido F1,3257,cam1_20260504_211154.jpg,ambient,3259,cam1_20260504_211159.jpg,,1,28.7,38,9.2,8069,0,15,0.0,65.0,0,0.0,10,134.5,13.4,1.1,0.1,0,0,0,,2026-05-05 03:12:00
5950,,LOT-20260425-651F-005,,,,Pepino,Hibrido F1,3261,cam1_20260504_212654.jpg,ambient,3263,cam1_20260504_212659.jpg,,1,29,36,100,8077,0,15,0.0,65.0,0,0.0,10,134.6,13.5,1.1,0.1,0,0,0,,2026-05-05 03:27:00
5958,,LOT-20260425-651F-005,,,,Pepino,Hibrido F1,3265,cam1_20260504_214154.jpg,ambient,3267,cam1_20260504_214159.jpg,,1,29.3,41,100,8091,0,15,0.0,65.0,0,0.0,10,134.8,13.5,1.1,0.1,0,0,0,,2026-05-05 03:42:00
5966,,LOT-20260425-651F-005,,,,Pepino,Hibrido F1,3269,cam1_20260504_215655.jpg,ambient,3271,cam1_20260504_215700.jpg,,1,27.7,34,100,8106,0,15,0.0,65.0,0,0.0,10,135.1,13.5,1.1,0.1,0,0,0,,2026-05-05 03:57:01
5974,,LOT-20260425-651F-005,,,,Pepino,Hibrido F1,3273,cam1_20260504_221155.jpg,ambient,3275,cam1_20260504_221200.jpg,,1,26.8,33,100,8121,0,15,0.0,65.0,0,0.0,10,135.3,13.5,1.1,0.1,0,0,0,,2026-05-05 04:12:01
5982,,LOT-20260425-651F-005,,,,Pepino,Hibrido F1,3277,cam1_20260504_222655.jpg,ambient,3279,cam1_20260504_222700.jpg,,1,26.4,34,100,8136,0,15,0.0,65.0,0,0.0,10,135.6,13.6,1.1,0.1,0,0,0,,2026-05-05 04:27:00
5990,,LOT-20260425-651F-005,,,,Pepino,Hibrido F1,3281,cam1_20260504_224155.jpg,ambient,3283,cam1_20260504_224200.jpg,,1,26.4,35,100,8151,0,15,0.0,65.0,0,0.0,10,135.8,13.6,1.1,0.1,0,0,0,,2026-05-05 04:42:01
5998,,LOT-20260425-651F-005,,,,Pepino,Hibrido F1,3285,cam1_20260504_225655.jpg,ambient,3287,cam1_20260504_225700.jpg,,1,26.4,36,100,8166,0,15,0.0,65.0,0,0.0,10,136.1,13.6,1.1,0.1,0,0,0,,2026-05-05 04:57:01
6006,,LOT-20260425-651F-005,,,,Pepino,Hibrido F1,3289,cam1_20260504_231155.jpg,ambient,3291,cam1_20260504_231200.jpg,,1,26.5,35,100,8181,0,15,0.0,65.0,0,0.0,10,136.3,13.6,1.1,0.1,0,0,0,,2026-05-05 05:12:01
6014,,LOT-20260425-651F-005,,,,Pepino,Hibrido F1,3293,cam1_20260504_232655.jpg,ambient,3295,cam1_20260504_232700.jpg,,1,27.2,40,100,8196,0,15,0.0,65.0,0,0.0,10,136.6,13.7,1.1,0.1,0,0,0,,2026-05-05 05:27:01
6022,,LOT-20260425-651F-005,,,,Pepino,Hibrido F1,3297,cam1_20260504_234156.jpg,ambient,3299,cam1_20260504_234200.jpg,,1,28.1,41,100,8211,0,15,0.0,65.0,0,0.0,10,136.8,13.7,1.1,0.1,0,0,0,,2026-05-05 05:42:01
6030,,LOT-20260425-651F-005,,,,Pepino,Hibrido F1,3301,cam1_20260504_235656.jpg,ambient,3303,cam1_20260504_235700.jpg,,1,28.4,49,100,8226,0,15,0.0,65.0,0,0.0,10,137.1,13.7,1.1,0.1,0,0,0,,2026-05-05 05:57:01
6038,,LOT-20260425-651F-005,,,,Pepino,Hibrido F1,3305,cam1_20260505_001156.jpg,ambient,3307,cam1_20260505_001200.jpg,,1,28.4,48,100,8241,0,15,0.0,65.0,0,0.0,10,137.3,13.7,1.1,0.1,0,0,0,,2026-05-05 06:12:01
6046,,LOT-20260425-651F-005,,,,Pepino,Hibrido F1,3309,cam1_20260505_002656.jpg,ambient,3311,cam1_20260505_002700.jpg,,1,28.4,42,100,8256,0,15,0.0,65.0,0,0.0,10,137.6,13.8,1.1,0.1,0,0,0,,2026-05-05 06:27:01
6054,,LOT-20260425-651F-005,,,,Pepino,Hibrido F1,3313,cam1_20260505_004156.jpg,ambient,3315,cam1_20260505_004200.jpg,,1,28.4,41,100,8271,0,15,0.0,65.0,0,0.0,10,137.8,13.8,1.1,0.1,0,0,0,,2026-05-05 06:42:01
6062,,LOT-20260425-651F-005,,,,Pepino,Hibrido F1,3317,cam1_20260505_005655.jpg,ambient,3319,cam1_20260505_005700.jpg,,1,28.3,40,100,8286,0,15,0.0,65.0,0,0.0,10,138.1,13.8,1.1,0.1,0,0,0,,2026-05-05 06:57:01
6070,,LOT-20260425-651F-005,,,,Pepino,Hibrido F1,3321,cam1_20260505_011156.jpg,ambient,3323,cam1_20260505_011201.jpg,,1,28.2,43,100,8301,0,15,0.0,65.0,0,0.0,10,138.3,13.8,1.1,0.1,0,0,0,,2026-05-05 07:12:02
6078,,LOT-20260425-651F-005,,,,Pepino,Hibrido F1,3325,cam1_20260505_012656.jpg,ambient,3327,cam1_20260505_012700.jpg,,1,28.4,40,100,8315,0,15,0.0,65.0,0,0.0,10,138.6,13.9,1.1,0.1,0,0,0,,2026-05-05 07:27:01
6086,,LOT-20260425-651F-005,,,,Pepino,Hibrido F1,3329,cam1_20260505_014156.jpg,ambient,3331,cam1_20260505_014200.jpg,,1,28.2,40,100,8330,0,15,0.0,65.0,0,0.0,10,138.8,13.9,1.1,0.1,0,0,0,,2026-05-05 07:42:01
6094,,LOT-20260425-651F-005,,,,Pepino,Hibrido F1,3333,cam1_20260505_015656.jpg,ambient,3335,cam1_20260505_015700.jpg,,1,28.2,43,100,8345,0,15,0.0,65.0,0,0.0,10,139.1,13.9,1.1,0.1,0,0,0,,2026-05-05 07:57:01
6102,,LOT-20260425-651F-005,,,,Pepino,Hibrido F1,3337,cam1_20260505_021156.jpg,ambient,3339,cam1_20260505_021200.jpg,,1,28.2,43,100,8360,0,15,0.0,65.0,0,0.0,10,139.3,13.9,1.1,0.1,0,0,0,,2026-05-05 08:12:01
6110,,LOT-20260425-651F-005,,,,Pepino,Hibrido F1,3341,cam1_20260505_022656.jpg,ambient,3343,cam1_20260505_022700.jpg,,1,28.2,42,100,8375,0,15,0.0,65.0,0,0.0,10,139.6,14.0,1.1,0.1,0,0,0,,2026-05-05 08:27:01
6118,,LOT-20260425-651F-005,,,,Pepino,Hibrido F1,3345,cam1_20260505_024156.jpg,ambient,3347,cam1_20260505_024200.jpg,,1,28.2,46,100,8390,0,15,0.0,65.0,0,0.0,10,139.8,14.0,1.1,0.1,0,0,0,,2026-05-05 08:42:01
6126,,LOT-20260425-651F-005,,,,Pepino,Hibrido F1,3349,cam1_20260505_025656.jpg,ambient,3351,cam1_20260505_025700.jpg,,1,28.3,44,100,8405,0,15,0.0,65.0,0,0.0,10,140.1,14.0,1.1,0.1,0,0,0,,2026-05-05 08:57:01
6134,,LOT-20260425-651F-005,,,,Pepino,Hibrido F1,3353,cam1_20260505_031156.jpg,ambient,3355,cam1_20260505_031200.jpg,,1,28.1,42,100,8420,0,15,0.0,65.0,0,0.0,10,140.3,14.0,1.1,0.1,0,0,0,,2026-05-05 09:12:01
6142,,LOT-20260425-651F-005,,,,Pepino,Hibrido F1,3357,cam1_20260505_032656.jpg,ambient,3359,cam1_20260505_032700.jpg,,1,28.1,45,100,8435,0,15,0.0,65.0,0,0.0,10,140.6,14.1,1.1,0.1,0,0,0,,2026-05-05 09:27:01
6150,,LOT-20260425-651F-005,,,,Pepino,Hibrido F1,3361,cam1_20260505_034156.jpg,ambient,3363,cam1_20260505_034200.jpg,,1,28,46,100,8450,0,15,0.0,65.0,0,0.0,10,140.8,14.1,1.1,0.1,0,0,0,,2026-05-05 09:42:01
6158,,LOT-20260425-651F-005,,,,Pepino,Hibrido F1,3365,cam1_20260505_035656.jpg,ambient,3367,cam1_20260505_035700.jpg,,1,28.1,45,100,8465,0,15,0.0,65.0,0,0.0,10,141.1,14.1,1.1,0.1,0,0,0,,2026-05-05 09:57:01
6166,,LOT-20260425-651F-005,,,,Pepino,Hibrido F1,3369,cam1_20260505_041156.jpg,ambient,3371,cam1_20260505_041200.jpg,,1,28,45,100,8480,0,15,0.0,65.0,0,0.0,10,141.3,14.1,1.1,0.1,0,0,0,,2026-05-05 10:12:01
6174,,LOT-20260425-651F-005,,,,Pepino,Hibrido F1,3373,cam1_20260505_042656.jpg,ambient,3375,cam1_20260505_042700.jpg,,1,27.8,47,100,8495,0,15,0.0,65.0,0,0.0,10,141.6,14.2,1.1,0.1,0,0,0,,2026-05-05 10:27:01
6182,,LOT-20260425-651F-005,,,,Pepino,Hibrido F1,3377,cam1_20260505_044156.jpg,ambient,3379,cam1_20260505_044200.jpg,,1,27.8,47,100,8510,0,15,0.0,65.0,0,0.0,10,141.8,14.2,1.1,0.1,0,0,0,,2026-05-05 10:42:01
6190,,LOT-20260425-651F-005,,,,Pepino,Hibrido F1,3381,cam1_20260505_045656.jpg,ambient,3383,cam1_20260505_045700.jpg,,1,27.8,45,100,8524,0,15,0.0,65.0,0,0.0,10,142.1,14.2,1.1,0.1,0,0,0,,2026-05-05 10:57:01
6198,,LOT-20260425-651F-005,,,,Pepino,Hibrido F1,3385,cam1_20260505_051156.jpg,ambient,3387,cam1_20260505_051200.jpg,,1,27.9,45,100,8539,0,15,0.0,65.0,0,0.0,10,142.3,14.2,1.1,0.1,0,0,0,,2026-05-05 11:12:01
6206,,LOT-20260425-651F-005,,,,Pepino,Hibrido F1,3389,cam1_20260505_052656.jpg,ambient,3391,cam1_20260505_052700.jpg,,1,27.8,47,100,8554,0,15,0.0,65.0,0,0.0,10,142.6,14.3,1.1,0.1,0,0,0,,2026-05-05 11:27:01
6214,,LOT-20260425-651F-005,,,,Pepino,Hibrido F1,3393,cam1_20260505_054156.jpg,ambient,3395,cam1_20260505_054200.jpg,,1,27.7,47,100,8569,0,15,0.0,65.0,0,0.0,10,142.8,14.3,1.1,0.1,0,0,0,,2026-05-05 11:42:01
6222,,LOT-20260425-651F-005,,,,Pepino,Hibrido F1,3397,cam1_20260505_055656.jpg,ambient,3399,cam1_20260505_055700.jpg,,1,27.6,48,100,8584,0,15,0.0,65.0,0,0.0,10,143.1,14.3,1.1,0.1,0,0,0,,2026-05-05 11:57:01
6230,,LOT-20260425-651F-005,,,,Pepino,Hibrido F1,3401,cam1_20260505_061156.jpg,ambient,3403,cam1_20260505_061200.jpg,,1,27.6,49,100,8599,0,15,0.0,65.0,0,0.0,10,143.3,14.3,1.1,0.1,0,0,0,,2026-05-05 12:12:01
6238,,LOT-20260425-651F-005,,,,Pepino,Hibrido F1,3405,cam1_20260505_062656.jpg,ambient,3407,cam1_20260505_062700.jpg,,1,27.6,47,100,8614,0,15,0.0,65.0,0,0.0,10,143.6,14.4,1.1,0.1,0,0,0,,2026-05-05 12:27:01
6246,,LOT-20260425-651F-005,,,,Pepino,Hibrido F1,3409,cam1_20260505_064156.jpg,ambient,3411,cam1_20260505_064200.jpg,,1,27.6,48,100,8629,0,15,0.0,65.0,0,0.0,10,143.8,14.4,1.1,0.1,0,0,0,,2026-05-05 12:42:01
6254,,LOT-20260425-651F-005,,,,Pepino,Hibrido F1,3413,cam1_20260505_065656.jpg,ambient,3415,cam1_20260505_065701.jpg,,1,27.6,49,100,8644,0,15,0.0,65.0,0,0.0,10,144.1,14.4,1.1,0.1,0,0,0,,2026-05-05 12:57:02
6262,,LOT-20260425-651F-005,,,,Pepino,Hibrido F1,3417,cam1_20260505_071156.jpg,ambient,3419,cam1_20260505_071200.jpg,,1,27.6,49,100,8659,0,15,0.0,65.0,0,0.0,10,144.3,14.4,1.1,0.1,0,0,0,,2026-05-05 13:12:01
6270,,LOT-20260425-651F-005,,,,Pepino,Hibrido F1,3421,cam1_20260505_072656.jpg,ambient,3423,cam1_20260505_072700.jpg,,1,27.7,48,100,8674,0,15,0.0,65.0,0,0.0,10,144.6,14.5,1.1,0.1,0,0,0,,2026-05-05 13:27:01
6278,,LOT-20260425-651F-005,,,,Pepino,Hibrido F1,3425,cam1_20260505_074156.jpg,ambient,3427,cam1_20260505_074200.jpg,,1,27.8,49,100,8689,0,15,0.0,65.0,0,0.0,10,144.8,14.5,1.1,0.1,0,0,0,,2026-05-05 13:42:01
6286,,LOT-20260425-651F-005,,,,Pepino,Hibrido F1,3429,cam1_20260505_075656.jpg,ambient,3431,cam1_20260505_075700.jpg,,1,27.8,49,100,8703,0,15,0.0,65.0,0,0.0,10,145.1,14.5,1.1,0.1,0,0,0,,2026-05-05 13:57:01
6294,,LOT-20260425-651F-005,,,,Pepino,Hibrido F1,3433,cam1_20260505_081158.jpg,ambient,3435,cam1_20260505_081202.jpg,,1,27.9,49,67.9,8718,0,15,0.0,65.0,0,0.0,10,145.3,14.5,1.1,0.1,0,0,0,,2026-05-05 14:12:03
6302,,LOT-20260425-651F-005,,,,Pepino,Hibrido F1,3437,cam1_20260505_082656.jpg,ambient,3439,cam1_20260505_082700.jpg,,1,27.9,48,100,8733,0,15,0.0,65.0,0,0.0,10,145.6,14.6,1.1,0.1,0,0,0,,2026-05-05 14:27:01
6310,,LOT-20260425-651F-005,,,,Pepino,Hibrido F1,3441,cam1_20260505_084157.jpg,ambient,3443,cam1_20260505_084200.jpg,,1,27.9,47,100,8748,0,15,0.0,65.0,0,0.0,10,145.8,14.6,1.1,0.1,0,0,0,,2026-05-05 14:42:01
6318,,LOT-20260425-651F-005,,,,Pepino,Hibrido F1,3445,cam1_20260505_085656.jpg,ambient,3447,cam1_20260505_085700.jpg,,1,28,48,100,8763,0,15,0.0,65.0,0,0.0,10,146.1,14.6,1.1,0.1,0,0,0,,2026-05-05 14:57:01
6326,,LOT-20260425-651F-005,,,,Pepino,Hibrido F1,3449,cam1_20260505_091156.jpg,ambient,3451,cam1_20260505_091200.jpg,,1,28.2,46,100,8778,0,15,0.0,65.0,0,0.0,10,146.3,14.6,1.1,0.1,0,0,0,,2026-05-05 15:12:01
6334,,LOT-20260425-651F-005,,,,Pepino,Hibrido F1,3453,cam1_20260505_092656.jpg,ambient,3455,cam1_20260505_092700.jpg,,1,28.1,49,100,8793,0,15,0.0,65.0,0,0.0,10,146.6,14.7,1.1,0.1,0,0,0,,2026-05-05 15:27:01
6342,,LOT-20260425-651F-005,,,,Pepino,Hibrido F1,3457,cam1_20260505_094156.jpg,ambient,3459,cam1_20260505_094200.jpg,,1,28.2,48,100,8808,0,15,0.0,65.0,0,0.0,10,146.8,14.7,1.1,0.1,0,0,0,,2026-05-05 15:42:01
6350,,LOT-20260425-651F-005,,,,Pepino,Hibrido F1,3461,cam1_20260505_095656.jpg,ambient,3463,cam1_20260505_095700.jpg,,1,28.5,48,100,8823,0,15,0.0,65.0,0,0.0,10,147.1,14.7,1.1,0.1,0,0,0,,2026-05-05 15:57:01
6358,,LOT-20260425-651F-005,,,,Pepino,Hibrido F1,3465,cam1_20260505_101156.jpg,ambient,3467,cam1_20260505_101200.jpg,,1,28.7,51,97.2,8838,0,15,0.0,65.0,0,0.0,10,147.3,14.7,1.1,0.1,0,0,0,,2026-05-05 16:12:01
6366,,LOT-20260425-651F-005,,,,Pepino,Hibrido F1,3469,cam1_20260505_102656.jpg,ambient,3471,cam1_20260505_102700.jpg,,1,28.7,49,100,8853,0,15,0.0,65.0,0,0.0,10,147.6,14.8,1.1,0.1,0,0,0,,2026-05-05 16:27:01
6374,,LOT-20260425-651F-005,,,,Pepino,Hibrido F1,3473,cam1_20260505_104156.jpg,ambient,3475,cam1_20260505_104200.jpg,,1,28.8,48,100,8868,0,15,0.0,65.0,0,0.0,10,147.8,14.8,1.1,0.1,0,0,0,,2026-05-05 16:42:01
6382,,LOT-20260425-651F-005,,,,Pepino,Hibrido F1,3477,cam1_20260505_105656.jpg,ambient,3479,cam1_20260505_105700.jpg,,1,29,46,93.5,8883,0,15,0.0,65.0,0,0.0,10,148.1,14.8,1.1,0.1,0,0,0,,2026-05-05 16:57:01
6390,,LOT-20260425-651F-005,,,,Pepino,Hibrido F1,3481,cam1_20260505_111156.jpg,ambient,3483,cam1_20260505_111200.jpg,,1,29,49,94.4,8898,0,15,0.0,65.0,0,0.0,10,148.3,14.8,1.1,0.1,0,0,0,,2026-05-05 17:12:01
6398,,LOT-20260425-651F-005,,,,Pepino,Hibrido F1,3485,cam1_20260505_112656.jpg,ambient,3487,cam1_20260505_112700.jpg,,1,29.1,45,85.2,8913,0,15,0.0,65.0,0,0.0,10,148.6,14.9,1.1,0.1,0,0,0,,2026-05-05 17:27:01
6406,,LOT-20260425-651F-005,,,,Pepino,Hibrido F1,3489,cam1_20260505_114156.jpg,ambient,3491,cam1_20260505_114200.jpg,,1,29.2,49,92.6,8927,0,15,0.0,65.0,0,0.0,10,148.8,14.9,1.1,0.1,0,0,0,,2026-05-05 17:42:01
6414,,LOT-20260425-651F-005,,,,Pepino,Hibrido F1,3493,cam1_20260505_115656.jpg,ambient,3495,cam1_20260505_115700.jpg,,1,29.1,42,77.8,8942,0,15,0.0,65.0,0,0.0,10,149.0,14.9,1.1,0.1,0,0,0,,2026-05-05 17:57:01
6422,,LOT-20260425-651F-005,,,,Pepino,Hibrido F1,3497,cam1_20260505_121156.jpg,ambient,3499,cam1_20260505_121200.jpg,,1,29.2,46,74.1,8957,0,15,0.0,65.0,0,0.0,10,149.3,14.9,1.1,0.1,0,0,0,,2026-05-05 18:12:01
6430,,LOT-20260425-651F-005,,,,Pepino,Hibrido F1,3501,cam1_20260505_122656.jpg,ambient,3503,cam1_20260505_122700.jpg,,1,29.2,46,67.9,8972,0,15,0.0,65.0,0,0.0,10,149.5,15.0,1.1,0.1,0,0,0,,2026-05-05 18:27:01
6438,,LOT-20260425-651F-005,,,,Pepino,Hibrido F1,3505,cam1_20260505_124156.jpg,ambient,3507,cam1_20260505_124200.jpg,,1,29.4,40,64.3,8987,0,15,0.0,65.0,0,0.0,10,149.8,15.0,1.1,0.1,0,0,0,,2026-05-05 18:42:01
6446,,LOT-20260425-651F-005,,,,Pepino,Hibrido F1,3509,cam1_20260505_125656.jpg,ambient,3511,cam1_20260505_125701.jpg,,1,29.4,42,57.1,9002,0,15,0.0,65.0,0,0.0,10,150.0,15.0,1.1,0.1,0,0,0,,2026-05-05 18:57:01
6454,,LOT-20260425-651F-005,,,,Pepino,Hibrido F1,3513,cam1_20260505_131157.jpg,ambient,3515,cam1_20260505_131202.jpg,,1,29.5,41,56.3,9017,0,15,0.0,65.0,0,0.0,10,150.3,15.0,1.1,0.1,0,0,0,,2026-05-05 19:12:02
