observation_id,plant_instance_id,lot_id,position_tag,replacement_index,classification,species,variety,image_id,image_filename,image_light_type,flash_image_id,flash_image_filename,crop_path,capture_camera_id,temperature,humidity,water_level,light_minutes,had_light,capture_interval_min,light_minutes_in_period,ventilation_minutes,had_ventilation,ventilation_minutes_in_period,lot_day,light_hours_accumulated,light_hours_per_day,vent_hours_accumulated,vent_hours_per_day,relay_light,relay_irrigation,relay_ventilation,local_status,observed_at
10,,LOT-20260425-651F-008,,,,Arugula,,8,cam1_20260425_203854.jpg,ambient,10,cam1_20260425_203900.jpg,,1,26.2,43,100,0,0,15,0.0,0.0,0,0.0,1,0.0,0.0,0.0,0.0,0,0,0,,2026-04-26 02:39:01
18,,LOT-20260425-651F-008,,,,Arugula,,18,cam1_20260425_205354.jpg,ambient,20,cam1_20260425_205400.jpg,,1,26.2,43,100,0,0,15,0.0,0.0,0,0.0,1,0.0,0.0,0.0,0.0,0,0,0,,2026-04-26 02:54:00
26,,LOT-20260425-651F-008,,,,Arugula,,26,cam1_20260425_210854.jpg,ambient,28,cam1_20260425_210859.jpg,,1,26.2,43,100,0,0,15,0.0,0.0,0,0.0,1,0.0,0.0,0.0,0.0,0,0,0,,2026-04-26 03:08:59
32,,LOT-20260425-651F-008,,,,Arugula,,33,cam1_20260425_212354.jpg,ambient,35,cam1_20260425_212357.jpg,,1,26.2,43,100,0,0,15,0.0,0.0,0,0.0,1,0.0,0.0,0.0,0.0,0,0,0,,2026-04-26 03:23:59
42,,LOT-20260425-651F-008,,,,Arugula,,42,cam1_20260425_213854.jpg,ambient,44,cam1_20260425_213859.jpg,,1,26.2,43,100,0,0,15,0.0,0.0,0,0.0,1,0.0,0.0,0.0,0.0,0,0,0,,2026-04-26 03:38:59
50,,LOT-20260425-651F-008,,,,Arugula,,50,cam1_20260425_215355.jpg,ambient,52,cam1_20260425_215359.jpg,,1,26.2,43,100,0,0,15,0.0,0.0,0,0.0,1,0.0,0.0,0.0,0.0,0,0,0,,2026-04-26 03:53:59
58,,LOT-20260425-651F-008,,,,Arugula,,58,cam1_20260425_220854.jpg,ambient,60,cam1_20260425_220901.jpg,,1,26.2,43,100,0,0,15,0.0,0.0,0,0.0,1,0.0,0.0,0.0,0.0,0,0,0,,2026-04-26 04:09:01
66,,LOT-20260425-651F-008,,,,Arugula,,66,cam1_20260425_222354.jpg,ambient,68,cam1_20260425_222358.jpg,,1,26.2,43,100,0,0,15,0.0,0.0,0,0.0,1,0.0,0.0,0.0,0.0,0,0,0,,2026-04-26 04:23:59
74,,LOT-20260425-651F-008,,,,Arugula,,74,cam1_20260425_223855.jpg,ambient,76,cam1_20260425_223903.jpg,,1,26.2,43,100,0,0,15,0.0,0.0,0,0.0,1,0.0,0.0,0.0,0.0,0,0,0,,2026-04-26 04:39:03
82,,LOT-20260425-651F-008,,,,Arugula,,82,cam1_20260425_225356.jpg,ambient,84,cam1_20260425_225359.jpg,,1,26.2,43,100,0,0,15,0.0,0.0,0,0.0,1,0.0,0.0,0.0,0.0,0,0,0,,2026-04-26 04:53:59
90,,LOT-20260425-651F-008,,,,Arugula,,90,cam1_20260425_230854.jpg,ambient,92,cam1_20260425_230858.jpg,,1,26.2,43,100,0,0,15,0.0,0.0,0,0.0,1,0.0,0.0,0.0,0.0,0,0,0,,2026-04-26 05:08:59
98,,LOT-20260425-651F-008,,,,Arugula,,98,cam1_20260425_232354.jpg,ambient,100,cam1_20260425_232359.jpg,,1,26.2,43,100,0,0,15,0.0,0.0,0,0.0,1,0.0,0.0,0.0,0.0,0,0,0,,2026-04-26 05:23:59
106,,LOT-20260425-651F-008,,,,Arugula,,106,cam1_20260425_233854.jpg,ambient,108,cam1_20260425_233859.jpg,,1,26.2,43,100,0,0,15,0.0,0.0,0,0.0,1,0.0,0.0,0.0,0.0,0,0,0,,2026-04-26 05:38:59
112,,LOT-20260425-651F-008,,,,Arugula,,113,cam1_20260425_235354.jpg,ambient,115,cam1_20260425_235357.jpg,,1,26.2,43,100,0,0,15,0.0,0.0,0,0.0,1,0.0,0.0,0.0,0.0,0,0,0,,2026-04-26 05:53:57
122,,LOT-20260425-651F-008,,,,Arugula,,122,cam1_20260426_000855.jpg,ambient,124,cam1_20260426_000859.jpg,,1,26.2,43,100,0,0,15,0.0,0.0,0,0.0,1,0.0,0.0,0.0,0.0,0,0,0,,2026-04-26 06:08:59
130,,LOT-20260425-651F-008,,,,Arugula,,130,cam1_20260426_002355.jpg,ambient,132,cam1_20260426_002406.jpg,,1,26.2,43,100,0,0,15,0.0,0.0,0,0.0,1,0.0,0.0,0.0,0.0,0,0,0,,2026-04-26 06:24:09
138,,LOT-20260425-651F-008,,,,Arugula,,138,cam1_20260426_003855.jpg,ambient,140,cam1_20260426_003901.jpg,,1,26.2,43,100,1,0,15,0.0,0.0,0,0.0,1,0.0,0.0,0.0,0.0,0,0,0,,2026-04-26 06:39:01
146,,LOT-20260425-651F-008,,,,Arugula,,146,cam1_20260426_005356.jpg,ambient,148,cam1_20260426_005401.jpg,,1,26.2,43,100,1,0,15,0.0,0.0,0,0.0,1,0.0,0.0,0.0,0.0,0,0,0,,2026-04-26 06:54:02
154,,LOT-20260425-651F-008,,,,Arugula,,154,cam1_20260426_010854.jpg,ambient,156,cam1_20260426_010859.jpg,,1,26.2,43,100,1,0,15,0.0,0.0,0,0.0,1,0.0,0.0,0.0,0.0,0,0,0,,2026-04-26 07:08:59
162,,LOT-20260425-651F-008,,,,Arugula,,162,cam1_20260426_012354.jpg,ambient,164,cam1_20260426_012400.jpg,,1,26.2,43,100,1,0,15,0.0,0.0,0,0.0,1,0.0,0.0,0.0,0.0,0,0,0,,2026-04-26 07:24:00
170,,LOT-20260425-651F-008,,,,Arugula,,170,cam1_20260426_013854.jpg,ambient,172,cam1_20260426_013859.jpg,,1,26.2,43,100,1,0,15,0.0,0.0,0,0.0,1,0.0,0.0,0.0,0.0,0,0,0,,2026-04-26 07:38:59
178,,LOT-20260425-651F-008,,,,Arugula,,178,cam1_20260426_015356.jpg,ambient,180,cam1_20260426_015359.jpg,,1,26.2,43,100,1,0,15,0.0,0.0,0,0.0,1,0.0,0.0,0.0,0.0,0,0,0,,2026-04-26 07:53:59
186,,LOT-20260425-651F-008,,,,Arugula,,186,cam1_20260426_020854.jpg,ambient,188,cam1_20260426_020900.jpg,,1,26.2,43,100,1,0,15,0.0,0.0,0,0.0,1,0.0,0.0,0.0,0.0,0,0,0,,2026-04-26 08:09:00
194,,LOT-20260425-651F-008,,,,Arugula,,194,cam1_20260426_022354.jpg,ambient,196,cam1_20260426_022358.jpg,,1,26.2,43,100,2,0,15,0.0,0.0,0,0.0,1,0.0,0.0,0.0,0.0,0,0,0,,2026-04-26 08:23:59
202,,LOT-20260425-651F-008,,,,Arugula,,202,cam1_20260426_023854.jpg,ambient,204,cam1_20260426_023858.jpg,,1,26.2,43,100,2,0,15,0.0,0.0,0,0.0,1,0.0,0.0,0.0,0.0,0,0,0,,2026-04-26 08:38:59
210,,LOT-20260425-651F-008,,,,Arugula,,210,cam1_20260426_025354.jpg,ambient,212,cam1_20260426_025359.jpg,,1,26.2,43,100,2,0,15,0.0,0.0,0,0.0,1,0.0,0.0,0.0,0.0,0,0,0,,2026-04-26 08:53:59
218,,LOT-20260425-651F-008,,,,Arugula,,218,cam1_20260426_030854.jpg,ambient,220,cam1_20260426_030859.jpg,,1,26.2,43,100,2,0,15,0.0,0.0,0,0.0,1,0.0,0.0,0.0,0.0,0,0,0,,2026-04-26 09:08:59
226,,LOT-20260425-651F-008,,,,Arugula,,226,cam1_20260426_032354.jpg,ambient,228,cam1_20260426_032359.jpg,,1,26.2,43,100,2,0,15,0.0,0.0,0,0.0,1,0.0,0.0,0.0,0.0,0,0,0,,2026-04-26 09:23:59
234,,LOT-20260425-651F-008,,,,Arugula,,234,cam1_20260426_033855.jpg,ambient,236,cam1_20260426_033900.jpg,,1,26.2,43,100,2,0,15,0.0,0.0,0,0.0,1,0.0,0.0,0.0,0.0,0,0,0,,2026-04-26 09:39:01
242,,LOT-20260425-651F-008,,,,Arugula,,242,cam1_20260426_035354.jpg,ambient,244,cam1_20260426_035358.jpg,,1,26.2,43,100,2,0,15,0.0,0.0,0,0.0,1,0.0,0.0,0.0,0.0,0,0,0,,2026-04-26 09:53:59
250,,LOT-20260425-651F-008,,,,Arugula,,250,cam1_20260426_040854.jpg,ambient,252,cam1_20260426_040859.jpg,,1,26.2,43,100,2,0,15,0.0,0.0,0,0.0,1,0.0,0.0,0.0,0.0,0,0,0,,2026-04-26 10:08:59
258,,LOT-20260425-651F-008,,,,Arugula,,258,cam1_20260426_042354.jpg,ambient,260,cam1_20260426_042359.jpg,,1,26.2,43,100,3,0,15,0.0,0.0,0,0.0,1,0.1,0.1,0.0,0.0,0,0,0,,2026-04-26 10:23:59
266,,LOT-20260425-651F-008,,,,Arugula,,266,cam1_20260426_043854.jpg,ambient,268,cam1_20260426_043859.jpg,,1,26.2,43,100,3,0,15,0.0,0.0,0,0.0,1,0.1,0.1,0.0,0.0,0,0,0,,2026-04-26 10:38:59
274,,LOT-20260425-651F-008,,,,Arugula,,274,cam1_20260426_045354.jpg,ambient,276,cam1_20260426_045359.jpg,,1,26.2,43,100,3,0,15,0.0,0.0,0,0.0,1,0.1,0.1,0.0,0.0,0,0,0,,2026-04-26 10:53:59
282,,LOT-20260425-651F-008,,,,Arugula,,282,cam1_20260426_050854.jpg,ambient,284,cam1_20260426_050859.jpg,,1,26.2,43,100,3,0,15,0.0,0.0,0,0.0,1,0.1,0.1,0.0,0.0,0,0,0,,2026-04-26 11:08:59
290,,LOT-20260425-651F-008,,,,Arugula,,290,cam1_20260426_052354.jpg,ambient,292,cam1_20260426_052359.jpg,,1,26.2,43,100,3,0,15,0.0,0.0,0,0.0,1,0.1,0.1,0.0,0.0,0,0,0,,2026-04-26 11:23:59
298,,LOT-20260425-651F-008,,,,Arugula,,298,cam1_20260426_053854.jpg,ambient,300,cam1_20260426_053859.jpg,,1,26.2,43,100,3,0,15,0.0,0.0,0,0.0,1,0.1,0.1,0.0,0.0,0,0,0,,2026-04-26 11:38:59
306,,LOT-20260425-651F-008,,,,Arugula,,306,cam1_20260426_055354.jpg,ambient,308,cam1_20260426_055359.jpg,,1,26.2,43,100,3,0,15,0.0,0.0,0,0.0,1,0.1,0.1,0.0,0.0,0,0,0,,2026-04-26 11:53:59
314,,LOT-20260425-651F-008,,,,Arugula,,314,cam1_20260426_060854.jpg,ambient,316,cam1_20260426_060859.jpg,,1,26.2,43,100,3,0,15,0.0,0.0,0,0.0,1,0.1,0.1,0.0,0.0,0,0,0,,2026-04-26 12:08:59
322,,LOT-20260425-651F-008,,,,Arugula,,322,cam1_20260426_062354.jpg,ambient,324,cam1_20260426_062359.jpg,,1,26.2,43,100,4,0,15,0.0,0.0,0,0.0,1,0.1,0.1,0.0,0.0,0,0,0,,2026-04-26 12:23:59
330,,LOT-20260425-651F-008,,,,Arugula,,330,cam1_20260426_063854.jpg,ambient,332,cam1_20260426_063859.jpg,,1,26.2,43,100,4,0,15,0.0,0.0,0,0.0,1,0.1,0.1,0.0,0.0,0,0,0,,2026-04-26 12:38:59
338,,LOT-20260425-651F-008,,,,Arugula,,338,cam1_20260426_065354.jpg,ambient,340,cam1_20260426_065359.jpg,,1,26.2,43,100,4,0,15,0.0,0.0,0,0.0,1,0.1,0.1,0.0,0.0,0,0,0,,2026-04-26 12:53:59
346,,LOT-20260425-651F-008,,,,Arugula,,346,cam1_20260426_070854.jpg,ambient,348,cam1_20260426_070859.jpg,,1,26.2,43,100,4,0,15,0.0,0.0,0,0.0,1,0.1,0.1,0.0,0.0,0,0,0,,2026-04-26 13:08:59
354,,LOT-20260425-651F-008,,,,Arugula,,354,cam1_20260426_072354.jpg,ambient,356,cam1_20260426_072359.jpg,,1,26.2,43,100,4,0,15,0.0,0.0,0,0.0,1,0.1,0.1,0.0,0.0,0,0,0,,2026-04-26 13:23:59
362,,LOT-20260425-651F-008,,,,Arugula,,362,cam1_20260426_073854.jpg,ambient,364,cam1_20260426_073859.jpg,,1,26.2,43,100,4,0,15,0.0,0.0,0,0.0,1,0.1,0.1,0.0,0.0,0,0,0,,2026-04-26 13:38:59
370,,LOT-20260425-651F-008,,,,Arugula,,370,cam1_20260426_075354.jpg,ambient,372,cam1_20260426_075359.jpg,,1,26.2,43,100,4,0,15,0.0,0.0,0,0.0,1,0.1,0.1,0.0,0.0,0,0,0,,2026-04-26 13:53:59
378,,LOT-20260425-651F-008,,,,Arugula,,378,cam1_20260426_080854.jpg,ambient,380,cam1_20260426_080859.jpg,,1,26.2,43,100,13,0,15,0.0,0.0,0,0.0,1,0.2,0.2,0.0,0.0,0,0,0,,2026-04-26 14:08:59
386,,LOT-20260425-651F-008,,,,Arugula,,386,cam1_20260426_082354.jpg,ambient,388,cam1_20260426_082359.jpg,,1,26.2,43,100,28,0,15,0.0,0.0,0,0.0,1,0.5,0.5,0.0,0.0,0,0,0,,2026-04-26 14:23:59
394,,LOT-20260425-651F-008,,,,Arugula,,394,cam1_20260426_083854.jpg,ambient,396,cam1_20260426_083859.jpg,,1,26.2,43,100,43,0,15,0.0,0.0,0,0.0,1,0.7,0.7,0.0,0.0,0,0,0,,2026-04-26 14:38:59
402,,LOT-20260425-651F-008,,,,Arugula,,402,cam1_20260426_085354.jpg,ambient,404,cam1_20260426_085359.jpg,,1,26.2,43,100,57,0,15,0.0,0.0,0,0.0,1,0.9,0.9,0.0,0.0,0,0,0,,2026-04-26 14:53:59
410,,LOT-20260425-651F-008,,,,Arugula,,410,cam1_20260426_090854.jpg,ambient,412,cam1_20260426_090900.jpg,,1,26.2,43,100,72,0,15,0.0,0.0,0,0.0,1,1.2,1.2,0.0,0.0,0,0,0,,2026-04-26 15:09:00
418,,LOT-20260425-651F-008,,,,Arugula,,418,cam1_20260426_092354.jpg,ambient,420,cam1_20260426_092402.jpg,,1,26.2,43,100,87,0,15,0.0,0.0,0,0.0,1,1.4,1.4,0.0,0.0,0,0,0,,2026-04-26 15:24:02
426,,LOT-20260425-651F-008,,,,Arugula,,426,cam1_20260426_093854.jpg,ambient,428,cam1_20260426_093859.jpg,,1,26.2,43,100,102,0,15,0.0,0.0,0,0.0,1,1.7,1.7,0.0,0.0,0,0,0,,2026-04-26 15:38:59
434,,LOT-20260425-651F-008,,,,Arugula,,434,cam1_20260426_095354.jpg,ambient,436,cam1_20260426_095359.jpg,,1,26.2,43,100,117,0,15,0.0,0.0,0,0.0,1,1.9,1.9,0.0,0.0,0,0,0,,2026-04-26 15:54:00
442,,LOT-20260425-651F-008,,,,Arugula,,442,cam1_20260426_100854.jpg,ambient,444,cam1_20260426_100859.jpg,,1,26.2,43,100,132,0,15,0.0,0.0,0,0.0,1,2.2,2.2,0.0,0.0,0,0,0,,2026-04-26 16:08:59
450,,LOT-20260425-651F-008,,,,Arugula,,450,cam1_20260426_102354.jpg,ambient,452,cam1_20260426_102359.jpg,,1,26.2,43,100,146,0,15,0.0,0.0,0,0.0,1,2.4,2.4,0.0,0.0,0,0,0,,2026-04-26 16:23:59
458,,LOT-20260425-651F-008,,,,Arugula,,458,cam1_20260426_103854.jpg,ambient,460,cam1_20260426_103859.jpg,,1,26.2,43,100,161,0,15,0.0,0.0,0,0.0,1,2.7,2.7,0.0,0.0,0,0,0,,2026-04-26 16:38:59
467,,LOT-20260425-651F-008,,,,Arugula,,466,cam1_20260426_105619.jpg,ambient,468,cam1_20260426_105624.jpg,,1,26.2,43,100,179,0,15,0.0,0.0,0,0.0,1,3.0,3.0,0.0,0.0,0,0,0,,2026-04-26 16:56:25
475,,LOT-20260425-651F-008,,,,Arugula,,472,cam1_20260426_111118.jpg,ambient,474,cam1_20260426_111123.jpg,,1,26.2,43,100,193,0,15,0.0,0.0,0,0.0,1,3.2,3.2,0.0,0.0,0,0,0,,2026-04-26 17:11:24
483,,LOT-20260425-651F-008,,,,Arugula,,478,cam1_20260426_112619.jpg,ambient,480,cam1_20260426_112624.jpg,,1,26.2,43,100,208,0,15,0.0,0.0,0,0.0,1,3.5,3.5,0.0,0.0,0,0,0,,2026-04-26 17:26:25
491,,LOT-20260425-651F-008,,,,Arugula,,484,cam1_20260426_114119.jpg,ambient,486,cam1_20260426_114124.jpg,,1,26.2,43,100,223,0,15,0.0,0.0,0,0.0,1,3.7,3.7,0.0,0.0,0,0,0,,2026-04-26 17:41:25
499,,LOT-20260425-651F-008,,,,Arugula,,490,cam1_20260426_115619.jpg,ambient,492,cam1_20260426_115624.jpg,,1,26.2,43,100,238,0,15,0.0,0.0,0,0.0,1,4.0,4.0,0.0,0.0,0,0,0,,2026-04-26 17:56:25
507,,LOT-20260425-651F-008,,,,Arugula,,496,cam1_20260426_121119.jpg,ambient,498,cam1_20260426_121125.jpg,,1,26.2,43,100,253,0,15,0.0,0.0,0,0.0,1,4.2,4.2,0.0,0.0,0,0,0,,2026-04-26 18:11:26
515,,LOT-20260425-651F-008,,,,Arugula,,502,cam1_20260426_122621.jpg,ambient,504,cam1_20260426_122625.jpg,,1,26.2,43,100,268,0,15,0.0,0.0,0,0.0,1,4.5,4.5,0.0,0.0,0,0,0,,2026-04-26 18:26:26
523,,LOT-20260425-651F-008,,,,Arugula,,508,cam1_20260426_124119.jpg,ambient,510,cam1_20260426_124125.jpg,,1,26.2,43,100,283,0,15,0.0,0.0,0,0.0,1,4.7,4.7,0.0,0.0,0,0,0,,2026-04-26 18:41:25
531,,LOT-20260425-651F-008,,,,Arugula,,514,cam1_20260426_125620.jpg,ambient,516,cam1_20260426_125625.jpg,,1,26.2,43,100,298,0,15,0.0,0.0,0,0.0,1,5.0,5.0,0.0,0.0,0,0,0,,2026-04-26 18:56:26
713,,LOT-20260425-651F-008,,,,Arugula,,643,cam1_20260426_234502.jpg,ambient,645,cam1_20260426_234510.jpg,,1,26.2,43,100,718,0,15,0.0,0.0,0,0.0,2,12.0,6.0,0.0,0.0,0,0,0,,2026-04-27 05:45:10
721,,LOT-20260425-651F-008,,,,Arugula,,647,cam1_20260427_000005.jpg,ambient,649,cam1_20260427_000013.jpg,,1,26.2,43,100,721,0,15,0.0,0.0,0,0.0,2,12.0,6.0,0.0,0.0,0,0,0,,2026-04-27 06:00:13
729,,LOT-20260425-651F-008,,,,Arugula,,651,cam1_20260427_001505.jpg,ambient,653,cam1_20260427_001513.jpg,,1,26.2,43,100,721,0,15,0.0,0.0,0,0.0,2,12.0,6.0,0.0,0.0,0,0,0,,2026-04-27 06:15:14
737,,LOT-20260425-651F-008,,,,Arugula,,655,cam1_20260427_003005.jpg,ambient,657,cam1_20260427_003010.jpg,,1,26.2,43,100,722,0,15,0.0,0.0,0,0.0,2,12.0,6.0,0.0,0.0,0,0,0,,2026-04-27 06:30:11
745,,LOT-20260425-651F-008,,,,Arugula,,659,cam1_20260427_004505.jpg,ambient,661,cam1_20260427_004510.jpg,,1,26.2,43,100,722,0,15,0.0,0.0,0,0.0,2,12.0,6.0,0.0,0.0,0,0,0,,2026-04-27 06:45:11
753,,LOT-20260425-651F-008,,,,Arugula,,663,cam1_20260427_010005.jpg,ambient,665,cam1_20260427_010010.jpg,,1,26.2,43,100,722,0,15,0.0,0.0,0,0.0,2,12.0,6.0,0.0,0.0,0,0,0,,2026-04-27 07:00:11
761,,LOT-20260425-651F-008,,,,Arugula,,667,cam1_20260427_011505.jpg,ambient,669,cam1_20260427_011510.jpg,,1,26.2,43,100,722,0,15,0.0,0.0,0,0.0,2,12.0,6.0,0.0,0.0,0,0,0,,2026-04-27 07:15:11
769,,LOT-20260425-651F-008,,,,Arugula,,671,cam1_20260427_013005.jpg,ambient,673,cam1_20260427_013010.jpg,,1,26.2,43,100,722,0,15,0.0,0.0,0,0.0,2,12.0,6.0,0.0,0.0,0,0,0,,2026-04-27 07:30:11
777,,LOT-20260425-651F-008,,,,Arugula,,675,cam1_20260427_014505.jpg,ambient,677,cam1_20260427_014510.jpg,,1,26.2,43,100,722,0,15,0.0,0.0,0,0.0,2,12.0,6.0,0.0,0.0,0,0,0,,2026-04-27 07:45:11
785,,LOT-20260425-651F-008,,,,Arugula,,679,cam1_20260427_020006.jpg,ambient,681,cam1_20260427_020011.jpg,,1,26.2,43,100,722,0,15,0.0,0.0,0,0.0,2,12.0,6.0,0.0,0.0,0,0,0,,2026-04-27 08:00:11
793,,LOT-20260425-651F-008,,,,Arugula,,683,cam1_20260427_021505.jpg,ambient,685,cam1_20260427_021510.jpg,,1,26.2,43,100,722,0,15,0.0,0.0,0,0.0,2,12.0,6.0,0.0,0.0,0,0,0,,2026-04-27 08:15:11
801,,LOT-20260425-651F-008,,,,Arugula,,687,cam1_20260427_023005.jpg,ambient,689,cam1_20260427_023010.jpg,,1,26.2,43,100,722,0,15,0.0,0.0,0,0.0,2,12.0,6.0,0.0,0.0,0,0,0,,2026-04-27 08:30:11
809,,LOT-20260425-651F-008,,,,Arugula,,691,cam1_20260427_024505.jpg,ambient,693,cam1_20260427_024510.jpg,,1,26.2,43,100,722,0,15,0.0,0.0,0,0.0,2,12.0,6.0,0.0,0.0,0,0,0,,2026-04-27 08:45:11
817,,LOT-20260425-651F-008,,,,Arugula,,695,cam1_20260427_030005.jpg,ambient,697,cam1_20260427_030010.jpg,,1,26.2,43,100,722,0,15,0.0,0.0,0,0.0,2,12.0,6.0,0.0,0.0,0,0,0,,2026-04-27 09:00:11
825,,LOT-20260425-651F-008,,,,Arugula,,699,cam1_20260427_031505.jpg,ambient,701,cam1_20260427_031510.jpg,,1,26.2,43,100,722,0,15,0.0,0.0,0,0.0,2,12.0,6.0,0.0,0.0,0,0,0,,2026-04-27 09:15:11
833,,LOT-20260425-651F-008,,,,Arugula,,703,cam1_20260427_033005.jpg,ambient,705,cam1_20260427_033010.jpg,,1,26.2,43,100,722,0,15,0.0,0.0,0,0.0,2,12.0,6.0,0.0,0.0,0,0,0,,2026-04-27 09:30:11
841,,LOT-20260425-651F-008,,,,Arugula,,707,cam1_20260427_034505.jpg,ambient,709,cam1_20260427_034510.jpg,,1,26.2,43,100,722,0,15,0.0,0.0,0,0.0,2,12.0,6.0,0.0,0.0,0,0,0,,2026-04-27 09:45:11
849,,LOT-20260425-651F-008,,,,Arugula,,711,cam1_20260427_040005.jpg,ambient,713,cam1_20260427_040010.jpg,,1,26.2,43,100,722,0,15,0.0,0.0,0,0.0,2,12.0,6.0,0.0,0.0,0,0,0,,2026-04-27 10:00:11
857,,LOT-20260425-651F-008,,,,Arugula,,715,cam1_20260427_041505.jpg,ambient,717,cam1_20260427_041510.jpg,,1,26.2,43,100,722,0,15,0.0,0.0,0,0.0,2,12.0,6.0,0.0,0.0,0,0,0,,2026-04-27 10:15:11
861,,LOT-20260425-651F-008,,,,Arugula,,718,cam1_20260427_043005.jpg,ambient,720,cam1_20260427_043008.jpg,,1,26.2,43,100,722,0,15,0.0,0.0,0,0.0,2,12.0,6.0,0.0,0.0,0,0,0,,2026-04-27 10:30:09
873,,LOT-20260425-651F-008,,,,Arugula,,723,cam1_20260427_044506.jpg,ambient,725,cam1_20260427_044512.jpg,,1,26.2,43,100,722,0,15,0.0,0.0,0,0.0,2,12.0,6.0,0.0,0.0,0,0,0,,2026-04-27 10:45:12
881,,LOT-20260425-651F-008,,,,Arugula,,727,cam1_20260427_050005.jpg,ambient,729,cam1_20260427_050011.jpg,,1,26.2,43,100,722,0,15,0.0,0.0,0,0.0,2,12.0,6.0,0.0,0.0,0,0,0,,2026-04-27 11:00:12
889,,LOT-20260425-651F-008,,,,Arugula,,731,cam1_20260427_051505.jpg,ambient,733,cam1_20260427_051511.jpg,,1,26.2,43,100,722,0,15,0.0,0.0,0,0.0,2,12.0,6.0,0.0,0.0,0,0,0,,2026-04-27 11:15:12
897,,LOT-20260425-651F-008,,,,Arugula,,735,cam1_20260427_053005.jpg,ambient,737,cam1_20260427_053010.jpg,,1,26.2,43,100,722,0,15,0.0,0.0,0,0.0,2,12.0,6.0,0.0,0.0,0,0,0,,2026-04-27 11:30:11
905,,LOT-20260425-651F-008,,,,Arugula,,739,cam1_20260427_054505.jpg,ambient,741,cam1_20260427_054510.jpg,,1,26.2,43,100,722,0,15,0.0,0.0,0,0.0,2,12.0,6.0,0.0,0.0,0,0,0,,2026-04-27 11:45:11
913,,LOT-20260425-651F-008,,,,Arugula,,743,cam1_20260427_060005.jpg,ambient,745,cam1_20260427_060010.jpg,,1,26.2,43,100,722,0,15,0.0,0.0,0,0.0,2,12.0,6.0,0.0,0.0,0,0,0,,2026-04-27 12:00:11
921,,LOT-20260425-651F-008,,,,Arugula,,747,cam1_20260427_061505.jpg,ambient,749,cam1_20260427_061513.jpg,,1,26.2,43,100,722,0,15,0.0,0.0,0,0.0,2,12.0,6.0,0.0,0.0,0,0,0,,2026-04-27 12:15:14
929,,LOT-20260425-651F-008,,,,Arugula,,751,cam1_20260427_063005.jpg,ambient,753,cam1_20260427_063012.jpg,,1,26.2,43,100,723,0,15,0.0,0.0,0,0.0,2,12.1,6.0,0.0,0.0,0,0,0,,2026-04-27 12:30:12
937,,LOT-20260425-651F-008,,,,Arugula,,755,cam1_20260427_064505.jpg,ambient,757,cam1_20260427_064510.jpg,,1,26.2,43,100,723,0,15,0.0,0.0,0,0.0,2,12.1,6.0,0.0,0.0,0,0,0,,2026-04-27 12:45:11
945,,LOT-20260425-651F-008,,,,Arugula,,759,cam1_20260427_070005.jpg,ambient,761,cam1_20260427_070010.jpg,,1,26.2,43,100,723,0,15,0.0,0.0,0,0.0,2,12.1,6.0,0.0,0.0,0,0,0,,2026-04-27 13:00:11
953,,LOT-20260425-651F-008,,,,Arugula,,763,cam1_20260427_071506.jpg,ambient,765,cam1_20260427_071511.jpg,,1,26.2,43,100,723,0,15,0.0,0.0,0,0.0,2,12.1,6.0,0.0,0.0,0,0,0,,2026-04-27 13:15:11
961,,LOT-20260425-651F-008,,,,Arugula,,767,cam1_20260427_073005.jpg,ambient,769,cam1_20260427_073010.jpg,,1,26.2,43,100,723,0,15,0.0,0.0,0,0.0,2,12.1,6.0,0.0,0.0,0,0,0,,2026-04-27 13:30:11
969,,LOT-20260425-651F-008,,,,Arugula,,771,cam1_20260427_074505.jpg,ambient,773,cam1_20260427_074510.jpg,,1,26.2,43,100,723,0,15,0.0,0.0,0,0.0,2,12.1,6.0,0.0,0.0,0,0,0,,2026-04-27 13:45:11
977,,LOT-20260425-651F-008,,,,Arugula,,775,cam1_20260427_080005.jpg,ambient,777,cam1_20260427_080010.jpg,,1,26.2,43,100,723,0,15,0.0,0.0,0,0.0,2,12.1,6.0,0.0,0.0,0,0,0,,2026-04-27 14:00:11
985,,LOT-20260425-651F-008,,,,Arugula,,779,cam1_20260427_081506.jpg,ambient,781,cam1_20260427_081510.jpg,,1,26.2,43,100,738,0,15,0.0,0.0,0,0.0,2,12.3,6.2,0.0,0.0,0,0,0,,2026-04-27 14:15:11
993,,LOT-20260425-651F-008,,,,Arugula,,783,cam1_20260427_083006.jpg,ambient,785,cam1_20260427_083011.jpg,,1,26.2,43,100,753,0,15,0.0,0.0,0,0.0,2,12.6,6.3,0.0,0.0,0,0,0,,2026-04-27 14:30:12
1001,,LOT-20260425-651F-008,,,,Arugula,,787,cam1_20260427_084505.jpg,ambient,789,cam1_20260427_084510.jpg,,1,26.2,43,100,768,0,15,0.0,0.0,0,0.0,2,12.8,6.4,0.0,0.0,0,0,0,,2026-04-27 14:45:10
1009,,LOT-20260425-651F-008,,,,Arugula,,791,cam1_20260427_090006.jpg,ambient,793,cam1_20260427_090010.jpg,,1,26.2,43,100,782,0,15,0.0,0.0,0,0.0,2,13.0,6.5,0.0,0.0,0,0,0,,2026-04-27 15:00:10
1017,,LOT-20260425-651F-008,,,,Arugula,,795,cam1_20260427_091505.jpg,ambient,797,cam1_20260427_091511.jpg,,1,26.2,43,100,797,0,15,0.0,0.0,0,0.0,2,13.3,6.6,0.0,0.0,0,0,0,,2026-04-27 15:15:12
1025,,LOT-20260425-651F-008,,,,Arugula,,799,cam1_20260427_093005.jpg,ambient,801,cam1_20260427_093011.jpg,,1,26.2,43,100,812,0,15,0.0,0.0,0,0.0,2,13.5,6.8,0.0,0.0,0,0,0,,2026-04-27 15:30:12
1033,,LOT-20260425-651F-008,,,,Arugula,,803,cam1_20260427_094505.jpg,ambient,805,cam1_20260427_094510.jpg,,1,26.2,43,100,827,0,15,0.0,0.0,0,0.0,2,13.8,6.9,0.0,0.0,0,0,0,,2026-04-27 15:45:10
1041,,LOT-20260425-651F-008,,,,Arugula,,807,cam1_20260427_100005.jpg,ambient,809,cam1_20260427_100010.jpg,,1,26.2,43,100,842,0,15,0.0,0.0,0,0.0,2,14.0,7.0,0.0,0.0,0,0,0,,2026-04-27 16:00:10
1049,,LOT-20260425-651F-008,,,,Arugula,,811,cam1_20260427_101505.jpg,ambient,813,cam1_20260427_101510.jpg,,1,26.2,43,100,857,0,15,0.0,0.0,0,0.0,2,14.3,7.1,0.0,0.0,0,0,0,,2026-04-27 16:15:10
1057,,LOT-20260425-651F-008,,,,Arugula,,815,cam1_20260427_103005.jpg,ambient,817,cam1_20260427_103010.jpg,,1,26.2,43,100,872,0,15,0.0,0.0,0,0.0,2,14.5,7.3,0.0,0.0,0,0,0,,2026-04-27 16:30:10
1065,,LOT-20260425-651F-008,,,,Arugula,,819,cam1_20260427_104505.jpg,ambient,821,cam1_20260427_104510.jpg,,1,26.2,43,100,887,0,15,0.0,0.0,0,0.0,2,14.8,7.4,0.0,0.0,0,0,0,,2026-04-27 16:45:10
1073,,LOT-20260425-651F-008,,,,Arugula,,823,cam1_20260427_110006.jpg,ambient,825,cam1_20260427_110010.jpg,,1,26.2,43,100,902,0,15,0.0,0.0,0,0.0,2,15.0,7.5,0.0,0.0,0,0,0,,2026-04-27 17:00:10
1081,,LOT-20260425-651F-008,,,,Arugula,,827,cam1_20260427_111506.jpg,ambient,829,cam1_20260427_111512.jpg,,1,26.2,43,100,917,0,15,0.0,0.0,0,0.0,2,15.3,7.6,0.0,0.0,0,0,0,,2026-04-27 17:15:12
1089,,LOT-20260425-651F-008,,,,Arugula,,831,cam1_20260427_113006.jpg,ambient,833,cam1_20260427_113010.jpg,,1,26.2,43,100,932,0,15,0.0,0.0,0,0.0,2,15.5,7.8,0.0,0.0,0,0,0,,2026-04-27 17:30:10
1097,,LOT-20260425-651F-008,,,,Arugula,,835,cam1_20260427_114506.jpg,ambient,837,cam1_20260427_114509.jpg,,1,26.2,43,100,947,0,15,0.0,0.0,0,0.0,2,15.8,7.9,0.0,0.0,0,0,0,,2026-04-27 17:45:10
1105,,LOT-20260425-651F-008,,,,Arugula,,839,cam1_20260427_120006.jpg,ambient,841,cam1_20260427_120010.jpg,,1,26.2,43,100,962,0,15,0.0,0.0,0,0.0,2,16.0,8.0,0.0,0.0,0,0,0,,2026-04-27 18:00:10
1113,,LOT-20260425-651F-008,,,,Arugula,,843,cam1_20260427_121506.jpg,ambient,845,cam1_20260427_121511.jpg,,1,26.2,43,100,976,0,15,0.0,0.0,0,0.0,2,16.3,8.1,0.0,0.0,0,0,0,,2026-04-27 18:15:11
1121,,LOT-20260425-651F-008,,,,Arugula,,847,cam1_20260427_123006.jpg,ambient,849,cam1_20260427_123010.jpg,,1,26.2,43,100,991,0,15,0.0,0.0,0,0.0,2,16.5,8.3,0.0,0.0,0,0,0,,2026-04-27 18:30:10
1129,,LOT-20260425-651F-008,,,,Arugula,,851,cam1_20260427_124506.jpg,ambient,853,cam1_20260427_124511.jpg,,1,26.2,43,100,1006,0,15,0.0,0.0,0,0.0,2,16.8,8.4,0.0,0.0,0,0,0,,2026-04-27 18:45:11
1137,,LOT-20260425-651F-008,,,,Arugula,,855,cam1_20260427_130006.jpg,ambient,857,cam1_20260427_130010.jpg,,1,26.2,43,100,1021,0,15,0.0,0.0,0,0.0,2,17.0,8.5,0.0,0.0,0,0,0,,2026-04-27 19:00:10
1145,,LOT-20260425-651F-008,,,,Arugula,,859,cam1_20260427_131506.jpg,ambient,861,cam1_20260427_131510.jpg,,1,26.2,43,100,1036,0,15,0.0,0.0,0,0.0,2,17.3,8.6,0.0,0.0,0,0,0,,2026-04-27 19:15:10
1153,,LOT-20260425-651F-008,,,,Arugula,,863,cam1_20260427_133006.jpg,ambient,865,cam1_20260427_133010.jpg,,1,26.2,43,100,1051,0,15,0.0,0.0,0,0.0,2,17.5,8.8,0.0,0.0,0,0,0,,2026-04-27 19:30:10
1161,,LOT-20260425-651F-008,,,,Arugula,,867,cam1_20260427_134506.jpg,ambient,869,cam1_20260427_134510.jpg,,1,26.2,43,100,1066,0,15,0.0,0.0,0,0.0,2,17.8,8.9,0.0,0.0,0,0,0,,2026-04-27 19:45:11
1169,,LOT-20260425-651F-008,,,,Arugula,,871,cam1_20260427_140006.jpg,ambient,873,cam1_20260427_140010.jpg,,1,26.2,43,100,1081,0,15,0.0,0.0,0,0.0,2,18.0,9.0,0.0,0.0,0,0,0,,2026-04-27 20:00:10
1177,,LOT-20260425-651F-008,,,,Arugula,,875,cam1_20260427_141506.jpg,ambient,877,cam1_20260427_141510.jpg,,1,26.2,43,100,1096,0,15,0.0,0.0,0,0.0,2,18.3,9.1,0.0,0.0,0,0,0,,2026-04-27 20:15:10
1185,,LOT-20260425-651F-008,,,,Arugula,,879,cam1_20260427_143008.jpg,ambient,881,cam1_20260427_143011.jpg,,1,26.2,43,100,1111,0,15,0.0,0.0,0,0.0,2,18.5,9.3,0.0,0.0,0,0,0,,2026-04-27 20:30:11
1193,,LOT-20260425-651F-008,,,,Arugula,,883,cam1_20260427_144506.jpg,ambient,885,cam1_20260427_144510.jpg,,1,26.2,43,100,1126,0,15,0.0,0.0,0,0.0,2,18.8,9.4,0.0,0.0,0,0,0,,2026-04-27 20:45:10
1201,,LOT-20260425-651F-008,,,,Arugula,,887,cam1_20260427_150006.jpg,ambient,889,cam1_20260427_150010.jpg,,1,26.2,43,100,1141,0,15,0.0,0.0,0,0.0,2,19.0,9.5,0.0,0.0,0,0,0,,2026-04-27 21:00:10
1209,,LOT-20260425-651F-008,,,,Arugula,,891,cam1_20260427_151506.jpg,ambient,893,cam1_20260427_151510.jpg,,1,26.2,43,100,1155,0,15,0.0,0.0,0,0.0,2,19.3,9.6,0.0,0.0,0,0,0,,2026-04-27 21:15:10
1217,,LOT-20260425-651F-008,,,,Arugula,,895,cam1_20260427_153006.jpg,ambient,897,cam1_20260427_153010.jpg,,1,26.2,43,100,1170,0,15,0.0,0.0,0,0.0,2,19.5,9.8,0.0,0.0,0,0,0,,2026-04-27 21:30:10
1225,,LOT-20260425-651F-008,,,,Arugula,,899,cam1_20260427_154506.jpg,ambient,901,cam1_20260427_154510.jpg,,1,26.2,43,100,1185,0,15,0.0,0.0,0,0.0,2,19.8,9.9,0.0,0.0,0,0,0,,2026-04-27 21:45:10
1229,,LOT-20260425-651F-008,,,,Arugula,,902,cam1_20260427_160006.jpg,ambient,904,cam1_20260427_160010.jpg,,1,26.2,43,100,1200,0,15,0.0,0.0,0,0.0,2,20.0,10.0,0.0,0.0,0,0,0,,2026-04-27 22:00:10
1241,,LOT-20260425-651F-008,,,,Arugula,,907,cam1_20260427_161506.jpg,ambient,909,cam1_20260427_161511.jpg,,1,26.2,43,100,1215,0,15,0.0,0.0,0,0.0,2,20.3,10.1,0.0,0.0,0,0,0,,2026-04-27 22:15:12
1249,,LOT-20260425-651F-008,,,,Arugula,,911,cam1_20260427_163006.jpg,ambient,913,cam1_20260427_163010.jpg,,1,26.2,43,100,1230,0,15,0.0,0.0,0,0.0,2,20.5,10.3,0.0,0.0,0,0,0,,2026-04-27 22:30:10
1257,,LOT-20260425-651F-008,,,,Arugula,,915,cam1_20260427_164506.jpg,ambient,917,cam1_20260427_164510.jpg,,1,26.2,43,100,1245,0,15,0.0,0.0,0,0.0,2,20.8,10.4,0.0,0.0,0,0,0,,2026-04-27 22:45:11
1265,,LOT-20260425-651F-008,,,,Arugula,,919,cam1_20260427_170006.jpg,ambient,921,cam1_20260427_170011.jpg,,1,26.2,43,100,1260,0,15,0.0,0.0,0,0.0,2,21.0,10.5,0.0,0.0,0,0,0,,2026-04-27 23:00:12
1273,,LOT-20260425-651F-008,,,,Arugula,,923,cam1_20260427_171506.jpg,ambient,925,cam1_20260427_171510.jpg,,1,26.2,43,100,1275,0,15,0.0,0.0,0,0.0,2,21.3,10.6,0.0,0.0,0,0,0,,2026-04-27 23:15:10
1281,,LOT-20260425-651F-008,,,,Arugula,,927,cam1_20260427_173006.jpg,ambient,929,cam1_20260427_173010.jpg,,1,26.2,43,100,1290,0,15,0.0,0.0,0,0.0,2,21.5,10.8,0.0,0.0,0,0,0,,2026-04-27 23:30:10
1289,,LOT-20260425-651F-008,,,,Arugula,,931,cam1_20260427_174506.jpg,ambient,933,cam1_20260427_174510.jpg,,1,26.2,43,100,1305,0,15,0.0,0.0,0,0.0,2,21.8,10.9,0.0,0.0,0,0,0,,2026-04-27 23:45:11
1297,,LOT-20260425-651F-008,,,,Arugula,,935,cam1_20260427_180006.jpg,ambient,,,,1,26.2,43,100,1320,1,15,15.0,0.0,0,0.0,3,22.0,7.3,0.0,0.0,0,0,0,,2026-04-28 00:00:25
1305,,LOT-20260425-651F-008,,,,Arugula,,938,cam1_20260427_181506.jpg,ambient,940,cam1_20260427_181510.jpg,,1,26.2,43,100,1334,0,15,0.0,0.0,0,0.0,3,22.2,7.4,0.0,0.0,0,0,0,,2026-04-28 00:15:10
1313,,LOT-20260425-651F-008,,,,Arugula,,942,cam1_20260427_183006.jpg,ambient,944,cam1_20260427_183010.jpg,,1,26.2,43,100,1349,0,15,0.0,0.0,0,0.0,3,22.5,7.5,0.0,0.0,0,0,0,,2026-04-28 00:30:11
1321,,LOT-20260425-651F-008,,,,Arugula,,946,cam1_20260427_184506.jpg,ambient,948,cam1_20260427_184510.jpg,,1,26.2,43,100,1364,0,15,0.0,0.0,0,0.0,3,22.7,7.6,0.0,0.0,0,0,0,,2026-04-28 00:45:10
1329,,LOT-20260425-651F-008,,,,Arugula,,950,cam1_20260427_190006.jpg,ambient,952,cam1_20260427_190011.jpg,,1,26.2,43,100,1379,0,15,0.0,0.0,0,0.0,3,23.0,7.7,0.0,0.0,0,0,0,,2026-04-28 01:00:11
1337,,LOT-20260425-651F-008,,,,Arugula,,954,cam1_20260427_191506.jpg,ambient,956,cam1_20260427_191510.jpg,,1,26.2,43,100,1394,0,15,0.0,0.0,0,0.0,3,23.2,7.7,0.0,0.0,0,0,0,,2026-04-28 01:15:10
1345,,LOT-20260425-651F-008,,,,Arugula,,958,cam1_20260427_193006.jpg,ambient,960,cam1_20260427_193010.jpg,,1,26.2,43,100,1409,0,15,0.0,0.0,0,0.0,3,23.5,7.8,0.0,0.0,0,0,0,,2026-04-28 01:30:10
1353,,LOT-20260425-651F-008,,,,Arugula,,962,cam1_20260427_194506.jpg,ambient,964,cam1_20260427_194510.jpg,,1,26.2,43,100,1424,0,15,0.0,0.0,0,0.0,3,23.7,7.9,0.0,0.0,0,0,0,,2026-04-28 01:45:10
1361,,LOT-20260425-651F-008,,,,Arugula,,966,cam1_20260427_200006.jpg,ambient,968,cam1_20260427_200010.jpg,,1,26.2,43,100,1439,0,15,0.0,0.0,0,0.0,3,24.0,8.0,0.0,0.0,0,0,0,,2026-04-28 02:00:11
1369,,LOT-20260425-651F-008,,,,Arugula,,970,cam1_20260427_201506.jpg,ambient,972,cam1_20260427_201510.jpg,,1,26.2,43,100,1439,0,15,0.0,0.0,0,0.0,3,24.0,8.0,0.0,0.0,0,0,0,,2026-04-28 02:15:11
1377,,LOT-20260425-651F-008,,,,Arugula,,974,cam1_20260427_203006.jpg,ambient,976,cam1_20260427_203011.jpg,,1,26.2,43,100,1439,0,15,0.0,0.0,0,0.0,3,24.0,8.0,0.0,0.0,0,0,0,,2026-04-28 02:30:12
1385,,LOT-20260425-651F-008,,,,Arugula,,978,cam1_20260427_204508.jpg,ambient,980,cam1_20260427_204512.jpg,,1,26.2,43,100,1439,0,15,0.0,0.0,0,0.0,3,24.0,8.0,0.0,0.0,0,0,0,,2026-04-28 02:45:12
1393,,LOT-20260425-651F-008,,,,Arugula,,982,cam1_20260427_210007.jpg,ambient,984,cam1_20260427_210011.jpg,,1,26.2,43,100,1439,0,15,0.0,0.0,0,0.0,3,24.0,8.0,0.0,0.0,0,0,0,,2026-04-28 03:00:12
1401,,LOT-20260425-651F-008,,,,Arugula,,986,cam1_20260427_211506.jpg,ambient,988,cam1_20260427_211510.jpg,,1,26.2,43,100,1444,0,15,0.0,0.0,0,0.0,3,24.1,8.0,0.0,0.0,0,0,0,,2026-04-28 03:15:11
1409,,LOT-20260425-651F-008,,,,Arugula,,990,cam1_20260427_213006.jpg,ambient,992,cam1_20260427_213010.jpg,,1,26.2,43,100,1446,0,15,0.0,0.0,0,0.0,3,24.1,8.0,0.0,0.0,0,0,0,,2026-04-28 03:30:11
1417,,LOT-20260425-651F-008,,,,Arugula,,994,cam1_20260427_214506.jpg,ambient,996,cam1_20260427_214510.jpg,,1,26.2,43,100,1446,0,15,0.0,0.0,0,0.0,3,24.1,8.0,0.0,0.0,0,0,0,,2026-04-28 03:45:10
1425,,LOT-20260425-651F-008,,,,Arugula,,998,cam1_20260427_220006.jpg,ambient,1000,cam1_20260427_220010.jpg,,1,26.2,43,100,1446,0,15,0.0,0.0,0,0.0,3,24.1,8.0,0.0,0.0,0,0,0,,2026-04-28 04:00:11
1433,,LOT-20260425-651F-008,,,,Arugula,,1002,cam1_20260427_221506.jpg,ambient,1004,cam1_20260427_221510.jpg,,1,26.2,43,100,1446,0,15,0.0,0.0,0,0.0,3,24.1,8.0,0.0,0.0,0,0,0,,2026-04-28 04:15:11
1441,,LOT-20260425-651F-008,,,,Arugula,,1006,cam1_20260427_223043.jpg,ambient,1008,cam1_20260427_223049.jpg,,1,26.2,43,100,1446,0,15,0.0,0.0,0,0.0,3,24.1,8.0,0.0,0.0,0,0,0,,2026-04-28 04:30:50
1449,,LOT-20260425-651F-008,,,,Arugula,,1010,cam1_20260427_224542.jpg,ambient,1012,cam1_20260427_224547.jpg,,1,26.2,43,100,1446,0,15,0.0,0.0,0,0.0,3,24.1,8.0,0.0,0.0,0,0,0,,2026-04-28 04:45:47
1457,,LOT-20260425-651F-008,,,,Arugula,,1014,cam1_20260427_230042.jpg,ambient,1016,cam1_20260427_230047.jpg,,1,26.2,43,100,1446,0,15,0.0,0.0,0,0.0,3,24.1,8.0,0.0,0.0,0,0,0,,2026-04-28 05:00:47
1465,,LOT-20260425-651F-008,,,,Arugula,,1018,cam1_20260427_231542.jpg,ambient,1020,cam1_20260427_231547.jpg,,1,26.2,43,100,1446,0,15,0.0,0.0,0,0.0,3,24.1,8.0,0.0,0.0,0,0,0,,2026-04-28 05:15:47
1473,,LOT-20260425-651F-008,,,,Arugula,,1022,cam1_20260427_233042.jpg,ambient,1024,cam1_20260427_233046.jpg,,1,26.2,43,100,1446,0,15,0.0,0.0,0,0.0,3,24.1,8.0,0.0,0.0,0,0,0,,2026-04-28 05:30:47
1481,,LOT-20260425-651F-008,,,,Arugula,,1026,cam1_20260427_234542.jpg,ambient,1028,cam1_20260427_234547.jpg,,1,26.2,43,100,1446,0,15,0.0,0.0,0,0.0,3,24.1,8.0,0.0,0.0,0,0,0,,2026-04-28 05:45:47
1489,,LOT-20260425-651F-008,,,,Arugula,,1030,cam1_20260428_000042.jpg,ambient,1032,cam1_20260428_000047.jpg,,1,26.2,43,100,1446,0,15,0.0,0.0,0,0.0,3,24.1,8.0,0.0,0.0,0,0,0,,2026-04-28 06:00:47
1497,,LOT-20260425-651F-008,,,,Arugula,,1034,cam1_20260428_001542.jpg,ambient,1036,cam1_20260428_001549.jpg,,1,26.2,43,100,1446,0,15,0.0,0.0,0,0.0,3,24.1,8.0,0.0,0.0,0,0,0,,2026-04-28 06:15:50
1505,,LOT-20260425-651F-008,,,,Arugula,,1038,cam1_20260428_003042.jpg,ambient,1040,cam1_20260428_003047.jpg,,1,26.2,43,100,1446,0,15,0.0,0.0,0,0.0,3,24.1,8.0,0.0,0.0,0,0,0,,2026-04-28 06:30:47
1513,,LOT-20260425-651F-008,,,,Arugula,,1042,cam1_20260428_004542.jpg,ambient,1044,cam1_20260428_004547.jpg,,1,26.2,43,100,1446,0,15,0.0,0.0,0,0.0,3,24.1,8.0,0.0,0.0,0,0,0,,2026-04-28 06:45:47
1521,,LOT-20260425-651F-008,,,,Arugula,,1046,cam1_20260428_010042.jpg,ambient,1048,cam1_20260428_010046.jpg,,1,26.2,43,100,1447,0,15,0.0,0.0,0,0.0,3,24.1,8.0,0.0,0.0,0,0,0,,2026-04-28 07:00:47
1529,,LOT-20260425-651F-008,,,,Arugula,,1050,cam1_20260428_011542.jpg,ambient,1052,cam1_20260428_011546.jpg,,1,26.2,43,100,1447,0,15,0.0,0.0,0,0.0,3,24.1,8.0,0.0,0.0,0,0,0,,2026-04-28 07:15:47
1537,,LOT-20260425-651F-008,,,,Arugula,,1054,cam1_20260428_013042.jpg,ambient,1056,cam1_20260428_013047.jpg,,1,26.2,43,100,1447,0,15,0.0,0.0,0,0.0,3,24.1,8.0,0.0,0.0,0,0,0,,2026-04-28 07:30:47
1545,,LOT-20260425-651F-008,,,,Arugula,,1058,cam1_20260428_014542.jpg,ambient,1060,cam1_20260428_014546.jpg,,1,26.2,43,100,1447,0,15,0.0,0.0,0,0.0,3,24.1,8.0,0.0,0.0,0,0,0,,2026-04-28 07:45:47
1553,,LOT-20260425-651F-008,,,,Arugula,,1062,cam1_20260428_020042.jpg,ambient,1064,cam1_20260428_020046.jpg,,1,26.2,43,100,1447,0,15,0.0,0.0,0,0.0,3,24.1,8.0,0.0,0.0,0,0,0,,2026-04-28 08:00:47
1561,,LOT-20260425-651F-008,,,,Arugula,,1066,cam1_20260428_021542.jpg,ambient,1068,cam1_20260428_021546.jpg,,1,26.2,43,100,1447,0,15,0.0,0.0,0,0.0,3,24.1,8.0,0.0,0.0,0,0,0,,2026-04-28 08:15:47
1569,,LOT-20260425-651F-008,,,,Arugula,,1070,cam1_20260428_023042.jpg,ambient,1072,cam1_20260428_023047.jpg,,1,26.2,43,100,1447,0,15,0.0,0.0,0,0.0,3,24.1,8.0,0.0,0.0,0,0,0,,2026-04-28 08:30:47
1577,,LOT-20260425-651F-008,,,,Arugula,,1074,cam1_20260428_024542.jpg,ambient,1076,cam1_20260428_024546.jpg,,1,26.2,43,100,1447,0,15,0.0,0.0,0,0.0,3,24.1,8.0,0.0,0.0,0,0,0,,2026-04-28 08:45:47
1585,,LOT-20260425-651F-008,,,,Arugula,,1078,cam1_20260428_030043.jpg,ambient,1080,cam1_20260428_030047.jpg,,1,26.2,43,100,1447,0,15,0.0,0.0,0,0.0,3,24.1,8.0,0.0,0.0,0,0,0,,2026-04-28 09:00:47
1593,,LOT-20260425-651F-008,,,,Arugula,,1082,cam1_20260428_031542.jpg,ambient,1084,cam1_20260428_031547.jpg,,1,26.2,43,100,1447,0,15,0.0,0.0,0,0.0,3,24.1,8.0,0.0,0.0,0,0,0,,2026-04-28 09:15:47
1601,,LOT-20260425-651F-008,,,,Arugula,,1086,cam1_20260428_033042.jpg,ambient,1088,cam1_20260428_033046.jpg,,1,26.2,43,100,1447,0,15,0.0,0.0,0,0.0,3,24.1,8.0,0.0,0.0,0,0,0,,2026-04-28 09:30:47
1609,,LOT-20260425-651F-008,,,,Arugula,,1090,cam1_20260428_034543.jpg,ambient,1092,cam1_20260428_034547.jpg,,1,26.2,43,100,1447,0,15,0.0,0.0,0,0.0,3,24.1,8.0,0.0,0.0,0,0,0,,2026-04-28 09:45:48
1617,,LOT-20260425-651F-008,,,,Arugula,,1094,cam1_20260428_040043.jpg,ambient,1096,cam1_20260428_040047.jpg,,1,26.2,43,100,1447,0,15,0.0,0.0,0,0.0,3,24.1,8.0,0.0,0.0,0,0,0,,2026-04-28 10:00:47
1625,,LOT-20260425-651F-008,,,,Arugula,,1098,cam1_20260428_041542.jpg,ambient,1100,cam1_20260428_041547.jpg,,1,26.2,43,100,1447,0,15,0.0,0.0,0,0.0,3,24.1,8.0,0.0,0.0,0,0,0,,2026-04-28 10:15:47
1633,,LOT-20260425-651F-008,,,,Arugula,,1102,cam1_20260428_043042.jpg,ambient,1104,cam1_20260428_043047.jpg,,1,26.2,43,100,1447,0,15,0.0,0.0,0,0.0,3,24.1,8.0,0.0,0.0,0,0,0,,2026-04-28 10:30:47
1641,,LOT-20260425-651F-008,,,,Arugula,,1106,cam1_20260428_044542.jpg,ambient,1108,cam1_20260428_044547.jpg,,1,26.2,43,100,1447,0,15,0.0,0.0,0,0.0,3,24.1,8.0,0.0,0.0,0,0,0,,2026-04-28 10:45:47
1649,,LOT-20260425-651F-008,,,,Arugula,,1110,cam1_20260428_050042.jpg,ambient,1112,cam1_20260428_050047.jpg,,1,26.2,43,100,1447,0,15,0.0,0.0,0,0.0,3,24.1,8.0,0.0,0.0,0,0,0,,2026-04-28 11:00:47
1657,,LOT-20260425-651F-008,,,,Arugula,,1114,cam1_20260428_051542.jpg,ambient,1116,cam1_20260428_051547.jpg,,1,26.2,43,100,1447,0,15,0.0,0.0,0,0.0,3,24.1,8.0,0.0,0.0,0,0,0,,2026-04-28 11:15:47
1665,,LOT-20260425-651F-008,,,,Arugula,,1118,cam1_20260428_053042.jpg,ambient,1120,cam1_20260428_053047.jpg,,1,26.2,43,100,1447,0,15,0.0,0.0,0,0.0,3,24.1,8.0,0.0,0.0,0,0,0,,2026-04-28 11:30:47
1673,,LOT-20260425-651F-008,,,,Arugula,,1122,cam1_20260428_054542.jpg,ambient,1124,cam1_20260428_054547.jpg,,1,26.2,43,100,1447,0,15,0.0,0.0,0,0.0,3,24.1,8.0,0.0,0.0,0,0,0,,2026-04-28 11:45:47
1681,,LOT-20260425-651F-008,,,,Arugula,,1126,cam1_20260428_060042.jpg,ambient,1128,cam1_20260428_060047.jpg,,1,26.2,43,100,1447,0,15,0.0,0.0,0,0.0,3,24.1,8.0,0.0,0.0,0,0,0,,2026-04-28 12:00:47
1689,,LOT-20260425-651F-008,,,,Arugula,,1130,cam1_20260428_061542.jpg,ambient,1132,cam1_20260428_061547.jpg,,1,26.2,43,100,1447,0,15,0.0,0.0,0,0.0,3,24.1,8.0,0.0,0.0,0,0,0,,2026-04-28 12:15:47
1697,,LOT-20260425-651F-008,,,,Arugula,,1134,cam1_20260428_063042.jpg,ambient,1136,cam1_20260428_063047.jpg,,1,26.2,43,100,1447,0,15,0.0,0.0,0,0.0,3,24.1,8.0,0.0,0.0,0,0,0,,2026-04-28 12:30:47
1705,,LOT-20260425-651F-008,,,,Arugula,,1138,cam1_20260428_064542.jpg,ambient,1140,cam1_20260428_064547.jpg,,1,26.2,43,100,1447,0,15,0.0,0.0,0,0.0,3,24.1,8.0,0.0,0.0,0,0,0,,2026-04-28 12:45:47
1713,,LOT-20260425-651F-008,,,,Arugula,,1142,cam1_20260428_070042.jpg,ambient,1144,cam1_20260428_070047.jpg,,1,26.2,43,100,1447,0,15,0.0,0.0,0,0.0,3,24.1,8.0,0.0,0.0,0,0,0,,2026-04-28 13:00:47
1721,,LOT-20260425-651F-008,,,,Arugula,,1146,cam1_20260428_071542.jpg,ambient,1148,cam1_20260428_071547.jpg,,1,26.2,43,100,1448,0,15,0.0,0.0,0,0.0,3,24.1,8.0,0.0,0.0,0,0,0,,2026-04-28 13:15:47
1729,,LOT-20260425-651F-008,,,,Arugula,,1150,cam1_20260428_073042.jpg,ambient,1152,cam1_20260428_073047.jpg,,1,26.2,43,100,1448,0,15,0.0,0.0,0,0.0,3,24.1,8.0,0.0,0.0,0,0,0,,2026-04-28 13:30:47
1737,,LOT-20260425-651F-008,,,,Arugula,,1154,cam1_20260428_074542.jpg,ambient,1156,cam1_20260428_074547.jpg,,1,26.2,43,100,1448,0,15,0.0,0.0,0,0.0,3,24.1,8.0,0.0,0.0,0,0,0,,2026-04-28 13:45:47
1745,,LOT-20260425-651F-008,,,,Arugula,,1158,cam1_20260428_080042.jpg,ambient,1160,cam1_20260428_080047.jpg,,1,26.2,43,100,1448,0,15,0.0,0.0,0,0.0,3,24.1,8.0,0.0,0.0,0,0,0,,2026-04-28 14:00:47
1753,,LOT-20260425-651F-008,,,,Arugula,,1162,cam1_20260428_081543.jpg,ambient,1164,cam1_20260428_081547.jpg,,1,26.2,43,100,1463,0,15,0.0,0.0,0,0.0,3,24.4,8.1,0.0,0.0,0,0,0,,2026-04-28 14:15:47
1761,,LOT-20260425-651F-008,,,,Arugula,,1166,cam1_20260428_083042.jpg,ambient,1168,cam1_20260428_083047.jpg,,1,26.2,43,100,1478,0,15,0.0,0.0,0,0.0,3,24.6,8.2,0.0,0.0,0,0,0,,2026-04-28 14:30:47
1765,,LOT-20260425-651F-008,,,,Arugula,,1169,cam1_20260428_084543.jpg,ambient,1171,cam1_20260428_084546.jpg,,1,26.2,43,100,1493,0,15,0.0,0.0,0,0.0,3,24.9,8.3,0.0,0.0,0,0,0,,2026-04-28 14:45:47
1777,,LOT-20260425-651F-008,,,,Arugula,,1174,cam1_20260428_090042.jpg,ambient,1176,cam1_20260428_090048.jpg,,1,26.2,43,100,1508,0,15,0.0,0.0,0,0.0,3,25.1,8.4,0.0,0.0,0,0,0,,2026-04-28 15:00:49
1781,,LOT-20260425-651F-008,,,,Arugula,,1177,cam1_20260428_091542.jpg,ambient,1179,cam1_20260428_091546.jpg,,1,26.2,43,100,1523,0,15,0.0,0.0,0,0.0,3,25.4,8.5,0.0,0.0,0,0,0,,2026-04-28 15:15:46
1793,,LOT-20260425-651F-008,,,,Arugula,,1182,cam1_20260428_093043.jpg,ambient,1184,cam1_20260428_093048.jpg,,1,26.2,43,100,1538,0,15,0.0,0.0,0,0.0,3,25.6,8.5,0.0,0.0,0,0,0,,2026-04-28 15:30:49
1801,,LOT-20260425-651F-008,,,,Arugula,,1186,cam1_20260428_103828.jpg,ambient,1188,cam1_20260428_103833.jpg,,1,26.2,43,100,1605,0,15,0.0,0.0,0,0.0,3,26.8,8.9,0.0,0.0,0,0,0,,2026-04-28 16:38:33
1809,,LOT-20260425-651F-008,,,,Arugula,,1190,cam1_20260428_105328.jpg,ambient,1192,cam1_20260428_105333.jpg,,1,26.2,43,100,1620,0,15,0.0,0.0,0,0.0,3,27.0,9.0,0.0,0.0,0,0,0,,2026-04-28 16:53:33
1817,,LOT-20260425-651F-008,,,,Arugula,,1194,cam1_20260428_110828.jpg,ambient,1196,cam1_20260428_110834.jpg,,1,26.2,43,100,1635,0,15,0.0,0.0,0,0.0,3,27.3,9.1,0.0,0.0,0,0,0,,2026-04-28 17:08:35
1825,,LOT-20260425-651F-008,,,,Arugula,,1198,cam1_20260428_112328.jpg,ambient,1200,cam1_20260428_112334.jpg,,1,26.2,43,100,1650,0,15,0.0,0.0,0,0.0,3,27.5,9.2,0.0,0.0,0,0,0,,2026-04-28 17:23:34
1833,,LOT-20260425-651F-008,,,,Arugula,,1202,cam1_20260428_113828.jpg,ambient,1204,cam1_20260428_113832.jpg,,1,26.2,43,100,1665,0,15,0.0,0.0,0,0.0,3,27.8,9.3,0.0,0.0,0,0,0,,2026-04-28 17:38:33
1837,,LOT-20260425-651F-008,,,,Arugula,,1205,cam1_20260428_115328.jpg,ambient,1206,cam1_20260428_115331.jpg,,1,26.2,43,100,1680,0,15,0.0,0.0,0,0.0,3,28.0,9.3,0.0,0.0,0,0,0,,2026-04-28 17:53:31
1849,,LOT-20260425-651F-008,,,,Arugula,,1210,cam1_20260428_120828.jpg,ambient,1212,cam1_20260428_120832.jpg,,1,26.2,43,100,1695,0,15,0.0,0.0,0,0.0,3,28.3,9.4,0.0,0.0,0,0,0,,2026-04-28 18:08:33
1857,,LOT-20260425-651F-008,,,,Arugula,,1214,cam1_20260428_122328.jpg,ambient,1216,cam1_20260428_122333.jpg,,1,26.2,43,100,1710,0,15,0.0,0.0,0,0.0,3,28.5,9.5,0.0,0.0,0,0,0,,2026-04-28 18:23:34
1861,,LOT-20260425-651F-008,,,,Arugula,,1217,cam1_20260428_123828.jpg,ambient,1219,cam1_20260428_123830.jpg,,1,26.2,43,100,1725,0,15,0.0,0.0,0,0.0,3,28.8,9.6,0.0,0.0,0,0,0,,2026-04-28 18:38:31
1873,,LOT-20260425-651F-008,,,,Arugula,,1222,cam1_20260428_125328.jpg,ambient,1224,cam1_20260428_125333.jpg,,1,26.2,43,100,1740,0,15,0.0,0.0,0,0.0,3,29.0,9.7,0.0,0.0,0,0,0,,2026-04-28 18:53:33
1881,,LOT-20260425-651F-008,,,,Arugula,,1226,cam1_20260428_130829.jpg,ambient,1228,cam1_20260428_130833.jpg,,1,26.2,43,100,1755,0,15,0.0,0.0,0,0.0,3,29.3,9.8,0.0,0.0,0,0,0,,2026-04-28 19:08:34
1885,,LOT-20260425-651F-008,,,,Arugula,,1229,cam1_20260428_132328.jpg,ambient,1231,cam1_20260428_132330.jpg,,1,26.2,43,100,1770,0,15,0.0,0.0,0,0.0,3,29.5,9.8,0.0,0.0,0,0,0,,2026-04-28 19:23:31
1893,,LOT-20260425-651F-008,,,,Arugula,,1233,cam1_20260428_133917.jpg,ambient,1235,cam1_20260428_133920.jpg,,1,26.2,43,100,1785,0,15,0.0,0.0,0,0.0,3,29.8,9.9,0.0,0.0,0,0,0,,2026-04-28 19:39:20
1905,,LOT-20260425-651F-008,,,,Arugula,,1238,cam1_20260428_135550.jpg,ambient,1240,cam1_20260428_135555.jpg,,1,30,43,28.9,1801,0,15,0.0,0.0,0,0.0,3,30.0,10.0,0.0,0.0,0,0,0,,2026-04-28 19:55:55
1913,,LOT-20260425-651F-008,,,,Arugula,,1242,cam1_20260428_141050.jpg,ambient,1244,cam1_20260428_141054.jpg,,1,30,41,30.2,1816,0,15,0.0,0.0,0,0.0,3,30.3,10.1,0.0,0.0,0,0,0,,2026-04-28 20:10:55
1921,,LOT-20260425-651F-008,,,,Arugula,,1246,cam1_20260428_142647.jpg,ambient,1248,cam1_20260428_142652.jpg,,1,30.3,43,28.5,1832,0,15,0.0,0.0,0,0.0,3,30.5,10.2,0.0,0.0,0,0,0,,2026-04-28 20:26:53
1929,,LOT-20260425-651F-008,,,,Arugula,,1250,cam1_20260428_144150.jpg,ambient,1252,cam1_20260428_144152.jpg,,1,30.2,40,29.4,1847,0,15,0.0,0.0,0,0.0,3,30.8,10.3,0.0,0.0,0,0,0,,2026-04-28 20:41:53
1937,,LOT-20260425-651F-008,,,,Arugula,,1254,cam1_20260428_145648.jpg,ambient,1256,cam1_20260428_145652.jpg,,1,30.2,40,30.5,1862,0,15,0.0,0.0,0,0.0,3,31.0,10.3,0.0,0.0,0,0,0,,2026-04-28 20:56:53
1945,,LOT-20260425-651F-008,,,,Arugula,,1258,cam1_20260428_151148.jpg,ambient,1260,cam1_20260428_151152.jpg,,1,30.2,39,29.7,1877,0,15,0.0,0.0,0,0.0,3,31.3,10.4,0.0,0.0,0,0,0,,2026-04-28 21:11:53
1953,,LOT-20260425-651F-008,,,,Arugula,,1262,cam1_20260428_152648.jpg,ambient,1264,cam1_20260428_152652.jpg,,1,30.2,38,29.8,1892,0,15,0.0,0.0,0,0.0,3,31.5,10.5,0.0,0.0,0,0,0,,2026-04-28 21:26:53
1961,,LOT-20260425-651F-008,,,,Arugula,,1266,cam1_20260428_154148.jpg,ambient,1268,cam1_20260428_154152.jpg,,1,30.3,38,29.5,1907,0,15,0.0,0.0,0,0.0,3,31.8,10.6,0.0,0.0,0,0,0,,2026-04-28 21:41:52
1969,,LOT-20260425-651F-008,,,,Arugula,,1270,cam1_20260428_155648.jpg,ambient,1272,cam1_20260428_155652.jpg,,1,30.5,39,29.9,1922,0,15,0.0,0.0,0,0.0,3,32.0,10.7,0.0,0.0,0,0,0,,2026-04-28 21:56:53
1977,,LOT-20260425-651F-008,,,,Arugula,,1274,cam1_20260428_161148.jpg,ambient,1276,cam1_20260428_161155.jpg,,1,30.5,40,30,1937,0,15,0.0,0.0,0,0.0,3,32.3,10.8,0.0,0.0,0,0,0,,2026-04-28 22:11:55
1985,,LOT-20260425-651F-008,,,,Arugula,,1278,cam1_20260428_162710.jpg,ambient,1280,cam1_20260428_162714.jpg,,1,30.5,35,27.8,1952,0,15,0.0,0.0,0,0.0,3,32.5,10.8,0.0,0.0,0,0,0,,2026-04-28 22:27:15
1993,,LOT-20260425-651F-008,,,,Arugula,,1282,cam1_20260428_164210.jpg,ambient,1284,cam1_20260428_164216.jpg,,1,28.2,33,28.2,1967,0,15,0.0,0.0,0,0.0,3,32.8,10.9,0.0,0.0,0,0,0,,2026-04-28 22:42:16
2001,,LOT-20260425-651F-008,,,,Arugula,,1286,cam1_20260428_165756.jpg,ambient,1288,cam1_20260428_165801.jpg,,1,27.6,33,23.4,1982,0,15,0.0,0.0,0,0.0,3,33.0,11.0,0.0,0.0,0,0,0,,2026-04-28 22:58:01
2009,,LOT-20260425-651F-008,,,,Arugula,,1290,cam1_20260428_171256.jpg,ambient,1292,cam1_20260428_171301.jpg,,1,27.3,34,22.1,1997,0,15,0.0,0.0,0,0.0,3,33.3,11.1,0.0,0.0,0,0,0,,2026-04-28 23:13:01
2017,,LOT-20260425-651F-008,,,,Arugula,,1294,cam1_20260428_172756.jpg,ambient,1296,cam1_20260428_172801.jpg,,1,27.3,41,22.5,2012,0,15,0.0,0.0,0,0.0,3,33.5,11.2,0.0,0.0,0,0,0,,2026-04-28 23:28:01
2025,,LOT-20260425-651F-008,,,,Arugula,,1298,cam1_20260428_174256.jpg,ambient,1300,cam1_20260428_174301.jpg,,1,28.2,40,20.6,2027,0,15,0.0,0.0,0,0.0,3,33.8,11.3,0.0,0.0,0,0,0,,2026-04-28 23:43:01
2033,,LOT-20260425-651F-008,,,,Arugula,,1302,cam1_20260428_175756.jpg,ambient,1304,cam1_20260428_175801.jpg,,1,28.7,46,20.7,2042,0,15,0.0,0.0,0,0.0,4,34.0,8.5,0.0,0.0,0,0,0,,2026-04-28 23:58:02
2041,,LOT-20260425-651F-008,,,,Arugula,,1306,cam1_20260428_181258.jpg,ambient,1308,cam1_20260428_181301.jpg,,1,29.2,45,21.8,2057,1,15,15.0,0.0,0,0.0,4,34.3,8.6,0.0,0.0,0,0,0,,2026-04-29 00:13:01
2049,,LOT-20260425-651F-008,,,,Arugula,,1310,cam1_20260428_182756.jpg,ambient,1312,cam1_20260428_182801.jpg,,1,29.5,43,20.1,2072,0,15,0.0,0.0,0,0.0,4,34.5,8.6,0.0,0.0,0,0,0,,2026-04-29 00:28:01
2057,,LOT-20260425-651F-008,,,,Arugula,,1314,cam1_20260428_184257.jpg,ambient,1316,cam1_20260428_184301.jpg,,1,29.6,43,20.5,2087,0,15,0.0,0.0,0,0.0,4,34.8,8.7,0.0,0.0,0,0,0,,2026-04-29 00:43:01
2065,,LOT-20260425-651F-008,,,,Arugula,,1318,cam1_20260428_185757.jpg,ambient,1320,cam1_20260428_185801.jpg,,1,29.6,45,22.3,2102,0,15,0.0,0.0,0,0.0,4,35.0,8.8,0.0,0.0,0,0,0,,2026-04-29 00:58:02
2073,,LOT-20260425-651F-008,,,,Arugula,,1322,cam1_20260428_191256.jpg,ambient,1324,cam1_20260428_191301.jpg,,1,29.7,49,20.7,2117,0,15,0.0,0.0,0,0.0,4,35.3,8.8,0.0,0.0,0,0,0,,2026-04-29 01:13:02
2081,,LOT-20260425-651F-008,,,,Arugula,,1326,cam1_20260428_192758.jpg,ambient,1328,cam1_20260428_192801.jpg,,1,29.8,43,19.7,2132,0,15,0.0,0.0,0,0.0,4,35.5,8.9,0.0,0.0,0,0,0,,2026-04-29 01:28:02
2085,,LOT-20260425-651F-008,,,,Arugula,,1329,cam1_20260428_194257.jpg,ambient,1330,cam1_20260428_194259.jpg,,1,29.8,41,20.2,2147,0,15,0.0,0.0,0,0.0,4,35.8,8.9,0.0,0.0,0,0,0,,2026-04-29 01:42:59
2089,,LOT-20260425-651F-008,,,,Arugula,,1331,cam1_20260428_195756.jpg,ambient,1332,cam1_20260428_195800.jpg,,1,29.9,44,19,2162,0,15,0.0,0.0,0,0.0,4,36.0,9.0,0.0,0.0,0,0,0,,2026-04-29 01:58:01
2093,,LOT-20260425-651F-008,,,,Arugula,,1333,cam1_20260428_201257.jpg,ambient,1335,cam1_20260428_201259.jpg,,1,29.6,44,19.9,2164,0,15,0.0,0.0,0,0.0,4,36.1,9.0,0.0,0.0,0,0,0,,2026-04-29 02:13:00
2105,,LOT-20260425-651F-008,,,,Arugula,,1338,cam1_20260428_202757.jpg,ambient,1340,cam1_20260428_202801.jpg,,1,29.5,46,100,2167,0,15,0.0,0.0,0,0.0,4,36.1,9.0,0.0,0.0,0,0,0,,2026-04-29 02:28:01
2113,,LOT-20260425-651F-008,,,,Arugula,,1342,cam1_20260428_204257.jpg,ambient,1344,cam1_20260428_204301.jpg,,1,29.2,48,100,2168,0,15,0.0,0.0,0,0.0,4,36.1,9.0,0.0,0.0,0,0,0,,2026-04-29 02:43:01
2121,,LOT-20260425-651F-008,,,,Arugula,,1346,cam1_20260428_205757.jpg,ambient,1348,cam1_20260428_205801.jpg,,1,29,51,100,2168,0,15,0.0,0.0,0,0.0,4,36.1,9.0,0.0,0.0,0,0,0,,2026-04-29 02:58:01
2129,,LOT-20260425-651F-008,,,,Arugula,,1350,cam1_20260428_211257.jpg,ambient,1352,cam1_20260428_211301.jpg,,1,29,48,100,2168,0,15,0.0,0.0,0,0.0,4,36.1,9.0,0.0,0.0,0,0,0,,2026-04-29 03:13:01
2137,,LOT-20260425-651F-008,,,,Arugula,,1354,cam1_20260428_212757.jpg,ambient,1356,cam1_20260428_212801.jpg,,1,29,50,100,2168,0,15,0.0,0.0,0,0.0,4,36.1,9.0,0.0,0.0,0,0,0,,2026-04-29 03:28:01
2145,,LOT-20260425-651F-008,,,,Arugula,,1358,cam1_20260428_214257.jpg,ambient,1360,cam1_20260428_214301.jpg,,1,29,55,100,2168,0,15,0.0,0.0,0,0.0,4,36.1,9.0,0.0,0.0,0,0,0,,2026-04-29 03:43:01
2153,,LOT-20260425-651F-008,,,,Arugula,,1362,cam1_20260428_215757.jpg,ambient,1364,cam1_20260428_215801.jpg,,1,29,55,100,2168,0,15,0.0,0.0,0,0.0,4,36.1,9.0,0.0,0.0,0,0,0,,2026-04-29 03:58:01
2161,,LOT-20260425-651F-008,,,,Arugula,,1366,cam1_20260428_221257.jpg,ambient,1368,cam1_20260428_221301.jpg,,1,29.1,54,100,2168,0,15,0.0,0.0,0,0.0,4,36.1,9.0,0.0,0.0,0,0,0,,2026-04-29 04:13:01
2169,,LOT-20260425-651F-008,,,,Arugula,,1370,cam1_20260428_222756.jpg,ambient,1372,cam1_20260428_222801.jpg,,1,29.1,58,100,2169,0,15,0.0,0.0,0,0.0,4,36.1,9.0,0.0,0.0,0,0,0,,2026-04-29 04:28:01
2177,,LOT-20260425-651F-008,,,,Arugula,,1374,cam1_20260428_224256.jpg,ambient,1376,cam1_20260428_224301.jpg,,1,29.7,55,100,2184,0,15,0.0,0.0,0,0.0,4,36.4,9.1,0.0,0.0,0,0,0,,2026-04-29 04:43:01
2185,,LOT-20260425-651F-008,,,,Arugula,,1378,cam1_20260428_225757.jpg,ambient,1380,cam1_20260428_225801.jpg,,1,29.8,52,100,2199,0,15,0.0,0.0,0,0.0,4,36.6,9.2,0.0,0.0,0,0,0,,2026-04-29 04:58:01
2193,,LOT-20260425-651F-008,,,,Arugula,,1382,cam1_20260428_231258.jpg,ambient,1384,cam1_20260428_231301.jpg,,1,30.1,51,100,2214,0,15,0.0,0.0,0,0.0,4,36.9,9.2,0.0,0.0,0,0,0,,2026-04-29 05:13:02
2201,,LOT-20260425-651F-008,,,,Arugula,,1386,cam1_20260428_232757.jpg,ambient,1388,cam1_20260428_232801.jpg,,1,30.2,50,100,2228,0,15,0.0,0.0,0,0.0,4,37.1,9.3,0.0,0.0,0,0,0,,2026-04-29 05:28:01
2209,,LOT-20260425-651F-008,,,,Arugula,,1390,cam1_20260428_234257.jpg,ambient,1392,cam1_20260428_234301.jpg,,1,30.1,49,100,2243,0,15,0.0,0.0,0,0.0,4,37.4,9.3,0.0,0.0,0,0,0,,2026-04-29 05:43:01
2217,,LOT-20260425-651F-008,,,,Arugula,,1394,cam1_20260428_235757.jpg,ambient,1396,cam1_20260428_235801.jpg,,1,30,48,100,2258,0,15,0.0,0.0,0,0.0,4,37.6,9.4,0.0,0.0,0,0,0,,2026-04-29 05:58:01
2221,,LOT-20260425-651F-008,,,,Arugula,,1397,cam1_20260429_001257.jpg,ambient,1399,cam1_20260429_001259.jpg,,1,30,48,100,2273,0,15,0.0,0.0,0,0.0,4,37.9,9.5,0.0,0.0,0,0,0,,2026-04-29 06:13:00
2233,,LOT-20260425-651F-008,,,,Arugula,,1402,cam1_20260429_002757.jpg,ambient,1404,cam1_20260429_002801.jpg,,1,30,46,100,2288,0,15,0.0,0.0,0,0.0,4,38.1,9.5,0.0,0.0,0,0,0,,2026-04-29 06:28:01
2241,,LOT-20260425-651F-008,,,,Arugula,,1406,cam1_20260429_004257.jpg,ambient,1408,cam1_20260429_004301.jpg,,1,29.8,46,100,2303,0,15,0.0,0.0,0,0.0,4,38.4,9.6,0.0,0.0,0,0,0,,2026-04-29 06:43:01
2249,,LOT-20260425-651F-008,,,,Arugula,,1410,cam1_20260429_005757.jpg,ambient,1412,cam1_20260429_005801.jpg,,1,29.8,45,100,2318,0,15,0.0,0.0,0,0.0,4,38.6,9.7,0.0,0.0,0,0,0,,2026-04-29 06:58:01
2257,,LOT-20260425-651F-008,,,,Arugula,,1414,cam1_20260429_011257.jpg,ambient,1416,cam1_20260429_011301.jpg,,1,29.8,45,100,2333,0,15,0.0,0.0,0,0.0,4,38.9,9.7,0.0,0.0,0,0,0,,2026-04-29 07:13:01
2265,,LOT-20260425-651F-008,,,,Arugula,,1418,cam1_20260429_012757.jpg,ambient,1420,cam1_20260429_012801.jpg,,1,29.8,45,100,2348,0,15,0.0,0.0,0,0.0,4,39.1,9.8,0.0,0.0,0,0,0,,2026-04-29 07:28:01
2273,,LOT-20260425-651F-008,,,,Arugula,,1422,cam1_20260429_014259.jpg,ambient,1424,cam1_20260429_014302.jpg,,1,29.7,45,100,2363,0,15,0.0,0.0,0,0.0,4,39.4,9.8,0.0,0.0,0,0,0,,2026-04-29 07:43:02
2281,,LOT-20260425-651F-008,,,,Arugula,,1426,cam1_20260429_015757.jpg,ambient,1428,cam1_20260429_015801.jpg,,1,29.8,45,100,2378,0,15,0.0,0.0,0,0.0,4,39.6,9.9,0.0,0.0,0,0,0,,2026-04-29 07:58:01
2289,,LOT-20260425-651F-008,,,,Arugula,,1430,cam1_20260429_021258.jpg,ambient,1432,cam1_20260429_021301.jpg,,1,29.7,44,100,2393,0,15,0.0,0.0,0,0.0,4,39.9,10.0,0.0,0.0,0,0,0,,2026-04-29 08:13:01
2297,,LOT-20260425-651F-008,,,,Arugula,,1434,cam1_20260429_022757.jpg,ambient,1436,cam1_20260429_022801.jpg,,1,29.7,44,100,2408,0,15,0.0,0.0,0,0.0,4,40.1,10.0,0.0,0.0,0,0,0,,2026-04-29 08:28:02
2305,,LOT-20260425-651F-008,,,,Arugula,,1438,cam1_20260429_024257.jpg,ambient,1440,cam1_20260429_024301.jpg,,1,29.6,43,100,2423,0,15,0.0,0.0,0,0.0,4,40.4,10.1,0.0,0.0,0,0,0,,2026-04-29 08:43:01
2313,,LOT-20260425-651F-008,,,,Arugula,,1442,cam1_20260429_025757.jpg,ambient,1444,cam1_20260429_025801.jpg,,1,29.6,44,100,2438,0,15,0.0,0.0,0,0.0,4,40.6,10.2,0.0,0.0,0,0,0,,2026-04-29 08:58:02
2321,,LOT-20260425-651F-008,,,,Arugula,,1446,cam1_20260429_031257.jpg,ambient,1448,cam1_20260429_031301.jpg,,1,29.6,44,100,2453,0,15,0.0,0.0,0,0.0,4,40.9,10.2,0.0,0.0,0,0,0,,2026-04-29 09:13:02
2329,,LOT-20260425-651F-008,,,,Arugula,,1450,cam1_20260429_032757.jpg,ambient,1452,cam1_20260429_032801.jpg,,1,29.5,42,100,2467,0,15,0.0,0.0,0,0.0,4,41.1,10.3,0.0,0.0,0,0,0,,2026-04-29 09:28:02
2337,,LOT-20260425-651F-008,,,,Arugula,,1454,cam1_20260429_034257.jpg,ambient,1456,cam1_20260429_034301.jpg,,1,29.5,43,100,2482,0,15,0.0,0.0,0,0.0,4,41.4,10.3,0.0,0.0,0,0,0,,2026-04-29 09:43:02
2345,,LOT-20260425-651F-008,,,,Arugula,,1458,cam1_20260429_035757.jpg,ambient,1460,cam1_20260429_035801.jpg,,1,29.6,42,100,2497,0,15,0.0,0.0,0,0.0,4,41.6,10.4,0.0,0.0,0,0,0,,2026-04-29 09:58:02
2353,,LOT-20260425-651F-008,,,,Arugula,,1462,cam1_20260429_041257.jpg,ambient,1464,cam1_20260429_041301.jpg,,1,29.6,41,100,2512,0,15,0.0,0.0,0,0.0,4,41.9,10.5,0.0,0.0,0,0,0,,2026-04-29 10:13:02
2361,,LOT-20260425-651F-008,,,,Arugula,,1466,cam1_20260429_042757.jpg,ambient,1468,cam1_20260429_042801.jpg,,1,29.5,41,100,2527,0,15,0.0,0.0,0,0.0,4,42.1,10.5,0.0,0.0,0,0,0,,2026-04-29 10:28:02
2369,,LOT-20260425-651F-008,,,,Arugula,,1470,cam1_20260429_044257.jpg,ambient,1472,cam1_20260429_044301.jpg,,1,29.5,41,100,2542,0,15,0.0,0.0,0,0.0,4,42.4,10.6,0.0,0.0,0,0,0,,2026-04-29 10:43:02
2377,,LOT-20260425-651F-008,,,,Arugula,,1474,cam1_20260429_045758.jpg,ambient,1476,cam1_20260429_045802.jpg,,1,29.2,41,100,2557,0,15,0.0,0.0,0,0.0,4,42.6,10.7,0.0,0.0,0,0,0,,2026-04-29 10:58:03
2385,,LOT-20260425-651F-008,,,,Arugula,,1478,cam1_20260429_051257.jpg,ambient,1480,cam1_20260429_051301.jpg,,1,29.3,42,100,2572,0,15,0.0,0.0,0,0.0,4,42.9,10.7,0.0,0.0,0,0,0,,2026-04-29 11:13:01
2393,,LOT-20260425-651F-008,,,,Arugula,,1482,cam1_20260429_052757.jpg,ambient,1484,cam1_20260429_052801.jpg,,1,29.3,42,100,2587,0,15,0.0,0.0,0,0.0,4,43.1,10.8,0.0,0.0,0,0,0,,2026-04-29 11:28:01
2401,,LOT-20260425-651F-008,,,,Arugula,,1486,cam1_20260429_054257.jpg,ambient,1488,cam1_20260429_054301.jpg,,1,29.3,42,100,2602,0,15,0.0,0.0,0,0.0,4,43.4,10.8,0.0,0.0,0,0,0,,2026-04-29 11:43:02
2409,,LOT-20260425-651F-008,,,,Arugula,,1490,cam1_20260429_055757.jpg,ambient,1492,cam1_20260429_055801.jpg,,1,29.3,42,100,2617,0,15,0.0,0.0,0,0.0,4,43.6,10.9,0.0,0.0,0,0,0,,2026-04-29 11:58:01
2417,,LOT-20260425-651F-008,,,,Arugula,,1494,cam1_20260429_061257.jpg,ambient,1496,cam1_20260429_061301.jpg,,1,29.3,43,100,2632,0,15,0.0,0.0,0,0.0,4,43.9,11.0,0.0,0.0,0,0,0,,2026-04-29 12:13:01
2425,,LOT-20260425-651F-008,,,,Arugula,,1498,cam1_20260429_062757.jpg,ambient,1500,cam1_20260429_062801.jpg,,1,29.3,43,100,2647,0,15,0.0,0.0,0,0.0,4,44.1,11.0,0.0,0.0,0,0,0,,2026-04-29 12:28:01
2433,,LOT-20260425-651F-008,,,,Arugula,,1502,cam1_20260429_064257.jpg,ambient,1504,cam1_20260429_064301.jpg,,1,29.2,44,100,2662,0,15,0.0,0.0,0,0.0,4,44.4,11.1,0.0,0.0,0,0,0,,2026-04-29 12:43:01
2441,,LOT-20260425-651F-008,,,,Arugula,,1506,cam1_20260429_065757.jpg,ambient,1508,cam1_20260429_065801.jpg,,1,29.3,42,100,2677,0,15,0.0,0.0,0,0.0,4,44.6,11.2,0.0,0.0,0,0,0,,2026-04-29 12:58:01
2449,,LOT-20260425-651F-008,,,,Arugula,,1510,cam1_20260429_071257.jpg,ambient,1512,cam1_20260429_071301.jpg,,1,29.1,42,100,2692,0,15,0.0,0.0,0,0.0,4,44.9,11.2,0.0,0.0,0,0,0,,2026-04-29 13:13:02
2457,,LOT-20260425-651F-008,,,,Arugula,,1514,cam1_20260429_072757.jpg,ambient,1516,cam1_20260429_072801.jpg,,1,29.1,42,100,2707,0,15,0.0,0.0,0,0.0,4,45.1,11.3,0.0,0.0,0,0,0,,2026-04-29 13:28:01
2465,,LOT-20260425-651F-008,,,,Arugula,,1518,cam1_20260429_074257.jpg,ambient,1520,cam1_20260429_074301.jpg,,1,29.1,41,100,2722,0,15,0.0,0.0,0,0.0,4,45.4,11.3,0.0,0.0,0,0,0,,2026-04-29 13:43:02
2473,,LOT-20260425-651F-008,,,,Arugula,,1522,cam1_20260429_075757.jpg,ambient,1524,cam1_20260429_075802.jpg,,1,29.1,40,100,2737,0,15,0.0,0.0,0,0.0,4,45.6,11.4,0.0,0.0,0,0,0,,2026-04-29 13:58:02
2481,,LOT-20260425-651F-008,,,,Arugula,,1526,cam1_20260429_081257.jpg,ambient,1528,cam1_20260429_081302.jpg,,1,29.1,41,100,2751,0,15,0.0,0.0,0,0.0,4,45.9,11.5,0.0,0.0,0,0,0,,2026-04-29 14:13:02
2485,,LOT-20260425-651F-008,,,,Arugula,,1529,cam1_20260429_082757.jpg,ambient,1531,cam1_20260429_082801.jpg,,1,29.2,40,100,2766,0,15,0.0,0.0,0,0.0,4,46.1,11.5,0.0,0.0,0,0,0,,2026-04-29 14:28:01
2493,,LOT-20260425-651F-008,,,,Arugula,,1533,cam1_20260429_084257.jpg,ambient,1535,cam1_20260429_084259.jpg,,1,29.3,43,100,2781,0,15,0.0,0.0,0,0.0,4,46.4,11.6,0.0,0.0,0,0,0,,2026-04-29 14:43:00
2505,,LOT-20260425-651F-008,,,,Arugula,,1538,cam1_20260429_085757.jpg,ambient,1540,cam1_20260429_085801.jpg,,1,29.3,43,100,2796,0,15,0.0,0.0,0,0.0,4,46.6,11.7,0.0,0.0,0,0,0,,2026-04-29 14:58:02
2513,,LOT-20260425-651F-008,,,,Arugula,,1542,cam1_20260429_091257.jpg,ambient,1544,cam1_20260429_091301.jpg,,1,29.4,42,100,2811,0,15,0.0,0.0,0,0.0,4,46.9,11.7,0.0,0.0,0,0,0,,2026-04-29 15:13:02
2521,,LOT-20260425-651F-008,,,,Arugula,,1546,cam1_20260429_092757.jpg,ambient,1548,cam1_20260429_092801.jpg,,1,29.4,43,100,2826,0,15,0.0,0.0,0,0.0,4,47.1,11.8,0.0,0.0,0,0,0,,2026-04-29 15:28:02
2529,,LOT-20260425-651F-008,,,,Arugula,,1550,cam1_20260429_094257.jpg,ambient,1552,cam1_20260429_094301.jpg,,1,29.6,44,100,2841,0,15,0.0,0.0,0,0.0,4,47.4,11.8,0.0,0.0,0,0,0,,2026-04-29 15:43:02
2537,,LOT-20260425-651F-008,,,,Arugula,,1554,cam1_20260429_095757.jpg,ambient,1556,cam1_20260429_095801.jpg,,1,29.8,46,100,2856,0,15,0.0,0.0,0,0.0,4,47.6,11.9,0.0,0.0,0,0,0,,2026-04-29 15:58:02
2541,,LOT-20260425-651F-008,,,,Arugula,,1557,cam1_20260429_101257.jpg,ambient,1559,cam1_20260429_101259.jpg,,1,29.8,45,100,2871,0,15,0.0,0.0,0,0.0,4,47.9,12.0,0.0,0.0,0,0,0,,2026-04-29 16:13:00
2553,,LOT-20260425-651F-008,,,,Arugula,,1562,cam1_20260429_102757.jpg,ambient,1564,cam1_20260429_102801.jpg,,1,29.8,43,100,2886,0,15,0.0,0.0,0,0.0,4,48.1,12.0,0.0,0.0,0,0,0,,2026-04-29 16:28:02
2561,,LOT-20260425-651F-008,,,,Arugula,,1566,cam1_20260429_104257.jpg,ambient,1568,cam1_20260429_104301.jpg,,1,30,43,100,2901,0,15,0.0,0.0,0,0.0,4,48.4,12.1,0.0,0.0,0,0,0,,2026-04-29 16:43:02
2569,,LOT-20260425-651F-008,,,,Arugula,,1570,cam1_20260429_105757.jpg,ambient,1572,cam1_20260429_105801.jpg,,1,29.1,39,100,2915,0,15,0.0,0.0,0,0.0,4,48.6,12.1,0.0,0.0,0,0,0,,2026-04-29 16:58:02
2577,,LOT-20260425-651F-008,,,,Arugula,,1574,cam1_20260429_111257.jpg,ambient,1576,cam1_20260429_111301.jpg,,1,29,44,100,2930,0,15,0.0,0.0,0,0.0,4,48.8,12.2,0.0,0.0,0,0,0,,2026-04-29 17:13:02
2585,,LOT-20260425-651F-008,,,,Arugula,,1578,cam1_20260429_112758.jpg,ambient,1580,cam1_20260429_112802.jpg,,1,28.8,42,100,2945,0,15,0.0,0.0,0,0.0,4,49.1,12.3,0.0,0.0,0,0,0,,2026-04-29 17:28:03
2593,,LOT-20260425-651F-008,,,,Arugula,,1582,cam1_20260429_114334.jpg,ambient,1584,cam1_20260429_114338.jpg,,1,28.7,44,100,2961,0,15,0.0,0.0,0,0.0,4,49.4,12.3,0.0,0.0,0,0,0,,2026-04-29 17:43:39
2601,,LOT-20260425-651F-008,,,,Arugula,,1586,cam1_20260429_115834.jpg,ambient,1588,cam1_20260429_115838.jpg,,1,28.9,44,100,2976,0,15,0.0,0.0,0,0.0,4,49.6,12.4,0.0,0.0,0,0,0,,2026-04-29 17:58:39
2609,,LOT-20260425-651F-008,,,,Arugula,,1590,cam1_20260429_121334.jpg,ambient,1592,cam1_20260429_121338.jpg,,1,28.7,43,100,2991,0,15,0.0,0.0,0,0.0,4,49.9,12.5,0.0,0.0,0,0,0,,2026-04-29 18:13:39
2617,,LOT-20260425-651F-008,,,,Arugula,,1594,cam1_20260429_122834.jpg,ambient,1596,cam1_20260429_122838.jpg,,1,28.7,42,100,3006,0,15,0.0,0.0,0,0.0,4,50.1,12.5,0.0,0.0,0,0,0,,2026-04-29 18:28:39
2625,,LOT-20260425-651F-008,,,,Arugula,,1598,cam1_20260429_124334.jpg,ambient,1600,cam1_20260429_124340.jpg,,1,28.7,44,100,3021,0,15,0.0,0.0,0,0.0,4,50.4,12.6,0.0,0.0,0,0,0,,2026-04-29 18:43:41
2633,,LOT-20260425-651F-008,,,,Arugula,,1602,cam1_20260429_125834.jpg,ambient,1604,cam1_20260429_125840.jpg,,1,28.6,42,100,3036,0,15,0.0,0.0,0,0.0,4,50.6,12.7,0.0,0.0,0,0,0,,2026-04-29 18:58:41
2641,,LOT-20260425-651F-008,,,,Arugula,,1606,cam1_20260429_131334.jpg,ambient,1608,cam1_20260429_131339.jpg,,1,28.4,41,100,3051,0,15,0.0,0.0,0,0.0,4,50.9,12.7,0.0,0.0,0,0,0,,2026-04-29 19:13:40
2649,,LOT-20260425-651F-008,,,,Arugula,,1610,cam1_20260429_132919.jpg,ambient,1612,cam1_20260429_132923.jpg,,1,28.4,41,100,3066,0,15,0.0,0.0,0,0.0,4,51.1,12.8,0.0,0.0,0,0,0,,2026-04-29 19:29:23
2657,,LOT-20260425-651F-008,,,,Arugula,,1614,cam1_20260429_134514.jpg,ambient,1616,cam1_20260429_134518.jpg,,1,28.5,41,100,3082,0,15,0.0,0.0,0,0.0,4,51.4,12.8,0.0,0.0,0,0,0,,2026-04-29 19:45:19
2665,,LOT-20260425-651F-008,,,,Arugula,,1618,cam1_20260429_140014.jpg,ambient,1620,cam1_20260429_140021.jpg,,1,28.3,40,100,3097,0,15,0.0,0.0,0,0.0,4,51.6,12.9,0.0,0.0,0,0,0,,2026-04-29 20:00:21
2673,,LOT-20260425-651F-008,,,,Arugula,,1622,cam1_20260429_141514.jpg,ambient,1624,cam1_20260429_141519.jpg,,1,28.2,39,100,3112,0,15,0.0,0.0,0,0.0,4,51.9,13.0,0.0,0.0,0,0,0,,2026-04-29 20:15:20
2677,,LOT-20260425-651F-008,,,,Arugula,,1625,cam1_20260429_143014.jpg,ambient,1627,cam1_20260429_143017.jpg,,1,28,40,100,3127,0,15,0.0,0.0,0,0.0,4,52.1,13.0,0.0,0.0,0,0,0,,2026-04-29 20:30:17
2689,,LOT-20260425-651F-008,,,,Arugula,,1630,cam1_20260429_144514.jpg,ambient,1632,cam1_20260429_144520.jpg,,1,28.2,39,100,3142,0,15,0.0,0.0,0,0.0,4,52.4,13.1,0.0,0.0,0,0,0,,2026-04-29 20:45:20
2693,,LOT-20260425-651F-008,,,,Arugula,,1633,cam1_20260429_150015.jpg,ambient,1635,cam1_20260429_150020.jpg,,1,28.3,41,100,3157,0,15,0.0,0.0,0,0.0,4,52.6,13.2,0.0,0.0,0,0,0,,2026-04-29 21:00:20
2705,,LOT-20260425-651F-008,,,,Arugula,,1638,cam1_20260429_152753.jpg,ambient,1640,cam1_20260429_152757.jpg,,1,27.5,39,100,3184,0,15,0.0,0.0,0,0.0,4,53.1,13.3,0.0,0.0,0,0,0,,2026-04-29 21:27:58
2713,,LOT-20260425-651F-008,,,,Arugula,,1642,cam1_20260429_154253.jpg,ambient,1644,cam1_20260429_154259.jpg,,1,27.7,38,100,3199,0,15,0.0,0.0,0,0.0,4,53.3,13.3,0.0,0.0,0,0,0,,2026-04-29 21:43:00
2721,,LOT-20260425-651F-008,,,,Arugula,,1646,cam1_20260429_155753.jpg,ambient,1648,cam1_20260429_155757.jpg,,1,28,40,100,3214,0,15,0.0,0.0,0,0.0,4,53.6,13.4,0.0,0.0,0,0,0,,2026-04-29 21:57:58
2729,,LOT-20260425-651F-008,,,,Arugula,,1651,cam1_20260429_161257.jpg,ambient,1652,cam1_20260429_161259.jpg,,1,28,39,100,3229,0,15,0.0,0.0,0,0.0,4,53.8,13.5,0.0,0.0,0,0,0,,2026-04-29 22:12:59
2733,,LOT-20260425-651F-008,,,,Arugula,,1653,cam1_20260429_162753.jpg,ambient,1655,cam1_20260429_162755.jpg,,1,28.2,41,100,3244,0,15,0.0,0.0,0,0.0,4,54.1,13.5,0.0,0.0,0,0,0,,2026-04-29 22:27:56
2745,,LOT-20260425-651F-008,,,,Arugula,,1658,cam1_20260429_164253.jpg,ambient,1660,cam1_20260429_164259.jpg,,1,28.2,37,100,3259,0,15,0.0,0.0,0,0.0,4,54.3,13.6,0.0,0.0,0,0,0,,2026-04-29 22:42:59
2749,,LOT-20260425-651F-008,,,,Arugula,,1661,cam1_20260429_165753.jpg,ambient,1663,cam1_20260429_165755.jpg,,1,28.2,38,100,3274,0,15,0.0,0.0,0,0.0,4,54.6,13.6,0.0,0.0,0,0,0,,2026-04-29 22:57:56
2761,,LOT-20260425-651F-008,,,,Arugula,,1666,cam1_20260429_171254.jpg,ambient,1668,cam1_20260429_171259.jpg,,1,28.1,40,100,3289,0,15,0.0,0.0,0,0.0,4,54.8,13.7,0.0,0.0,0,0,0,,2026-04-29 23:12:59
2765,,LOT-20260425-651F-008,,,,Arugula,,1669,cam1_20260429_172753.jpg,ambient,1671,cam1_20260429_172755.jpg,,1,28.2,37,100,3304,0,15,0.0,0.0,0,0.0,4,55.1,13.8,0.0,0.0,0,0,0,,2026-04-29 23:27:56
2773,,LOT-20260425-651F-008,,,,Arugula,,1673,cam1_20260429_174253.jpg,ambient,1675,cam1_20260429_174257.jpg,,1,27.9,36,100,3319,0,15,0.0,0.0,0,0.0,4,55.3,13.8,0.0,0.0,0,0,0,,2026-04-29 23:42:58
2785,,LOT-20260425-651F-008,,,,Arugula,,1678,cam1_20260429_175755.jpg,ambient,1680,cam1_20260429_175757.jpg,,1,27.7,37,100,3334,0,15,0.0,0.0,0,0.0,5,55.6,11.1,0.0,0.0,0,0,0,,2026-04-29 23:57:58
2793,,LOT-20260425-651F-008,,,,Arugula,,1682,cam1_20260429_181254.jpg,ambient,1684,cam1_20260429_181259.jpg,,1,27.8,37,100,3348,1,15,15.0,0.0,0,0.0,5,55.8,11.2,0.0,0.0,0,0,0,,2026-04-30 00:12:59
2801,,LOT-20260425-651F-008,,,,Arugula,,1686,cam1_20260429_182754.jpg,ambient,1688,cam1_20260429_182802.jpg,,1,27.7,39,100,3363,0,15,0.0,0.0,0,0.0,5,56.0,11.2,0.0,0.0,0,0,0,,2026-04-30 00:28:02
2809,,LOT-20260425-651F-008,,,,Arugula,,1690,cam1_20260429_184253.jpg,ambient,1692,cam1_20260429_184257.jpg,,1,27.8,38,100,3378,0,15,0.0,0.0,0,0.0,5,56.3,11.3,0.0,0.0,0,0,0,,2026-04-30 00:42:58
2817,,LOT-20260425-651F-008,,,,Arugula,,1694,cam1_20260429_185754.jpg,ambient,1696,cam1_20260429_185800.jpg,,1,28,40,100,3393,0,15,0.0,0.0,0,0.0,5,56.5,11.3,0.0,0.0,0,0,0,,2026-04-30 00:58:00
2825,,LOT-20260425-651F-008,,,,Arugula,,1698,cam1_20260429_191344.jpg,ambient,1700,cam1_20260429_191348.jpg,,1,28,40,100,3409,0,15,0.0,0.0,0,0.0,5,56.8,11.4,0.0,0.0,0,0,0,,2026-04-30 01:13:49
2833,,LOT-20260425-651F-008,,,,Arugula,,1702,cam1_20260429_192844.jpg,ambient,1703,cam1_20260429_192904.jpg,,1,28,41,100,3424,0,15,0.0,0.0,0,0.0,5,57.1,11.4,0.0,0.0,0,0,0,,2026-04-30 01:29:05
2841,,LOT-20260425-651F-008,,,,Arugula,,1705,cam1_20260429_194344.jpg,ambient,1707,cam1_20260429_194350.jpg,,1,27.9,45,100,3439,0,15,0.0,0.0,0,0.0,5,57.3,11.5,0.0,0.0,0,0,0,,2026-04-30 01:43:50
2849,,LOT-20260425-651F-008,,,,Arugula,,1709,cam1_20260429_195846.jpg,ambient,1711,cam1_20260429_195849.jpg,,1,28,44,100,3453,0,15,0.0,0.0,0,0.0,5,57.5,11.5,0.0,0.0,0,0,0,,2026-04-30 01:58:49
2857,,LOT-20260425-651F-008,,,,Arugula,,1713,cam1_20260429_201347.jpg,ambient,1715,cam1_20260429_201349.jpg,,1,27.4,46,100,3455,0,15,0.0,0.0,0,0.0,5,57.6,11.5,0.0,0.0,0,0,0,,2026-04-30 02:13:49
2865,,LOT-20260425-651F-008,,,,Arugula,,1717,cam1_20260429_202844.jpg,ambient,1719,cam1_20260429_202848.jpg,,1,27.3,42,72.3,3455,0,15,0.0,0.0,0,0.0,5,57.6,11.5,0.0,0.0,0,0,0,,2026-04-30 02:28:49
2873,,LOT-20260425-651F-008,,,,Arugula,,1721,cam1_20260429_204344.jpg,ambient,1723,cam1_20260429_204348.jpg,,1,27,44,63.4,3455,0,15,0.0,0.0,0,0.0,5,57.6,11.5,0.0,0.0,0,0,0,,2026-04-30 02:43:49
2881,,LOT-20260425-651F-008,,,,Arugula,,1725,cam1_20260429_205844.jpg,ambient,1727,cam1_20260429_205850.jpg,,1,27.2,50,100,3455,0,15,0.0,0.0,0,0.0,5,57.6,11.5,0.0,0.0,0,0,0,,2026-04-30 02:58:50
2889,,LOT-20260425-651F-008,,,,Arugula,,1729,cam1_20260429_211344.jpg,ambient,1731,cam1_20260429_211348.jpg,,1,27,44,58.9,3455,0,15,0.0,0.0,0,0.0,5,57.6,11.5,0.0,0.0,0,0,0,,2026-04-30 03:13:49
2897,,LOT-20260425-651F-008,,,,Arugula,,1733,cam1_20260429_212844.jpg,ambient,1735,cam1_20260429_212848.jpg,,1,26.9,44,49.9,3455,0,15,0.0,0.0,0,0.0,5,57.6,11.5,0.0,0.0,0,0,0,,2026-04-30 03:28:49
2905,,LOT-20260425-651F-008,,,,Arugula,,1737,cam1_20260429_214344.jpg,ambient,1739,cam1_20260429_214348.jpg,,1,26.8,45,49.8,3455,0,15,0.0,0.0,0,0.0,5,57.6,11.5,0.0,0.0,0,0,0,,2026-04-30 03:43:49
2913,,LOT-20260425-651F-008,,,,Arugula,,1741,cam1_20260429_215844.jpg,ambient,1743,cam1_20260429_215848.jpg,,1,27,45,49.9,3455,0,15,0.0,0.0,0,0.0,5,57.6,11.5,0.0,0.0,0,0,0,,2026-04-30 03:58:49
2921,,LOT-20260425-651F-008,,,,Arugula,,1745,cam1_20260429_221344.jpg,ambient,1747,cam1_20260429_221351.jpg,,1,27.1,51,100,3455,0,15,0.0,0.0,0,0.0,5,57.6,11.5,0.0,0.0,0,0,0,,2026-04-30 04:13:52
2929,,LOT-20260425-651F-008,,,,Arugula,,1749,cam1_20260429_222844.jpg,ambient,1751,cam1_20260429_222849.jpg,,1,26.8,43,57.1,3455,0,15,0.0,0.0,0,0.0,5,57.6,11.5,0.0,0.0,0,0,0,,2026-04-30 04:28:49
2937,,LOT-20260425-651F-008,,,,Arugula,,1753,cam1_20260429_224344.jpg,ambient,1755,cam1_20260429_224349.jpg,,1,27,47,49.7,3455,0,15,0.0,0.0,0,0.0,5,57.6,11.5,0.0,0.0,0,0,0,,2026-04-30 04:43:49
2945,,LOT-20260425-651F-008,,,,Arugula,,1757,cam1_20260429_225846.jpg,ambient,1759,cam1_20260429_225851.jpg,,1,27.4,52,100,3455,0,15,0.0,0.0,0,0.0,5,57.6,11.5,0.0,0.0,0,0,0,,2026-04-30 04:58:51
2953,,LOT-20260425-651F-008,,,,Arugula,,1761,cam1_20260429_231344.jpg,ambient,1763,cam1_20260429_231349.jpg,,1,27.7,48,49.9,3455,0,15,0.0,0.0,0,0.0,5,57.6,11.5,0.0,0.0,0,0,0,,2026-04-30 05:13:49
2961,,LOT-20260425-651F-008,,,,Arugula,,1765,cam1_20260429_232844.jpg,ambient,1767,cam1_20260429_232848.jpg,,1,28,47,49.4,3455,0,15,0.0,0.0,0,0.0,5,57.6,11.5,0.0,0.0,0,0,0,,2026-04-30 05:28:49
2969,,LOT-20260425-651F-008,,,,Arugula,,1769,cam1_20260429_234344.jpg,ambient,1771,cam1_20260429_234349.jpg,,1,28.1,48,49.7,3456,0,15,0.0,0.0,0,0.0,5,57.6,11.5,0.0,0.0,0,0,0,,2026-04-30 05:43:49
2977,,LOT-20260425-651F-008,,,,Arugula,,1773,cam1_20260429_235844.jpg,ambient,1775,cam1_20260429_235849.jpg,,1,27.8,47,55.4,3456,0,15,0.0,0.0,0,0.0,5,57.6,11.5,0.0,0.0,0,0,0,,2026-04-30 05:58:49
2985,,LOT-20260425-651F-008,,,,Arugula,,1777,cam1_20260430_001344.jpg,ambient,1779,cam1_20260430_001349.jpg,,1,28.1,50,49.5,3456,0,15,0.0,0.0,0,0.0,5,57.6,11.5,0.0,0.0,0,0,0,,2026-04-30 06:13:49
2993,,LOT-20260425-651F-008,,,,Arugula,,1781,cam1_20260430_002844.jpg,ambient,1783,cam1_20260430_002849.jpg,,1,28.1,51,49.9,3456,0,15,0.0,0.0,0,0.0,5,57.6,11.5,0.0,0.0,0,0,0,,2026-04-30 06:28:49
3001,,LOT-20260425-651F-008,,,,Arugula,,1785,cam1_20260430_004344.jpg,ambient,1787,cam1_20260430_004349.jpg,,1,28.1,50,50,3456,0,15,0.0,0.0,0,0.0,5,57.6,11.5,0.0,0.0,0,0,0,,2026-04-30 06:43:49
3009,,LOT-20260425-651F-008,,,,Arugula,,1789,cam1_20260430_005844.jpg,ambient,1791,cam1_20260430_005849.jpg,,1,28.3,53,84.3,3456,0,15,0.0,0.0,0,0.0,5,57.6,11.5,0.0,0.0,0,0,0,,2026-04-30 06:58:50
3017,,LOT-20260425-651F-008,,,,Arugula,,1793,cam1_20260430_011344.jpg,ambient,1795,cam1_20260430_011349.jpg,,1,28.2,48,49.3,3456,0,15,0.0,0.0,0,0.0,5,57.6,11.5,0.0,0.0,0,0,0,,2026-04-30 07:13:49
3025,,LOT-20260425-651F-008,,,,Arugula,,1797,cam1_20260430_012844.jpg,ambient,1799,cam1_20260430_012849.jpg,,1,28.2,45,49,3456,0,15,0.0,0.0,0,0.0,5,57.6,11.5,0.0,0.0,0,0,0,,2026-04-30 07:28:49
3033,,LOT-20260425-651F-008,,,,Arugula,,1801,cam1_20260430_014346.jpg,ambient,1803,cam1_20260430_014349.jpg,,1,28.3,46,53.6,3456,0,15,0.0,0.0,0,0.0,5,57.6,11.5,0.0,0.0,0,0,0,,2026-04-30 07:43:49
3041,,LOT-20260425-651F-008,,,,Arugula,,1805,cam1_20260430_015844.jpg,ambient,1807,cam1_20260430_015849.jpg,,1,28.1,46,49.1,3456,0,15,0.0,0.0,0,0.0,5,57.6,11.5,0.0,0.0,0,0,0,,2026-04-30 07:58:49
3049,,LOT-20260425-651F-008,,,,Arugula,,1809,cam1_20260430_021344.jpg,ambient,1811,cam1_20260430_021349.jpg,,1,28.1,48,48.5,3456,0,15,0.0,0.0,0,0.0,5,57.6,11.5,0.0,0.0,0,0,0,,2026-04-30 08:13:49
3057,,LOT-20260425-651F-008,,,,Arugula,,1813,cam1_20260430_022844.jpg,ambient,1815,cam1_20260430_022849.jpg,,1,28.1,48,48.5,3456,0,15,0.0,0.0,0,0.0,5,57.6,11.5,0.0,0.0,0,0,0,,2026-04-30 08:28:49
3065,,LOT-20260425-651F-008,,,,Arugula,,1817,cam1_20260430_024344.jpg,ambient,1819,cam1_20260430_024349.jpg,,1,28.1,45,47.5,3456,0,15,0.0,0.0,0,0.0,5,57.6,11.5,0.0,0.0,0,0,0,,2026-04-30 08:43:49
3073,,LOT-20260425-651F-008,,,,Arugula,,1821,cam1_20260430_025844.jpg,ambient,1823,cam1_20260430_025853.jpg,,1,28.2,50,100,3456,0,15,0.0,0.0,0,0.0,5,57.6,11.5,0.0,0.0,0,0,0,,2026-04-30 08:58:53
3081,,LOT-20260425-651F-008,,,,Arugula,,1825,cam1_20260430_031344.jpg,ambient,1827,cam1_20260430_031349.jpg,,1,28.1,47,47.8,3457,0,15,0.0,0.0,0,0.0,5,57.6,11.5,0.0,0.0,0,0,0,,2026-04-30 09:13:49
3089,,LOT-20260425-651F-008,,,,Arugula,,1829,cam1_20260430_032844.jpg,ambient,1831,cam1_20260430_032850.jpg,,1,28,49,87,3457,0,15,0.0,0.0,0,0.0,5,57.6,11.5,0.0,0.0,0,0,0,,2026-04-30 09:28:51
3097,,LOT-20260425-651F-008,,,,Arugula,,1833,cam1_20260430_034344.jpg,ambient,1835,cam1_20260430_034349.jpg,,1,28.1,46,47.5,3457,0,15,0.0,0.0,0,0.0,5,57.6,11.5,0.0,0.0,0,0,0,,2026-04-30 09:43:49
3105,,LOT-20260425-651F-008,,,,Arugula,,1837,cam1_20260430_035844.jpg,ambient,1839,cam1_20260430_035849.jpg,,1,28.1,45,47.9,3457,0,15,0.0,0.0,0,0.0,5,57.6,11.5,0.0,0.0,0,0,0,,2026-04-30 09:58:49
3113,,LOT-20260425-651F-008,,,,Arugula,,1841,cam1_20260430_041344.jpg,ambient,1843,cam1_20260430_041349.jpg,,1,28.1,44,47.4,3457,0,15,0.0,0.0,0,0.0,5,57.6,11.5,0.0,0.0,0,0,0,,2026-04-30 10:13:49
3121,,LOT-20260425-651F-008,,,,Arugula,,1845,cam1_20260430_042844.jpg,ambient,1847,cam1_20260430_042849.jpg,,1,28.1,46,46.7,3457,0,15,0.0,0.0,0,0.0,5,57.6,11.5,0.0,0.0,0,0,0,,2026-04-30 10:28:49
3129,,LOT-20260425-651F-008,,,,Arugula,,1849,cam1_20260430_044344.jpg,ambient,1851,cam1_20260430_044349.jpg,,1,28.1,46,47.5,3457,0,15,0.0,0.0,0,0.0,5,57.6,11.5,0.0,0.0,0,0,0,,2026-04-30 10:43:49
3137,,LOT-20260425-651F-008,,,,Arugula,,1853,cam1_20260430_045844.jpg,ambient,1855,cam1_20260430_045849.jpg,,1,28.1,46,45.3,3457,0,15,0.0,0.0,0,0.0,5,57.6,11.5,0.0,0.0,0,0,0,,2026-04-30 10:58:49
3145,,LOT-20260425-651F-008,,,,Arugula,,1857,cam1_20260430_051344.jpg,ambient,1859,cam1_20260430_051349.jpg,,1,28.1,48,46.3,3457,0,15,0.0,0.0,0,0.0,5,57.6,11.5,0.0,0.0,0,0,0,,2026-04-30 11:13:49
3153,,LOT-20260425-651F-008,,,,Arugula,,1861,cam1_20260430_052844.jpg,ambient,1863,cam1_20260430_052849.jpg,,1,27.9,46,46.6,3457,0,15,0.0,0.0,0,0.0,5,57.6,11.5,0.0,0.0,0,0,0,,2026-04-30 11:28:49
3161,,LOT-20260425-651F-008,,,,Arugula,,1865,cam1_20260430_054345.jpg,ambient,1867,cam1_20260430_054350.jpg,,1,28.1,46,47.5,3457,0,15,0.0,0.0,0,0.0,5,57.6,11.5,0.0,0.0,0,0,0,,2026-04-30 11:43:50
3169,,LOT-20260425-651F-008,,,,Arugula,,1869,cam1_20260430_055844.jpg,ambient,1871,cam1_20260430_055849.jpg,,1,27.9,44,46.2,3457,0,15,0.0,0.0,0,0.0,5,57.6,11.5,0.0,0.0,0,0,0,,2026-04-30 11:58:49
3177,,LOT-20260425-651F-008,,,,Arugula,,1873,cam1_20260430_061344.jpg,ambient,1875,cam1_20260430_061349.jpg,,1,27.9,44,46.5,3457,0,15,0.0,0.0,0,0.0,5,57.6,11.5,0.0,0.0,0,0,0,,2026-04-30 12:13:49
3185,,LOT-20260425-651F-008,,,,Arugula,,1877,cam1_20260430_062844.jpg,ambient,1879,cam1_20260430_062849.jpg,,1,28,46,47.1,3457,0,15,0.0,0.0,0,0.0,5,57.6,11.5,0.0,0.0,0,0,0,,2026-04-30 12:28:49
3193,,LOT-20260425-651F-008,,,,Arugula,,1881,cam1_20260430_064344.jpg,ambient,1883,cam1_20260430_064349.jpg,,1,27.7,44,48.1,3457,0,15,0.0,0.0,0,0.0,5,57.6,11.5,0.0,0.0,0,0,0,,2026-04-30 12:43:49
3201,,LOT-20260425-651F-008,,,,Arugula,,1885,cam1_20260430_065844.jpg,ambient,1887,cam1_20260430_065849.jpg,,1,27.6,42,46.9,3457,0,15,0.0,0.0,0,0.0,5,57.6,11.5,0.0,0.0,0,0,0,,2026-04-30 12:58:49
3209,,LOT-20260425-651F-008,,,,Arugula,,1889,cam1_20260430_071344.jpg,ambient,1891,cam1_20260430_071350.jpg,,1,27.5,42,46.1,3457,0,15,0.0,0.0,0,0.0,5,57.6,11.5,0.0,0.0,0,0,0,,2026-04-30 13:13:50
3217,,LOT-20260425-651F-008,,,,Arugula,,1893,cam1_20260430_072844.jpg,ambient,1895,cam1_20260430_072849.jpg,,1,27.3,42,45.3,3457,0,15,0.0,0.0,0,0.0,5,57.6,11.5,0.0,0.0,0,0,0,,2026-04-30 13:28:49
3225,,LOT-20260425-651F-008,,,,Arugula,,1897,cam1_20260430_074344.jpg,ambient,1899,cam1_20260430_074349.jpg,,1,27.5,44,46.5,3457,0,15,0.0,0.0,0,0.0,5,57.6,11.5,0.0,0.0,0,0,0,,2026-04-30 13:43:49
3233,,LOT-20260425-651F-008,,,,Arugula,,1901,cam1_20260430_075844.jpg,ambient,1903,cam1_20260430_075850.jpg,,1,27.3,45,45.5,3457,0,15,0.0,0.0,0,0.0,5,57.6,11.5,0.0,0.0,0,0,0,,2026-04-30 13:58:50
3237,,LOT-20260425-651F-008,,,,Arugula,,1904,cam1_20260430_081345.jpg,ambient,1906,cam1_20260430_081348.jpg,,1,27.8,42,43.9,3471,0,15,0.0,0.0,0,0.0,5,57.9,11.6,0.0,0.0,0,0,0,,2026-04-30 14:13:49
3249,,LOT-20260425-651F-008,,,,Arugula,,1909,cam1_20260430_092426.jpg,ambient,1911,cam1_20260430_092432.jpg,,1,27.5,49,47.1,3542,0,15,0.0,0.0,0,0.0,5,59.0,11.8,0.0,0.0,0,0,0,,2026-04-30 15:24:33
3253,,LOT-20260425-651F-008,,,,Arugula,,1912,cam1_20260430_093926.jpg,ambient,1914,cam1_20260430_093928.jpg,,1,28.4,48,46.6,3557,0,15,0.0,0.0,0,0.0,5,59.3,11.9,0.0,0.0,0,0,0,,2026-04-30 15:39:29
3265,,LOT-20260425-651F-008,,,,Arugula,,1917,cam1_20260430_095426.jpg,ambient,1919,cam1_20260430_095431.jpg,,1,28.7,47,47.6,3571,0,15,0.0,0.0,0,0.0,5,59.5,11.9,0.0,0.0,0,0,0,,2026-04-30 15:54:32
3269,,LOT-20260425-651F-008,,,,Arugula,,1920,cam1_20260430_100926.jpg,ambient,1922,cam1_20260430_100928.jpg,,1,28.2,40,45.7,3586,0,15,0.0,0.0,0,0.0,5,59.8,12.0,0.0,0.0,0,0,0,,2026-04-30 16:09:29
3281,,LOT-20260425-651F-008,,,,Arugula,,1925,cam1_20260430_102426.jpg,ambient,1927,cam1_20260430_102431.jpg,,1,28.2,42,45.5,3601,0,15,0.0,0.0,0,0.0,5,60.0,12.0,0.0,0.0,0,0,0,,2026-04-30 16:24:32
3289,,LOT-20260425-651F-008,,,,Arugula,,1929,cam1_20260430_103925.jpg,ambient,1931,cam1_20260430_103930.jpg,,1,28.5,45,45.6,3616,0,15,0.0,0.0,0,0.0,5,60.3,12.1,0.0,0.0,0,0,0,,2026-04-30 16:39:31
3297,,LOT-20260425-651F-008,,,,Arugula,,1933,cam1_20260430_105427.jpg,ambient,1935,cam1_20260430_105431.jpg,,1,28.2,45,45.3,3631,0,15,0.0,0.0,0,0.0,5,60.5,12.1,0.0,0.0,0,0,0,,2026-04-30 16:54:32
3305,,LOT-20260425-651F-008,,,,Arugula,,1937,cam1_20260430_110925.jpg,ambient,1939,cam1_20260430_110932.jpg,,1,28.2,44,43.1,3646,0,15,0.0,0.0,0,0.0,5,60.8,12.2,0.0,0.0,0,0,0,,2026-04-30 17:09:33
3313,,LOT-20260425-651F-008,,,,Arugula,,1941,cam1_20260430_112426.jpg,ambient,1943,cam1_20260430_112431.jpg,,1,28.1,45,43.1,3661,0,15,0.0,0.0,0,0.0,5,61.0,12.2,0.0,0.0,0,0,0,,2026-04-30 17:24:32
3321,,LOT-20260425-651F-008,,,,Arugula,,1945,cam1_20260430_113925.jpg,ambient,1947,cam1_20260430_113931.jpg,,1,28.2,45,43.8,3676,0,15,0.0,0.0,0,0.0,5,61.3,12.3,0.0,0.0,0,0,0,,2026-04-30 17:39:31
3329,,LOT-20260425-651F-008,,,,Arugula,,1949,cam1_20260430_115425.jpg,ambient,1951,cam1_20260430_115430.jpg,,1,28.1,45,43.9,3691,0,15,0.0,0.0,0,0.0,5,61.5,12.3,0.0,0.0,0,0,0,,2026-04-30 17:54:30
3337,,LOT-20260425-651F-008,,,,Arugula,,1953,cam1_20260430_120927.jpg,ambient,1955,cam1_20260430_120932.jpg,,1,28.2,46,42.4,3706,0,15,0.0,0.0,0,0.0,5,61.8,12.4,0.0,0.0,0,0,0,,2026-04-30 18:09:32
3345,,LOT-20260425-651F-008,,,,Arugula,,1957,cam1_20260430_122425.jpg,ambient,1959,cam1_20260430_122430.jpg,,1,28.1,47,42.7,3721,0,15,0.0,0.0,0,0.0,5,62.0,12.4,0.0,0.0,0,0,0,,2026-04-30 18:24:30
3353,,LOT-20260425-651F-008,,,,Arugula,,1961,cam1_20260430_123926.jpg,ambient,1963,cam1_20260430_123930.jpg,,1,28.1,47,43.7,3736,0,15,0.0,0.0,0,0.0,5,62.3,12.5,0.0,0.0,0,0,0,,2026-04-30 18:39:31
3361,,LOT-20260425-651F-008,,,,Arugula,,1965,cam1_20260430_125425.jpg,ambient,1967,cam1_20260430_125430.jpg,,1,28.1,47,42.2,3750,0,15,0.0,0.0,0,0.0,5,62.5,12.5,0.0,0.0,0,0,0,,2026-04-30 18:54:31
3369,,LOT-20260425-651F-008,,,,Arugula,,1969,cam1_20260430_130925.jpg,ambient,1971,cam1_20260430_130930.jpg,,1,28.1,47,42.6,3765,0,15,0.0,0.0,0,0.0,5,62.8,12.6,0.0,0.0,0,0,0,,2026-04-30 19:09:30
3377,,LOT-20260425-651F-008,,,,Arugula,,1973,cam1_20260430_132427.jpg,ambient,1975,cam1_20260430_132430.jpg,,1,28.1,45,41.8,3780,0,15,0.0,0.0,0,0.0,5,63.0,12.6,0.0,0.0,0,0,0,,2026-04-30 19:24:31
3385,,LOT-20260425-651F-008,,,,Arugula,,1977,cam1_20260430_133926.jpg,ambient,1979,cam1_20260430_133930.jpg,,1,28.1,44,41,3795,0,15,0.0,0.0,0,0.0,5,63.3,12.7,0.0,0.0,0,0,0,,2026-04-30 19:39:31
3393,,LOT-20260425-651F-008,,,,Arugula,,1981,cam1_20260430_135428.jpg,ambient,1983,cam1_20260430_135432.jpg,,1,28.1,43,40.8,3810,0,15,0.0,0.0,0,0.0,5,63.5,12.7,0.0,0.0,0,0,0,,2026-04-30 19:54:33
3401,,LOT-20260425-651F-008,,,,Arugula,,1985,cam1_20260430_140926.jpg,ambient,1987,cam1_20260430_140931.jpg,,1,28.2,45,40.8,3825,0,15,0.0,0.0,0,0.0,5,63.8,12.8,0.0,0.0,0,0,0,,2026-04-30 20:09:32
3409,,LOT-20260425-651F-008,,,,Arugula,,1989,cam1_20260430_142427.jpg,ambient,1991,cam1_20260430_142431.jpg,,1,28.3,47,38.9,3840,0,15,0.0,0.0,0,0.0,5,64.0,12.8,0.0,0.0,0,0,0,,2026-04-30 20:24:32
3417,,LOT-20260425-651F-008,,,,Arugula,,1993,cam1_20260430_143925.jpg,ambient,1995,cam1_20260430_143930.jpg,,1,28.2,47,40,3855,0,15,0.0,0.0,0,0.0,5,64.3,12.8,0.0,0.0,0,0,0,,2026-04-30 20:39:30
3425,,LOT-20260425-651F-008,,,,Arugula,,1997,cam1_20260430_145426.jpg,ambient,1999,cam1_20260430_145430.jpg,,1,28.2,46,39.3,3870,0,15,0.0,0.0,0,0.0,5,64.5,12.9,0.0,0.0,0,0,0,,2026-04-30 20:54:31
3429,,LOT-20260425-651F-008,,,,Arugula,,2000,cam1_20260430_150926.jpg,ambient,2002,cam1_20260430_150930.jpg,,1,28.1,46,38.8,3885,0,15,0.0,0.0,0,0.0,5,64.8,12.9,0.0,0.0,0,0,0,,2026-04-30 21:09:30
3441,,LOT-20260425-651F-008,,,,Arugula,,2005,cam1_20260430_152425.jpg,ambient,2007,cam1_20260430_152430.jpg,,1,28,43,38.9,3900,0,15,0.0,0.0,0,0.0,5,65.0,13.0,0.0,0.0,0,0,0,,2026-04-30 21:24:31
3449,,LOT-20260425-651F-008,,,,Arugula,,2009,cam1_20260430_153925.jpg,ambient,2011,cam1_20260430_153930.jpg,,1,28,43,37.1,3915,0,15,0.0,0.0,0,0.0,5,65.3,13.1,0.0,0.0,0,0,0,,2026-04-30 21:39:30
3457,,LOT-20260425-651F-008,,,,Arugula,,2013,cam1_20260430_155425.jpg,ambient,2015,cam1_20260430_155430.jpg,,1,27.9,40,37,3930,0,15,0.0,0.0,0,0.0,5,65.5,13.1,0.0,0.0,0,0,0,,2026-04-30 21:54:31
3465,,LOT-20260425-651F-008,,,,Arugula,,2017,cam1_20260430_160926.jpg,ambient,2019,cam1_20260430_160930.jpg,,1,27.8,38,35.8,3945,0,15,0.0,0.0,0,0.0,5,65.8,13.2,0.0,0.0,0,0,0,,2026-04-30 22:09:30
3469,,LOT-20260425-651F-008,,,,Arugula,,2020,cam1_20260430_162426.jpg,ambient,2022,cam1_20260430_162428.jpg,,1,27.8,37,34.3,3959,0,15,0.0,0.0,0,0.0,5,66.0,13.2,0.0,0.0,0,0,0,,2026-04-30 22:24:29
3481,,LOT-20260425-651F-008,,,,Arugula,,2025,cam1_20260430_163926.jpg,ambient,2027,cam1_20260430_163930.jpg,,1,27.7,37,34,3974,0,15,0.0,0.0,0,0.0,5,66.2,13.2,0.0,0.0,0,0,0,,2026-04-30 22:39:31
3489,,LOT-20260425-651F-008,,,,Arugula,,2029,cam1_20260430_165426.jpg,ambient,2031,cam1_20260430_165430.jpg,,1,27.6,36,33.3,3989,0,15,0.0,0.0,0,0.0,5,66.5,13.3,0.0,0.0,0,0,0,,2026-04-30 22:54:31
3497,,LOT-20260425-651F-008,,,,Arugula,,2033,cam1_20260430_170926.jpg,ambient,2035,cam1_20260430_170930.jpg,,1,27.7,36,33.3,4004,0,15,0.0,0.0,0,0.0,5,66.7,13.3,0.0,0.0,0,0,0,,2026-04-30 23:09:31
3505,,LOT-20260425-651F-008,,,,Arugula,,2037,cam1_20260430_172426.jpg,ambient,2039,cam1_20260430_172433.jpg,,1,27.7,36,30.9,4019,0,15,0.0,0.0,0,0.0,5,67.0,13.4,0.0,0.0,0,0,0,,2026-04-30 23:24:34
3513,,LOT-20260425-651F-008,,,,Arugula,,2041,cam1_20260430_173927.jpg,ambient,2043,cam1_20260430_173930.jpg,,1,27.7,37,31.9,4034,0,15,0.0,0.0,0,0.0,5,67.2,13.4,0.0,0.0,0,0,0,,2026-04-30 23:39:31
3521,,LOT-20260425-651F-008,,,,Arugula,,2045,cam1_20260430_175426.jpg,ambient,2047,cam1_20260430_175431.jpg,,1,27.5,38,29.7,4049,0,15,0.0,0.0,0,0.0,6,67.5,11.2,0.0,0.0,0,0,0,,2026-04-30 23:54:31
3529,,LOT-20260425-651F-008,,,,Arugula,,2049,cam1_20260430_180928.jpg,ambient,2051,cam1_20260430_180931.jpg,,1,27.6,38,31.7,4064,1,15,15.0,0.0,0,0.0,6,67.7,11.3,0.0,0.0,0,0,0,,2026-05-01 00:09:32
3537,,LOT-20260425-651F-008,,,,Arugula,,2053,cam1_20260430_182426.jpg,ambient,2055,cam1_20260430_182431.jpg,,1,27.8,41,29.3,4079,0,15,0.0,0.0,0,0.0,6,68.0,11.3,0.0,0.0,0,0,0,,2026-05-01 00:24:32
3545,,LOT-20260425-651F-008,,,,Arugula,,2057,cam1_20260430_183926.jpg,ambient,2059,cam1_20260430_183930.jpg,,1,27.6,42,28.7,4094,0,15,0.0,0.0,0,0.0,6,68.2,11.4,0.0,0.0,0,0,0,,2026-05-01 00:39:30
3553,,LOT-20260425-651F-008,,,,Arugula,,2061,cam1_20260430_185426.jpg,ambient,2063,cam1_20260430_185432.jpg,,1,27.6,42,27.7,4109,0,15,0.0,0.0,0,0.0,6,68.5,11.4,0.0,0.0,0,0,0,,2026-05-01 00:54:32
3557,,LOT-20260425-651F-008,,,,Arugula,,2064,cam1_20260430_190926.jpg,ambient,2066,cam1_20260430_190928.jpg,,1,27.3,41,27.7,4124,0,15,0.0,0.0,0,0.0,6,68.7,11.5,0.0,0.0,0,0,0,,2026-05-01 01:09:29
3569,,LOT-20260425-651F-008,,,,Arugula,,2069,cam1_20260430_192426.jpg,ambient,2071,cam1_20260430_192430.jpg,,1,27.3,42,27.2,4139,0,15,0.0,0.0,0,0.0,6,69.0,11.5,0.0,0.0,0,0,0,,2026-05-01 01:24:31
3577,,LOT-20260425-651F-008,,,,Arugula,,2073,cam1_20260430_193927.jpg,ambient,2075,cam1_20260430_193931.jpg,,1,27.6,41,26.4,4153,0,15,0.0,0.0,0,0.0,6,69.2,11.5,0.0,0.0,0,0,0,,2026-05-01 01:39:32
3585,,LOT-20260425-651F-008,,,,Arugula,,2077,cam1_20260430_195427.jpg,ambient,2079,cam1_20260430_195432.jpg,,1,27.5,42,25.8,4168,0,15,0.0,0.0,0,0.0,6,69.5,11.6,0.0,0.0,0,0,0,,2026-05-01 01:54:32
3593,,LOT-20260425-651F-008,,,,Arugula,,2081,cam1_20260430_200927.jpg,ambient,2083,cam1_20260430_200931.jpg,,1,27.2,42,24.8,4174,0,15,0.0,0.0,0,0.0,6,69.6,11.6,0.0,0.0,0,0,0,,2026-05-01 02:09:32
3601,,LOT-20260425-651F-008,,,,Arugula,,2085,cam1_20260430_202427.jpg,ambient,2087,cam1_20260430_202431.jpg,,1,26.8,42,24.3,4174,0,15,0.0,0.0,0,0.0,6,69.6,11.6,0.0,0.0,0,0,0,,2026-05-01 02:24:32
3609,,LOT-20260425-651F-008,,,,Arugula,,2090,cam1_20260430_204030.jpg,ambient,2091,cam1_20260430_204033.jpg,,1,26.7,43,23.3,4174,0,15,0.0,0.0,0,0.0,6,69.6,11.6,0.0,0.0,0,0,0,,2026-05-01 02:40:33
3617,,LOT-20260425-651F-008,,,,Arugula,,2093,cam1_20260430_205526.jpg,ambient,2095,cam1_20260430_205531.jpg,,1,26.7,43,22.6,4175,0,15,0.0,0.0,0,0.0,6,69.6,11.6,0.0,0.0,0,0,0,,2026-05-01 02:55:31
3621,,LOT-20260425-651F-008,,,,Arugula,,2096,cam1_20260430_211026.jpg,ambient,2098,cam1_20260430_211030.jpg,,1,26.5,43,22.1,4175,0,15,0.0,0.0,0,0.0,6,69.6,11.6,0.0,0.0,0,0,0,,2026-05-01 03:10:31
3633,,LOT-20260425-651F-008,,,,Arugula,,2101,cam1_20260430_212527.jpg,ambient,2103,cam1_20260430_212532.jpg,,1,26.4,43,21.3,4175,0,15,0.0,0.0,0,0.0,6,69.6,11.6,0.0,0.0,0,0,0,,2026-05-01 03:25:33
3641,,LOT-20260425-651F-008,,,,Arugula,,2105,cam1_20260430_214026.jpg,ambient,2107,cam1_20260430_214030.jpg,,1,26.4,43,20.2,4175,0,15,0.0,0.0,0,0.0,6,69.6,11.6,0.0,0.0,0,0,0,,2026-05-01 03:40:30
3649,,LOT-20260425-651F-008,,,,Arugula,,2109,cam1_20260430_215527.jpg,ambient,2111,cam1_20260430_215532.jpg,,1,26.5,43,20.8,4175,0,15,0.0,0.0,0,0.0,6,69.6,11.6,0.0,0.0,0,0,0,,2026-05-01 03:55:32
3657,,LOT-20260425-651F-008,,,,Arugula,,2113,cam1_20260430_221026.jpg,ambient,2115,cam1_20260430_221030.jpg,,1,26.7,42,20.1,4175,0,15,0.0,0.0,0,0.0,6,69.6,11.6,0.0,0.0,0,0,0,,2026-05-01 04:10:30
3665,,LOT-20260425-651F-008,,,,Arugula,,2117,cam1_20260430_222526.jpg,ambient,2119,cam1_20260430_222533.jpg,,1,26.5,43,16.8,4175,0,15,0.0,0.0,0,0.0,6,69.6,11.6,0.0,0.0,0,0,0,,2026-05-01 04:25:33
3673,,LOT-20260425-651F-008,,,,Arugula,,2121,cam1_20260430_224026.jpg,ambient,2123,cam1_20260430_224030.jpg,,1,26.3,42,17.8,4175,0,15,0.0,0.0,0,0.0,6,69.6,11.6,0.0,0.0,0,0,0,,2026-05-01 04:40:30
3681,,LOT-20260425-651F-008,,,,Arugula,,2125,cam1_20260430_225526.jpg,ambient,2127,cam1_20260430_225530.jpg,,1,26.3,42,17.7,4175,0,15,0.0,0.0,0,0.0,6,69.6,11.6,0.0,0.0,0,0,0,,2026-05-01 04:55:31
3689,,LOT-20260425-651F-008,,,,Arugula,,2129,cam1_20260430_231027.jpg,ambient,2131,cam1_20260430_231030.jpg,,1,26.1,42,17.1,4175,0,15,0.0,0.0,0,0.0,6,69.6,11.6,0.0,0.0,0,0,0,,2026-05-01 05:10:31
3697,,LOT-20260425-651F-008,,,,Arugula,,2133,cam1_20260430_232526.jpg,ambient,2135,cam1_20260430_232530.jpg,,1,25.9,41,16.9,4175,0,15,0.0,0.0,0,0.0,6,69.6,11.6,0.0,0.0,0,0,0,,2026-05-01 05:25:31
3705,,LOT-20260425-651F-008,,,,Arugula,,2137,cam1_20260430_234026.jpg,ambient,2139,cam1_20260430_234030.jpg,,1,26,43,16.8,4175,0,15,0.0,0.0,0,0.0,6,69.6,11.6,0.0,0.0,0,0,0,,2026-05-01 05:40:31
3709,,LOT-20260425-651F-008,,,,Arugula,,2140,cam1_20260430_235526.jpg,ambient,2142,cam1_20260430_235528.jpg,,1,26,43,16.5,4175,0,15,0.0,0.0,0,0.0,6,69.6,11.6,0.0,0.0,0,0,0,,2026-05-01 05:55:29
3721,,LOT-20260425-651F-008,,,,Arugula,,2145,cam1_20260501_001027.jpg,ambient,2147,cam1_20260501_001030.jpg,,1,25.7,42,16.3,4175,0,15,0.0,0.0,0,0.0,6,69.6,11.6,0.0,0.0,0,0,0,,2026-05-01 06:10:31
3725,,LOT-20260425-651F-008,,,,Arugula,,2148,cam1_20260501_002526.jpg,ambient,2150,cam1_20260501_002529.jpg,,1,26.2,44,15.9,4175,0,15,0.0,0.0,0,0.0,6,69.6,11.6,0.0,0.0,0,0,0,,2026-05-01 06:25:29
3737,,LOT-20260425-651F-008,,,,Arugula,,2153,cam1_20260501_004027.jpg,ambient,2155,cam1_20260501_004030.jpg,,1,25.8,40,15.9,4175,0,15,0.0,0.0,0,0.0,6,69.6,11.6,0.0,0.0,0,0,0,,2026-05-01 06:40:31
3745,,LOT-20260425-651F-008,,,,Arugula,,2157,cam1_20260501_005526.jpg,ambient,2159,cam1_20260501_005530.jpg,,1,26.5,53,100,4181,0,15,0.0,0.0,0,0.0,6,69.7,11.6,0.0,0.0,0,0,0,,2026-05-01 06:55:31
3753,,LOT-20260425-651F-008,,,,Arugula,,2161,cam1_20260501_011026.jpg,ambient,2163,cam1_20260501_011030.jpg,,1,27.3,49,100,4195,0,15,0.0,0.0,0,0.0,6,69.9,11.7,0.0,0.0,0,0,0,,2026-05-01 07:10:31
3761,,LOT-20260425-651F-008,,,,Arugula,,2165,cam1_20260501_012528.jpg,ambient,2167,cam1_20260501_012532.jpg,,1,27.8,48,100,4210,0,15,0.0,0.0,0,0.0,6,70.2,11.7,0.0,0.0,0,0,0,,2026-05-01 07:25:32
3769,,LOT-20260425-651F-008,,,,Arugula,,2169,cam1_20260501_014026.jpg,ambient,2171,cam1_20260501_014030.jpg,,1,28.1,47,100,4225,0,15,0.0,0.0,0,0.0,6,70.4,11.7,0.0,0.0,0,0,0,,2026-05-01 07:40:31
3777,,LOT-20260425-651F-008,,,,Arugula,,2173,cam1_20260501_015526.jpg,ambient,2175,cam1_20260501_015531.jpg,,1,28.2,46,100,4240,0,15,0.0,0.0,0,0.0,6,70.7,11.8,0.0,0.0,0,0,0,,2026-05-01 07:55:31
3781,,LOT-20260425-651F-008,,,,Arugula,,2176,cam1_20260501_021026.jpg,ambient,2178,cam1_20260501_021028.jpg,,1,28.4,45,100,4255,0,15,0.0,0.0,0,0.0,6,70.9,11.8,0.0,0.0,0,0,0,,2026-05-01 08:10:29
3793,,LOT-20260425-651F-008,,,,Arugula,,2181,cam1_20260501_022526.jpg,ambient,2183,cam1_20260501_022532.jpg,,1,28.3,44,100,4270,0,15,0.0,0.0,0,0.0,6,71.2,11.9,0.0,0.0,0,0,0,,2026-05-01 08:25:32
3801,,LOT-20260425-651F-008,,,,Arugula,,2185,cam1_20260501_024026.jpg,ambient,2187,cam1_20260501_024031.jpg,,1,28.2,43,100,4285,0,15,0.0,0.0,0,0.0,6,71.4,11.9,0.0,0.0,0,0,0,,2026-05-01 08:40:32
3809,,LOT-20260425-651F-008,,,,Arugula,,2189,cam1_20260501_025526.jpg,ambient,2191,cam1_20260501_025530.jpg,,1,28.4,44,100,4300,0,15,0.0,0.0,0,0.0,6,71.7,11.9,0.0,0.0,0,0,0,,2026-05-01 08:55:31
3817,,LOT-20260425-651F-008,,,,Arugula,,2193,cam1_20260501_031026.jpg,ambient,2195,cam1_20260501_031030.jpg,,1,28.4,43,100,4315,0,15,0.0,0.0,0,0.0,6,71.9,12.0,0.0,0.0,0,0,0,,2026-05-01 09:10:31
3825,,LOT-20260425-651F-008,,,,Arugula,,2197,cam1_20260501_032526.jpg,ambient,2199,cam1_20260501_032530.jpg,,1,28.4,44,100,4330,0,15,0.0,0.0,0,0.0,6,72.2,12.0,0.0,0.0,0,0,0,,2026-05-01 09:25:31
3833,,LOT-20260425-651F-008,,,,Arugula,,2201,cam1_20260501_034026.jpg,ambient,2203,cam1_20260501_034030.jpg,,1,28.7,45,100,4345,0,15,0.0,0.0,0,0.0,6,72.4,12.1,0.0,0.0,0,0,0,,2026-05-01 09:40:31
3841,,LOT-20260425-651F-008,,,,Arugula,,2205,cam1_20260501_035526.jpg,ambient,2207,cam1_20260501_035530.jpg,,1,28.4,43,100,4360,0,15,0.0,0.0,0,0.0,6,72.7,12.1,0.0,0.0,0,0,0,,2026-05-01 09:55:31
3849,,LOT-20260425-651F-008,,,,Arugula,,2209,cam1_20260501_041026.jpg,ambient,2211,cam1_20260501_041030.jpg,,1,28.3,44,100,4375,0,15,0.0,0.0,0,0.0,6,72.9,12.2,0.0,0.0,0,0,0,,2026-05-01 10:10:31
3857,,LOT-20260425-651F-008,,,,Arugula,,2213,cam1_20260501_042526.jpg,ambient,2215,cam1_20260501_042530.jpg,,1,28.4,43,100,4390,0,15,0.0,0.0,0,0.0,6,73.2,12.2,0.0,0.0,0,0,0,,2026-05-01 10:25:31
3865,,LOT-20260425-651F-008,,,,Arugula,,2217,cam1_20260501_044027.jpg,ambient,2219,cam1_20260501_044031.jpg,,1,28.3,44,100,4405,0,15,0.0,0.0,0,0.0,6,73.4,12.2,0.0,0.0,0,0,0,,2026-05-01 10:40:32
3873,,LOT-20260425-651F-008,,,,Arugula,,2221,cam1_20260501_045527.jpg,ambient,2223,cam1_20260501_045531.jpg,,1,28.4,44,100,4420,0,15,0.0,0.0,0,0.0,6,73.7,12.3,0.0,0.0,0,0,0,,2026-05-01 10:55:32
3877,,LOT-20260425-651F-008,,,,Arugula,,2224,cam1_20260501_051026.jpg,ambient,2226,cam1_20260501_051028.jpg,,1,28.3,43,100,4435,0,15,0.0,0.0,0,0.0,6,73.9,12.3,0.0,0.0,0,0,0,,2026-05-01 11:10:29
3889,,LOT-20260425-651F-008,,,,Arugula,,2229,cam1_20260501_052526.jpg,ambient,2231,cam1_20260501_052530.jpg,,1,28.2,43,100,4449,0,15,0.0,0.0,0,0.0,6,74.2,12.4,0.0,0.0,0,0,0,,2026-05-01 11:25:31
3897,,LOT-20260425-651F-008,,,,Arugula,,2233,cam1_20260501_054026.jpg,ambient,2235,cam1_20260501_054030.jpg,,1,28.2,43,100,4464,0,15,0.0,0.0,0,0.0,6,74.4,12.4,0.0,0.0,0,0,0,,2026-05-01 11:40:31
3905,,LOT-20260425-651F-008,,,,Arugula,,2237,cam1_20260501_055527.jpg,ambient,2239,cam1_20260501_055530.jpg,,1,28.2,43,100,4479,0,15,0.0,0.0,0,0.0,6,74.7,12.4,0.0,0.0,0,0,0,,2026-05-01 11:55:31
3913,,LOT-20260425-651F-008,,,,Arugula,,2241,cam1_20260501_061027.jpg,ambient,2243,cam1_20260501_061031.jpg,,1,28.2,44,100,4494,0,15,0.0,0.0,0,0.0,6,74.9,12.5,0.0,0.0,0,0,0,,2026-05-01 12:10:32
3921,,LOT-20260425-651F-008,,,,Arugula,,2245,cam1_20260501_062527.jpg,ambient,2247,cam1_20260501_062530.jpg,,1,28.2,47,100,4509,0,15,0.0,0.0,0,0.0,6,75.2,12.5,0.0,0.0,0,0,0,,2026-05-01 12:25:31
3929,,LOT-20260425-651F-008,,,,Arugula,,2249,cam1_20260501_064026.jpg,ambient,2251,cam1_20260501_064030.jpg,,1,28.2,45,100,4524,0,15,0.0,0.0,0,0.0,6,75.4,12.6,0.0,0.0,0,0,0,,2026-05-01 12:40:31
3937,,LOT-20260425-651F-008,,,,Arugula,,2253,cam1_20260501_065526.jpg,ambient,2255,cam1_20260501_065530.jpg,,1,28.2,46,100,4539,0,15,0.0,0.0,0,0.0,6,75.7,12.6,0.0,0.0,0,0,0,,2026-05-01 12:55:31
3945,,LOT-20260425-651F-008,,,,Arugula,,2257,cam1_20260501_071027.jpg,ambient,2259,cam1_20260501_071030.jpg,,1,28.1,47,100,4554,0,15,0.0,0.0,0,0.0,6,75.9,12.7,0.0,0.0,0,0,0,,2026-05-01 13:10:31
3953,,LOT-20260425-651F-008,,,,Arugula,,2261,cam1_20260501_072526.jpg,ambient,2263,cam1_20260501_072530.jpg,,1,28.1,46,100,4569,0,15,0.0,0.0,0,0.0,6,76.2,12.7,0.0,0.0,0,0,0,,2026-05-01 13:25:31
3957,,LOT-20260425-651F-008,,,,Arugula,,2264,cam1_20260501_074027.jpg,ambient,2266,cam1_20260501_074029.jpg,,1,28.1,47,100,4584,0,15,0.0,0.0,0,0.0,6,76.4,12.7,0.0,0.0,0,0,0,,2026-05-01 13:40:30
3969,,LOT-20260425-651F-008,,,,Arugula,,2269,cam1_20260501_075527.jpg,ambient,2271,cam1_20260501_075531.jpg,,1,28.1,47,100,4599,0,15,0.0,0.0,0,0.0,6,76.7,12.8,0.0,0.0,0,0,0,,2026-05-01 13:55:32
3977,,LOT-20260425-651F-008,,,,Arugula,,2273,cam1_20260501_081027.jpg,ambient,2275,cam1_20260501_081031.jpg,,1,28,47,100,4614,0,15,0.0,0.0,0,0.0,6,76.9,12.8,0.0,0.0,0,0,0,,2026-05-01 14:10:32
3985,,LOT-20260425-651F-008,,,,Arugula,,2277,cam1_20260501_082526.jpg,ambient,2279,cam1_20260501_082532.jpg,,1,28.2,47,100,4629,0,15,0.0,0.0,0,0.0,6,77.2,12.9,0.0,0.0,0,0,0,,2026-05-01 14:25:32
3989,,LOT-20260425-651F-008,,,,Arugula,,2280,cam1_20260501_100143.jpg,ambient,2282,cam1_20260501_100145.jpg,,1,27.3,54,100,4725,0,15,0.0,0.0,0,0.0,6,78.8,13.1,0.0,0.0,0,0,0,,2026-05-01 16:01:46
4009,,LOT-20260425-651F-008,,,,Arugula,,2289,cam1_20260501_144320.jpg,ambient,2291,cam1_20260501_144329.jpg,,1,27.2,48,100,4926,0,15,0.0,34.0,0,0.0,6,82.1,13.7,0.6,0.1,0,0,0,,2026-05-01 20:43:30
4017,,LOT-20260425-651F-008,,,,Arugula,,2293,cam1_20260501_145820.jpg,ambient,2295,cam1_20260501_145826.jpg,,1,27.3,46,100,4941,0,15,0.0,34.0,0,0.0,6,82.3,13.7,0.6,0.1,0,0,0,,2026-05-01 20:58:27
4025,,LOT-20260425-651F-008,,,,Arugula,,2297,cam1_20260501_151321.jpg,ambient,2299,cam1_20260501_151324.jpg,,1,27.2,44,100,4956,0,15,0.0,34.0,0,0.0,6,82.6,13.8,0.6,0.1,0,0,0,,2026-05-01 21:13:25
4029,,LOT-20260425-651F-008,,,,Arugula,,2300,cam1_20260501_152820.jpg,ambient,2302,cam1_20260501_152823.jpg,,1,27.3,48,100,4971,0,15,0.0,34.0,0,0.0,6,82.8,13.8,0.6,0.1,0,0,0,,2026-05-01 21:28:24
4041,,LOT-20260425-651F-008,,,,Arugula,,2305,cam1_20260501_154321.jpg,ambient,2307,cam1_20260501_154325.jpg,,1,28.2,57,100,4986,0,15,0.0,34.0,0,0.0,6,83.1,13.8,0.6,0.1,0,0,0,,2026-05-01 21:43:26
4049,,LOT-20260425-651F-008,,,,Arugula,,2309,cam1_20260501_155820.jpg,ambient,2311,cam1_20260501_155825.jpg,,1,28.4,56,100,5001,0,15,0.0,34.0,0,0.0,6,83.3,13.9,0.6,0.1,0,0,0,,2026-05-01 21:58:26
4057,,LOT-20260425-651F-008,,,,Arugula,,2313,cam1_20260501_161320.jpg,ambient,2315,cam1_20260501_161325.jpg,,1,28.5,55,100,5016,0,15,0.0,34.0,0,0.0,6,83.6,13.9,0.6,0.1,0,0,0,,2026-05-01 22:13:26
4065,,LOT-20260425-651F-008,,,,Arugula,,2317,cam1_20260501_162821.jpg,ambient,2319,cam1_20260501_162826.jpg,,1,28.7,54,100,5031,0,15,0.0,34.0,0,0.0,6,83.8,14.0,0.6,0.1,0,0,0,,2026-05-01 22:28:27
4073,,LOT-20260425-651F-008,,,,Arugula,,2321,cam1_20260501_164322.jpg,ambient,2323,cam1_20260501_164326.jpg,,1,28.8,54,100,5046,0,15,0.0,34.0,0,0.0,6,84.1,14.0,0.6,0.1,0,0,0,,2026-05-01 22:43:27
4077,,LOT-20260425-651F-008,,,,Arugula,,2324,cam1_20260501_165820.jpg,ambient,2326,cam1_20260501_165823.jpg,,1,28.7,53,100,5061,0,15,0.0,34.0,0,0.0,6,84.3,14.1,0.6,0.1,0,0,0,,2026-05-01 22:58:24
4089,,LOT-20260425-651F-008,,,,Arugula,,2329,cam1_20260501_171320.jpg,ambient,2331,cam1_20260501_171326.jpg,,1,28.9,53,100,5076,0,15,0.0,34.0,0,0.0,6,84.6,14.1,0.6,0.1,0,0,0,,2026-05-01 23:13:27
4101,,LOT-20260425-651F-008,,,,Arugula,,2335,cam1_20260501_195933.jpg,ambient,2337,cam1_20260501_195941.jpg,,1,29,46,100,5239,0,15,0.0,35.0,0,0.0,7,87.3,12.5,0.6,0.1,0,0,0,,2026-05-02 01:59:42
4109,,LOT-20260425-651F-008,,,,Arugula,,2339,cam1_20260501_201433.jpg,ambient,2341,cam1_20260501_201439.jpg,,1,28.6,48,100,5239,0,15,0.0,35.0,0,0.0,7,87.3,12.5,0.6,0.1,0,0,0,,2026-05-02 02:14:40
4113,,LOT-20260425-651F-008,,,,Arugula,,2342,cam1_20260501_202933.jpg,ambient,2344,cam1_20260501_202937.jpg,,1,28.5,50,100,5239,0,15,0.0,35.0,0,0.0,7,87.3,12.5,0.6,0.1,0,0,0,,2026-05-02 02:29:38
4125,,LOT-20260425-651F-008,,,,Arugula,,2347,cam1_20260501_204435.jpg,ambient,2349,cam1_20260501_204446.jpg,,1,28.2,43,100,5241,0,15,0.0,35.0,0,0.0,7,87.3,12.5,0.6,0.1,0,0,0,,2026-05-02 02:44:47
4369,,LOT-20260425-651F-008,,,,Arugula,,2470,cam1_20260502_184455.jpg,ambient,2472,cam1_20260502_184458.jpg,,1,27.3,36,100,6558,0,15,0.0,65.0,0,0.0,8,109.3,13.7,1.1,0.1,0,0,0,,2026-05-03 00:44:58
4377,,LOT-20260425-651F-008,,,,Arugula,,2474,cam1_20260502_185955.jpg,ambient,2476,cam1_20260502_185958.jpg,,1,27.3,39,100,6573,0,15,0.0,65.0,0,0.0,8,109.5,13.7,1.1,0.1,0,0,0,,2026-05-03 00:59:58
4573,,LOT-20260425-651F-008,,,,Arugula,,2571,cam1_20260503_005955.jpg,ambient,2573,cam1_20260503_010000.jpg,,1,27,61,100,6635,0,15,0.0,65.0,0,0.0,8,110.6,13.8,1.1,0.1,0,0,0,,2026-05-03 07:00:01
4581,,LOT-20260425-651F-008,,,,Arugula,,2575,cam1_20260503_011455.jpg,ambient,2577,cam1_20260503_011500.jpg,,1,27,62,100,6635,0,15,0.0,65.0,0,0.0,8,110.6,13.8,1.1,0.1,0,0,0,,2026-05-03 07:15:01
4589,,LOT-20260425-651F-008,,,,Arugula,,2579,cam1_20260503_012955.jpg,ambient,2581,cam1_20260503_013000.jpg,,1,27,60,100,6635,0,15,0.0,65.0,0,0.0,8,110.6,13.8,1.1,0.1,0,0,0,,2026-05-03 07:30:01
4597,,LOT-20260425-651F-008,,,,Arugula,,2583,cam1_20260503_014455.jpg,ambient,2585,cam1_20260503_014500.jpg,,1,27.2,61,100,6635,0,15,0.0,65.0,0,0.0,8,110.6,13.8,1.1,0.1,0,0,0,,2026-05-03 07:45:01
4605,,LOT-20260425-651F-008,,,,Arugula,,2587,cam1_20260503_015955.jpg,ambient,2589,cam1_20260503_020000.jpg,,1,26.8,60,100,6635,0,15,0.0,65.0,0,0.0,8,110.6,13.8,1.1,0.1,0,0,0,,2026-05-03 08:00:01
4613,,LOT-20260425-651F-008,,,,Arugula,,2591,cam1_20260503_021455.jpg,ambient,2593,cam1_20260503_021500.jpg,,1,27.1,59,82.4,6635,0,15,0.0,65.0,0,0.0,8,110.6,13.8,1.1,0.1,0,0,0,,2026-05-03 08:15:01
4621,,LOT-20260425-651F-008,,,,Arugula,,2595,cam1_20260503_022955.jpg,ambient,2597,cam1_20260503_023000.jpg,,1,27.1,60,77.8,6636,0,15,0.0,65.0,0,0.0,8,110.6,13.8,1.1,0.1,0,0,0,,2026-05-03 08:30:01
4629,,LOT-20260425-651F-008,,,,Arugula,,2599,cam1_20260503_024455.jpg,ambient,2601,cam1_20260503_024500.jpg,,1,27.2,62,58,6636,0,15,0.0,65.0,0,0.0,8,110.6,13.8,1.1,0.1,0,0,0,,2026-05-03 08:45:01
4637,,LOT-20260425-651F-008,,,,Arugula,,2603,cam1_20260503_025955.jpg,ambient,2605,cam1_20260503_030000.jpg,,1,27.2,61,100,6636,0,15,0.0,65.0,0,0.0,8,110.6,13.8,1.1,0.1,0,0,0,,2026-05-03 09:00:01
4645,,LOT-20260425-651F-008,,,,Arugula,,2607,cam1_20260503_031455.jpg,ambient,2609,cam1_20260503_031500.jpg,,1,27,59,71.4,6636,0,15,0.0,65.0,0,0.0,8,110.6,13.8,1.1,0.1,0,0,0,,2026-05-03 09:15:01
4653,,LOT-20260425-651F-008,,,,Arugula,,2611,cam1_20260503_032955.jpg,ambient,2613,cam1_20260503_033000.jpg,,1,27,62,99.1,6636,0,15,0.0,65.0,0,0.0,8,110.6,13.8,1.1,0.1,0,0,0,,2026-05-03 09:30:01
4661,,LOT-20260425-651F-008,,,,Arugula,,2615,cam1_20260503_034455.jpg,ambient,2617,cam1_20260503_034500.jpg,,1,27.2,61,56.3,6636,0,15,0.0,65.0,0,0.0,8,110.6,13.8,1.1,0.1,0,0,0,,2026-05-03 09:45:01
4669,,LOT-20260425-651F-008,,,,Arugula,,2619,cam1_20260503_035955.jpg,ambient,2621,cam1_20260503_040000.jpg,,1,27,61,52.7,6636,0,15,0.0,65.0,0,0.0,8,110.6,13.8,1.1,0.1,0,0,0,,2026-05-03 10:00:01
4677,,LOT-20260425-651F-008,,,,Arugula,,2623,cam1_20260503_041455.jpg,ambient,2625,cam1_20260503_041500.jpg,,1,27.2,62,48,6636,0,15,0.0,65.0,0,0.0,8,110.6,13.8,1.1,0.1,0,0,0,,2026-05-03 10:15:01
4685,,LOT-20260425-651F-008,,,,Arugula,,2627,cam1_20260503_042955.jpg,ambient,2629,cam1_20260503_043000.jpg,,1,26.8,59,75,6636,0,15,0.0,65.0,0,0.0,8,110.6,13.8,1.1,0.1,0,0,0,,2026-05-03 10:30:01
4693,,LOT-20260425-651F-008,,,,Arugula,,2631,cam1_20260503_044455.jpg,ambient,2633,cam1_20260503_044500.jpg,,1,26.7,60,47.8,6636,0,15,0.0,65.0,0,0.0,8,110.6,13.8,1.1,0.1,0,0,0,,2026-05-03 10:45:01
4701,,LOT-20260425-651F-008,,,,Arugula,,2635,cam1_20260503_045955.jpg,ambient,2637,cam1_20260503_050000.jpg,,1,27.2,61,47.1,6636,0,15,0.0,65.0,0,0.0,8,110.6,13.8,1.1,0.1,0,0,0,,2026-05-03 11:00:01
4709,,LOT-20260425-651F-008,,,,Arugula,,2639,cam1_20260503_051455.jpg,ambient,2641,cam1_20260503_051500.jpg,,1,26.8,61,47.6,6636,0,15,0.0,65.0,0,0.0,8,110.6,13.8,1.1,0.1,0,0,0,,2026-05-03 11:15:01
4717,,LOT-20260425-651F-008,,,,Arugula,,2643,cam1_20260503_053055.jpg,ambient,2645,cam1_20260503_053100.jpg,,1,27.2,60,49.1,6636,0,15,0.0,65.0,0,0.0,8,110.6,13.8,1.1,0.1,0,0,0,,2026-05-03 11:31:01
4725,,LOT-20260425-651F-008,,,,Arugula,,2647,cam1_20260503_054555.jpg,ambient,2649,cam1_20260503_054600.jpg,,1,26.8,60,48.9,6636,0,15,0.0,65.0,0,0.0,8,110.6,13.8,1.1,0.1,0,0,0,,2026-05-03 11:46:01
4733,,LOT-20260425-651F-008,,,,Arugula,,2651,cam1_20260503_060055.jpg,ambient,2653,cam1_20260503_060100.jpg,,1,27.2,60,47.4,6636,0,15,0.0,65.0,0,0.0,8,110.6,13.8,1.1,0.1,0,0,0,,2026-05-03 12:01:01
4741,,LOT-20260425-651F-008,,,,Arugula,,2655,cam1_20260503_061555.jpg,ambient,2657,cam1_20260503_061600.jpg,,1,27,60,48.1,6636,0,15,0.0,65.0,0,0.0,8,110.6,13.8,1.1,0.1,0,0,0,,2026-05-03 12:16:01
4749,,LOT-20260425-651F-008,,,,Arugula,,2659,cam1_20260503_063055.jpg,ambient,2661,cam1_20260503_063100.jpg,,1,26.9,62,49,6636,0,15,0.0,65.0,0,0.0,8,110.6,13.8,1.1,0.1,0,0,0,,2026-05-03 12:31:01
4757,,LOT-20260425-651F-008,,,,Arugula,,2663,cam1_20260503_064555.jpg,ambient,2665,cam1_20260503_064600.jpg,,1,26.8,60,48.4,6636,0,15,0.0,65.0,0,0.0,8,110.6,13.8,1.1,0.1,0,0,0,,2026-05-03 12:46:01
4765,,LOT-20260425-651F-008,,,,Arugula,,2667,cam1_20260503_070056.jpg,ambient,2669,cam1_20260503_070100.jpg,,1,26.9,61,46.5,6636,0,15,0.0,65.0,0,0.0,8,110.6,13.8,1.1,0.1,0,0,0,,2026-05-03 13:01:01
4773,,LOT-20260425-651F-008,,,,Arugula,,2671,cam1_20260503_071555.jpg,ambient,2673,cam1_20260503_071600.jpg,,1,26.9,59,49.5,6636,0,15,0.0,65.0,0,0.0,8,110.6,13.8,1.1,0.1,0,0,0,,2026-05-03 13:16:01
4781,,LOT-20260425-651F-008,,,,Arugula,,2675,cam1_20260503_073056.jpg,ambient,2677,cam1_20260503_073100.jpg,,1,26.8,59,47.1,6636,0,15,0.0,65.0,0,0.0,8,110.6,13.8,1.1,0.1,0,0,0,,2026-05-03 13:31:01
4789,,LOT-20260425-651F-008,,,,Arugula,,2679,cam1_20260503_074555.jpg,ambient,2681,cam1_20260503_074600.jpg,,1,26.7,60,48.9,6636,0,15,0.0,65.0,0,0.0,8,110.6,13.8,1.1,0.1,0,0,0,,2026-05-03 13:46:01
4797,,LOT-20260425-651F-008,,,,Arugula,,2683,cam1_20260503_080055.jpg,ambient,2685,cam1_20260503_080100.jpg,,1,26.5,57,48.9,6637,0,15,0.0,65.0,0,0.0,8,110.6,13.8,1.1,0.1,0,0,0,,2026-05-03 14:01:01
4805,,LOT-20260425-651F-008,,,,Arugula,,2687,cam1_20260503_081555.jpg,ambient,2689,cam1_20260503_081600.jpg,,1,27.2,57,48.7,6652,0,15,0.0,65.0,0,0.0,8,110.9,13.9,1.1,0.1,0,0,0,,2026-05-03 14:16:01
4813,,LOT-20260425-651F-008,,,,Arugula,,2691,cam1_20260503_083055.jpg,ambient,2693,cam1_20260503_083100.jpg,,1,27.4,55,47.6,6667,0,15,0.0,65.0,0,0.0,8,111.1,13.9,1.1,0.1,0,0,0,,2026-05-03 14:31:01
4821,,LOT-20260425-651F-008,,,,Arugula,,2695,cam1_20260503_084555.jpg,ambient,2697,cam1_20260503_084600.jpg,,1,27.5,56,49.6,6682,0,15,0.0,65.0,0,0.0,8,111.4,13.9,1.1,0.1,0,0,0,,2026-05-03 14:46:01
4829,,LOT-20260425-651F-008,,,,Arugula,,2699,cam1_20260503_090055.jpg,ambient,2701,cam1_20260503_090100.jpg,,1,27.6,56,49,6697,0,15,0.0,65.0,0,0.0,8,111.6,14.0,1.1,0.1,0,0,0,,2026-05-03 15:01:01
4837,,LOT-20260425-651F-008,,,,Arugula,,2703,cam1_20260503_091555.jpg,ambient,2705,cam1_20260503_091600.jpg,,1,27.6,55,47.2,6712,0,15,0.0,65.0,0,0.0,8,111.9,14.0,1.1,0.1,0,0,0,,2026-05-03 15:16:01
4845,,LOT-20260425-651F-008,,,,Arugula,,2707,cam1_20260503_093055.jpg,ambient,2709,cam1_20260503_093100.jpg,,1,27.8,56,46.4,6727,0,15,0.0,65.0,0,0.0,8,112.1,14.0,1.1,0.1,0,0,0,,2026-05-03 15:31:01
4853,,LOT-20260425-651F-008,,,,Arugula,,2711,cam1_20260503_094555.jpg,ambient,2713,cam1_20260503_094600.jpg,,1,27.9,55,61.6,6741,0,15,0.0,65.0,0,0.0,8,112.3,14.0,1.1,0.1,0,0,0,,2026-05-03 15:46:01
4861,,LOT-20260425-651F-008,,,,Arugula,,2715,cam1_20260503_100055.jpg,ambient,2717,cam1_20260503_100100.jpg,,1,28,58,50.9,6756,0,15,0.0,65.0,0,0.0,8,112.6,14.1,1.1,0.1,0,0,0,,2026-05-03 16:01:01
4869,,LOT-20260425-651F-008,,,,Arugula,,2719,cam1_20260503_101555.jpg,ambient,2721,cam1_20260503_101600.jpg,,1,28.1,57,49.9,6771,0,15,0.0,65.0,0,0.0,8,112.8,14.1,1.1,0.1,0,0,0,,2026-05-03 16:16:01
4877,,LOT-20260425-651F-008,,,,Arugula,,2723,cam1_20260503_103055.jpg,ambient,2725,cam1_20260503_103100.jpg,,1,28.2,56,48.4,6786,0,15,0.0,65.0,0,0.0,8,113.1,14.1,1.1,0.1,0,0,0,,2026-05-03 16:31:01
4885,,LOT-20260425-651F-008,,,,Arugula,,2727,cam1_20260503_104555.jpg,ambient,2729,cam1_20260503_104600.jpg,,1,28.2,53,48.4,6801,0,15,0.0,65.0,0,0.0,8,113.3,14.2,1.1,0.1,0,0,0,,2026-05-03 16:46:01
4893,,LOT-20260425-651F-008,,,,Arugula,,2731,cam1_20260503_110055.jpg,ambient,2733,cam1_20260503_110100.jpg,,1,28.2,55,49,6816,0,15,0.0,65.0,0,0.0,8,113.6,14.2,1.1,0.1,0,0,0,,2026-05-03 17:01:01
4901,,LOT-20260425-651F-008,,,,Arugula,,2735,cam1_20260503_111556.jpg,ambient,2737,cam1_20260503_111600.jpg,,1,28.5,54,48.9,6831,0,15,0.0,65.0,0,0.0,8,113.8,14.2,1.1,0.1,0,0,0,,2026-05-03 17:16:01
4909,,LOT-20260425-651F-008,,,,Arugula,,2739,cam1_20260503_113056.jpg,ambient,2741,cam1_20260503_113100.jpg,,1,28.5,51,49,6846,0,15,0.0,65.0,0,0.0,8,114.1,14.3,1.1,0.1,0,0,0,,2026-05-03 17:31:01
4917,,LOT-20260425-651F-008,,,,Arugula,,2743,cam1_20260503_114556.jpg,ambient,2745,cam1_20260503_114600.jpg,,1,28.5,50,49,6861,0,15,0.0,65.0,0,0.0,8,114.3,14.3,1.1,0.1,0,0,0,,2026-05-03 17:46:01
4925,,LOT-20260425-651F-008,,,,Arugula,,2747,cam1_20260503_120056.jpg,ambient,2749,cam1_20260503_120100.jpg,,1,28.7,56,48.6,6876,0,15,0.0,65.0,0,0.0,8,114.6,14.3,1.1,0.1,0,0,0,,2026-05-03 18:01:01
4933,,LOT-20260425-651F-008,,,,Arugula,,2751,cam1_20260503_121555.jpg,ambient,2753,cam1_20260503_121600.jpg,,1,28.8,53,47.8,6891,0,15,0.0,65.0,0,0.0,8,114.8,14.4,1.1,0.1,0,0,0,,2026-05-03 18:16:01
4941,,LOT-20260425-651F-008,,,,Arugula,,2755,cam1_20260503_123056.jpg,ambient,2757,cam1_20260503_123100.jpg,,1,28.8,53,48.1,6906,0,15,0.0,65.0,0,0.0,8,115.1,14.4,1.1,0.1,0,0,0,,2026-05-03 18:31:01
4949,,LOT-20260425-651F-008,,,,Arugula,,2759,cam1_20260503_124555.jpg,ambient,2761,cam1_20260503_124600.jpg,,1,28.8,54,48.1,6921,0,15,0.0,65.0,0,0.0,8,115.3,14.4,1.1,0.1,0,0,0,,2026-05-03 18:46:01
4957,,LOT-20260425-651F-008,,,,Arugula,,2763,cam1_20260503_130056.jpg,ambient,2765,cam1_20260503_130100.jpg,,1,28.8,53,47.5,6935,0,15,0.0,65.0,0,0.0,8,115.6,14.4,1.1,0.1,0,0,0,,2026-05-03 19:01:01
4965,,LOT-20260425-651F-008,,,,Arugula,,2767,cam1_20260503_131556.jpg,ambient,2769,cam1_20260503_131600.jpg,,1,28.7,49,47.5,6950,0,15,0.0,65.0,0,0.0,8,115.8,14.5,1.1,0.1,0,0,0,,2026-05-03 19:16:01
4973,,LOT-20260425-651F-008,,,,Arugula,,2771,cam1_20260503_133056.jpg,ambient,2773,cam1_20260503_133100.jpg,,1,28.8,53,47,6965,0,15,0.0,65.0,0,0.0,8,116.1,14.5,1.1,0.1,0,0,0,,2026-05-03 19:31:01
4981,,LOT-20260425-651F-008,,,,Arugula,,2775,cam1_20260503_134556.jpg,ambient,2777,cam1_20260503_134600.jpg,,1,29,52,47,6980,0,15,0.0,65.0,0,0.0,8,116.3,14.5,1.1,0.1,0,0,0,,2026-05-03 19:46:01
4989,,LOT-20260425-651F-008,,,,Arugula,,2779,cam1_20260503_140056.jpg,ambient,2781,cam1_20260503_140100.jpg,,1,28.9,48,46.7,6995,0,15,0.0,65.0,0,0.0,8,116.6,14.6,1.1,0.1,0,0,0,,2026-05-03 20:01:01
4997,,LOT-20260425-651F-008,,,,Arugula,,2783,cam1_20260503_141556.jpg,ambient,2785,cam1_20260503_141600.jpg,,1,28.9,45,44.1,7010,0,15,0.0,65.0,0,0.0,8,116.8,14.6,1.1,0.1,0,0,0,,2026-05-03 20:16:01
5005,,LOT-20260425-651F-008,,,,Arugula,,2787,cam1_20260503_143056.jpg,ambient,2789,cam1_20260503_143100.jpg,,1,28.9,52,45.8,7025,0,15,0.0,65.0,0,0.0,8,117.1,14.6,1.1,0.1,0,0,0,,2026-05-03 20:31:01
5013,,LOT-20260425-651F-008,,,,Arugula,,2791,cam1_20260503_144556.jpg,ambient,2793,cam1_20260503_144600.jpg,,1,28.9,44,46.1,7040,0,15,0.0,65.0,0,0.0,8,117.3,14.7,1.1,0.1,0,0,0,,2026-05-03 20:46:01
5021,,LOT-20260425-651F-008,,,,Arugula,,2795,cam1_20260503_150056.jpg,ambient,2797,cam1_20260503_150100.jpg,,1,29,46,45.7,7055,0,15,0.0,65.0,0,0.0,8,117.6,14.7,1.1,0.1,0,0,0,,2026-05-03 21:01:01
5029,,LOT-20260425-651F-008,,,,Arugula,,2799,cam1_20260503_151556.jpg,ambient,2801,cam1_20260503_151600.jpg,,1,29,50,45.7,7070,0,15,0.0,65.0,0,0.0,8,117.8,14.7,1.1,0.1,0,0,0,,2026-05-03 21:16:01
5037,,LOT-20260425-651F-008,,,,Arugula,,2803,cam1_20260503_153056.jpg,ambient,2805,cam1_20260503_153100.jpg,,1,29.2,49,45.3,7085,0,15,0.0,65.0,0,0.0,8,118.1,14.8,1.1,0.1,0,0,0,,2026-05-03 21:31:01
5045,,LOT-20260425-651F-008,,,,Arugula,,2807,cam1_20260503_154556.jpg,ambient,2809,cam1_20260503_154600.jpg,,1,29.3,48,45.2,7100,0,15,0.0,65.0,0,0.0,8,118.3,14.8,1.1,0.1,0,0,0,,2026-05-03 21:46:01
5053,,LOT-20260425-651F-008,,,,Arugula,,2811,cam1_20260503_160056.jpg,ambient,2813,cam1_20260503_160100.jpg,,1,29.3,46,44.6,7114,0,15,0.0,65.0,0,0.0,8,118.6,14.8,1.1,0.1,0,0,0,,2026-05-03 22:01:01
5061,,LOT-20260425-651F-008,,,,Arugula,,2815,cam1_20260503_161556.jpg,ambient,2817,cam1_20260503_161600.jpg,,1,29.4,47,44.3,7129,0,15,0.0,65.0,0,0.0,8,118.8,14.9,1.1,0.1,0,0,0,,2026-05-03 22:16:01
5069,,LOT-20260425-651F-008,,,,Arugula,,2819,cam1_20260503_163056.jpg,ambient,2821,cam1_20260503_163100.jpg,,1,29.4,47,44,7144,0,15,0.0,65.0,0,0.0,8,119.1,14.9,1.1,0.1,0,0,0,,2026-05-03 22:31:01
5077,,LOT-20260425-651F-008,,,,Arugula,,2823,cam1_20260503_164556.jpg,ambient,2825,cam1_20260503_164600.jpg,,1,29.5,45,44.3,7159,0,15,0.0,65.0,0,0.0,8,119.3,14.9,1.1,0.1,0,0,0,,2026-05-03 22:46:01
5085,,LOT-20260425-651F-008,,,,Arugula,,2827,cam1_20260503_170056.jpg,ambient,2829,cam1_20260503_170100.jpg,,1,29.5,44,43.5,7174,0,15,0.0,65.0,0,0.0,8,119.6,14.9,1.1,0.1,0,0,0,,2026-05-03 23:01:01
5093,,LOT-20260425-651F-008,,,,Arugula,,2831,cam1_20260503_171556.jpg,ambient,2833,cam1_20260503_171600.jpg,,1,29.5,48,43.4,7189,0,15,0.0,65.0,0,0.0,8,119.8,15.0,1.1,0.1,0,0,0,,2026-05-03 23:16:01
5101,,LOT-20260425-651F-008,,,,Arugula,,2835,cam1_20260503_173056.jpg,ambient,2837,cam1_20260503_173100.jpg,,1,29.5,38,41,7204,0,15,0.0,65.0,0,0.0,8,120.1,15.0,1.1,0.1,0,0,0,,2026-05-03 23:31:01
5109,,LOT-20260425-651F-008,,,,Arugula,,2839,cam1_20260503_174556.jpg,ambient,2841,cam1_20260503_174600.jpg,,1,29.5,44,42.2,7219,0,15,0.0,65.0,0,0.0,8,120.3,15.0,1.1,0.1,0,0,0,,2026-05-03 23:46:01
5117,,LOT-20260425-651F-008,,,,Arugula,,2843,cam1_20260503_180056.jpg,ambient,2845,cam1_20260503_180100.jpg,,1,29.5,46,41.7,7234,1,15,15.0,65.0,0,0.0,9,120.6,13.4,1.1,0.1,0,0,0,,2026-05-04 00:01:02
5125,,LOT-20260425-651F-008,,,,Arugula,,2847,cam1_20260503_181556.jpg,ambient,2849,cam1_20260503_181600.jpg,,1,29.6,43,42.2,7249,0,15,0.0,65.0,0,0.0,9,120.8,13.4,1.1,0.1,0,0,0,,2026-05-04 00:16:01
5133,,LOT-20260425-651F-008,,,,Arugula,,2851,cam1_20260503_183056.jpg,ambient,2853,cam1_20260503_183100.jpg,,1,29.3,38,41.6,7264,0,15,0.0,65.0,0,0.0,9,121.1,13.5,1.1,0.1,0,0,0,,2026-05-04 00:31:01
5157,,LOT-20260425-651F-008,,,,Arugula,,2863,cam1_20260503_191556.jpg,ambient,2865,cam1_20260503_191600.jpg,,1,28.4,42,39.8,7308,0,15,0.0,65.0,0,0.0,9,121.8,13.5,1.1,0.1,0,0,0,,2026-05-04 01:16:01
5165,,LOT-20260425-651F-008,,,,Arugula,,2867,cam1_20260503_193056.jpg,ambient,2869,cam1_20260503_193100.jpg,,1,28,41,38.8,7323,0,15,0.0,65.0,0,0.0,9,122.0,13.6,1.1,0.1,0,0,0,,2026-05-04 01:31:01
5173,,LOT-20260425-651F-008,,,,Arugula,,2871,cam1_20260503_194556.jpg,ambient,2873,cam1_20260503_194600.jpg,,1,27.8,41,38.1,7338,0,15,0.0,65.0,0,0.0,9,122.3,13.6,1.1,0.1,0,0,0,,2026-05-04 01:46:01
5181,,LOT-20260425-651F-008,,,,Arugula,,2875,cam1_20260503_200056.jpg,ambient,2877,cam1_20260503_200100.jpg,,1,27.7,41,37.5,7353,0,15,0.0,65.0,0,0.0,9,122.5,13.6,1.1,0.1,0,0,0,,2026-05-04 02:01:01
5189,,LOT-20260425-651F-008,,,,Arugula,,2879,cam1_20260503_201556.jpg,ambient,2881,cam1_20260503_201600.jpg,,1,27.4,43,35.3,7353,0,15,0.0,65.0,0,0.0,9,122.5,13.6,1.1,0.1,0,0,0,,2026-05-04 02:16:01
5197,,LOT-20260425-651F-008,,,,Arugula,,2883,cam1_20260503_203056.jpg,ambient,2885,cam1_20260503_203100.jpg,,1,26.9,42,35.4,7353,0,15,0.0,65.0,0,0.0,9,122.5,13.6,1.1,0.1,0,0,0,,2026-05-04 02:31:01
5205,,LOT-20260425-651F-008,,,,Arugula,,2887,cam1_20260503_204556.jpg,ambient,2889,cam1_20260503_204600.jpg,,1,27.4,55,34.6,7353,0,15,0.0,65.0,0,0.0,9,122.5,13.6,1.1,0.1,0,0,0,,2026-05-04 02:46:02
5213,,LOT-20260425-651F-008,,,,Arugula,,2891,cam1_20260503_210056.jpg,ambient,2893,cam1_20260503_210100.jpg,,1,27.6,52,33.7,7353,0,15,0.0,65.0,0,0.0,9,122.5,13.6,1.1,0.1,0,0,0,,2026-05-04 03:01:01
5221,,LOT-20260425-651F-008,,,,Arugula,,2895,cam1_20260503_211556.jpg,ambient,2897,cam1_20260503_211600.jpg,,1,27.7,54,33.6,7353,0,15,0.0,65.0,0,0.0,9,122.5,13.6,1.1,0.1,0,0,0,,2026-05-04 03:16:01
5229,,LOT-20260425-651F-008,,,,Arugula,,2899,cam1_20260503_213056.jpg,ambient,2901,cam1_20260503_213100.jpg,,1,27.7,55,33.6,7353,0,15,0.0,65.0,0,0.0,9,122.5,13.6,1.1,0.1,0,0,0,,2026-05-04 03:31:01
5237,,LOT-20260425-651F-008,,,,Arugula,,2903,cam1_20260503_214556.jpg,ambient,2905,cam1_20260503_214600.jpg,,1,28,55,33.4,7353,0,15,0.0,65.0,0,0.0,9,122.5,13.6,1.1,0.1,0,0,0,,2026-05-04 03:46:01
5245,,LOT-20260425-651F-008,,,,Arugula,,2907,cam1_20260503_220056.jpg,ambient,2909,cam1_20260503_220100.jpg,,1,27.9,54,32.4,7353,0,15,0.0,65.0,0,0.0,9,122.5,13.6,1.1,0.1,0,0,0,,2026-05-04 04:01:01
5253,,LOT-20260425-651F-008,,,,Arugula,,2911,cam1_20260503_221556.jpg,ambient,2913,cam1_20260503_221601.jpg,,1,27.8,56,31.5,7353,0,15,0.0,65.0,0,0.0,9,122.5,13.6,1.1,0.1,0,0,0,,2026-05-04 04:16:02
5261,,LOT-20260425-651F-008,,,,Arugula,,2915,cam1_20260503_223056.jpg,ambient,2917,cam1_20260503_223100.jpg,,1,27.7,54,31.6,7353,0,15,0.0,65.0,0,0.0,9,122.5,13.6,1.1,0.1,0,0,0,,2026-05-04 04:31:01
5269,,LOT-20260425-651F-008,,,,Arugula,,2919,cam1_20260503_224559.jpg,ambient,2921,cam1_20260503_224603.jpg,,1,27.3,46,27.7,7353,0,15,0.0,65.0,0,0.0,9,122.5,13.6,1.1,0.1,0,0,0,,2026-05-04 04:46:04
5277,,LOT-20260425-651F-008,,,,Arugula,,2923,cam1_20260503_230056.jpg,ambient,2925,cam1_20260503_230100.jpg,,1,26.8,44,28.4,7353,0,15,0.0,65.0,0,0.0,9,122.5,13.6,1.1,0.1,0,0,0,,2026-05-04 05:01:01
5285,,LOT-20260425-651F-008,,,,Arugula,,2927,cam1_20260503_231556.jpg,ambient,2929,cam1_20260503_231600.jpg,,1,26.6,48,29.4,7354,0,15,0.0,65.0,0,0.0,9,122.6,13.6,1.1,0.1,0,0,0,,2026-05-04 05:16:01
5293,,LOT-20260425-651F-008,,,,Arugula,,2931,cam1_20260503_233056.jpg,ambient,2933,cam1_20260503_233100.jpg,,1,26.3,48,26.3,7354,0,15,0.0,65.0,0,0.0,9,122.6,13.6,1.1,0.1,0,0,0,,2026-05-04 05:31:01
5301,,LOT-20260425-651F-008,,,,Arugula,,2935,cam1_20260503_234556.jpg,ambient,2937,cam1_20260503_234600.jpg,,1,26.4,49,27.2,7354,0,15,0.0,65.0,0,0.0,9,122.6,13.6,1.1,0.1,0,0,0,,2026-05-04 05:46:01
5309,,LOT-20260425-651F-008,,,,Arugula,,2939,cam1_20260504_000056.jpg,ambient,2941,cam1_20260504_000100.jpg,,1,26.2,49,26.5,7354,0,15,0.0,65.0,0,0.0,9,122.6,13.6,1.1,0.1,0,0,0,,2026-05-04 06:01:01
5317,,LOT-20260425-651F-008,,,,Arugula,,2943,cam1_20260504_001556.jpg,ambient,2945,cam1_20260504_001600.jpg,,1,26.1,49,21.9,7354,0,15,0.0,65.0,0,0.0,9,122.6,13.6,1.1,0.1,0,0,0,,2026-05-04 06:16:01
5325,,LOT-20260425-651F-008,,,,Arugula,,2947,cam1_20260504_003056.jpg,ambient,2949,cam1_20260504_003100.jpg,,1,26,49,24.8,7354,0,15,0.0,65.0,0,0.0,9,122.6,13.6,1.1,0.1,0,0,0,,2026-05-04 06:31:01
5333,,LOT-20260425-651F-008,,,,Arugula,,2951,cam1_20260504_004556.jpg,ambient,2953,cam1_20260504_004600.jpg,,1,25.9,47,20.3,7354,0,15,0.0,65.0,0,0.0,9,122.6,13.6,1.1,0.1,0,0,0,,2026-05-04 06:46:01
5341,,LOT-20260425-651F-008,,,,Arugula,,2955,cam1_20260504_010056.jpg,ambient,2957,cam1_20260504_010100.jpg,,1,25.7,47,20,7354,0,15,0.0,65.0,0,0.0,9,122.6,13.6,1.1,0.1,0,0,0,,2026-05-04 07:01:01
5349,,LOT-20260425-651F-008,,,,Arugula,,2959,cam1_20260504_011556.jpg,ambient,2961,cam1_20260504_011601.jpg,,1,26.2,59,22.3,7354,0,15,0.0,65.0,0,0.0,9,122.6,13.6,1.1,0.1,0,0,0,,2026-05-04 07:16:02
5357,,LOT-20260425-651F-008,,,,Arugula,,2963,cam1_20260504_013056.jpg,ambient,2965,cam1_20260504_013111.jpg,,1,26.6,61,18.8,7354,0,15,0.0,65.0,0,0.0,9,122.6,13.6,1.1,0.1,0,0,0,,2026-05-04 07:31:12
5365,,LOT-20260425-651F-008,,,,Arugula,,2967,cam1_20260504_014556.jpg,ambient,2969,cam1_20260504_014600.jpg,,1,26.7,61,17.3,7354,0,15,0.0,65.0,0,0.0,9,122.6,13.6,1.1,0.1,0,0,0,,2026-05-04 07:46:01
5373,,LOT-20260425-651F-008,,,,Arugula,,2971,cam1_20260504_020056.jpg,ambient,2973,cam1_20260504_020101.jpg,,1,27,60,22.4,7354,0,15,0.0,65.0,0,0.0,9,122.6,13.6,1.1,0.1,0,0,0,,2026-05-04 08:01:02
5381,,LOT-20260425-651F-008,,,,Arugula,,2975,cam1_20260504_021556.jpg,ambient,2977,cam1_20260504_021601.jpg,,1,27.2,60,21.8,7354,0,15,0.0,65.0,0,0.0,9,122.6,13.6,1.1,0.1,0,0,0,,2026-05-04 08:16:02
5389,,LOT-20260425-651F-008,,,,Arugula,,2979,cam1_20260504_023056.jpg,ambient,2981,cam1_20260504_023101.jpg,,1,26.8,60,21.1,7354,0,15,0.0,65.0,0,0.0,9,122.6,13.6,1.1,0.1,0,0,0,,2026-05-04 08:31:02
5397,,LOT-20260425-651F-008,,,,Arugula,,2983,cam1_20260504_024556.jpg,ambient,2985,cam1_20260504_024601.jpg,,1,26.7,60,21.2,7354,0,15,0.0,65.0,0,0.0,9,122.6,13.6,1.1,0.1,0,0,0,,2026-05-04 08:46:02
5405,,LOT-20260425-651F-008,,,,Arugula,,2987,cam1_20260504_030056.jpg,ambient,2989,cam1_20260504_030101.jpg,,1,27,60,20.6,7355,0,15,0.0,65.0,0,0.0,9,122.6,13.6,1.1,0.1,0,0,0,,2026-05-04 09:01:02
5413,,LOT-20260425-651F-008,,,,Arugula,,2991,cam1_20260504_031556.jpg,ambient,2993,cam1_20260504_031601.jpg,,1,26.8,59,21.2,7355,0,15,0.0,65.0,0,0.0,9,122.6,13.6,1.1,0.1,0,0,0,,2026-05-04 09:16:02
5421,,LOT-20260425-651F-008,,,,Arugula,,2995,cam1_20260504_033056.jpg,ambient,2997,cam1_20260504_033101.jpg,,1,27.1,60,17,7355,0,15,0.0,65.0,0,0.0,9,122.6,13.6,1.1,0.1,0,0,0,,2026-05-04 09:31:02
5429,,LOT-20260425-651F-008,,,,Arugula,,2999,cam1_20260504_034556.jpg,ambient,3001,cam1_20260504_034601.jpg,,1,26.8,59,16.8,7355,0,15,0.0,65.0,0,0.0,9,122.6,13.6,1.1,0.1,0,0,0,,2026-05-04 09:46:03
5437,,LOT-20260425-651F-008,,,,Arugula,,3003,cam1_20260504_040056.jpg,ambient,3005,cam1_20260504_040101.jpg,,1,26.8,58,18.1,7355,0,15,0.0,65.0,0,0.0,9,122.6,13.6,1.1,0.1,0,0,0,,2026-05-04 10:01:02
5445,,LOT-20260425-651F-008,,,,Arugula,,3007,cam1_20260504_041557.jpg,ambient,3009,cam1_20260504_041601.jpg,,1,26.8,58,16.7,7355,0,15,0.0,65.0,0,0.0,9,122.6,13.6,1.1,0.1,0,0,0,,2026-05-04 10:16:02
5453,,LOT-20260425-651F-008,,,,Arugula,,3011,cam1_20260504_043056.jpg,ambient,3013,cam1_20260504_043101.jpg,,1,27,56,17.4,7355,0,15,0.0,65.0,0,0.0,9,122.6,13.6,1.1,0.1,0,0,0,,2026-05-04 10:31:02
5461,,LOT-20260425-651F-008,,,,Arugula,,3015,cam1_20260504_044556.jpg,ambient,3017,cam1_20260504_044600.jpg,,1,26.8,58,16.5,7355,0,15,0.0,65.0,0,0.0,9,122.6,13.6,1.1,0.1,0,0,0,,2026-05-04 10:46:02
5469,,LOT-20260425-651F-008,,,,Arugula,,3019,cam1_20260504_050057.jpg,ambient,3021,cam1_20260504_050101.jpg,,1,27,58,17.3,7355,0,15,0.0,65.0,0,0.0,9,122.6,13.6,1.1,0.1,0,0,0,,2026-05-04 11:01:02
5477,,LOT-20260425-651F-008,,,,Arugula,,3023,cam1_20260504_051556.jpg,ambient,3025,cam1_20260504_051600.jpg,,1,26.7,58,16,7355,0,15,0.0,65.0,0,0.0,9,122.6,13.6,1.1,0.1,0,0,0,,2026-05-04 11:16:02
5485,,LOT-20260425-651F-008,,,,Arugula,,3027,cam1_20260504_053056.jpg,ambient,3029,cam1_20260504_053100.jpg,,1,26.7,57,15.7,7355,0,15,0.0,65.0,0,0.0,9,122.6,13.6,1.1,0.1,0,0,0,,2026-05-04 11:31:02
5493,,LOT-20260425-651F-008,,,,Arugula,,3031,cam1_20260504_054556.jpg,ambient,3033,cam1_20260504_054601.jpg,,1,26.7,56,15.8,7355,0,15,0.0,65.0,0,0.0,9,122.6,13.6,1.1,0.1,0,0,0,,2026-05-04 11:46:02
5501,,LOT-20260425-651F-008,,,,Arugula,,3035,cam1_20260504_060056.jpg,ambient,3037,cam1_20260504_060100.jpg,,1,26.5,57,15.8,7355,0,15,0.0,65.0,0,0.0,9,122.6,13.6,1.1,0.1,0,0,0,,2026-05-04 12:01:02
5509,,LOT-20260425-651F-008,,,,Arugula,,3039,cam1_20260504_061556.jpg,ambient,3041,cam1_20260504_061601.jpg,,1,26.6,58,15.5,7355,0,15,0.0,65.0,0,0.0,9,122.6,13.6,1.1,0.1,0,0,0,,2026-05-04 12:16:02
5517,,LOT-20260425-651F-008,,,,Arugula,,3043,cam1_20260504_063056.jpg,ambient,3045,cam1_20260504_063101.jpg,,1,26.6,57,15.7,7355,0,15,0.0,65.0,0,0.0,9,122.6,13.6,1.1,0.1,0,0,0,,2026-05-04 12:31:02
5525,,LOT-20260425-651F-008,,,,Arugula,,3047,cam1_20260504_064556.jpg,ambient,3049,cam1_20260504_064601.jpg,,1,26.3,56,15.7,7355,0,15,0.0,65.0,0,0.0,9,122.6,13.6,1.1,0.1,0,0,0,,2026-05-04 12:46:02
5533,,LOT-20260425-651F-008,,,,Arugula,,3051,cam1_20260504_070056.jpg,ambient,3053,cam1_20260504_070100.jpg,,1,26.5,58,15.1,7355,0,15,0.0,65.0,0,0.0,9,122.6,13.6,1.1,0.1,0,0,0,,2026-05-04 13:01:01
5541,,LOT-20260425-651F-008,,,,Arugula,,3055,cam1_20260504_071556.jpg,ambient,3057,cam1_20260504_071601.jpg,,1,26.2,57,15,7355,0,15,0.0,65.0,0,0.0,9,122.6,13.6,1.1,0.1,0,0,0,,2026-05-04 13:16:02
5549,,LOT-20260425-651F-008,,,,Arugula,,3059,cam1_20260504_073056.jpg,ambient,3061,cam1_20260504_073101.jpg,,1,26.2,59,14.8,7355,0,15,0.0,65.0,0,0.0,9,122.6,13.6,1.1,0.1,0,0,0,,2026-05-04 13:31:02
5557,,LOT-20260425-651F-008,,,,Arugula,,3063,cam1_20260504_074556.jpg,ambient,3065,cam1_20260504_074601.jpg,,1,26.6,59,14.7,7355,0,15,0.0,65.0,0,0.0,9,122.6,13.6,1.1,0.1,0,0,0,,2026-05-04 13:46:02
5565,,LOT-20260425-651F-008,,,,Arugula,,3067,cam1_20260504_080056.jpg,ambient,3069,cam1_20260504_080101.jpg,,1,26.7,60,14.8,7356,0,15,0.0,65.0,0,0.0,9,122.6,13.6,1.1,0.1,0,0,0,,2026-05-04 14:01:02
5573,,LOT-20260425-651F-008,,,,Arugula,,3071,cam1_20260504_081556.jpg,ambient,3073,cam1_20260504_081601.jpg,,1,27,54,14.5,7371,0,15,0.0,65.0,0,0.0,9,122.8,13.6,1.1,0.1,0,0,0,,2026-05-04 14:16:02
5581,,LOT-20260425-651F-008,,,,Arugula,,3075,cam1_20260504_083056.jpg,ambient,3077,cam1_20260504_083101.jpg,,1,27.1,50,14.7,7386,0,15,0.0,65.0,0,0.0,9,123.1,13.7,1.1,0.1,0,0,0,,2026-05-04 14:31:02
5589,,LOT-20260425-651F-008,,,,Arugula,,3079,cam1_20260504_084556.jpg,ambient,3081,cam1_20260504_084601.jpg,,1,27.4,51,15.3,7401,0,15,0.0,65.0,0,0.0,9,123.3,13.7,1.1,0.1,0,0,0,,2026-05-04 14:46:02
5597,,LOT-20260425-651F-008,,,,Arugula,,3083,cam1_20260504_090056.jpg,ambient,3085,cam1_20260504_090100.jpg,,1,27.4,50,14.8,7416,0,15,0.0,65.0,0,0.0,9,123.6,13.7,1.1,0.1,0,0,0,,2026-05-04 15:01:02
5605,,LOT-20260425-651F-008,,,,Arugula,,3087,cam1_20260504_091556.jpg,ambient,3089,cam1_20260504_091601.jpg,,1,27.6,53,14.6,7430,0,15,0.0,65.0,0,0.0,9,123.8,13.8,1.1,0.1,0,0,0,,2026-05-04 15:16:02
5613,,LOT-20260425-651F-008,,,,Arugula,,3091,cam1_20260504_093056.jpg,ambient,3093,cam1_20260504_093101.jpg,,1,27.8,49,15,7445,0,15,0.0,65.0,0,0.0,9,124.1,13.8,1.1,0.1,0,0,0,,2026-05-04 15:31:02
5621,,LOT-20260425-651F-008,,,,Arugula,,3095,cam1_20260504_094556.jpg,ambient,3097,cam1_20260504_094601.jpg,,1,27.8,51,15.3,7460,0,15,0.0,65.0,0,0.0,9,124.3,13.8,1.1,0.1,0,0,0,,2026-05-04 15:46:02
5629,,LOT-20260425-651F-008,,,,Arugula,,3099,cam1_20260504_100056.jpg,ambient,3101,cam1_20260504_100101.jpg,,1,28,52,14.7,7475,0,15,0.0,65.0,0,0.0,9,124.6,13.8,1.1,0.1,0,0,0,,2026-05-04 16:01:02
5637,,LOT-20260425-651F-008,,,,Arugula,,3103,cam1_20260504_101557.jpg,ambient,3105,cam1_20260504_101602.jpg,,1,28.5,50,15.5,7490,0,15,0.0,65.0,0,0.0,9,124.8,13.9,1.1,0.1,0,0,0,,2026-05-04 16:16:03
5645,,LOT-20260425-651F-008,,,,Arugula,,3107,cam1_20260504_103056.jpg,ambient,3109,cam1_20260504_103101.jpg,,1,28.7,49,14.2,7505,0,15,0.0,65.0,0,0.0,9,125.1,13.9,1.1,0.1,0,0,0,,2026-05-04 16:31:02
5653,,LOT-20260425-651F-008,,,,Arugula,,3111,cam1_20260504_104556.jpg,ambient,3113,cam1_20260504_104601.jpg,,1,28.4,51,14.2,7520,0,15,0.0,65.0,0,0.0,9,125.3,13.9,1.1,0.1,0,0,0,,2026-05-04 16:46:02
5661,,LOT-20260425-651F-008,,,,Arugula,,3115,cam1_20260504_110056.jpg,ambient,3117,cam1_20260504_110101.jpg,,1,28.4,49,14.8,7535,0,15,0.0,65.0,0,0.0,9,125.6,14.0,1.1,0.1,0,0,0,,2026-05-04 17:01:02
5669,,LOT-20260425-651F-008,,,,Arugula,,3119,cam1_20260504_111559.jpg,ambient,3121,cam1_20260504_111603.jpg,,1,28.4,49,14.6,7550,0,15,0.0,65.0,0,0.0,9,125.8,14.0,1.1,0.1,0,0,0,,2026-05-04 17:16:04
5677,,LOT-20260425-651F-008,,,,Arugula,,3123,cam1_20260504_113056.jpg,ambient,3125,cam1_20260504_113101.jpg,,1,29,49,14.2,7565,0,15,0.0,65.0,0,0.0,9,126.1,14.0,1.1,0.1,0,0,0,,2026-05-04 17:31:02
5685,,LOT-20260425-651F-008,,,,Arugula,,3127,cam1_20260504_114556.jpg,ambient,3129,cam1_20260504_114601.jpg,,1,29,51,13.9,7580,0,15,0.0,65.0,0,0.0,9,126.3,14.0,1.1,0.1,0,0,0,,2026-05-04 17:46:02
5693,,LOT-20260425-651F-008,,,,Arugula,,3131,cam1_20260504_120056.jpg,ambient,3133,cam1_20260504_120101.jpg,,1,29.1,49,13.7,7594,0,15,0.0,65.0,0,0.0,9,126.6,14.1,1.1,0.1,0,0,0,,2026-05-04 18:01:02
5701,,LOT-20260425-651F-008,,,,Arugula,,3135,cam1_20260504_121557.jpg,ambient,3137,cam1_20260504_121601.jpg,,1,29.1,47,14.2,7609,0,15,0.0,65.0,0,0.0,9,126.8,14.1,1.1,0.1,0,0,0,,2026-05-04 18:16:02
5709,,LOT-20260425-651F-008,,,,Arugula,,3139,cam1_20260504_123056.jpg,ambient,3141,cam1_20260504_123101.jpg,,1,28.9,50,14.1,7624,0,15,0.0,65.0,0,0.0,9,127.1,14.1,1.1,0.1,0,0,0,,2026-05-04 18:31:02
5717,,LOT-20260425-651F-008,,,,Arugula,,3143,cam1_20260504_124556.jpg,ambient,3145,cam1_20260504_124601.jpg,,1,29.2,51,13.6,7639,0,15,0.0,65.0,0,0.0,9,127.3,14.1,1.1,0.1,0,0,0,,2026-05-04 18:46:02
5725,,LOT-20260425-651F-008,,,,Arugula,,3147,cam1_20260504_130056.jpg,ambient,3149,cam1_20260504_130101.jpg,,1,29.1,48,13.9,7654,0,15,0.0,65.0,0,0.0,9,127.6,14.2,1.1,0.1,0,0,0,,2026-05-04 19:01:02
5733,,LOT-20260425-651F-008,,,,Arugula,,3151,cam1_20260504_131556.jpg,ambient,3153,cam1_20260504_131601.jpg,,1,29.2,52,13.4,7669,0,15,0.0,65.0,0,0.0,9,127.8,14.2,1.1,0.1,0,0,0,,2026-05-04 19:16:02
5741,,LOT-20260425-651F-008,,,,Arugula,,3155,cam1_20260504_133106.jpg,ambient,3157,cam1_20260504_133112.jpg,,1,29.3,47,13.9,7684,0,15,0.0,65.0,0,0.0,9,128.1,14.2,1.1,0.1,0,0,0,,2026-05-04 19:31:13
5749,,LOT-20260425-651F-008,,,,Arugula,,3159,cam1_20260504_135931.jpg,ambient,3161,cam1_20260504_135936.jpg,,1,29,47,14.5,7713,0,15,0.0,65.0,0,0.0,9,128.6,14.3,1.1,0.1,0,0,0,,2026-05-04 19:59:37
5757,,LOT-20260425-651F-008,,,,Arugula,,3163,cam1_20260504_141547.jpg,ambient,3165,cam1_20260504_141552.jpg,,1,29.2,48,14.2,7729,0,15,0.0,65.0,0,0.0,9,128.8,14.3,1.1,0.1,0,0,0,,2026-05-04 20:15:53
5765,,LOT-20260425-651F-008,,,,Arugula,,3167,cam1_20260504_143048.jpg,ambient,3169,cam1_20260504_143053.jpg,,1,29.5,46,14,7744,0,15,0.0,65.0,0,0.0,9,129.1,14.3,1.1,0.1,0,0,0,,2026-05-04 20:30:54
5773,,LOT-20260425-651F-008,,,,Arugula,,3171,cam1_20260504_145223.jpg,ambient,3173,cam1_20260504_145228.jpg,,1,29.6,44,13.8,7765,0,15,0.0,65.0,0,0.0,9,129.4,14.4,1.1,0.1,0,0,0,,2026-05-04 20:52:29
5781,,LOT-20260425-651F-008,,,,Arugula,,3175,cam1_20260504_152219.jpg,ambient,3177,cam1_20260504_152224.jpg,,1,29.4,42,13.6,7795,0,15,0.0,65.0,0,0.0,9,129.9,14.4,1.1,0.1,0,0,0,,2026-05-04 21:22:25
5785,,LOT-20260425-651F-008,,,,Arugula,,3178,cam1_20260504_161059.jpg,ambient,3180,cam1_20260504_161102.jpg,,1,29.8,35,12.7,7844,0,15,0.0,65.0,0,0.0,9,130.7,14.5,1.1,0.1,0,0,0,,2026-05-04 22:11:03
5797,,LOT-20260425-651F-008,,,,Arugula,,3183,cam1_20260504_162643.jpg,ambient,3185,cam1_20260504_162650.jpg,,1,29.8,41,12.9,7859,0,15,0.0,65.0,0,0.0,9,131.0,14.6,1.1,0.1,0,0,0,,2026-05-04 22:26:51
5805,,LOT-20260425-651F-008,,,,Arugula,,3187,cam1_20260504_164143.jpg,ambient,3188,cam1_20260504_164201.jpg,,1,29.9,41,12.5,7874,0,15,0.0,65.0,0,0.0,9,131.2,14.6,1.1,0.1,0,0,0,,2026-05-04 22:42:03
5817,,LOT-20260425-651F-008,,,,Arugula,,3193,cam1_20260504_171154.jpg,ambient,3195,cam1_20260504_171159.jpg,,1,29.8,39,12.2,7901,0,15,0.0,65.0,0,0.0,9,131.7,14.6,1.1,0.1,0,0,0,,2026-05-04 23:12:00
5825,,LOT-20260425-651F-008,,,,Arugula,,3197,cam1_20260504_172654.jpg,ambient,3199,cam1_20260504_172659.jpg,,1,30,41,12.1,7916,0,15,0.0,65.0,0,0.0,9,131.9,14.7,1.1,0.1,0,0,0,,2026-05-04 23:27:00
5833,,LOT-20260425-651F-008,,,,Arugula,,3201,cam1_20260504_174154.jpg,ambient,3203,cam1_20260504_174158.jpg,,1,30,38,11.7,7931,0,15,0.0,65.0,0,0.0,9,132.2,14.7,1.1,0.1,0,0,0,,2026-05-04 23:41:59
5841,,LOT-20260425-651F-008,,,,Arugula,,3205,cam1_20260504_175654.jpg,ambient,3207,cam1_20260504_175659.jpg,,1,30,34,12.1,7946,0,15,0.0,65.0,0,0.0,10,132.4,13.2,1.1,0.1,0,0,0,,2026-05-04 23:57:00
5849,,LOT-20260425-651F-008,,,,Arugula,,3209,cam1_20260504_181154.jpg,ambient,3211,cam1_20260504_181159.jpg,,1,30,36,12.1,7961,1,15,15.0,65.0,0,0.0,10,132.7,13.3,1.1,0.1,0,0,0,,2026-05-05 00:12:00
5857,,LOT-20260425-651F-008,,,,Arugula,,3213,cam1_20260504_182655.jpg,ambient,3215,cam1_20260504_182659.jpg,,1,29.9,36,11.8,7976,0,15,0.0,65.0,0,0.0,10,132.9,13.3,1.1,0.1,0,0,0,,2026-05-05 00:27:00
5865,,LOT-20260425-651F-008,,,,Arugula,,3217,cam1_20260504_184154.jpg,ambient,3219,cam1_20260504_184159.jpg,,1,29.8,34,11.7,7990,0,15,0.0,65.0,0,0.0,10,133.2,13.3,1.1,0.1,0,0,0,,2026-05-05 00:42:00
5873,,LOT-20260425-651F-008,,,,Arugula,,3221,cam1_20260504_185654.jpg,ambient,3223,cam1_20260504_185659.jpg,,1,29.9,37,11.5,8005,0,15,0.0,65.0,0,0.0,10,133.4,13.3,1.1,0.1,0,0,0,,2026-05-05 00:57:00
5881,,LOT-20260425-651F-008,,,,Arugula,,3225,cam1_20260504_191154.jpg,ambient,3227,cam1_20260504_191159.jpg,,1,30,35,11.3,8020,0,15,0.0,65.0,0,0.0,10,133.7,13.4,1.1,0.1,0,0,0,,2026-05-05 01:12:00
5889,,LOT-20260425-651F-008,,,,Arugula,,3229,cam1_20260504_192654.jpg,ambient,3231,cam1_20260504_192659.jpg,,1,29.8,35,10.8,8035,0,15,0.0,65.0,0,0.0,10,133.9,13.4,1.1,0.1,0,0,0,,2026-05-05 01:27:00
5897,,LOT-20260425-651F-008,,,,Arugula,,3233,cam1_20260504_194154.jpg,ambient,3235,cam1_20260504_194159.jpg,,1,29.8,35,10.6,8050,0,15,0.0,65.0,0,0.0,10,134.2,13.4,1.1,0.1,0,0,0,,2026-05-05 01:42:00
5905,,LOT-20260425-651F-008,,,,Arugula,,3237,cam1_20260504_195654.jpg,ambient,3239,cam1_20260504_195659.jpg,,1,29.9,38,10.9,8065,0,15,0.0,65.0,0,0.0,10,134.4,13.4,1.1,0.1,0,0,0,,2026-05-05 01:57:00
5913,,LOT-20260425-651F-008,,,,Arugula,,3241,cam1_20260504_201154.jpg,ambient,3243,cam1_20260504_201159.jpg,,1,29.6,35,10.6,8068,0,15,0.0,65.0,0,0.0,10,134.5,13.4,1.1,0.1,0,0,0,,2026-05-05 02:12:00
5921,,LOT-20260425-651F-008,,,,Arugula,,3245,cam1_20260504_202654.jpg,ambient,3247,cam1_20260504_202659.jpg,,1,29.2,41,10.4,8069,0,15,0.0,65.0,0,0.0,10,134.5,13.4,1.1,0.1,0,0,0,,2026-05-05 02:27:00
5929,,LOT-20260425-651F-008,,,,Arugula,,3249,cam1_20260504_204154.jpg,ambient,3251,cam1_20260504_204159.jpg,,1,29,42,9.3,8069,0,15,0.0,65.0,0,0.0,10,134.5,13.4,1.1,0.1,0,0,0,,2026-05-05 02:42:00
5937,,LOT-20260425-651F-008,,,,Arugula,,3253,cam1_20260504_205654.jpg,ambient,3255,cam1_20260504_205659.jpg,,1,28.9,38,9.5,8069,0,15,0.0,65.0,0,0.0,10,134.5,13.4,1.1,0.1,0,0,0,,2026-05-05 02:57:00
5945,,LOT-20260425-651F-008,,,,Arugula,,3257,cam1_20260504_211154.jpg,ambient,3259,cam1_20260504_211159.jpg,,1,28.7,38,9.2,8069,0,15,0.0,65.0,0,0.0,10,134.5,13.4,1.1,0.1,0,0,0,,2026-05-05 03:12:00
5953,,LOT-20260425-651F-008,,,,Arugula,,3261,cam1_20260504_212654.jpg,ambient,3263,cam1_20260504_212659.jpg,,1,29,36,100,8077,0,15,0.0,65.0,0,0.0,10,134.6,13.5,1.1,0.1,0,0,0,,2026-05-05 03:27:00
5961,,LOT-20260425-651F-008,,,,Arugula,,3265,cam1_20260504_214154.jpg,ambient,3267,cam1_20260504_214159.jpg,,1,29.3,41,100,8091,0,15,0.0,65.0,0,0.0,10,134.8,13.5,1.1,0.1,0,0,0,,2026-05-05 03:42:00
5969,,LOT-20260425-651F-008,,,,Arugula,,3269,cam1_20260504_215655.jpg,ambient,3271,cam1_20260504_215700.jpg,,1,27.7,34,100,8106,0,15,0.0,65.0,0,0.0,10,135.1,13.5,1.1,0.1,0,0,0,,2026-05-05 03:57:01
5977,,LOT-20260425-651F-008,,,,Arugula,,3273,cam1_20260504_221155.jpg,ambient,3275,cam1_20260504_221200.jpg,,1,26.8,33,100,8121,0,15,0.0,65.0,0,0.0,10,135.3,13.5,1.1,0.1,0,0,0,,2026-05-05 04:12:01
5985,,LOT-20260425-651F-008,,,,Arugula,,3277,cam1_20260504_222655.jpg,ambient,3279,cam1_20260504_222700.jpg,,1,26.4,34,100,8136,0,15,0.0,65.0,0,0.0,10,135.6,13.6,1.1,0.1,0,0,0,,2026-05-05 04:27:01
5993,,LOT-20260425-651F-008,,,,Arugula,,3281,cam1_20260504_224155.jpg,ambient,3283,cam1_20260504_224200.jpg,,1,26.4,35,100,8151,0,15,0.0,65.0,0,0.0,10,135.8,13.6,1.1,0.1,0,0,0,,2026-05-05 04:42:01
6001,,LOT-20260425-651F-008,,,,Arugula,,3285,cam1_20260504_225655.jpg,ambient,3287,cam1_20260504_225700.jpg,,1,26.4,36,100,8166,0,15,0.0,65.0,0,0.0,10,136.1,13.6,1.1,0.1,0,0,0,,2026-05-05 04:57:01
6009,,LOT-20260425-651F-008,,,,Arugula,,3289,cam1_20260504_231155.jpg,ambient,3291,cam1_20260504_231200.jpg,,1,26.5,35,100,8181,0,15,0.0,65.0,0,0.0,10,136.3,13.6,1.1,0.1,0,0,0,,2026-05-05 05:12:01
6017,,LOT-20260425-651F-008,,,,Arugula,,3293,cam1_20260504_232655.jpg,ambient,3295,cam1_20260504_232700.jpg,,1,27.2,40,100,8196,0,15,0.0,65.0,0,0.0,10,136.6,13.7,1.1,0.1,0,0,0,,2026-05-05 05:27:01
6025,,LOT-20260425-651F-008,,,,Arugula,,3297,cam1_20260504_234156.jpg,ambient,3299,cam1_20260504_234200.jpg,,1,28.1,41,100,8211,0,15,0.0,65.0,0,0.0,10,136.8,13.7,1.1,0.1,0,0,0,,2026-05-05 05:42:01
6033,,LOT-20260425-651F-008,,,,Arugula,,3301,cam1_20260504_235656.jpg,ambient,3303,cam1_20260504_235700.jpg,,1,28.4,49,100,8226,0,15,0.0,65.0,0,0.0,10,137.1,13.7,1.1,0.1,0,0,0,,2026-05-05 05:57:01
6041,,LOT-20260425-651F-008,,,,Arugula,,3305,cam1_20260505_001156.jpg,ambient,3307,cam1_20260505_001200.jpg,,1,28.4,48,100,8241,0,15,0.0,65.0,0,0.0,10,137.3,13.7,1.1,0.1,0,0,0,,2026-05-05 06:12:01
6049,,LOT-20260425-651F-008,,,,Arugula,,3309,cam1_20260505_002656.jpg,ambient,3311,cam1_20260505_002700.jpg,,1,28.4,42,100,8256,0,15,0.0,65.0,0,0.0,10,137.6,13.8,1.1,0.1,0,0,0,,2026-05-05 06:27:01
6057,,LOT-20260425-651F-008,,,,Arugula,,3313,cam1_20260505_004156.jpg,ambient,3315,cam1_20260505_004200.jpg,,1,28.4,41,100,8271,0,15,0.0,65.0,0,0.0,10,137.8,13.8,1.1,0.1,0,0,0,,2026-05-05 06:42:01
6065,,LOT-20260425-651F-008,,,,Arugula,,3317,cam1_20260505_005655.jpg,ambient,3319,cam1_20260505_005700.jpg,,1,28.3,40,100,8286,0,15,0.0,65.0,0,0.0,10,138.1,13.8,1.1,0.1,0,0,0,,2026-05-05 06:57:01
6073,,LOT-20260425-651F-008,,,,Arugula,,3321,cam1_20260505_011156.jpg,ambient,3323,cam1_20260505_011201.jpg,,1,28.2,43,100,8301,0,15,0.0,65.0,0,0.0,10,138.3,13.8,1.1,0.1,0,0,0,,2026-05-05 07:12:02
6081,,LOT-20260425-651F-008,,,,Arugula,,3325,cam1_20260505_012656.jpg,ambient,3327,cam1_20260505_012700.jpg,,1,28.4,40,100,8315,0,15,0.0,65.0,0,0.0,10,138.6,13.9,1.1,0.1,0,0,0,,2026-05-05 07:27:01
6089,,LOT-20260425-651F-008,,,,Arugula,,3329,cam1_20260505_014156.jpg,ambient,3331,cam1_20260505_014200.jpg,,1,28.2,40,100,8330,0,15,0.0,65.0,0,0.0,10,138.8,13.9,1.1,0.1,0,0,0,,2026-05-05 07:42:01
6097,,LOT-20260425-651F-008,,,,Arugula,,3333,cam1_20260505_015656.jpg,ambient,3335,cam1_20260505_015700.jpg,,1,28.2,43,100,8345,0,15,0.0,65.0,0,0.0,10,139.1,13.9,1.1,0.1,0,0,0,,2026-05-05 07:57:01
6105,,LOT-20260425-651F-008,,,,Arugula,,3337,cam1_20260505_021156.jpg,ambient,3339,cam1_20260505_021200.jpg,,1,28.2,43,100,8360,0,15,0.0,65.0,0,0.0,10,139.3,13.9,1.1,0.1,0,0,0,,2026-05-05 08:12:01
6113,,LOT-20260425-651F-008,,,,Arugula,,3341,cam1_20260505_022656.jpg,ambient,3343,cam1_20260505_022700.jpg,,1,28.2,42,100,8375,0,15,0.0,65.0,0,0.0,10,139.6,14.0,1.1,0.1,0,0,0,,2026-05-05 08:27:01
6121,,LOT-20260425-651F-008,,,,Arugula,,3345,cam1_20260505_024156.jpg,ambient,3347,cam1_20260505_024200.jpg,,1,28.2,46,100,8390,0,15,0.0,65.0,0,0.0,10,139.8,14.0,1.1,0.1,0,0,0,,2026-05-05 08:42:01
6129,,LOT-20260425-651F-008,,,,Arugula,,3349,cam1_20260505_025656.jpg,ambient,3351,cam1_20260505_025700.jpg,,1,28.3,44,100,8405,0,15,0.0,65.0,0,0.0,10,140.1,14.0,1.1,0.1,0,0,0,,2026-05-05 08:57:01
6137,,LOT-20260425-651F-008,,,,Arugula,,3353,cam1_20260505_031156.jpg,ambient,3355,cam1_20260505_031200.jpg,,1,28.1,42,100,8420,0,15,0.0,65.0,0,0.0,10,140.3,14.0,1.1,0.1,0,0,0,,2026-05-05 09:12:01
6145,,LOT-20260425-651F-008,,,,Arugula,,3357,cam1_20260505_032656.jpg,ambient,3359,cam1_20260505_032700.jpg,,1,28.1,45,100,8435,0,15,0.0,65.0,0,0.0,10,140.6,14.1,1.1,0.1,0,0,0,,2026-05-05 09:27:01
6153,,LOT-20260425-651F-008,,,,Arugula,,3361,cam1_20260505_034156.jpg,ambient,3363,cam1_20260505_034200.jpg,,1,28,46,100,8450,0,15,0.0,65.0,0,0.0,10,140.8,14.1,1.1,0.1,0,0,0,,2026-05-05 09:42:01
6161,,LOT-20260425-651F-008,,,,Arugula,,3365,cam1_20260505_035656.jpg,ambient,3367,cam1_20260505_035700.jpg,,1,28.1,45,100,8465,0,15,0.0,65.0,0,0.0,10,141.1,14.1,1.1,0.1,0,0,0,,2026-05-05 09:57:01
6169,,LOT-20260425-651F-008,,,,Arugula,,3369,cam1_20260505_041156.jpg,ambient,3371,cam1_20260505_041200.jpg,,1,28,45,100,8480,0,15,0.0,65.0,0,0.0,10,141.3,14.1,1.1,0.1,0,0,0,,2026-05-05 10:12:01
6177,,LOT-20260425-651F-008,,,,Arugula,,3373,cam1_20260505_042656.jpg,ambient,3375,cam1_20260505_042700.jpg,,1,27.8,47,100,8495,0,15,0.0,65.0,0,0.0,10,141.6,14.2,1.1,0.1,0,0,0,,2026-05-05 10:27:01
6185,,LOT-20260425-651F-008,,,,Arugula,,3377,cam1_20260505_044156.jpg,ambient,3379,cam1_20260505_044200.jpg,,1,27.8,47,100,8510,0,15,0.0,65.0,0,0.0,10,141.8,14.2,1.1,0.1,0,0,0,,2026-05-05 10:42:01
6193,,LOT-20260425-651F-008,,,,Arugula,,3381,cam1_20260505_045656.jpg,ambient,3383,cam1_20260505_045700.jpg,,1,27.8,45,100,8524,0,15,0.0,65.0,0,0.0,10,142.1,14.2,1.1,0.1,0,0,0,,2026-05-05 10:57:01
6201,,LOT-20260425-651F-008,,,,Arugula,,3385,cam1_20260505_051156.jpg,ambient,3387,cam1_20260505_051200.jpg,,1,27.9,45,100,8539,0,15,0.0,65.0,0,0.0,10,142.3,14.2,1.1,0.1,0,0,0,,2026-05-05 11:12:01
6209,,LOT-20260425-651F-008,,,,Arugula,,3389,cam1_20260505_052656.jpg,ambient,3391,cam1_20260505_052700.jpg,,1,27.8,47,100,8554,0,15,0.0,65.0,0,0.0,10,142.6,14.3,1.1,0.1,0,0,0,,2026-05-05 11:27:01
6217,,LOT-20260425-651F-008,,,,Arugula,,3393,cam1_20260505_054156.jpg,ambient,3395,cam1_20260505_054200.jpg,,1,27.7,47,100,8569,0,15,0.0,65.0,0,0.0,10,142.8,14.3,1.1,0.1,0,0,0,,2026-05-05 11:42:01
6225,,LOT-20260425-651F-008,,,,Arugula,,3397,cam1_20260505_055656.jpg,ambient,3399,cam1_20260505_055700.jpg,,1,27.6,48,100,8584,0,15,0.0,65.0,0,0.0,10,143.1,14.3,1.1,0.1,0,0,0,,2026-05-05 11:57:01
6233,,LOT-20260425-651F-008,,,,Arugula,,3401,cam1_20260505_061156.jpg,ambient,3403,cam1_20260505_061200.jpg,,1,27.6,49,100,8599,0,15,0.0,65.0,0,0.0,10,143.3,14.3,1.1,0.1,0,0,0,,2026-05-05 12:12:01
6241,,LOT-20260425-651F-008,,,,Arugula,,3405,cam1_20260505_062656.jpg,ambient,3407,cam1_20260505_062700.jpg,,1,27.6,47,100,8614,0,15,0.0,65.0,0,0.0,10,143.6,14.4,1.1,0.1,0,0,0,,2026-05-05 12:27:01
6249,,LOT-20260425-651F-008,,,,Arugula,,3409,cam1_20260505_064156.jpg,ambient,3411,cam1_20260505_064200.jpg,,1,27.6,48,100,8629,0,15,0.0,65.0,0,0.0,10,143.8,14.4,1.1,0.1,0,0,0,,2026-05-05 12:42:01
6257,,LOT-20260425-651F-008,,,,Arugula,,3413,cam1_20260505_065656.jpg,ambient,3415,cam1_20260505_065701.jpg,,1,27.6,49,100,8644,0,15,0.0,65.0,0,0.0,10,144.1,14.4,1.1,0.1,0,0,0,,2026-05-05 12:57:02
6265,,LOT-20260425-651F-008,,,,Arugula,,3417,cam1_20260505_071156.jpg,ambient,3419,cam1_20260505_071200.jpg,,1,27.6,49,100,8659,0,15,0.0,65.0,0,0.0,10,144.3,14.4,1.1,0.1,0,0,0,,2026-05-05 13:12:01
6273,,LOT-20260425-651F-008,,,,Arugula,,3421,cam1_20260505_072656.jpg,ambient,3423,cam1_20260505_072700.jpg,,1,27.7,48,100,8674,0,15,0.0,65.0,0,0.0,10,144.6,14.5,1.1,0.1,0,0,0,,2026-05-05 13:27:01
6281,,LOT-20260425-651F-008,,,,Arugula,,3425,cam1_20260505_074156.jpg,ambient,3427,cam1_20260505_074200.jpg,,1,27.8,49,100,8689,0,15,0.0,65.0,0,0.0,10,144.8,14.5,1.1,0.1,0,0,0,,2026-05-05 13:42:01
6289,,LOT-20260425-651F-008,,,,Arugula,,3429,cam1_20260505_075656.jpg,ambient,3431,cam1_20260505_075700.jpg,,1,27.8,49,100,8703,0,15,0.0,65.0,0,0.0,10,145.1,14.5,1.1,0.1,0,0,0,,2026-05-05 13:57:01
6297,,LOT-20260425-651F-008,,,,Arugula,,3433,cam1_20260505_081158.jpg,ambient,3435,cam1_20260505_081202.jpg,,1,27.9,49,67.9,8718,0,15,0.0,65.0,0,0.0,10,145.3,14.5,1.1,0.1,0,0,0,,2026-05-05 14:12:03
6305,,LOT-20260425-651F-008,,,,Arugula,,3437,cam1_20260505_082656.jpg,ambient,3439,cam1_20260505_082700.jpg,,1,27.9,48,100,8733,0,15,0.0,65.0,0,0.0,10,145.6,14.6,1.1,0.1,0,0,0,,2026-05-05 14:27:01
6313,,LOT-20260425-651F-008,,,,Arugula,,3441,cam1_20260505_084157.jpg,ambient,3443,cam1_20260505_084200.jpg,,1,27.9,47,100,8748,0,15,0.0,65.0,0,0.0,10,145.8,14.6,1.1,0.1,0,0,0,,2026-05-05 14:42:01
6321,,LOT-20260425-651F-008,,,,Arugula,,3445,cam1_20260505_085656.jpg,ambient,3447,cam1_20260505_085700.jpg,,1,28,48,100,8763,0,15,0.0,65.0,0,0.0,10,146.1,14.6,1.1,0.1,0,0,0,,2026-05-05 14:57:01
6329,,LOT-20260425-651F-008,,,,Arugula,,3449,cam1_20260505_091156.jpg,ambient,3451,cam1_20260505_091200.jpg,,1,28.2,46,100,8778,0,15,0.0,65.0,0,0.0,10,146.3,14.6,1.1,0.1,0,0,0,,2026-05-05 15:12:01
6337,,LOT-20260425-651F-008,,,,Arugula,,3453,cam1_20260505_092656.jpg,ambient,3455,cam1_20260505_092700.jpg,,1,28.1,49,100,8793,0,15,0.0,65.0,0,0.0,10,146.6,14.7,1.1,0.1,0,0,0,,2026-05-05 15:27:01
6345,,LOT-20260425-651F-008,,,,Arugula,,3457,cam1_20260505_094156.jpg,ambient,3459,cam1_20260505_094200.jpg,,1,28.2,48,100,8808,0,15,0.0,65.0,0,0.0,10,146.8,14.7,1.1,0.1,0,0,0,,2026-05-05 15:42:01
6353,,LOT-20260425-651F-008,,,,Arugula,,3461,cam1_20260505_095656.jpg,ambient,3463,cam1_20260505_095700.jpg,,1,28.5,48,100,8823,0,15,0.0,65.0,0,0.0,10,147.1,14.7,1.1,0.1,0,0,0,,2026-05-05 15:57:01
6361,,LOT-20260425-651F-008,,,,Arugula,,3465,cam1_20260505_101156.jpg,ambient,3467,cam1_20260505_101200.jpg,,1,28.7,51,97.2,8838,0,15,0.0,65.0,0,0.0,10,147.3,14.7,1.1,0.1,0,0,0,,2026-05-05 16:12:01
6369,,LOT-20260425-651F-008,,,,Arugula,,3469,cam1_20260505_102656.jpg,ambient,3471,cam1_20260505_102700.jpg,,1,28.7,49,100,8853,0,15,0.0,65.0,0,0.0,10,147.6,14.8,1.1,0.1,0,0,0,,2026-05-05 16:27:01
6377,,LOT-20260425-651F-008,,,,Arugula,,3473,cam1_20260505_104156.jpg,ambient,3475,cam1_20260505_104200.jpg,,1,28.8,48,100,8868,0,15,0.0,65.0,0,0.0,10,147.8,14.8,1.1,0.1,0,0,0,,2026-05-05 16:42:01
6385,,LOT-20260425-651F-008,,,,Arugula,,3477,cam1_20260505_105656.jpg,ambient,3479,cam1_20260505_105700.jpg,,1,29,46,93.5,8883,0,15,0.0,65.0,0,0.0,10,148.1,14.8,1.1,0.1,0,0,0,,2026-05-05 16:57:01
6393,,LOT-20260425-651F-008,,,,Arugula,,3481,cam1_20260505_111156.jpg,ambient,3483,cam1_20260505_111200.jpg,,1,29,49,94.4,8898,0,15,0.0,65.0,0,0.0,10,148.3,14.8,1.1,0.1,0,0,0,,2026-05-05 17:12:01
6401,,LOT-20260425-651F-008,,,,Arugula,,3485,cam1_20260505_112656.jpg,ambient,3487,cam1_20260505_112700.jpg,,1,29.1,45,85.2,8913,0,15,0.0,65.0,0,0.0,10,148.6,14.9,1.1,0.1,0,0,0,,2026-05-05 17:27:01
6409,,LOT-20260425-651F-008,,,,Arugula,,3489,cam1_20260505_114156.jpg,ambient,3491,cam1_20260505_114200.jpg,,1,29.2,49,92.6,8927,0,15,0.0,65.0,0,0.0,10,148.8,14.9,1.1,0.1,0,0,0,,2026-05-05 17:42:01
6417,,LOT-20260425-651F-008,,,,Arugula,,3493,cam1_20260505_115656.jpg,ambient,3495,cam1_20260505_115700.jpg,,1,29.1,42,77.8,8942,0,15,0.0,65.0,0,0.0,10,149.0,14.9,1.1,0.1,0,0,0,,2026-05-05 17:57:01
6425,,LOT-20260425-651F-008,,,,Arugula,,3497,cam1_20260505_121156.jpg,ambient,3499,cam1_20260505_121200.jpg,,1,29.2,46,74.1,8957,0,15,0.0,65.0,0,0.0,10,149.3,14.9,1.1,0.1,0,0,0,,2026-05-05 18:12:01
6433,,LOT-20260425-651F-008,,,,Arugula,,3501,cam1_20260505_122656.jpg,ambient,3503,cam1_20260505_122700.jpg,,1,29.2,46,67.9,8972,0,15,0.0,65.0,0,0.0,10,149.5,15.0,1.1,0.1,0,0,0,,2026-05-05 18:27:01
6441,,LOT-20260425-651F-008,,,,Arugula,,3505,cam1_20260505_124156.jpg,ambient,3507,cam1_20260505_124200.jpg,,1,29.4,40,64.3,8987,0,15,0.0,65.0,0,0.0,10,149.8,15.0,1.1,0.1,0,0,0,,2026-05-05 18:42:01
6449,,LOT-20260425-651F-008,,,,Arugula,,3509,cam1_20260505_125656.jpg,ambient,3511,cam1_20260505_125701.jpg,,1,29.4,42,57.1,9002,0,15,0.0,65.0,0,0.0,10,150.0,15.0,1.1,0.1,0,0,0,,2026-05-05 18:57:01
6457,,LOT-20260425-651F-008,,,,Arugula,,3513,cam1_20260505_131157.jpg,ambient,3515,cam1_20260505_131202.jpg,,1,29.5,41,56.3,9017,0,15,0.0,65.0,0,0.0,10,150.3,15.0,1.1,0.1,0,0,0,,2026-05-05 19:12:02
