plant_key,plant_instance_id,device_id,lot_id,position_tag,row_index,col_index,replacement_index,species,variety,classification,sub_classification,germinated_at,germinated_at_image_id,germinated_at_source,captured_at,lot_started_at,hours_from_start,lot_day,capture_group,ambient_image_id,ambient_image_filename,ambient_crop_path,flash_image_id,flash_image_filename,flash_crop_path,observation_id,temperature,temperature_ext,humidity,water_level,relay_light,relay_irrigation,relay_ventilation,had_light,had_ventilation,light_minutes_in_period,ventilation_minutes_in_period,light_minutes,ventilation_minutes,light_hours_accumulated,light_hours_per_day,vent_hours_accumulated,vent_hours_per_day,local_status,observed_at
germ-germinadorap-de5832|LOT-20260506-651F-005|r0_c0|rep0,LOT-20260506-651F-005:A1:R0,germ-germinadorap-de5832,LOT-20260506-651F-005,A1,0,0,0,Hierbabuena,,,,,,,2026-05-06 20:49:12,2026-05-06 20:48:22,0.01,1,cg_1778100550233_1,3522,cam1_20260506_144911.jpg,crops/cam1_20260506_144911_r0_c0.jpg,3523,cam1_20260506_144914.jpg,crops/cam1_20260506_144914_r0_c0.jpg,6461,27.9,,36,100,0,0,0,0,0,0.0,0.0,0.0,0.0,0.0,0.0,0.0,0.0,,2026-05-06 20:49:14
germ-germinadorap-de5832|LOT-20260506-651F-005|r0_c0|rep0,LOT-20260506-651F-005:A1:R0,germ-germinadorap-de5832,LOT-20260506-651F-005,A1,0,0,0,Hierbabuena,,,,,,,2026-05-06 21:04:48,2026-05-06 20:48:22,0.27,1,cg_1778101486059_1,3532,cam1_20260506_150447.jpg,crops/cam1_20260506_150447_r0_c0.jpg,3533,cam1_20260506_150450.jpg,crops/cam1_20260506_150450_r0_c0.jpg,6467,27.8,,36,100,0,0,0,0,0,0.0,0.0,0.0,0.0,0.3,0.3,0.0,0.0,,2026-05-06 21:04:50
germ-germinadorap-de5832|LOT-20260506-651F-005|r0_c0|rep0,LOT-20260506-651F-005:A1:R0,germ-germinadorap-de5832,LOT-20260506-651F-005,A1,0,0,0,Hierbabuena,,,,,,,2026-05-06 21:19:47,2026-05-06 20:48:22,0.52,1,cg_1778102386063_1,3548,cam1_20260506_151947.jpg,crops/cam1_20260506_151947_r0_c0.jpg,3549,cam1_20260506_151949.jpg,crops/cam1_20260506_151949_r0_c0.jpg,6478,27.7,,36,100,0,0,0,0,0,0.0,0.0,0.0,0.0,0.5,0.5,0.0,0.0,,2026-05-06 21:19:50
germ-germinadorap-de5832|LOT-20260506-651F-005|r0_c0|rep0,LOT-20260506-651F-005:A1:R0,germ-germinadorap-de5832,LOT-20260506-651F-005,A1,0,0,0,Hierbabuena,,,,,,,2026-05-06 21:41:09,2026-05-06 20:48:22,0.88,1,cg_1778103667162_1,3555,cam1_20260506_154108.jpg,crops/cam1_20260506_154108_r0_c0.jpg,3557,cam1_20260506_154113.jpg,crops/cam1_20260506_154113_r0_c0.jpg,6492,27.8,,37,100,0,0,0,0,0,0.0,0.0,0.0,0.0,0.9,0.9,0.0,0.0,,2026-05-06 21:41:13
germ-germinadorap-de5832|LOT-20260506-651F-005|r0_c0|rep0,LOT-20260506-651F-005:A1:R0,germ-germinadorap-de5832,LOT-20260506-651F-005,A1,0,0,0,Hierbabuena,,,,,,,2026-05-06 21:56:10,2026-05-06 20:48:22,1.13,1,cg_1778104567160_1,3559,cam1_20260506_155609.jpg,crops/cam1_20260506_155609_r0_c0.jpg,3561,cam1_20260506_155614.jpg,crops/cam1_20260506_155614_r0_c0.jpg,6504,28.1,,44,100,0,0,0,0,0,0.0,0.0,0.0,0.0,1.1,1.1,0.0,0.0,,2026-05-06 21:56:16
germ-germinadorap-de5832|LOT-20260506-651F-005|r0_c0|rep0,LOT-20260506-651F-005:A1:R0,germ-germinadorap-de5832,LOT-20260506-651F-005,A1,0,0,0,Hierbabuena,,,,,,,2026-05-06 22:11:51,2026-05-06 20:48:22,1.39,1,cg_1778105508308_1,3563,cam1_20260506_161150.jpg,crops/cam1_20260506_161150_r0_c0.jpg,3565,cam1_20260506_161155.jpg,crops/cam1_20260506_161155_r0_c0.jpg,6516,28.1,,41,100,0,0,0,0,0,0.0,0.0,0.0,0.0,1.4,1.4,0.0,0.0,,2026-05-06 22:11:56
germ-germinadorap-de5832|LOT-20260506-651F-005|r0_c0|rep0,LOT-20260506-651F-005:A1:R0,germ-germinadorap-de5832,LOT-20260506-651F-005,A1,0,0,0,Hierbabuena,,,,,,,2026-05-06 22:27:46,2026-05-06 20:48:22,1.66,1,cg_1778106463496_1,3566,cam1_20260506_162745.jpg,crops/cam1_20260506_162745_r0_c0.jpg,3568,cam1_20260506_162748.jpg,crops/cam1_20260506_162748_r0_c0.jpg,6523,27.8,,39,100,0,0,0,0,0,0.0,0.0,0.0,0.0,1.5,1.5,0.0,0.0,,2026-05-06 22:27:50
germ-germinadorap-de5832|LOT-20260506-651F-005|r0_c0|rep0,LOT-20260506-651F-005:A1:R0,germ-germinadorap-de5832,LOT-20260506-651F-005,A1,0,0,0,Hierbabuena,,,,,,,2026-05-06 22:42:46,2026-05-06 20:48:22,1.91,1,cg_1778107363497_1,3571,cam1_20260506_164245.jpg,crops/cam1_20260506_164245_r0_c0.jpg,3573,cam1_20260506_164252.jpg,crops/cam1_20260506_164252_r0_c0.jpg,6540,27.9,,37,100,0,0,0,0,0,0.0,0.0,0.0,0.0,1.5,1.5,0.0,0.0,,2026-05-06 22:42:53
germ-germinadorap-de5832|LOT-20260506-651F-005|r0_c0|rep0,LOT-20260506-651F-005:A1:R0,germ-germinadorap-de5832,LOT-20260506-651F-005,A1,0,0,0,Hierbabuena,,,,,,,2026-05-06 22:58:41,2026-05-06 20:48:22,2.17,1,cg_1778108318714_1,3575,cam1_20260506_165840.jpg,crops/cam1_20260506_165840_r0_c0.jpg,3577,cam1_20260506_165846.jpg,crops/cam1_20260506_165846_r0_c0.jpg,6552,27.7,,35,100,0,0,0,0,0,0.0,0.0,0.0,0.0,1.5,1.5,0.0,0.0,,2026-05-06 22:58:48
germ-germinadorap-de5832|LOT-20260506-651F-005|r0_c0|rep0,LOT-20260506-651F-005:A1:R0,germ-germinadorap-de5832,LOT-20260506-651F-005,A1,0,0,0,Hierbabuena,,,,,,,2026-05-06 23:13:41,2026-05-06 20:48:22,2.42,1,cg_1778109218710_1,3579,cam1_20260506_171340.jpg,crops/cam1_20260506_171340_r0_c0.jpg,3581,cam1_20260506_171346.jpg,crops/cam1_20260506_171346_r0_c0.jpg,6564,27.7,,34,100,0,0,0,0,0,0.0,0.0,0.0,0.0,1.5,1.5,0.0,0.0,,2026-05-06 23:13:48
germ-germinadorap-de5832|LOT-20260506-651F-005|r0_c0|rep0,LOT-20260506-651F-005:A1:R0,germ-germinadorap-de5832,LOT-20260506-651F-005,A1,0,0,0,Hierbabuena,,,,,,,2026-05-06 23:28:40,2026-05-06 20:48:22,2.67,1,cg_1778110118709_1,3583,cam1_20260506_172840.jpg,crops/cam1_20260506_172840_r0_c0.jpg,3585,cam1_20260506_172844.jpg,crops/cam1_20260506_172844_r0_c0.jpg,6576,27.7,,35,100,0,0,0,0,0,0.0,0.0,0.0,0.0,1.5,1.5,0.0,0.0,,2026-05-06 23:28:45
germ-germinadorap-de5832|LOT-20260506-651F-005|r0_c0|rep0,LOT-20260506-651F-005:A1:R0,germ-germinadorap-de5832,LOT-20260506-651F-005,A1,0,0,0,Hierbabuena,,,,,,,2026-05-06 23:43:41,2026-05-06 20:48:22,2.92,1,cg_1778111018709_1,3587,cam1_20260506_174340.jpg,crops/cam1_20260506_174340_r0_c0.jpg,3589,cam1_20260506_174346.jpg,crops/cam1_20260506_174346_r0_c0.jpg,6588,27.7,,36,100,0,0,0,0,0,0.0,0.0,0.0,0.0,1.5,1.5,0.0,0.0,,2026-05-06 23:43:48
germ-germinadorap-de5832|LOT-20260506-651F-005|r0_c0|rep0,LOT-20260506-651F-005:A1:R0,germ-germinadorap-de5832,LOT-20260506-651F-005,A1,0,0,0,Hierbabuena,,,,,,,2026-05-06 23:58:41,2026-05-06 20:48:22,3.17,1,cg_1778111918724_1,3590,cam1_20260506_175840.jpg,crops/cam1_20260506_175840_r0_c0.jpg,3592,cam1_20260506_175844.jpg,crops/cam1_20260506_175844_r0_c0.jpg,6595,27.7,,37,100,0,0,0,0,0,0.0,0.0,0.0,0.0,1.5,1.5,0.0,0.0,,2026-05-06 23:58:45
germ-germinadorap-de5832|LOT-20260506-651F-005|r0_c0|rep0,LOT-20260506-651F-005:A1:R0,germ-germinadorap-de5832,LOT-20260506-651F-005,A1,0,0,0,Hierbabuena,,,,,,,2026-05-07 00:13:41,2026-05-06 20:48:22,3.42,1,cg_1778112818724_1,3595,cam1_20260506_181340.jpg,crops/cam1_20260506_181340_r0_c0.jpg,3597,cam1_20260506_181346.jpg,crops/cam1_20260506_181346_r0_c0.jpg,6612,27.5,,35,91.7,0,0,0,1,0,15.0,0.0,0.0,0.0,1.5,1.5,0.0,0.0,,2026-05-07 00:13:48
germ-germinadorap-de5832|LOT-20260506-651F-005|r0_c0|rep0,LOT-20260506-651F-005:A1:R0,germ-germinadorap-de5832,LOT-20260506-651F-005,A1,0,0,0,Hierbabuena,,,,,,,2026-05-07 01:01:27,2026-05-06 20:48:22,4.22,1,cg_1778115683517_1,3599,cam1_20260506_190126.jpg,crops/cam1_20260506_190126_r0_c0.jpg,3601,cam1_20260506_190132.jpg,crops/cam1_20260506_190132_r0_c0.jpg,6624,27.6,,42,100,0,0,0,0,0,0.0,0.0,0.0,0.0,1.5,1.5,0.0,0.0,,2026-05-07 01:01:33
germ-germinadorap-de5832|LOT-20260506-651F-005|r0_c0|rep0,LOT-20260506-651F-005:A1:R0,germ-germinadorap-de5832,LOT-20260506-651F-005,A1,0,0,0,Hierbabuena,,,,,,,2026-05-07 04:18:20,2026-05-06 20:48:22,7.50,1,cg_1778127498303_1,3603,cam1_20260506_221820.jpg,crops/cam1_20260506_221820_r0_c0.jpg,3605,cam1_20260506_221824.jpg,crops/cam1_20260506_221824_r0_c0.jpg,6636,26.2,,43,100,0,0,0,0,0,0.0,0.0,72.0,0.0,1.5,1.5,0.0,0.0,,2026-05-07 04:18:25
germ-germinadorap-de5832|LOT-20260506-651F-005|r0_c0|rep0,LOT-20260506-651F-005:A1:R0,germ-germinadorap-de5832,LOT-20260506-651F-005,A1,0,0,0,Hierbabuena,,,,,,,2026-05-07 04:33:20,2026-05-06 20:48:22,7.75,1,cg_1778128398307_1,3607,cam1_20260506_223319.jpg,crops/cam1_20260506_223319_r0_c0.jpg,3609,cam1_20260506_223324.jpg,crops/cam1_20260506_223324_r0_c0.jpg,6648,26.3,,42,97.2,0,0,0,0,0,0.0,0.0,72.0,0.0,1.5,1.5,0.0,0.0,,2026-05-07 04:33:25
germ-germinadorap-de5832|LOT-20260506-651F-005|r0_c0|rep0,LOT-20260506-651F-005:A1:R0,germ-germinadorap-de5832,LOT-20260506-651F-005,A1,0,0,0,Hierbabuena,,,,,,,2026-05-07 04:48:20,2026-05-06 20:48:22,8.00,1,cg_1778129298312_1,3611,cam1_20260506_224820.jpg,crops/cam1_20260506_224820_r0_c0.jpg,3613,cam1_20260506_224824.jpg,crops/cam1_20260506_224824_r0_c0.jpg,6660,26.2,,42,100,0,0,0,0,0,0.0,0.0,72.0,0.0,1.5,1.5,0.0,0.0,,2026-05-07 04:48:25
germ-germinadorap-de5832|LOT-20260506-651F-005|r0_c0|rep0,LOT-20260506-651F-005:A1:R0,germ-germinadorap-de5832,LOT-20260506-651F-005,A1,0,0,0,Hierbabuena,,,,,,,2026-05-07 05:03:20,2026-05-06 20:48:22,8.25,1,cg_1778130198314_1,3615,cam1_20260506_230320.jpg,crops/cam1_20260506_230320_r0_c0.jpg,3617,cam1_20260506_230324.jpg,crops/cam1_20260506_230324_r0_c0.jpg,6672,26.2,,43,100,0,0,0,0,0,0.0,0.0,73.0,0.0,1.5,1.5,0.0,0.0,,2026-05-07 05:03:25
germ-germinadorap-de5832|LOT-20260506-651F-005|r0_c0|rep0,LOT-20260506-651F-005:A1:R0,germ-germinadorap-de5832,LOT-20260506-651F-005,A1,0,0,0,Hierbabuena,,,,,,,2026-05-07 05:18:20,2026-05-06 20:48:22,8.50,1,cg_1778131098323_1,3619,cam1_20260506_231820.jpg,crops/cam1_20260506_231820_r0_c0.jpg,3621,cam1_20260506_231824.jpg,crops/cam1_20260506_231824_r0_c0.jpg,6684,26.1,,42,98.1,0,0,0,0,0,0.0,0.0,73.0,0.0,1.5,1.5,0.0,0.0,,2026-05-07 05:18:25
germ-germinadorap-de5832|LOT-20260506-651F-005|r0_c0|rep0,LOT-20260506-651F-005:A1:R0,germ-germinadorap-de5832,LOT-20260506-651F-005,A1,0,0,0,Hierbabuena,,,,,,,2026-05-07 05:33:20,2026-05-06 20:48:22,8.75,1,cg_1778131998326_1,3623,cam1_20260506_233320.jpg,crops/cam1_20260506_233320_r0_c0.jpg,3625,cam1_20260506_233324.jpg,crops/cam1_20260506_233324_r0_c0.jpg,6696,26.2,,46,99.1,0,0,0,0,0,0.0,0.0,73.0,0.0,1.5,1.5,0.0,0.0,,2026-05-07 05:33:25
germ-germinadorap-de5832|LOT-20260506-651F-005|r0_c0|rep0,LOT-20260506-651F-005:A1:R0,germ-germinadorap-de5832,LOT-20260506-651F-005,A1,0,0,0,Hierbabuena,,,,,,,2026-05-07 05:48:20,2026-05-06 20:48:22,9.00,1,cg_1778132898329_1,3627,cam1_20260506_234820.jpg,crops/cam1_20260506_234820_r0_c0.jpg,3629,cam1_20260506_234824.jpg,crops/cam1_20260506_234824_r0_c0.jpg,6708,26.8,,52,100,0,0,0,0,0,0.0,0.0,73.0,0.0,1.5,1.5,0.0,0.0,,2026-05-07 05:48:25
germ-germinadorap-de5832|LOT-20260506-651F-005|r0_c0|rep0,LOT-20260506-651F-005:A1:R0,germ-germinadorap-de5832,LOT-20260506-651F-005,A1,0,0,0,Hierbabuena,,,,,,,2026-05-07 06:03:20,2026-05-06 20:48:22,9.25,1,cg_1778133798332_1,3631,cam1_20260507_000320.jpg,crops/cam1_20260507_000320_r0_c0.jpg,3633,cam1_20260507_000324.jpg,crops/cam1_20260507_000324_r0_c0.jpg,6720,27.2,,51,100,0,0,0,0,0,0.0,0.0,73.0,0.0,1.5,1.5,0.0,0.0,,2026-05-07 06:03:25
germ-germinadorap-de5832|LOT-20260506-651F-005|r0_c0|rep0,LOT-20260506-651F-005:A1:R0,germ-germinadorap-de5832,LOT-20260506-651F-005,A1,0,0,0,Hierbabuena,,,,,,,2026-05-07 06:18:20,2026-05-06 20:48:22,9.50,1,cg_1778134698336_1,3635,cam1_20260507_001820.jpg,crops/cam1_20260507_001820_r0_c0.jpg,3637,cam1_20260507_001824.jpg,crops/cam1_20260507_001824_r0_c0.jpg,6732,27.3,,54,96.3,0,0,0,0,0,0.0,0.0,73.0,0.0,1.5,1.5,0.0,0.0,,2026-05-07 06:18:25
germ-germinadorap-de5832|LOT-20260506-651F-005|r0_c0|rep0,LOT-20260506-651F-005:A1:R0,germ-germinadorap-de5832,LOT-20260506-651F-005,A1,0,0,0,Hierbabuena,,,,,,,2026-05-07 06:33:20,2026-05-06 20:48:22,9.75,1,cg_1778135598339_1,3639,cam1_20260507_003320.jpg,crops/cam1_20260507_003320_r0_c0.jpg,3641,cam1_20260507_003325.jpg,crops/cam1_20260507_003325_r0_c0.jpg,6744,27.2,,53,80.6,0,0,0,0,0,0.0,0.0,73.0,0.0,1.5,1.5,0.0,0.0,,2026-05-07 06:33:26
germ-germinadorap-de5832|LOT-20260506-651F-005|r0_c0|rep0,LOT-20260506-651F-005:A1:R0,germ-germinadorap-de5832,LOT-20260506-651F-005,A1,0,0,0,Hierbabuena,,,,,,,2026-05-07 06:48:20,2026-05-06 20:48:22,10.00,1,cg_1778136498346_1,3643,cam1_20260507_004820.jpg,crops/cam1_20260507_004820_r0_c0.jpg,3645,cam1_20260507_004824.jpg,crops/cam1_20260507_004824_r0_c0.jpg,6756,27.4,,53,58,0,0,0,0,0,0.0,0.0,73.0,0.0,1.5,1.5,0.0,0.0,,2026-05-07 06:48:25
germ-germinadorap-de5832|LOT-20260506-651F-005|r0_c0|rep0,LOT-20260506-651F-005:A1:R0,germ-germinadorap-de5832,LOT-20260506-651F-005,A1,0,0,0,Hierbabuena,,,,,,,2026-05-07 07:03:20,2026-05-06 20:48:22,10.25,1,cg_1778137398349_1,3647,cam1_20260507_010320.jpg,crops/cam1_20260507_010320_r0_c0.jpg,3649,cam1_20260507_010324.jpg,crops/cam1_20260507_010324_r0_c0.jpg,6768,27.5,,52,100,0,0,0,0,0,0.0,0.0,73.0,0.0,1.5,1.5,0.0,0.0,,2026-05-07 07:03:25
germ-germinadorap-de5832|LOT-20260506-651F-005|r0_c0|rep0,LOT-20260506-651F-005:A1:R0,germ-germinadorap-de5832,LOT-20260506-651F-005,A1,0,0,0,Hierbabuena,,,,,,,2026-05-07 07:18:20,2026-05-06 20:48:22,10.50,1,cg_1778138298357_1,3651,cam1_20260507_011820.jpg,crops/cam1_20260507_011820_r0_c0.jpg,3653,cam1_20260507_011825.jpg,crops/cam1_20260507_011825_r0_c0.jpg,6780,27.5,,48,100,0,0,0,0,0,0.0,0.0,73.0,0.0,1.5,1.5,0.0,0.0,,2026-05-07 07:18:26
germ-germinadorap-de5832|LOT-20260506-651F-005|r0_c0|rep0,LOT-20260506-651F-005:A1:R0,germ-germinadorap-de5832,LOT-20260506-651F-005,A1,0,0,0,Hierbabuena,,,,,,,2026-05-07 07:33:20,2026-05-06 20:48:22,10.75,1,cg_1778139198360_1,3655,cam1_20260507_013320.jpg,crops/cam1_20260507_013320_r0_c0.jpg,3657,cam1_20260507_013324.jpg,crops/cam1_20260507_013324_r0_c0.jpg,6792,27.6,,50,89.8,0,0,0,0,0,0.0,0.0,73.0,0.0,1.5,1.5,0.0,0.0,,2026-05-07 07:33:25
germ-germinadorap-de5832|LOT-20260506-651F-005|r0_c0|rep0,LOT-20260506-651F-005:A1:R0,germ-germinadorap-de5832,LOT-20260506-651F-005,A1,0,0,0,Hierbabuena,,,,,,,2026-05-07 07:48:20,2026-05-06 20:48:22,11.00,1,cg_1778140098366_1,3659,cam1_20260507_014820.jpg,crops/cam1_20260507_014820_r0_c0.jpg,3661,cam1_20260507_014824.jpg,crops/cam1_20260507_014824_r0_c0.jpg,6804,27.5,,51,90.7,0,0,0,0,0,0.0,0.0,73.0,0.0,1.5,1.5,0.0,0.0,,2026-05-07 07:48:25
germ-germinadorap-de5832|LOT-20260506-651F-005|r0_c0|rep0,LOT-20260506-651F-005:A1:R0,germ-germinadorap-de5832,LOT-20260506-651F-005,A1,0,0,0,Hierbabuena,,,,,,,2026-05-07 08:03:20,2026-05-06 20:48:22,11.25,1,cg_1778140998368_1,3663,cam1_20260507_020320.jpg,crops/cam1_20260507_020320_r0_c0.jpg,3665,cam1_20260507_020324.jpg,crops/cam1_20260507_020324_r0_c0.jpg,6816,27.7,,52,98.1,0,0,0,0,0,0.0,0.0,73.0,0.0,1.6,1.6,0.0,0.0,,2026-05-07 08:03:25
germ-germinadorap-de5832|LOT-20260506-651F-005|r0_c0|rep0,LOT-20260506-651F-005:A1:R0,germ-germinadorap-de5832,LOT-20260506-651F-005,A1,0,0,0,Hierbabuena,,,,,,,2026-05-07 08:18:20,2026-05-06 20:48:22,11.50,1,cg_1778141898371_1,3667,cam1_20260507_021820.jpg,crops/cam1_20260507_021820_r0_c0.jpg,3669,cam1_20260507_021824.jpg,crops/cam1_20260507_021824_r0_c0.jpg,6828,27.7,,49,84.3,0,0,0,0,0,0.0,0.0,73.0,0.0,1.8,1.8,0.0,0.0,,2026-05-07 08:18:25
germ-germinadorap-de5832|LOT-20260506-651F-005|r0_c0|rep0,LOT-20260506-651F-005:A1:R0,germ-germinadorap-de5832,LOT-20260506-651F-005,A1,0,0,0,Hierbabuena,,,,,,,2026-05-07 08:33:20,2026-05-06 20:48:22,11.75,1,cg_1778142798376_1,3671,cam1_20260507_023320.jpg,crops/cam1_20260507_023320_r0_c0.jpg,3673,cam1_20260507_023324.jpg,crops/cam1_20260507_023324_r0_c0.jpg,6840,27.6,,51,88,0,0,0,0,0,0.0,0.0,73.0,0.0,2.1,2.1,0.0,0.0,,2026-05-07 08:33:25
germ-germinadorap-de5832|LOT-20260506-651F-005|r0_c0|rep0,LOT-20260506-651F-005:A1:R0,germ-germinadorap-de5832,LOT-20260506-651F-005,A1,0,0,0,Hierbabuena,,,,,,,2026-05-07 08:48:20,2026-05-06 20:48:22,12.00,1,cg_1778143698383_1,3675,cam1_20260507_024820.jpg,crops/cam1_20260507_024820_r0_c0.jpg,3677,cam1_20260507_024824.jpg,crops/cam1_20260507_024824_r0_c0.jpg,6852,27.6,,53,90.7,0,0,0,0,0,0.0,0.0,73.0,0.0,2.3,2.3,0.0,0.0,,2026-05-07 08:48:25
germ-germinadorap-de5832|LOT-20260506-651F-005|r0_c0|rep0,LOT-20260506-651F-005:A1:R0,germ-germinadorap-de5832,LOT-20260506-651F-005,A1,0,0,0,Hierbabuena,,,,,,,2026-05-07 09:03:21,2026-05-06 20:48:22,12.25,1,cg_1778144598387_1,3679,cam1_20260507_030321.jpg,crops/cam1_20260507_030321_r0_c0.jpg,3681,cam1_20260507_030324.jpg,crops/cam1_20260507_030324_r0_c0.jpg,6864,27.6,,53,87,0,0,0,0,0,0.0,0.0,73.0,0.0,2.6,2.6,0.0,0.0,,2026-05-07 09:03:25
germ-germinadorap-de5832|LOT-20260506-651F-005|r0_c0|rep0,LOT-20260506-651F-005:A1:R0,germ-germinadorap-de5832,LOT-20260506-651F-005,A1,0,0,0,Hierbabuena,,,,,,,2026-05-07 09:18:20,2026-05-06 20:48:22,12.50,1,cg_1778145498390_1,3683,cam1_20260507_031820.jpg,crops/cam1_20260507_031820_r0_c0.jpg,3685,cam1_20260507_031824.jpg,crops/cam1_20260507_031824_r0_c0.jpg,6876,27.6,,52,83.3,0,0,0,0,0,0.0,0.0,73.0,0.0,2.8,2.8,0.0,0.0,,2026-05-07 09:18:25
germ-germinadorap-de5832|LOT-20260506-651F-005|r0_c0|rep0,LOT-20260506-651F-005:A1:R0,germ-germinadorap-de5832,LOT-20260506-651F-005,A1,0,0,0,Hierbabuena,,,,,,,2026-05-07 09:33:20,2026-05-06 20:48:22,12.75,1,cg_1778146398393_1,3687,cam1_20260507_033320.jpg,crops/cam1_20260507_033320_r0_c0.jpg,3689,cam1_20260507_033324.jpg,crops/cam1_20260507_033324_r0_c0.jpg,6888,27.6,,52,79.6,0,0,0,0,0,0.0,0.0,73.0,0.0,3.1,3.1,0.0,0.0,,2026-05-07 09:33:25
germ-germinadorap-de5832|LOT-20260506-651F-005|r0_c0|rep0,LOT-20260506-651F-005:A1:R0,germ-germinadorap-de5832,LOT-20260506-651F-005,A1,0,0,0,Hierbabuena,,,,,,,2026-05-07 09:48:20,2026-05-06 20:48:22,13.00,1,cg_1778147298398_1,3691,cam1_20260507_034820.jpg,crops/cam1_20260507_034820_r0_c0.jpg,3693,cam1_20260507_034824.jpg,crops/cam1_20260507_034824_r0_c0.jpg,6900,27.6,,52,67.9,0,0,0,0,0,0.0,0.0,73.0,0.0,3.3,3.3,0.0,0.0,,2026-05-07 09:48:25
germ-germinadorap-de5832|LOT-20260506-651F-005|r0_c0|rep0,LOT-20260506-651F-005:A1:R0,germ-germinadorap-de5832,LOT-20260506-651F-005,A1,0,0,0,Hierbabuena,,,,,,,2026-05-07 10:03:20,2026-05-06 20:48:22,13.25,1,cg_1778148198401_1,3695,cam1_20260507_040320.jpg,crops/cam1_20260507_040320_r0_c0.jpg,3697,cam1_20260507_040324.jpg,crops/cam1_20260507_040324_r0_c0.jpg,6912,27.6,,53,79.6,0,0,0,0,0,0.0,0.0,73.0,0.0,3.5,3.5,0.0,0.0,,2026-05-07 10:03:25
germ-germinadorap-de5832|LOT-20260506-651F-005|r0_c0|rep0,LOT-20260506-651F-005:A1:R0,germ-germinadorap-de5832,LOT-20260506-651F-005,A1,0,0,0,Hierbabuena,,,,,,,2026-05-07 10:18:20,2026-05-06 20:48:22,13.50,1,cg_1778149098403_1,3699,cam1_20260507_041820.jpg,crops/cam1_20260507_041820_r0_c0.jpg,3701,cam1_20260507_041824.jpg,crops/cam1_20260507_041824_r0_c0.jpg,6924,27.8,,52,81.5,0,0,0,0,0,0.0,0.0,73.0,0.0,3.8,3.8,0.0,0.0,,2026-05-07 10:18:25
germ-germinadorap-de5832|LOT-20260506-651F-005|r0_c0|rep0,LOT-20260506-651F-005:A1:R0,germ-germinadorap-de5832,LOT-20260506-651F-005,A1,0,0,0,Hierbabuena,,,,,,,2026-05-07 10:33:20,2026-05-06 20:48:22,13.75,1,cg_1778149998409_1,3703,cam1_20260507_043320.jpg,crops/cam1_20260507_043320_r0_c0.jpg,3705,cam1_20260507_043324.jpg,crops/cam1_20260507_043324_r0_c0.jpg,6936,27.5,,52,80.6,0,0,0,0,0,0.0,0.0,74.0,0.0,4.0,4.0,0.0,0.0,,2026-05-07 10:33:25
germ-germinadorap-de5832|LOT-20260506-651F-005|r0_c0|rep0,LOT-20260506-651F-005:A1:R0,germ-germinadorap-de5832,LOT-20260506-651F-005,A1,0,0,0,Hierbabuena,,,,,,,2026-05-07 10:48:20,2026-05-06 20:48:22,14.00,1,cg_1778150898414_1,3707,cam1_20260507_044820.jpg,crops/cam1_20260507_044820_r0_c0.jpg,3709,cam1_20260507_044824.jpg,crops/cam1_20260507_044824_r0_c0.jpg,6948,27.8,,53,76.9,0,0,0,0,0,0.0,0.0,74.0,0.0,4.3,4.3,0.0,0.0,,2026-05-07 10:48:25
germ-germinadorap-de5832|LOT-20260506-651F-005|r0_c0|rep0,LOT-20260506-651F-005:A1:R0,germ-germinadorap-de5832,LOT-20260506-651F-005,A1,0,0,0,Hierbabuena,,,,,,,2026-05-07 11:03:20,2026-05-06 20:48:22,14.25,1,cg_1778151798417_1,3711,cam1_20260507_050320.jpg,crops/cam1_20260507_050320_r0_c0.jpg,3713,cam1_20260507_050324.jpg,crops/cam1_20260507_050324_r0_c0.jpg,6960,27.9,,52,62.5,0,0,0,0,0,0.0,0.0,74.0,0.0,4.5,4.5,0.0,0.0,,2026-05-07 11:03:25
germ-germinadorap-de5832|LOT-20260506-651F-005|r0_c0|rep0,LOT-20260506-651F-005:A1:R0,germ-germinadorap-de5832,LOT-20260506-651F-005,A1,0,0,0,Hierbabuena,,,,,,,2026-05-07 11:18:20,2026-05-06 20:48:22,14.50,1,cg_1778152698418_1,3715,cam1_20260507_051820.jpg,crops/cam1_20260507_051820_r0_c0.jpg,3717,cam1_20260507_051824.jpg,crops/cam1_20260507_051824_r0_c0.jpg,6972,27.6,,52,69.6,0,0,0,0,0,0.0,0.0,74.0,0.0,4.8,4.8,0.0,0.0,,2026-05-07 11:18:25
germ-germinadorap-de5832|LOT-20260506-651F-005|r0_c0|rep0,LOT-20260506-651F-005:A1:R0,germ-germinadorap-de5832,LOT-20260506-651F-005,A1,0,0,0,Hierbabuena,,,,,,,2026-05-07 11:33:21,2026-05-06 20:48:22,14.75,1,cg_1778153598420_1,3719,cam1_20260507_053321.jpg,crops/cam1_20260507_053321_r0_c0.jpg,3721,cam1_20260507_053324.jpg,crops/cam1_20260507_053324_r0_c0.jpg,6984,27.9,,51,72.3,0,0,0,0,0,0.0,0.0,74.0,0.0,5.0,5.0,0.0,0.0,,2026-05-07 11:33:25
germ-germinadorap-de5832|LOT-20260506-651F-005|r0_c0|rep0,LOT-20260506-651F-005:A1:R0,germ-germinadorap-de5832,LOT-20260506-651F-005,A1,0,0,0,Hierbabuena,,,,,,,2026-05-07 11:48:20,2026-05-06 20:48:22,15.00,1,cg_1778154498423_1,3723,cam1_20260507_054820.jpg,crops/cam1_20260507_054820_r0_c0.jpg,3725,cam1_20260507_054824.jpg,crops/cam1_20260507_054824_r0_c0.jpg,6996,27.2,,52,62.5,0,0,0,0,0,0.0,0.0,74.0,0.0,5.3,5.3,0.0,0.0,,2026-05-07 11:48:25
germ-germinadorap-de5832|LOT-20260506-651F-005|r0_c0|rep0,LOT-20260506-651F-005:A1:R0,germ-germinadorap-de5832,LOT-20260506-651F-005,A1,0,0,0,Hierbabuena,,,,,,,2026-05-07 12:03:20,2026-05-06 20:48:22,15.25,1,cg_1778155398427_1,3727,cam1_20260507_060320.jpg,crops/cam1_20260507_060320_r0_c0.jpg,3729,cam1_20260507_060324.jpg,crops/cam1_20260507_060324_r0_c0.jpg,7008,27.2,,53,49.5,0,0,0,0,0,0.0,0.0,74.0,0.0,5.5,5.5,0.0,0.0,,2026-05-07 12:03:25
germ-germinadorap-de5832|LOT-20260506-651F-005|r0_c0|rep0,LOT-20260506-651F-005:A1:R0,germ-germinadorap-de5832,LOT-20260506-651F-005,A1,0,0,0,Hierbabuena,,,,,,,2026-05-07 12:19:20,2026-05-06 20:48:22,15.52,1,cg_1778156358428_1,3731,cam1_20260507_061920.jpg,crops/cam1_20260507_061920_r0_c0.jpg,3733,cam1_20260507_061924.jpg,crops/cam1_20260507_061924_r0_c0.jpg,7020,27.7,,52,54.5,0,0,0,0,0,0.0,0.0,74.0,0.0,5.8,5.8,0.0,0.0,,2026-05-07 12:19:25
germ-germinadorap-de5832|LOT-20260506-651F-005|r0_c0|rep0,LOT-20260506-651F-005:A1:R0,germ-germinadorap-de5832,LOT-20260506-651F-005,A1,0,0,0,Hierbabuena,,,,,,,2026-05-07 12:34:20,2026-05-06 20:48:22,15.77,1,cg_1778157258431_1,3735,cam1_20260507_063420.jpg,crops/cam1_20260507_063420_r0_c0.jpg,3737,cam1_20260507_063424.jpg,crops/cam1_20260507_063424_r0_c0.jpg,7032,27.2,,53,50,0,0,0,0,0,0.0,0.0,74.0,0.0,6.0,6.0,0.0,0.0,,2026-05-07 12:34:25
germ-germinadorap-de5832|LOT-20260506-651F-005|r0_c0|rep0,LOT-20260506-651F-005:A1:R0,germ-germinadorap-de5832,LOT-20260506-651F-005,A1,0,0,0,Hierbabuena,,,,,,,2026-05-07 12:49:20,2026-05-06 20:48:22,16.02,1,cg_1778158158436_1,3739,cam1_20260507_064920.jpg,crops/cam1_20260507_064920_r0_c0.jpg,3741,cam1_20260507_064924.jpg,crops/cam1_20260507_064924_r0_c0.jpg,7044,27.7,,53,53.6,0,0,0,0,0,0.0,0.0,74.0,0.0,6.3,6.3,0.0,0.0,,2026-05-07 12:49:25
germ-germinadorap-de5832|LOT-20260506-651F-005|r0_c0|rep0,LOT-20260506-651F-005:A1:R0,germ-germinadorap-de5832,LOT-20260506-651F-005,A1,0,0,0,Hierbabuena,,,,,,,2026-05-07 13:04:20,2026-05-06 20:48:22,16.27,1,cg_1778159058437_1,3743,cam1_20260507_070420.jpg,crops/cam1_20260507_070420_r0_c0.jpg,3745,cam1_20260507_070424.jpg,crops/cam1_20260507_070424_r0_c0.jpg,7056,27.3,,54,50,0,0,0,0,0,0.0,0.0,74.0,0.0,6.5,6.5,0.0,0.0,,2026-05-07 13:04:25
germ-germinadorap-de5832|LOT-20260506-651F-005|r0_c0|rep0,LOT-20260506-651F-005:A1:R0,germ-germinadorap-de5832,LOT-20260506-651F-005,A1,0,0,0,Hierbabuena,,,,,,,2026-05-07 13:19:20,2026-05-06 20:48:22,16.52,1,cg_1778159958442_1,3747,cam1_20260507_071920.jpg,crops/cam1_20260507_071920_r0_c0.jpg,3749,cam1_20260507_071924.jpg,crops/cam1_20260507_071924_r0_c0.jpg,7068,27.7,,50,49.7,0,0,0,0,0,0.0,0.0,74.0,0.0,6.8,6.8,0.0,0.0,,2026-05-07 13:19:25
germ-germinadorap-de5832|LOT-20260506-651F-005|r0_c0|rep0,LOT-20260506-651F-005:A1:R0,germ-germinadorap-de5832,LOT-20260506-651F-005,A1,0,0,0,Hierbabuena,,,,,,,2026-05-07 13:34:20,2026-05-06 20:48:22,16.77,1,cg_1778160858444_1,3751,cam1_20260507_073420.jpg,crops/cam1_20260507_073420_r0_c0.jpg,3753,cam1_20260507_073424.jpg,crops/cam1_20260507_073424_r0_c0.jpg,7080,27.1,,55,49.5,0,0,0,0,0,0.0,0.0,74.0,0.0,7.0,7.0,0.0,0.0,,2026-05-07 13:34:25
germ-germinadorap-de5832|LOT-20260506-651F-005|r0_c0|rep0,LOT-20260506-651F-005:A1:R0,germ-germinadorap-de5832,LOT-20260506-651F-005,A1,0,0,0,Hierbabuena,,,,,,,2026-05-07 13:49:20,2026-05-06 20:48:22,17.02,1,cg_1778161758446_1,3755,cam1_20260507_074920.jpg,crops/cam1_20260507_074920_r0_c0.jpg,3757,cam1_20260507_074924.jpg,crops/cam1_20260507_074924_r0_c0.jpg,7092,27.6,,53,48.4,0,0,0,0,0,0.0,0.0,74.0,0.0,7.3,7.3,0.0,0.0,,2026-05-07 13:49:25
germ-germinadorap-de5832|LOT-20260506-651F-005|r0_c0|rep0,LOT-20260506-651F-005:A1:R0,germ-germinadorap-de5832,LOT-20260506-651F-005,A1,0,0,0,Hierbabuena,,,,,,,2026-05-07 14:04:20,2026-05-06 20:48:22,17.27,1,cg_1778162658454_1,3759,cam1_20260507_080420.jpg,crops/cam1_20260507_080420_r0_c0.jpg,3761,cam1_20260507_080426.jpg,crops/cam1_20260507_080426_r0_c0.jpg,7104,27.6,,50,47.3,0,0,0,0,0,0.0,0.0,78.0,0.0,7.5,7.5,0.0,0.0,,2026-05-07 14:04:27
germ-germinadorap-de5832|LOT-20260506-651F-005|r0_c0|rep0,LOT-20260506-651F-005:A1:R0,germ-germinadorap-de5832,LOT-20260506-651F-005,A1,0,0,0,Hierbabuena,,,,,,,2026-05-07 14:19:20,2026-05-06 20:48:22,17.52,1,cg_1778163558455_1,3763,cam1_20260507_081920.jpg,crops/cam1_20260507_081920_r0_c0.jpg,3765,cam1_20260507_081924.jpg,crops/cam1_20260507_081924_r0_c0.jpg,7116,28.1,,49,49.6,0,0,0,0,0,0.0,0.0,93.0,0.0,7.8,7.8,0.0,0.0,,2026-05-07 14:19:25
germ-germinadorap-de5832|LOT-20260506-651F-005|r0_c0|rep0,LOT-20260506-651F-005:A1:R0,germ-germinadorap-de5832,LOT-20260506-651F-005,A1,0,0,0,Hierbabuena,,,,,,,2026-05-07 14:34:20,2026-05-06 20:48:22,17.77,1,cg_1778164458459_1,3767,cam1_20260507_083420.jpg,crops/cam1_20260507_083420_r0_c0.jpg,3769,cam1_20260507_083424.jpg,crops/cam1_20260507_083424_r0_c0.jpg,7128,28.3,,49,48.7,0,0,0,0,0,0.0,0.0,108.0,0.0,8.1,8.1,0.0,0.0,,2026-05-07 14:34:25
germ-germinadorap-de5832|LOT-20260506-651F-005|r0_c0|rep0,LOT-20260506-651F-005:A1:R0,germ-germinadorap-de5832,LOT-20260506-651F-005,A1,0,0,0,Hierbabuena,,,,,,,2026-05-07 14:49:21,2026-05-06 20:48:22,18.02,1,cg_1778165358459_1,3771,cam1_20260507_084920.jpg,crops/cam1_20260507_084920_r0_c0.jpg,3773,cam1_20260507_084924.jpg,crops/cam1_20260507_084924_r0_c0.jpg,7140,28.4,,47,48.5,0,0,0,0,0,0.0,0.0,123.0,0.0,8.3,8.3,0.0,0.0,,2026-05-07 14:49:25
germ-germinadorap-de5832|LOT-20260506-651F-005|r0_c0|rep0,LOT-20260506-651F-005:A1:R0,germ-germinadorap-de5832,LOT-20260506-651F-005,A1,0,0,0,Hierbabuena,,,,,,,2026-05-07 15:04:46,2026-05-06 20:48:22,18.27,1,cg_1778166284014_1,3775,cam1_20260507_090446.jpg,crops/cam1_20260507_090446_r0_c0.jpg,3777,cam1_20260507_090452.jpg,crops/cam1_20260507_090452_r0_c0.jpg,7152,28.5,,44,49.5,0,0,0,0,0,0.0,0.0,138.0,0.0,8.6,8.6,0.0,0.0,,2026-05-07 15:04:53
germ-germinadorap-de5832|LOT-20260506-651F-005|r0_c0|rep0,LOT-20260506-651F-005:A1:R0,germ-germinadorap-de5832,LOT-20260506-651F-005,A1,0,0,0,Hierbabuena,,,,,,,2026-05-07 15:19:46,2026-05-06 20:48:22,18.52,1,cg_1778167184015_1,3779,cam1_20260507_091945.jpg,crops/cam1_20260507_091945_r0_c0.jpg,3781,cam1_20260507_091951.jpg,crops/cam1_20260507_091951_r0_c0.jpg,7164,28.7,,44,45.2,0,0,0,0,0,0.0,0.0,153.0,0.0,8.8,8.8,0.0,0.0,,2026-05-07 15:19:52
germ-germinadorap-de5832|LOT-20260506-651F-005|r0_c0|rep0,LOT-20260506-651F-005:A1:R0,germ-germinadorap-de5832,LOT-20260506-651F-005,A1,0,0,0,Hierbabuena,,,,,,,2026-05-07 15:34:46,2026-05-06 20:48:22,18.77,1,cg_1778168084021_1,3783,cam1_20260507_093445.jpg,crops/cam1_20260507_093445_r0_c0.jpg,3785,cam1_20260507_093451.jpg,crops/cam1_20260507_093451_r0_c0.jpg,7176,28.4,,39,44.8,0,0,0,0,0,0.0,0.0,168.0,0.0,9.1,9.1,0.0,0.0,,2026-05-07 15:34:52
germ-germinadorap-de5832|LOT-20260506-651F-005|r0_c0|rep0,LOT-20260506-651F-005:A1:R0,germ-germinadorap-de5832,LOT-20260506-651F-005,A1,0,0,0,Hierbabuena,,,,,,,2026-05-07 15:49:46,2026-05-06 20:48:22,19.02,1,cg_1778168984028_1,3787,cam1_20260507_094945.jpg,crops/cam1_20260507_094945_r0_c0.jpg,3789,cam1_20260507_094951.jpg,crops/cam1_20260507_094951_r0_c0.jpg,7188,28.8,,40,44.9,0,0,0,0,0,0.0,0.0,183.0,0.0,9.3,9.3,0.0,0.0,,2026-05-07 15:49:52
germ-germinadorap-de5832|LOT-20260506-651F-005|r0_c0|rep0,LOT-20260506-651F-005:A1:R0,germ-germinadorap-de5832,LOT-20260506-651F-005,A1,0,0,0,Hierbabuena,,,,,,,2026-05-07 16:04:46,2026-05-06 20:48:22,19.27,1,cg_1778169884032_1,3791,cam1_20260507_100446.jpg,crops/cam1_20260507_100446_r0_c0.jpg,3793,cam1_20260507_100451.jpg,crops/cam1_20260507_100451_r0_c0.jpg,7200,29,,40,46.1,0,0,0,0,0,0.0,0.0,198.0,0.0,9.6,9.6,0.0,0.0,,2026-05-07 16:04:52
germ-germinadorap-de5832|LOT-20260506-651F-005|r0_c0|rep0,LOT-20260506-651F-005:A1:R0,germ-germinadorap-de5832,LOT-20260506-651F-005,A1,0,0,0,Hierbabuena,,,,,,,2026-05-07 16:19:46,2026-05-06 20:48:22,19.52,1,cg_1778170784035_1,3795,cam1_20260507_101945.jpg,crops/cam1_20260507_101945_r0_c0.jpg,3797,cam1_20260507_101951.jpg,crops/cam1_20260507_101951_r0_c0.jpg,7212,28.5,,42,44.5,0,0,0,0,0,0.0,0.0,213.0,0.0,9.8,9.8,0.0,0.0,,2026-05-07 16:19:52
germ-germinadorap-de5832|LOT-20260506-651F-005|r0_c0|rep0,LOT-20260506-651F-005:A1:R0,germ-germinadorap-de5832,LOT-20260506-651F-005,A1,0,0,0,Hierbabuena,,,,,,,2026-05-07 16:34:46,2026-05-06 20:48:22,19.77,1,cg_1778171684041_1,3799,cam1_20260507_103445.jpg,crops/cam1_20260507_103445_r0_c0.jpg,3801,cam1_20260507_103451.jpg,crops/cam1_20260507_103451_r0_c0.jpg,7224,28.9,,39,43.3,0,0,0,0,0,0.0,0.0,227.0,0.0,10.1,10.1,0.0,0.0,,2026-05-07 16:34:52
germ-germinadorap-de5832|LOT-20260506-651F-005|r0_c0|rep0,LOT-20260506-651F-005:A1:R0,germ-germinadorap-de5832,LOT-20260506-651F-005,A1,0,0,0,Hierbabuena,,,,,,,2026-05-07 16:49:46,2026-05-06 20:48:22,20.02,1,cg_1778172584046_1,3803,cam1_20260507_104945.jpg,crops/cam1_20260507_104945_r0_c0.jpg,3805,cam1_20260507_104951.jpg,crops/cam1_20260507_104951_r0_c0.jpg,7236,28.8,,40,43.7,0,0,0,0,0,0.0,0.0,242.0,0.0,10.3,10.3,0.0,0.0,,2026-05-07 16:49:52
germ-germinadorap-de5832|LOT-20260506-651F-005|r0_c0|rep0,LOT-20260506-651F-005:A1:R0,germ-germinadorap-de5832,LOT-20260506-651F-005,A1,0,0,0,Hierbabuena,,,,,,,2026-05-07 17:04:46,2026-05-06 20:48:22,20.27,1,cg_1778173484048_1,3807,cam1_20260507_110445.jpg,crops/cam1_20260507_110445_r0_c0.jpg,3809,cam1_20260507_110451.jpg,crops/cam1_20260507_110451_r0_c0.jpg,7248,29.2,,42,44.6,0,0,0,0,0,0.0,0.0,257.0,0.0,10.5,10.5,0.0,0.0,,2026-05-07 17:04:52
germ-germinadorap-de5832|LOT-20260506-651F-005|r0_c0|rep0,LOT-20260506-651F-005:A1:R0,germ-germinadorap-de5832,LOT-20260506-651F-005,A1,0,0,0,Hierbabuena,,,,,,,2026-05-07 17:21:43,2026-05-06 20:48:22,20.56,1,cg_1778174499958_1,3811,cam1_20260507_112142.jpg,crops/cam1_20260507_112142_r0_c0.jpg,3813,cam1_20260507_112148.jpg,crops/cam1_20260507_112148_r0_c0.jpg,7260,28.9,,42,45.8,0,0,0,0,0,0.0,0.0,274.0,0.0,10.8,10.8,0.0,0.0,,2026-05-07 17:21:49
germ-germinadorap-de5832|LOT-20260506-651F-005|r0_c0|rep0,LOT-20260506-651F-005:A1:R0,germ-germinadorap-de5832,LOT-20260506-651F-005,A1,0,0,0,Hierbabuena,,,,,,,2026-05-07 17:37:04,2026-05-06 20:48:22,20.81,1,cg_1778175422022_1,3815,cam1_20260507_113703.jpg,crops/cam1_20260507_113703_r0_c0.jpg,3817,cam1_20260507_113708.jpg,crops/cam1_20260507_113708_r0_c0.jpg,7272,29.1,,44,47.5,0,0,0,0,0,0.0,0.0,289.0,0.0,11.1,11.1,0.0,0.0,,2026-05-07 17:37:09
germ-germinadorap-de5832|LOT-20260506-651F-005|r0_c0|rep0,LOT-20260506-651F-005:A1:R0,germ-germinadorap-de5832,LOT-20260506-651F-005,A1,0,0,0,Hierbabuena,,,,,,,2026-05-07 17:52:04,2026-05-06 20:48:22,21.06,1,cg_1778176322027_1,3819,cam1_20260507_115203.jpg,crops/cam1_20260507_115203_r0_c0.jpg,3821,cam1_20260507_115208.jpg,crops/cam1_20260507_115208_r0_c0.jpg,7284,29.3,,45,47,0,0,0,0,0,0.0,0.0,304.0,0.0,11.3,11.3,0.0,0.0,,2026-05-07 17:52:09
germ-germinadorap-de5832|LOT-20260506-651F-005|r0_c0|rep0,LOT-20260506-651F-005:A1:R0,germ-germinadorap-de5832,LOT-20260506-651F-005,A1,0,0,0,Hierbabuena,,,,,,,2026-05-07 18:07:24,2026-05-06 20:48:22,21.32,1,cg_1778177241343_1,3823,cam1_20260507_120723.jpg,crops/cam1_20260507_120723_r0_c0.jpg,3825,cam1_20260507_120728.jpg,crops/cam1_20260507_120728_r0_c0.jpg,7296,29.4,,48,46.3,0,0,0,0,0,0.0,0.0,319.0,0.0,11.6,11.6,0.0,0.0,,2026-05-07 18:07:30
germ-germinadorap-de5832|LOT-20260506-651F-005|r0_c0|rep0,LOT-20260506-651F-005:A1:R0,germ-germinadorap-de5832,LOT-20260506-651F-005,A1,0,0,0,Hierbabuena,,,,,,,2026-05-07 18:22:24,2026-05-06 20:48:22,21.57,1,cg_1778178141343_1,3827,cam1_20260507_122223.jpg,crops/cam1_20260507_122223_r0_c0.jpg,3829,cam1_20260507_122228.jpg,crops/cam1_20260507_122228_r0_c0.jpg,7308,29.6,,47,44.7,0,0,0,0,0,0.0,0.0,334.0,0.0,11.8,11.8,0.0,0.0,,2026-05-07 18:22:30
germ-germinadorap-de5832|LOT-20260506-651F-005|r0_c0|rep0,LOT-20260506-651F-005:A1:R0,germ-germinadorap-de5832,LOT-20260506-651F-005,A1,0,0,0,Hierbabuena,,,,,,,2026-05-07 18:37:40,2026-05-06 20:48:22,21.82,1,cg_1778179057867_1,3831,cam1_20260507_123739.jpg,crops/cam1_20260507_123739_r0_c0.jpg,3833,cam1_20260507_123744.jpg,crops/cam1_20260507_123744_r0_c0.jpg,7320,28.7,,37,100,0,0,0,0,0,0.0,0.0,350.0,0.0,12.1,12.1,0.0,0.0,,2026-05-07 18:37:45
germ-germinadorap-de5832|LOT-20260506-651F-005|r0_c0|rep0,LOT-20260506-651F-005:A1:R0,germ-germinadorap-de5832,LOT-20260506-651F-005,A1,0,0,0,Hierbabuena,,,,,,,2026-05-07 18:52:40,2026-05-06 20:48:22,22.07,1,cg_1778179957825_1,3835,cam1_20260507_125239.jpg,crops/cam1_20260507_125239_r0_c0.jpg,3837,cam1_20260507_125243.jpg,crops/cam1_20260507_125243_r0_c0.jpg,7332,28.2,,37,100,0,0,0,0,0,0.0,0.0,364.0,0.0,12.3,12.3,0.0,0.0,,2026-05-07 18:52:44
germ-germinadorap-de5832|LOT-20260506-651F-005|r0_c0|rep0,LOT-20260506-651F-005:A1:R0,germ-germinadorap-de5832,LOT-20260506-651F-005,A1,0,0,0,Hierbabuena,,,,,,,2026-05-07 19:07:40,2026-05-06 20:48:22,22.32,1,cg_1778180857828_1,3839,cam1_20260507_130739.jpg,crops/cam1_20260507_130739_r0_c0.jpg,3841,cam1_20260507_130744.jpg,crops/cam1_20260507_130744_r0_c0.jpg,7344,27.8,,35,100,0,0,0,0,0,0.0,0.0,379.0,0.0,12.6,12.6,0.0,0.0,,2026-05-07 19:07:44
germ-germinadorap-de5832|LOT-20260506-651F-005|r0_c0|rep0,LOT-20260506-651F-005:A1:R0,germ-germinadorap-de5832,LOT-20260506-651F-005,A1,0,0,0,Hierbabuena,,,,,,,2026-05-07 19:22:40,2026-05-06 20:48:22,22.57,1,cg_1778181757829_1,3843,cam1_20260507_132239.jpg,crops/cam1_20260507_132239_r0_c0.jpg,3845,cam1_20260507_132243.jpg,crops/cam1_20260507_132243_r0_c0.jpg,7356,27.8,,36,100,0,0,0,0,0,0.0,0.0,394.0,0.0,12.8,12.8,0.0,0.0,,2026-05-07 19:22:44
germ-germinadorap-de5832|LOT-20260506-651F-005|r0_c0|rep0,LOT-20260506-651F-005:A1:R0,germ-germinadorap-de5832,LOT-20260506-651F-005,A1,0,0,0,Hierbabuena,,,,,,,2026-05-07 19:37:40,2026-05-06 20:48:22,22.82,1,cg_1778182657834_1,3847,cam1_20260507_133739.jpg,crops/cam1_20260507_133739_r0_c0.jpg,3849,cam1_20260507_133744.jpg,crops/cam1_20260507_133744_r0_c0.jpg,7368,27.8,,35,100,0,0,0,0,0,0.0,0.0,409.0,0.0,13.1,13.1,0.0,0.0,,2026-05-07 19:37:44
germ-germinadorap-de5832|LOT-20260506-651F-005|r0_c0|rep0,LOT-20260506-651F-005:A1:R0,germ-germinadorap-de5832,LOT-20260506-651F-005,A1,0,0,0,Hierbabuena,,,,,,,2026-05-07 19:52:40,2026-05-06 20:48:22,23.07,1,cg_1778183557834_1,3851,cam1_20260507_135239.jpg,crops/cam1_20260507_135239_r0_c0.jpg,3853,cam1_20260507_135244.jpg,crops/cam1_20260507_135244_r0_c0.jpg,7380,27.6,,36,100,0,0,0,0,0,0.0,0.0,424.0,0.0,13.3,13.3,0.0,0.0,,2026-05-07 19:52:45
germ-germinadorap-de5832|LOT-20260506-651F-005|r0_c0|rep0,LOT-20260506-651F-005:A1:R0,germ-germinadorap-de5832,LOT-20260506-651F-005,A1,0,0,0,Hierbabuena,,,,,,,2026-05-07 20:07:40,2026-05-06 20:48:22,23.32,1,cg_1778184457835_1,3855,cam1_20260507_140739.jpg,crops/cam1_20260507_140739_r0_c0.jpg,3857,cam1_20260507_140743.jpg,crops/cam1_20260507_140743_r0_c0.jpg,7392,27.8,,36,100,0,0,0,0,0,0.0,0.0,439.0,0.0,13.4,13.4,0.0,0.0,,2026-05-07 20:07:44
germ-germinadorap-de5832|LOT-20260506-651F-005|r0_c0|rep0,LOT-20260506-651F-005:A1:R0,germ-germinadorap-de5832,LOT-20260506-651F-005,A1,0,0,0,Hierbabuena,,,,,,,2026-05-07 20:22:40,2026-05-06 20:48:22,23.57,1,cg_1778185357837_1,3859,cam1_20260507_142239.jpg,crops/cam1_20260507_142239_r0_c0.jpg,3861,cam1_20260507_142243.jpg,crops/cam1_20260507_142243_r0_c0.jpg,7404,27.5,,36,100,0,0,0,0,0,0.0,0.0,454.0,0.0,13.4,13.4,0.0,0.0,,2026-05-07 20:22:45
germ-germinadorap-de5832|LOT-20260506-651F-005|r0_c0|rep0,LOT-20260506-651F-005:A1:R0,germ-germinadorap-de5832,LOT-20260506-651F-005,A1,0,0,0,Hierbabuena,,,,,,,2026-05-07 20:37:39,2026-05-06 20:48:22,23.82,1,cg_1778186257837_1,3863,cam1_20260507_143739.jpg,crops/cam1_20260507_143739_r0_c0.jpg,3865,cam1_20260507_143743.jpg,crops/cam1_20260507_143743_r0_c0.jpg,7416,27.6,,34,100,0,0,0,0,0,0.0,0.0,469.0,0.0,13.4,13.4,0.0,0.0,,2026-05-07 20:37:44
germ-germinadorap-de5832|LOT-20260506-651F-005|r0_c0|rep0,LOT-20260506-651F-005:A1:R0,germ-germinadorap-de5832,LOT-20260506-651F-005,A1,0,0,0,Hierbabuena,,,,,,,2026-05-07 20:52:40,2026-05-06 20:48:22,24.07,2,cg_1778187157838_1,3867,cam1_20260507_145239.jpg,crops/cam1_20260507_145239_r0_c0.jpg,3869,cam1_20260507_145243.jpg,crops/cam1_20260507_145243_r0_c0.jpg,7428,27.3,,35,100,0,0,0,0,0,0.0,0.0,484.0,0.0,13.4,6.7,0.0,0.0,,2026-05-07 20:52:44
germ-germinadorap-de5832|LOT-20260506-651F-005|r0_c0|rep0,LOT-20260506-651F-005:A1:R0,germ-germinadorap-de5832,LOT-20260506-651F-005,A1,0,0,0,Hierbabuena,,,,,,,2026-05-07 21:07:40,2026-05-06 20:48:22,24.32,2,cg_1778188057847_1,3871,cam1_20260507_150739.jpg,crops/cam1_20260507_150739_r0_c0.jpg,3873,cam1_20260507_150743.jpg,crops/cam1_20260507_150743_r0_c0.jpg,7440,27.2,,35,100,0,0,0,0,0,0.0,0.0,499.0,0.0,13.4,6.7,0.0,0.0,,2026-05-07 21:07:44
germ-germinadorap-de5832|LOT-20260506-651F-005|r0_c0|rep0,LOT-20260506-651F-005:A1:R0,germ-germinadorap-de5832,LOT-20260506-651F-005,A1,0,0,0,Hierbabuena,,,,,,,2026-05-07 21:22:40,2026-05-06 20:48:22,24.57,2,cg_1778188957856_1,3875,cam1_20260507_152239.jpg,crops/cam1_20260507_152239_r0_c0.jpg,3877,cam1_20260507_152243.jpg,crops/cam1_20260507_152243_r0_c0.jpg,7452,27.4,,34,100,0,0,0,0,0,0.0,0.0,514.0,0.0,13.4,6.7,0.0,0.0,,2026-05-07 21:22:44
germ-germinadorap-de5832|LOT-20260506-651F-005|r0_c0|rep0,LOT-20260506-651F-005:A1:R0,germ-germinadorap-de5832,LOT-20260506-651F-005,A1,0,0,0,Hierbabuena,,,,,,,2026-05-07 21:37:40,2026-05-06 20:48:22,24.82,2,cg_1778189857868_1,3879,cam1_20260507_153739.jpg,crops/cam1_20260507_153739_r0_c0.jpg,3881,cam1_20260507_153744.jpg,crops/cam1_20260507_153744_r0_c0.jpg,7464,27.5,,36,100,0,0,0,0,0,0.0,0.0,529.0,0.0,13.4,6.7,0.0,0.0,,2026-05-07 21:37:45
germ-germinadorap-de5832|LOT-20260506-651F-005|r0_c0|rep0,LOT-20260506-651F-005:A1:R0,germ-germinadorap-de5832,LOT-20260506-651F-005,A1,0,0,0,Hierbabuena,,,,,,,2026-05-07 21:52:40,2026-05-06 20:48:22,25.07,2,cg_1778190757875_1,3883,cam1_20260507_155239.jpg,crops/cam1_20260507_155239_r0_c0.jpg,3885,cam1_20260507_155243.jpg,crops/cam1_20260507_155243_r0_c0.jpg,7476,27.2,,35,100,0,0,0,0,0,0.0,0.0,544.0,0.0,13.4,6.7,0.0,0.0,,2026-05-07 21:52:44
germ-germinadorap-de5832|LOT-20260506-651F-005|r0_c0|rep0,LOT-20260506-651F-005:A1:R0,germ-germinadorap-de5832,LOT-20260506-651F-005,A1,0,0,0,Hierbabuena,,,,,,,2026-05-07 22:07:40,2026-05-06 20:48:22,25.32,2,cg_1778191657878_1,3887,cam1_20260507_160739.jpg,crops/cam1_20260507_160739_r0_c0.jpg,3889,cam1_20260507_160744.jpg,crops/cam1_20260507_160744_r0_c0.jpg,7488,27.1,,34,100,0,0,0,0,0,0.0,0.0,559.0,0.0,13.4,6.7,0.0,0.0,,2026-05-07 22:07:44
germ-germinadorap-de5832|LOT-20260506-651F-005|r0_c0|rep0,LOT-20260506-651F-005:A1:R0,germ-germinadorap-de5832,LOT-20260506-651F-005,A1,0,0,0,Hierbabuena,,,,,,,2026-05-07 22:22:40,2026-05-06 20:48:22,25.57,2,cg_1778192557882_1,3891,cam1_20260507_162240.jpg,crops/cam1_20260507_162240_r0_c0.jpg,3893,cam1_20260507_162245.jpg,crops/cam1_20260507_162245_r0_c0.jpg,7500,27.2,,34,100,0,0,0,0,0,0.0,0.0,573.0,0.0,13.4,6.7,0.0,0.0,,2026-05-07 22:22:46
germ-germinadorap-de5832|LOT-20260506-651F-005|r0_c0|rep0,LOT-20260506-651F-005:A1:R0,germ-germinadorap-de5832,LOT-20260506-651F-005,A1,0,0,0,Hierbabuena,,,,,,,2026-05-07 22:37:42,2026-05-06 20:48:22,25.82,2,cg_1778193457885_1,3895,cam1_20260507_163741.jpg,crops/cam1_20260507_163741_r0_c0.jpg,3897,cam1_20260507_163746.jpg,crops/cam1_20260507_163746_r0_c0.jpg,7512,27.3,,36,100,0,0,0,0,0,0.0,0.0,588.0,0.0,13.4,6.7,0.0,0.0,,2026-05-07 22:37:47
germ-germinadorap-de5832|LOT-20260506-651F-005|r0_c0|rep0,LOT-20260506-651F-005:A1:R0,germ-germinadorap-de5832,LOT-20260506-651F-005,A1,0,0,0,Hierbabuena,,,,,,,2026-05-07 22:52:40,2026-05-06 20:48:22,26.07,2,cg_1778194357887_1,3899,cam1_20260507_165240.jpg,crops/cam1_20260507_165240_r0_c0.jpg,3901,cam1_20260507_165245.jpg,crops/cam1_20260507_165245_r0_c0.jpg,7524,27.5,,37,48.6,0,0,0,0,0,0.0,0.0,603.0,0.0,13.5,6.7,0.0,0.0,,2026-05-07 22:52:46
germ-germinadorap-de5832|LOT-20260506-651F-005|r0_c0|rep0,LOT-20260506-651F-005:A1:R0,germ-germinadorap-de5832,LOT-20260506-651F-005,A1,0,0,0,Hierbabuena,,,,,,,2026-05-07 23:07:40,2026-05-06 20:48:22,26.32,2,cg_1778195257889_1,3903,cam1_20260507_170740.jpg,crops/cam1_20260507_170740_r0_c0.jpg,3905,cam1_20260507_170747.jpg,crops/cam1_20260507_170747_r0_c0.jpg,7536,27.3,,37,73.2,0,0,0,0,0,0.0,0.0,618.0,0.0,13.5,6.7,0.0,0.0,,2026-05-07 23:07:49
germ-germinadorap-de5832|LOT-20260506-651F-005|r0_c0|rep0,LOT-20260506-651F-005:A1:R0,germ-germinadorap-de5832,LOT-20260506-651F-005,A1,0,0,0,Hierbabuena,,,,,,,2026-05-07 23:22:41,2026-05-06 20:48:22,26.57,2,cg_1778196157887_1,3907,cam1_20260507_172241.jpg,crops/cam1_20260507_172241_r0_c0.jpg,3909,cam1_20260507_172245.jpg,crops/cam1_20260507_172245_r0_c0.jpg,7548,27.4,,35,44.6,0,0,0,0,0,0.0,0.0,633.0,0.0,13.5,6.7,0.0,0.0,,2026-05-07 23:22:46
germ-germinadorap-de5832|LOT-20260506-651F-005|r0_c0|rep0,LOT-20260506-651F-005:A1:R0,germ-germinadorap-de5832,LOT-20260506-651F-005,A1,0,0,0,Hierbabuena,,,,,,,2026-05-07 23:37:40,2026-05-06 20:48:22,26.82,2,cg_1778197057888_1,3911,cam1_20260507_173740.jpg,crops/cam1_20260507_173740_r0_c0.jpg,3913,cam1_20260507_173745.jpg,crops/cam1_20260507_173745_r0_c0.jpg,7560,27.1,,35,70.5,0,0,0,0,0,0.0,0.0,648.0,0.0,13.5,6.7,0.0,0.0,,2026-05-07 23:37:46
germ-germinadorap-de5832|LOT-20260506-651F-005|r0_c0|rep0,LOT-20260506-651F-005:A1:R0,germ-germinadorap-de5832,LOT-20260506-651F-005,A1,0,0,0,Hierbabuena,,,,,,,2026-05-07 23:52:40,2026-05-06 20:48:22,27.07,2,cg_1778197957891_1,3915,cam1_20260507_175240.jpg,crops/cam1_20260507_175240_r0_c0.jpg,3917,cam1_20260507_175245.jpg,crops/cam1_20260507_175245_r0_c0.jpg,7572,27,,37,49.9,0,0,0,0,0,0.0,0.0,663.0,0.0,13.5,6.7,0.0,0.0,,2026-05-07 23:52:47
germ-germinadorap-de5832|LOT-20260506-651F-005|r0_c0|rep0,LOT-20260506-651F-005:A1:R0,germ-germinadorap-de5832,LOT-20260506-651F-005,A1,0,0,0,Hierbabuena,,,,,,,2026-05-08 01:13:31,2026-05-06 20:48:22,28.42,2,cg_1778202809049_1,3919,cam1_20260507_191330.jpg,crops/cam1_20260507_191330_r0_c0.jpg,3921,cam1_20260507_191335.jpg,crops/cam1_20260507_191335_r0_c0.jpg,7584,25.8,,38,58.9,0,0,0,0,0,0.0,0.0,744.0,0.0,13.5,6.7,0.0,0.0,,2026-05-08 01:13:36
germ-germinadorap-de5832|LOT-20260506-651F-005|r0_c0|rep0,LOT-20260506-651F-005:A1:R0,germ-germinadorap-de5832,LOT-20260506-651F-005,A1,0,0,0,Hierbabuena,,,,,,,2026-05-08 01:28:31,2026-05-06 20:48:22,28.67,2,cg_1778203709047_1,3923,cam1_20260507_192830.jpg,crops/cam1_20260507_192830_r0_c0.jpg,3925,cam1_20260507_192835.jpg,crops/cam1_20260507_192835_r0_c0.jpg,7596,27,,42,91.7,0,0,0,0,0,0.0,0.0,759.0,0.0,13.5,6.7,0.0,0.0,,2026-05-08 01:28:36
germ-germinadorap-de5832|LOT-20260506-651F-005|r0_c0|rep0,LOT-20260506-651F-005:A1:R0,germ-germinadorap-de5832,LOT-20260506-651F-005,A1,0,0,0,Hierbabuena,,,,,,,2026-05-08 01:43:31,2026-05-06 20:48:22,28.92,2,cg_1778204609053_1,3927,cam1_20260507_194330.jpg,crops/cam1_20260507_194330_r0_c0.jpg,3929,cam1_20260507_194335.jpg,crops/cam1_20260507_194335_r0_c0.jpg,7608,27.6,,41,97.2,0,0,0,0,0,0.0,0.0,773.0,0.0,13.5,6.7,0.0,0.0,,2026-05-08 01:43:36
germ-germinadorap-de5832|LOT-20260506-651F-005|r0_c0|rep0,LOT-20260506-651F-005:A1:R0,germ-germinadorap-de5832,LOT-20260506-651F-005,A1,0,0,0,Hierbabuena,,,,,,,2026-05-08 01:58:31,2026-05-06 20:48:22,29.17,2,cg_1778205509059_1,3931,cam1_20260507_195830.jpg,crops/cam1_20260507_195830_r0_c0.jpg,3933,cam1_20260507_195835.jpg,crops/cam1_20260507_195835_r0_c0.jpg,7620,28,,41,94.4,0,0,0,0,0,0.0,0.0,788.0,0.0,13.5,6.7,0.0,0.0,,2026-05-08 01:58:36
germ-germinadorap-de5832|LOT-20260506-651F-005|r0_c0|rep0,LOT-20260506-651F-005:A1:R0,germ-germinadorap-de5832,LOT-20260506-651F-005,A1,0,0,0,Hierbabuena,,,,,,,2026-05-08 02:13:31,2026-05-06 20:48:22,29.42,2,cg_1778206409065_1,3935,cam1_20260507_201330.jpg,crops/cam1_20260507_201330_r0_c0.jpg,3937,cam1_20260507_201335.jpg,crops/cam1_20260507_201335_r0_c0.jpg,7632,27.8,,39,91.7,0,0,0,0,0,0.0,0.0,790.0,0.0,13.5,6.7,0.0,0.0,,2026-05-08 02:13:36
germ-germinadorap-de5832|LOT-20260506-651F-005|r0_c0|rep0,LOT-20260506-651F-005:A1:R0,germ-germinadorap-de5832,LOT-20260506-651F-005,A1,0,0,0,Hierbabuena,,,,,,,2026-05-08 02:28:31,2026-05-06 20:48:22,29.67,2,cg_1778207309070_1,3939,cam1_20260507_202830.jpg,crops/cam1_20260507_202830_r0_c0.jpg,3941,cam1_20260507_202835.jpg,crops/cam1_20260507_202835_r0_c0.jpg,7644,27.7,,40,91.7,0,0,0,0,0,0.0,0.0,790.0,0.0,13.5,6.7,0.0,0.0,,2026-05-08 02:28:36
germ-germinadorap-de5832|LOT-20260506-651F-005|r0_c0|rep0,LOT-20260506-651F-005:A1:R0,germ-germinadorap-de5832,LOT-20260506-651F-005,A1,0,0,0,Hierbabuena,,,,,,,2026-05-08 02:43:31,2026-05-06 20:48:22,29.92,2,cg_1778208209075_1,3943,cam1_20260507_204330.jpg,crops/cam1_20260507_204330_r0_c0.jpg,3945,cam1_20260507_204335.jpg,crops/cam1_20260507_204335_r0_c0.jpg,7656,27.8,,43,90.7,0,0,0,0,0,0.0,0.0,790.0,0.0,13.5,6.7,0.0,0.0,,2026-05-08 02:43:36
germ-germinadorap-de5832|LOT-20260506-651F-005|r0_c0|rep0,LOT-20260506-651F-005:A1:R0,germ-germinadorap-de5832,LOT-20260506-651F-005,A1,0,0,0,Hierbabuena,,,,,,,2026-05-08 02:58:31,2026-05-06 20:48:22,30.17,2,cg_1778209109081_1,3947,cam1_20260507_205830.jpg,crops/cam1_20260507_205830_r0_c0.jpg,3949,cam1_20260507_205835.jpg,crops/cam1_20260507_205835_r0_c0.jpg,7668,27.6,,45,85.2,0,0,0,0,0,0.0,0.0,790.0,0.0,13.5,6.7,0.0,0.0,,2026-05-08 02:58:36
germ-germinadorap-de5832|LOT-20260506-651F-005|r0_c0|rep0,LOT-20260506-651F-005:A1:R0,germ-germinadorap-de5832,LOT-20260506-651F-005,A1,0,0,0,Hierbabuena,,,,,,,2026-05-08 03:13:31,2026-05-06 20:48:22,30.42,2,cg_1778210009087_1,3951,cam1_20260507_211330.jpg,crops/cam1_20260507_211330_r0_c0.jpg,3953,cam1_20260507_211335.jpg,crops/cam1_20260507_211335_r0_c0.jpg,7680,27.6,,51,90.7,0,0,0,0,0,0.0,0.0,790.0,0.0,13.5,6.7,0.0,0.0,,2026-05-08 03:13:36
germ-germinadorap-de5832|LOT-20260506-651F-005|r0_c0|rep0,LOT-20260506-651F-005:A1:R0,germ-germinadorap-de5832,LOT-20260506-651F-005,A1,0,0,0,Hierbabuena,,,,,,,2026-05-08 03:28:31,2026-05-06 20:48:22,30.67,2,cg_1778210909089_1,3955,cam1_20260507_212830.jpg,crops/cam1_20260507_212830_r0_c0.jpg,3957,cam1_20260507_212836.jpg,crops/cam1_20260507_212836_r0_c0.jpg,7692,27.5,,42,79.6,0,0,0,0,0,0.0,0.0,790.0,0.0,13.5,6.7,0.0,0.0,,2026-05-08 03:28:37
germ-germinadorap-de5832|LOT-20260506-651F-005|r0_c0|rep0,LOT-20260506-651F-005:A1:R0,germ-germinadorap-de5832,LOT-20260506-651F-005,A1,0,0,0,Hierbabuena,,,,,,,2026-05-08 04:48:45,2026-05-06 20:48:22,32.01,2,cg_1778215723174_1,3958,cam1_20260507_224844.jpg,crops/cam1_20260507_224844_r0_c0.jpg,3960,cam1_20260507_224847.jpg,crops/cam1_20260507_224847_r0_c0.jpg,7699,26.7,,50,68.8,0,0,0,0,0,0.0,0.0,791.0,0.0,13.5,6.7,0.0,0.0,,2026-05-08 04:48:48
germ-germinadorap-de5832|LOT-20260506-651F-005|r0_c0|rep0,LOT-20260506-651F-005:A1:R0,germ-germinadorap-de5832,LOT-20260506-651F-005,A1,0,0,0,Hierbabuena,,,,,,,2026-05-08 05:03:45,2026-05-06 20:48:22,32.26,2,cg_1778216623174_1,3962,cam1_20260507_230344.jpg,crops/cam1_20260507_230344_r0_c0.jpg,3964,cam1_20260507_230347.jpg,crops/cam1_20260507_230347_r0_c0.jpg,7711,27,,56,74.1,0,0,0,0,0,0.0,0.0,791.0,0.0,13.5,6.7,0.0,0.0,,2026-05-08 05:03:48
germ-germinadorap-de5832|LOT-20260506-651F-005|r0_c0|rep0,LOT-20260506-651F-005:A1:R0,germ-germinadorap-de5832,LOT-20260506-651F-005,A1,0,0,0,Hierbabuena,,,,,,,2026-05-08 05:18:45,2026-05-06 20:48:22,32.51,2,cg_1778217523180_1,3967,cam1_20260507_231844.jpg,crops/cam1_20260507_231844_r0_c0.jpg,3969,cam1_20260507_231849.jpg,crops/cam1_20260507_231849_r0_c0.jpg,7728,27.2,,55,69.6,0,0,0,0,0,0.0,0.0,791.0,0.0,13.5,6.8,0.0,0.0,,2026-05-08 05:18:50
germ-germinadorap-de5832|LOT-20260506-651F-005|r0_c0|rep0,LOT-20260506-651F-005:A1:R0,germ-germinadorap-de5832,LOT-20260506-651F-005,A1,0,0,0,Hierbabuena,,,,,,,2026-05-08 05:33:45,2026-05-06 20:48:22,32.76,2,cg_1778218423187_1,3970,cam1_20260507_233344.jpg,crops/cam1_20260507_233344_r0_c0.jpg,3972,cam1_20260507_233347.jpg,crops/cam1_20260507_233347_r0_c0.jpg,7735,27.3,,56,49,0,0,0,0,0,0.0,0.0,792.0,0.0,13.5,6.8,0.0,0.0,,2026-05-08 05:33:48
germ-germinadorap-de5832|LOT-20260506-651F-005|r0_c0|rep0,LOT-20260506-651F-005:A1:R0,germ-germinadorap-de5832,LOT-20260506-651F-005,A1,0,0,0,Hierbabuena,,,,,,,2026-05-08 05:48:45,2026-05-06 20:48:22,33.01,2,cg_1778219323193_1,3975,cam1_20260507_234844.jpg,crops/cam1_20260507_234844_r0_c0.jpg,3977,cam1_20260507_234849.jpg,crops/cam1_20260507_234849_r0_c0.jpg,7752,27.4,,56,70.5,0,0,0,0,0,0.0,0.0,792.0,0.0,13.5,6.8,0.0,0.0,,2026-05-08 05:48:50
germ-germinadorap-de5832|LOT-20260506-651F-005|r0_c0|rep0,LOT-20260506-651F-005:A1:R0,germ-germinadorap-de5832,LOT-20260506-651F-005,A1,0,0,0,Hierbabuena,,,,,,,2026-05-08 06:03:45,2026-05-06 20:48:22,33.26,2,cg_1778220223200_1,3979,cam1_20260508_000344.jpg,crops/cam1_20260508_000344_r0_c0.jpg,3981,cam1_20260508_000349.jpg,crops/cam1_20260508_000349_r0_c0.jpg,7764,27.5,,55,48.9,0,0,0,0,0,0.0,0.0,792.0,0.0,13.5,6.8,0.0,0.0,,2026-05-08 06:03:50
germ-germinadorap-de5832|LOT-20260506-651F-005|r0_c0|rep0,LOT-20260506-651F-005:A1:R0,germ-germinadorap-de5832,LOT-20260506-651F-005,A1,0,0,0,Hierbabuena,,,,,,,2026-05-08 06:18:45,2026-05-06 20:48:22,33.51,2,cg_1778221123204_1,3982,cam1_20260508_001844.jpg,crops/cam1_20260508_001844_r0_c0.jpg,3984,cam1_20260508_001847.jpg,crops/cam1_20260508_001847_r0_c0.jpg,7771,27.6,,56,48.4,0,0,0,0,0,0.0,0.0,792.0,0.0,13.5,6.8,0.0,0.0,,2026-05-08 06:18:48
germ-germinadorap-de5832|LOT-20260506-651F-005|r0_c0|rep0,LOT-20260506-651F-005:A1:R0,germ-germinadorap-de5832,LOT-20260506-651F-005,A1,0,0,0,Hierbabuena,,,,,,,2026-05-08 06:33:45,2026-05-06 20:48:22,33.76,2,cg_1778222023210_1,3987,cam1_20260508_003345.jpg,crops/cam1_20260508_003345_r0_c0.jpg,3989,cam1_20260508_003350.jpg,crops/cam1_20260508_003350_r0_c0.jpg,7788,27.6,,56,59.8,0,0,0,0,0,0.0,0.0,792.0,0.0,13.5,6.8,0.0,0.0,,2026-05-08 06:33:51
germ-germinadorap-de5832|LOT-20260506-651F-005|r0_c0|rep0,LOT-20260506-651F-005:A1:R0,germ-germinadorap-de5832,LOT-20260506-651F-005,A1,0,0,0,Hierbabuena,,,,,,,2026-05-08 06:48:45,2026-05-06 20:48:22,34.01,2,cg_1778222923211_1,3990,cam1_20260508_004844.jpg,crops/cam1_20260508_004844_r0_c0.jpg,3992,cam1_20260508_004847.jpg,crops/cam1_20260508_004847_r0_c0.jpg,7795,27.5,,57,49.4,0,0,0,0,0,0.0,0.0,792.0,0.0,13.5,6.8,0.0,0.0,,2026-05-08 06:48:48
germ-germinadorap-de5832|LOT-20260506-651F-005|r0_c0|rep0,LOT-20260506-651F-005:A1:R0,germ-germinadorap-de5832,LOT-20260506-651F-005,A1,0,0,0,Hierbabuena,,,,,,,2026-05-08 07:03:45,2026-05-06 20:48:22,34.26,2,cg_1778223823213_1,3995,cam1_20260508_010345.jpg,crops/cam1_20260508_010345_r0_c0.jpg,3997,cam1_20260508_010349.jpg,crops/cam1_20260508_010349_r0_c0.jpg,7812,27.6,,52,48.6,0,0,0,0,0,0.0,0.0,792.0,0.0,13.5,6.8,0.0,0.0,,2026-05-08 07:03:50
germ-germinadorap-de5832|LOT-20260506-651F-005|r0_c0|rep0,LOT-20260506-651F-005:A1:R0,germ-germinadorap-de5832,LOT-20260506-651F-005,A1,0,0,0,Hierbabuena,,,,,,,2026-05-08 07:18:45,2026-05-06 20:48:22,34.51,2,cg_1778224723215_1,3998,cam1_20260508_011844.jpg,crops/cam1_20260508_011844_r0_c0.jpg,4000,cam1_20260508_011847.jpg,crops/cam1_20260508_011847_r0_c0.jpg,7819,27.5,,54,56.3,0,0,0,0,0,0.0,0.0,792.0,0.0,13.5,6.8,0.0,0.0,,2026-05-08 07:18:48
germ-germinadorap-de5832|LOT-20260506-651F-005|r0_c0|rep0,LOT-20260506-651F-005:A1:R0,germ-germinadorap-de5832,LOT-20260506-651F-005,A1,0,0,0,Hierbabuena,,,,,,,2026-05-08 07:33:45,2026-05-06 20:48:22,34.76,2,cg_1778225623220_1,4002,cam1_20260508_013344.jpg,crops/cam1_20260508_013344_r0_c0.jpg,4004,cam1_20260508_013347.jpg,crops/cam1_20260508_013347_r0_c0.jpg,7831,27.6,,55,56.3,0,0,0,0,0,0.0,0.0,792.0,0.0,13.5,6.8,0.0,0.0,,2026-05-08 07:33:48
germ-germinadorap-de5832|LOT-20260506-651F-005|r0_c0|rep0,LOT-20260506-651F-005:A1:R0,germ-germinadorap-de5832,LOT-20260506-651F-005,A1,0,0,0,Hierbabuena,,,,,,,2026-05-08 07:48:45,2026-05-06 20:48:22,35.01,2,cg_1778226523222_1,4006,cam1_20260508_014844.jpg,crops/cam1_20260508_014844_r0_c0.jpg,4008,cam1_20260508_014847.jpg,crops/cam1_20260508_014847_r0_c0.jpg,7843,27.5,,56,54.5,0,0,0,0,0,0.0,0.0,792.0,0.0,13.5,6.8,0.0,0.0,,2026-05-08 07:48:48
germ-germinadorap-de5832|LOT-20260506-651F-005|r0_c0|rep0,LOT-20260506-651F-005:A1:R0,germ-germinadorap-de5832,LOT-20260506-651F-005,A1,0,0,0,Hierbabuena,,,,,,,2026-05-08 08:03:45,2026-05-06 20:48:22,35.26,2,cg_1778227423224_1,4011,cam1_20260508_020344.jpg,crops/cam1_20260508_020344_r0_c0.jpg,4013,cam1_20260508_020349.jpg,crops/cam1_20260508_020349_r0_c0.jpg,7860,27.6,,55,48,0,0,0,0,0,0.0,0.0,792.0,0.0,13.6,6.8,0.0,0.0,,2026-05-08 08:03:50
germ-germinadorap-de5832|LOT-20260506-651F-005|r0_c0|rep0,LOT-20260506-651F-005:A1:R0,germ-germinadorap-de5832,LOT-20260506-651F-005,A1,0,0,0,Hierbabuena,,,,,,,2026-05-08 08:18:45,2026-05-06 20:48:22,35.51,2,cg_1778228323228_1,4014,cam1_20260508_021844.jpg,crops/cam1_20260508_021844_r0_c0.jpg,4016,cam1_20260508_021847.jpg,crops/cam1_20260508_021847_r0_c0.jpg,7867,27.5,,53,47.5,0,0,0,0,0,0.0,0.0,792.0,0.0,13.8,6.9,0.0,0.0,,2026-05-08 08:18:48
germ-germinadorap-de5832|LOT-20260506-651F-005|r0_c0|rep0,LOT-20260506-651F-005:A1:R0,germ-germinadorap-de5832,LOT-20260506-651F-005,A1,0,0,0,Hierbabuena,,,,,,,2026-05-08 08:33:45,2026-05-06 20:48:22,35.76,2,cg_1778229223233_1,4019,cam1_20260508_023344.jpg,crops/cam1_20260508_023344_r0_c0.jpg,4021,cam1_20260508_023349.jpg,crops/cam1_20260508_023349_r0_c0.jpg,7884,27.6,,55,47.8,0,0,0,0,0,0.0,0.0,792.0,0.0,14.1,7.0,0.0,0.0,,2026-05-08 08:33:50
germ-germinadorap-de5832|LOT-20260506-651F-005|r0_c0|rep0,LOT-20260506-651F-005:A1:R0,germ-germinadorap-de5832,LOT-20260506-651F-005,A1,0,0,0,Hierbabuena,,,,,,,2026-05-08 08:48:45,2026-05-06 20:48:22,36.01,2,cg_1778230123235_1,4022,cam1_20260508_024844.jpg,crops/cam1_20260508_024844_r0_c0.jpg,4024,cam1_20260508_024847.jpg,crops/cam1_20260508_024847_r0_c0.jpg,7891,27.6,,55,51.8,0,0,0,0,0,0.0,0.0,792.0,0.0,14.3,7.2,0.0,0.0,,2026-05-08 08:48:48
germ-germinadorap-de5832|LOT-20260506-651F-005|r0_c0|rep0,LOT-20260506-651F-005:A1:R0,germ-germinadorap-de5832,LOT-20260506-651F-005,A1,0,0,0,Hierbabuena,,,,,,,2026-05-08 09:03:45,2026-05-06 20:48:22,36.26,2,cg_1778231023242_1,4026,cam1_20260508_030344.jpg,crops/cam1_20260508_030344_r0_c0.jpg,4028,cam1_20260508_030347.jpg,crops/cam1_20260508_030347_r0_c0.jpg,7903,27.6,,54,49.5,0,0,0,0,0,0.0,0.0,792.0,0.0,14.6,7.3,0.0,0.0,,2026-05-08 09:03:48
germ-germinadorap-de5832|LOT-20260506-651F-005|r0_c0|rep0,LOT-20260506-651F-005:A1:R0,germ-germinadorap-de5832,LOT-20260506-651F-005,A1,0,0,0,Hierbabuena,,,,,,,2026-05-08 09:18:45,2026-05-06 20:48:22,36.51,2,cg_1778231923242_1,4031,cam1_20260508_031844.jpg,crops/cam1_20260508_031844_r0_c0.jpg,4033,cam1_20260508_031849.jpg,crops/cam1_20260508_031849_r0_c0.jpg,7920,27.6,,53,49.6,0,0,0,0,0,0.0,0.0,792.0,0.0,14.8,7.4,0.0,0.0,,2026-05-08 09:18:50
germ-germinadorap-de5832|LOT-20260506-651F-005|r0_c0|rep0,LOT-20260506-651F-005:A1:R0,germ-germinadorap-de5832,LOT-20260506-651F-005,A1,0,0,0,Hierbabuena,,,,,,,2026-05-08 09:33:45,2026-05-06 20:48:22,36.76,2,cg_1778232823245_1,4034,cam1_20260508_033344.jpg,crops/cam1_20260508_033344_r0_c0.jpg,4036,cam1_20260508_033347.jpg,crops/cam1_20260508_033347_r0_c0.jpg,7927,27.6,,55,48.4,0,0,0,0,0,0.0,0.0,792.0,0.0,15.1,7.5,0.0,0.0,,2026-05-08 09:33:48
germ-germinadorap-de5832|LOT-20260506-651F-005|r0_c0|rep0,LOT-20260506-651F-005:A1:R0,germ-germinadorap-de5832,LOT-20260506-651F-005,A1,0,0,0,Hierbabuena,,,,,,,2026-05-08 09:48:45,2026-05-06 20:48:22,37.01,2,cg_1778233723250_1,4038,cam1_20260508_034844.jpg,crops/cam1_20260508_034844_r0_c0.jpg,4040,cam1_20260508_034847.jpg,crops/cam1_20260508_034847_r0_c0.jpg,7939,27.6,,54,48.5,0,0,0,0,0,0.0,0.0,792.0,0.0,15.3,7.7,0.0,0.0,,2026-05-08 09:48:48
germ-germinadorap-de5832|LOT-20260506-651F-005|r0_c0|rep0,LOT-20260506-651F-005:A1:R0,germ-germinadorap-de5832,LOT-20260506-651F-005,A1,0,0,0,Hierbabuena,,,,,,,2026-05-08 10:03:45,2026-05-06 20:48:22,37.26,2,cg_1778234623252_1,4043,cam1_20260508_040344.jpg,crops/cam1_20260508_040344_r0_c0.jpg,4045,cam1_20260508_040349.jpg,crops/cam1_20260508_040349_r0_c0.jpg,7956,27.5,,53,49.1,0,0,0,0,0,0.0,0.0,792.0,0.0,15.6,7.8,0.0,0.0,,2026-05-08 10:03:50
germ-germinadorap-de5832|LOT-20260506-651F-005|r0_c0|rep0,LOT-20260506-651F-005:A1:R0,germ-germinadorap-de5832,LOT-20260506-651F-005,A1,0,0,0,Hierbabuena,,,,,,,2026-05-08 10:18:45,2026-05-06 20:48:22,37.51,2,cg_1778235523253_1,4046,cam1_20260508_041844.jpg,crops/cam1_20260508_041844_r0_c0.jpg,4048,cam1_20260508_041847.jpg,crops/cam1_20260508_041847_r0_c0.jpg,7963,27.6,,54,48.2,0,0,0,0,0,0.0,0.0,792.0,0.0,15.8,7.9,0.0,0.0,,2026-05-08 10:18:48
germ-germinadorap-de5832|LOT-20260506-651F-005|r0_c0|rep0,LOT-20260506-651F-005:A1:R0,germ-germinadorap-de5832,LOT-20260506-651F-005,A1,0,0,0,Hierbabuena,,,,,,,2026-05-08 10:33:45,2026-05-06 20:48:22,37.76,2,cg_1778236423295_1,4050,cam1_20260508_043344.jpg,crops/cam1_20260508_043344_r0_c0.jpg,4052,cam1_20260508_043347.jpg,crops/cam1_20260508_043347_r0_c0.jpg,7975,27.5,,55,48.1,0,0,0,0,0,0.0,0.0,792.0,0.0,16.1,8.0,0.0,0.0,,2026-05-08 10:33:48
germ-germinadorap-de5832|LOT-20260506-651F-005|r0_c0|rep0,LOT-20260506-651F-005:A1:R0,germ-germinadorap-de5832,LOT-20260506-651F-005,A1,0,0,0,Hierbabuena,,,,,,,2026-05-08 10:48:45,2026-05-06 20:48:22,38.01,2,cg_1778237323256_1,4054,cam1_20260508_044844.jpg,crops/cam1_20260508_044844_r0_c0.jpg,4056,cam1_20260508_044847.jpg,crops/cam1_20260508_044847_r0_c0.jpg,7987,27.6,,54,47.5,0,0,0,0,0,0.0,0.0,792.0,0.0,16.3,8.2,0.0,0.0,,2026-05-08 10:48:48
germ-germinadorap-de5832|LOT-20260506-651F-005|r0_c0|rep0,LOT-20260506-651F-005:A1:R0,germ-germinadorap-de5832,LOT-20260506-651F-005,A1,0,0,0,Hierbabuena,,,,,,,2026-05-08 11:03:45,2026-05-06 20:48:22,38.26,2,cg_1778238223261_1,4058,cam1_20260508_050344.jpg,crops/cam1_20260508_050344_r0_c0.jpg,4060,cam1_20260508_050347.jpg,crops/cam1_20260508_050347_r0_c0.jpg,7999,27.5,,54,47.8,0,0,0,0,0,0.0,0.0,792.0,0.0,16.5,8.3,0.0,0.0,,2026-05-08 11:03:48
germ-germinadorap-de5832|LOT-20260506-651F-005|r0_c0|rep0,LOT-20260506-651F-005:A1:R0,germ-germinadorap-de5832,LOT-20260506-651F-005,A1,0,0,0,Hierbabuena,,,,,,,2026-05-08 11:18:45,2026-05-06 20:48:22,38.51,2,cg_1778239123262_1,4062,cam1_20260508_051844.jpg,crops/cam1_20260508_051844_r0_c0.jpg,4064,cam1_20260508_051847.jpg,crops/cam1_20260508_051847_r0_c0.jpg,8011,27.5,,53,47.9,0,0,0,0,0,0.0,0.0,793.0,0.0,16.8,8.4,0.0,0.0,,2026-05-08 11:18:48
germ-germinadorap-de5832|LOT-20260506-651F-005|r0_c0|rep0,LOT-20260506-651F-005:A1:R0,germ-germinadorap-de5832,LOT-20260506-651F-005,A1,0,0,0,Hierbabuena,,,,,,,2026-05-08 11:33:45,2026-05-06 20:48:22,38.76,2,cg_1778240023263_1,4066,cam1_20260508_053344.jpg,crops/cam1_20260508_053344_r0_c0.jpg,4068,cam1_20260508_053347.jpg,crops/cam1_20260508_053347_r0_c0.jpg,8023,27.5,,53,47.7,0,0,0,0,0,0.0,0.0,793.0,0.0,17.0,8.5,0.0,0.0,,2026-05-08 11:33:48
germ-germinadorap-de5832|LOT-20260506-651F-005|r0_c0|rep0,LOT-20260506-651F-005:A1:R0,germ-germinadorap-de5832,LOT-20260506-651F-005,A1,0,0,0,Hierbabuena,,,,,,,2026-05-08 11:48:45,2026-05-06 20:48:22,39.01,2,cg_1778240923264_1,4071,cam1_20260508_054844.jpg,crops/cam1_20260508_054844_r0_c0.jpg,4073,cam1_20260508_054849.jpg,crops/cam1_20260508_054849_r0_c0.jpg,8040,27.5,,54,47.9,0,0,0,0,0,0.0,0.0,793.0,0.0,17.3,8.6,0.0,0.0,,2026-05-08 11:48:50
germ-germinadorap-de5832|LOT-20260506-651F-005|r0_c0|rep0,LOT-20260506-651F-005:A1:R0,germ-germinadorap-de5832,LOT-20260506-651F-005,A1,0,0,0,Hierbabuena,,,,,,,2026-05-08 12:03:45,2026-05-06 20:48:22,39.26,2,cg_1778241823265_1,4075,cam1_20260508_060344.jpg,crops/cam1_20260508_060344_r0_c0.jpg,4077,cam1_20260508_060349.jpg,crops/cam1_20260508_060349_r0_c0.jpg,8052,27.5,,55,47.5,0,0,0,0,0,0.0,0.0,793.0,0.0,17.5,8.8,0.0,0.0,,2026-05-08 12:03:50
germ-germinadorap-de5832|LOT-20260506-651F-005|r0_c0|rep0,LOT-20260506-651F-005:A1:R0,germ-germinadorap-de5832,LOT-20260506-651F-005,A1,0,0,0,Hierbabuena,,,,,,,2026-05-08 12:18:45,2026-05-06 20:48:22,39.51,2,cg_1778242723270_1,4079,cam1_20260508_061844.jpg,crops/cam1_20260508_061844_r0_c0.jpg,4081,cam1_20260508_061849.jpg,crops/cam1_20260508_061849_r0_c0.jpg,8064,27.5,,54,47.5,0,0,0,0,0,0.0,0.0,793.0,0.0,17.8,8.9,0.0,0.0,,2026-05-08 12:18:50
germ-germinadorap-de5832|LOT-20260506-651F-005|r0_c0|rep0,LOT-20260506-651F-005:A1:R0,germ-germinadorap-de5832,LOT-20260506-651F-005,A1,0,0,0,Hierbabuena,,,,,,,2026-05-08 12:33:45,2026-05-06 20:48:22,39.76,2,cg_1778243623278_1,4082,cam1_20260508_063344.jpg,crops/cam1_20260508_063344_r0_c0.jpg,4084,cam1_20260508_063347.jpg,crops/cam1_20260508_063347_r0_c0.jpg,8071,27.5,,52,47.2,0,0,0,0,0,0.0,0.0,793.0,0.0,18.0,9.0,0.0,0.0,,2026-05-08 12:33:48
germ-germinadorap-de5832|LOT-20260506-651F-005|r0_c0|rep0,LOT-20260506-651F-005:A1:R0,germ-germinadorap-de5832,LOT-20260506-651F-005,A1,0,0,0,Hierbabuena,,,,,,,2026-05-08 12:48:45,2026-05-06 20:48:22,40.01,2,cg_1778244523288_1,4086,cam1_20260508_064844.jpg,crops/cam1_20260508_064844_r0_c0.jpg,4088,cam1_20260508_064847.jpg,crops/cam1_20260508_064847_r0_c0.jpg,8083,27.5,,50,46.7,0,0,0,0,0,0.0,0.0,793.0,0.0,18.3,9.1,0.0,0.0,,2026-05-08 12:48:48
germ-germinadorap-de5832|LOT-20260506-651F-005|r0_c0|rep0,LOT-20260506-651F-005:A1:R0,germ-germinadorap-de5832,LOT-20260506-651F-005,A1,0,0,0,Hierbabuena,,,,,,,2026-05-08 13:03:45,2026-05-06 20:48:22,40.26,2,cg_1778245423296_1,4091,cam1_20260508_070344.jpg,crops/cam1_20260508_070344_r0_c0.jpg,4093,cam1_20260508_070349.jpg,crops/cam1_20260508_070349_r0_c0.jpg,8100,27.3,,51,47,0,0,0,0,0,0.0,0.0,793.0,0.0,18.5,9.3,0.0,0.0,,2026-05-08 13:03:50
germ-germinadorap-de5832|LOT-20260506-651F-005|r0_c0|rep0,LOT-20260506-651F-005:A1:R0,germ-germinadorap-de5832,LOT-20260506-651F-005,A1,0,0,0,Hierbabuena,,,,,,,2026-05-08 13:18:45,2026-05-06 20:48:22,40.51,2,cg_1778246323305_1,4095,cam1_20260508_071844.jpg,crops/cam1_20260508_071844_r0_c0.jpg,4097,cam1_20260508_071849.jpg,crops/cam1_20260508_071849_r0_c0.jpg,8112,27.2,,51,46.5,0,0,0,0,0,0.0,0.0,793.0,0.0,18.8,9.4,0.0,0.0,,2026-05-08 13:18:50
germ-germinadorap-de5832|LOT-20260506-651F-005|r0_c0|rep0,LOT-20260506-651F-005:A1:R0,germ-germinadorap-de5832,LOT-20260506-651F-005,A1,0,0,0,Hierbabuena,,,,,,,2026-05-08 13:33:45,2026-05-06 20:48:22,40.76,2,cg_1778247223311_1,4099,cam1_20260508_073344.jpg,crops/cam1_20260508_073344_r0_c0.jpg,4101,cam1_20260508_073349.jpg,crops/cam1_20260508_073349_r0_c0.jpg,8124,27.2,,51,46.4,0,0,0,0,0,0.0,0.0,793.0,0.0,19.0,9.5,0.0,0.0,,2026-05-08 13:33:50
germ-germinadorap-de5832|LOT-20260506-651F-005|r0_c0|rep0,LOT-20260506-651F-005:A1:R0,germ-germinadorap-de5832,LOT-20260506-651F-005,A1,0,0,0,Hierbabuena,,,,,,,2026-05-08 13:48:45,2026-05-06 20:48:22,41.01,2,cg_1778248123314_1,4102,cam1_20260508_074844.jpg,crops/cam1_20260508_074844_r0_c0.jpg,4104,cam1_20260508_074847.jpg,crops/cam1_20260508_074847_r0_c0.jpg,8131,27.2,,53,45.7,0,0,0,0,0,0.0,0.0,793.0,0.0,19.3,9.6,0.0,0.0,,2026-05-08 13:48:48
germ-germinadorap-de5832|LOT-20260506-651F-005|r0_c0|rep0,LOT-20260506-651F-005:A1:R0,germ-germinadorap-de5832,LOT-20260506-651F-005,A1,0,0,0,Hierbabuena,,,,,,,2026-05-08 14:03:45,2026-05-06 20:48:22,41.26,2,cg_1778249023327_1,4107,cam1_20260508_080344.jpg,crops/cam1_20260508_080344_r0_c0.jpg,4109,cam1_20260508_080349.jpg,crops/cam1_20260508_080349_r0_c0.jpg,8148,27.4,,52,45.8,0,0,0,0,0,0.0,0.0,797.0,0.0,19.5,9.8,0.0,0.0,,2026-05-08 14:03:50
germ-germinadorap-de5832|LOT-20260506-651F-005|r0_c0|rep0,LOT-20260506-651F-005:A1:R0,germ-germinadorap-de5832,LOT-20260506-651F-005,A1,0,0,0,Hierbabuena,,,,,,,2026-05-08 14:18:45,2026-05-06 20:48:22,41.51,2,cg_1778249923336_1,4111,cam1_20260508_081844.jpg,crops/cam1_20260508_081844_r0_c0.jpg,4113,cam1_20260508_081849.jpg,crops/cam1_20260508_081849_r0_c0.jpg,8160,27.7,,49,44.7,0,0,0,0,0,0.0,0.0,811.0,0.0,19.8,9.9,0.0,0.0,,2026-05-08 14:18:50
germ-germinadorap-de5832|LOT-20260506-651F-005|r0_c0|rep0,LOT-20260506-651F-005:A1:R0,germ-germinadorap-de5832,LOT-20260506-651F-005,A1,0,0,0,Hierbabuena,,,,,,,2026-05-08 14:33:45,2026-05-06 20:48:22,41.76,2,cg_1778250823341_1,4115,cam1_20260508_083345.jpg,crops/cam1_20260508_083345_r0_c0.jpg,4117,cam1_20260508_083349.jpg,crops/cam1_20260508_083349_r0_c0.jpg,8172,28,,50,44.6,0,0,0,0,0,0.0,0.0,826.0,0.0,20.0,10.0,0.0,0.0,,2026-05-08 14:33:50
germ-germinadorap-de5832|LOT-20260506-651F-005|r0_c0|rep0,LOT-20260506-651F-005:A1:R0,germ-germinadorap-de5832,LOT-20260506-651F-005,A1,0,0,0,Hierbabuena,,,,,,,2026-05-08 14:48:45,2026-05-06 20:48:22,42.01,2,cg_1778251723351_1,4119,cam1_20260508_084844.jpg,crops/cam1_20260508_084844_r0_c0.jpg,4121,cam1_20260508_084849.jpg,crops/cam1_20260508_084849_r0_c0.jpg,8184,28.5,,49,44.5,0,0,0,0,0,0.0,0.0,841.0,0.0,20.3,10.1,0.0,0.0,,2026-05-08 14:48:50
germ-germinadorap-de5832|LOT-20260506-651F-005|r0_c0|rep0,LOT-20260506-651F-005:A1:R0,germ-germinadorap-de5832,LOT-20260506-651F-005,A1,0,0,0,Hierbabuena,,,,,,,2026-05-08 15:03:45,2026-05-06 20:48:22,42.26,2,cg_1778252623359_1,4123,cam1_20260508_090344.jpg,crops/cam1_20260508_090344_r0_c0.jpg,4125,cam1_20260508_090349.jpg,crops/cam1_20260508_090349_r0_c0.jpg,8196,28.8,,49,44.6,0,0,0,0,0,0.0,0.0,856.0,0.0,20.5,10.3,0.0,0.0,,2026-05-08 15:03:50
germ-germinadorap-de5832|LOT-20260506-651F-005|r0_c0|rep0,LOT-20260506-651F-005:A1:R0,germ-germinadorap-de5832,LOT-20260506-651F-005,A1,0,0,0,Hierbabuena,,,,,,,2026-05-08 15:18:45,2026-05-06 20:48:22,42.51,2,cg_1778253523369_1,4127,cam1_20260508_091845.jpg,crops/cam1_20260508_091845_r0_c0.jpg,4129,cam1_20260508_091849.jpg,crops/cam1_20260508_091849_r0_c0.jpg,8208,28.8,,42,44.3,0,0,0,0,0,0.0,0.0,871.0,0.0,20.8,10.4,0.0,0.0,,2026-05-08 15:18:50
germ-germinadorap-de5832|LOT-20260506-651F-005|r0_c0|rep0,LOT-20260506-651F-005:A1:R0,germ-germinadorap-de5832,LOT-20260506-651F-005,A1,0,0,0,Hierbabuena,,,,,,,2026-05-08 15:33:45,2026-05-06 20:48:22,42.76,2,cg_1778254423376_1,4131,cam1_20260508_093345.jpg,crops/cam1_20260508_093345_r0_c0.jpg,4133,cam1_20260508_093349.jpg,crops/cam1_20260508_093349_r0_c0.jpg,8220,28.7,,42,44.3,0,0,0,0,0,0.0,0.0,886.0,0.0,21.0,10.5,0.0,0.0,,2026-05-08 15:33:50
germ-germinadorap-de5832|LOT-20260506-651F-005|r0_c0|rep0,LOT-20260506-651F-005:A1:R0,germ-germinadorap-de5832,LOT-20260506-651F-005,A1,0,0,0,Hierbabuena,,,,,,,2026-05-08 15:48:45,2026-05-06 20:48:22,43.01,2,cg_1778255323379_1,4135,cam1_20260508_094845.jpg,crops/cam1_20260508_094845_r0_c0.jpg,4137,cam1_20260508_094849.jpg,crops/cam1_20260508_094849_r0_c0.jpg,8232,28.7,,41,43.8,0,0,0,0,0,0.0,0.0,901.0,0.0,21.3,10.6,0.0,0.0,,2026-05-08 15:48:50
germ-germinadorap-de5832|LOT-20260506-651F-005|r0_c0|rep0,LOT-20260506-651F-005:A1:R0,germ-germinadorap-de5832,LOT-20260506-651F-005,A1,0,0,0,Hierbabuena,,,,,,,2026-05-08 16:03:45,2026-05-06 20:48:22,43.26,2,cg_1778256223388_1,4139,cam1_20260508_100345.jpg,crops/cam1_20260508_100345_r0_c0.jpg,4141,cam1_20260508_100349.jpg,crops/cam1_20260508_100349_r0_c0.jpg,8244,28.8,,41,42.9,0,0,0,0,0,0.0,0.0,916.0,0.0,21.5,10.8,0.0,0.0,,2026-05-08 16:03:50
germ-germinadorap-de5832|LOT-20260506-651F-005|r0_c0|rep0,LOT-20260506-651F-005:A1:R0,germ-germinadorap-de5832,LOT-20260506-651F-005,A1,0,0,0,Hierbabuena,,,,,,,2026-05-08 16:18:45,2026-05-06 20:48:22,43.51,2,cg_1778257123396_1,4143,cam1_20260508_101845.jpg,crops/cam1_20260508_101845_r0_c0.jpg,4145,cam1_20260508_101849.jpg,crops/cam1_20260508_101849_r0_c0.jpg,8256,28.9,,42,44.1,0,0,0,0,0,0.0,0.0,931.0,0.0,21.8,10.9,0.0,0.0,,2026-05-08 16:18:50
germ-germinadorap-de5832|LOT-20260506-651F-005|r0_c0|rep0,LOT-20260506-651F-005:A1:R0,germ-germinadorap-de5832,LOT-20260506-651F-005,A1,0,0,0,Hierbabuena,,,,,,,2026-05-08 16:33:45,2026-05-06 20:48:22,43.76,2,cg_1778258023405_1,4147,cam1_20260508_103345.jpg,crops/cam1_20260508_103345_r0_c0.jpg,4149,cam1_20260508_103349.jpg,crops/cam1_20260508_103349_r0_c0.jpg,8268,28.7,,40,43.2,0,0,0,0,0,0.0,0.0,946.0,0.0,22.0,11.0,0.0,0.0,,2026-05-08 16:33:50
germ-germinadorap-de5832|LOT-20260506-651F-005|r0_c0|rep0,LOT-20260506-651F-005:A1:R0,germ-germinadorap-de5832,LOT-20260506-651F-005,A1,0,0,0,Hierbabuena,,,,,,,2026-05-08 16:48:45,2026-05-06 20:48:22,44.01,2,cg_1778258923417_1,4151,cam1_20260508_104845.jpg,crops/cam1_20260508_104845_r0_c0.jpg,4153,cam1_20260508_104849.jpg,crops/cam1_20260508_104849_r0_c0.jpg,8280,28.1,,39,42.5,0,0,0,0,0,0.0,0.0,961.0,0.0,22.3,11.1,0.0,0.0,,2026-05-08 16:48:50
germ-germinadorap-de5832|LOT-20260506-651F-005|r0_c0|rep0,LOT-20260506-651F-005:A1:R0,germ-germinadorap-de5832,LOT-20260506-651F-005,A1,0,0,0,Hierbabuena,,,,,,,2026-05-08 17:03:45,2026-05-06 20:48:22,44.26,2,cg_1778259823421_1,4155,cam1_20260508_110345.jpg,crops/cam1_20260508_110345_r0_c0.jpg,4157,cam1_20260508_110349.jpg,crops/cam1_20260508_110349_r0_c0.jpg,8292,27.8,,38,41.9,0,0,0,0,0,0.0,0.0,975.0,0.0,22.5,11.3,0.0,0.0,,2026-05-08 17:03:50
germ-germinadorap-de5832|LOT-20260506-651F-005|r0_c0|rep0,LOT-20260506-651F-005:A1:R0,germ-germinadorap-de5832,LOT-20260506-651F-005,A1,0,0,0,Hierbabuena,,,,,,,2026-05-08 17:18:45,2026-05-06 20:48:22,44.51,2,cg_1778260723427_1,4159,cam1_20260508_111845.jpg,crops/cam1_20260508_111845_r0_c0.jpg,4161,cam1_20260508_111849.jpg,crops/cam1_20260508_111849_r0_c0.jpg,8304,27.6,,36,41.7,0,0,0,0,0,0.0,0.0,990.0,0.0,22.8,11.4,0.0,0.0,,2026-05-08 17:18:50
germ-germinadorap-de5832|LOT-20260506-651F-005|r0_c0|rep0,LOT-20260506-651F-005:A1:R0,germ-germinadorap-de5832,LOT-20260506-651F-005,A1,0,0,0,Hierbabuena,,,,,,,2026-05-08 17:33:45,2026-05-06 20:48:22,44.76,2,cg_1778261623430_1,4163,cam1_20260508_113345.jpg,crops/cam1_20260508_113345_r0_c0.jpg,4165,cam1_20260508_113350.jpg,crops/cam1_20260508_113350_r0_c0.jpg,8316,27.4,,37,61.6,0,0,0,0,0,0.0,0.0,1005.0,0.0,23.0,11.5,0.0,0.0,,2026-05-08 17:33:52
germ-germinadorap-de5832|LOT-20260506-651F-005|r0_c0|rep0,LOT-20260506-651F-005:A1:R0,germ-germinadorap-de5832,LOT-20260506-651F-005,A1,0,0,0,Hierbabuena,,,,,,,2026-05-08 17:48:45,2026-05-06 20:48:22,45.01,2,cg_1778262523437_1,4166,cam1_20260508_114845.jpg,crops/cam1_20260508_114845_r0_c0.jpg,4168,cam1_20260508_114848.jpg,crops/cam1_20260508_114848_r0_c0.jpg,8323,27.3,,39,52.7,0,0,0,0,0,0.0,0.0,1020.0,0.0,23.3,11.6,0.0,0.0,,2026-05-08 17:48:49
germ-germinadorap-de5832|LOT-20260506-651F-005|r0_c0|rep0,LOT-20260506-651F-005:A1:R0,germ-germinadorap-de5832,LOT-20260506-651F-005,A1,0,0,0,Hierbabuena,,,,,,,2026-05-08 18:03:45,2026-05-06 20:48:22,45.26,2,cg_1778263423448_1,4171,cam1_20260508_120344.jpg,crops/cam1_20260508_120344_r0_c0.jpg,4173,cam1_20260508_120349.jpg,crops/cam1_20260508_120349_r0_c0.jpg,8340,27.4,,39,100,0,0,0,0,0,0.0,0.0,1035.0,0.0,23.5,11.8,0.0,0.0,,2026-05-08 18:03:50
germ-germinadorap-de5832|LOT-20260506-651F-005|r0_c0|rep0,LOT-20260506-651F-005:A1:R0,germ-germinadorap-de5832,LOT-20260506-651F-005,A1,0,0,0,Hierbabuena,,,,,,,2026-05-08 18:18:45,2026-05-06 20:48:22,45.51,2,cg_1778264323453_1,4175,cam1_20260508_121845.jpg,crops/cam1_20260508_121845_r0_c0.jpg,4177,cam1_20260508_121849.jpg,crops/cam1_20260508_121849_r0_c0.jpg,8352,27.2,,39,100,0,0,0,0,0,0.0,0.0,1050.0,0.0,23.8,11.9,0.0,0.0,,2026-05-08 18:18:50
germ-germinadorap-de5832|LOT-20260506-651F-005|r0_c0|rep0,LOT-20260506-651F-005:A1:R0,germ-germinadorap-de5832,LOT-20260506-651F-005,A1,0,0,0,Hierbabuena,,,,,,,2026-05-08 18:34:21,2026-05-06 20:48:22,45.77,2,cg_1778265259130_1,4179,cam1_20260508_123420.jpg,crops/cam1_20260508_123420_r0_c0.jpg,4181,cam1_20260508_123425.jpg,crops/cam1_20260508_123425_r0_c0.jpg,8364,27.3,,37,83.3,0,0,0,0,0,0.0,0.0,1065.0,0.0,24.0,12.0,0.0,0.0,,2026-05-08 18:34:26
germ-germinadorap-de5832|LOT-20260506-651F-005|r0_c0|rep0,LOT-20260506-651F-005:A1:R0,germ-germinadorap-de5832,LOT-20260506-651F-005,A1,0,0,0,Hierbabuena,,,,,,,2026-05-08 18:49:21,2026-05-06 20:48:22,46.02,2,cg_1778266159131_1,4183,cam1_20260508_124920.jpg,crops/cam1_20260508_124920_r0_c0.jpg,4185,cam1_20260508_124925.jpg,crops/cam1_20260508_124925_r0_c0.jpg,8376,27.5,,36,100,0,0,0,0,0,0.0,0.0,1080.0,0.0,24.3,12.1,0.0,0.0,,2026-05-08 18:49:26
germ-germinadorap-de5832|LOT-20260506-651F-005|r0_c0|rep0,LOT-20260506-651F-005:A1:R0,germ-germinadorap-de5832,LOT-20260506-651F-005,A1,0,0,0,Hierbabuena,,,,,,,2026-05-08 19:04:21,2026-05-06 20:48:22,46.27,2,cg_1778267059132_1,4187,cam1_20260508_130420.jpg,crops/cam1_20260508_130420_r0_c0.jpg,4189,cam1_20260508_130425.jpg,crops/cam1_20260508_130425_r0_c0.jpg,8388,27.4,,37,77.8,0,0,0,0,0,0.0,0.0,1095.0,0.0,24.5,12.3,0.0,0.0,,2026-05-08 19:04:26
germ-germinadorap-de5832|LOT-20260506-651F-005|r0_c0|rep0,LOT-20260506-651F-005:A1:R0,germ-germinadorap-de5832,LOT-20260506-651F-005,A1,0,0,0,Hierbabuena,,,,,,,2026-05-08 19:19:21,2026-05-06 20:48:22,46.52,2,cg_1778267959132_1,4191,cam1_20260508_131920.jpg,crops/cam1_20260508_131920_r0_c0.jpg,4193,cam1_20260508_131925.jpg,crops/cam1_20260508_131925_r0_c0.jpg,8400,27.2,,37,100,0,0,0,0,0,0.0,0.0,1110.0,0.0,24.8,12.4,0.0,0.0,,2026-05-08 19:19:26
germ-germinadorap-de5832|LOT-20260506-651F-005|r0_c0|rep0,LOT-20260506-651F-005:A1:R0,germ-germinadorap-de5832,LOT-20260506-651F-005,A1,0,0,0,Hierbabuena,,,,,,,2026-05-08 19:34:21,2026-05-06 20:48:22,46.77,2,cg_1778268859136_1,4195,cam1_20260508_133420.jpg,crops/cam1_20260508_133420_r0_c0.jpg,4197,cam1_20260508_133425.jpg,crops/cam1_20260508_133425_r0_c0.jpg,8412,27.2,,37,72.3,0,0,0,0,0,0.0,0.0,1125.0,0.0,25.0,12.5,0.0,0.0,,2026-05-08 19:34:26
germ-germinadorap-de5832|LOT-20260506-651F-005|r0_c0|rep0,LOT-20260506-651F-005:A1:R0,germ-germinadorap-de5832,LOT-20260506-651F-005,A1,0,0,0,Hierbabuena,,,,,,,2026-05-08 19:49:21,2026-05-06 20:48:22,47.02,2,cg_1778269759136_1,4199,cam1_20260508_134920.jpg,crops/cam1_20260508_134920_r0_c0.jpg,4201,cam1_20260508_134927.jpg,crops/cam1_20260508_134927_r0_c0.jpg,8424,27.3,,37,61.6,0,0,0,0,0,0.0,0.0,1140.0,0.0,25.3,12.6,0.0,0.0,,2026-05-08 19:49:28
germ-germinadorap-de5832|LOT-20260506-651F-005|r0_c0|rep0,LOT-20260506-651F-005:A1:R0,germ-germinadorap-de5832,LOT-20260506-651F-005,A1,0,0,0,Hierbabuena,,,,,,,2026-05-08 20:04:21,2026-05-06 20:48:22,47.27,2,cg_1778270659137_1,4203,cam1_20260508_140420.jpg,crops/cam1_20260508_140420_r0_c0.jpg,4205,cam1_20260508_140425.jpg,crops/cam1_20260508_140425_r0_c0.jpg,8436,27.3,,37,100,0,0,0,0,0,0.0,0.0,1155.0,0.0,25.4,12.7,0.0,0.0,,2026-05-08 20:04:26
germ-germinadorap-de5832|LOT-20260506-651F-005|r0_c0|rep0,LOT-20260506-651F-005:A1:R0,germ-germinadorap-de5832,LOT-20260506-651F-005,A1,0,0,0,Hierbabuena,,,,,,,2026-05-08 20:19:21,2026-05-06 20:48:22,47.52,2,cg_1778271559139_1,4207,cam1_20260508_141920.jpg,crops/cam1_20260508_141920_r0_c0.jpg,4209,cam1_20260508_141925.jpg,crops/cam1_20260508_141925_r0_c0.jpg,8448,27.2,,38,100,0,0,0,0,0,0.0,0.0,1170.0,0.0,25.4,12.7,0.0,0.0,,2026-05-08 20:19:26
germ-germinadorap-de5832|LOT-20260506-651F-005|r0_c0|rep0,LOT-20260506-651F-005:A1:R0,germ-germinadorap-de5832,LOT-20260506-651F-005,A1,0,0,0,Hierbabuena,,,,,,,2026-05-08 20:34:21,2026-05-06 20:48:22,47.77,2,cg_1778272459141_1,4211,cam1_20260508_143420.jpg,crops/cam1_20260508_143420_r0_c0.jpg,4213,cam1_20260508_143424.jpg,crops/cam1_20260508_143424_r0_c0.jpg,8460,27.2,,39,100,0,0,0,0,0,0.0,0.0,1185.0,0.0,25.4,12.7,0.0,0.0,,2026-05-08 20:34:25
germ-germinadorap-de5832|LOT-20260506-651F-005|r0_c0|rep0,LOT-20260506-651F-005:A1:R0,germ-germinadorap-de5832,LOT-20260506-651F-005,A1,0,0,0,Hierbabuena,,,,,,,2026-05-08 20:49:21,2026-05-06 20:48:22,48.02,3,cg_1778273359148_1,4215,cam1_20260508_144920.jpg,crops/cam1_20260508_144920_r0_c0.jpg,4217,cam1_20260508_144925.jpg,crops/cam1_20260508_144925_r0_c0.jpg,8472,27.2,,37,100,0,0,0,0,0,0.0,0.0,1200.0,0.0,25.4,8.5,0.0,0.0,,2026-05-08 20:49:26
germ-germinadorap-de5832|LOT-20260506-651F-005|r0_c0|rep0,LOT-20260506-651F-005:A1:R0,germ-germinadorap-de5832,LOT-20260506-651F-005,A1,0,0,0,Hierbabuena,,,,,,,2026-05-08 21:04:21,2026-05-06 20:48:22,48.27,3,cg_1778274259154_1,4219,cam1_20260508_150420.jpg,crops/cam1_20260508_150420_r0_c0.jpg,4221,cam1_20260508_150425.jpg,crops/cam1_20260508_150425_r0_c0.jpg,8484,27.3,,39,100,0,0,0,0,0,0.0,0.0,1215.0,0.0,25.4,8.5,0.0,0.0,,2026-05-08 21:04:26
germ-germinadorap-de5832|LOT-20260506-651F-005|r0_c0|rep0,LOT-20260506-651F-005:A1:R0,germ-germinadorap-de5832,LOT-20260506-651F-005,A1,0,0,0,Hierbabuena,,,,,,,2026-05-08 21:19:21,2026-05-06 20:48:22,48.52,3,cg_1778275159162_1,4222,cam1_20260508_151920.jpg,crops/cam1_20260508_151920_r0_c0.jpg,4224,cam1_20260508_151923.jpg,crops/cam1_20260508_151923_r0_c0.jpg,8491,27.2,,38,94.4,0,0,0,0,0,0.0,0.0,1230.0,0.0,25.4,8.5,0.0,0.0,,2026-05-08 21:19:24
germ-germinadorap-de5832|LOT-20260506-651F-005|r0_c0|rep0,LOT-20260506-651F-005:A1:R0,germ-germinadorap-de5832,LOT-20260506-651F-005,A1,0,0,0,Hierbabuena,,,,,,,2026-05-08 21:34:21,2026-05-06 20:48:22,48.77,3,cg_1778276059168_1,4227,cam1_20260508_153420.jpg,crops/cam1_20260508_153420_r0_c0.jpg,4229,cam1_20260508_153425.jpg,crops/cam1_20260508_153425_r0_c0.jpg,8508,27.1,,40,100,0,0,0,0,0,0.0,0.0,1245.0,0.0,25.4,8.5,0.0,0.0,,2026-05-08 21:34:26
germ-germinadorap-de5832|LOT-20260506-651F-005|r0_c0|rep0,LOT-20260506-651F-005:A1:R0,germ-germinadorap-de5832,LOT-20260506-651F-005,A1,0,0,0,Hierbabuena,,,,,,,2026-05-08 21:49:21,2026-05-06 20:48:22,49.02,3,cg_1778276959182_1,4231,cam1_20260508_154920.jpg,crops/cam1_20260508_154920_r0_c0.jpg,4233,cam1_20260508_154925.jpg,crops/cam1_20260508_154925_r0_c0.jpg,8520,27.2,,41,100,0,0,0,0,0,0.0,0.0,1259.0,0.0,25.4,8.5,0.0,0.0,,2026-05-08 21:49:26
germ-germinadorap-de5832|LOT-20260506-651F-005|r0_c0|rep0,LOT-20260506-651F-005:A1:R0,germ-germinadorap-de5832,LOT-20260506-651F-005,A1,0,0,0,Hierbabuena,,,,,,,2026-05-08 22:04:21,2026-05-06 20:48:22,49.27,3,cg_1778277859186_1,4235,cam1_20260508_160420.jpg,crops/cam1_20260508_160420_r0_c0.jpg,4237,cam1_20260508_160425.jpg,crops/cam1_20260508_160425_r0_c0.jpg,8532,27.1,,39,100,0,0,0,0,0,0.0,0.0,1274.0,0.0,25.4,8.5,0.0,0.0,,2026-05-08 22:04:26
germ-germinadorap-de5832|LOT-20260506-651F-005|r0_c0|rep0,LOT-20260506-651F-005:A1:R0,germ-germinadorap-de5832,LOT-20260506-651F-005,A1,0,0,0,Hierbabuena,,,,,,,2026-05-08 22:19:21,2026-05-06 20:48:22,49.52,3,cg_1778278759196_1,4239,cam1_20260508_161920.jpg,crops/cam1_20260508_161920_r0_c0.jpg,4241,cam1_20260508_161925.jpg,crops/cam1_20260508_161925_r0_c0.jpg,8544,27.2,,38,95.4,0,0,0,0,0,0.0,0.0,1289.0,0.0,25.4,8.5,0.0,0.0,,2026-05-08 22:19:26
germ-germinadorap-de5832|LOT-20260506-651F-005|r0_c0|rep0,LOT-20260506-651F-005:A1:R0,germ-germinadorap-de5832,LOT-20260506-651F-005,A1,0,0,0,Hierbabuena,,,,,,,2026-05-08 22:34:21,2026-05-06 20:48:22,49.77,3,cg_1778279659199_1,4243,cam1_20260508_163420.jpg,crops/cam1_20260508_163420_r0_c0.jpg,4245,cam1_20260508_163425.jpg,crops/cam1_20260508_163425_r0_c0.jpg,8556,27.7,,40,100,0,0,0,0,0,0.0,0.0,1304.0,0.0,25.4,8.5,0.0,0.0,,2026-05-08 22:34:26
germ-germinadorap-de5832|LOT-20260506-651F-005|r0_c0|rep0,LOT-20260506-651F-005:A1:R0,germ-germinadorap-de5832,LOT-20260506-651F-005,A1,0,0,0,Hierbabuena,,,,,,,2026-05-08 22:49:21,2026-05-06 20:48:22,50.02,3,cg_1778280559206_1,4247,cam1_20260508_164920.jpg,crops/cam1_20260508_164920_r0_c0.jpg,4249,cam1_20260508_164925.jpg,crops/cam1_20260508_164925_r0_c0.jpg,8568,28.1,,40,100,0,0,0,0,0,0.0,0.0,1319.0,0.0,25.4,8.5,0.0,0.0,,2026-05-08 22:49:26
germ-germinadorap-de5832|LOT-20260506-651F-005|r0_c0|rep0,LOT-20260506-651F-005:A1:R0,germ-germinadorap-de5832,LOT-20260506-651F-005,A1,0,0,0,Hierbabuena,,,,,,,2026-05-08 23:04:21,2026-05-06 20:48:22,50.27,3,cg_1778281459210_1,4251,cam1_20260508_170420.jpg,crops/cam1_20260508_170420_r0_c0.jpg,4253,cam1_20260508_170425.jpg,crops/cam1_20260508_170425_r0_c0.jpg,8580,28.4,,41,100,0,0,0,0,0,0.0,0.0,1334.0,0.0,25.4,8.5,0.0,0.0,,2026-05-08 23:04:26
germ-germinadorap-de5832|LOT-20260506-651F-005|r0_c0|rep0,LOT-20260506-651F-005:A1:R0,germ-germinadorap-de5832,LOT-20260506-651F-005,A1,0,0,0,Hierbabuena,,,,,,,2026-05-08 23:19:21,2026-05-06 20:48:22,50.52,3,cg_1778282359219_1,4255,cam1_20260508_171920.jpg,crops/cam1_20260508_171920_r0_c0.jpg,4257,cam1_20260508_171925.jpg,crops/cam1_20260508_171925_r0_c0.jpg,8592,28.5,,39,100,0,0,0,0,0,0.0,0.0,1349.0,0.0,25.4,8.5,0.0,0.0,,2026-05-08 23:19:26
germ-germinadorap-de5832|LOT-20260506-651F-005|r0_c0|rep0,LOT-20260506-651F-005:A1:R0,germ-germinadorap-de5832,LOT-20260506-651F-005,A1,0,0,0,Hierbabuena,,,,,,,2026-05-08 23:34:21,2026-05-06 20:48:22,50.77,3,cg_1778283259223_1,4259,cam1_20260508_173420.jpg,crops/cam1_20260508_173420_r0_c0.jpg,4261,cam1_20260508_173425.jpg,crops/cam1_20260508_173425_r0_c0.jpg,8604,28.7,,39,100,0,0,0,0,0,0.0,0.0,1364.0,0.0,25.5,8.5,0.0,0.0,,2026-05-08 23:34:26
germ-germinadorap-de5832|LOT-20260506-651F-005|r0_c0|rep0,LOT-20260506-651F-005:A1:R0,germ-germinadorap-de5832,LOT-20260506-651F-005,A1,0,0,0,Hierbabuena,,,,,,,2026-05-08 23:49:21,2026-05-06 20:48:22,51.02,3,cg_1778284159234_1,4263,cam1_20260508_174920.jpg,crops/cam1_20260508_174920_r0_c0.jpg,4265,cam1_20260508_174925.jpg,crops/cam1_20260508_174925_r0_c0.jpg,8616,28.7,,39,100,0,0,0,0,0,0.0,0.0,1379.0,0.0,25.5,8.5,0.0,0.0,,2026-05-08 23:49:26
germ-germinadorap-de5832|LOT-20260506-651F-005|r0_c0|rep0,LOT-20260506-651F-005:A1:R0,germ-germinadorap-de5832,LOT-20260506-651F-005,A1,0,0,0,Hierbabuena,,,,,,,2026-05-09 00:04:21,2026-05-06 20:48:22,51.27,3,cg_1778285059243_1,4267,cam1_20260508_180420.jpg,crops/cam1_20260508_180420_r0_c0.jpg,4269,cam1_20260508_180425.jpg,crops/cam1_20260508_180425_r0_c0.jpg,8628,28.7,,41,100,0,0,0,1,0,15.0,0.0,1394.0,0.0,25.5,8.5,0.0,0.0,,2026-05-09 00:04:26
germ-germinadorap-de5832|LOT-20260506-651F-005|r0_c0|rep0,LOT-20260506-651F-005:A1:R0,germ-germinadorap-de5832,LOT-20260506-651F-005,A1,0,0,0,Hierbabuena,,,,,,,2026-05-09 00:19:21,2026-05-06 20:48:22,51.52,3,cg_1778285959256_1,4271,cam1_20260508_181920.jpg,crops/cam1_20260508_181920_r0_c0.jpg,4273,cam1_20260508_181925.jpg,crops/cam1_20260508_181925_r0_c0.jpg,8640,28.6,,40,100,0,0,0,0,0,0.0,0.0,1409.0,0.0,25.5,8.5,0.0,0.0,,2026-05-09 00:19:26
germ-germinadorap-de5832|LOT-20260506-651F-005|r0_c0|rep0,LOT-20260506-651F-005:A1:R0,germ-germinadorap-de5832,LOT-20260506-651F-005,A1,0,0,0,Hierbabuena,,,,,,,2026-05-09 00:34:21,2026-05-06 20:48:22,51.77,3,cg_1778286859261_1,4275,cam1_20260508_183420.jpg,crops/cam1_20260508_183420_r0_c0.jpg,4277,cam1_20260508_183425.jpg,crops/cam1_20260508_183425_r0_c0.jpg,8652,28,,40,98.1,0,0,0,0,0,0.0,0.0,1424.0,0.0,25.5,8.5,0.0,0.0,,2026-05-09 00:34:26
germ-germinadorap-de5832|LOT-20260506-651F-005|r0_c0|rep0,LOT-20260506-651F-005:A1:R0,germ-germinadorap-de5832,LOT-20260506-651F-005,A1,0,0,0,Hierbabuena,,,,,,,2026-05-09 00:49:21,2026-05-06 20:48:22,52.02,3,cg_1778287759266_1,4279,cam1_20260508_184920.jpg,crops/cam1_20260508_184920_r0_c0.jpg,4281,cam1_20260508_184925.jpg,crops/cam1_20260508_184925_r0_c0.jpg,8664,27.5,,38,93.5,0,0,0,0,0,0.0,0.0,1439.0,0.0,25.5,8.5,0.0,0.0,,2026-05-09 00:49:26
germ-germinadorap-de5832|LOT-20260506-651F-005|r0_c0|rep0,LOT-20260506-651F-005:A1:R0,germ-germinadorap-de5832,LOT-20260506-651F-005,A1,0,0,0,Hierbabuena,,,,,,,2026-05-09 01:04:21,2026-05-06 20:48:22,52.27,3,cg_1778288659271_1,4283,cam1_20260508_190420.jpg,crops/cam1_20260508_190420_r0_c0.jpg,4285,cam1_20260508_190425.jpg,crops/cam1_20260508_190425_r0_c0.jpg,8676,27.7,,42,97.2,0,0,0,0,0,0.0,0.0,1453.0,0.0,25.5,8.5,0.0,0.0,,2026-05-09 01:04:26
germ-germinadorap-de5832|LOT-20260506-651F-005|r0_c0|rep0,LOT-20260506-651F-005:A1:R0,germ-germinadorap-de5832,LOT-20260506-651F-005,A1,0,0,0,Hierbabuena,,,,,,,2026-05-09 01:19:21,2026-05-06 20:48:22,52.52,3,cg_1778289559274_1,4287,cam1_20260508_191920.jpg,crops/cam1_20260508_191920_r0_c0.jpg,4289,cam1_20260508_191925.jpg,crops/cam1_20260508_191925_r0_c0.jpg,8688,28.2,,42,100,0,0,0,0,0,0.0,0.0,1468.0,0.0,25.5,8.5,0.0,0.0,,2026-05-09 01:19:26
germ-germinadorap-de5832|LOT-20260506-651F-005|r0_c0|rep0,LOT-20260506-651F-005:A1:R0,germ-germinadorap-de5832,LOT-20260506-651F-005,A1,0,0,0,Hierbabuena,,,,,,,2026-05-09 01:34:21,2026-05-06 20:48:22,52.77,3,cg_1778290459279_1,4291,cam1_20260508_193420.jpg,crops/cam1_20260508_193420_r0_c0.jpg,4293,cam1_20260508_193425.jpg,crops/cam1_20260508_193425_r0_c0.jpg,8700,28.4,,41,98.1,0,0,0,0,0,0.0,0.0,1483.0,0.0,25.5,8.5,0.0,0.0,,2026-05-09 01:34:26
germ-germinadorap-de5832|LOT-20260506-651F-005|r0_c0|rep0,LOT-20260506-651F-005:A1:R0,germ-germinadorap-de5832,LOT-20260506-651F-005,A1,0,0,0,Hierbabuena,,,,,,,2026-05-09 01:49:21,2026-05-06 20:48:22,53.02,3,cg_1778291359288_1,4295,cam1_20260508_194920.jpg,crops/cam1_20260508_194920_r0_c0.jpg,4297,cam1_20260508_194925.jpg,crops/cam1_20260508_194925_r0_c0.jpg,8712,28.5,,43,93.5,0,0,0,0,0,0.0,0.0,1498.0,0.0,25.5,8.5,0.0,0.0,,2026-05-09 01:49:26
germ-germinadorap-de5832|LOT-20260506-651F-005|r0_c0|rep0,LOT-20260506-651F-005:A1:R0,germ-germinadorap-de5832,LOT-20260506-651F-005,A1,0,0,0,Hierbabuena,,,,,,,2026-05-09 02:04:21,2026-05-06 20:48:22,53.27,3,cg_1778292259300_1,4299,cam1_20260508_200420.jpg,crops/cam1_20260508_200420_r0_c0.jpg,4301,cam1_20260508_200425.jpg,crops/cam1_20260508_200425_r0_c0.jpg,8724,28.5,,41,95.4,0,0,0,0,0,0.0,0.0,1509.0,0.0,25.5,8.5,0.0,0.0,,2026-05-09 02:04:26
germ-germinadorap-de5832|LOT-20260506-651F-005|r0_c0|rep0,LOT-20260506-651F-005:A1:R0,germ-germinadorap-de5832,LOT-20260506-651F-005,A1,0,0,0,Hierbabuena,,,,,,,2026-05-09 02:19:21,2026-05-06 20:48:22,53.52,3,cg_1778293159306_1,4303,cam1_20260508_201920.jpg,crops/cam1_20260508_201920_r0_c0.jpg,4305,cam1_20260508_201925.jpg,crops/cam1_20260508_201925_r0_c0.jpg,8736,28.1,,41,91.7,0,0,0,0,0,0.0,0.0,1509.0,0.0,25.5,8.5,0.0,0.0,,2026-05-09 02:19:26
germ-germinadorap-de5832|LOT-20260506-651F-005|r0_c0|rep0,LOT-20260506-651F-005:A1:R0,germ-germinadorap-de5832,LOT-20260506-651F-005,A1,0,0,0,Hierbabuena,,,,,,,2026-05-09 02:34:21,2026-05-06 20:48:22,53.77,3,cg_1778294059318_1,4307,cam1_20260508_203420.jpg,crops/cam1_20260508_203420_r0_c0.jpg,4309,cam1_20260508_203425.jpg,crops/cam1_20260508_203425_r0_c0.jpg,8748,28,,43,90.7,0,0,0,0,0,0.0,0.0,1509.0,0.0,25.5,8.5,0.0,0.0,,2026-05-09 02:34:26
germ-germinadorap-de5832|LOT-20260506-651F-005|r0_c0|rep0,LOT-20260506-651F-005:A1:R0,germ-germinadorap-de5832,LOT-20260506-651F-005,A1,0,0,0,Hierbabuena,,,,,,,2026-05-09 02:49:21,2026-05-06 20:48:22,54.02,3,cg_1778294959324_1,4310,cam1_20260508_204920.jpg,crops/cam1_20260508_204920_r0_c0.jpg,4312,cam1_20260508_204923.jpg,crops/cam1_20260508_204923_r0_c0.jpg,8755,27.8,,42,74.1,0,0,0,0,0,0.0,0.0,1509.0,0.0,25.5,8.5,0.0,0.0,,2026-05-09 02:49:24
germ-germinadorap-de5832|LOT-20260506-651F-005|r0_c0|rep0,LOT-20260506-651F-005:A1:R0,germ-germinadorap-de5832,LOT-20260506-651F-005,A1,0,0,0,Hierbabuena,,,,,,,2026-05-09 03:04:21,2026-05-06 20:48:22,54.27,3,cg_1778295859332_1,4314,cam1_20260508_210420.jpg,crops/cam1_20260508_210420_r0_c0.jpg,4316,cam1_20260508_210423.jpg,crops/cam1_20260508_210423_r0_c0.jpg,8767,27.8,,45,69.6,0,0,0,0,0,0.0,0.0,1509.0,0.0,25.5,8.5,0.0,0.0,,2026-05-09 03:04:24
germ-germinadorap-de5832|LOT-20260506-651F-005|r0_c0|rep0,LOT-20260506-651F-005:A1:R0,germ-germinadorap-de5832,LOT-20260506-651F-005,A1,0,0,0,Hierbabuena,,,,,,,2026-05-09 03:19:21,2026-05-06 20:48:22,54.52,3,cg_1778296759338_1,4318,cam1_20260508_211920.jpg,crops/cam1_20260508_211920_r0_c0.jpg,4320,cam1_20260508_211923.jpg,crops/cam1_20260508_211923_r0_c0.jpg,8779,27.8,,43,74.1,0,0,0,0,0,0.0,0.0,1509.0,0.0,25.5,8.5,0.0,0.0,,2026-05-09 03:19:24
germ-germinadorap-de5832|LOT-20260506-651F-005|r0_c0|rep0,LOT-20260506-651F-005:A1:R0,germ-germinadorap-de5832,LOT-20260506-651F-005,A1,0,0,0,Hierbabuena,,,,,,,2026-05-09 03:34:22,2026-05-06 20:48:22,54.77,3,cg_1778297659342_1,4323,cam1_20260508_213422.jpg,crops/cam1_20260508_213422_r0_c0.jpg,4325,cam1_20260508_213425.jpg,crops/cam1_20260508_213425_r0_c0.jpg,8796,27.7,,43,49.5,0,0,0,0,0,0.0,0.0,1509.0,0.0,25.5,8.5,0.0,0.0,,2026-05-09 03:34:26
germ-germinadorap-de5832|LOT-20260506-651F-005|r0_c0|rep0,LOT-20260506-651F-005:A1:R0,germ-germinadorap-de5832,LOT-20260506-651F-005,A1,0,0,0,Hierbabuena,,,,,,,2026-05-09 03:49:21,2026-05-06 20:48:22,55.02,3,cg_1778298559346_1,4326,cam1_20260508_214920.jpg,crops/cam1_20260508_214920_r0_c0.jpg,4328,cam1_20260508_214923.jpg,crops/cam1_20260508_214923_r0_c0.jpg,8803,27.7,,43,68.8,0,0,0,0,0,0.0,0.0,1509.0,0.0,25.5,8.5,0.0,0.0,,2026-05-09 03:49:24
germ-germinadorap-de5832|LOT-20260506-651F-005|r0_c0|rep0,LOT-20260506-651F-005:A1:R0,germ-germinadorap-de5832,LOT-20260506-651F-005,A1,0,0,0,Hierbabuena,,,,,,,2026-05-09 04:04:21,2026-05-06 20:48:22,55.27,3,cg_1778299459353_1,4331,cam1_20260508_220420.jpg,crops/cam1_20260508_220420_r0_c0.jpg,4333,cam1_20260508_220425.jpg,crops/cam1_20260508_220425_r0_c0.jpg,8820,27.8,,43,77.8,0,0,0,0,0,0.0,0.0,1510.0,0.0,25.5,8.5,0.0,0.0,,2026-05-09 04:04:26
germ-germinadorap-de5832|LOT-20260506-651F-005|r0_c0|rep0,LOT-20260506-651F-005:A1:R0,germ-germinadorap-de5832,LOT-20260506-651F-005,A1,0,0,0,Hierbabuena,,,,,,,2026-05-09 04:19:21,2026-05-06 20:48:22,55.52,3,cg_1778300359359_1,4335,cam1_20260508_221920.jpg,crops/cam1_20260508_221920_r0_c0.jpg,4337,cam1_20260508_221925.jpg,crops/cam1_20260508_221925_r0_c0.jpg,8832,27.9,,48,78.7,0,0,0,0,0,0.0,0.0,1510.0,0.0,25.5,8.5,0.0,0.0,,2026-05-09 04:19:26
germ-germinadorap-de5832|LOT-20260506-651F-005|r0_c0|rep0,LOT-20260506-651F-005:A1:R0,germ-germinadorap-de5832,LOT-20260506-651F-005,A1,0,0,0,Hierbabuena,,,,,,,2026-05-09 04:34:21,2026-05-06 20:48:22,55.77,3,cg_1778301259368_1,4338,cam1_20260508_223420.jpg,crops/cam1_20260508_223420_r0_c0.jpg,4340,cam1_20260508_223423.jpg,crops/cam1_20260508_223423_r0_c0.jpg,8839,27.9,,55,66.1,0,0,0,0,0,0.0,0.0,1510.0,0.0,25.5,8.5,0.0,0.0,,2026-05-09 04:34:24
germ-germinadorap-de5832|LOT-20260506-651F-005|r0_c0|rep0,LOT-20260506-651F-005:A1:R0,germ-germinadorap-de5832,LOT-20260506-651F-005,A1,0,0,0,Hierbabuena,,,,,,,2026-05-09 04:49:21,2026-05-06 20:48:22,56.02,3,cg_1778302159375_1,4342,cam1_20260508_224920.jpg,crops/cam1_20260508_224920_r0_c0.jpg,4344,cam1_20260508_224923.jpg,crops/cam1_20260508_224923_r0_c0.jpg,8851,27.8,,52,61.6,0,0,0,0,0,0.0,0.0,1510.0,0.0,25.5,8.5,0.0,0.0,,2026-05-09 04:49:24
germ-germinadorap-de5832|LOT-20260506-651F-005|r0_c0|rep0,LOT-20260506-651F-005:A1:R0,germ-germinadorap-de5832,LOT-20260506-651F-005,A1,0,0,0,Hierbabuena,,,,,,,2026-05-09 05:04:21,2026-05-06 20:48:22,56.27,3,cg_1778303059421_1,4346,cam1_20260508_230420.jpg,crops/cam1_20260508_230420_r0_c0.jpg,4348,cam1_20260508_230423.jpg,crops/cam1_20260508_230423_r0_c0.jpg,8863,27.8,,48,67,0,0,0,0,0,0.0,0.0,1510.0,0.0,25.5,8.5,0.0,0.0,,2026-05-09 05:04:24
germ-germinadorap-de5832|LOT-20260506-651F-005|r0_c0|rep0,LOT-20260506-651F-005:A1:R0,germ-germinadorap-de5832,LOT-20260506-651F-005,A1,0,0,0,Hierbabuena,,,,,,,2026-05-09 05:19:21,2026-05-06 20:48:22,56.52,3,cg_1778303959393_1,4350,cam1_20260508_231920.jpg,crops/cam1_20260508_231920_r0_c0.jpg,4352,cam1_20260508_231923.jpg,crops/cam1_20260508_231923_r0_c0.jpg,8875,27.8,,54,66.1,0,0,0,0,0,0.0,0.0,1510.0,0.0,25.5,8.5,0.0,0.0,,2026-05-09 05:19:24
germ-germinadorap-de5832|LOT-20260506-651F-005|r0_c0|rep0,LOT-20260506-651F-005:A1:R0,germ-germinadorap-de5832,LOT-20260506-651F-005,A1,0,0,0,Hierbabuena,,,,,,,2026-05-09 05:34:21,2026-05-06 20:48:22,56.77,3,cg_1778304859400_1,4355,cam1_20260508_233421.jpg,crops/cam1_20260508_233421_r0_c0.jpg,4357,cam1_20260508_233425.jpg,crops/cam1_20260508_233425_r0_c0.jpg,8892,27.7,,46,72.3,0,0,0,0,0,0.0,0.0,1510.0,0.0,25.5,8.5,0.0,0.0,,2026-05-09 05:34:26
germ-germinadorap-de5832|LOT-20260506-651F-005|r0_c0|rep0,LOT-20260506-651F-005:A1:R0,germ-germinadorap-de5832,LOT-20260506-651F-005,A1,0,0,0,Hierbabuena,,,,,,,2026-05-09 05:49:21,2026-05-06 20:48:22,57.02,3,cg_1778305759403_1,4358,cam1_20260508_234920.jpg,crops/cam1_20260508_234920_r0_c0.jpg,4360,cam1_20260508_234923.jpg,crops/cam1_20260508_234923_r0_c0.jpg,8899,26.9,,43,49.7,0,0,0,0,0,0.0,0.0,1511.0,0.0,25.5,8.5,0.0,0.0,,2026-05-09 05:49:24
germ-germinadorap-de5832|LOT-20260506-651F-005|r0_c0|rep0,LOT-20260506-651F-005:A1:R0,germ-germinadorap-de5832,LOT-20260506-651F-005,A1,0,0,0,Hierbabuena,,,,,,,2026-05-09 06:04:22,2026-05-06 20:48:22,57.27,3,cg_1778306659405_1,4363,cam1_20260509_000422.jpg,crops/cam1_20260509_000422_r0_c0.jpg,4365,cam1_20260509_000425.jpg,crops/cam1_20260509_000425_r0_c0.jpg,8916,26.7,,43,49.5,0,0,0,0,0,0.0,0.0,1511.0,0.0,25.5,8.5,0.0,0.0,,2026-05-09 06:04:26
germ-germinadorap-de5832|LOT-20260506-651F-005|r0_c0|rep0,LOT-20260506-651F-005:A1:R0,germ-germinadorap-de5832,LOT-20260506-651F-005,A1,0,0,0,Hierbabuena,,,,,,,2026-05-09 06:19:21,2026-05-06 20:48:22,57.52,3,cg_1778307559419_1,4367,cam1_20260509_001921.jpg,crops/cam1_20260509_001921_r0_c0.jpg,4369,cam1_20260509_001925.jpg,crops/cam1_20260509_001925_r0_c0.jpg,8928,26.6,,43,49.6,0,0,0,0,0,0.0,0.0,1511.0,0.0,25.5,8.5,0.0,0.0,,2026-05-09 06:19:26
germ-germinadorap-de5832|LOT-20260506-651F-005|r0_c0|rep0,LOT-20260506-651F-005:A1:R0,germ-germinadorap-de5832,LOT-20260506-651F-005,A1,0,0,0,Hierbabuena,,,,,,,2026-05-09 06:34:21,2026-05-06 20:48:22,57.77,3,cg_1778308459425_1,4371,cam1_20260509_003421.jpg,crops/cam1_20260509_003421_r0_c0.jpg,4373,cam1_20260509_003425.jpg,crops/cam1_20260509_003425_r0_c0.jpg,8940,26.5,,44,48.9,0,0,0,0,0,0.0,0.0,1511.0,0.0,25.5,8.5,0.0,0.0,,2026-05-09 06:34:27
germ-germinadorap-de5832|LOT-20260506-651F-005|r0_c0|rep0,LOT-20260506-651F-005:A1:R0,germ-germinadorap-de5832,LOT-20260506-651F-005,A1,0,0,0,Hierbabuena,,,,,,,2026-05-09 06:49:21,2026-05-06 20:48:22,58.02,3,cg_1778309359435_1,4374,cam1_20260509_004920.jpg,crops/cam1_20260509_004920_r0_c0.jpg,4376,cam1_20260509_004923.jpg,crops/cam1_20260509_004923_r0_c0.jpg,8947,26.1,,47,48.4,0,0,0,0,0,0.0,0.0,1511.0,0.0,25.5,8.5,0.0,0.0,,2026-05-09 06:49:24
germ-germinadorap-de5832|LOT-20260506-651F-005|r0_c0|rep0,LOT-20260506-651F-005:A1:R0,germ-germinadorap-de5832,LOT-20260506-651F-005,A1,0,0,0,Hierbabuena,,,,,,,2026-05-09 07:04:37,2026-05-06 20:48:22,58.27,3,cg_1778310275247_1,4378,cam1_20260509_010436.jpg,crops/cam1_20260509_010436_r0_c0.jpg,4380,cam1_20260509_010439.jpg,crops/cam1_20260509_010439_r0_c0.jpg,8959,26.8,,47,46.4,0,0,0,0,0,0.0,0.0,1511.0,0.0,25.5,8.5,0.0,0.0,,2026-05-09 07:04:40
germ-germinadorap-de5832|LOT-20260506-651F-005|r0_c0|rep0,LOT-20260506-651F-005:A1:R0,germ-germinadorap-de5832,LOT-20260506-651F-005,A1,0,0,0,Hierbabuena,,,,,,,2026-05-09 07:19:37,2026-05-06 20:48:22,58.52,3,cg_1778311175533_1,4382,cam1_20260509_011937.jpg,crops/cam1_20260509_011937_r0_c0.jpg,4384,cam1_20260509_011939.jpg,crops/cam1_20260509_011939_r0_c0.jpg,8971,27.3,,52,48.8,0,0,0,0,0,0.0,0.0,1511.0,0.0,25.5,8.5,0.0,0.0,,2026-05-09 07:19:40
germ-germinadorap-de5832|LOT-20260506-651F-005|r0_c0|rep0,LOT-20260506-651F-005:A1:R0,germ-germinadorap-de5832,LOT-20260506-651F-005,A1,0,0,0,Hierbabuena,,,,,,,2026-05-09 07:34:42,2026-05-06 20:48:22,58.77,3,cg_1778312079971_1,4386,cam1_20260509_013441.jpg,crops/cam1_20260509_013441_r0_c0.jpg,4388,cam1_20260509_013444.jpg,crops/cam1_20260509_013444_r0_c0.jpg,8983,27.3,,53,49,0,0,0,0,0,0.0,0.0,1511.0,0.0,25.5,8.5,0.0,0.0,,2026-05-09 07:34:45
germ-germinadorap-de5832|LOT-20260506-651F-005|r0_c0|rep0,LOT-20260506-651F-005:A1:R0,germ-germinadorap-de5832,LOT-20260506-651F-005,A1,0,0,0,Hierbabuena,,,,,,,2026-05-09 07:50:26,2026-05-06 20:48:22,59.03,3,cg_1778313024396_1,4390,cam1_20260509_015025.jpg,crops/cam1_20260509_015025_r0_c0.jpg,4392,cam1_20260509_015028.jpg,crops/cam1_20260509_015028_r0_c0.jpg,8995,27.3,,56,48.4,0,0,0,0,0,0.0,0.0,1513.0,0.0,25.5,8.5,0.0,0.0,,2026-05-09 07:50:30
germ-germinadorap-de5832|LOT-20260506-651F-005|r0_c0|rep0,LOT-20260506-651F-005:A1:R0,germ-germinadorap-de5832,LOT-20260506-651F-005,A1,0,0,0,Hierbabuena,,,,,,,2026-05-09 08:05:26,2026-05-06 20:48:22,59.28,3,cg_1778313924396_1,4394,cam1_20260509_020526.jpg,crops/cam1_20260509_020526_r0_c0.jpg,4396,cam1_20260509_020528.jpg,crops/cam1_20260509_020528_r0_c0.jpg,9007,27.5,,57,48.9,0,0,0,0,0,0.0,0.0,1513.0,0.0,25.6,8.5,0.0,0.0,,2026-05-09 08:05:29
germ-germinadorap-de5832|LOT-20260506-651F-005|r0_c0|rep0,LOT-20260506-651F-005:A1:R0,germ-germinadorap-de5832,LOT-20260506-651F-005,A1,0,0,0,Hierbabuena,,,,,,,2026-05-09 08:20:26,2026-05-06 20:48:22,59.53,3,cg_1778314824395_1,4399,cam1_20260509_022026.jpg,crops/cam1_20260509_022026_r0_c0.jpg,4401,cam1_20260509_022030.jpg,crops/cam1_20260509_022030_r0_c0.jpg,9024,27.4,,56,49.8,0,0,0,0,0,0.0,0.0,1513.0,0.0,25.9,8.6,0.0,0.0,,2026-05-09 08:20:31
germ-germinadorap-de5832|LOT-20260506-651F-005|r0_c0|rep0,LOT-20260506-651F-005:A1:R0,germ-germinadorap-de5832,LOT-20260506-651F-005,A1,0,0,0,Hierbabuena,,,,,,,2026-05-09 08:35:26,2026-05-06 20:48:22,59.78,3,cg_1778315724396_1,4403,cam1_20260509_023526.jpg,crops/cam1_20260509_023526_r0_c0.jpg,4405,cam1_20260509_023530.jpg,crops/cam1_20260509_023530_r0_c0.jpg,9036,27.5,,56,49,0,0,0,0,0,0.0,0.0,1513.0,0.0,26.1,8.7,0.0,0.0,,2026-05-09 08:35:31
germ-germinadorap-de5832|LOT-20260506-651F-005|r0_c0|rep0,LOT-20260506-651F-005:A1:R0,germ-germinadorap-de5832,LOT-20260506-651F-005,A1,0,0,0,Hierbabuena,,,,,,,2026-05-09 08:50:26,2026-05-06 20:48:22,60.03,3,cg_1778316624399_1,4407,cam1_20260509_025025.jpg,crops/cam1_20260509_025025_r0_c0.jpg,4409,cam1_20260509_025030.jpg,crops/cam1_20260509_025030_r0_c0.jpg,9048,27.4,,56,48.6,0,0,0,0,0,0.0,0.0,1513.0,0.0,26.4,8.8,0.0,0.0,,2026-05-09 08:50:31
germ-germinadorap-de5832|LOT-20260506-651F-005|r0_c0|rep0,LOT-20260506-651F-005:A1:R0,germ-germinadorap-de5832,LOT-20260506-651F-005,A1,0,0,0,Hierbabuena,,,,,,,2026-05-09 09:05:26,2026-05-06 20:48:22,60.28,3,cg_1778317524399_1,4411,cam1_20260509_030526.jpg,crops/cam1_20260509_030526_r0_c0.jpg,4413,cam1_20260509_030530.jpg,crops/cam1_20260509_030530_r0_c0.jpg,9060,27.3,,54,48.6,0,0,0,0,0,0.0,0.0,1513.0,0.0,26.6,8.9,0.0,0.0,,2026-05-09 09:05:31
germ-germinadorap-de5832|LOT-20260506-651F-005|r0_c0|rep0,LOT-20260506-651F-005:A1:R0,germ-germinadorap-de5832,LOT-20260506-651F-005,A1,0,0,0,Hierbabuena,,,,,,,2026-05-09 09:20:26,2026-05-06 20:48:22,60.53,3,cg_1778318424399_1,4415,cam1_20260509_032026.jpg,crops/cam1_20260509_032026_r0_c0.jpg,4417,cam1_20260509_032030.jpg,crops/cam1_20260509_032030_r0_c0.jpg,9072,27.5,,55,48.6,0,0,0,0,0,0.0,0.0,1513.0,0.0,26.9,9.0,0.0,0.0,,2026-05-09 09:20:31
germ-germinadorap-de5832|LOT-20260506-651F-005|r0_c0|rep0,LOT-20260506-651F-005:A1:R0,germ-germinadorap-de5832,LOT-20260506-651F-005,A1,0,0,0,Hierbabuena,,,,,,,2026-05-09 09:35:26,2026-05-06 20:48:22,60.78,3,cg_1778319324402_1,4418,cam1_20260509_033525.jpg,crops/cam1_20260509_033525_r0_c0.jpg,4420,cam1_20260509_033528.jpg,crops/cam1_20260509_033528_r0_c0.jpg,9079,27.2,,54,47.6,0,0,0,0,0,0.0,0.0,1513.0,0.0,27.1,9.0,0.0,0.0,,2026-05-09 09:35:29
germ-germinadorap-de5832|LOT-20260506-651F-005|r0_c0|rep0,LOT-20260506-651F-005:A1:R0,germ-germinadorap-de5832,LOT-20260506-651F-005,A1,0,0,0,Hierbabuena,,,,,,,2026-05-09 10:05:26,2026-05-06 20:48:22,61.28,3,cg_1778321124403_1,4424,cam1_20260509_040525.jpg,crops/cam1_20260509_040525_r0_c0.jpg,4426,cam1_20260509_040528.jpg,crops/cam1_20260509_040528_r0_c0.jpg,9096,27.3,,55,47.8,0,0,0,0,0,0.0,0.0,1513.0,0.0,27.6,9.2,0.0,0.0,,2026-05-09 10:05:29
germ-germinadorap-de5832|LOT-20260506-651F-005|r0_c0|rep0,LOT-20260506-651F-005:A1:R0,germ-germinadorap-de5832,LOT-20260506-651F-005,A1,0,0,0,Hierbabuena,,,,,,,2026-05-09 10:20:27,2026-05-06 20:48:22,61.53,3,cg_1778322024402_1,4429,cam1_20260509_042027.jpg,crops/cam1_20260509_042027_r0_c0.jpg,4431,cam1_20260509_042030.jpg,crops/cam1_20260509_042030_r0_c0.jpg,9113,27.3,,55,47.7,0,0,0,0,0,0.0,0.0,1513.0,0.0,27.9,9.3,0.0,0.0,,2026-05-09 10:20:31
germ-germinadorap-de5832|LOT-20260506-651F-005|r0_c0|rep0,LOT-20260506-651F-005:A1:R0,germ-germinadorap-de5832,LOT-20260506-651F-005,A1,0,0,0,Hierbabuena,,,,,,,2026-05-09 10:35:26,2026-05-06 20:48:22,61.78,3,cg_1778322924406_1,4433,cam1_20260509_043526.jpg,crops/cam1_20260509_043526_r0_c0.jpg,4435,cam1_20260509_043530.jpg,crops/cam1_20260509_043530_r0_c0.jpg,9125,27.2,,55,47.6,0,0,0,0,0,0.0,0.0,1513.0,0.0,28.1,9.4,0.0,0.0,,2026-05-09 10:35:31
germ-germinadorap-de5832|LOT-20260506-651F-005|r0_c0|rep0,LOT-20260506-651F-005:A1:R0,germ-germinadorap-de5832,LOT-20260506-651F-005,A1,0,0,0,Hierbabuena,,,,,,,2026-05-09 10:50:26,2026-05-06 20:48:22,62.03,3,cg_1778323824409_1,4437,cam1_20260509_045025.jpg,crops/cam1_20260509_045025_r0_c0.jpg,4439,cam1_20260509_045030.jpg,crops/cam1_20260509_045030_r0_c0.jpg,9137,27.3,,54,47.4,0,0,0,0,0,0.0,0.0,1513.0,0.0,28.4,9.5,0.0,0.0,,2026-05-09 10:50:31
germ-germinadorap-de5832|LOT-20260506-651F-005|r0_c0|rep0,LOT-20260506-651F-005:A1:R0,germ-germinadorap-de5832,LOT-20260506-651F-005,A1,0,0,0,Hierbabuena,,,,,,,2026-05-09 11:05:26,2026-05-06 20:48:22,62.28,3,cg_1778324724411_1,4440,cam1_20260509_050525.jpg,crops/cam1_20260509_050525_r0_c0.jpg,4442,cam1_20260509_050528.jpg,crops/cam1_20260509_050528_r0_c0.jpg,9144,27.2,,54,47.2,0,0,0,0,0,0.0,0.0,1513.0,0.0,28.6,9.5,0.0,0.0,,2026-05-09 11:05:29
germ-germinadorap-de5832|LOT-20260506-651F-005|r0_c0|rep0,LOT-20260506-651F-005:A1:R0,germ-germinadorap-de5832,LOT-20260506-651F-005,A1,0,0,0,Hierbabuena,,,,,,,2026-05-09 11:20:26,2026-05-06 20:48:22,62.53,3,cg_1778325624414_1,4444,cam1_20260509_052025.jpg,crops/cam1_20260509_052025_r0_c0.jpg,4446,cam1_20260509_052028.jpg,crops/cam1_20260509_052028_r0_c0.jpg,9156,27.3,,54,46.9,0,0,0,0,0,0.0,0.0,1513.0,0.0,28.9,9.6,0.0,0.0,,2026-05-09 11:20:29
germ-germinadorap-de5832|LOT-20260506-651F-005|r0_c0|rep0,LOT-20260506-651F-005:A1:R0,germ-germinadorap-de5832,LOT-20260506-651F-005,A1,0,0,0,Hierbabuena,,,,,,,2026-05-09 11:35:26,2026-05-06 20:48:22,62.78,3,cg_1778326524415_1,4449,cam1_20260509_053525.jpg,crops/cam1_20260509_053525_r0_c0.jpg,4451,cam1_20260509_053530.jpg,crops/cam1_20260509_053530_r0_c0.jpg,9173,27.2,,55,47,0,0,0,0,0,0.0,0.0,1514.0,0.0,29.1,9.7,0.0,0.0,,2026-05-09 11:35:31
germ-germinadorap-de5832|LOT-20260506-651F-005|r0_c0|rep0,LOT-20260506-651F-005:A1:R0,germ-germinadorap-de5832,LOT-20260506-651F-005,A1,0,0,0,Hierbabuena,,,,,,,2026-05-09 11:50:26,2026-05-06 20:48:22,63.03,3,cg_1778327424420_1,4452,cam1_20260509_055026.jpg,crops/cam1_20260509_055026_r0_c0.jpg,4454,cam1_20260509_055028.jpg,crops/cam1_20260509_055028_r0_c0.jpg,9180,27.2,,56,46.6,0,0,0,0,0,0.0,0.0,1514.0,0.0,29.4,9.8,0.0,0.0,,2026-05-09 11:50:29
germ-germinadorap-de5832|LOT-20260506-651F-005|r0_c0|rep0,LOT-20260506-651F-005:A1:R0,germ-germinadorap-de5832,LOT-20260506-651F-005,A1,0,0,0,Hierbabuena,,,,,,,2026-05-09 12:05:26,2026-05-06 20:48:22,63.28,3,cg_1778328324420_1,4456,cam1_20260509_060525.jpg,crops/cam1_20260509_060525_r0_c0.jpg,4458,cam1_20260509_060528.jpg,crops/cam1_20260509_060528_r0_c0.jpg,9192,27.2,,55,46.7,0,0,0,0,0,0.0,0.0,1514.0,0.0,29.6,9.9,0.0,0.0,,2026-05-09 12:05:29
germ-germinadorap-de5832|LOT-20260506-651F-005|r0_c0|rep0,LOT-20260506-651F-005:A1:R0,germ-germinadorap-de5832,LOT-20260506-651F-005,A1,0,0,0,Hierbabuena,,,,,,,2026-05-09 12:20:26,2026-05-06 20:48:22,63.53,3,cg_1778329224420_1,4461,cam1_20260509_062025.jpg,crops/cam1_20260509_062025_r0_c0.jpg,4463,cam1_20260509_062030.jpg,crops/cam1_20260509_062030_r0_c0.jpg,9209,27.1,,55,46.9,0,0,0,0,0,0.0,0.0,1514.0,0.0,29.9,10.0,0.0,0.0,,2026-05-09 12:20:31
germ-germinadorap-de5832|LOT-20260506-651F-005|r0_c0|rep0,LOT-20260506-651F-005:A1:R0,germ-germinadorap-de5832,LOT-20260506-651F-005,A1,0,0,0,Hierbabuena,,,,,,,2026-05-09 12:35:26,2026-05-06 20:48:22,63.78,3,cg_1778330124421_1,4465,cam1_20260509_063526.jpg,crops/cam1_20260509_063526_r0_c0.jpg,4467,cam1_20260509_063530.jpg,crops/cam1_20260509_063530_r0_c0.jpg,9221,27.2,,53,46.8,0,0,0,0,0,0.0,0.0,1514.0,0.0,30.1,10.0,0.0,0.0,,2026-05-09 12:35:31
germ-germinadorap-de5832|LOT-20260506-651F-005|r0_c0|rep0,LOT-20260506-651F-005:A1:R0,germ-germinadorap-de5832,LOT-20260506-651F-005,A1,0,0,0,Hierbabuena,,,,,,,2026-05-09 12:50:26,2026-05-06 20:48:22,64.03,3,cg_1778331024423_1,4469,cam1_20260509_065025.jpg,crops/cam1_20260509_065025_r0_c0.jpg,4471,cam1_20260509_065030.jpg,crops/cam1_20260509_065030_r0_c0.jpg,9233,27.3,,56,46,0,0,0,0,0,0.0,0.0,1514.0,0.0,30.4,10.1,0.0,0.0,,2026-05-09 12:50:31
germ-germinadorap-de5832|LOT-20260506-651F-005|r0_c0|rep0,LOT-20260506-651F-005:A1:R0,germ-germinadorap-de5832,LOT-20260506-651F-005,A1,0,0,0,Hierbabuena,,,,,,,2026-05-09 13:05:26,2026-05-06 20:48:22,64.28,3,cg_1778331924423_1,4472,cam1_20260509_070525.jpg,crops/cam1_20260509_070525_r0_c0.jpg,4474,cam1_20260509_070528.jpg,crops/cam1_20260509_070528_r0_c0.jpg,9240,27.1,,52,46.1,0,0,0,0,0,0.0,0.0,1514.0,0.0,30.6,10.2,0.0,0.0,,2026-05-09 13:05:29
germ-germinadorap-de5832|LOT-20260506-651F-005|r0_c0|rep0,LOT-20260506-651F-005:A1:R0,germ-germinadorap-de5832,LOT-20260506-651F-005,A1,0,0,0,Hierbabuena,,,,,,,2026-05-09 13:20:26,2026-05-06 20:48:22,64.53,3,cg_1778332824428_1,4476,cam1_20260509_072026.jpg,crops/cam1_20260509_072026_r0_c0.jpg,4478,cam1_20260509_072028.jpg,crops/cam1_20260509_072028_r0_c0.jpg,9252,27.1,,54,45.9,0,0,0,0,0,0.0,0.0,1514.0,0.0,30.9,10.3,0.0,0.0,,2026-05-09 13:20:29
germ-germinadorap-de5832|LOT-20260506-651F-005|r0_c0|rep0,LOT-20260506-651F-005:A1:R0,germ-germinadorap-de5832,LOT-20260506-651F-005,A1,0,0,0,Hierbabuena,,,,,,,2026-05-09 13:35:26,2026-05-06 20:48:22,64.78,3,cg_1778333724428_1,4481,cam1_20260509_073525.jpg,crops/cam1_20260509_073525_r0_c0.jpg,4483,cam1_20260509_073530.jpg,crops/cam1_20260509_073530_r0_c0.jpg,9269,27.1,,54,44.9,0,0,0,0,0,0.0,0.0,1514.0,0.0,31.1,10.4,0.0,0.0,,2026-05-09 13:35:31
germ-germinadorap-de5832|LOT-20260506-651F-005|r0_c0|rep0,LOT-20260506-651F-005:A1:R0,germ-germinadorap-de5832,LOT-20260506-651F-005,A1,0,0,0,Hierbabuena,,,,,,,2026-05-09 13:50:26,2026-05-06 20:48:22,65.03,3,cg_1778334624429_1,4484,cam1_20260509_075025.jpg,crops/cam1_20260509_075025_r0_c0.jpg,4486,cam1_20260509_075028.jpg,crops/cam1_20260509_075028_r0_c0.jpg,9276,27,,55,45.1,0,0,0,0,0,0.0,0.0,1514.0,0.0,31.4,10.5,0.0,0.0,,2026-05-09 13:50:29
germ-germinadorap-de5832|LOT-20260506-651F-005|r0_c0|rep0,LOT-20260506-651F-005:A1:R0,germ-germinadorap-de5832,LOT-20260506-651F-005,A1,0,0,0,Hierbabuena,,,,,,,2026-05-09 14:05:26,2026-05-06 20:48:22,65.28,3,cg_1778335524435_1,4489,cam1_20260509_080525.jpg,crops/cam1_20260509_080525_r0_c0.jpg,4491,cam1_20260509_080530.jpg,crops/cam1_20260509_080530_r0_c0.jpg,9293,27.3,,52,45.5,0,0,0,0,0,0.0,0.0,1519.0,0.0,31.6,10.5,0.0,0.0,,2026-05-09 14:05:31
germ-germinadorap-de5832|LOT-20260506-651F-005|r0_c0|rep0,LOT-20260506-651F-005:A1:R0,germ-germinadorap-de5832,LOT-20260506-651F-005,A1,0,0,0,Hierbabuena,,,,,,,2026-05-09 14:20:26,2026-05-06 20:48:22,65.53,3,cg_1778336424441_1,4493,cam1_20260509_082025.jpg,crops/cam1_20260509_082025_r0_c0.jpg,4495,cam1_20260509_082030.jpg,crops/cam1_20260509_082030_r0_c0.jpg,9305,27.5,,50,44.7,0,0,0,0,0,0.0,0.0,1534.0,0.0,31.9,10.6,0.0,0.0,,2026-05-09 14:20:31
germ-germinadorap-de5832|LOT-20260506-651F-005|r0_c0|rep0,LOT-20260506-651F-005:A1:R0,germ-germinadorap-de5832,LOT-20260506-651F-005,A1,0,0,0,Hierbabuena,,,,,,,2026-05-09 14:35:26,2026-05-06 20:48:22,65.78,3,cg_1778337324470_1,4497,cam1_20260509_083525.jpg,crops/cam1_20260509_083525_r0_c0.jpg,4499,cam1_20260509_083530.jpg,crops/cam1_20260509_083530_r0_c0.jpg,9317,27.8,,50,44.9,0,0,0,0,0,0.0,0.0,1549.0,0.0,32.1,10.7,0.0,0.0,,2026-05-09 14:35:31
germ-germinadorap-de5832|LOT-20260506-651F-005|r0_c0|rep0,LOT-20260506-651F-005:A1:R0,germ-germinadorap-de5832,LOT-20260506-651F-005,A1,0,0,0,Hierbabuena,,,,,,,2026-05-09 14:50:26,2026-05-06 20:48:22,66.03,3,cg_1778338224472_1,4501,cam1_20260509_085025.jpg,crops/cam1_20260509_085025_r0_c0.jpg,4503,cam1_20260509_085030.jpg,crops/cam1_20260509_085030_r0_c0.jpg,9329,27.9,,50,42.3,0,0,0,0,0,0.0,0.0,1564.0,0.0,32.4,10.8,0.0,0.0,,2026-05-09 14:50:31
germ-germinadorap-de5832|LOT-20260506-651F-005|r0_c0|rep0,LOT-20260506-651F-005:A1:R0,germ-germinadorap-de5832,LOT-20260506-651F-005,A1,0,0,0,Hierbabuena,,,,,,,2026-05-09 15:05:29,2026-05-06 20:48:22,66.29,3,cg_1778339124473_1,4504,cam1_20260509_090529.jpg,crops/cam1_20260509_090529_r0_c0.jpg,4506,cam1_20260509_090531.jpg,crops/cam1_20260509_090531_r0_c0.jpg,9336,28,,49,42.9,0,0,0,0,0,0.0,0.0,1579.0,0.0,32.6,10.9,0.0,0.0,,2026-05-09 15:05:32
germ-germinadorap-de5832|LOT-20260506-651F-005|r0_c0|rep0,LOT-20260506-651F-005:A1:R0,germ-germinadorap-de5832,LOT-20260506-651F-005,A1,0,0,0,Hierbabuena,,,,,,,2026-05-09 22:54:44,2026-05-06 20:48:22,74.11,4,cg_1778367281963_1,4508,cam1_20260509_165443.jpg,crops/cam1_20260509_165443_r0_c0.jpg,4510,cam1_20260509_165446.jpg,crops/cam1_20260509_165446_r0_c0.jpg,9348,26.5,,48,0,0,0,0,0,0,0.0,0.0,2048.0,0.0,37.6,9.4,0.0,0.0,,2026-05-09 22:54:49
germ-germinadorap-de5832|LOT-20260506-651F-005|r0_c0|rep0,LOT-20260506-651F-005:A1:R0,germ-germinadorap-de5832,LOT-20260506-651F-005,A1,0,0,0,Hierbabuena,,,,,,,2026-05-09 23:09:45,2026-05-06 20:48:22,74.36,4,cg_1778368181978_1,4513,cam1_20260509_170945.jpg,crops/cam1_20260509_170945_r0_c0.jpg,4515,cam1_20260509_170948.jpg,crops/cam1_20260509_170948_r0_c0.jpg,9365,26.9,,59,0,0,0,0,0,0,0.0,0.0,2063.0,0.0,37.7,9.4,0.0,0.0,,2026-05-09 23:09:49
germ-germinadorap-de5832|LOT-20260506-651F-005|r0_c0|rep0,LOT-20260506-651F-005:A1:R0,germ-germinadorap-de5832,LOT-20260506-651F-005,A1,0,0,0,Hierbabuena,,,,,,,2026-05-09 23:24:44,2026-05-06 20:48:22,74.61,4,cg_1778369081979_1,4517,cam1_20260509_172443.jpg,crops/cam1_20260509_172443_r0_c0.jpg,4519,cam1_20260509_172448.jpg,crops/cam1_20260509_172448_r0_c0.jpg,9377,27.4,,53,0,0,0,0,0,0,0.0,0.0,2078.0,0.0,37.7,9.4,0.0,0.0,,2026-05-09 23:24:49
germ-germinadorap-de5832|LOT-20260506-651F-005|r0_c0|rep0,LOT-20260506-651F-005:A1:R0,germ-germinadorap-de5832,LOT-20260506-651F-005,A1,0,0,0,Hierbabuena,,,,,,,2026-05-09 23:39:46,2026-05-06 20:48:22,74.86,4,cg_1778369981983_1,4521,cam1_20260509_173945.jpg,crops/cam1_20260509_173945_r0_c0.jpg,4523,cam1_20260509_173948.jpg,crops/cam1_20260509_173948_r0_c0.jpg,9389,27.6,,51,0,0,0,0,0,0,0.0,0.0,2093.0,0.0,37.7,9.4,0.0,0.0,,2026-05-09 23:39:49
germ-germinadorap-de5832|LOT-20260506-651F-005|r0_c0|rep0,LOT-20260506-651F-005:A1:R0,germ-germinadorap-de5832,LOT-20260506-651F-005,A1,0,0,0,Hierbabuena,,,,,,,2026-05-09 23:54:45,2026-05-06 20:48:22,75.11,4,cg_1778370881988_1,4525,cam1_20260509_175445.jpg,crops/cam1_20260509_175445_r0_c0.jpg,4527,cam1_20260509_175448.jpg,crops/cam1_20260509_175448_r0_c0.jpg,9401,27.8,,50,0,0,0,0,0,0,0.0,0.0,2108.0,0.0,37.7,9.4,0.0,0.0,,2026-05-09 23:54:49
germ-germinadorap-de5832|LOT-20260506-651F-005|r0_c0|rep0,LOT-20260506-651F-005:A1:R0,germ-germinadorap-de5832,LOT-20260506-651F-005,A1,0,0,0,Hierbabuena,,,,,,,2026-05-10 00:09:44,2026-05-06 20:48:22,75.36,4,cg_1778371781989_1,4529,cam1_20260509_180943.jpg,crops/cam1_20260509_180943_r0_c0.jpg,4531,cam1_20260509_180948.jpg,crops/cam1_20260509_180948_r0_c0.jpg,9413,28.2,,50,0,0,0,0,1,0,15.0,0.0,2123.0,0.0,37.7,9.4,0.0,0.0,,2026-05-10 00:09:49
germ-germinadorap-de5832|LOT-20260506-651F-005|r0_c0|rep0,LOT-20260506-651F-005:A1:R0,germ-germinadorap-de5832,LOT-20260506-651F-005,A1,0,0,0,Hierbabuena,,,,,,,2026-05-10 00:24:44,2026-05-06 20:48:22,75.61,4,cg_1778372681994_1,4533,cam1_20260509_182444.jpg,crops/cam1_20260509_182444_r0_c0.jpg,4535,cam1_20260509_182448.jpg,crops/cam1_20260509_182448_r0_c0.jpg,9425,28.2,,50,0,0,0,0,0,0,0.0,0.0,2138.0,0.0,37.7,9.4,0.0,0.0,,2026-05-10 00:24:50
germ-germinadorap-de5832|LOT-20260506-651F-005|r0_c0|rep0,LOT-20260506-651F-005:A1:R0,germ-germinadorap-de5832,LOT-20260506-651F-005,A1,0,0,0,Hierbabuena,,,,,,,2026-05-10 00:39:44,2026-05-06 20:48:22,75.86,4,cg_1778373581999_1,4537,cam1_20260509_183943.jpg,crops/cam1_20260509_183943_r0_c0.jpg,4539,cam1_20260509_183948.jpg,crops/cam1_20260509_183948_r0_c0.jpg,9437,28.2,,50,0,0,0,0,0,0,0.0,0.0,2153.0,0.0,37.7,9.4,0.0,0.0,,2026-05-10 00:39:49
germ-germinadorap-de5832|LOT-20260506-651F-005|r0_c0|rep0,LOT-20260506-651F-005:A1:R0,germ-germinadorap-de5832,LOT-20260506-651F-005,A1,0,0,0,Hierbabuena,,,,,,,2026-05-10 00:54:44,2026-05-06 20:48:22,76.11,4,cg_1778374481999_1,4541,cam1_20260509_185444.jpg,crops/cam1_20260509_185444_r0_c0.jpg,4543,cam1_20260509_185448.jpg,crops/cam1_20260509_185448_r0_c0.jpg,9449,28.2,,50,0,0,0,0,0,0,0.0,0.0,2168.0,0.0,37.7,9.4,0.0,0.0,,2026-05-10 00:54:49
germ-germinadorap-de5832|LOT-20260506-651F-005|r0_c0|rep0,LOT-20260506-651F-005:A1:R0,germ-germinadorap-de5832,LOT-20260506-651F-005,A1,0,0,0,Hierbabuena,,,,,,,2026-05-10 01:09:46,2026-05-06 20:48:22,76.36,4,cg_1778375382000_1,4545,cam1_20260509_190945.jpg,crops/cam1_20260509_190945_r0_c0.jpg,4547,cam1_20260509_190948.jpg,crops/cam1_20260509_190948_r0_c0.jpg,9461,28.5,,50,0,0,0,0,0,0,0.0,0.0,2182.0,0.0,37.7,9.4,0.0,0.0,,2026-05-10 01:09:50
germ-germinadorap-de5832|LOT-20260506-651F-005|r0_c0|rep0,LOT-20260506-651F-005:A1:R0,germ-germinadorap-de5832,LOT-20260506-651F-005,A1,0,0,0,Hierbabuena,,,,,,,2026-05-10 01:24:46,2026-05-06 20:48:22,76.61,4,cg_1778376282004_1,4549,cam1_20260509_192445.jpg,crops/cam1_20260509_192445_r0_c0.jpg,4551,cam1_20260509_192450.jpg,crops/cam1_20260509_192450_r0_c0.jpg,9473,28.5,,50,0,0,0,0,0,0,0.0,0.0,2197.0,0.0,37.7,9.4,0.0,0.0,,2026-05-10 01:24:51
germ-germinadorap-de5832|LOT-20260506-651F-005|r0_c0|rep0,LOT-20260506-651F-005:A1:R0,germ-germinadorap-de5832,LOT-20260506-651F-005,A1,0,0,0,Hierbabuena,,,,,,,2026-05-10 01:39:44,2026-05-06 20:48:22,76.86,4,cg_1778377182004_1,4553,cam1_20260509_193943.jpg,crops/cam1_20260509_193943_r0_c0.jpg,4555,cam1_20260509_193948.jpg,crops/cam1_20260509_193948_r0_c0.jpg,9485,28.6,,51,0,0,0,0,0,0,0.0,0.0,2212.0,0.0,37.7,9.4,0.0,0.0,,2026-05-10 01:39:50
germ-germinadorap-de5832|LOT-20260506-651F-005|r0_c0|rep0,LOT-20260506-651F-005:A1:R0,germ-germinadorap-de5832,LOT-20260506-651F-005,A1,0,0,0,Hierbabuena,,,,,,,2026-05-10 01:54:44,2026-05-06 20:48:22,77.11,4,cg_1778378082009_1,4557,cam1_20260509_195443.jpg,crops/cam1_20260509_195443_r0_c0.jpg,4559,cam1_20260509_195448.jpg,crops/cam1_20260509_195448_r0_c0.jpg,9497,28.4,,51,0,0,0,0,0,0,0.0,0.0,2227.0,0.0,37.7,9.4,0.0,0.0,,2026-05-10 01:54:49
germ-germinadorap-de5832|LOT-20260506-651F-005|r0_c0|rep0,LOT-20260506-651F-005:A1:R0,germ-germinadorap-de5832,LOT-20260506-651F-005,A1,0,0,0,Hierbabuena,,,,,,,2026-05-10 02:09:44,2026-05-06 20:48:22,77.36,4,cg_1778378982011_1,4561,cam1_20260509_200943.jpg,crops/cam1_20260509_200943_r0_c0.jpg,4563,cam1_20260509_200948.jpg,crops/cam1_20260509_200948_r0_c0.jpg,9509,28.4,,51,0,0,0,0,0,0,0.0,0.0,2232.0,0.0,37.7,9.4,0.0,0.0,,2026-05-10 02:09:49
germ-germinadorap-de5832|LOT-20260506-651F-005|r0_c0|rep0,LOT-20260506-651F-005:A1:R0,germ-germinadorap-de5832,LOT-20260506-651F-005,A1,0,0,0,Hierbabuena,,,,,,,2026-05-10 02:24:44,2026-05-06 20:48:22,77.61,4,cg_1778379882013_1,4565,cam1_20260509_202443.jpg,crops/cam1_20260509_202443_r0_c0.jpg,4567,cam1_20260509_202448.jpg,crops/cam1_20260509_202448_r0_c0.jpg,9521,28.5,,53,0,0,0,0,0,0,0.0,0.0,2232.0,0.0,37.7,9.4,0.0,0.0,,2026-05-10 02:24:49
germ-germinadorap-de5832|LOT-20260506-651F-005|r0_c0|rep0,LOT-20260506-651F-005:A1:R0,germ-germinadorap-de5832,LOT-20260506-651F-005,A1,0,0,0,Hierbabuena,,,,,,,2026-05-10 02:39:44,2026-05-06 20:48:22,77.86,4,cg_1778380782015_1,4569,cam1_20260509_203943.jpg,crops/cam1_20260509_203943_r0_c0.jpg,4571,cam1_20260509_203948.jpg,crops/cam1_20260509_203948_r0_c0.jpg,9533,28.2,,54,0,0,0,0,0,0,0.0,0.0,2233.0,0.0,37.7,9.4,0.0,0.0,,2026-05-10 02:39:49
germ-germinadorap-de5832|LOT-20260506-651F-005|r0_c0|rep0,LOT-20260506-651F-005:A1:R0,germ-germinadorap-de5832,LOT-20260506-651F-005,A1,0,0,0,Hierbabuena,,,,,,,2026-05-10 02:54:44,2026-05-06 20:48:22,78.11,4,cg_1778381682015_1,4573,cam1_20260509_205443.jpg,crops/cam1_20260509_205443_r0_c0.jpg,4575,cam1_20260509_205448.jpg,crops/cam1_20260509_205448_r0_c0.jpg,9545,28.1,,55,0,0,0,0,0,0,0.0,0.0,2233.0,0.0,37.7,9.4,0.0,0.0,,2026-05-10 02:54:49
germ-germinadorap-de5832|LOT-20260506-651F-005|r0_c0|rep0,LOT-20260506-651F-005:A1:R0,germ-germinadorap-de5832,LOT-20260506-651F-005,A1,0,0,0,Hierbabuena,,,,,,,2026-05-10 03:09:44,2026-05-06 20:48:22,78.36,4,cg_1778382582015_1,4577,cam1_20260509_210943.jpg,crops/cam1_20260509_210943_r0_c0.jpg,4579,cam1_20260509_210948.jpg,crops/cam1_20260509_210948_r0_c0.jpg,9557,28,,56,0,0,0,0,0,0,0.0,0.0,2233.0,0.0,37.7,9.4,0.0,0.0,,2026-05-10 03:09:49
germ-germinadorap-de5832|LOT-20260506-651F-005|r0_c0|rep0,LOT-20260506-651F-005:A1:R0,germ-germinadorap-de5832,LOT-20260506-651F-005,A1,0,0,0,Hierbabuena,,,,,,,2026-05-10 03:24:44,2026-05-06 20:48:22,78.61,4,cg_1778383482016_1,4581,cam1_20260509_212443.jpg,crops/cam1_20260509_212443_r0_c0.jpg,4583,cam1_20260509_212448.jpg,crops/cam1_20260509_212448_r0_c0.jpg,9569,27.8,,55,0,0,0,0,0,0,0.0,0.0,2233.0,0.0,37.7,9.4,0.0,0.0,,2026-05-10 03:24:49
germ-germinadorap-de5832|LOT-20260506-651F-005|r0_c0|rep0,LOT-20260506-651F-005:A1:R0,germ-germinadorap-de5832,LOT-20260506-651F-005,A1,0,0,0,Hierbabuena,,,,,,,2026-05-10 03:39:44,2026-05-06 20:48:22,78.86,4,cg_1778384382021_1,4585,cam1_20260509_213943.jpg,crops/cam1_20260509_213943_r0_c0.jpg,4587,cam1_20260509_213948.jpg,crops/cam1_20260509_213948_r0_c0.jpg,9581,27.8,,55,0,0,0,0,0,0,0.0,0.0,2233.0,0.0,37.7,9.4,0.0,0.0,,2026-05-10 03:39:49
germ-germinadorap-de5832|LOT-20260506-651F-005|r0_c0|rep0,LOT-20260506-651F-005:A1:R0,germ-germinadorap-de5832,LOT-20260506-651F-005,A1,0,0,0,Hierbabuena,,,,,,,2026-05-10 03:54:44,2026-05-06 20:48:22,79.11,4,cg_1778385282027_1,4589,cam1_20260509_215443.jpg,crops/cam1_20260509_215443_r0_c0.jpg,4591,cam1_20260509_215448.jpg,crops/cam1_20260509_215448_r0_c0.jpg,9593,27.8,,55,0,0,0,0,0,0,0.0,0.0,2233.0,0.0,37.7,9.4,0.0,0.0,,2026-05-10 03:54:49
germ-germinadorap-de5832|LOT-20260506-651F-005|r0_c0|rep0,LOT-20260506-651F-005:A1:R0,germ-germinadorap-de5832,LOT-20260506-651F-005,A1,0,0,0,Hierbabuena,,,,,,,2026-05-10 04:09:45,2026-05-06 20:48:22,79.36,4,cg_1778386182025_1,4593,cam1_20260509_220945.jpg,crops/cam1_20260509_220945_r0_c0.jpg,4595,cam1_20260509_220948.jpg,crops/cam1_20260509_220948_r0_c0.jpg,9605,27.9,,56,0,0,0,0,0,0,0.0,0.0,2233.0,0.0,37.7,9.4,0.0,0.0,,2026-05-10 04:09:49
germ-germinadorap-de5832|LOT-20260506-651F-005|r0_c0|rep0,LOT-20260506-651F-005:A1:R0,germ-germinadorap-de5832,LOT-20260506-651F-005,A1,0,0,0,Hierbabuena,,,,,,,2026-05-10 04:24:44,2026-05-06 20:48:22,79.61,4,cg_1778387082025_1,4597,cam1_20260509_222444.jpg,crops/cam1_20260509_222444_r0_c0.jpg,4599,cam1_20260509_222448.jpg,crops/cam1_20260509_222448_r0_c0.jpg,9617,27.8,,56,0,0,0,0,0,0,0.0,0.0,2233.0,0.0,37.7,9.4,0.0,0.0,,2026-05-10 04:24:49
germ-germinadorap-de5832|LOT-20260506-651F-005|r0_c0|rep0,LOT-20260506-651F-005:A1:R0,germ-germinadorap-de5832,LOT-20260506-651F-005,A1,0,0,0,Hierbabuena,,,,,,,2026-05-10 04:39:44,2026-05-06 20:48:22,79.86,4,cg_1778387982024_1,4600,cam1_20260509_223943.jpg,crops/cam1_20260509_223943_r0_c0.jpg,4602,cam1_20260509_223946.jpg,crops/cam1_20260509_223946_r0_c0.jpg,9624,27.8,,56,0,0,0,0,0,0,0.0,0.0,2233.0,0.0,37.7,9.4,0.0,0.0,,2026-05-10 04:39:47
germ-germinadorap-de5832|LOT-20260506-651F-005|r0_c0|rep0,LOT-20260506-651F-005:A1:R0,germ-germinadorap-de5832,LOT-20260506-651F-005,A1,0,0,0,Hierbabuena,,,,,,,2026-05-10 04:55:33,2026-05-06 20:48:22,80.12,4,cg_1778388930019_1,4605,cam1_20260509_225532.jpg,crops/cam1_20260509_225532_r0_c0.jpg,4607,cam1_20260509_225536.jpg,crops/cam1_20260509_225536_r0_c0.jpg,9641,28.2,,50,77.8,0,0,0,0,0,0.0,0.0,2239.0,0.0,37.7,9.4,0.0,0.0,,2026-05-10 04:55:38
germ-germinadorap-de5832|LOT-20260506-651F-005|r0_c0|rep0,LOT-20260506-651F-005:A1:R0,germ-germinadorap-de5832,LOT-20260506-651F-005,A1,0,0,0,Hierbabuena,,,,,,,2026-05-10 05:10:32,2026-05-06 20:48:22,80.37,4,cg_1778389830172_1,4609,cam1_20260509_231032.jpg,crops/cam1_20260509_231032_r0_c0.jpg,4611,cam1_20260509_231036.jpg,crops/cam1_20260509_231036_r0_c0.jpg,9653,28.6,,49,100,0,0,0,0,0,0.0,0.0,2245.0,0.0,37.7,9.4,0.0,0.0,,2026-05-10 05:10:38
germ-germinadorap-de5832|LOT-20260506-651F-005|r0_c0|rep0,LOT-20260506-651F-005:A1:R0,germ-germinadorap-de5832,LOT-20260506-651F-005,A1,0,0,0,Hierbabuena,,,,,,,2026-05-10 05:25:37,2026-05-06 20:48:22,80.62,4,cg_1778390735086_1,4613,cam1_20260509_232536.jpg,crops/cam1_20260509_232536_r0_c0.jpg,4615,cam1_20260509_232543.jpg,crops/cam1_20260509_232543_r0_c0.jpg,9665,28.6,,49,95.4,0,0,0,0,0,0.0,0.0,2246.0,0.0,37.7,9.4,0.0,0.0,,2026-05-10 05:25:45
germ-germinadorap-de5832|LOT-20260506-651F-005|r0_c0|rep0,LOT-20260506-651F-005:A1:R0,germ-germinadorap-de5832,LOT-20260506-651F-005,A1,0,0,0,Hierbabuena,,,,,,,2026-05-10 05:41:28,2026-05-06 20:48:22,80.89,4,cg_1778391684927_1,4616,cam1_20260509_234127.jpg,crops/cam1_20260509_234127_r0_c0.jpg,4618,cam1_20260509_234131.jpg,crops/cam1_20260509_234131_r0_c0.jpg,9672,28.4,,49,100,0,0,0,0,0,0.0,0.0,2246.0,0.0,37.7,9.4,0.0,0.0,,2026-05-10 05:41:33
germ-germinadorap-de5832|LOT-20260506-651F-005|r0_c0|rep0,LOT-20260506-651F-005:A1:R0,germ-germinadorap-de5832,LOT-20260506-651F-005,A1,0,0,0,Hierbabuena,,,,,,,2026-05-10 05:56:28,2026-05-06 20:48:22,81.14,4,cg_1778392584925_1,4621,cam1_20260509_235628.jpg,crops/cam1_20260509_235628_r0_c0.jpg,4623,cam1_20260509_235632.jpg,crops/cam1_20260509_235632_r0_c0.jpg,9689,28.7,,48,100,0,0,0,0,0,0.0,0.0,2246.0,0.0,37.7,9.4,0.0,0.0,,2026-05-10 05:56:33
germ-germinadorap-de5832|LOT-20260506-651F-005|r0_c0|rep0,LOT-20260506-651F-005:A1:R0,germ-germinadorap-de5832,LOT-20260506-651F-005,A1,0,0,0,Hierbabuena,,,,,,,2026-05-10 06:11:28,2026-05-06 20:48:22,81.39,4,cg_1778393484925_1,4628,cam1_20260510_001127.jpg,crops/cam1_20260510_001127_r0_c0.jpg,4630,cam1_20260510_001136.jpg,crops/cam1_20260510_001136_r0_c0.jpg,9696,28.6,,48,100,0,0,0,0,0,0.0,0.0,2246.0,0.0,37.7,9.4,0.0,0.0,,2026-05-10 06:11:37
germ-germinadorap-de5832|LOT-20260506-651F-005|r0_c0|rep0,LOT-20260506-651F-005:A1:R0,germ-germinadorap-de5832,LOT-20260506-651F-005,A1,0,0,0,Hierbabuena,,,,,,,2026-05-10 06:26:29,2026-05-06 20:48:22,81.64,4,cg_1778394384926_1,4633,cam1_20260510_002629.jpg,crops/cam1_20260510_002629_r0_c0.jpg,4635,cam1_20260510_002640.jpg,crops/cam1_20260510_002640_r0_c0.jpg,9713,28.4,,49,100,0,0,0,0,0,0.0,0.0,2246.0,0.0,37.7,9.4,0.0,0.0,,2026-05-10 06:26:41
germ-germinadorap-de5832|LOT-20260506-651F-005|r0_c0|rep0,LOT-20260506-651F-005:A1:R0,germ-germinadorap-de5832,LOT-20260506-651F-005,A1,0,0,0,Hierbabuena,,,,,,,2026-05-10 06:41:29,2026-05-06 20:48:22,81.89,4,cg_1778395284927_1,4637,cam1_20260510_004128.jpg,crops/cam1_20260510_004128_r0_c0.jpg,4639,cam1_20260510_004139.jpg,crops/cam1_20260510_004139_r0_c0.jpg,9725,28.3,,49,100,0,0,0,0,0,0.0,0.0,2246.0,0.0,37.7,9.4,0.0,0.0,,2026-05-10 06:41:41
germ-germinadorap-de5832|LOT-20260506-651F-005|r0_c0|rep0,LOT-20260506-651F-005:A1:R0,germ-germinadorap-de5832,LOT-20260506-651F-005,A1,0,0,0,Hierbabuena,,,,,,,2026-05-10 06:56:28,2026-05-06 20:48:22,82.14,4,cg_1778396184928_1,4640,cam1_20260510_005628.jpg,crops/cam1_20260510_005628_r0_c0.jpg,4642,cam1_20260510_005634.jpg,crops/cam1_20260510_005634_r0_c0.jpg,9732,28.3,,50,100,0,0,0,0,0,0.0,0.0,2246.0,0.0,37.7,9.4,0.0,0.0,,2026-05-10 06:56:36
germ-germinadorap-de5832|LOT-20260506-651F-005|r0_c0|rep0,LOT-20260506-651F-005:A1:R0,germ-germinadorap-de5832,LOT-20260506-651F-005,A1,0,0,0,Hierbabuena,,,,,,,2026-05-10 07:11:28,2026-05-06 20:48:22,82.39,4,cg_1778397084929_1,4645,cam1_20260510_011128.jpg,crops/cam1_20260510_011128_r0_c0.jpg,4647,cam1_20260510_011137.jpg,crops/cam1_20260510_011137_r0_c0.jpg,9749,28.4,,50,100,0,0,0,0,0,0.0,0.0,2247.0,0.0,37.7,9.4,0.0,0.0,,2026-05-10 07:11:39
germ-germinadorap-de5832|LOT-20260506-651F-005|r0_c0|rep0,LOT-20260506-651F-005:A1:R0,germ-germinadorap-de5832,LOT-20260506-651F-005,A1,0,0,0,Hierbabuena,,,,,,,2026-05-10 07:26:28,2026-05-06 20:48:22,82.64,4,cg_1778397984929_1,4648,cam1_20260510_012627.jpg,crops/cam1_20260510_012627_r0_c0.jpg,4650,cam1_20260510_012634.jpg,crops/cam1_20260510_012634_r0_c0.jpg,9756,28.3,,50,100,0,0,0,0,0,0.0,0.0,2247.0,0.0,37.7,9.4,0.0,0.0,,2026-05-10 07:26:36
germ-germinadorap-de5832|LOT-20260506-651F-005|r0_c0|rep0,LOT-20260506-651F-005:A1:R0,germ-germinadorap-de5832,LOT-20260506-651F-005,A1,0,0,0,Hierbabuena,,,,,,,2026-05-10 07:42:28,2026-05-06 20:48:22,82.90,4,cg_1778398944929_1,4653,cam1_20260510_014228.jpg,crops/cam1_20260510_014228_r0_c0.jpg,4655,cam1_20260510_014237.jpg,crops/cam1_20260510_014237_r0_c0.jpg,9773,28.4,,51,100,0,0,0,0,0,0.0,0.0,2247.0,0.0,37.7,9.4,0.0,0.0,,2026-05-10 07:42:39
germ-germinadorap-de5832|LOT-20260506-651F-005|r0_c0|rep0,LOT-20260506-651F-005:A1:R0,germ-germinadorap-de5832,LOT-20260506-651F-005,A1,0,0,0,Hierbabuena,,,,,,,2026-05-10 07:57:27,2026-05-06 20:48:22,83.15,4,cg_1778399844929_1,4657,cam1_20260510_015727.jpg,crops/cam1_20260510_015727_r0_c0.jpg,4659,cam1_20260510_015731.jpg,crops/cam1_20260510_015731_r0_c0.jpg,9785,28.4,,50,100,0,0,0,0,0,0.0,0.0,2247.0,0.0,37.7,9.4,0.0,0.0,,2026-05-10 07:57:33
germ-germinadorap-de5832|LOT-20260506-651F-005|r0_c0|rep0,LOT-20260506-651F-005:A1:R0,germ-germinadorap-de5832,LOT-20260506-651F-005,A1,0,0,0,Hierbabuena,,,,,,,2026-05-10 15:09:40,2026-05-06 20:48:22,90.36,4,cg_1778425778437_1,4661,cam1_20260510_090940.jpg,crops/cam1_20260510_090940_r0_c0.jpg,4663,cam1_20260510_090944.jpg,crops/cam1_20260510_090944_r0_c0.jpg,9797,27.2,,51,46.9,0,0,0,0,0,0.0,0.0,2248.0,0.0,43.7,10.9,0.6,0.2,,2026-05-10 15:09:45
germ-germinadorap-de5832|LOT-20260506-651F-005|r0_c0|rep0,LOT-20260506-651F-005:A1:R0,germ-germinadorap-de5832,LOT-20260506-651F-005,A1,0,0,0,Hierbabuena,,,,,,,2026-05-10 15:24:40,2026-05-06 20:48:22,90.61,4,cg_1778426678438_1,4665,cam1_20260510_092440.jpg,crops/cam1_20260510_092440_r0_c0.jpg,4667,cam1_20260510_092444.jpg,crops/cam1_20260510_092444_r0_c0.jpg,9809,27.6,,47,46.6,0,0,0,0,0,0.0,0.0,2263.0,0.0,44.0,11.0,0.7,0.2,,2026-05-10 15:24:45
germ-germinadorap-de5832|LOT-20260506-651F-005|r0_c0|rep0,LOT-20260506-651F-005:A1:R0,germ-germinadorap-de5832,LOT-20260506-651F-005,A1,0,0,0,Hierbabuena,,,,,,,2026-05-10 15:39:40,2026-05-06 20:48:22,90.86,4,cg_1778427578435_1,4669,cam1_20260510_093940.jpg,crops/cam1_20260510_093940_r0_c0.jpg,4671,cam1_20260510_093944.jpg,crops/cam1_20260510_093944_r0_c0.jpg,9821,28.4,,46,47.8,0,0,0,0,0,0.0,0.0,2278.0,0.0,44.2,11.1,0.8,0.2,,2026-05-10 15:39:45
germ-germinadorap-de5832|LOT-20260506-651F-005|r0_c0|rep0,LOT-20260506-651F-005:A1:R0,germ-germinadorap-de5832,LOT-20260506-651F-005,A1,0,0,0,Hierbabuena,,,,,,,2026-05-10 15:54:42,2026-05-06 20:48:22,91.11,4,cg_1778428478436_1,4673,cam1_20260510_095441.jpg,crops/cam1_20260510_095441_r0_c0.jpg,4675,cam1_20260510_095444.jpg,crops/cam1_20260510_095444_r0_c0.jpg,9833,28.8,,45,49.5,0,0,0,0,0,0.0,0.0,2293.0,0.0,44.5,11.1,0.8,0.2,,2026-05-10 15:54:46
germ-germinadorap-de5832|LOT-20260506-651F-005|r0_c0|rep0,LOT-20260506-651F-005:A1:R0,germ-germinadorap-de5832,LOT-20260506-651F-005,A1,0,0,0,Hierbabuena,,,,,,,2026-05-10 16:09:41,2026-05-06 20:48:22,91.36,4,cg_1778429378438_1,4677,cam1_20260510_100940.jpg,crops/cam1_20260510_100940_r0_c0.jpg,4679,cam1_20260510_100944.jpg,crops/cam1_20260510_100944_r0_c0.jpg,9845,28.8,,44,69.6,0,0,0,0,0,0.0,0.0,2307.0,0.0,44.7,11.2,0.9,0.2,,2026-05-10 16:09:46
germ-germinadorap-de5832|LOT-20260506-651F-005|r0_c0|rep0,LOT-20260506-651F-005:A1:R0,germ-germinadorap-de5832,LOT-20260506-651F-005,A1,0,0,0,Hierbabuena,,,,,,,2026-05-10 16:24:40,2026-05-06 20:48:22,91.61,4,cg_1778430278438_1,4681,cam1_20260510_102440.jpg,crops/cam1_20260510_102440_r0_c0.jpg,4683,cam1_20260510_102445.jpg,crops/cam1_20260510_102445_r0_c0.jpg,9857,28.9,,44,50,0,0,0,0,0,0.0,0.0,2322.0,0.0,44.9,11.2,1.0,0.3,,2026-05-10 16:24:46
germ-germinadorap-de5832|LOT-20260506-651F-005|r0_c0|rep0,LOT-20260506-651F-005:A1:R0,germ-germinadorap-de5832,LOT-20260506-651F-005,A1,0,0,0,Hierbabuena,,,,,,,2026-05-10 16:39:40,2026-05-06 20:48:22,91.86,4,cg_1778431178439_1,4685,cam1_20260510_103940.jpg,crops/cam1_20260510_103940_r0_c0.jpg,4687,cam1_20260510_103944.jpg,crops/cam1_20260510_103944_r0_c0.jpg,9869,29.4,,46,67.9,0,0,0,0,0,0.0,0.0,2337.0,0.0,45.2,11.3,1.1,0.3,,2026-05-10 16:39:45
germ-germinadorap-de5832|LOT-20260506-651F-005|r0_c0|rep0,LOT-20260506-651F-005:A1:R0,germ-germinadorap-de5832,LOT-20260506-651F-005,A1,0,0,0,Hierbabuena,,,,,,,2026-05-10 16:54:41,2026-05-06 20:48:22,92.11,4,cg_1778432078441_1,4689,cam1_20260510_105440.jpg,crops/cam1_20260510_105440_r0_c0.jpg,4691,cam1_20260510_105445.jpg,crops/cam1_20260510_105445_r0_c0.jpg,9881,29.2,,46,49.6,0,0,0,0,0,0.0,0.0,2352.0,0.0,45.4,11.4,1.1,0.3,,2026-05-10 16:54:46
germ-germinadorap-de5832|LOT-20260506-651F-005|r0_c0|rep0,LOT-20260506-651F-005:A1:R0,germ-germinadorap-de5832,LOT-20260506-651F-005,A1,0,0,0,Hierbabuena,,,,,,,2026-05-10 17:09:41,2026-05-06 20:48:22,92.36,4,cg_1778432978444_1,4693,cam1_20260510_110941.jpg,crops/cam1_20260510_110941_r0_c0.jpg,4695,cam1_20260510_110946.jpg,crops/cam1_20260510_110946_r0_c0.jpg,9893,29.3,,46,73.2,0,0,0,0,0,0.0,0.0,2367.0,0.0,45.7,11.4,1.2,0.3,,2026-05-10 17:09:48
germ-germinadorap-de5832|LOT-20260506-651F-005|r0_c0|rep0,LOT-20260506-651F-005:A1:R0,germ-germinadorap-de5832,LOT-20260506-651F-005,A1,0,0,0,Hierbabuena,,,,,,,2026-05-10 17:24:40,2026-05-06 20:48:22,92.61,4,cg_1778433878445_1,4697,cam1_20260510_112440.jpg,crops/cam1_20260510_112440_r0_c0.jpg,4699,cam1_20260510_112444.jpg,crops/cam1_20260510_112444_r0_c0.jpg,9905,29.3,,47,76.9,0,0,0,0,0,0.0,0.0,2382.0,0.0,45.9,11.5,1.2,0.3,,2026-05-10 17:24:45
germ-germinadorap-de5832|LOT-20260506-651F-005|r0_c0|rep0,LOT-20260506-651F-005:A1:R0,germ-germinadorap-de5832,LOT-20260506-651F-005,A1,0,0,0,Hierbabuena,,,,,,,2026-05-10 17:39:40,2026-05-06 20:48:22,92.86,4,cg_1778434778446_1,4701,cam1_20260510_113940.jpg,crops/cam1_20260510_113940_r0_c0.jpg,4703,cam1_20260510_113944.jpg,crops/cam1_20260510_113944_r0_c0.jpg,9917,29.4,,46,49.8,0,0,0,0,0,0.0,0.0,2397.0,0.0,46.2,11.5,1.3,0.3,,2026-05-10 17:39:46
germ-germinadorap-de5832|LOT-20260506-651F-005|r0_c0|rep0,LOT-20260506-651F-005:A1:R0,germ-germinadorap-de5832,LOT-20260506-651F-005,A1,0,0,0,Hierbabuena,,,,,,,2026-05-10 17:55:30,2026-05-06 20:48:22,93.12,4,cg_1778435727204_1,4705,cam1_20260510_115530.jpg,crops/cam1_20260510_115530_r0_c0.jpg,4707,cam1_20260510_115534.jpg,crops/cam1_20260510_115534_r0_c0.jpg,9929,29.6,,46,67.9,0,0,0,0,0,0.0,0.0,2413.0,0.0,46.5,11.6,1.3,0.3,,2026-05-10 17:55:35
germ-germinadorap-de5832|LOT-20260506-651F-005|r0_c0|rep0,LOT-20260506-651F-005:A1:R0,germ-germinadorap-de5832,LOT-20260506-651F-005,A1,0,0,0,Hierbabuena,,,,,,,2026-05-10 18:10:29,2026-05-06 20:48:22,93.37,4,cg_1778436627209_1,4709,cam1_20260510_121029.jpg,crops/cam1_20260510_121029_r0_c0.jpg,4711,cam1_20260510_121040.jpg,crops/cam1_20260510_121040_r0_c0.jpg,9941,29.7,,45,78.7,0,0,0,0,0,0.0,0.0,2428.0,0.0,46.7,11.7,1.4,0.3,,2026-05-10 18:10:41
germ-germinadorap-de5832|LOT-20260506-651F-005|r0_c0|rep0,LOT-20260506-651F-005:A1:R0,germ-germinadorap-de5832,LOT-20260506-651F-005,A1,0,0,0,Hierbabuena,,,,,,,2026-05-10 18:25:30,2026-05-06 20:48:22,93.62,4,cg_1778437527211_1,4713,cam1_20260510_122529.jpg,crops/cam1_20260510_122529_r0_c0.jpg,4715,cam1_20260510_122533.jpg,crops/cam1_20260510_122533_r0_c0.jpg,9953,29.7,,44,62.5,0,0,0,0,0,0.0,0.0,2442.0,0.0,46.9,11.7,1.4,0.4,,2026-05-10 18:25:35
germ-germinadorap-de5832|LOT-20260506-651F-005|r0_c0|rep0,LOT-20260506-651F-005:A1:R0,germ-germinadorap-de5832,LOT-20260506-651F-005,A1,0,0,0,Hierbabuena,,,,,,,2026-05-10 18:40:30,2026-05-06 20:48:22,93.87,4,cg_1778438427212_1,4717,cam1_20260510_124029.jpg,crops/cam1_20260510_124029_r0_c0.jpg,4719,cam1_20260510_124033.jpg,crops/cam1_20260510_124033_r0_c0.jpg,9965,29.8,,44,67.9,0,0,0,0,0,0.0,0.0,2457.0,0.0,47.2,11.8,1.5,0.4,,2026-05-10 18:40:35
germ-germinadorap-de5832|LOT-20260506-651F-005|r0_c0|rep0,LOT-20260506-651F-005:A1:R0,germ-germinadorap-de5832,LOT-20260506-651F-005,A1,0,0,0,Hierbabuena,,,,,,,2026-05-10 18:55:30,2026-05-06 20:48:22,94.12,4,cg_1778439327214_1,4721,cam1_20260510_125529.jpg,crops/cam1_20260510_125529_r0_c0.jpg,4723,cam1_20260510_125533.jpg,crops/cam1_20260510_125533_r0_c0.jpg,9977,29.8,,44,65.2,0,0,0,0,0,0.0,0.0,2472.0,0.0,47.4,11.9,1.5,0.4,,2026-05-10 18:55:35
germ-germinadorap-de5832|LOT-20260506-651F-005|r0_c0|rep0,LOT-20260506-651F-005:A1:R0,germ-germinadorap-de5832,LOT-20260506-651F-005,A1,0,0,0,Hierbabuena,,,,,,,2026-05-10 19:10:29,2026-05-06 20:48:22,94.37,4,cg_1778440227221_1,4729,cam1_20260510_131029.jpg,crops/cam1_20260510_131029_r0_c0.jpg,4731,cam1_20260510_131034.jpg,crops/cam1_20260510_131034_r0_c0.jpg,9989,29.9,,45,47.4,0,0,0,0,0,0.0,0.0,2487.0,4.0,47.7,11.9,1.6,0.4,,2026-05-10 19:10:35
germ-germinadorap-de5832|LOT-20260506-651F-005|r0_c0|rep0,LOT-20260506-651F-005:A1:R0,germ-germinadorap-de5832,LOT-20260506-651F-005,A1,0,0,0,Hierbabuena,,,,,,,2026-05-10 19:25:29,2026-05-06 20:48:22,94.62,4,cg_1778441127254_1,4733,cam1_20260510_132528.jpg,crops/cam1_20260510_132528_r0_c0.jpg,4735,cam1_20260510_132534.jpg,crops/cam1_20260510_132534_r0_c0.jpg,10001,29.7,,46,49.7,0,0,0,0,0,0.0,0.0,2502.0,8.0,47.9,12.0,1.6,0.4,,2026-05-10 19:25:35
germ-germinadorap-de5832|LOT-20260506-651F-005|r0_c0|rep0,LOT-20260506-651F-005:A1:R0,germ-germinadorap-de5832,LOT-20260506-651F-005,A1,0,0,0,Hierbabuena,,,,,,,2026-05-10 19:40:29,2026-05-06 20:48:22,94.87,4,cg_1778442027256_1,4737,cam1_20260510_134029.jpg,crops/cam1_20260510_134029_r0_c0.jpg,4739,cam1_20260510_134033.jpg,crops/cam1_20260510_134033_r0_c0.jpg,10013,29.9,,45,68.8,0,0,0,0,0,0.0,0.0,2517.0,11.0,48.2,12.0,1.6,0.4,,2026-05-10 19:40:35
germ-germinadorap-de5832|LOT-20260506-651F-005|r0_c0|rep0,LOT-20260506-651F-005:A1:R0,germ-germinadorap-de5832,LOT-20260506-651F-005,A1,0,0,0,Hierbabuena,,,,,,,2026-05-10 19:55:38,2026-05-06 20:48:22,95.12,4,cg_1778442935744_1,4749,cam1_20260510_135538.jpg,crops/cam1_20260510_135538_r0_c0.jpg,4751,cam1_20260510_135543.jpg,crops/cam1_20260510_135543_r0_c0.jpg,10025,29.9,,54,46.2,0,0,0,0,0,0.0,0.0,2532.0,14.0,48.4,12.1,1.7,0.4,,2026-05-10 19:55:45
germ-germinadorap-de5832|LOT-20260506-651F-005|r0_c0|rep0,LOT-20260506-651F-005:A1:R0,germ-germinadorap-de5832,LOT-20260506-651F-005,A1,0,0,0,Hierbabuena,,,,,,,2026-05-10 20:10:38,2026-05-06 20:48:22,95.37,4,cg_1778443835805_1,4753,cam1_20260510_141038.jpg,crops/cam1_20260510_141038_r0_c0.jpg,4755,cam1_20260510_141042.jpg,crops/cam1_20260510_141042_r0_c0.jpg,10037,29.9,,48,51.8,0,0,0,0,0,0.0,0.0,2546.0,19.0,48.5,12.1,1.7,0.4,,2026-05-10 20:10:44
germ-germinadorap-de5832|LOT-20260506-651F-005|r0_c0|rep0,LOT-20260506-651F-005:A1:R0,germ-germinadorap-de5832,LOT-20260506-651F-005,A1,0,0,0,Hierbabuena,,,,,,,2026-05-10 20:25:48,2026-05-06 20:48:22,95.62,4,cg_1778444745348_1,4761,cam1_20260510_142547.jpg,crops/cam1_20260510_142547_r0_c0.jpg,4763,cam1_20260510_142553.jpg,crops/cam1_20260510_142553_r0_c0.jpg,10049,29.7,,62,47.1,0,0,1,0,0,0.0,1.0,2562.0,23.0,48.5,12.1,1.7,0.4,,2026-05-10 20:25:55
germ-germinadorap-de5832|LOT-20260506-651F-005|r0_c0|rep0,LOT-20260506-651F-005:A1:R0,germ-germinadorap-de5832,LOT-20260506-651F-005,A1,0,0,0,Hierbabuena,,,,,,,2026-05-10 20:41:00,2026-05-06 20:48:22,95.88,4,cg_1778445655056_1,4770,cam1_20260510_144100.jpg,crops/cam1_20260510_144100_r0_c0.jpg,4771,cam1_20260510_144102.jpg,crops/cam1_20260510_144102_r0_c0.jpg,10061,29.7,,47,47.6,0,0,0,0,0,0.0,0.0,2576.0,29.0,48.5,12.1,1.7,0.4,,2026-05-10 20:41:04
germ-germinadorap-de5832|LOT-20260506-651F-005|r0_c0|rep0,LOT-20260506-651F-005:A1:R0,germ-germinadorap-de5832,LOT-20260506-651F-005,A1,0,0,0,Hierbabuena,,,,,,,2026-05-10 20:55:57,2026-05-06 20:48:22,96.13,5,cg_1778446555253_1,4777,cam1_20260510_145557.jpg,crops/cam1_20260510_145557_r0_c0.jpg,4779,cam1_20260510_145602.jpg,crops/cam1_20260510_145602_r0_c0.jpg,10073,29.9,,58,47.7,0,0,0,0,0,0.0,0.0,2591.0,34.0,48.5,9.7,1.7,0.3,,2026-05-10 20:56:03
germ-germinadorap-de5832|LOT-20260506-651F-005|r0_c0|rep0,LOT-20260506-651F-005:A1:R0,germ-germinadorap-de5832,LOT-20260506-651F-005,A1,0,0,0,Hierbabuena,,,,,,,2026-05-10 21:10:57,2026-05-06 20:48:22,96.38,5,cg_1778447455410_1,4781,cam1_20260510_151057.jpg,crops/cam1_20260510_151057_r0_c0.jpg,4783,cam1_20260510_151102.jpg,crops/cam1_20260510_151102_r0_c0.jpg,10085,29.8,,58,47.2,0,0,0,0,0,0.0,0.0,2606.0,39.0,48.7,9.7,1.7,0.3,,2026-05-10 21:11:03
germ-germinadorap-de5832|LOT-20260506-651F-005|r0_c0|rep0,LOT-20260506-651F-005:A1:R0,germ-germinadorap-de5832,LOT-20260506-651F-005,A1,0,0,0,Hierbabuena,,,,,,,2026-05-10 21:25:58,2026-05-06 20:48:22,96.63,5,cg_1778448355541_1,4789,cam1_20260510_152557.jpg,crops/cam1_20260510_152557_r0_c0.jpg,4791,cam1_20260510_152602.jpg,crops/cam1_20260510_152602_r0_c0.jpg,10097,29.8,,63,45.7,0,0,1,0,0,0.0,1.0,2621.0,42.0,48.9,9.8,1.7,0.3,,2026-05-10 21:26:03
germ-germinadorap-de5832|LOT-20260506-651F-005|r0_c0|rep0,LOT-20260506-651F-005:A1:R0,germ-germinadorap-de5832,LOT-20260506-651F-005,A1,0,0,0,Hierbabuena,,,,,,,2026-05-10 21:40:58,2026-05-06 20:48:22,96.88,5,cg_1778449255738_1,4793,cam1_20260510_154057.jpg,crops/cam1_20260510_154057_r0_c0.jpg,4795,cam1_20260510_154102.jpg,crops/cam1_20260510_154102_r0_c0.jpg,10109,29.7,,49,47.6,0,0,0,0,0,0.0,0.0,2636.0,47.0,49.2,9.8,1.7,0.3,,2026-05-10 21:41:04
germ-germinadorap-de5832|LOT-20260506-651F-005|r0_c0|rep0,LOT-20260506-651F-005:A1:R0,germ-germinadorap-de5832,LOT-20260506-651F-005,A1,0,0,0,Hierbabuena,,,,,,,2026-05-10 21:55:58,2026-05-06 20:48:22,97.13,5,cg_1778450155740_1,4797,cam1_20260510_155558.jpg,crops/cam1_20260510_155558_r0_c0.jpg,4799,cam1_20260510_155602.jpg,crops/cam1_20260510_155602_r0_c0.jpg,10121,29.8,,47,47.5,0,0,0,0,0,0.0,0.0,2651.0,50.0,49.4,9.9,1.7,0.3,,2026-05-10 21:56:03
germ-germinadorap-de5832|LOT-20260506-651F-005|r0_c0|rep0,LOT-20260506-651F-005:A1:R0,germ-germinadorap-de5832,LOT-20260506-651F-005,A1,0,0,0,Hierbabuena,,,,,,,2026-05-10 22:11:01,2026-05-06 20:48:22,97.38,5,cg_1778451055742_1,4802,cam1_20260510_161100.jpg,crops/cam1_20260510_161100_r0_c0.jpg,4803,cam1_20260510_161103.jpg,crops/cam1_20260510_161103_r0_c0.jpg,10133,29.9,,59,48.1,0,0,0,0,0,0.0,0.0,2666.0,54.0,49.7,9.9,1.7,0.3,,2026-05-10 22:11:05
germ-germinadorap-de5832|LOT-20260506-651F-005|r0_c0|rep0,LOT-20260506-651F-005:A1:R0,germ-germinadorap-de5832,LOT-20260506-651F-005,A1,0,0,0,Hierbabuena,,,,,,,2026-05-10 22:25:59,2026-05-06 20:48:22,97.63,5,cg_1778451955814_1,4805,cam1_20260510_162558.jpg,crops/cam1_20260510_162558_r0_c0.jpg,4807,cam1_20260510_162602.jpg,crops/cam1_20260510_162602_r0_c0.jpg,10145,29.6,,51,46.7,0,0,0,0,0,0.0,0.0,2681.0,60.0,49.9,10.0,1.7,0.3,,2026-05-10 22:26:04
germ-germinadorap-de5832|LOT-20260506-651F-005|r0_c0|rep0,LOT-20260506-651F-005:A1:R0,germ-germinadorap-de5832,LOT-20260506-651F-005,A1,0,0,0,Hierbabuena,,,,,,,2026-05-10 22:40:58,2026-05-06 20:48:22,97.88,5,cg_1778452855819_1,4813,cam1_20260510_164057.jpg,crops/cam1_20260510_164057_r0_c0.jpg,4815,cam1_20260510_164102.jpg,crops/cam1_20260510_164102_r0_c0.jpg,10157,29.7,,49,46.5,0,0,0,0,0,0.0,0.0,2695.0,64.0,50.2,10.0,1.7,0.3,,2026-05-10 22:41:03
germ-germinadorap-de5832|LOT-20260506-651F-005|r0_c0|rep0,LOT-20260506-651F-005:A1:R0,germ-germinadorap-de5832,LOT-20260506-651F-005,A1,0,0,0,Hierbabuena,,,,,,,2026-05-10 22:55:58,2026-05-06 20:48:22,98.13,5,cg_1778453755862_1,4817,cam1_20260510_165557.jpg,crops/cam1_20260510_165557_r0_c0.jpg,4819,cam1_20260510_165603.jpg,crops/cam1_20260510_165603_r0_c0.jpg,10169,29.7,,48,44,0,0,0,0,0,0.0,0.0,2710.0,67.0,50.4,10.1,1.7,0.3,,2026-05-10 22:56:04
germ-germinadorap-de5832|LOT-20260506-651F-005|r0_c0|rep0,LOT-20260506-651F-005:A1:R0,germ-germinadorap-de5832,LOT-20260506-651F-005,A1,0,0,0,Hierbabuena,,,,,,,2026-05-10 23:10:58,2026-05-06 20:48:22,98.38,5,cg_1778454655866_1,4821,cam1_20260510_171057.jpg,crops/cam1_20260510_171057_r0_c0.jpg,4823,cam1_20260510_171103.jpg,crops/cam1_20260510_171103_r0_c0.jpg,10181,29.8,,46,47.5,0,0,0,0,0,0.0,0.0,2725.0,70.0,50.7,10.1,1.7,0.3,,2026-05-10 23:11:04
germ-germinadorap-de5832|LOT-20260506-651F-005|r0_c0|rep0,LOT-20260506-651F-005:A1:R0,germ-germinadorap-de5832,LOT-20260506-651F-005,A1,0,0,0,Hierbabuena,,,,,,,2026-05-10 23:25:59,2026-05-06 20:48:22,98.63,5,cg_1778455555867_1,4825,cam1_20260510_172558.jpg,crops/cam1_20260510_172558_r0_c0.jpg,4827,cam1_20260510_172602.jpg,crops/cam1_20260510_172602_r0_c0.jpg,10193,29.8,,47,45.9,0,0,0,0,0,0.0,0.0,2740.0,74.0,50.9,10.2,1.7,0.3,,2026-05-10 23:26:04
germ-germinadorap-de5832|LOT-20260506-651F-005|r0_c0|rep0,LOT-20260506-651F-005:A1:R0,germ-germinadorap-de5832,LOT-20260506-651F-005,A1,0,0,0,Hierbabuena,,,,,,,2026-05-10 23:40:58,2026-05-06 20:48:22,98.88,5,cg_1778456455869_1,4829,cam1_20260510_174058.jpg,crops/cam1_20260510_174058_r0_c0.jpg,4831,cam1_20260510_174102.jpg,crops/cam1_20260510_174102_r0_c0.jpg,10205,29.8,,47,46.4,0,0,0,0,0,0.0,0.0,2755.0,77.0,51.1,10.2,1.7,0.3,,2026-05-10 23:41:04
germ-germinadorap-de5832|LOT-20260506-651F-005|r0_c0|rep0,LOT-20260506-651F-005:A1:R0,germ-germinadorap-de5832,LOT-20260506-651F-005,A1,0,0,0,Hierbabuena,,,,,,,2026-05-10 23:55:58,2026-05-06 20:48:22,99.13,5,cg_1778457355898_1,4833,cam1_20260510_175557.jpg,crops/cam1_20260510_175557_r0_c0.jpg,4835,cam1_20260510_175602.jpg,crops/cam1_20260510_175602_r0_c0.jpg,10217,29.8,,45,45.5,0,0,0,0,0,0.0,0.0,2770.0,80.0,51.4,10.3,1.7,0.3,,2026-05-10 23:56:03
germ-germinadorap-de5832|LOT-20260506-651F-005|r0_c0|rep0,LOT-20260506-651F-005:A1:R0,germ-germinadorap-de5832,LOT-20260506-651F-005,A1,0,0,0,Hierbabuena,,,,,,,2026-05-11 00:10:59,2026-05-06 20:48:22,99.38,5,cg_1778458255953_1,4837,cam1_20260510_181059.jpg,crops/cam1_20260510_181059_r0_c0.jpg,4839,cam1_20260510_181103.jpg,crops/cam1_20260510_181103_r0_c0.jpg,10229,29.7,,48,45.4,0,0,0,1,0,15.0,3.0,2785.0,84.0,51.6,10.3,1.7,0.3,,2026-05-11 00:11:05
germ-germinadorap-de5832|LOT-20260506-651F-005|r0_c0|rep0,LOT-20260506-651F-005:A1:R0,germ-germinadorap-de5832,LOT-20260506-651F-005,A1,0,0,0,Hierbabuena,,,,,,,2026-05-11 00:25:59,2026-05-06 20:48:22,99.63,5,cg_1778459155971_1,4841,cam1_20260510_182559.jpg,crops/cam1_20260510_182559_r0_c0.jpg,4843,cam1_20260510_182602.jpg,crops/cam1_20260510_182602_r0_c0.jpg,10241,29.7,,58,44.8,0,0,0,0,0,0.0,0.0,2800.0,87.0,51.8,10.4,1.7,0.3,,2026-05-11 00:26:04
germ-germinadorap-de5832|LOT-20260506-651F-005|r0_c0|rep0,LOT-20260506-651F-005:A1:R0,germ-germinadorap-de5832,LOT-20260506-651F-005,A1,0,0,0,Hierbabuena,,,,,,,2026-05-11 00:40:58,2026-05-06 20:48:22,99.88,5,cg_1778460055976_1,4845,cam1_20260510_184057.jpg,crops/cam1_20260510_184057_r0_c0.jpg,4847,cam1_20260510_184102.jpg,crops/cam1_20260510_184102_r0_c0.jpg,10253,29.8,,57,45.3,0,0,0,0,0,0.0,0.0,2815.0,88.0,51.8,10.4,1.7,0.3,,2026-05-11 00:41:03
germ-germinadorap-de5832|LOT-20260506-651F-005|r0_c0|rep0,LOT-20260506-651F-005:A1:R0,germ-germinadorap-de5832,LOT-20260506-651F-005,A1,0,0,0,Hierbabuena,,,,,,,2026-05-11 00:56:00,2026-05-06 20:48:22,100.13,5,cg_1778460955982_1,4849,cam1_20260510_185559.jpg,crops/cam1_20260510_185559_r0_c0.jpg,4851,cam1_20260510_185602.jpg,crops/cam1_20260510_185602_r0_c0.jpg,10265,29.9,,44,44.5,0,0,0,0,0,0.0,0.0,2830.0,91.0,51.8,10.4,1.7,0.3,,2026-05-11 00:56:04
germ-germinadorap-de5832|LOT-20260506-651F-005|r0_c0|rep0,LOT-20260506-651F-005:A1:R0,germ-germinadorap-de5832,LOT-20260506-651F-005,A1,0,0,0,Hierbabuena,,,,,,,2026-05-11 01:10:58,2026-05-06 20:48:22,100.38,5,cg_1778461855986_1,4853,cam1_20260510_191057.jpg,crops/cam1_20260510_191057_r0_c0.jpg,4855,cam1_20260510_191103.jpg,crops/cam1_20260510_191103_r0_c0.jpg,10277,29.8,,45,44.1,0,0,0,0,0,0.0,0.0,2845.0,94.0,51.8,10.4,1.7,0.3,,2026-05-11 01:11:04
germ-germinadorap-de5832|LOT-20260506-651F-005|r0_c0|rep0,LOT-20260506-651F-005:A1:R0,germ-germinadorap-de5832,LOT-20260506-651F-005,A1,0,0,0,Hierbabuena,,,,,,,2026-05-11 01:25:58,2026-05-06 20:48:22,100.63,5,cg_1778462756075_1,4857,cam1_20260510_192557.jpg,crops/cam1_20260510_192557_r0_c0.jpg,4859,cam1_20260510_192603.jpg,crops/cam1_20260510_192603_r0_c0.jpg,10289,30,,57,43.9,0,0,1,0,0,0.0,0.0,2859.0,95.0,51.8,10.4,1.7,0.3,,2026-05-11 01:26:04
germ-germinadorap-de5832|LOT-20260506-651F-005|r0_c0|rep0,LOT-20260506-651F-005:A1:R0,germ-germinadorap-de5832,LOT-20260506-651F-005,A1,0,0,0,Hierbabuena,,,,,,,2026-05-11 01:40:58,2026-05-06 20:48:22,100.88,5,cg_1778463656078_1,4861,cam1_20260510_194057.jpg,crops/cam1_20260510_194057_r0_c0.jpg,4863,cam1_20260510_194103.jpg,crops/cam1_20260510_194103_r0_c0.jpg,10301,29.8,,46,43.8,0,0,0,0,0,0.0,0.0,2874.0,98.0,51.8,10.4,1.7,0.3,,2026-05-11 01:41:05
germ-germinadorap-de5832|LOT-20260506-651F-005|r0_c0|rep0,LOT-20260506-651F-005:A1:R0,germ-germinadorap-de5832,LOT-20260506-651F-005,A1,0,0,0,Hierbabuena,,,,,,,2026-05-11 01:55:58,2026-05-06 20:48:22,101.13,5,cg_1778464556086_1,4865,cam1_20260510_195557.jpg,crops/cam1_20260510_195557_r0_c0.jpg,4867,cam1_20260510_195602.jpg,crops/cam1_20260510_195602_r0_c0.jpg,10313,29.6,,48,43.2,0,0,0,0,0,0.0,0.0,2889.0,101.0,51.8,10.4,1.7,0.3,,2026-05-11 01:56:04
germ-germinadorap-de5832|LOT-20260506-651F-005|r0_c0|rep0,LOT-20260506-651F-005:A1:R0,germ-germinadorap-de5832,LOT-20260506-651F-005,A1,0,0,0,Hierbabuena,,,,,,,2026-05-11 02:10:58,2026-05-06 20:48:22,101.38,5,cg_1778465456090_1,4869,cam1_20260510_201057.jpg,crops/cam1_20260510_201057_r0_c0.jpg,4871,cam1_20260510_201102.jpg,crops/cam1_20260510_201102_r0_c0.jpg,10325,29.6,,45,43.4,0,0,0,0,0,0.0,0.0,2894.0,101.0,51.8,10.4,1.7,0.3,,2026-05-11 02:11:04
germ-germinadorap-de5832|LOT-20260506-651F-005|r0_c0|rep0,LOT-20260506-651F-005:A1:R0,germ-germinadorap-de5832,LOT-20260506-651F-005,A1,0,0,0,Hierbabuena,,,,,,,2026-05-11 02:25:58,2026-05-06 20:48:22,101.63,5,cg_1778466356093_1,4873,cam1_20260510_202558.jpg,crops/cam1_20260510_202558_r0_c0.jpg,4875,cam1_20260510_202602.jpg,crops/cam1_20260510_202602_r0_c0.jpg,10337,29.2,,45,43.6,0,0,0,0,0,0.0,0.0,2894.0,101.0,51.8,10.4,1.7,0.3,,2026-05-11 02:26:04
germ-germinadorap-de5832|LOT-20260506-651F-005|r0_c0|rep0,LOT-20260506-651F-005:A1:R0,germ-germinadorap-de5832,LOT-20260506-651F-005,A1,0,0,0,Hierbabuena,,,,,,,2026-05-11 02:40:58,2026-05-06 20:48:22,101.88,5,cg_1778467256099_1,4877,cam1_20260510_204057.jpg,crops/cam1_20260510_204057_r0_c0.jpg,4879,cam1_20260510_204102.jpg,crops/cam1_20260510_204102_r0_c0.jpg,10349,29,,46,42.8,0,0,0,0,0,0.0,0.0,2894.0,101.0,51.8,10.4,1.7,0.3,,2026-05-11 02:41:04
germ-germinadorap-de5832|LOT-20260506-651F-005|r0_c0|rep0,LOT-20260506-651F-005:A1:R0,germ-germinadorap-de5832,LOT-20260506-651F-005,A1,0,0,0,Hierbabuena,,,,,,,2026-05-11 02:55:58,2026-05-06 20:48:22,102.13,5,cg_1778468156102_1,4881,cam1_20260510_205557.jpg,crops/cam1_20260510_205557_r0_c0.jpg,4883,cam1_20260510_205602.jpg,crops/cam1_20260510_205602_r0_c0.jpg,10361,28.8,,45,42.5,0,0,0,0,0,0.0,0.0,2894.0,101.0,51.8,10.4,1.7,0.3,,2026-05-11 02:56:04
germ-germinadorap-de5832|LOT-20260506-651F-005|r0_c0|rep0,LOT-20260506-651F-005:A1:R0,germ-germinadorap-de5832,LOT-20260506-651F-005,A1,0,0,0,Hierbabuena,,,,,,,2026-05-11 03:11:00,2026-05-06 20:48:22,102.38,5,cg_1778469056109_1,4885,cam1_20260510_211059.jpg,crops/cam1_20260510_211059_r0_c0.jpg,4887,cam1_20260510_211104.jpg,crops/cam1_20260510_211104_r0_c0.jpg,10373,29,,46,40.2,0,0,0,0,0,0.0,0.0,2904.0,101.0,51.8,10.4,1.7,0.3,,2026-05-11 03:11:07
germ-germinadorap-de5832|LOT-20260506-651F-005|r0_c0|rep0,LOT-20260506-651F-005:A1:R0,germ-germinadorap-de5832,LOT-20260506-651F-005,A1,0,0,0,Hierbabuena,,,,,,,2026-05-11 03:25:58,2026-05-06 20:48:22,102.63,5,cg_1778469956111_1,4889,cam1_20260510_212558.jpg,crops/cam1_20260510_212558_r0_c0.jpg,4891,cam1_20260510_212603.jpg,crops/cam1_20260510_212603_r0_c0.jpg,10385,29.1,,47,41.3,0,0,0,0,0,0.0,0.0,2918.0,101.0,51.8,10.4,1.7,0.3,,2026-05-11 03:26:04
germ-germinadorap-de5832|LOT-20260506-651F-005|r0_c0|rep0,LOT-20260506-651F-005:A1:R0,germ-germinadorap-de5832,LOT-20260506-651F-005,A1,0,0,0,Hierbabuena,,,,,,,2026-05-11 03:40:58,2026-05-06 20:48:22,102.88,5,cg_1778470856120_1,4893,cam1_20260510_214058.jpg,crops/cam1_20260510_214058_r0_c0.jpg,4895,cam1_20260510_214103.jpg,crops/cam1_20260510_214103_r0_c0.jpg,10397,27.6,,45,37.5,0,0,0,0,0,0.0,0.0,2933.0,101.0,51.8,10.4,1.7,0.3,,2026-05-11 03:41:04
germ-germinadorap-de5832|LOT-20260506-651F-005|r0_c0|rep0,LOT-20260506-651F-005:A1:R0,germ-germinadorap-de5832,LOT-20260506-651F-005,A1,0,0,0,Hierbabuena,,,,,,,2026-05-11 03:55:58,2026-05-06 20:48:22,103.13,5,cg_1778471756121_1,4897,cam1_20260510_215557.jpg,crops/cam1_20260510_215557_r0_c0.jpg,4899,cam1_20260510_215604.jpg,crops/cam1_20260510_215604_r0_c0.jpg,10409,27.3,,47,34.1,0,0,0,0,0,0.0,0.0,2948.0,101.0,51.8,10.4,1.7,0.3,,2026-05-11 03:56:06
germ-germinadorap-de5832|LOT-20260506-651F-005|r0_c0|rep0,LOT-20260506-651F-005:A1:R0,germ-germinadorap-de5832,LOT-20260506-651F-005,A1,0,0,0,Hierbabuena,,,,,,,2026-05-11 04:10:58,2026-05-06 20:48:22,103.38,5,cg_1778472656125_1,4901,cam1_20260510_221058.jpg,crops/cam1_20260510_221058_r0_c0.jpg,4903,cam1_20260510_221103.jpg,crops/cam1_20260510_221103_r0_c0.jpg,10421,26.8,,42,35.2,0,0,0,0,0,0.0,0.0,2963.0,101.0,51.8,10.4,1.7,0.3,,2026-05-11 04:11:05
germ-germinadorap-de5832|LOT-20260506-651F-005|r0_c0|rep0,LOT-20260506-651F-005:A1:R0,germ-germinadorap-de5832,LOT-20260506-651F-005,A1,0,0,0,Hierbabuena,,,,,,,2026-05-11 04:26:00,2026-05-06 20:48:22,103.63,5,cg_1778473556137_1,4905,cam1_20260510_222559.jpg,crops/cam1_20260510_222559_r0_c0.jpg,4907,cam1_20260510_222603.jpg,crops/cam1_20260510_222603_r0_c0.jpg,10433,26.2,,40,35.6,0,0,0,0,0,0.0,0.0,2978.0,101.0,51.8,10.4,1.7,0.3,,2026-05-11 04:26:04
germ-germinadorap-de5832|LOT-20260506-651F-005|r0_c0|rep0,LOT-20260506-651F-005:A1:R0,germ-germinadorap-de5832,LOT-20260506-651F-005,A1,0,0,0,Hierbabuena,,,,,,,2026-05-11 04:40:58,2026-05-06 20:48:22,103.88,5,cg_1778474456151_1,4909,cam1_20260510_224058.jpg,crops/cam1_20260510_224058_r0_c0.jpg,4911,cam1_20260510_224103.jpg,crops/cam1_20260510_224103_r0_c0.jpg,10445,26.8,,40,35.8,0,0,0,0,0,0.0,0.0,2993.0,101.0,51.8,10.4,1.7,0.3,,2026-05-11 04:41:05
germ-germinadorap-de5832|LOT-20260506-651F-005|r0_c0|rep0,LOT-20260506-651F-005:A1:R0,germ-germinadorap-de5832,LOT-20260506-651F-005,A1,0,0,0,Hierbabuena,,,,,,,2026-05-11 04:55:58,2026-05-06 20:48:22,104.13,5,cg_1778475356171_1,4913,cam1_20260510_225558.jpg,crops/cam1_20260510_225558_r0_c0.jpg,4915,cam1_20260510_225603.jpg,crops/cam1_20260510_225603_r0_c0.jpg,10457,28,,46,33.7,0,0,0,0,0,0.0,0.0,3008.0,101.0,51.8,10.4,1.7,0.3,,2026-05-11 04:56:05
germ-germinadorap-de5832|LOT-20260506-651F-005|r0_c0|rep0,LOT-20260506-651F-005:A1:R0,germ-germinadorap-de5832,LOT-20260506-651F-005,A1,0,0,0,Hierbabuena,,,,,,,2026-05-11 05:10:58,2026-05-06 20:48:22,104.38,5,cg_1778476256192_1,4917,cam1_20260510_231058.jpg,crops/cam1_20260510_231058_r0_c0.jpg,4919,cam1_20260510_231103.jpg,crops/cam1_20260510_231103_r0_c0.jpg,10469,28.2,,47,35.8,0,0,0,0,0,0.0,0.0,3023.0,101.0,51.8,10.4,1.7,0.3,,2026-05-11 05:11:05
germ-germinadorap-de5832|LOT-20260506-651F-005|r0_c0|rep0,LOT-20260506-651F-005:A1:R0,germ-germinadorap-de5832,LOT-20260506-651F-005,A1,0,0,0,Hierbabuena,,,,,,,2026-05-11 05:25:58,2026-05-06 20:48:22,104.63,5,cg_1778477156203_1,4921,cam1_20260510_232557.jpg,crops/cam1_20260510_232557_r0_c0.jpg,4923,cam1_20260510_232603.jpg,crops/cam1_20260510_232603_r0_c0.jpg,10481,28.2,,48,35.9,0,0,0,0,0,0.0,0.0,3038.0,101.0,51.8,10.4,1.7,0.3,,2026-05-11 05:26:05
germ-germinadorap-de5832|LOT-20260506-651F-005|r0_c0|rep0,LOT-20260506-651F-005:A1:R0,germ-germinadorap-de5832,LOT-20260506-651F-005,A1,0,0,0,Hierbabuena,,,,,,,2026-05-11 05:40:58,2026-05-06 20:48:22,104.88,5,cg_1778478056227_1,4925,cam1_20260510_234058.jpg,crops/cam1_20260510_234058_r0_c0.jpg,4927,cam1_20260510_234103.jpg,crops/cam1_20260510_234103_r0_c0.jpg,10493,28.4,,48,37.3,0,0,0,0,0,0.0,0.0,3052.0,101.0,51.8,10.4,1.7,0.3,,2026-05-11 05:41:05
germ-germinadorap-de5832|LOT-20260506-651F-005|r0_c0|rep0,LOT-20260506-651F-005:A1:R0,germ-germinadorap-de5832,LOT-20260506-651F-005,A1,0,0,0,Hierbabuena,,,,,,,2026-05-11 05:55:58,2026-05-06 20:48:22,105.13,5,cg_1778478956239_1,4929,cam1_20260510_235558.jpg,crops/cam1_20260510_235558_r0_c0.jpg,4931,cam1_20260510_235603.jpg,crops/cam1_20260510_235603_r0_c0.jpg,10505,28.4,,50,35.6,0,0,0,0,0,0.0,0.0,3067.0,101.0,51.8,10.4,1.7,0.3,,2026-05-11 05:56:05
germ-germinadorap-de5832|LOT-20260506-651F-005|r0_c0|rep0,LOT-20260506-651F-005:A1:R0,germ-germinadorap-de5832,LOT-20260506-651F-005,A1,0,0,0,Hierbabuena,,,,,,,2026-05-11 06:10:59,2026-05-06 20:48:22,105.38,5,cg_1778479856257_1,4933,cam1_20260511_001058.jpg,crops/cam1_20260511_001058_r0_c0.jpg,4935,cam1_20260511_001103.jpg,crops/cam1_20260511_001103_r0_c0.jpg,10517,28.5,,48,34.1,0,0,0,0,0,0.0,0.0,3082.0,101.0,51.8,10.4,1.7,0.3,,2026-05-11 06:11:05
germ-germinadorap-de5832|LOT-20260506-651F-005|r0_c0|rep0,LOT-20260506-651F-005:A1:R0,germ-germinadorap-de5832,LOT-20260506-651F-005,A1,0,0,0,Hierbabuena,,,,,,,2026-05-11 06:25:58,2026-05-06 20:48:22,105.63,5,cg_1778480756264_1,4937,cam1_20260511_002558.jpg,crops/cam1_20260511_002558_r0_c0.jpg,4939,cam1_20260511_002603.jpg,crops/cam1_20260511_002603_r0_c0.jpg,10529,28.6,,51,36.3,0,0,0,0,0,0.0,0.0,3093.0,101.0,51.8,10.4,1.7,0.3,,2026-05-11 06:26:05
germ-germinadorap-de5832|LOT-20260506-651F-005|r0_c0|rep0,LOT-20260506-651F-005:A1:R0,germ-germinadorap-de5832,LOT-20260506-651F-005,A1,0,0,0,Hierbabuena,,,,,,,2026-05-11 06:41:00,2026-05-06 20:48:22,105.88,5,cg_1778481656276_1,4941,cam1_20260511_004059.jpg,crops/cam1_20260511_004059_r0_c0.jpg,4943,cam1_20260511_004103.jpg,crops/cam1_20260511_004103_r0_c0.jpg,10541,28.7,,51,35.8,0,0,0,0,0,0.0,0.0,3093.0,101.0,51.8,10.4,1.7,0.3,,2026-05-11 06:41:05
germ-germinadorap-de5832|LOT-20260506-651F-005|r0_c0|rep0,LOT-20260506-651F-005:A1:R0,germ-germinadorap-de5832,LOT-20260506-651F-005,A1,0,0,0,Hierbabuena,,,,,,,2026-05-11 06:55:58,2026-05-06 20:48:22,106.13,5,cg_1778482556275_1,4945,cam1_20260511_005557.jpg,crops/cam1_20260511_005557_r0_c0.jpg,4947,cam1_20260511_005603.jpg,crops/cam1_20260511_005603_r0_c0.jpg,10553,28.5,,53,34.3,0,0,0,0,0,0.0,0.0,3093.0,101.0,51.8,10.4,1.7,0.3,,2026-05-11 06:56:05
germ-germinadorap-de5832|LOT-20260506-651F-005|r0_c0|rep0,LOT-20260506-651F-005:A1:R0,germ-germinadorap-de5832,LOT-20260506-651F-005,A1,0,0,0,Hierbabuena,,,,,,,2026-05-11 14:35:50,2026-05-06 20:48:22,113.79,5,cg_1778510148197_1,4948,cam1_20260511_083549.jpg,crops/cam1_20260511_083549_r0_c0.jpg,4950,cam1_20260511_083552.jpg,crops/cam1_20260511_083552_r0_c0.jpg,10560,26.6,,53,14.3,0,0,0,0,0,0.0,0.0,3094.0,101.0,57.8,11.6,1.7,0.3,,2026-05-11 14:35:54
germ-germinadorap-de5832|LOT-20260506-651F-005|r0_c0|rep0,LOT-20260506-651F-005:A1:R0,germ-germinadorap-de5832,LOT-20260506-651F-005,A1,0,0,0,Hierbabuena,,,,,,,2026-05-11 14:50:50,2026-05-06 20:48:22,114.04,5,cg_1778511048195_1,4953,cam1_20260511_085050.jpg,crops/cam1_20260511_085050_r0_c0.jpg,4955,cam1_20260511_085055.jpg,crops/cam1_20260511_085055_r0_c0.jpg,10577,27.2,,52,14.9,0,0,0,0,0,0.0,0.0,3109.0,101.0,58.0,11.6,1.7,0.3,,2026-05-11 14:50:56
germ-germinadorap-de5832|LOT-20260506-651F-005|r0_c0|rep0,LOT-20260506-651F-005:A1:R0,germ-germinadorap-de5832,LOT-20260506-651F-005,A1,0,0,0,Hierbabuena,,,,,,,2026-05-11 15:05:50,2026-05-06 20:48:22,114.29,5,cg_1778511948201_1,4957,cam1_20260511_090549.jpg,crops/cam1_20260511_090549_r0_c0.jpg,4959,cam1_20260511_090555.jpg,crops/cam1_20260511_090555_r0_c0.jpg,10589,27.8,,50,15.7,0,0,0,0,0,0.0,0.0,3124.0,101.0,58.3,11.7,1.7,0.3,,2026-05-11 15:05:56
germ-germinadorap-de5832|LOT-20260506-651F-005|r0_c0|rep0,LOT-20260506-651F-005:A1:R0,germ-germinadorap-de5832,LOT-20260506-651F-005,A1,0,0,0,Hierbabuena,,,,,,,2026-05-11 15:20:50,2026-05-06 20:48:22,114.54,5,cg_1778512848200_1,4961,cam1_20260511_092050.jpg,crops/cam1_20260511_092050_r0_c0.jpg,4963,cam1_20260511_092055.jpg,crops/cam1_20260511_092055_r0_c0.jpg,10601,28.2,,50,15.9,0,0,0,0,0,0.0,0.0,3139.0,101.0,58.5,11.7,1.7,0.3,,2026-05-11 15:20:56
germ-germinadorap-de5832|LOT-20260506-651F-005|r0_c0|rep0,LOT-20260506-651F-005:A1:R0,germ-germinadorap-de5832,LOT-20260506-651F-005,A1,0,0,0,Hierbabuena,,,,,,,2026-05-11 15:35:51,2026-05-06 20:48:22,114.79,5,cg_1778513748202_1,4973,cam1_20260511_093550.jpg,crops/cam1_20260511_093550_r0_c0.jpg,4975,cam1_20260511_093555.jpg,crops/cam1_20260511_093555_r0_c0.jpg,10613,28.3,,49,16.1,0,0,0,0,0,0.0,0.0,3153.0,101.0,58.8,11.8,1.7,0.3,,2026-05-11 15:35:56
germ-germinadorap-de5832|LOT-20260506-651F-005|r0_c0|rep0,LOT-20260506-651F-005:A1:R0,germ-germinadorap-de5832,LOT-20260506-651F-005,A1,0,0,0,Hierbabuena,,,,,,,2026-05-11 15:50:51,2026-05-06 20:48:22,115.04,5,cg_1778514648205_1,4977,cam1_20260511_095050.jpg,crops/cam1_20260511_095050_r0_c0.jpg,4979,cam1_20260511_095055.jpg,crops/cam1_20260511_095055_r0_c0.jpg,10625,28.4,,49,16.3,0,0,0,0,0,0.0,0.0,3168.0,101.0,59.0,11.8,1.7,0.3,,2026-05-11 15:50:56
germ-germinadorap-de5832|LOT-20260506-651F-005|r0_c0|rep0,LOT-20260506-651F-005:A1:R0,germ-germinadorap-de5832,LOT-20260506-651F-005,A1,0,0,0,Hierbabuena,,,,,,,2026-05-11 16:05:50,2026-05-06 20:48:22,115.29,5,cg_1778515548207_1,4981,cam1_20260511_100549.jpg,crops/cam1_20260511_100549_r0_c0.jpg,4983,cam1_20260511_100555.jpg,crops/cam1_20260511_100555_r0_c0.jpg,10637,28.6,,48,16.2,0,0,0,0,0,0.0,0.0,3183.0,101.0,59.3,11.9,1.7,0.3,,2026-05-11 16:05:56
germ-germinadorap-de5832|LOT-20260506-651F-005|r0_c0|rep0,LOT-20260506-651F-005:A1:R0,germ-germinadorap-de5832,LOT-20260506-651F-005,A1,0,0,0,Hierbabuena,,,,,,,2026-05-11 16:20:50,2026-05-06 20:48:22,115.54,5,cg_1778516448208_1,4985,cam1_20260511_102050.jpg,crops/cam1_20260511_102050_r0_c0.jpg,4987,cam1_20260511_102056.jpg,crops/cam1_20260511_102056_r0_c0.jpg,10649,28.6,,48,16.6,0,0,0,0,0,0.0,0.0,3198.0,101.0,59.5,11.9,1.7,0.3,,2026-05-11 16:20:57
germ-germinadorap-de5832|LOT-20260506-651F-005|r0_c0|rep0,LOT-20260506-651F-005:A1:R0,germ-germinadorap-de5832,LOT-20260506-651F-005,A1,0,0,0,Hierbabuena,,,,,,,2026-05-11 16:35:53,2026-05-06 20:48:22,115.79,5,cg_1778517348280_1,4989,cam1_20260511_103552.jpg,crops/cam1_20260511_103552_r0_c0.jpg,4991,cam1_20260511_103600.jpg,crops/cam1_20260511_103600_r0_c0.jpg,10661,28.5,,48,16.5,0,0,0,0,0,0.0,0.0,3213.0,101.0,59.8,12.0,1.7,0.3,,2026-05-11 16:36:02
germ-germinadorap-de5832|LOT-20260506-651F-005|r0_c0|rep0,LOT-20260506-651F-005:A1:R0,germ-germinadorap-de5832,LOT-20260506-651F-005,A1,0,0,0,Hierbabuena,,,,,,,2026-05-11 16:50:50,2026-05-06 20:48:22,116.04,5,cg_1778518248285_1,4993,cam1_20260511_105050.jpg,crops/cam1_20260511_105050_r0_c0.jpg,4995,cam1_20260511_105055.jpg,crops/cam1_20260511_105055_r0_c0.jpg,10673,28.7,,47,16.7,0,0,0,0,0,0.0,0.0,3228.0,102.0,60.0,12.0,1.7,0.3,,2026-05-11 16:50:57
germ-germinadorap-de5832|LOT-20260506-651F-005|r0_c0|rep0,LOT-20260506-651F-005:A1:R0,germ-germinadorap-de5832,LOT-20260506-651F-005,A1,0,0,0,Hierbabuena,,,,,,,2026-05-11 17:05:50,2026-05-06 20:48:22,116.29,5,cg_1778519148289_1,4997,cam1_20260511_110550.jpg,crops/cam1_20260511_110550_r0_c0.jpg,4999,cam1_20260511_110555.jpg,crops/cam1_20260511_110555_r0_c0.jpg,10685,28.9,,47,16.9,0,0,0,0,0,0.0,0.0,3243.0,102.0,60.3,12.1,1.7,0.3,,2026-05-11 17:05:56
germ-germinadorap-de5832|LOT-20260506-651F-005|r0_c0|rep0,LOT-20260506-651F-005:A1:R0,germ-germinadorap-de5832,LOT-20260506-651F-005,A1,0,0,0,Hierbabuena,,,,,,,2026-05-11 17:21:51,2026-05-06 20:48:22,116.56,5,cg_1778520108289_1,5001,cam1_20260511_112150.jpg,crops/cam1_20260511_112150_r0_c0.jpg,5003,cam1_20260511_112155.jpg,crops/cam1_20260511_112155_r0_c0.jpg,10697,29.1,,48,17,0,0,0,0,0,0.0,0.0,3258.0,102.0,60.5,12.1,1.7,0.3,,2026-05-11 17:21:56
germ-germinadorap-de5832|LOT-20260506-651F-005|r0_c0|rep0,LOT-20260506-651F-005:A1:R0,germ-germinadorap-de5832,LOT-20260506-651F-005,A1,0,0,0,Hierbabuena,,,,,,,2026-05-11 17:36:51,2026-05-06 20:48:22,116.81,5,cg_1778521008290_1,5005,cam1_20260511_113650.jpg,crops/cam1_20260511_113650_r0_c0.jpg,5007,cam1_20260511_113657.jpg,crops/cam1_20260511_113657_r0_c0.jpg,10709,29.2,,48,16.5,0,0,0,0,0,0.0,0.0,3273.0,102.0,60.8,12.2,1.7,0.3,,2026-05-11 17:36:58
germ-germinadorap-de5832|LOT-20260506-651F-005|r0_c0|rep0,LOT-20260506-651F-005:A1:R0,germ-germinadorap-de5832,LOT-20260506-651F-005,A1,0,0,0,Hierbabuena,,,,,,,2026-05-11 17:51:50,2026-05-06 20:48:22,117.06,5,cg_1778521908292_1,5009,cam1_20260511_115150.jpg,crops/cam1_20260511_115150_r0_c0.jpg,5011,cam1_20260511_115155.jpg,crops/cam1_20260511_115155_r0_c0.jpg,10721,29.2,,48,18.3,0,0,0,0,0,0.0,0.0,3288.0,102.0,61.0,12.2,1.7,0.3,,2026-05-11 17:51:57
germ-germinadorap-de5832|LOT-20260506-651F-005|r0_c0|rep0,LOT-20260506-651F-005:A1:R0,germ-germinadorap-de5832,LOT-20260506-651F-005,A1,0,0,0,Hierbabuena,,,,,,,2026-05-11 18:06:50,2026-05-06 20:48:22,117.31,5,cg_1778522808295_1,5013,cam1_20260511_120650.jpg,crops/cam1_20260511_120650_r0_c0.jpg,5015,cam1_20260511_120655.jpg,crops/cam1_20260511_120655_r0_c0.jpg,10733,29.3,,47,16.9,0,0,0,0,0,0.0,0.0,3303.0,102.0,61.3,12.3,1.7,0.3,,2026-05-11 18:06:56
germ-germinadorap-de5832|LOT-20260506-651F-005|r0_c0|rep0,LOT-20260506-651F-005:A1:R0,germ-germinadorap-de5832,LOT-20260506-651F-005,A1,0,0,0,Hierbabuena,,,,,,,2026-05-11 18:21:50,2026-05-06 20:48:22,117.56,5,cg_1778523708300_1,5017,cam1_20260511_122150.jpg,crops/cam1_20260511_122150_r0_c0.jpg,5019,cam1_20260511_122154.jpg,crops/cam1_20260511_122154_r0_c0.jpg,10745,29.4,,46,17.6,0,0,0,0,0,0.0,0.0,3318.0,102.0,61.5,12.3,1.7,0.3,,2026-05-11 18:21:56
germ-germinadorap-de5832|LOT-20260506-651F-005|r0_c0|rep0,LOT-20260506-651F-005:A1:R0,germ-germinadorap-de5832,LOT-20260506-651F-005,A1,0,0,0,Hierbabuena,,,,,,,2026-05-11 18:36:54,2026-05-06 20:48:22,117.81,5,cg_1778524612071_1,5021,cam1_20260511_123653.jpg,crops/cam1_20260511_123653_r0_c0.jpg,5023,cam1_20260511_123658.jpg,crops/cam1_20260511_123658_r0_c0.jpg,10757,29.4,,46,19.3,0,0,0,0,0,0.0,0.0,3333.0,102.0,61.8,12.4,1.7,0.3,,2026-05-11 18:37:00
germ-germinadorap-de5832|LOT-20260506-651F-005|r0_c0|rep0,LOT-20260506-651F-005:A1:R0,germ-germinadorap-de5832,LOT-20260506-651F-005,A1,0,0,0,Hierbabuena,,,,,,,2026-05-11 18:51:54,2026-05-06 20:48:22,118.06,5,cg_1778525512075_1,5025,cam1_20260511_125153.jpg,crops/cam1_20260511_125153_r0_c0.jpg,5027,cam1_20260511_125158.jpg,crops/cam1_20260511_125158_r0_c0.jpg,10769,29.6,,45,17,0,0,0,0,0,0.0,0.0,3348.0,102.0,62.0,12.4,1.7,0.3,,2026-05-11 18:52:00
germ-germinadorap-de5832|LOT-20260506-651F-005|r0_c0|rep0,LOT-20260506-651F-005:A1:R0,germ-germinadorap-de5832,LOT-20260506-651F-005,A1,0,0,0,Hierbabuena,,,,,,,2026-05-11 19:06:54,2026-05-06 20:48:22,118.31,5,cg_1778526412113_1,5033,cam1_20260511_130654.jpg,crops/cam1_20260511_130654_r0_c0.jpg,5035,cam1_20260511_130659.jpg,crops/cam1_20260511_130659_r0_c0.jpg,10781,29.6,,48,55.4,0,0,0,0,0,0.0,0.0,3363.0,102.0,62.3,12.5,1.7,0.3,,2026-05-11 19:07:00
germ-germinadorap-de5832|LOT-20260506-651F-005|r0_c0|rep0,LOT-20260506-651F-005:A1:R0,germ-germinadorap-de5832,LOT-20260506-651F-005,A1,0,0,0,Hierbabuena,,,,,,,2026-05-11 19:21:54,2026-05-06 20:48:22,118.56,5,cg_1778527312113_1,5037,cam1_20260511_132154.jpg,crops/cam1_20260511_132154_r0_c0.jpg,5039,cam1_20260511_132158.jpg,crops/cam1_20260511_132158_r0_c0.jpg,10793,29.5,,44,53.6,0,0,0,0,0,0.0,0.0,3377.0,102.0,62.5,12.5,1.7,0.3,,2026-05-11 19:22:00
germ-germinadorap-de5832|LOT-20260506-651F-005|r0_c0|rep0,LOT-20260506-651F-005:A1:R0,germ-germinadorap-de5832,LOT-20260506-651F-005,A1,0,0,0,Hierbabuena,,,,,,,2026-05-11 19:36:54,2026-05-06 20:48:22,118.81,5,cg_1778528212112_1,5041,cam1_20260511_133654.jpg,crops/cam1_20260511_133654_r0_c0.jpg,5043,cam1_20260511_133658.jpg,crops/cam1_20260511_133658_r0_c0.jpg,10805,29.5,,44,49.7,0,0,0,0,0,0.0,0.0,3392.0,102.0,62.8,12.6,1.7,0.3,,2026-05-11 19:37:00
germ-germinadorap-de5832|LOT-20260506-651F-005|r0_c0|rep0,LOT-20260506-651F-005:A1:R0,germ-germinadorap-de5832,LOT-20260506-651F-005,A1,0,0,0,Hierbabuena,,,,,,,2026-05-11 19:52:26,2026-05-06 20:48:22,119.07,5,cg_1778529144212_1,5049,cam1_20260511_135226.jpg,crops/cam1_20260511_135226_r0_c0.jpg,5051,cam1_20260511_135231.jpg,crops/cam1_20260511_135231_r0_c0.jpg,10817,29.5,,44,48.9,0,0,0,0,0,0.0,0.0,3408.0,102.0,63.0,12.6,1.7,0.3,,2026-05-11 19:52:32
germ-germinadorap-de5832|LOT-20260506-651F-005|r0_c0|rep0,LOT-20260506-651F-005:A1:R0,germ-germinadorap-de5832,LOT-20260506-651F-005,A1,0,0,0,Hierbabuena,,,,,,,2026-05-11 20:08:16,2026-05-06 20:48:22,119.33,5,cg_1778530093120_1,5053,cam1_20260511_140815.jpg,crops/cam1_20260511_140815_r0_c0.jpg,5055,cam1_20260511_140821.jpg,crops/cam1_20260511_140821_r0_c0.jpg,10829,29.5,,52,38.3,0,0,0,0,0,0.0,0.0,3424.0,102.0,63.3,12.7,1.7,0.3,,2026-05-11 20:08:23
germ-germinadorap-de5832|LOT-20260506-651F-005|r0_c0|rep0,LOT-20260506-651F-005:A1:R0,germ-germinadorap-de5832,LOT-20260506-651F-005,A1,0,0,0,Hierbabuena,,,,,,,2026-05-11 20:23:15,2026-05-06 20:48:22,119.58,5,cg_1778530993122_1,5057,cam1_20260511_142315.jpg,crops/cam1_20260511_142315_r0_c0.jpg,5059,cam1_20260511_142319.jpg,crops/cam1_20260511_142319_r0_c0.jpg,10841,29.6,,44,40.1,0,0,0,0,0,0.0,0.0,3438.0,102.0,63.6,12.7,1.7,0.3,,2026-05-11 20:23:21
germ-germinadorap-de5832|LOT-20260506-651F-005|r0_c0|rep0,LOT-20260506-651F-005:A1:R0,germ-germinadorap-de5832,LOT-20260506-651F-005,A1,0,0,0,Hierbabuena,,,,,,,2026-05-11 20:38:16,2026-05-06 20:48:22,119.83,5,cg_1778531893135_1,5061,cam1_20260511_143815.jpg,crops/cam1_20260511_143815_r0_c0.jpg,5063,cam1_20260511_143820.jpg,crops/cam1_20260511_143820_r0_c0.jpg,10853,29.5,,44,40.5,0,0,0,0,0,0.0,0.0,3453.0,102.0,63.6,12.7,1.7,0.3,,2026-05-11 20:38:21
germ-germinadorap-de5832|LOT-20260506-651F-005|r0_c0|rep0,LOT-20260506-651F-005:A1:R0,germ-germinadorap-de5832,LOT-20260506-651F-005,A1,0,0,0,Hierbabuena,,,,,,,2026-05-11 20:53:15,2026-05-06 20:48:22,120.08,6,cg_1778532793143_1,5065,cam1_20260511_145315.jpg,crops/cam1_20260511_145315_r0_c0.jpg,5067,cam1_20260511_145320.jpg,crops/cam1_20260511_145320_r0_c0.jpg,10865,29.6,,45,40.1,0,0,0,0,0,0.0,0.0,3468.0,102.0,63.6,10.6,1.7,0.3,,2026-05-11 20:53:21
germ-germinadorap-de5832|LOT-20260506-651F-005|r0_c0|rep0,LOT-20260506-651F-005:A1:R0,germ-germinadorap-de5832,LOT-20260506-651F-005,A1,0,0,0,Hierbabuena,,,,,,,2026-05-11 21:08:17,2026-05-06 20:48:22,120.33,6,cg_1778533693148_1,5069,cam1_20260511_150816.jpg,crops/cam1_20260511_150816_r0_c0.jpg,5071,cam1_20260511_150819.jpg,crops/cam1_20260511_150819_r0_c0.jpg,10877,29.5,,44,40.5,0,0,0,0,0,0.0,0.0,3483.0,102.0,63.6,10.6,1.8,0.3,,2026-05-11 21:08:21
germ-germinadorap-de5832|LOT-20260506-651F-005|r0_c0|rep0,LOT-20260506-651F-005:A1:R0,germ-germinadorap-de5832,LOT-20260506-651F-005,A1,0,0,0,Hierbabuena,,,,,,,2026-05-11 21:23:16,2026-05-06 20:48:22,120.58,6,cg_1778534593148_1,5073,cam1_20260511_152316.jpg,crops/cam1_20260511_152316_r0_c0.jpg,5075,cam1_20260511_152320.jpg,crops/cam1_20260511_152320_r0_c0.jpg,10889,29.7,,46,41.1,0,0,0,0,0,0.0,0.0,3498.0,102.0,63.6,10.6,1.8,0.3,,2026-05-11 21:23:21
germ-germinadorap-de5832|LOT-20260506-651F-005|r0_c0|rep0,LOT-20260506-651F-005:A1:R0,germ-germinadorap-de5832,LOT-20260506-651F-005,A1,0,0,0,Hierbabuena,,,,,,,2026-05-11 22:23:48,2026-05-06 20:48:22,121.59,6,cg_1778538226397_1,5076,cam1_20260511_162348.jpg,crops/cam1_20260511_162348_r0_c0.jpg,5078,cam1_20260511_162351.jpg,crops/cam1_20260511_162351_r0_c0.jpg,10896,28.4,,54,30.4,0,0,0,0,0,0.0,0.0,3558.0,102.0,64.1,10.7,1.8,0.3,,2026-05-11 22:23:52
germ-germinadorap-de5832|LOT-20260506-651F-005|r0_c0|rep0,LOT-20260506-651F-005:A1:R0,germ-germinadorap-de5832,LOT-20260506-651F-005,A1,0,0,0,Hierbabuena,,,,,,,2026-05-11 22:38:48,2026-05-06 20:48:22,121.84,6,cg_1778539126397_1,5085,cam1_20260511_163848.jpg,crops/cam1_20260511_163848_r0_c0.jpg,5087,cam1_20260511_163853.jpg,crops/cam1_20260511_163853_r0_c0.jpg,10913,28.9,,52,41.9,0,0,0,0,0,0.0,0.0,3573.0,102.0,64.3,10.7,1.8,0.3,,2026-05-11 22:38:54
germ-germinadorap-de5832|LOT-20260506-651F-005|r0_c0|rep0,LOT-20260506-651F-005:A1:R0,germ-germinadorap-de5832,LOT-20260506-651F-005,A1,0,0,0,Hierbabuena,,,,,,,2026-05-11 22:53:49,2026-05-06 20:48:22,122.09,6,cg_1778540026397_1,5089,cam1_20260511_165348.jpg,crops/cam1_20260511_165348_r0_c0.jpg,5091,cam1_20260511_165353.jpg,crops/cam1_20260511_165353_r0_c0.jpg,10925,29.3,,50,41.7,0,0,0,0,0,0.0,0.0,3588.0,102.0,64.4,10.7,1.8,0.3,,2026-05-11 22:53:54
germ-germinadorap-de5832|LOT-20260506-651F-005|r0_c0|rep0,LOT-20260506-651F-005:A1:R0,germ-germinadorap-de5832,LOT-20260506-651F-005,A1,0,0,0,Hierbabuena,,,,,,,2026-05-11 23:08:48,2026-05-06 20:48:22,122.34,6,cg_1778540926403_1,5093,cam1_20260511_170848.jpg,crops/cam1_20260511_170848_r0_c0.jpg,5095,cam1_20260511_170853.jpg,crops/cam1_20260511_170853_r0_c0.jpg,10937,29.5,,46,41.6,0,0,0,0,0,0.0,0.0,3603.0,102.0,64.4,10.7,1.8,0.3,,2026-05-11 23:08:54
germ-germinadorap-de5832|LOT-20260506-651F-005|r0_c0|rep0,LOT-20260506-651F-005:A1:R0,germ-germinadorap-de5832,LOT-20260506-651F-005,A1,0,0,0,Hierbabuena,,,,,,,2026-05-11 23:23:49,2026-05-06 20:48:22,122.59,6,cg_1778541826404_1,5097,cam1_20260511_172348.jpg,crops/cam1_20260511_172348_r0_c0.jpg,5099,cam1_20260511_172353.jpg,crops/cam1_20260511_172353_r0_c0.jpg,10949,28.7,,43,41.4,0,0,0,0,0,0.0,0.0,3618.0,102.0,64.4,10.7,1.8,0.3,,2026-05-11 23:23:55
germ-germinadorap-de5832|LOT-20260506-651F-005|r0_c0|rep0,LOT-20260506-651F-005:A1:R0,germ-germinadorap-de5832,LOT-20260506-651F-005,A1,0,0,0,Hierbabuena,,,,,,,2026-05-11 23:40:06,2026-05-06 20:48:22,122.86,6,cg_1778542803434_1,5101,cam1_20260511_174005.jpg,crops/cam1_20260511_174005_r0_c0.jpg,5103,cam1_20260511_174012.jpg,crops/cam1_20260511_174012_r0_c0.jpg,10961,28.3,,42,40.1,0,0,0,0,0,0.0,0.0,3634.0,102.0,64.7,10.8,1.8,0.3,,2026-05-11 23:40:14
germ-germinadorap-de5832|LOT-20260506-651F-005|r0_c0|rep0,LOT-20260506-651F-005:A1:R0,germ-germinadorap-de5832,LOT-20260506-651F-005,A1,0,0,0,Hierbabuena,,,,,,,2026-05-11 23:55:07,2026-05-06 20:48:22,123.11,6,cg_1778543703433_1,5105,cam1_20260511_175506.jpg,crops/cam1_20260511_175506_r0_c0.jpg,5107,cam1_20260511_175510.jpg,crops/cam1_20260511_175510_r0_c0.jpg,10973,28,,42,39.9,0,0,0,0,0,0.0,0.0,3649.0,102.0,64.9,10.8,1.8,0.3,,2026-05-11 23:55:12
germ-germinadorap-de5832|LOT-20260506-651F-005|r0_c0|rep0,LOT-20260506-651F-005:A1:R0,germ-germinadorap-de5832,LOT-20260506-651F-005,A1,0,0,0,Hierbabuena,,,,,,,2026-05-12 00:10:06,2026-05-06 20:48:22,123.36,6,cg_1778544603456_1,5109,cam1_20260511_181005.jpg,crops/cam1_20260511_181005_r0_c0.jpg,5111,cam1_20260511_181011.jpg,crops/cam1_20260511_181011_r0_c0.jpg,10985,28.7,,44,44.1,0,0,0,1,0,15.0,0.0,3664.0,102.0,65.1,10.9,1.8,0.3,,2026-05-12 00:10:13
germ-germinadorap-de5832|LOT-20260506-651F-005|r0_c0|rep0,LOT-20260506-651F-005:A1:R0,germ-germinadorap-de5832,LOT-20260506-651F-005,A1,0,0,0,Hierbabuena,,,,,,,2026-05-12 06:17:12,2026-05-06 20:48:22,129.48,6,cg_1778566630522_1,5120,cam1_20260512_001712.jpg,crops/cam1_20260512_001712_r0_c0.jpg,5122,cam1_20260512_001715.jpg,crops/cam1_20260512_001715_r0_c0.jpg,10992,29,,50,1.5,0,0,0,0,0,0.0,0.0,3898.0,106.0,65.5,10.9,1.8,0.3,,2026-05-12 06:17:17
germ-germinadorap-de5832|LOT-20260506-651F-005|r0_c0|rep0,LOT-20260506-651F-005:A1:R0,germ-germinadorap-de5832,LOT-20260506-651F-005,A1,0,0,0,Hierbabuena,,,,,,,2026-05-12 06:32:32,2026-05-06 20:48:22,129.74,6,cg_1778567549603_1,5129,cam1_20260512_003231.jpg,crops/cam1_20260512_003231_r0_c0.jpg,5131,cam1_20260512_003236.jpg,crops/cam1_20260512_003236_r0_c0.jpg,11009,29,,50,1.4,0,0,0,0,0,0.0,0.0,3909.0,106.0,65.5,10.9,1.8,0.3,,2026-05-12 06:32:38
germ-germinadorap-de5832|LOT-20260506-651F-005|r0_c0|rep0,LOT-20260506-651F-005:A1:R0,germ-germinadorap-de5832,LOT-20260506-651F-005,A1,0,0,0,Hierbabuena,,,,,,,2026-05-12 06:47:32,2026-05-06 20:48:22,129.99,6,cg_1778568449607_1,5133,cam1_20260512_004731.jpg,crops/cam1_20260512_004731_r0_c0.jpg,5135,cam1_20260512_004736.jpg,crops/cam1_20260512_004736_r0_c0.jpg,11021,29,,50,1.4,0,0,0,0,0,0.0,0.0,3909.0,106.0,65.5,10.9,1.8,0.3,,2026-05-12 06:47:38
germ-germinadorap-de5832|LOT-20260506-651F-005|r0_c0|rep0,LOT-20260506-651F-005:A1:R0,germ-germinadorap-de5832,LOT-20260506-651F-005,A1,0,0,0,Hierbabuena,,,,,,,2026-05-12 07:02:32,2026-05-06 20:48:22,130.24,6,cg_1778569349616_1,5137,cam1_20260512_010231.jpg,crops/cam1_20260512_010231_r0_c0.jpg,5139,cam1_20260512_010236.jpg,crops/cam1_20260512_010236_r0_c0.jpg,11033,29,,50,1.4,0,0,0,0,0,0.0,0.0,3909.0,106.0,65.5,10.9,1.8,0.3,,2026-05-12 07:02:38
germ-germinadorap-de5832|LOT-20260506-651F-005|r0_c0|rep0,LOT-20260506-651F-005:A1:R0,germ-germinadorap-de5832,LOT-20260506-651F-005,A1,0,0,0,Hierbabuena,,,,,,,2026-05-12 07:17:32,2026-05-06 20:48:22,130.49,6,cg_1778570249627_1,5141,cam1_20260512_011731.jpg,crops/cam1_20260512_011731_r0_c0.jpg,5143,cam1_20260512_011736.jpg,crops/cam1_20260512_011736_r0_c0.jpg,11045,29,,50,1.3,0,0,0,0,0,0.0,0.0,3909.0,106.0,65.5,10.9,1.8,0.3,,2026-05-12 07:17:38
germ-germinadorap-de5832|LOT-20260506-651F-005|r0_c0|rep0,LOT-20260506-651F-005:A1:R0,germ-germinadorap-de5832,LOT-20260506-651F-005,A1,0,0,0,Hierbabuena,,,,,,,2026-05-12 07:32:32,2026-05-06 20:48:22,130.74,6,cg_1778571149648_1,5145,cam1_20260512_013231.jpg,crops/cam1_20260512_013231_r0_c0.jpg,5147,cam1_20260512_013236.jpg,crops/cam1_20260512_013236_r0_c0.jpg,11057,29,,50,1.3,0,0,0,0,0,0.0,0.0,3909.0,106.0,65.5,10.9,1.8,0.3,,2026-05-12 07:32:38
germ-germinadorap-de5832|LOT-20260506-651F-005|r0_c0|rep0,LOT-20260506-651F-005:A1:R0,germ-germinadorap-de5832,LOT-20260506-651F-005,A1,0,0,0,Hierbabuena,,,,,,,2026-05-12 07:48:41,2026-05-06 20:48:22,131.01,6,cg_1778572119478_1,5148,cam1_20260512_014841.jpg,crops/cam1_20260512_014841_r0_c0.jpg,5150,cam1_20260512_014844.jpg,crops/cam1_20260512_014844_r0_c0.jpg,11064,29,,50,1.2,0,0,0,0,0,0.0,0.0,3909.0,106.0,65.5,10.9,1.8,0.3,,2026-05-12 07:48:45
germ-germinadorap-de5832|LOT-20260506-651F-005|r0_c0|rep0,LOT-20260506-651F-005:A1:R0,germ-germinadorap-de5832,LOT-20260506-651F-005,A1,0,0,0,Hierbabuena,,,,,,,2026-05-12 08:04:29,2026-05-06 20:48:22,131.27,6,cg_1778573066922_1,5153,cam1_20260512_020428.jpg,crops/cam1_20260512_020428_r0_c0.jpg,5155,cam1_20260512_020433.jpg,crops/cam1_20260512_020433_r0_c0.jpg,11081,29,,50,1.2,0,0,0,0,0,0.0,0.0,3909.0,106.0,65.5,10.9,1.8,0.3,,2026-05-12 08:04:35
germ-germinadorap-de5832|LOT-20260506-651F-005|r0_c0|rep0,LOT-20260506-651F-005:A1:R0,germ-germinadorap-de5832,LOT-20260506-651F-005,A1,0,0,0,Hierbabuena,,,,,,,2026-05-12 08:19:29,2026-05-06 20:48:22,131.52,6,cg_1778573966918_1,5157,cam1_20260512_021928.jpg,crops/cam1_20260512_021928_r0_c0.jpg,5159,cam1_20260512_021933.jpg,crops/cam1_20260512_021933_r0_c0.jpg,11093,29,,50,1.2,0,0,0,0,0,0.0,0.0,3909.0,106.0,65.8,11.0,1.8,0.3,,2026-05-12 08:19:35
germ-germinadorap-de5832|LOT-20260506-651F-005|r0_c0|rep0,LOT-20260506-651F-005:A1:R0,germ-germinadorap-de5832,LOT-20260506-651F-005,A1,0,0,0,Hierbabuena,,,,,,,2026-05-12 08:34:29,2026-05-06 20:48:22,131.77,6,cg_1778574866921_1,5161,cam1_20260512_023428.jpg,crops/cam1_20260512_023428_r0_c0.jpg,5163,cam1_20260512_023434.jpg,crops/cam1_20260512_023434_r0_c0.jpg,11105,29,,50,1.1,0,0,0,0,0,0.0,0.0,3909.0,106.0,66.0,11.0,1.8,0.3,,2026-05-12 08:34:35
germ-germinadorap-de5832|LOT-20260506-651F-005|r0_c0|rep0,LOT-20260506-651F-005:A1:R0,germ-germinadorap-de5832,LOT-20260506-651F-005,A1,0,0,0,Hierbabuena,,,,,,,2026-05-12 08:49:29,2026-05-06 20:48:22,132.02,6,cg_1778575766926_1,5165,cam1_20260512_024928.jpg,crops/cam1_20260512_024928_r0_c0.jpg,5167,cam1_20260512_024934.jpg,crops/cam1_20260512_024934_r0_c0.jpg,11117,29,,50,1.1,0,0,0,0,0,0.0,0.0,3910.0,106.0,66.3,11.0,1.8,0.3,,2026-05-12 08:49:35
germ-germinadorap-de5832|LOT-20260506-651F-005|r0_c0|rep0,LOT-20260506-651F-005:A1:R0,germ-germinadorap-de5832,LOT-20260506-651F-005,A1,0,0,0,Hierbabuena,,,,,,,2026-05-12 09:04:29,2026-05-06 20:48:22,132.27,6,cg_1778576666928_1,5169,cam1_20260512_030428.jpg,crops/cam1_20260512_030428_r0_c0.jpg,5171,cam1_20260512_030433.jpg,crops/cam1_20260512_030433_r0_c0.jpg,11129,29,,50,1,0,0,0,0,0,0.0,0.0,3910.0,106.0,66.5,11.1,1.8,0.3,,2026-05-12 09:04:35
germ-germinadorap-de5832|LOT-20260506-651F-005|r0_c0|rep0,LOT-20260506-651F-005:A1:R0,germ-germinadorap-de5832,LOT-20260506-651F-005,A1,0,0,0,Hierbabuena,,,,,,,2026-05-12 09:19:29,2026-05-06 20:48:22,132.52,6,cg_1778577566933_1,5173,cam1_20260512_031928.jpg,crops/cam1_20260512_031928_r0_c0.jpg,5175,cam1_20260512_031933.jpg,crops/cam1_20260512_031933_r0_c0.jpg,11141,29,,50,1,0,0,0,0,0,0.0,0.0,3910.0,106.0,66.8,11.1,1.8,0.3,,2026-05-12 09:19:35
germ-germinadorap-de5832|LOT-20260506-651F-005|r0_c0|rep0,LOT-20260506-651F-005:A1:R0,germ-germinadorap-de5832,LOT-20260506-651F-005,A1,0,0,0,Hierbabuena,,,,,,,2026-05-12 09:34:29,2026-05-06 20:48:22,132.77,6,cg_1778578466936_1,5176,cam1_20260512_033428.jpg,crops/cam1_20260512_033428_r0_c0.jpg,5178,cam1_20260512_033431.jpg,crops/cam1_20260512_033431_r0_c0.jpg,11148,29,,50,0.9,0,0,0,0,0,0.0,0.0,3910.0,106.0,67.0,11.2,1.8,0.3,,2026-05-12 09:34:33
germ-germinadorap-de5832|LOT-20260506-651F-005|r0_c0|rep0,LOT-20260506-651F-005:A1:R0,germ-germinadorap-de5832,LOT-20260506-651F-005,A1,0,0,0,Hierbabuena,,,,,,,2026-05-12 09:49:29,2026-05-06 20:48:22,133.02,6,cg_1778579366940_1,5181,cam1_20260512_034928.jpg,crops/cam1_20260512_034928_r0_c0.jpg,5183,cam1_20260512_034933.jpg,crops/cam1_20260512_034933_r0_c0.jpg,11165,29,,50,0.9,0,0,0,0,0,0.0,0.0,3910.0,106.0,67.3,11.2,1.8,0.3,,2026-05-12 09:49:35
germ-germinadorap-de5832|LOT-20260506-651F-005|r0_c0|rep0,LOT-20260506-651F-005:A1:R0,germ-germinadorap-de5832,LOT-20260506-651F-005,A1,0,0,0,Hierbabuena,,,,,,,2026-05-12 10:04:29,2026-05-06 20:48:22,133.27,6,cg_1778580266942_1,5185,cam1_20260512_040428.jpg,crops/cam1_20260512_040428_r0_c0.jpg,5187,cam1_20260512_040433.jpg,crops/cam1_20260512_040433_r0_c0.jpg,11177,29,,50,0.9,0,0,0,0,0,0.0,0.0,3910.0,106.0,67.5,11.3,1.8,0.3,,2026-05-12 10:04:35
germ-germinadorap-de5832|LOT-20260506-651F-005|r0_c0|rep0,LOT-20260506-651F-005:A1:R0,germ-germinadorap-de5832,LOT-20260506-651F-005,A1,0,0,0,Hierbabuena,,,,,,,2026-05-12 10:19:29,2026-05-06 20:48:22,133.52,6,cg_1778581166946_1,5189,cam1_20260512_041929.jpg,crops/cam1_20260512_041929_r0_c0.jpg,5191,cam1_20260512_041934.jpg,crops/cam1_20260512_041934_r0_c0.jpg,11189,29,,50,0.8,0,0,0,0,0,0.0,0.0,3910.0,106.0,67.8,11.3,1.8,0.3,,2026-05-12 10:19:35
germ-germinadorap-de5832|LOT-20260506-651F-005|r0_c0|rep0,LOT-20260506-651F-005:A1:R0,germ-germinadorap-de5832,LOT-20260506-651F-005,A1,0,0,0,Hierbabuena,,,,,,,2026-05-12 10:34:29,2026-05-06 20:48:22,133.77,6,cg_1778582066951_1,5193,cam1_20260512_043428.jpg,crops/cam1_20260512_043428_r0_c0.jpg,5195,cam1_20260512_043433.jpg,crops/cam1_20260512_043433_r0_c0.jpg,11201,29,,50,0.9,0,0,0,0,0,0.0,0.0,3910.0,106.0,68.0,11.3,1.8,0.3,,2026-05-12 10:34:35
germ-germinadorap-de5832|LOT-20260506-651F-005|r0_c0|rep0,LOT-20260506-651F-005:A1:R0,germ-germinadorap-de5832,LOT-20260506-651F-005,A1,0,0,0,Hierbabuena,,,,,,,2026-05-12 10:49:29,2026-05-06 20:48:22,134.02,6,cg_1778582966957_1,5197,cam1_20260512_044928.jpg,crops/cam1_20260512_044928_r0_c0.jpg,5199,cam1_20260512_044933.jpg,crops/cam1_20260512_044933_r0_c0.jpg,11213,29,,50,0.8,0,0,0,0,0,0.0,0.0,3910.0,106.0,68.3,11.4,1.8,0.3,,2026-05-12 10:49:35
germ-germinadorap-de5832|LOT-20260506-651F-005|r0_c0|rep0,LOT-20260506-651F-005:A1:R0,germ-germinadorap-de5832,LOT-20260506-651F-005,A1,0,0,0,Hierbabuena,,,,,,,2026-05-12 11:04:29,2026-05-06 20:48:22,134.27,6,cg_1778583866959_1,5201,cam1_20260512_050428.jpg,crops/cam1_20260512_050428_r0_c0.jpg,5203,cam1_20260512_050433.jpg,crops/cam1_20260512_050433_r0_c0.jpg,11225,29,,50,0.8,0,0,0,0,0,0.0,0.0,3910.0,106.0,68.5,11.4,1.8,0.3,,2026-05-12 11:04:35
germ-germinadorap-de5832|LOT-20260506-651F-005|r0_c0|rep0,LOT-20260506-651F-005:A1:R0,germ-germinadorap-de5832,LOT-20260506-651F-005,A1,0,0,0,Hierbabuena,,,,,,,2026-05-12 11:19:29,2026-05-06 20:48:22,134.52,6,cg_1778584766963_1,5205,cam1_20260512_051928.jpg,crops/cam1_20260512_051928_r0_c0.jpg,5207,cam1_20260512_051933.jpg,crops/cam1_20260512_051933_r0_c0.jpg,11237,29,,50,0.7,0,0,0,0,0,0.0,0.0,3910.0,106.0,68.8,11.5,1.8,0.3,,2026-05-12 11:19:35
germ-germinadorap-de5832|LOT-20260506-651F-005|r0_c0|rep0,LOT-20260506-651F-005:A1:R0,germ-germinadorap-de5832,LOT-20260506-651F-005,A1,0,0,0,Hierbabuena,,,,,,,2026-05-12 11:34:29,2026-05-06 20:48:22,134.77,6,cg_1778585666966_1,5209,cam1_20260512_053428.jpg,crops/cam1_20260512_053428_r0_c0.jpg,5211,cam1_20260512_053433.jpg,crops/cam1_20260512_053433_r0_c0.jpg,11249,29,,50,0.7,0,0,0,0,0,0.0,0.0,3910.0,106.0,69.0,11.5,1.8,0.3,,2026-05-12 11:34:35
germ-germinadorap-de5832|LOT-20260506-651F-005|r0_c0|rep0,LOT-20260506-651F-005:A1:R0,germ-germinadorap-de5832,LOT-20260506-651F-005,A1,0,0,0,Hierbabuena,,,,,,,2026-05-12 11:49:29,2026-05-06 20:48:22,135.02,6,cg_1778586566974_1,5213,cam1_20260512_054928.jpg,crops/cam1_20260512_054928_r0_c0.jpg,5215,cam1_20260512_054933.jpg,crops/cam1_20260512_054933_r0_c0.jpg,11261,29,,50,0.8,0,0,0,0,0,0.0,0.0,3910.0,106.0,69.3,11.5,1.8,0.3,,2026-05-12 11:49:35
germ-germinadorap-de5832|LOT-20260506-651F-005|r0_c0|rep0,LOT-20260506-651F-005:A1:R0,germ-germinadorap-de5832,LOT-20260506-651F-005,A1,0,0,0,Hierbabuena,,,,,,,2026-05-12 12:04:29,2026-05-06 20:48:22,135.27,6,cg_1778587466973_1,5217,cam1_20260512_060428.jpg,crops/cam1_20260512_060428_r0_c0.jpg,5219,cam1_20260512_060434.jpg,crops/cam1_20260512_060434_r0_c0.jpg,11273,29,,50,0.7,0,0,0,0,0,0.0,0.0,3910.0,106.0,69.5,11.6,1.8,0.3,,2026-05-12 12:04:35
germ-germinadorap-de5832|LOT-20260506-651F-005|r0_c0|rep0,LOT-20260506-651F-005:A1:R0,germ-germinadorap-de5832,LOT-20260506-651F-005,A1,0,0,0,Hierbabuena,,,,,,,2026-05-12 12:19:29,2026-05-06 20:48:22,135.52,6,cg_1778588366980_1,5221,cam1_20260512_061928.jpg,crops/cam1_20260512_061928_r0_c0.jpg,5223,cam1_20260512_061933.jpg,crops/cam1_20260512_061933_r0_c0.jpg,11285,29,,50,0.7,0,0,0,0,0,0.0,0.0,3910.0,106.0,69.8,11.6,1.8,0.3,,2026-05-12 12:19:35
germ-germinadorap-de5832|LOT-20260506-651F-005|r0_c0|rep0,LOT-20260506-651F-005:A1:R0,germ-germinadorap-de5832,LOT-20260506-651F-005,A1,0,0,0,Hierbabuena,,,,,,,2026-05-12 12:34:29,2026-05-06 20:48:22,135.77,6,cg_1778589266977_1,5225,cam1_20260512_063428.jpg,crops/cam1_20260512_063428_r0_c0.jpg,5227,cam1_20260512_063433.jpg,crops/cam1_20260512_063433_r0_c0.jpg,11297,29,,50,0.6,0,0,0,0,0,0.0,0.0,3910.0,106.0,70.0,11.7,1.8,0.3,,2026-05-12 12:34:35
germ-germinadorap-de5832|LOT-20260506-651F-005|r0_c0|rep0,LOT-20260506-651F-005:A1:R0,germ-germinadorap-de5832,LOT-20260506-651F-005,A1,0,0,0,Hierbabuena,,,,,,,2026-05-12 12:49:29,2026-05-06 20:48:22,136.02,6,cg_1778590166981_1,5229,cam1_20260512_064928.jpg,crops/cam1_20260512_064928_r0_c0.jpg,5231,cam1_20260512_064933.jpg,crops/cam1_20260512_064933_r0_c0.jpg,11309,29,,50,0.7,0,0,0,0,0,0.0,0.0,3911.0,106.0,70.3,11.7,1.8,0.3,,2026-05-12 12:49:35
germ-germinadorap-de5832|LOT-20260506-651F-005|r0_c0|rep0,LOT-20260506-651F-005:A1:R0,germ-germinadorap-de5832,LOT-20260506-651F-005,A1,0,0,0,Hierbabuena,,,,,,,2026-05-12 13:04:29,2026-05-06 20:48:22,136.27,6,cg_1778591066985_1,5233,cam1_20260512_070428.jpg,crops/cam1_20260512_070428_r0_c0.jpg,5235,cam1_20260512_070433.jpg,crops/cam1_20260512_070433_r0_c0.jpg,11321,29,,50,0.6,0,0,0,0,0,0.0,0.0,3911.0,106.0,70.5,11.8,1.8,0.3,,2026-05-12 13:04:35
germ-germinadorap-de5832|LOT-20260506-651F-005|r0_c0|rep0,LOT-20260506-651F-005:A1:R0,germ-germinadorap-de5832,LOT-20260506-651F-005,A1,0,0,0,Hierbabuena,,,,,,,2026-05-12 13:19:29,2026-05-06 20:48:22,136.52,6,cg_1778591966990_1,5237,cam1_20260512_071928.jpg,crops/cam1_20260512_071928_r0_c0.jpg,5239,cam1_20260512_071933.jpg,crops/cam1_20260512_071933_r0_c0.jpg,11333,29,,50,0.6,0,0,0,0,0,0.0,0.0,3911.0,106.0,70.8,11.8,1.8,0.3,,2026-05-12 13:19:35
germ-germinadorap-de5832|LOT-20260506-651F-005|r0_c0|rep0,LOT-20260506-651F-005:A1:R0,germ-germinadorap-de5832,LOT-20260506-651F-005,A1,0,0,0,Hierbabuena,,,,,,,2026-05-12 13:34:29,2026-05-06 20:48:22,136.77,6,cg_1778592866993_1,5241,cam1_20260512_073428.jpg,crops/cam1_20260512_073428_r0_c0.jpg,5243,cam1_20260512_073433.jpg,crops/cam1_20260512_073433_r0_c0.jpg,11345,29,,50,0.6,0,0,0,0,0,0.0,0.0,3911.0,106.0,71.0,11.8,1.8,0.3,,2026-05-12 13:34:35
germ-germinadorap-de5832|LOT-20260506-651F-005|r0_c0|rep0,LOT-20260506-651F-005:A1:R0,germ-germinadorap-de5832,LOT-20260506-651F-005,A1,0,0,0,Hierbabuena,,,,,,,2026-05-12 13:49:29,2026-05-06 20:48:22,137.02,6,cg_1778593766996_1,5245,cam1_20260512_074928.jpg,crops/cam1_20260512_074928_r0_c0.jpg,5247,cam1_20260512_074933.jpg,crops/cam1_20260512_074933_r0_c0.jpg,11357,29,,50,0.6,0,0,0,0,0,0.0,0.0,3911.0,106.0,71.3,11.9,1.8,0.3,,2026-05-12 13:49:35
germ-germinadorap-de5832|LOT-20260506-651F-005|r0_c0|rep0,LOT-20260506-651F-005:A1:R0,germ-germinadorap-de5832,LOT-20260506-651F-005,A1,0,0,0,Hierbabuena,,,,,,,2026-05-12 14:04:31,2026-05-06 20:48:22,137.27,6,cg_1778594669247_1,5253,cam1_20260512_080430.jpg,crops/cam1_20260512_080430_r0_c0.jpg,5255,cam1_20260512_080436.jpg,crops/cam1_20260512_080436_r0_c0.jpg,11369,29,,50,0.6,0,0,0,0,0,0.0,0.0,3915.0,106.0,71.5,11.9,1.8,0.3,,2026-05-12 14:04:37
germ-germinadorap-de5832|LOT-20260506-651F-005|r0_c0|rep0,LOT-20260506-651F-005:A1:R0,germ-germinadorap-de5832,LOT-20260506-651F-005,A1,0,0,0,Hierbabuena,,,,,,,2026-05-12 14:19:31,2026-05-06 20:48:22,137.52,6,cg_1778595569271_1,5257,cam1_20260512_081930.jpg,crops/cam1_20260512_081930_r0_c0.jpg,5259,cam1_20260512_081936.jpg,crops/cam1_20260512_081936_r0_c0.jpg,11381,29,,50,0.5,0,0,0,0,0,0.0,0.0,3930.0,106.0,71.8,12.0,1.8,0.3,,2026-05-12 14:19:37
germ-germinadorap-de5832|LOT-20260506-651F-005|r0_c0|rep0,LOT-20260506-651F-005:A1:R0,germ-germinadorap-de5832,LOT-20260506-651F-005,A1,0,0,0,Hierbabuena,,,,,,,2026-05-12 14:34:31,2026-05-06 20:48:22,137.77,6,cg_1778596469286_1,5261,cam1_20260512_083431.jpg,crops/cam1_20260512_083431_r0_c0.jpg,5263,cam1_20260512_083436.jpg,crops/cam1_20260512_083436_r0_c0.jpg,11393,29,,50,0.6,0,0,0,0,0,0.0,0.0,3945.0,106.0,72.0,12.0,1.8,0.3,,2026-05-12 14:34:38
germ-germinadorap-de5832|LOT-20260506-651F-005|r0_c0|rep0,LOT-20260506-651F-005:A1:R0,germ-germinadorap-de5832,LOT-20260506-651F-005,A1,0,0,0,Hierbabuena,,,,,,,2026-05-12 14:49:31,2026-05-06 20:48:22,138.02,6,cg_1778597369291_1,5265,cam1_20260512_084930.jpg,crops/cam1_20260512_084930_r0_c0.jpg,5267,cam1_20260512_084936.jpg,crops/cam1_20260512_084936_r0_c0.jpg,11405,29,,50,0.6,0,0,0,0,0,0.0,0.0,3960.0,106.0,72.2,12.0,1.8,0.3,,2026-05-12 14:49:37
germ-germinadorap-de5832|LOT-20260506-651F-005|r0_c0|rep0,LOT-20260506-651F-005:A1:R0,germ-germinadorap-de5832,LOT-20260506-651F-005,A1,0,0,0,Hierbabuena,,,,,,,2026-05-12 15:04:31,2026-05-06 20:48:22,138.27,6,cg_1778598269393_1,5269,cam1_20260512_090431.jpg,crops/cam1_20260512_090431_r0_c0.jpg,5271,cam1_20260512_090436.jpg,crops/cam1_20260512_090436_r0_c0.jpg,11417,29,,50,0.6,0,0,0,0,0,0.0,0.0,3974.0,106.0,72.5,12.1,1.8,0.3,,2026-05-12 15:04:38
germ-germinadorap-de5832|LOT-20260506-651F-005|r0_c0|rep0,LOT-20260506-651F-005:A1:R0,germ-germinadorap-de5832,LOT-20260506-651F-005,A1,0,0,0,Hierbabuena,,,,,,,2026-05-12 15:19:31,2026-05-06 20:48:22,138.52,6,cg_1778599169461_1,5273,cam1_20260512_091931.jpg,crops/cam1_20260512_091931_r0_c0.jpg,5275,cam1_20260512_091936.jpg,crops/cam1_20260512_091936_r0_c0.jpg,11429,29,,50,0.5,0,0,0,0,0,0.0,0.0,3989.0,106.0,72.7,12.1,1.8,0.3,,2026-05-12 15:19:38
germ-germinadorap-de5832|LOT-20260506-651F-005|r0_c0|rep0,LOT-20260506-651F-005:A1:R0,germ-germinadorap-de5832,LOT-20260506-651F-005,A1,0,0,0,Hierbabuena,,,,,,,2026-05-12 15:34:32,2026-05-06 20:48:22,138.77,6,cg_1778600069557_1,5277,cam1_20260512_093431.jpg,crops/cam1_20260512_093431_r0_c0.jpg,5279,cam1_20260512_093436.jpg,crops/cam1_20260512_093436_r0_c0.jpg,11441,29,,50,0.5,0,0,0,0,0,0.0,0.0,4004.0,106.0,73.0,12.2,1.8,0.3,,2026-05-12 15:34:38
germ-germinadorap-de5832|LOT-20260506-651F-005|r0_c0|rep0,LOT-20260506-651F-005:A1:R0,germ-germinadorap-de5832,LOT-20260506-651F-005,A1,0,0,0,Hierbabuena,,,,,,,2026-05-12 15:49:32,2026-05-06 20:48:22,139.02,6,cg_1778600969558_1,5281,cam1_20260512_094931.jpg,crops/cam1_20260512_094931_r0_c0.jpg,5283,cam1_20260512_094936.jpg,crops/cam1_20260512_094936_r0_c0.jpg,11453,29,,50,0.5,0,0,0,0,0,0.0,0.0,4019.0,106.0,73.2,12.2,1.8,0.3,,2026-05-12 15:49:38
germ-germinadorap-de5832|LOT-20260506-651F-005|r0_c0|rep0,LOT-20260506-651F-005:A1:R0,germ-germinadorap-de5832,LOT-20260506-651F-005,A1,0,0,0,Hierbabuena,,,,,,,2026-05-12 16:04:32,2026-05-06 20:48:22,139.27,6,cg_1778601869564_1,5285,cam1_20260512_100431.jpg,crops/cam1_20260512_100431_r0_c0.jpg,5287,cam1_20260512_100436.jpg,crops/cam1_20260512_100436_r0_c0.jpg,11465,29,,50,0.5,0,0,0,0,0,0.0,0.0,4034.0,106.0,73.5,12.2,1.8,0.3,,2026-05-12 16:04:38
germ-germinadorap-de5832|LOT-20260506-651F-005|r0_c0|rep0,LOT-20260506-651F-005:A1:R0,germ-germinadorap-de5832,LOT-20260506-651F-005,A1,0,0,0,Hierbabuena,,,,,,,2026-05-12 16:19:31,2026-05-06 20:48:22,139.52,6,cg_1778602769566_1,5289,cam1_20260512_101931.jpg,crops/cam1_20260512_101931_r0_c0.jpg,5291,cam1_20260512_101936.jpg,crops/cam1_20260512_101936_r0_c0.jpg,11477,29,,50,0.5,0,0,0,0,0,0.0,0.0,4049.0,106.0,73.7,12.3,1.8,0.3,,2026-05-12 16:19:38
germ-germinadorap-de5832|LOT-20260506-651F-005|r0_c0|rep0,LOT-20260506-651F-005:A1:R0,germ-germinadorap-de5832,LOT-20260506-651F-005,A1,0,0,0,Hierbabuena,,,,,,,2026-05-12 16:34:31,2026-05-06 20:48:22,139.77,6,cg_1778603669569_1,5292,cam1_20260512_103431.jpg,crops/cam1_20260512_103431_r0_c0.jpg,5294,cam1_20260512_103434.jpg,crops/cam1_20260512_103434_r0_c0.jpg,11484,29,,50,0.5,0,0,0,0,0,0.0,0.0,4064.0,106.0,74.0,12.3,1.8,0.3,,2026-05-12 16:34:35
germ-germinadorap-de5832|LOT-20260506-651F-005|r0_c0|rep0,LOT-20260506-651F-005:A1:R0,germ-germinadorap-de5832,LOT-20260506-651F-005,A1,0,0,0,Hierbabuena,,,,,,,2026-05-12 16:49:32,2026-05-06 20:48:22,140.02,6,cg_1778604569571_1,5297,cam1_20260512_104931.jpg,crops/cam1_20260512_104931_r0_c0.jpg,5299,cam1_20260512_104936.jpg,crops/cam1_20260512_104936_r0_c0.jpg,11501,29,,50,0.5,0,0,0,0,0,0.0,0.0,4079.0,106.0,74.2,12.4,1.8,0.3,,2026-05-12 16:49:38
germ-germinadorap-de5832|LOT-20260506-651F-005|r0_c0|rep0,LOT-20260506-651F-005:A1:R0,germ-germinadorap-de5832,LOT-20260506-651F-005,A1,0,0,0,Hierbabuena,,,,,,,2026-05-12 17:04:32,2026-05-06 20:48:22,140.27,6,cg_1778605469574_1,5301,cam1_20260512_110431.jpg,crops/cam1_20260512_110431_r0_c0.jpg,5303,cam1_20260512_110436.jpg,crops/cam1_20260512_110436_r0_c0.jpg,11513,29,,50,0.5,0,0,0,0,0,0.0,0.0,4094.0,106.0,74.5,12.4,1.8,0.3,,2026-05-12 17:04:38
germ-germinadorap-de5832|LOT-20260506-651F-005|r0_c0|rep0,LOT-20260506-651F-005:A1:R0,germ-germinadorap-de5832,LOT-20260506-651F-005,A1,0,0,0,Hierbabuena,,,,,,,2026-05-12 17:19:32,2026-05-06 20:48:22,140.52,6,cg_1778606369578_1,5305,cam1_20260512_111931.jpg,crops/cam1_20260512_111931_r0_c0.jpg,5307,cam1_20260512_111936.jpg,crops/cam1_20260512_111936_r0_c0.jpg,11525,29,,50,0.4,0,0,0,0,0,0.0,0.0,4109.0,106.0,74.7,12.5,1.8,0.3,,2026-05-12 17:19:38
germ-germinadorap-de5832|LOT-20260506-651F-005|r0_c0|rep0,LOT-20260506-651F-005:A1:R0,germ-germinadorap-de5832,LOT-20260506-651F-005,A1,0,0,0,Hierbabuena,,,,,,,2026-05-12 17:34:32,2026-05-06 20:48:22,140.77,6,cg_1778607269578_1,5309,cam1_20260512_113431.jpg,crops/cam1_20260512_113431_r0_c0.jpg,5311,cam1_20260512_113436.jpg,crops/cam1_20260512_113436_r0_c0.jpg,11537,29,,50,0.4,0,0,0,0,0,0.0,0.0,4124.0,106.0,75.0,12.5,1.8,0.3,,2026-05-12 17:34:38
germ-germinadorap-de5832|LOT-20260506-651F-005|r0_c0|rep0,LOT-20260506-651F-005:A1:R0,germ-germinadorap-de5832,LOT-20260506-651F-005,A1,0,0,0,Hierbabuena,,,,,,,2026-05-12 17:49:32,2026-05-06 20:48:22,141.02,6,cg_1778608169579_1,5313,cam1_20260512_114931.jpg,crops/cam1_20260512_114931_r0_c0.jpg,5315,cam1_20260512_114936.jpg,crops/cam1_20260512_114936_r0_c0.jpg,11549,29,,50,0.4,0,0,0,0,0,0.0,0.0,4138.0,106.0,75.2,12.5,1.8,0.3,,2026-05-12 17:49:38
germ-germinadorap-de5832|LOT-20260506-651F-005|r0_c0|rep0,LOT-20260506-651F-005:A1:R0,germ-germinadorap-de5832,LOT-20260506-651F-005,A1,0,0,0,Hierbabuena,,,,,,,2026-05-12 18:04:32,2026-05-06 20:48:22,141.27,6,cg_1778609069584_1,5317,cam1_20260512_120431.jpg,crops/cam1_20260512_120431_r0_c0.jpg,5319,cam1_20260512_120436.jpg,crops/cam1_20260512_120436_r0_c0.jpg,11561,29,,50,0.4,0,0,0,0,0,0.0,0.0,4153.0,106.0,75.5,12.6,1.8,0.3,,2026-05-12 18:04:38
germ-germinadorap-de5832|LOT-20260506-651F-005|r0_c0|rep0,LOT-20260506-651F-005:A1:R0,germ-germinadorap-de5832,LOT-20260506-651F-005,A1,0,0,0,Hierbabuena,,,,,,,2026-05-12 18:19:32,2026-05-06 20:48:22,141.52,6,cg_1778609969588_1,5321,cam1_20260512_121931.jpg,crops/cam1_20260512_121931_r0_c0.jpg,5323,cam1_20260512_121936.jpg,crops/cam1_20260512_121936_r0_c0.jpg,11573,29,,50,0.4,0,0,0,0,0,0.0,0.0,4168.0,106.0,75.7,12.6,1.8,0.3,,2026-05-12 18:19:38
germ-germinadorap-de5832|LOT-20260506-651F-005|r0_c0|rep0,LOT-20260506-651F-005:A1:R0,germ-germinadorap-de5832,LOT-20260506-651F-005,A1,0,0,0,Hierbabuena,,,,,,,2026-05-12 18:34:32,2026-05-06 20:48:22,141.77,6,cg_1778610869594_1,5325,cam1_20260512_123431.jpg,crops/cam1_20260512_123431_r0_c0.jpg,5327,cam1_20260512_123436.jpg,crops/cam1_20260512_123436_r0_c0.jpg,11585,29,,50,0.4,0,0,0,0,0,0.0,0.0,4183.0,106.0,76.0,12.7,1.8,0.3,,2026-05-12 18:34:38
germ-germinadorap-de5832|LOT-20260506-651F-005|r0_c0|rep0,LOT-20260506-651F-005:A1:R0,germ-germinadorap-de5832,LOT-20260506-651F-005,A1,0,0,0,Hierbabuena,,,,,,,2026-05-12 18:49:32,2026-05-06 20:48:22,142.02,6,cg_1778611769607_1,5329,cam1_20260512_124931.jpg,crops/cam1_20260512_124931_r0_c0.jpg,5331,cam1_20260512_124936.jpg,crops/cam1_20260512_124936_r0_c0.jpg,11597,29,,50,0.4,0,0,0,0,0,0.0,0.0,4198.0,106.0,76.2,12.7,1.8,0.3,,2026-05-12 18:49:38
germ-germinadorap-de5832|LOT-20260506-651F-005|r0_c0|rep0,LOT-20260506-651F-005:A1:R0,germ-germinadorap-de5832,LOT-20260506-651F-005,A1,0,0,0,Hierbabuena,,,,,,,2026-05-12 19:04:32,2026-05-06 20:48:22,142.27,6,cg_1778612669607_1,5333,cam1_20260512_130431.jpg,crops/cam1_20260512_130431_r0_c0.jpg,5335,cam1_20260512_130436.jpg,crops/cam1_20260512_130436_r0_c0.jpg,11609,29,,50,0.4,0,0,0,0,0,0.0,0.0,4213.0,106.0,76.5,12.7,1.8,0.3,,2026-05-12 19:04:38
germ-germinadorap-de5832|LOT-20260506-651F-005|r0_c0|rep0,LOT-20260506-651F-005:A1:R0,germ-germinadorap-de5832,LOT-20260506-651F-005,A1,0,0,0,Hierbabuena,,,,,,,2026-05-12 19:19:32,2026-05-06 20:48:22,142.52,6,cg_1778613569614_1,5337,cam1_20260512_131931.jpg,crops/cam1_20260512_131931_r0_c0.jpg,5339,cam1_20260512_131936.jpg,crops/cam1_20260512_131936_r0_c0.jpg,11621,29,,50,0.3,0,0,0,0,0,0.0,0.0,4228.0,106.0,76.7,12.8,1.8,0.3,,2026-05-12 19:19:38
germ-germinadorap-de5832|LOT-20260506-651F-005|r0_c0|rep0,LOT-20260506-651F-005:A1:R0,germ-germinadorap-de5832,LOT-20260506-651F-005,A1,0,0,0,Hierbabuena,,,,,,,2026-05-12 19:34:32,2026-05-06 20:48:22,142.77,6,cg_1778614469630_1,5341,cam1_20260512_133431.jpg,crops/cam1_20260512_133431_r0_c0.jpg,5343,cam1_20260512_133436.jpg,crops/cam1_20260512_133436_r0_c0.jpg,11633,29,,50,0.3,0,0,0,0,0,0.0,0.0,4243.0,106.0,77.0,12.8,1.8,0.3,,2026-05-12 19:34:38
germ-germinadorap-de5832|LOT-20260506-651F-005|r0_c0|rep0,LOT-20260506-651F-005:A1:R0,germ-germinadorap-de5832,LOT-20260506-651F-005,A1,0,0,0,Hierbabuena,,,,,,,2026-05-12 19:49:32,2026-05-06 20:48:22,143.02,6,cg_1778615369643_1,5345,cam1_20260512_134931.jpg,crops/cam1_20260512_134931_r0_c0.jpg,5347,cam1_20260512_134936.jpg,crops/cam1_20260512_134936_r0_c0.jpg,11645,29,,50,0.3,0,0,0,0,0,0.0,0.0,4258.0,106.0,77.2,12.9,1.8,0.3,,2026-05-12 19:49:38
germ-germinadorap-de5832|LOT-20260506-651F-005|r0_c0|rep0,LOT-20260506-651F-005:A1:R0,germ-germinadorap-de5832,LOT-20260506-651F-005,A1,0,0,0,Hierbabuena,,,,,,,2026-05-12 20:04:32,2026-05-06 20:48:22,143.27,6,cg_1778616269653_1,5349,cam1_20260512_140431.jpg,crops/cam1_20260512_140431_r0_c0.jpg,5351,cam1_20260512_140436.jpg,crops/cam1_20260512_140436_r0_c0.jpg,11657,29,,50,0.3,0,0,0,0,0,0.0,0.0,4273.0,106.0,77.4,12.9,1.8,0.3,,2026-05-12 20:04:38
germ-germinadorap-de5832|LOT-20260506-651F-005|r0_c0|rep0,LOT-20260506-651F-005:A1:R0,germ-germinadorap-de5832,LOT-20260506-651F-005,A1,0,0,0,Hierbabuena,,,,,,,2026-05-12 20:19:32,2026-05-06 20:48:22,143.52,6,cg_1778617169656_1,5353,cam1_20260512_141931.jpg,crops/cam1_20260512_141931_r0_c0.jpg,5355,cam1_20260512_141936.jpg,crops/cam1_20260512_141936_r0_c0.jpg,11669,29,,50,0.2,0,0,0,0,0,0.0,0.0,4288.0,106.0,77.4,12.9,1.8,0.3,,2026-05-12 20:19:38
germ-germinadorap-de5832|LOT-20260506-651F-005|r0_c0|rep0,LOT-20260506-651F-005:A1:R0,germ-germinadorap-de5832,LOT-20260506-651F-005,A1,0,0,0,Hierbabuena,,,,,,,2026-05-12 20:34:32,2026-05-06 20:48:22,143.77,6,cg_1778618069665_1,5357,cam1_20260512_143431.jpg,crops/cam1_20260512_143431_r0_c0.jpg,5359,cam1_20260512_143436.jpg,crops/cam1_20260512_143436_r0_c0.jpg,11681,29,,50,0.2,0,0,0,0,0,0.0,0.0,4302.0,106.0,77.4,12.9,1.8,0.3,,2026-05-12 20:34:38
germ-germinadorap-de5832|LOT-20260506-651F-005|r0_c0|rep0,LOT-20260506-651F-005:A1:R0,germ-germinadorap-de5832,LOT-20260506-651F-005,A1,0,0,0,Hierbabuena,,,,,,,2026-05-12 20:49:32,2026-05-06 20:48:22,144.02,7,cg_1778618969682_1,5361,cam1_20260512_144931.jpg,crops/cam1_20260512_144931_r0_c0.jpg,5363,cam1_20260512_144936.jpg,crops/cam1_20260512_144936_r0_c0.jpg,11693,29,,50,0.2,0,0,0,0,0,0.0,0.0,4317.0,106.0,77.4,11.1,1.8,0.3,,2026-05-12 20:49:38
germ-germinadorap-de5832|LOT-20260506-651F-005|r0_c0|rep0,LOT-20260506-651F-005:A1:R0,germ-germinadorap-de5832,LOT-20260506-651F-005,A1,0,0,0,Hierbabuena,,,,,,,2026-05-12 21:04:32,2026-05-06 20:48:22,144.27,7,cg_1778619869688_1,5365,cam1_20260512_150431.jpg,crops/cam1_20260512_150431_r0_c0.jpg,5367,cam1_20260512_150436.jpg,crops/cam1_20260512_150436_r0_c0.jpg,11705,29,,50,0.1,0,0,0,0,0,0.0,0.0,4332.0,106.0,77.4,11.1,1.8,0.3,,2026-05-12 21:04:38
germ-germinadorap-de5832|LOT-20260506-651F-005|r0_c0|rep0,LOT-20260506-651F-005:A1:R0,germ-germinadorap-de5832,LOT-20260506-651F-005,A1,0,0,0,Hierbabuena,,,,,,,2026-05-12 21:19:32,2026-05-06 20:48:22,144.52,7,cg_1778620769704_1,5369,cam1_20260512_151931.jpg,crops/cam1_20260512_151931_r0_c0.jpg,5371,cam1_20260512_151936.jpg,crops/cam1_20260512_151936_r0_c0.jpg,11717,29,,50,0.2,0,0,0,0,0,0.0,0.0,4347.0,106.0,77.4,11.1,1.8,0.3,,2026-05-12 21:19:38
germ-germinadorap-de5832|LOT-20260506-651F-005|r0_c0|rep0,LOT-20260506-651F-005:A1:R0,germ-germinadorap-de5832,LOT-20260506-651F-005,A1,0,0,0,Hierbabuena,,,,,,,2026-05-12 21:34:32,2026-05-06 20:48:22,144.77,7,cg_1778621669705_1,5373,cam1_20260512_153431.jpg,crops/cam1_20260512_153431_r0_c0.jpg,5375,cam1_20260512_153436.jpg,crops/cam1_20260512_153436_r0_c0.jpg,11729,29,,50,0.1,0,0,0,0,0,0.0,0.0,4362.0,106.0,77.4,11.1,1.8,0.3,,2026-05-12 21:34:38
germ-germinadorap-de5832|LOT-20260506-651F-005|r0_c0|rep0,LOT-20260506-651F-005:A1:R0,germ-germinadorap-de5832,LOT-20260506-651F-005,A1,0,0,0,Hierbabuena,,,,,,,2026-05-12 21:49:32,2026-05-06 20:48:22,145.02,7,cg_1778622569712_1,5377,cam1_20260512_154931.jpg,crops/cam1_20260512_154931_r0_c0.jpg,5379,cam1_20260512_154936.jpg,crops/cam1_20260512_154936_r0_c0.jpg,11741,29,,50,0.1,0,0,0,0,0,0.0,0.0,4377.0,106.0,77.4,11.1,1.8,0.3,,2026-05-12 21:49:38
germ-germinadorap-de5832|LOT-20260506-651F-005|r0_c0|rep0,LOT-20260506-651F-005:A1:R0,germ-germinadorap-de5832,LOT-20260506-651F-005,A1,0,0,0,Hierbabuena,,,,,,,2026-05-12 22:04:32,2026-05-06 20:48:22,145.27,7,cg_1778623469722_1,5381,cam1_20260512_160431.jpg,crops/cam1_20260512_160431_r0_c0.jpg,5383,cam1_20260512_160436.jpg,crops/cam1_20260512_160436_r0_c0.jpg,11753,29,,50,0.1,0,0,0,0,0,0.0,0.0,4392.0,106.0,77.4,11.1,1.8,0.3,,2026-05-12 22:04:38
germ-germinadorap-de5832|LOT-20260506-651F-005|r0_c0|rep0,LOT-20260506-651F-005:A1:R0,germ-germinadorap-de5832,LOT-20260506-651F-005,A1,0,0,0,Hierbabuena,,,,,,,2026-05-12 22:19:32,2026-05-06 20:48:22,145.52,7,cg_1778624369732_1,5385,cam1_20260512_161931.jpg,crops/cam1_20260512_161931_r0_c0.jpg,5387,cam1_20260512_161936.jpg,crops/cam1_20260512_161936_r0_c0.jpg,11765,29,,50,0.1,0,0,0,0,0,0.0,0.0,4407.0,106.0,77.4,11.1,1.8,0.3,,2026-05-12 22:19:38
germ-germinadorap-de5832|LOT-20260506-651F-005|r0_c0|rep0,LOT-20260506-651F-005:A1:R0,germ-germinadorap-de5832,LOT-20260506-651F-005,A1,0,0,0,Hierbabuena,,,,,,,2026-05-12 22:34:32,2026-05-06 20:48:22,145.77,7,cg_1778625269746_1,5389,cam1_20260512_163431.jpg,crops/cam1_20260512_163431_r0_c0.jpg,5391,cam1_20260512_163436.jpg,crops/cam1_20260512_163436_r0_c0.jpg,11777,29,,50,0,0,0,0,0,0,0.0,0.0,4422.0,106.0,77.4,11.1,1.8,0.3,,2026-05-12 22:34:38
germ-germinadorap-de5832|LOT-20260506-651F-005|r0_c0|rep0,LOT-20260506-651F-005:A1:R0,germ-germinadorap-de5832,LOT-20260506-651F-005,A1,0,0,0,Hierbabuena,,,,,,,2026-05-12 22:49:33,2026-05-06 20:48:22,146.02,7,cg_1778626169804_1,5393,cam1_20260512_164932.jpg,crops/cam1_20260512_164932_r0_c0.jpg,5395,cam1_20260512_164937.jpg,crops/cam1_20260512_164937_r0_c0.jpg,11789,29,,50,0.1,0,0,0,0,0,0.0,0.0,4437.0,106.0,77.4,11.1,1.8,0.3,,2026-05-12 22:49:39
germ-germinadorap-de5832|LOT-20260506-651F-005|r0_c0|rep0,LOT-20260506-651F-005:A1:R0,germ-germinadorap-de5832,LOT-20260506-651F-005,A1,0,0,0,Hierbabuena,,,,,,,2026-05-12 23:04:32,2026-05-06 20:48:22,146.27,7,cg_1778627069851_1,5397,cam1_20260512_170431.jpg,crops/cam1_20260512_170431_r0_c0.jpg,5399,cam1_20260512_170436.jpg,crops/cam1_20260512_170436_r0_c0.jpg,11801,29,,50,0.1,0,0,0,0,0,0.0,0.0,4452.0,106.0,77.4,11.1,1.8,0.3,,2026-05-12 23:04:38
germ-germinadorap-de5832|LOT-20260506-651F-005|r0_c0|rep0,LOT-20260506-651F-005:A1:R0,germ-germinadorap-de5832,LOT-20260506-651F-005,A1,0,0,0,Hierbabuena,,,,,,,2026-05-12 23:19:32,2026-05-06 20:48:22,146.52,7,cg_1778627969827_1,5401,cam1_20260512_171931.jpg,crops/cam1_20260512_171931_r0_c0.jpg,5403,cam1_20260512_171936.jpg,crops/cam1_20260512_171936_r0_c0.jpg,11813,29,,50,0.1,0,0,0,0,0,0.0,0.0,4467.0,106.0,77.4,11.1,1.8,0.3,,2026-05-12 23:19:38
germ-germinadorap-de5832|LOT-20260506-651F-005|r0_c0|rep0,LOT-20260506-651F-005:A1:R0,germ-germinadorap-de5832,LOT-20260506-651F-005,A1,0,0,0,Hierbabuena,,,,,,,2026-05-12 23:34:32,2026-05-06 20:48:22,146.77,7,cg_1778628869834_1,5405,cam1_20260512_173431.jpg,crops/cam1_20260512_173431_r0_c0.jpg,5407,cam1_20260512_173436.jpg,crops/cam1_20260512_173436_r0_c0.jpg,11825,29,,50,0.1,0,0,0,0,0,0.0,0.0,4481.0,106.0,77.4,11.1,1.8,0.3,,2026-05-12 23:34:38
germ-germinadorap-de5832|LOT-20260506-651F-005|r0_c0|rep0,LOT-20260506-651F-005:A1:R0,germ-germinadorap-de5832,LOT-20260506-651F-005,A1,0,0,0,Hierbabuena,,,,,,,2026-05-12 23:49:32,2026-05-06 20:48:22,147.02,7,cg_1778629769850_1,5409,cam1_20260512_174931.jpg,crops/cam1_20260512_174931_r0_c0.jpg,5411,cam1_20260512_174936.jpg,crops/cam1_20260512_174936_r0_c0.jpg,11837,29,,50,0.1,0,0,0,0,0,0.0,0.0,4496.0,106.0,77.4,11.1,1.8,0.3,,2026-05-12 23:49:38
germ-germinadorap-de5832|LOT-20260506-651F-005|r0_c0|rep0,LOT-20260506-651F-005:A1:R0,germ-germinadorap-de5832,LOT-20260506-651F-005,A1,0,0,0,Hierbabuena,,,,,,,2026-05-13 00:04:32,2026-05-06 20:48:22,147.27,7,cg_1778630669861_1,5413,cam1_20260512_180431.jpg,crops/cam1_20260512_180431_r0_c0.jpg,5415,cam1_20260512_180436.jpg,crops/cam1_20260512_180436_r0_c0.jpg,11849,29,,50,0.1,0,0,0,1,0,15.0,0.0,4511.0,106.0,77.4,11.1,1.8,0.3,,2026-05-13 00:04:38
germ-germinadorap-de5832|LOT-20260506-651F-005|r0_c0|rep0,LOT-20260506-651F-005:A1:R0,germ-germinadorap-de5832,LOT-20260506-651F-005,A1,0,0,0,Hierbabuena,,,,,,,2026-05-13 00:19:32,2026-05-06 20:48:22,147.52,7,cg_1778631569882_1,5417,cam1_20260512_181931.jpg,crops/cam1_20260512_181931_r0_c0.jpg,5419,cam1_20260512_181936.jpg,crops/cam1_20260512_181936_r0_c0.jpg,11861,29,,50,0.1,0,0,0,0,0,0.0,0.0,4526.0,106.0,77.4,11.1,1.8,0.3,,2026-05-13 00:19:38
germ-germinadorap-de5832|LOT-20260506-651F-005|r0_c0|rep0,LOT-20260506-651F-005:A1:R0,germ-germinadorap-de5832,LOT-20260506-651F-005,A1,0,0,0,Hierbabuena,,,,,,,2026-05-13 00:34:32,2026-05-06 20:48:22,147.77,7,cg_1778632469897_1,5421,cam1_20260512_183431.jpg,crops/cam1_20260512_183431_r0_c0.jpg,5423,cam1_20260512_183436.jpg,crops/cam1_20260512_183436_r0_c0.jpg,11873,29,,50,0.1,0,0,0,0,0,0.0,0.0,4541.0,106.0,77.4,11.1,1.8,0.3,,2026-05-13 00:34:38
germ-germinadorap-de5832|LOT-20260506-651F-005|r0_c0|rep0,LOT-20260506-651F-005:A1:R0,germ-germinadorap-de5832,LOT-20260506-651F-005,A1,0,0,0,Hierbabuena,,,,,,,2026-05-13 00:49:32,2026-05-06 20:48:22,148.02,7,cg_1778633369908_1,5425,cam1_20260512_184931.jpg,crops/cam1_20260512_184931_r0_c0.jpg,5427,cam1_20260512_184936.jpg,crops/cam1_20260512_184936_r0_c0.jpg,11885,29,,50,0.1,0,0,0,0,0,0.0,0.0,4556.0,106.0,77.4,11.1,1.8,0.3,,2026-05-13 00:49:38
germ-germinadorap-de5832|LOT-20260506-651F-005|r0_c0|rep0,LOT-20260506-651F-005:A1:R0,germ-germinadorap-de5832,LOT-20260506-651F-005,A1,0,0,0,Hierbabuena,,,,,,,2026-05-13 01:04:32,2026-05-06 20:48:22,148.27,7,cg_1778634269926_1,5429,cam1_20260512_190431.jpg,crops/cam1_20260512_190431_r0_c0.jpg,5431,cam1_20260512_190436.jpg,crops/cam1_20260512_190436_r0_c0.jpg,11897,29,,50,0.1,0,0,0,0,0,0.0,0.0,4571.0,106.0,77.4,11.1,1.8,0.3,,2026-05-13 01:04:38
germ-germinadorap-de5832|LOT-20260506-651F-005|r0_c0|rep0,LOT-20260506-651F-005:A1:R0,germ-germinadorap-de5832,LOT-20260506-651F-005,A1,0,0,0,Hierbabuena,,,,,,,2026-05-13 01:19:32,2026-05-06 20:48:22,148.52,7,cg_1778635169930_1,5433,cam1_20260512_191931.jpg,crops/cam1_20260512_191931_r0_c0.jpg,5435,cam1_20260512_191936.jpg,crops/cam1_20260512_191936_r0_c0.jpg,11909,29,,50,0,0,0,0,0,0,0.0,0.0,4586.0,106.0,77.4,11.1,1.8,0.3,,2026-05-13 01:19:38
germ-germinadorap-de5832|LOT-20260506-651F-005|r0_c0|rep0,LOT-20260506-651F-005:A1:R0,germ-germinadorap-de5832,LOT-20260506-651F-005,A1,0,0,0,Hierbabuena,,,,,,,2026-05-13 01:34:32,2026-05-06 20:48:22,148.77,7,cg_1778636069939_1,5437,cam1_20260512_193431.jpg,crops/cam1_20260512_193431_r0_c0.jpg,5439,cam1_20260512_193436.jpg,crops/cam1_20260512_193436_r0_c0.jpg,11921,29,,50,0,0,0,0,0,0,0.0,0.0,4601.0,106.0,77.4,11.1,1.8,0.3,,2026-05-13 01:34:38
germ-germinadorap-de5832|LOT-20260506-651F-005|r0_c0|rep0,LOT-20260506-651F-005:A1:R0,germ-germinadorap-de5832,LOT-20260506-651F-005,A1,0,0,0,Hierbabuena,,,,,,,2026-05-13 01:49:32,2026-05-06 20:48:22,149.02,7,cg_1778636969944_1,5445,cam1_20260512_194931.jpg,crops/cam1_20260512_194931_r0_c0.jpg,5447,cam1_20260512_194936.jpg,crops/cam1_20260512_194936_r0_c0.jpg,11933,29,,50,0.1,0,0,0,0,0,0.0,0.0,4616.0,106.0,77.6,11.1,1.8,0.3,,2026-05-13 01:49:38
germ-germinadorap-de5832|LOT-20260506-651F-005|r0_c0|rep0,LOT-20260506-651F-005:A1:R0,germ-germinadorap-de5832,LOT-20260506-651F-005,A1,0,0,0,Hierbabuena,,,,,,,2026-05-13 02:04:32,2026-05-06 20:48:22,149.27,7,cg_1778637869992_1,5449,cam1_20260512_200431.jpg,crops/cam1_20260512_200431_r0_c0.jpg,5451,cam1_20260512_200436.jpg,crops/cam1_20260512_200436_r0_c0.jpg,11945,29,,50,0,0,0,0,0,0,0.0,0.0,4626.0,106.0,77.8,11.1,1.8,0.3,,2026-05-13 02:04:38
germ-germinadorap-de5832|LOT-20260506-651F-005|r0_c0|rep0,LOT-20260506-651F-005:A1:R0,germ-germinadorap-de5832,LOT-20260506-651F-005,A1,0,0,0,Hierbabuena,,,,,,,2026-05-13 02:19:32,2026-05-06 20:48:22,149.52,7,cg_1778638769995_1,5453,cam1_20260512_201931.jpg,crops/cam1_20260512_201931_r0_c0.jpg,5455,cam1_20260512_201936.jpg,crops/cam1_20260512_201936_r0_c0.jpg,11957,29,,50,0,0,0,0,0,0,0.0,0.0,4626.0,106.0,78.1,11.2,1.8,0.3,,2026-05-13 02:19:38
germ-germinadorap-de5832|LOT-20260506-651F-005|r0_c0|rep0,LOT-20260506-651F-005:A1:R0,germ-germinadorap-de5832,LOT-20260506-651F-005,A1,0,0,0,Hierbabuena,,,,,,,2026-05-13 02:34:32,2026-05-06 20:48:22,149.77,7,cg_1778639670008_1,5457,cam1_20260512_203431.jpg,crops/cam1_20260512_203431_r0_c0.jpg,5459,cam1_20260512_203436.jpg,crops/cam1_20260512_203436_r0_c0.jpg,11969,29,,50,0,0,0,0,0,0,0.0,0.0,4627.0,106.0,78.3,11.2,1.8,0.3,,2026-05-13 02:34:38
germ-germinadorap-de5832|LOT-20260506-651F-005|r0_c0|rep0,LOT-20260506-651F-005:A1:R0,germ-germinadorap-de5832,LOT-20260506-651F-005,A1,0,0,0,Hierbabuena,,,,,,,2026-05-13 02:49:32,2026-05-06 20:48:22,150.02,7,cg_1778640570018_1,5465,cam1_20260512_204931.jpg,crops/cam1_20260512_204931_r0_c0.jpg,5467,cam1_20260512_204937.jpg,crops/cam1_20260512_204937_r0_c0.jpg,11981,29,,50,0,0,0,0,0,0,0.0,0.0,4627.0,106.0,78.6,11.2,1.8,0.3,,2026-05-13 02:49:38
germ-germinadorap-de5832|LOT-20260506-651F-005|r0_c0|rep0,LOT-20260506-651F-005:A1:R0,germ-germinadorap-de5832,LOT-20260506-651F-005,A1,0,0,0,Hierbabuena,,,,,,,2026-05-13 03:04:32,2026-05-06 20:48:22,150.27,7,cg_1778641470026_1,5469,cam1_20260512_210431.jpg,crops/cam1_20260512_210431_r0_c0.jpg,5471,cam1_20260512_210438.jpg,crops/cam1_20260512_210438_r0_c0.jpg,11993,29,,50,0,0,0,0,0,0,0.0,0.0,4627.0,106.0,78.8,11.3,1.8,0.3,,2026-05-13 03:04:39
germ-germinadorap-de5832|LOT-20260506-651F-005|r0_c0|rep0,LOT-20260506-651F-005:A1:R0,germ-germinadorap-de5832,LOT-20260506-651F-005,A1,0,0,0,Hierbabuena,,,,,,,2026-05-13 03:19:32,2026-05-06 20:48:22,150.52,7,cg_1778642370043_1,5473,cam1_20260512_211931.jpg,crops/cam1_20260512_211931_r0_c0.jpg,5475,cam1_20260512_211937.jpg,crops/cam1_20260512_211937_r0_c0.jpg,12005,29,,50,0,0,0,0,0,0,0.0,0.0,4627.0,106.0,79.1,11.3,1.8,0.3,,2026-05-13 03:19:38
germ-germinadorap-de5832|LOT-20260506-651F-005|r0_c0|rep0,LOT-20260506-651F-005:A1:R0,germ-germinadorap-de5832,LOT-20260506-651F-005,A1,0,0,0,Hierbabuena,,,,,,,2026-05-13 03:34:32,2026-05-06 20:48:22,150.77,7,cg_1778643270056_1,5477,cam1_20260512_213431.jpg,crops/cam1_20260512_213431_r0_c0.jpg,5479,cam1_20260512_213437.jpg,crops/cam1_20260512_213437_r0_c0.jpg,12017,29,,50,0,0,0,0,0,0,0.0,0.0,4627.0,106.0,79.3,11.3,1.8,0.3,,2026-05-13 03:34:38
germ-germinadorap-de5832|LOT-20260506-651F-005|r0_c0|rep0,LOT-20260506-651F-005:A1:R0,germ-germinadorap-de5832,LOT-20260506-651F-005,A1,0,0,0,Hierbabuena,,,,,,,2026-05-13 03:49:32,2026-05-06 20:48:22,151.02,7,cg_1778644170065_1,5481,cam1_20260512_214931.jpg,crops/cam1_20260512_214931_r0_c0.jpg,5483,cam1_20260512_214936.jpg,crops/cam1_20260512_214936_r0_c0.jpg,12029,29,,50,0,0,0,0,0,0,0.0,0.0,4627.0,106.0,79.6,11.4,1.8,0.3,,2026-05-13 03:49:38
germ-germinadorap-de5832|LOT-20260506-651F-005|r0_c0|rep0,LOT-20260506-651F-005:A1:R0,germ-germinadorap-de5832,LOT-20260506-651F-005,A1,0,0,0,Hierbabuena,,,,,,,2026-05-13 04:04:32,2026-05-06 20:48:22,151.27,7,cg_1778645070068_1,5485,cam1_20260512_220431.jpg,crops/cam1_20260512_220431_r0_c0.jpg,5487,cam1_20260512_220436.jpg,crops/cam1_20260512_220436_r0_c0.jpg,12041,29,,50,0,0,0,0,0,0,0.0,0.0,4627.0,106.0,79.8,11.4,1.8,0.3,,2026-05-13 04:04:38
germ-germinadorap-de5832|LOT-20260506-651F-005|r0_c0|rep0,LOT-20260506-651F-005:A1:R0,germ-germinadorap-de5832,LOT-20260506-651F-005,A1,0,0,0,Hierbabuena,,,,,,,2026-05-13 04:19:32,2026-05-06 20:48:22,151.52,7,cg_1778645970082_1,5489,cam1_20260512_221931.jpg,crops/cam1_20260512_221931_r0_c0.jpg,5491,cam1_20260512_221936.jpg,crops/cam1_20260512_221936_r0_c0.jpg,12053,29,,50,0,0,0,0,0,0,0.0,0.0,4627.0,106.0,80.1,11.4,1.8,0.3,,2026-05-13 04:19:38
germ-germinadorap-de5832|LOT-20260506-651F-005|r0_c0|rep0,LOT-20260506-651F-005:A1:R0,germ-germinadorap-de5832,LOT-20260506-651F-005,A1,0,0,0,Hierbabuena,,,,,,,2026-05-13 04:34:32,2026-05-06 20:48:22,151.77,7,cg_1778646870102_1,5493,cam1_20260512_223431.jpg,crops/cam1_20260512_223431_r0_c0.jpg,5495,cam1_20260512_223437.jpg,crops/cam1_20260512_223437_r0_c0.jpg,12065,29,,50,0,0,0,0,0,0,0.0,0.0,4627.0,106.0,80.3,11.5,1.8,0.3,,2026-05-13 04:34:38
germ-germinadorap-de5832|LOT-20260506-651F-005|r0_c0|rep0,LOT-20260506-651F-005:A1:R0,germ-germinadorap-de5832,LOT-20260506-651F-005,A1,0,0,0,Hierbabuena,,,,,,,2026-05-13 04:49:32,2026-05-06 20:48:22,152.02,7,cg_1778647770106_1,5496,cam1_20260512_224931.jpg,crops/cam1_20260512_224931_r0_c0.jpg,5498,cam1_20260512_224934.jpg,crops/cam1_20260512_224934_r0_c0.jpg,12072,29,,50,0,0,0,0,0,0,0.0,0.0,4627.0,106.0,80.6,11.5,1.8,0.3,,2026-05-13 04:49:36
germ-germinadorap-de5832|LOT-20260506-651F-005|r0_c0|rep0,LOT-20260506-651F-005:A1:R0,germ-germinadorap-de5832,LOT-20260506-651F-005,A1,0,0,0,Hierbabuena,,,,,,,2026-05-13 05:04:36,2026-05-06 20:48:22,152.27,7,cg_1778648670113_1,5501,cam1_20260512_230435.jpg,crops/cam1_20260512_230435_r0_c0.jpg,5503,cam1_20260512_230440.jpg,crops/cam1_20260512_230440_r0_c0.jpg,12089,29,,50,0,0,0,0,0,0,0.0,0.0,4627.0,106.0,80.8,11.5,1.8,0.3,,2026-05-13 05:04:41
germ-germinadorap-de5832|LOT-20260506-651F-005|r0_c0|rep0,LOT-20260506-651F-005:A1:R0,germ-germinadorap-de5832,LOT-20260506-651F-005,A1,0,0,0,Hierbabuena,,,,,,,2026-05-13 05:19:32,2026-05-06 20:48:22,152.52,7,cg_1778649570122_1,5505,cam1_20260512_231931.jpg,crops/cam1_20260512_231931_r0_c0.jpg,5507,cam1_20260512_231937.jpg,crops/cam1_20260512_231937_r0_c0.jpg,12101,29,,50,0,0,0,0,0,0,0.0,0.0,4627.0,106.0,81.1,11.6,1.8,0.3,,2026-05-13 05:19:38
germ-germinadorap-de5832|LOT-20260506-651F-005|r0_c0|rep0,LOT-20260506-651F-005:A1:R0,germ-germinadorap-de5832,LOT-20260506-651F-005,A1,0,0,0,Hierbabuena,,,,,,,2026-05-13 05:34:32,2026-05-06 20:48:22,152.77,7,cg_1778650470125_1,5509,cam1_20260512_233431.jpg,crops/cam1_20260512_233431_r0_c0.jpg,5511,cam1_20260512_233437.jpg,crops/cam1_20260512_233437_r0_c0.jpg,12113,29,,50,0,0,0,0,0,0,0.0,0.0,4627.0,106.0,81.3,11.6,1.8,0.3,,2026-05-13 05:34:38
germ-germinadorap-de5832|LOT-20260506-651F-005|r0_c0|rep0,LOT-20260506-651F-005:A1:R0,germ-germinadorap-de5832,LOT-20260506-651F-005,A1,0,0,0,Hierbabuena,,,,,,,2026-05-13 05:49:32,2026-05-06 20:48:22,153.02,7,cg_1778651370133_1,5513,cam1_20260512_234931.jpg,crops/cam1_20260512_234931_r0_c0.jpg,5515,cam1_20260512_234937.jpg,crops/cam1_20260512_234937_r0_c0.jpg,12125,29,,50,0,0,0,0,0,0,0.0,0.0,4627.0,106.0,81.6,11.7,1.8,0.3,,2026-05-13 05:49:38
germ-germinadorap-de5832|LOT-20260506-651F-005|r0_c0|rep0,LOT-20260506-651F-005:A1:R0,germ-germinadorap-de5832,LOT-20260506-651F-005,A1,0,0,0,Hierbabuena,,,,,,,2026-05-13 06:04:32,2026-05-06 20:48:22,153.27,7,cg_1778652270144_1,5517,cam1_20260513_000431.jpg,crops/cam1_20260513_000431_r0_c0.jpg,5519,cam1_20260513_000437.jpg,crops/cam1_20260513_000437_r0_c0.jpg,12137,29,,50,0,0,0,0,0,0,0.0,0.0,4627.0,106.0,81.8,11.7,1.8,0.3,,2026-05-13 06:04:38
germ-germinadorap-de5832|LOT-20260506-651F-005|r0_c0|rep0,LOT-20260506-651F-005:A1:R0,germ-germinadorap-de5832,LOT-20260506-651F-005,A1,0,0,0,Hierbabuena,,,,,,,2026-05-13 06:19:32,2026-05-06 20:48:22,153.52,7,cg_1778653170153_1,5521,cam1_20260513_001931.jpg,crops/cam1_20260513_001931_r0_c0.jpg,5523,cam1_20260513_001937.jpg,crops/cam1_20260513_001937_r0_c0.jpg,12149,29,,50,0,0,0,0,0,0,0.0,0.0,4627.0,106.0,82.1,11.7,1.8,0.3,,2026-05-13 06:19:38
germ-germinadorap-de5832|LOT-20260506-651F-005|r0_c0|rep0,LOT-20260506-651F-005:A1:R0,germ-germinadorap-de5832,LOT-20260506-651F-005,A1,0,0,0,Hierbabuena,,,,,,,2026-05-13 06:34:32,2026-05-06 20:48:22,153.77,7,cg_1778654070159_1,5525,cam1_20260513_003431.jpg,crops/cam1_20260513_003431_r0_c0.jpg,5527,cam1_20260513_003437.jpg,crops/cam1_20260513_003437_r0_c0.jpg,12161,29,,50,0,0,0,0,0,0,0.0,0.0,4627.0,106.0,82.3,11.8,1.8,0.3,,2026-05-13 06:34:38
germ-germinadorap-de5832|LOT-20260506-651F-005|r0_c0|rep0,LOT-20260506-651F-005:A1:R0,germ-germinadorap-de5832,LOT-20260506-651F-005,A1,0,0,0,Hierbabuena,,,,,,,2026-05-13 06:49:32,2026-05-06 20:48:22,154.02,7,cg_1778654970168_1,5529,cam1_20260513_004931.jpg,crops/cam1_20260513_004931_r0_c0.jpg,5531,cam1_20260513_004936.jpg,crops/cam1_20260513_004936_r0_c0.jpg,12173,29,,50,0,0,0,0,0,0,0.0,0.0,4627.0,106.0,82.6,11.8,1.8,0.3,,2026-05-13 06:49:38
germ-germinadorap-de5832|LOT-20260506-651F-005|r0_c0|rep0,LOT-20260506-651F-005:A1:R0,germ-germinadorap-de5832,LOT-20260506-651F-005,A1,0,0,0,Hierbabuena,,,,,,,2026-05-13 07:04:32,2026-05-06 20:48:22,154.27,7,cg_1778655870180_1,5533,cam1_20260513_010431.jpg,crops/cam1_20260513_010431_r0_c0.jpg,5535,cam1_20260513_010436.jpg,crops/cam1_20260513_010436_r0_c0.jpg,12185,29,,50,0,0,0,0,0,0,0.0,0.0,4627.0,106.0,82.8,11.8,1.8,0.3,,2026-05-13 07:04:38
germ-germinadorap-de5832|LOT-20260506-651F-005|r0_c0|rep0,LOT-20260506-651F-005:A1:R0,germ-germinadorap-de5832,LOT-20260506-651F-005,A1,0,0,0,Hierbabuena,,,,,,,2026-05-13 07:19:32,2026-05-06 20:48:22,154.52,7,cg_1778656770207_1,5537,cam1_20260513_011931.jpg,crops/cam1_20260513_011931_r0_c0.jpg,5539,cam1_20260513_011937.jpg,crops/cam1_20260513_011937_r0_c0.jpg,12197,29,,50,0,0,0,0,0,0,0.0,0.0,4627.0,106.0,82.8,11.8,1.8,0.3,,2026-05-13 07:19:38
germ-germinadorap-de5832|LOT-20260506-651F-005|r0_c0|rep0,LOT-20260506-651F-005:A1:R0,germ-germinadorap-de5832,LOT-20260506-651F-005,A1,0,0,0,Hierbabuena,,,,,,,2026-05-13 07:34:32,2026-05-06 20:48:22,154.77,7,cg_1778657670211_1,5541,cam1_20260513_013431.jpg,crops/cam1_20260513_013431_r0_c0.jpg,5543,cam1_20260513_013437.jpg,crops/cam1_20260513_013437_r0_c0.jpg,12209,29,,50,0,0,0,0,0,0,0.0,0.0,4627.0,106.0,82.8,11.8,1.8,0.3,,2026-05-13 07:34:38
germ-germinadorap-de5832|LOT-20260506-651F-005|r0_c0|rep0,LOT-20260506-651F-005:A1:R0,germ-germinadorap-de5832,LOT-20260506-651F-005,A1,0,0,0,Hierbabuena,,,,,,,2026-05-13 07:49:32,2026-05-06 20:48:22,155.02,7,cg_1778658570229_1,5545,cam1_20260513_014931.jpg,crops/cam1_20260513_014931_r0_c0.jpg,5547,cam1_20260513_014937.jpg,crops/cam1_20260513_014937_r0_c0.jpg,12221,29,,50,0,0,0,0,0,0,0.0,0.0,4639.0,106.0,82.8,11.8,1.8,0.3,,2026-05-13 07:49:38
germ-germinadorap-de5832|LOT-20260506-651F-005|r0_c0|rep0,LOT-20260506-651F-005:A1:R0,germ-germinadorap-de5832,LOT-20260506-651F-005,A1,0,0,0,Hierbabuena,,,,,,,2026-05-13 08:04:32,2026-05-06 20:48:22,155.27,7,cg_1778659470235_1,5549,cam1_20260513_020431.jpg,crops/cam1_20260513_020431_r0_c0.jpg,5551,cam1_20260513_020437.jpg,crops/cam1_20260513_020437_r0_c0.jpg,12233,29,,50,0,0,0,0,0,0,0.0,0.0,4654.0,106.0,82.8,11.8,1.8,0.3,,2026-05-13 08:04:38
germ-germinadorap-de5832|LOT-20260506-651F-005|r0_c0|rep0,LOT-20260506-651F-005:A1:R0,germ-germinadorap-de5832,LOT-20260506-651F-005,A1,0,0,0,Hierbabuena,,,,,,,2026-05-13 08:19:32,2026-05-06 20:48:22,155.52,7,cg_1778660370344_1,5553,cam1_20260513_021932.jpg,crops/cam1_20260513_021932_r0_c0.jpg,5555,cam1_20260513_021937.jpg,crops/cam1_20260513_021937_r0_c0.jpg,12245,29,,50,0,0,0,0,0,0,0.0,0.0,4669.0,106.0,82.8,11.8,1.8,0.3,,2026-05-13 08:19:38
germ-germinadorap-de5832|LOT-20260506-651F-005|r0_c0|rep0,LOT-20260506-651F-005:A1:R0,germ-germinadorap-de5832,LOT-20260506-651F-005,A1,0,0,0,Hierbabuena,,,,,,,2026-05-13 08:34:32,2026-05-06 20:48:22,155.77,7,cg_1778661270345_1,5557,cam1_20260513_023431.jpg,crops/cam1_20260513_023431_r0_c0.jpg,5559,cam1_20260513_023437.jpg,crops/cam1_20260513_023437_r0_c0.jpg,12257,29,,50,0.1,0,0,0,0,0,0.0,0.0,4684.0,106.0,82.8,11.8,1.8,0.3,,2026-05-13 08:34:38
germ-germinadorap-de5832|LOT-20260506-651F-005|r0_c0|rep0,LOT-20260506-651F-005:A1:R0,germ-germinadorap-de5832,LOT-20260506-651F-005,A1,0,0,0,Hierbabuena,,,,,,,2026-05-13 08:49:32,2026-05-06 20:48:22,156.02,7,cg_1778662170347_1,5561,cam1_20260513_024932.jpg,crops/cam1_20260513_024932_r0_c0.jpg,5563,cam1_20260513_024937.jpg,crops/cam1_20260513_024937_r0_c0.jpg,12269,29,,50,0,0,0,0,0,0,0.0,0.0,4699.0,106.0,82.8,11.8,1.8,0.3,,2026-05-13 08:49:38
germ-germinadorap-de5832|LOT-20260506-651F-005|r0_c0|rep0,LOT-20260506-651F-005:A1:R0,germ-germinadorap-de5832,LOT-20260506-651F-005,A1,0,0,0,Hierbabuena,,,,,,,2026-05-13 09:04:32,2026-05-06 20:48:22,156.27,7,cg_1778663070350_1,5565,cam1_20260513_030432.jpg,crops/cam1_20260513_030432_r0_c0.jpg,5567,cam1_20260513_030437.jpg,crops/cam1_20260513_030437_r0_c0.jpg,12281,29,,50,0,0,0,0,0,0,0.0,0.0,4714.0,106.0,82.8,11.8,1.8,0.3,,2026-05-13 09:04:39
germ-germinadorap-de5832|LOT-20260506-651F-005|r0_c0|rep0,LOT-20260506-651F-005:A1:R0,germ-germinadorap-de5832,LOT-20260506-651F-005,A1,0,0,0,Hierbabuena,,,,,,,2026-05-13 09:19:33,2026-05-06 20:48:22,156.52,7,cg_1778663970352_1,5569,cam1_20260513_031932.jpg,crops/cam1_20260513_031932_r0_c0.jpg,5571,cam1_20260513_031938.jpg,crops/cam1_20260513_031938_r0_c0.jpg,12293,29,,50,0,0,0,0,0,0,0.0,0.0,4729.0,106.0,82.8,11.8,1.8,0.3,,2026-05-13 09:19:39
germ-germinadorap-de5832|LOT-20260506-651F-005|r0_c0|rep0,LOT-20260506-651F-005:A1:R0,germ-germinadorap-de5832,LOT-20260506-651F-005,A1,0,0,0,Hierbabuena,,,,,,,2026-05-13 09:34:32,2026-05-06 20:48:22,156.77,7,cg_1778664870355_1,5573,cam1_20260513_033432.jpg,crops/cam1_20260513_033432_r0_c0.jpg,5575,cam1_20260513_033437.jpg,crops/cam1_20260513_033437_r0_c0.jpg,12305,29,,50,0,0,0,0,0,0,0.0,0.0,4744.0,106.0,82.8,11.8,1.8,0.3,,2026-05-13 09:34:39
germ-germinadorap-de5832|LOT-20260506-651F-005|r0_c0|rep0,LOT-20260506-651F-005:A1:R0,germ-germinadorap-de5832,LOT-20260506-651F-005,A1,0,0,0,Hierbabuena,,,,,,,2026-05-13 09:49:32,2026-05-06 20:48:22,157.02,7,cg_1778665770356_1,5577,cam1_20260513_034931.jpg,crops/cam1_20260513_034931_r0_c0.jpg,5579,cam1_20260513_034937.jpg,crops/cam1_20260513_034937_r0_c0.jpg,12317,29,,50,0,0,0,0,0,0,0.0,0.0,4759.0,106.0,82.8,11.8,1.8,0.3,,2026-05-13 09:49:38
germ-germinadorap-de5832|LOT-20260506-651F-005|r0_c0|rep0,LOT-20260506-651F-005:A1:R0,germ-germinadorap-de5832,LOT-20260506-651F-005,A1,0,0,0,Hierbabuena,,,,,,,2026-05-13 10:04:32,2026-05-06 20:48:22,157.27,7,cg_1778666670360_1,5581,cam1_20260513_040431.jpg,crops/cam1_20260513_040431_r0_c0.jpg,5583,cam1_20260513_040437.jpg,crops/cam1_20260513_040437_r0_c0.jpg,12329,29,,50,0,0,0,0,0,0,0.0,0.0,4774.0,106.0,82.8,11.8,1.8,0.3,,2026-05-13 10:04:38
germ-germinadorap-de5832|LOT-20260506-651F-005|r0_c0|rep0,LOT-20260506-651F-005:A1:R0,germ-germinadorap-de5832,LOT-20260506-651F-005,A1,0,0,0,Hierbabuena,,,,,,,2026-05-13 10:19:32,2026-05-06 20:48:22,157.52,7,cg_1778667570365_1,5585,cam1_20260513_041932.jpg,crops/cam1_20260513_041932_r0_c0.jpg,5587,cam1_20260513_041937.jpg,crops/cam1_20260513_041937_r0_c0.jpg,12341,29,,50,0,0,0,0,0,0,0.0,0.0,4788.0,106.0,82.8,11.8,1.8,0.3,,2026-05-13 10:19:39
germ-germinadorap-de5832|LOT-20260506-651F-005|r0_c0|rep0,LOT-20260506-651F-005:A1:R0,germ-germinadorap-de5832,LOT-20260506-651F-005,A1,0,0,0,Hierbabuena,,,,,,,2026-05-13 10:34:32,2026-05-06 20:48:22,157.77,7,cg_1778668470369_1,5589,cam1_20260513_043432.jpg,crops/cam1_20260513_043432_r0_c0.jpg,5591,cam1_20260513_043437.jpg,crops/cam1_20260513_043437_r0_c0.jpg,12353,29,,50,0,0,0,0,0,0,0.0,0.0,4803.0,106.0,82.8,11.8,1.8,0.3,,2026-05-13 10:34:38
germ-germinadorap-de5832|LOT-20260506-651F-005|r0_c0|rep0,LOT-20260506-651F-005:A1:R0,germ-germinadorap-de5832,LOT-20260506-651F-005,A1,0,0,0,Hierbabuena,,,,,,,2026-05-13 10:49:32,2026-05-06 20:48:22,158.02,7,cg_1778669370369_1,5593,cam1_20260513_044931.jpg,crops/cam1_20260513_044931_r0_c0.jpg,5595,cam1_20260513_044937.jpg,crops/cam1_20260513_044937_r0_c0.jpg,12365,29,,50,0,0,0,0,0,0,0.0,0.0,4818.0,106.0,82.8,11.8,1.8,0.3,,2026-05-13 10:49:38
germ-germinadorap-de5832|LOT-20260506-651F-005|r0_c0|rep0,LOT-20260506-651F-005:A1:R0,germ-germinadorap-de5832,LOT-20260506-651F-005,A1,0,0,0,Hierbabuena,,,,,,,2026-05-13 11:04:32,2026-05-06 20:48:22,158.27,7,cg_1778670270371_1,5597,cam1_20260513_050432.jpg,crops/cam1_20260513_050432_r0_c0.jpg,5599,cam1_20260513_050437.jpg,crops/cam1_20260513_050437_r0_c0.jpg,12377,29,,50,0,0,0,0,0,0,0.0,0.0,4833.0,106.0,82.8,11.8,1.8,0.3,,2026-05-13 11:04:38
germ-germinadorap-de5832|LOT-20260506-651F-005|r0_c0|rep0,LOT-20260506-651F-005:A1:R0,germ-germinadorap-de5832,LOT-20260506-651F-005,A1,0,0,0,Hierbabuena,,,,,,,2026-05-13 11:19:32,2026-05-06 20:48:22,158.52,7,cg_1778671170375_1,5601,cam1_20260513_051932.jpg,crops/cam1_20260513_051932_r0_c0.jpg,5603,cam1_20260513_051938.jpg,crops/cam1_20260513_051938_r0_c0.jpg,12389,29,,50,0,0,0,0,0,0,0.0,0.0,4848.0,106.0,82.8,11.8,1.8,0.3,,2026-05-13 11:19:39
germ-germinadorap-de5832|LOT-20260506-651F-005|r0_c0|rep0,LOT-20260506-651F-005:A1:R0,germ-germinadorap-de5832,LOT-20260506-651F-005,A1,0,0,0,Hierbabuena,,,,,,,2026-05-13 11:34:32,2026-05-06 20:48:22,158.77,7,cg_1778672070379_1,5605,cam1_20260513_053432.jpg,crops/cam1_20260513_053432_r0_c0.jpg,5607,cam1_20260513_053437.jpg,crops/cam1_20260513_053437_r0_c0.jpg,12401,29,,50,0,0,0,0,0,0,0.0,0.0,4863.0,106.0,82.8,11.8,1.8,0.3,,2026-05-13 11:34:38
germ-germinadorap-de5832|LOT-20260506-651F-005|r1_c0|rep0,LOT-20260506-651F-005:A2:R0,germ-germinadorap-de5832,LOT-20260506-651F-005,A2,1,0,0,Hierbabuena,,,,,,,2026-05-06 20:49:12,2026-05-06 20:48:22,0.01,1,cg_1778100550233_1,3522,cam1_20260506_144911.jpg,crops/cam1_20260506_144911_r1_c0.jpg,3523,cam1_20260506_144914.jpg,crops/cam1_20260506_144914_r1_c0.jpg,6461,27.9,,36,100,0,0,0,0,0,0.0,0.0,0.0,0.0,0.0,0.0,0.0,0.0,,2026-05-06 20:49:14
germ-germinadorap-de5832|LOT-20260506-651F-005|r1_c0|rep0,LOT-20260506-651F-005:A2:R0,germ-germinadorap-de5832,LOT-20260506-651F-005,A2,1,0,0,Hierbabuena,,,,,,,2026-05-06 21:04:48,2026-05-06 20:48:22,0.27,1,cg_1778101486059_1,3532,cam1_20260506_150447.jpg,crops/cam1_20260506_150447_r1_c0.jpg,3533,cam1_20260506_150450.jpg,crops/cam1_20260506_150450_r1_c0.jpg,6467,27.8,,36,100,0,0,0,0,0,0.0,0.0,0.0,0.0,0.3,0.3,0.0,0.0,,2026-05-06 21:04:50
germ-germinadorap-de5832|LOT-20260506-651F-005|r1_c0|rep0,LOT-20260506-651F-005:A2:R0,germ-germinadorap-de5832,LOT-20260506-651F-005,A2,1,0,0,Hierbabuena,,,,,,,2026-05-06 21:19:47,2026-05-06 20:48:22,0.52,1,cg_1778102386063_1,3548,cam1_20260506_151947.jpg,crops/cam1_20260506_151947_r1_c0.jpg,3549,cam1_20260506_151949.jpg,crops/cam1_20260506_151949_r1_c0.jpg,6478,27.7,,36,100,0,0,0,0,0,0.0,0.0,0.0,0.0,0.5,0.5,0.0,0.0,,2026-05-06 21:19:50
germ-germinadorap-de5832|LOT-20260506-651F-005|r1_c0|rep0,LOT-20260506-651F-005:A2:R0,germ-germinadorap-de5832,LOT-20260506-651F-005,A2,1,0,0,Hierbabuena,,,,,,,2026-05-06 21:41:09,2026-05-06 20:48:22,0.88,1,cg_1778103667162_1,3555,cam1_20260506_154108.jpg,crops/cam1_20260506_154108_r1_c0.jpg,3557,cam1_20260506_154113.jpg,crops/cam1_20260506_154113_r1_c0.jpg,6492,27.8,,37,100,0,0,0,0,0,0.0,0.0,0.0,0.0,0.9,0.9,0.0,0.0,,2026-05-06 21:41:13
germ-germinadorap-de5832|LOT-20260506-651F-005|r1_c0|rep0,LOT-20260506-651F-005:A2:R0,germ-germinadorap-de5832,LOT-20260506-651F-005,A2,1,0,0,Hierbabuena,,,,,,,2026-05-06 21:56:10,2026-05-06 20:48:22,1.13,1,cg_1778104567160_1,3559,cam1_20260506_155609.jpg,crops/cam1_20260506_155609_r1_c0.jpg,3561,cam1_20260506_155614.jpg,crops/cam1_20260506_155614_r1_c0.jpg,6504,28.1,,44,100,0,0,0,0,0,0.0,0.0,0.0,0.0,1.1,1.1,0.0,0.0,,2026-05-06 21:56:16
germ-germinadorap-de5832|LOT-20260506-651F-005|r1_c0|rep0,LOT-20260506-651F-005:A2:R0,germ-germinadorap-de5832,LOT-20260506-651F-005,A2,1,0,0,Hierbabuena,,,,,,,2026-05-06 22:11:51,2026-05-06 20:48:22,1.39,1,cg_1778105508308_1,3563,cam1_20260506_161150.jpg,crops/cam1_20260506_161150_r1_c0.jpg,3565,cam1_20260506_161155.jpg,crops/cam1_20260506_161155_r1_c0.jpg,6516,28.1,,41,100,0,0,0,0,0,0.0,0.0,0.0,0.0,1.4,1.4,0.0,0.0,,2026-05-06 22:11:56
germ-germinadorap-de5832|LOT-20260506-651F-005|r1_c0|rep0,LOT-20260506-651F-005:A2:R0,germ-germinadorap-de5832,LOT-20260506-651F-005,A2,1,0,0,Hierbabuena,,,,,,,2026-05-06 22:27:46,2026-05-06 20:48:22,1.66,1,cg_1778106463496_1,3566,cam1_20260506_162745.jpg,crops/cam1_20260506_162745_r1_c0.jpg,3568,cam1_20260506_162748.jpg,crops/cam1_20260506_162748_r1_c0.jpg,6523,27.8,,39,100,0,0,0,0,0,0.0,0.0,0.0,0.0,1.5,1.5,0.0,0.0,,2026-05-06 22:27:50
germ-germinadorap-de5832|LOT-20260506-651F-005|r1_c0|rep0,LOT-20260506-651F-005:A2:R0,germ-germinadorap-de5832,LOT-20260506-651F-005,A2,1,0,0,Hierbabuena,,,,,,,2026-05-06 22:42:46,2026-05-06 20:48:22,1.91,1,cg_1778107363497_1,3571,cam1_20260506_164245.jpg,crops/cam1_20260506_164245_r1_c0.jpg,3573,cam1_20260506_164252.jpg,crops/cam1_20260506_164252_r1_c0.jpg,6540,27.9,,37,100,0,0,0,0,0,0.0,0.0,0.0,0.0,1.5,1.5,0.0,0.0,,2026-05-06 22:42:53
germ-germinadorap-de5832|LOT-20260506-651F-005|r1_c0|rep0,LOT-20260506-651F-005:A2:R0,germ-germinadorap-de5832,LOT-20260506-651F-005,A2,1,0,0,Hierbabuena,,,,,,,2026-05-06 22:58:41,2026-05-06 20:48:22,2.17,1,cg_1778108318714_1,3575,cam1_20260506_165840.jpg,crops/cam1_20260506_165840_r1_c0.jpg,3577,cam1_20260506_165846.jpg,crops/cam1_20260506_165846_r1_c0.jpg,6552,27.7,,35,100,0,0,0,0,0,0.0,0.0,0.0,0.0,1.5,1.5,0.0,0.0,,2026-05-06 22:58:48
germ-germinadorap-de5832|LOT-20260506-651F-005|r1_c0|rep0,LOT-20260506-651F-005:A2:R0,germ-germinadorap-de5832,LOT-20260506-651F-005,A2,1,0,0,Hierbabuena,,,,,,,2026-05-06 23:13:41,2026-05-06 20:48:22,2.42,1,cg_1778109218710_1,3579,cam1_20260506_171340.jpg,crops/cam1_20260506_171340_r1_c0.jpg,3581,cam1_20260506_171346.jpg,crops/cam1_20260506_171346_r1_c0.jpg,6564,27.7,,34,100,0,0,0,0,0,0.0,0.0,0.0,0.0,1.5,1.5,0.0,0.0,,2026-05-06 23:13:48
germ-germinadorap-de5832|LOT-20260506-651F-005|r1_c0|rep0,LOT-20260506-651F-005:A2:R0,germ-germinadorap-de5832,LOT-20260506-651F-005,A2,1,0,0,Hierbabuena,,,,,,,2026-05-06 23:28:40,2026-05-06 20:48:22,2.67,1,cg_1778110118709_1,3583,cam1_20260506_172840.jpg,crops/cam1_20260506_172840_r1_c0.jpg,3585,cam1_20260506_172844.jpg,crops/cam1_20260506_172844_r1_c0.jpg,6576,27.7,,35,100,0,0,0,0,0,0.0,0.0,0.0,0.0,1.5,1.5,0.0,0.0,,2026-05-06 23:28:45
germ-germinadorap-de5832|LOT-20260506-651F-005|r1_c0|rep0,LOT-20260506-651F-005:A2:R0,germ-germinadorap-de5832,LOT-20260506-651F-005,A2,1,0,0,Hierbabuena,,,,,,,2026-05-06 23:43:41,2026-05-06 20:48:22,2.92,1,cg_1778111018709_1,3587,cam1_20260506_174340.jpg,crops/cam1_20260506_174340_r1_c0.jpg,3589,cam1_20260506_174346.jpg,crops/cam1_20260506_174346_r1_c0.jpg,6588,27.7,,36,100,0,0,0,0,0,0.0,0.0,0.0,0.0,1.5,1.5,0.0,0.0,,2026-05-06 23:43:48
germ-germinadorap-de5832|LOT-20260506-651F-005|r1_c0|rep0,LOT-20260506-651F-005:A2:R0,germ-germinadorap-de5832,LOT-20260506-651F-005,A2,1,0,0,Hierbabuena,,,,,,,2026-05-06 23:58:41,2026-05-06 20:48:22,3.17,1,cg_1778111918724_1,3590,cam1_20260506_175840.jpg,crops/cam1_20260506_175840_r1_c0.jpg,3592,cam1_20260506_175844.jpg,crops/cam1_20260506_175844_r1_c0.jpg,6595,27.7,,37,100,0,0,0,0,0,0.0,0.0,0.0,0.0,1.5,1.5,0.0,0.0,,2026-05-06 23:58:45
germ-germinadorap-de5832|LOT-20260506-651F-005|r1_c0|rep0,LOT-20260506-651F-005:A2:R0,germ-germinadorap-de5832,LOT-20260506-651F-005,A2,1,0,0,Hierbabuena,,,,,,,2026-05-07 00:13:41,2026-05-06 20:48:22,3.42,1,cg_1778112818724_1,3595,cam1_20260506_181340.jpg,crops/cam1_20260506_181340_r1_c0.jpg,3597,cam1_20260506_181346.jpg,crops/cam1_20260506_181346_r1_c0.jpg,6612,27.5,,35,91.7,0,0,0,1,0,15.0,0.0,0.0,0.0,1.5,1.5,0.0,0.0,,2026-05-07 00:13:48
germ-germinadorap-de5832|LOT-20260506-651F-005|r1_c0|rep0,LOT-20260506-651F-005:A2:R0,germ-germinadorap-de5832,LOT-20260506-651F-005,A2,1,0,0,Hierbabuena,,,,,,,2026-05-07 01:01:27,2026-05-06 20:48:22,4.22,1,cg_1778115683517_1,3599,cam1_20260506_190126.jpg,crops/cam1_20260506_190126_r1_c0.jpg,3601,cam1_20260506_190132.jpg,crops/cam1_20260506_190132_r1_c0.jpg,6624,27.6,,42,100,0,0,0,0,0,0.0,0.0,0.0,0.0,1.5,1.5,0.0,0.0,,2026-05-07 01:01:33
germ-germinadorap-de5832|LOT-20260506-651F-005|r1_c0|rep0,LOT-20260506-651F-005:A2:R0,germ-germinadorap-de5832,LOT-20260506-651F-005,A2,1,0,0,Hierbabuena,,,,,,,2026-05-07 04:18:20,2026-05-06 20:48:22,7.50,1,cg_1778127498303_1,3603,cam1_20260506_221820.jpg,crops/cam1_20260506_221820_r1_c0.jpg,3605,cam1_20260506_221824.jpg,crops/cam1_20260506_221824_r1_c0.jpg,6636,26.2,,43,100,0,0,0,0,0,0.0,0.0,72.0,0.0,1.5,1.5,0.0,0.0,,2026-05-07 04:18:25
germ-germinadorap-de5832|LOT-20260506-651F-005|r1_c0|rep0,LOT-20260506-651F-005:A2:R0,germ-germinadorap-de5832,LOT-20260506-651F-005,A2,1,0,0,Hierbabuena,,,,,,,2026-05-07 04:33:20,2026-05-06 20:48:22,7.75,1,cg_1778128398307_1,3607,cam1_20260506_223319.jpg,crops/cam1_20260506_223319_r1_c0.jpg,3609,cam1_20260506_223324.jpg,crops/cam1_20260506_223324_r1_c0.jpg,6648,26.3,,42,97.2,0,0,0,0,0,0.0,0.0,72.0,0.0,1.5,1.5,0.0,0.0,,2026-05-07 04:33:25
germ-germinadorap-de5832|LOT-20260506-651F-005|r1_c0|rep0,LOT-20260506-651F-005:A2:R0,germ-germinadorap-de5832,LOT-20260506-651F-005,A2,1,0,0,Hierbabuena,,,,,,,2026-05-07 04:48:20,2026-05-06 20:48:22,8.00,1,cg_1778129298312_1,3611,cam1_20260506_224820.jpg,crops/cam1_20260506_224820_r1_c0.jpg,3613,cam1_20260506_224824.jpg,crops/cam1_20260506_224824_r1_c0.jpg,6660,26.2,,42,100,0,0,0,0,0,0.0,0.0,72.0,0.0,1.5,1.5,0.0,0.0,,2026-05-07 04:48:25
germ-germinadorap-de5832|LOT-20260506-651F-005|r1_c0|rep0,LOT-20260506-651F-005:A2:R0,germ-germinadorap-de5832,LOT-20260506-651F-005,A2,1,0,0,Hierbabuena,,,,,,,2026-05-07 05:03:20,2026-05-06 20:48:22,8.25,1,cg_1778130198314_1,3615,cam1_20260506_230320.jpg,crops/cam1_20260506_230320_r1_c0.jpg,3617,cam1_20260506_230324.jpg,crops/cam1_20260506_230324_r1_c0.jpg,6672,26.2,,43,100,0,0,0,0,0,0.0,0.0,73.0,0.0,1.5,1.5,0.0,0.0,,2026-05-07 05:03:25
germ-germinadorap-de5832|LOT-20260506-651F-005|r1_c0|rep0,LOT-20260506-651F-005:A2:R0,germ-germinadorap-de5832,LOT-20260506-651F-005,A2,1,0,0,Hierbabuena,,,,,,,2026-05-07 05:18:20,2026-05-06 20:48:22,8.50,1,cg_1778131098323_1,3619,cam1_20260506_231820.jpg,crops/cam1_20260506_231820_r1_c0.jpg,3621,cam1_20260506_231824.jpg,crops/cam1_20260506_231824_r1_c0.jpg,6684,26.1,,42,98.1,0,0,0,0,0,0.0,0.0,73.0,0.0,1.5,1.5,0.0,0.0,,2026-05-07 05:18:25
germ-germinadorap-de5832|LOT-20260506-651F-005|r1_c0|rep0,LOT-20260506-651F-005:A2:R0,germ-germinadorap-de5832,LOT-20260506-651F-005,A2,1,0,0,Hierbabuena,,,,,,,2026-05-07 05:33:20,2026-05-06 20:48:22,8.75,1,cg_1778131998326_1,3623,cam1_20260506_233320.jpg,crops/cam1_20260506_233320_r1_c0.jpg,3625,cam1_20260506_233324.jpg,crops/cam1_20260506_233324_r1_c0.jpg,6696,26.2,,46,99.1,0,0,0,0,0,0.0,0.0,73.0,0.0,1.5,1.5,0.0,0.0,,2026-05-07 05:33:25
germ-germinadorap-de5832|LOT-20260506-651F-005|r1_c0|rep0,LOT-20260506-651F-005:A2:R0,germ-germinadorap-de5832,LOT-20260506-651F-005,A2,1,0,0,Hierbabuena,,,,,,,2026-05-07 05:48:20,2026-05-06 20:48:22,9.00,1,cg_1778132898329_1,3627,cam1_20260506_234820.jpg,crops/cam1_20260506_234820_r1_c0.jpg,3629,cam1_20260506_234824.jpg,crops/cam1_20260506_234824_r1_c0.jpg,6708,26.8,,52,100,0,0,0,0,0,0.0,0.0,73.0,0.0,1.5,1.5,0.0,0.0,,2026-05-07 05:48:25
germ-germinadorap-de5832|LOT-20260506-651F-005|r1_c0|rep0,LOT-20260506-651F-005:A2:R0,germ-germinadorap-de5832,LOT-20260506-651F-005,A2,1,0,0,Hierbabuena,,,,,,,2026-05-07 06:03:20,2026-05-06 20:48:22,9.25,1,cg_1778133798332_1,3631,cam1_20260507_000320.jpg,crops/cam1_20260507_000320_r1_c0.jpg,3633,cam1_20260507_000324.jpg,crops/cam1_20260507_000324_r1_c0.jpg,6720,27.2,,51,100,0,0,0,0,0,0.0,0.0,73.0,0.0,1.5,1.5,0.0,0.0,,2026-05-07 06:03:25
germ-germinadorap-de5832|LOT-20260506-651F-005|r1_c0|rep0,LOT-20260506-651F-005:A2:R0,germ-germinadorap-de5832,LOT-20260506-651F-005,A2,1,0,0,Hierbabuena,,,,,,,2026-05-07 06:18:20,2026-05-06 20:48:22,9.50,1,cg_1778134698336_1,3635,cam1_20260507_001820.jpg,crops/cam1_20260507_001820_r1_c0.jpg,3637,cam1_20260507_001824.jpg,crops/cam1_20260507_001824_r1_c0.jpg,6732,27.3,,54,96.3,0,0,0,0,0,0.0,0.0,73.0,0.0,1.5,1.5,0.0,0.0,,2026-05-07 06:18:25
germ-germinadorap-de5832|LOT-20260506-651F-005|r1_c0|rep0,LOT-20260506-651F-005:A2:R0,germ-germinadorap-de5832,LOT-20260506-651F-005,A2,1,0,0,Hierbabuena,,,,,,,2026-05-07 06:33:20,2026-05-06 20:48:22,9.75,1,cg_1778135598339_1,3639,cam1_20260507_003320.jpg,crops/cam1_20260507_003320_r1_c0.jpg,3641,cam1_20260507_003325.jpg,crops/cam1_20260507_003325_r1_c0.jpg,6744,27.2,,53,80.6,0,0,0,0,0,0.0,0.0,73.0,0.0,1.5,1.5,0.0,0.0,,2026-05-07 06:33:26
germ-germinadorap-de5832|LOT-20260506-651F-005|r1_c0|rep0,LOT-20260506-651F-005:A2:R0,germ-germinadorap-de5832,LOT-20260506-651F-005,A2,1,0,0,Hierbabuena,,,,,,,2026-05-07 06:48:20,2026-05-06 20:48:22,10.00,1,cg_1778136498346_1,3643,cam1_20260507_004820.jpg,crops/cam1_20260507_004820_r1_c0.jpg,3645,cam1_20260507_004824.jpg,crops/cam1_20260507_004824_r1_c0.jpg,6756,27.4,,53,58,0,0,0,0,0,0.0,0.0,73.0,0.0,1.5,1.5,0.0,0.0,,2026-05-07 06:48:25
germ-germinadorap-de5832|LOT-20260506-651F-005|r1_c0|rep0,LOT-20260506-651F-005:A2:R0,germ-germinadorap-de5832,LOT-20260506-651F-005,A2,1,0,0,Hierbabuena,,,,,,,2026-05-07 07:03:20,2026-05-06 20:48:22,10.25,1,cg_1778137398349_1,3647,cam1_20260507_010320.jpg,crops/cam1_20260507_010320_r1_c0.jpg,3649,cam1_20260507_010324.jpg,crops/cam1_20260507_010324_r1_c0.jpg,6768,27.5,,52,100,0,0,0,0,0,0.0,0.0,73.0,0.0,1.5,1.5,0.0,0.0,,2026-05-07 07:03:25
germ-germinadorap-de5832|LOT-20260506-651F-005|r1_c0|rep0,LOT-20260506-651F-005:A2:R0,germ-germinadorap-de5832,LOT-20260506-651F-005,A2,1,0,0,Hierbabuena,,,,,,,2026-05-07 07:18:20,2026-05-06 20:48:22,10.50,1,cg_1778138298357_1,3651,cam1_20260507_011820.jpg,crops/cam1_20260507_011820_r1_c0.jpg,3653,cam1_20260507_011825.jpg,crops/cam1_20260507_011825_r1_c0.jpg,6780,27.5,,48,100,0,0,0,0,0,0.0,0.0,73.0,0.0,1.5,1.5,0.0,0.0,,2026-05-07 07:18:26
germ-germinadorap-de5832|LOT-20260506-651F-005|r1_c0|rep0,LOT-20260506-651F-005:A2:R0,germ-germinadorap-de5832,LOT-20260506-651F-005,A2,1,0,0,Hierbabuena,,,,,,,2026-05-07 07:33:20,2026-05-06 20:48:22,10.75,1,cg_1778139198360_1,3655,cam1_20260507_013320.jpg,crops/cam1_20260507_013320_r1_c0.jpg,3657,cam1_20260507_013324.jpg,crops/cam1_20260507_013324_r1_c0.jpg,6792,27.6,,50,89.8,0,0,0,0,0,0.0,0.0,73.0,0.0,1.5,1.5,0.0,0.0,,2026-05-07 07:33:25
germ-germinadorap-de5832|LOT-20260506-651F-005|r1_c0|rep0,LOT-20260506-651F-005:A2:R0,germ-germinadorap-de5832,LOT-20260506-651F-005,A2,1,0,0,Hierbabuena,,,,,,,2026-05-07 07:48:20,2026-05-06 20:48:22,11.00,1,cg_1778140098366_1,3659,cam1_20260507_014820.jpg,crops/cam1_20260507_014820_r1_c0.jpg,3661,cam1_20260507_014824.jpg,crops/cam1_20260507_014824_r1_c0.jpg,6804,27.5,,51,90.7,0,0,0,0,0,0.0,0.0,73.0,0.0,1.5,1.5,0.0,0.0,,2026-05-07 07:48:25
germ-germinadorap-de5832|LOT-20260506-651F-005|r1_c0|rep0,LOT-20260506-651F-005:A2:R0,germ-germinadorap-de5832,LOT-20260506-651F-005,A2,1,0,0,Hierbabuena,,,,,,,2026-05-07 08:03:20,2026-05-06 20:48:22,11.25,1,cg_1778140998368_1,3663,cam1_20260507_020320.jpg,crops/cam1_20260507_020320_r1_c0.jpg,3665,cam1_20260507_020324.jpg,crops/cam1_20260507_020324_r1_c0.jpg,6816,27.7,,52,98.1,0,0,0,0,0,0.0,0.0,73.0,0.0,1.6,1.6,0.0,0.0,,2026-05-07 08:03:25
germ-germinadorap-de5832|LOT-20260506-651F-005|r1_c0|rep0,LOT-20260506-651F-005:A2:R0,germ-germinadorap-de5832,LOT-20260506-651F-005,A2,1,0,0,Hierbabuena,,,,,,,2026-05-07 08:18:20,2026-05-06 20:48:22,11.50,1,cg_1778141898371_1,3667,cam1_20260507_021820.jpg,crops/cam1_20260507_021820_r1_c0.jpg,3669,cam1_20260507_021824.jpg,crops/cam1_20260507_021824_r1_c0.jpg,6828,27.7,,49,84.3,0,0,0,0,0,0.0,0.0,73.0,0.0,1.8,1.8,0.0,0.0,,2026-05-07 08:18:25
germ-germinadorap-de5832|LOT-20260506-651F-005|r1_c0|rep0,LOT-20260506-651F-005:A2:R0,germ-germinadorap-de5832,LOT-20260506-651F-005,A2,1,0,0,Hierbabuena,,,,,,,2026-05-07 08:33:20,2026-05-06 20:48:22,11.75,1,cg_1778142798376_1,3671,cam1_20260507_023320.jpg,crops/cam1_20260507_023320_r1_c0.jpg,3673,cam1_20260507_023324.jpg,crops/cam1_20260507_023324_r1_c0.jpg,6840,27.6,,51,88,0,0,0,0,0,0.0,0.0,73.0,0.0,2.1,2.1,0.0,0.0,,2026-05-07 08:33:25
germ-germinadorap-de5832|LOT-20260506-651F-005|r1_c0|rep0,LOT-20260506-651F-005:A2:R0,germ-germinadorap-de5832,LOT-20260506-651F-005,A2,1,0,0,Hierbabuena,,,,,,,2026-05-07 08:48:20,2026-05-06 20:48:22,12.00,1,cg_1778143698383_1,3675,cam1_20260507_024820.jpg,crops/cam1_20260507_024820_r1_c0.jpg,3677,cam1_20260507_024824.jpg,crops/cam1_20260507_024824_r1_c0.jpg,6852,27.6,,53,90.7,0,0,0,0,0,0.0,0.0,73.0,0.0,2.3,2.3,0.0,0.0,,2026-05-07 08:48:25
germ-germinadorap-de5832|LOT-20260506-651F-005|r1_c0|rep0,LOT-20260506-651F-005:A2:R0,germ-germinadorap-de5832,LOT-20260506-651F-005,A2,1,0,0,Hierbabuena,,,,,,,2026-05-07 09:03:21,2026-05-06 20:48:22,12.25,1,cg_1778144598387_1,3679,cam1_20260507_030321.jpg,crops/cam1_20260507_030321_r1_c0.jpg,3681,cam1_20260507_030324.jpg,crops/cam1_20260507_030324_r1_c0.jpg,6864,27.6,,53,87,0,0,0,0,0,0.0,0.0,73.0,0.0,2.6,2.6,0.0,0.0,,2026-05-07 09:03:25
germ-germinadorap-de5832|LOT-20260506-651F-005|r1_c0|rep0,LOT-20260506-651F-005:A2:R0,germ-germinadorap-de5832,LOT-20260506-651F-005,A2,1,0,0,Hierbabuena,,,,,,,2026-05-07 09:18:20,2026-05-06 20:48:22,12.50,1,cg_1778145498390_1,3683,cam1_20260507_031820.jpg,crops/cam1_20260507_031820_r1_c0.jpg,3685,cam1_20260507_031824.jpg,crops/cam1_20260507_031824_r1_c0.jpg,6876,27.6,,52,83.3,0,0,0,0,0,0.0,0.0,73.0,0.0,2.8,2.8,0.0,0.0,,2026-05-07 09:18:25
germ-germinadorap-de5832|LOT-20260506-651F-005|r1_c0|rep0,LOT-20260506-651F-005:A2:R0,germ-germinadorap-de5832,LOT-20260506-651F-005,A2,1,0,0,Hierbabuena,,,,,,,2026-05-07 09:33:20,2026-05-06 20:48:22,12.75,1,cg_1778146398393_1,3687,cam1_20260507_033320.jpg,crops/cam1_20260507_033320_r1_c0.jpg,3689,cam1_20260507_033324.jpg,crops/cam1_20260507_033324_r1_c0.jpg,6888,27.6,,52,79.6,0,0,0,0,0,0.0,0.0,73.0,0.0,3.1,3.1,0.0,0.0,,2026-05-07 09:33:25
germ-germinadorap-de5832|LOT-20260506-651F-005|r1_c0|rep0,LOT-20260506-651F-005:A2:R0,germ-germinadorap-de5832,LOT-20260506-651F-005,A2,1,0,0,Hierbabuena,,,,,,,2026-05-07 09:48:20,2026-05-06 20:48:22,13.00,1,cg_1778147298398_1,3691,cam1_20260507_034820.jpg,crops/cam1_20260507_034820_r1_c0.jpg,3693,cam1_20260507_034824.jpg,crops/cam1_20260507_034824_r1_c0.jpg,6900,27.6,,52,67.9,0,0,0,0,0,0.0,0.0,73.0,0.0,3.3,3.3,0.0,0.0,,2026-05-07 09:48:25
germ-germinadorap-de5832|LOT-20260506-651F-005|r1_c0|rep0,LOT-20260506-651F-005:A2:R0,germ-germinadorap-de5832,LOT-20260506-651F-005,A2,1,0,0,Hierbabuena,,,,,,,2026-05-07 10:03:20,2026-05-06 20:48:22,13.25,1,cg_1778148198401_1,3695,cam1_20260507_040320.jpg,crops/cam1_20260507_040320_r1_c0.jpg,3697,cam1_20260507_040324.jpg,crops/cam1_20260507_040324_r1_c0.jpg,6912,27.6,,53,79.6,0,0,0,0,0,0.0,0.0,73.0,0.0,3.5,3.5,0.0,0.0,,2026-05-07 10:03:25
germ-germinadorap-de5832|LOT-20260506-651F-005|r1_c0|rep0,LOT-20260506-651F-005:A2:R0,germ-germinadorap-de5832,LOT-20260506-651F-005,A2,1,0,0,Hierbabuena,,,,,,,2026-05-07 10:18:20,2026-05-06 20:48:22,13.50,1,cg_1778149098403_1,3699,cam1_20260507_041820.jpg,crops/cam1_20260507_041820_r1_c0.jpg,3701,cam1_20260507_041824.jpg,crops/cam1_20260507_041824_r1_c0.jpg,6924,27.8,,52,81.5,0,0,0,0,0,0.0,0.0,73.0,0.0,3.8,3.8,0.0,0.0,,2026-05-07 10:18:25
germ-germinadorap-de5832|LOT-20260506-651F-005|r1_c0|rep0,LOT-20260506-651F-005:A2:R0,germ-germinadorap-de5832,LOT-20260506-651F-005,A2,1,0,0,Hierbabuena,,,,,,,2026-05-07 10:33:20,2026-05-06 20:48:22,13.75,1,cg_1778149998409_1,3703,cam1_20260507_043320.jpg,crops/cam1_20260507_043320_r1_c0.jpg,3705,cam1_20260507_043324.jpg,crops/cam1_20260507_043324_r1_c0.jpg,6936,27.5,,52,80.6,0,0,0,0,0,0.0,0.0,74.0,0.0,4.0,4.0,0.0,0.0,,2026-05-07 10:33:25
germ-germinadorap-de5832|LOT-20260506-651F-005|r1_c0|rep0,LOT-20260506-651F-005:A2:R0,germ-germinadorap-de5832,LOT-20260506-651F-005,A2,1,0,0,Hierbabuena,,,,,,,2026-05-07 10:48:20,2026-05-06 20:48:22,14.00,1,cg_1778150898414_1,3707,cam1_20260507_044820.jpg,crops/cam1_20260507_044820_r1_c0.jpg,3709,cam1_20260507_044824.jpg,crops/cam1_20260507_044824_r1_c0.jpg,6948,27.8,,53,76.9,0,0,0,0,0,0.0,0.0,74.0,0.0,4.3,4.3,0.0,0.0,,2026-05-07 10:48:25
germ-germinadorap-de5832|LOT-20260506-651F-005|r1_c0|rep0,LOT-20260506-651F-005:A2:R0,germ-germinadorap-de5832,LOT-20260506-651F-005,A2,1,0,0,Hierbabuena,,,,,,,2026-05-07 11:03:20,2026-05-06 20:48:22,14.25,1,cg_1778151798417_1,3711,cam1_20260507_050320.jpg,crops/cam1_20260507_050320_r1_c0.jpg,3713,cam1_20260507_050324.jpg,crops/cam1_20260507_050324_r1_c0.jpg,6960,27.9,,52,62.5,0,0,0,0,0,0.0,0.0,74.0,0.0,4.5,4.5,0.0,0.0,,2026-05-07 11:03:25
germ-germinadorap-de5832|LOT-20260506-651F-005|r1_c0|rep0,LOT-20260506-651F-005:A2:R0,germ-germinadorap-de5832,LOT-20260506-651F-005,A2,1,0,0,Hierbabuena,,,,,,,2026-05-07 11:18:20,2026-05-06 20:48:22,14.50,1,cg_1778152698418_1,3715,cam1_20260507_051820.jpg,crops/cam1_20260507_051820_r1_c0.jpg,3717,cam1_20260507_051824.jpg,crops/cam1_20260507_051824_r1_c0.jpg,6972,27.6,,52,69.6,0,0,0,0,0,0.0,0.0,74.0,0.0,4.8,4.8,0.0,0.0,,2026-05-07 11:18:25
germ-germinadorap-de5832|LOT-20260506-651F-005|r1_c0|rep0,LOT-20260506-651F-005:A2:R0,germ-germinadorap-de5832,LOT-20260506-651F-005,A2,1,0,0,Hierbabuena,,,,,,,2026-05-07 11:33:21,2026-05-06 20:48:22,14.75,1,cg_1778153598420_1,3719,cam1_20260507_053321.jpg,crops/cam1_20260507_053321_r1_c0.jpg,3721,cam1_20260507_053324.jpg,crops/cam1_20260507_053324_r1_c0.jpg,6984,27.9,,51,72.3,0,0,0,0,0,0.0,0.0,74.0,0.0,5.0,5.0,0.0,0.0,,2026-05-07 11:33:25
germ-germinadorap-de5832|LOT-20260506-651F-005|r1_c0|rep0,LOT-20260506-651F-005:A2:R0,germ-germinadorap-de5832,LOT-20260506-651F-005,A2,1,0,0,Hierbabuena,,,,,,,2026-05-07 11:48:20,2026-05-06 20:48:22,15.00,1,cg_1778154498423_1,3723,cam1_20260507_054820.jpg,crops/cam1_20260507_054820_r1_c0.jpg,3725,cam1_20260507_054824.jpg,crops/cam1_20260507_054824_r1_c0.jpg,6996,27.2,,52,62.5,0,0,0,0,0,0.0,0.0,74.0,0.0,5.3,5.3,0.0,0.0,,2026-05-07 11:48:25
germ-germinadorap-de5832|LOT-20260506-651F-005|r1_c0|rep0,LOT-20260506-651F-005:A2:R0,germ-germinadorap-de5832,LOT-20260506-651F-005,A2,1,0,0,Hierbabuena,,,,,,,2026-05-07 12:03:20,2026-05-06 20:48:22,15.25,1,cg_1778155398427_1,3727,cam1_20260507_060320.jpg,crops/cam1_20260507_060320_r1_c0.jpg,3729,cam1_20260507_060324.jpg,crops/cam1_20260507_060324_r1_c0.jpg,7008,27.2,,53,49.5,0,0,0,0,0,0.0,0.0,74.0,0.0,5.5,5.5,0.0,0.0,,2026-05-07 12:03:25
germ-germinadorap-de5832|LOT-20260506-651F-005|r1_c0|rep0,LOT-20260506-651F-005:A2:R0,germ-germinadorap-de5832,LOT-20260506-651F-005,A2,1,0,0,Hierbabuena,,,,,,,2026-05-07 12:19:20,2026-05-06 20:48:22,15.52,1,cg_1778156358428_1,3731,cam1_20260507_061920.jpg,crops/cam1_20260507_061920_r1_c0.jpg,3733,cam1_20260507_061924.jpg,crops/cam1_20260507_061924_r1_c0.jpg,7020,27.7,,52,54.5,0,0,0,0,0,0.0,0.0,74.0,0.0,5.8,5.8,0.0,0.0,,2026-05-07 12:19:25
germ-germinadorap-de5832|LOT-20260506-651F-005|r1_c0|rep0,LOT-20260506-651F-005:A2:R0,germ-germinadorap-de5832,LOT-20260506-651F-005,A2,1,0,0,Hierbabuena,,,,,,,2026-05-07 12:34:20,2026-05-06 20:48:22,15.77,1,cg_1778157258431_1,3735,cam1_20260507_063420.jpg,crops/cam1_20260507_063420_r1_c0.jpg,3737,cam1_20260507_063424.jpg,crops/cam1_20260507_063424_r1_c0.jpg,7032,27.2,,53,50,0,0,0,0,0,0.0,0.0,74.0,0.0,6.0,6.0,0.0,0.0,,2026-05-07 12:34:25
germ-germinadorap-de5832|LOT-20260506-651F-005|r1_c0|rep0,LOT-20260506-651F-005:A2:R0,germ-germinadorap-de5832,LOT-20260506-651F-005,A2,1,0,0,Hierbabuena,,,,,,,2026-05-07 12:49:20,2026-05-06 20:48:22,16.02,1,cg_1778158158436_1,3739,cam1_20260507_064920.jpg,crops/cam1_20260507_064920_r1_c0.jpg,3741,cam1_20260507_064924.jpg,crops/cam1_20260507_064924_r1_c0.jpg,7044,27.7,,53,53.6,0,0,0,0,0,0.0,0.0,74.0,0.0,6.3,6.3,0.0,0.0,,2026-05-07 12:49:25
germ-germinadorap-de5832|LOT-20260506-651F-005|r1_c0|rep0,LOT-20260506-651F-005:A2:R0,germ-germinadorap-de5832,LOT-20260506-651F-005,A2,1,0,0,Hierbabuena,,,,,,,2026-05-07 13:04:20,2026-05-06 20:48:22,16.27,1,cg_1778159058437_1,3743,cam1_20260507_070420.jpg,crops/cam1_20260507_070420_r1_c0.jpg,3745,cam1_20260507_070424.jpg,crops/cam1_20260507_070424_r1_c0.jpg,7056,27.3,,54,50,0,0,0,0,0,0.0,0.0,74.0,0.0,6.5,6.5,0.0,0.0,,2026-05-07 13:04:25
germ-germinadorap-de5832|LOT-20260506-651F-005|r1_c0|rep0,LOT-20260506-651F-005:A2:R0,germ-germinadorap-de5832,LOT-20260506-651F-005,A2,1,0,0,Hierbabuena,,,,,,,2026-05-07 13:19:20,2026-05-06 20:48:22,16.52,1,cg_1778159958442_1,3747,cam1_20260507_071920.jpg,crops/cam1_20260507_071920_r1_c0.jpg,3749,cam1_20260507_071924.jpg,crops/cam1_20260507_071924_r1_c0.jpg,7068,27.7,,50,49.7,0,0,0,0,0,0.0,0.0,74.0,0.0,6.8,6.8,0.0,0.0,,2026-05-07 13:19:25
germ-germinadorap-de5832|LOT-20260506-651F-005|r1_c0|rep0,LOT-20260506-651F-005:A2:R0,germ-germinadorap-de5832,LOT-20260506-651F-005,A2,1,0,0,Hierbabuena,,,,,,,2026-05-07 13:34:20,2026-05-06 20:48:22,16.77,1,cg_1778160858444_1,3751,cam1_20260507_073420.jpg,crops/cam1_20260507_073420_r1_c0.jpg,3753,cam1_20260507_073424.jpg,crops/cam1_20260507_073424_r1_c0.jpg,7080,27.1,,55,49.5,0,0,0,0,0,0.0,0.0,74.0,0.0,7.0,7.0,0.0,0.0,,2026-05-07 13:34:25
germ-germinadorap-de5832|LOT-20260506-651F-005|r1_c0|rep0,LOT-20260506-651F-005:A2:R0,germ-germinadorap-de5832,LOT-20260506-651F-005,A2,1,0,0,Hierbabuena,,,,,,,2026-05-07 13:49:20,2026-05-06 20:48:22,17.02,1,cg_1778161758446_1,3755,cam1_20260507_074920.jpg,crops/cam1_20260507_074920_r1_c0.jpg,3757,cam1_20260507_074924.jpg,crops/cam1_20260507_074924_r1_c0.jpg,7092,27.6,,53,48.4,0,0,0,0,0,0.0,0.0,74.0,0.0,7.3,7.3,0.0,0.0,,2026-05-07 13:49:25
germ-germinadorap-de5832|LOT-20260506-651F-005|r1_c0|rep0,LOT-20260506-651F-005:A2:R0,germ-germinadorap-de5832,LOT-20260506-651F-005,A2,1,0,0,Hierbabuena,,,,,,,2026-05-07 14:04:20,2026-05-06 20:48:22,17.27,1,cg_1778162658454_1,3759,cam1_20260507_080420.jpg,crops/cam1_20260507_080420_r1_c0.jpg,3761,cam1_20260507_080426.jpg,crops/cam1_20260507_080426_r1_c0.jpg,7104,27.6,,50,47.3,0,0,0,0,0,0.0,0.0,78.0,0.0,7.5,7.5,0.0,0.0,,2026-05-07 14:04:27
germ-germinadorap-de5832|LOT-20260506-651F-005|r1_c0|rep0,LOT-20260506-651F-005:A2:R0,germ-germinadorap-de5832,LOT-20260506-651F-005,A2,1,0,0,Hierbabuena,,,,,,,2026-05-07 14:19:20,2026-05-06 20:48:22,17.52,1,cg_1778163558455_1,3763,cam1_20260507_081920.jpg,crops/cam1_20260507_081920_r1_c0.jpg,3765,cam1_20260507_081924.jpg,crops/cam1_20260507_081924_r1_c0.jpg,7116,28.1,,49,49.6,0,0,0,0,0,0.0,0.0,93.0,0.0,7.8,7.8,0.0,0.0,,2026-05-07 14:19:25
germ-germinadorap-de5832|LOT-20260506-651F-005|r1_c0|rep0,LOT-20260506-651F-005:A2:R0,germ-germinadorap-de5832,LOT-20260506-651F-005,A2,1,0,0,Hierbabuena,,,,,,,2026-05-07 14:34:20,2026-05-06 20:48:22,17.77,1,cg_1778164458459_1,3767,cam1_20260507_083420.jpg,crops/cam1_20260507_083420_r1_c0.jpg,3769,cam1_20260507_083424.jpg,crops/cam1_20260507_083424_r1_c0.jpg,7128,28.3,,49,48.7,0,0,0,0,0,0.0,0.0,108.0,0.0,8.1,8.1,0.0,0.0,,2026-05-07 14:34:25
germ-germinadorap-de5832|LOT-20260506-651F-005|r1_c0|rep0,LOT-20260506-651F-005:A2:R0,germ-germinadorap-de5832,LOT-20260506-651F-005,A2,1,0,0,Hierbabuena,,,,,,,2026-05-07 14:49:21,2026-05-06 20:48:22,18.02,1,cg_1778165358459_1,3771,cam1_20260507_084920.jpg,crops/cam1_20260507_084920_r1_c0.jpg,3773,cam1_20260507_084924.jpg,crops/cam1_20260507_084924_r1_c0.jpg,7140,28.4,,47,48.5,0,0,0,0,0,0.0,0.0,123.0,0.0,8.3,8.3,0.0,0.0,,2026-05-07 14:49:25
germ-germinadorap-de5832|LOT-20260506-651F-005|r1_c0|rep0,LOT-20260506-651F-005:A2:R0,germ-germinadorap-de5832,LOT-20260506-651F-005,A2,1,0,0,Hierbabuena,,,,,,,2026-05-07 15:04:46,2026-05-06 20:48:22,18.27,1,cg_1778166284014_1,3775,cam1_20260507_090446.jpg,crops/cam1_20260507_090446_r1_c0.jpg,3777,cam1_20260507_090452.jpg,crops/cam1_20260507_090452_r1_c0.jpg,7152,28.5,,44,49.5,0,0,0,0,0,0.0,0.0,138.0,0.0,8.6,8.6,0.0,0.0,,2026-05-07 15:04:53
germ-germinadorap-de5832|LOT-20260506-651F-005|r1_c0|rep0,LOT-20260506-651F-005:A2:R0,germ-germinadorap-de5832,LOT-20260506-651F-005,A2,1,0,0,Hierbabuena,,,,,,,2026-05-07 15:19:46,2026-05-06 20:48:22,18.52,1,cg_1778167184015_1,3779,cam1_20260507_091945.jpg,crops/cam1_20260507_091945_r1_c0.jpg,3781,cam1_20260507_091951.jpg,crops/cam1_20260507_091951_r1_c0.jpg,7164,28.7,,44,45.2,0,0,0,0,0,0.0,0.0,153.0,0.0,8.8,8.8,0.0,0.0,,2026-05-07 15:19:52
germ-germinadorap-de5832|LOT-20260506-651F-005|r1_c0|rep0,LOT-20260506-651F-005:A2:R0,germ-germinadorap-de5832,LOT-20260506-651F-005,A2,1,0,0,Hierbabuena,,,,,,,2026-05-07 15:34:46,2026-05-06 20:48:22,18.77,1,cg_1778168084021_1,3783,cam1_20260507_093445.jpg,crops/cam1_20260507_093445_r1_c0.jpg,3785,cam1_20260507_093451.jpg,crops/cam1_20260507_093451_r1_c0.jpg,7176,28.4,,39,44.8,0,0,0,0,0,0.0,0.0,168.0,0.0,9.1,9.1,0.0,0.0,,2026-05-07 15:34:52
germ-germinadorap-de5832|LOT-20260506-651F-005|r1_c0|rep0,LOT-20260506-651F-005:A2:R0,germ-germinadorap-de5832,LOT-20260506-651F-005,A2,1,0,0,Hierbabuena,,,,,,,2026-05-07 15:49:46,2026-05-06 20:48:22,19.02,1,cg_1778168984028_1,3787,cam1_20260507_094945.jpg,crops/cam1_20260507_094945_r1_c0.jpg,3789,cam1_20260507_094951.jpg,crops/cam1_20260507_094951_r1_c0.jpg,7188,28.8,,40,44.9,0,0,0,0,0,0.0,0.0,183.0,0.0,9.3,9.3,0.0,0.0,,2026-05-07 15:49:52
germ-germinadorap-de5832|LOT-20260506-651F-005|r1_c0|rep0,LOT-20260506-651F-005:A2:R0,germ-germinadorap-de5832,LOT-20260506-651F-005,A2,1,0,0,Hierbabuena,,,,,,,2026-05-07 16:04:46,2026-05-06 20:48:22,19.27,1,cg_1778169884032_1,3791,cam1_20260507_100446.jpg,crops/cam1_20260507_100446_r1_c0.jpg,3793,cam1_20260507_100451.jpg,crops/cam1_20260507_100451_r1_c0.jpg,7200,29,,40,46.1,0,0,0,0,0,0.0,0.0,198.0,0.0,9.6,9.6,0.0,0.0,,2026-05-07 16:04:52
germ-germinadorap-de5832|LOT-20260506-651F-005|r1_c0|rep0,LOT-20260506-651F-005:A2:R0,germ-germinadorap-de5832,LOT-20260506-651F-005,A2,1,0,0,Hierbabuena,,,,,,,2026-05-07 16:19:46,2026-05-06 20:48:22,19.52,1,cg_1778170784035_1,3795,cam1_20260507_101945.jpg,crops/cam1_20260507_101945_r1_c0.jpg,3797,cam1_20260507_101951.jpg,crops/cam1_20260507_101951_r1_c0.jpg,7212,28.5,,42,44.5,0,0,0,0,0,0.0,0.0,213.0,0.0,9.8,9.8,0.0,0.0,,2026-05-07 16:19:52
germ-germinadorap-de5832|LOT-20260506-651F-005|r1_c0|rep0,LOT-20260506-651F-005:A2:R0,germ-germinadorap-de5832,LOT-20260506-651F-005,A2,1,0,0,Hierbabuena,,,,,,,2026-05-07 16:34:46,2026-05-06 20:48:22,19.77,1,cg_1778171684041_1,3799,cam1_20260507_103445.jpg,crops/cam1_20260507_103445_r1_c0.jpg,3801,cam1_20260507_103451.jpg,crops/cam1_20260507_103451_r1_c0.jpg,7224,28.9,,39,43.3,0,0,0,0,0,0.0,0.0,227.0,0.0,10.1,10.1,0.0,0.0,,2026-05-07 16:34:52
germ-germinadorap-de5832|LOT-20260506-651F-005|r1_c0|rep0,LOT-20260506-651F-005:A2:R0,germ-germinadorap-de5832,LOT-20260506-651F-005,A2,1,0,0,Hierbabuena,,,,,,,2026-05-07 16:49:46,2026-05-06 20:48:22,20.02,1,cg_1778172584046_1,3803,cam1_20260507_104945.jpg,crops/cam1_20260507_104945_r1_c0.jpg,3805,cam1_20260507_104951.jpg,crops/cam1_20260507_104951_r1_c0.jpg,7236,28.8,,40,43.7,0,0,0,0,0,0.0,0.0,242.0,0.0,10.3,10.3,0.0,0.0,,2026-05-07 16:49:52
germ-germinadorap-de5832|LOT-20260506-651F-005|r1_c0|rep0,LOT-20260506-651F-005:A2:R0,germ-germinadorap-de5832,LOT-20260506-651F-005,A2,1,0,0,Hierbabuena,,,,,,,2026-05-07 17:04:46,2026-05-06 20:48:22,20.27,1,cg_1778173484048_1,3807,cam1_20260507_110445.jpg,crops/cam1_20260507_110445_r1_c0.jpg,3809,cam1_20260507_110451.jpg,crops/cam1_20260507_110451_r1_c0.jpg,7248,29.2,,42,44.6,0,0,0,0,0,0.0,0.0,257.0,0.0,10.5,10.5,0.0,0.0,,2026-05-07 17:04:52
germ-germinadorap-de5832|LOT-20260506-651F-005|r1_c0|rep0,LOT-20260506-651F-005:A2:R0,germ-germinadorap-de5832,LOT-20260506-651F-005,A2,1,0,0,Hierbabuena,,,,,,,2026-05-07 17:21:43,2026-05-06 20:48:22,20.56,1,cg_1778174499958_1,3811,cam1_20260507_112142.jpg,crops/cam1_20260507_112142_r1_c0.jpg,3813,cam1_20260507_112148.jpg,crops/cam1_20260507_112148_r1_c0.jpg,7260,28.9,,42,45.8,0,0,0,0,0,0.0,0.0,274.0,0.0,10.8,10.8,0.0,0.0,,2026-05-07 17:21:49
germ-germinadorap-de5832|LOT-20260506-651F-005|r1_c0|rep0,LOT-20260506-651F-005:A2:R0,germ-germinadorap-de5832,LOT-20260506-651F-005,A2,1,0,0,Hierbabuena,,,,,,,2026-05-07 17:37:04,2026-05-06 20:48:22,20.81,1,cg_1778175422022_1,3815,cam1_20260507_113703.jpg,crops/cam1_20260507_113703_r1_c0.jpg,3817,cam1_20260507_113708.jpg,crops/cam1_20260507_113708_r1_c0.jpg,7272,29.1,,44,47.5,0,0,0,0,0,0.0,0.0,289.0,0.0,11.1,11.1,0.0,0.0,,2026-05-07 17:37:09
germ-germinadorap-de5832|LOT-20260506-651F-005|r1_c0|rep0,LOT-20260506-651F-005:A2:R0,germ-germinadorap-de5832,LOT-20260506-651F-005,A2,1,0,0,Hierbabuena,,,,,,,2026-05-07 17:52:04,2026-05-06 20:48:22,21.06,1,cg_1778176322027_1,3819,cam1_20260507_115203.jpg,crops/cam1_20260507_115203_r1_c0.jpg,3821,cam1_20260507_115208.jpg,crops/cam1_20260507_115208_r1_c0.jpg,7284,29.3,,45,47,0,0,0,0,0,0.0,0.0,304.0,0.0,11.3,11.3,0.0,0.0,,2026-05-07 17:52:09
germ-germinadorap-de5832|LOT-20260506-651F-005|r1_c0|rep0,LOT-20260506-651F-005:A2:R0,germ-germinadorap-de5832,LOT-20260506-651F-005,A2,1,0,0,Hierbabuena,,,,,,,2026-05-07 18:07:24,2026-05-06 20:48:22,21.32,1,cg_1778177241343_1,3823,cam1_20260507_120723.jpg,crops/cam1_20260507_120723_r1_c0.jpg,3825,cam1_20260507_120728.jpg,crops/cam1_20260507_120728_r1_c0.jpg,7296,29.4,,48,46.3,0,0,0,0,0,0.0,0.0,319.0,0.0,11.6,11.6,0.0,0.0,,2026-05-07 18:07:30
germ-germinadorap-de5832|LOT-20260506-651F-005|r1_c0|rep0,LOT-20260506-651F-005:A2:R0,germ-germinadorap-de5832,LOT-20260506-651F-005,A2,1,0,0,Hierbabuena,,,,,,,2026-05-07 18:22:24,2026-05-06 20:48:22,21.57,1,cg_1778178141343_1,3827,cam1_20260507_122223.jpg,crops/cam1_20260507_122223_r1_c0.jpg,3829,cam1_20260507_122228.jpg,crops/cam1_20260507_122228_r1_c0.jpg,7308,29.6,,47,44.7,0,0,0,0,0,0.0,0.0,334.0,0.0,11.8,11.8,0.0,0.0,,2026-05-07 18:22:30
germ-germinadorap-de5832|LOT-20260506-651F-005|r1_c0|rep0,LOT-20260506-651F-005:A2:R0,germ-germinadorap-de5832,LOT-20260506-651F-005,A2,1,0,0,Hierbabuena,,,,,,,2026-05-07 18:37:40,2026-05-06 20:48:22,21.82,1,cg_1778179057867_1,3831,cam1_20260507_123739.jpg,crops/cam1_20260507_123739_r1_c0.jpg,3833,cam1_20260507_123744.jpg,crops/cam1_20260507_123744_r1_c0.jpg,7320,28.7,,37,100,0,0,0,0,0,0.0,0.0,350.0,0.0,12.1,12.1,0.0,0.0,,2026-05-07 18:37:45
germ-germinadorap-de5832|LOT-20260506-651F-005|r1_c0|rep0,LOT-20260506-651F-005:A2:R0,germ-germinadorap-de5832,LOT-20260506-651F-005,A2,1,0,0,Hierbabuena,,,,,,,2026-05-07 18:52:40,2026-05-06 20:48:22,22.07,1,cg_1778179957825_1,3835,cam1_20260507_125239.jpg,crops/cam1_20260507_125239_r1_c0.jpg,3837,cam1_20260507_125243.jpg,crops/cam1_20260507_125243_r1_c0.jpg,7332,28.2,,37,100,0,0,0,0,0,0.0,0.0,364.0,0.0,12.3,12.3,0.0,0.0,,2026-05-07 18:52:44
germ-germinadorap-de5832|LOT-20260506-651F-005|r1_c0|rep0,LOT-20260506-651F-005:A2:R0,germ-germinadorap-de5832,LOT-20260506-651F-005,A2,1,0,0,Hierbabuena,,,,,,,2026-05-07 19:07:40,2026-05-06 20:48:22,22.32,1,cg_1778180857828_1,3839,cam1_20260507_130739.jpg,crops/cam1_20260507_130739_r1_c0.jpg,3841,cam1_20260507_130744.jpg,crops/cam1_20260507_130744_r1_c0.jpg,7344,27.8,,35,100,0,0,0,0,0,0.0,0.0,379.0,0.0,12.6,12.6,0.0,0.0,,2026-05-07 19:07:44
germ-germinadorap-de5832|LOT-20260506-651F-005|r1_c0|rep0,LOT-20260506-651F-005:A2:R0,germ-germinadorap-de5832,LOT-20260506-651F-005,A2,1,0,0,Hierbabuena,,,,,,,2026-05-07 19:22:40,2026-05-06 20:48:22,22.57,1,cg_1778181757829_1,3843,cam1_20260507_132239.jpg,crops/cam1_20260507_132239_r1_c0.jpg,3845,cam1_20260507_132243.jpg,crops/cam1_20260507_132243_r1_c0.jpg,7356,27.8,,36,100,0,0,0,0,0,0.0,0.0,394.0,0.0,12.8,12.8,0.0,0.0,,2026-05-07 19:22:44
germ-germinadorap-de5832|LOT-20260506-651F-005|r1_c0|rep0,LOT-20260506-651F-005:A2:R0,germ-germinadorap-de5832,LOT-20260506-651F-005,A2,1,0,0,Hierbabuena,,,,,,,2026-05-07 19:37:40,2026-05-06 20:48:22,22.82,1,cg_1778182657834_1,3847,cam1_20260507_133739.jpg,crops/cam1_20260507_133739_r1_c0.jpg,3849,cam1_20260507_133744.jpg,crops/cam1_20260507_133744_r1_c0.jpg,7368,27.8,,35,100,0,0,0,0,0,0.0,0.0,409.0,0.0,13.1,13.1,0.0,0.0,,2026-05-07 19:37:44
germ-germinadorap-de5832|LOT-20260506-651F-005|r1_c0|rep0,LOT-20260506-651F-005:A2:R0,germ-germinadorap-de5832,LOT-20260506-651F-005,A2,1,0,0,Hierbabuena,,,,,,,2026-05-07 19:52:40,2026-05-06 20:48:22,23.07,1,cg_1778183557834_1,3851,cam1_20260507_135239.jpg,crops/cam1_20260507_135239_r1_c0.jpg,3853,cam1_20260507_135244.jpg,crops/cam1_20260507_135244_r1_c0.jpg,7380,27.6,,36,100,0,0,0,0,0,0.0,0.0,424.0,0.0,13.3,13.3,0.0,0.0,,2026-05-07 19:52:45
germ-germinadorap-de5832|LOT-20260506-651F-005|r1_c0|rep0,LOT-20260506-651F-005:A2:R0,germ-germinadorap-de5832,LOT-20260506-651F-005,A2,1,0,0,Hierbabuena,,,,,,,2026-05-07 20:07:40,2026-05-06 20:48:22,23.32,1,cg_1778184457835_1,3855,cam1_20260507_140739.jpg,crops/cam1_20260507_140739_r1_c0.jpg,3857,cam1_20260507_140743.jpg,crops/cam1_20260507_140743_r1_c0.jpg,7392,27.8,,36,100,0,0,0,0,0,0.0,0.0,439.0,0.0,13.4,13.4,0.0,0.0,,2026-05-07 20:07:44
germ-germinadorap-de5832|LOT-20260506-651F-005|r1_c0|rep0,LOT-20260506-651F-005:A2:R0,germ-germinadorap-de5832,LOT-20260506-651F-005,A2,1,0,0,Hierbabuena,,,,,,,2026-05-07 20:22:40,2026-05-06 20:48:22,23.57,1,cg_1778185357837_1,3859,cam1_20260507_142239.jpg,crops/cam1_20260507_142239_r1_c0.jpg,3861,cam1_20260507_142243.jpg,crops/cam1_20260507_142243_r1_c0.jpg,7404,27.5,,36,100,0,0,0,0,0,0.0,0.0,454.0,0.0,13.4,13.4,0.0,0.0,,2026-05-07 20:22:45
germ-germinadorap-de5832|LOT-20260506-651F-005|r1_c0|rep0,LOT-20260506-651F-005:A2:R0,germ-germinadorap-de5832,LOT-20260506-651F-005,A2,1,0,0,Hierbabuena,,,,,,,2026-05-07 20:37:39,2026-05-06 20:48:22,23.82,1,cg_1778186257837_1,3863,cam1_20260507_143739.jpg,crops/cam1_20260507_143739_r1_c0.jpg,3865,cam1_20260507_143743.jpg,crops/cam1_20260507_143743_r1_c0.jpg,7416,27.6,,34,100,0,0,0,0,0,0.0,0.0,469.0,0.0,13.4,13.4,0.0,0.0,,2026-05-07 20:37:44
germ-germinadorap-de5832|LOT-20260506-651F-005|r1_c0|rep0,LOT-20260506-651F-005:A2:R0,germ-germinadorap-de5832,LOT-20260506-651F-005,A2,1,0,0,Hierbabuena,,,,,,,2026-05-07 20:52:40,2026-05-06 20:48:22,24.07,2,cg_1778187157838_1,3867,cam1_20260507_145239.jpg,crops/cam1_20260507_145239_r1_c0.jpg,3869,cam1_20260507_145243.jpg,crops/cam1_20260507_145243_r1_c0.jpg,7428,27.3,,35,100,0,0,0,0,0,0.0,0.0,484.0,0.0,13.4,6.7,0.0,0.0,,2026-05-07 20:52:44
germ-germinadorap-de5832|LOT-20260506-651F-005|r1_c0|rep0,LOT-20260506-651F-005:A2:R0,germ-germinadorap-de5832,LOT-20260506-651F-005,A2,1,0,0,Hierbabuena,,,,,,,2026-05-07 21:07:40,2026-05-06 20:48:22,24.32,2,cg_1778188057847_1,3871,cam1_20260507_150739.jpg,crops/cam1_20260507_150739_r1_c0.jpg,3873,cam1_20260507_150743.jpg,crops/cam1_20260507_150743_r1_c0.jpg,7440,27.2,,35,100,0,0,0,0,0,0.0,0.0,499.0,0.0,13.4,6.7,0.0,0.0,,2026-05-07 21:07:44
germ-germinadorap-de5832|LOT-20260506-651F-005|r1_c0|rep0,LOT-20260506-651F-005:A2:R0,germ-germinadorap-de5832,LOT-20260506-651F-005,A2,1,0,0,Hierbabuena,,,,,,,2026-05-07 21:22:40,2026-05-06 20:48:22,24.57,2,cg_1778188957856_1,3875,cam1_20260507_152239.jpg,crops/cam1_20260507_152239_r1_c0.jpg,3877,cam1_20260507_152243.jpg,crops/cam1_20260507_152243_r1_c0.jpg,7452,27.4,,34,100,0,0,0,0,0,0.0,0.0,514.0,0.0,13.4,6.7,0.0,0.0,,2026-05-07 21:22:44
germ-germinadorap-de5832|LOT-20260506-651F-005|r1_c0|rep0,LOT-20260506-651F-005:A2:R0,germ-germinadorap-de5832,LOT-20260506-651F-005,A2,1,0,0,Hierbabuena,,,,,,,2026-05-07 21:37:40,2026-05-06 20:48:22,24.82,2,cg_1778189857868_1,3879,cam1_20260507_153739.jpg,crops/cam1_20260507_153739_r1_c0.jpg,3881,cam1_20260507_153744.jpg,crops/cam1_20260507_153744_r1_c0.jpg,7464,27.5,,36,100,0,0,0,0,0,0.0,0.0,529.0,0.0,13.4,6.7,0.0,0.0,,2026-05-07 21:37:45
germ-germinadorap-de5832|LOT-20260506-651F-005|r1_c0|rep0,LOT-20260506-651F-005:A2:R0,germ-germinadorap-de5832,LOT-20260506-651F-005,A2,1,0,0,Hierbabuena,,,,,,,2026-05-07 21:52:40,2026-05-06 20:48:22,25.07,2,cg_1778190757875_1,3883,cam1_20260507_155239.jpg,crops/cam1_20260507_155239_r1_c0.jpg,3885,cam1_20260507_155243.jpg,crops/cam1_20260507_155243_r1_c0.jpg,7476,27.2,,35,100,0,0,0,0,0,0.0,0.0,544.0,0.0,13.4,6.7,0.0,0.0,,2026-05-07 21:52:44
germ-germinadorap-de5832|LOT-20260506-651F-005|r1_c0|rep0,LOT-20260506-651F-005:A2:R0,germ-germinadorap-de5832,LOT-20260506-651F-005,A2,1,0,0,Hierbabuena,,,,,,,2026-05-07 22:07:40,2026-05-06 20:48:22,25.32,2,cg_1778191657878_1,3887,cam1_20260507_160739.jpg,crops/cam1_20260507_160739_r1_c0.jpg,3889,cam1_20260507_160744.jpg,crops/cam1_20260507_160744_r1_c0.jpg,7488,27.1,,34,100,0,0,0,0,0,0.0,0.0,559.0,0.0,13.4,6.7,0.0,0.0,,2026-05-07 22:07:44
germ-germinadorap-de5832|LOT-20260506-651F-005|r1_c0|rep0,LOT-20260506-651F-005:A2:R0,germ-germinadorap-de5832,LOT-20260506-651F-005,A2,1,0,0,Hierbabuena,,,,,,,2026-05-07 22:22:40,2026-05-06 20:48:22,25.57,2,cg_1778192557882_1,3891,cam1_20260507_162240.jpg,crops/cam1_20260507_162240_r1_c0.jpg,3893,cam1_20260507_162245.jpg,crops/cam1_20260507_162245_r1_c0.jpg,7500,27.2,,34,100,0,0,0,0,0,0.0,0.0,573.0,0.0,13.4,6.7,0.0,0.0,,2026-05-07 22:22:46
germ-germinadorap-de5832|LOT-20260506-651F-005|r1_c0|rep0,LOT-20260506-651F-005:A2:R0,germ-germinadorap-de5832,LOT-20260506-651F-005,A2,1,0,0,Hierbabuena,,,,,,,2026-05-07 22:37:42,2026-05-06 20:48:22,25.82,2,cg_1778193457885_1,3895,cam1_20260507_163741.jpg,crops/cam1_20260507_163741_r1_c0.jpg,3897,cam1_20260507_163746.jpg,crops/cam1_20260507_163746_r1_c0.jpg,7512,27.3,,36,100,0,0,0,0,0,0.0,0.0,588.0,0.0,13.4,6.7,0.0,0.0,,2026-05-07 22:37:47
germ-germinadorap-de5832|LOT-20260506-651F-005|r1_c0|rep0,LOT-20260506-651F-005:A2:R0,germ-germinadorap-de5832,LOT-20260506-651F-005,A2,1,0,0,Hierbabuena,,,,,,,2026-05-07 22:52:40,2026-05-06 20:48:22,26.07,2,cg_1778194357887_1,3899,cam1_20260507_165240.jpg,crops/cam1_20260507_165240_r1_c0.jpg,3901,cam1_20260507_165245.jpg,crops/cam1_20260507_165245_r1_c0.jpg,7524,27.5,,37,48.6,0,0,0,0,0,0.0,0.0,603.0,0.0,13.5,6.7,0.0,0.0,,2026-05-07 22:52:46
germ-germinadorap-de5832|LOT-20260506-651F-005|r1_c0|rep0,LOT-20260506-651F-005:A2:R0,germ-germinadorap-de5832,LOT-20260506-651F-005,A2,1,0,0,Hierbabuena,,,,,,,2026-05-07 23:07:40,2026-05-06 20:48:22,26.32,2,cg_1778195257889_1,3903,cam1_20260507_170740.jpg,crops/cam1_20260507_170740_r1_c0.jpg,3905,cam1_20260507_170747.jpg,crops/cam1_20260507_170747_r1_c0.jpg,7536,27.3,,37,73.2,0,0,0,0,0,0.0,0.0,618.0,0.0,13.5,6.7,0.0,0.0,,2026-05-07 23:07:49
germ-germinadorap-de5832|LOT-20260506-651F-005|r1_c0|rep0,LOT-20260506-651F-005:A2:R0,germ-germinadorap-de5832,LOT-20260506-651F-005,A2,1,0,0,Hierbabuena,,,,,,,2026-05-07 23:22:41,2026-05-06 20:48:22,26.57,2,cg_1778196157887_1,3907,cam1_20260507_172241.jpg,crops/cam1_20260507_172241_r1_c0.jpg,3909,cam1_20260507_172245.jpg,crops/cam1_20260507_172245_r1_c0.jpg,7548,27.4,,35,44.6,0,0,0,0,0,0.0,0.0,633.0,0.0,13.5,6.7,0.0,0.0,,2026-05-07 23:22:46
germ-germinadorap-de5832|LOT-20260506-651F-005|r1_c0|rep0,LOT-20260506-651F-005:A2:R0,germ-germinadorap-de5832,LOT-20260506-651F-005,A2,1,0,0,Hierbabuena,,,,,,,2026-05-07 23:37:40,2026-05-06 20:48:22,26.82,2,cg_1778197057888_1,3911,cam1_20260507_173740.jpg,crops/cam1_20260507_173740_r1_c0.jpg,3913,cam1_20260507_173745.jpg,crops/cam1_20260507_173745_r1_c0.jpg,7560,27.1,,35,70.5,0,0,0,0,0,0.0,0.0,648.0,0.0,13.5,6.7,0.0,0.0,,2026-05-07 23:37:46
germ-germinadorap-de5832|LOT-20260506-651F-005|r1_c0|rep0,LOT-20260506-651F-005:A2:R0,germ-germinadorap-de5832,LOT-20260506-651F-005,A2,1,0,0,Hierbabuena,,,,,,,2026-05-07 23:52:40,2026-05-06 20:48:22,27.07,2,cg_1778197957891_1,3915,cam1_20260507_175240.jpg,crops/cam1_20260507_175240_r1_c0.jpg,3917,cam1_20260507_175245.jpg,crops/cam1_20260507_175245_r1_c0.jpg,7572,27,,37,49.9,0,0,0,0,0,0.0,0.0,663.0,0.0,13.5,6.7,0.0,0.0,,2026-05-07 23:52:47
germ-germinadorap-de5832|LOT-20260506-651F-005|r1_c0|rep0,LOT-20260506-651F-005:A2:R0,germ-germinadorap-de5832,LOT-20260506-651F-005,A2,1,0,0,Hierbabuena,,,,,,,2026-05-08 01:13:31,2026-05-06 20:48:22,28.42,2,cg_1778202809049_1,3919,cam1_20260507_191330.jpg,crops/cam1_20260507_191330_r1_c0.jpg,3921,cam1_20260507_191335.jpg,crops/cam1_20260507_191335_r1_c0.jpg,7584,25.8,,38,58.9,0,0,0,0,0,0.0,0.0,744.0,0.0,13.5,6.7,0.0,0.0,,2026-05-08 01:13:36
germ-germinadorap-de5832|LOT-20260506-651F-005|r1_c0|rep0,LOT-20260506-651F-005:A2:R0,germ-germinadorap-de5832,LOT-20260506-651F-005,A2,1,0,0,Hierbabuena,,,,,,,2026-05-08 01:28:31,2026-05-06 20:48:22,28.67,2,cg_1778203709047_1,3923,cam1_20260507_192830.jpg,crops/cam1_20260507_192830_r1_c0.jpg,3925,cam1_20260507_192835.jpg,crops/cam1_20260507_192835_r1_c0.jpg,7596,27,,42,91.7,0,0,0,0,0,0.0,0.0,759.0,0.0,13.5,6.7,0.0,0.0,,2026-05-08 01:28:36
germ-germinadorap-de5832|LOT-20260506-651F-005|r1_c0|rep0,LOT-20260506-651F-005:A2:R0,germ-germinadorap-de5832,LOT-20260506-651F-005,A2,1,0,0,Hierbabuena,,,,,,,2026-05-08 01:43:31,2026-05-06 20:48:22,28.92,2,cg_1778204609053_1,3927,cam1_20260507_194330.jpg,crops/cam1_20260507_194330_r1_c0.jpg,3929,cam1_20260507_194335.jpg,crops/cam1_20260507_194335_r1_c0.jpg,7608,27.6,,41,97.2,0,0,0,0,0,0.0,0.0,773.0,0.0,13.5,6.7,0.0,0.0,,2026-05-08 01:43:36
germ-germinadorap-de5832|LOT-20260506-651F-005|r1_c0|rep0,LOT-20260506-651F-005:A2:R0,germ-germinadorap-de5832,LOT-20260506-651F-005,A2,1,0,0,Hierbabuena,,,,,,,2026-05-08 01:58:31,2026-05-06 20:48:22,29.17,2,cg_1778205509059_1,3931,cam1_20260507_195830.jpg,crops/cam1_20260507_195830_r1_c0.jpg,3933,cam1_20260507_195835.jpg,crops/cam1_20260507_195835_r1_c0.jpg,7620,28,,41,94.4,0,0,0,0,0,0.0,0.0,788.0,0.0,13.5,6.7,0.0,0.0,,2026-05-08 01:58:36
germ-germinadorap-de5832|LOT-20260506-651F-005|r1_c0|rep0,LOT-20260506-651F-005:A2:R0,germ-germinadorap-de5832,LOT-20260506-651F-005,A2,1,0,0,Hierbabuena,,,,,,,2026-05-08 02:13:31,2026-05-06 20:48:22,29.42,2,cg_1778206409065_1,3935,cam1_20260507_201330.jpg,crops/cam1_20260507_201330_r1_c0.jpg,3937,cam1_20260507_201335.jpg,crops/cam1_20260507_201335_r1_c0.jpg,7632,27.8,,39,91.7,0,0,0,0,0,0.0,0.0,790.0,0.0,13.5,6.7,0.0,0.0,,2026-05-08 02:13:36
germ-germinadorap-de5832|LOT-20260506-651F-005|r1_c0|rep0,LOT-20260506-651F-005:A2:R0,germ-germinadorap-de5832,LOT-20260506-651F-005,A2,1,0,0,Hierbabuena,,,,,,,2026-05-08 02:28:31,2026-05-06 20:48:22,29.67,2,cg_1778207309070_1,3939,cam1_20260507_202830.jpg,crops/cam1_20260507_202830_r1_c0.jpg,3941,cam1_20260507_202835.jpg,crops/cam1_20260507_202835_r1_c0.jpg,7644,27.7,,40,91.7,0,0,0,0,0,0.0,0.0,790.0,0.0,13.5,6.7,0.0,0.0,,2026-05-08 02:28:36
germ-germinadorap-de5832|LOT-20260506-651F-005|r1_c0|rep0,LOT-20260506-651F-005:A2:R0,germ-germinadorap-de5832,LOT-20260506-651F-005,A2,1,0,0,Hierbabuena,,,,,,,2026-05-08 02:43:31,2026-05-06 20:48:22,29.92,2,cg_1778208209075_1,3943,cam1_20260507_204330.jpg,crops/cam1_20260507_204330_r1_c0.jpg,3945,cam1_20260507_204335.jpg,crops/cam1_20260507_204335_r1_c0.jpg,7656,27.8,,43,90.7,0,0,0,0,0,0.0,0.0,790.0,0.0,13.5,6.7,0.0,0.0,,2026-05-08 02:43:36
germ-germinadorap-de5832|LOT-20260506-651F-005|r1_c0|rep0,LOT-20260506-651F-005:A2:R0,germ-germinadorap-de5832,LOT-20260506-651F-005,A2,1,0,0,Hierbabuena,,,,,,,2026-05-08 02:58:31,2026-05-06 20:48:22,30.17,2,cg_1778209109081_1,3947,cam1_20260507_205830.jpg,crops/cam1_20260507_205830_r1_c0.jpg,3949,cam1_20260507_205835.jpg,crops/cam1_20260507_205835_r1_c0.jpg,7668,27.6,,45,85.2,0,0,0,0,0,0.0,0.0,790.0,0.0,13.5,6.7,0.0,0.0,,2026-05-08 02:58:36
germ-germinadorap-de5832|LOT-20260506-651F-005|r1_c0|rep0,LOT-20260506-651F-005:A2:R0,germ-germinadorap-de5832,LOT-20260506-651F-005,A2,1,0,0,Hierbabuena,,,,,,,2026-05-08 03:13:31,2026-05-06 20:48:22,30.42,2,cg_1778210009087_1,3951,cam1_20260507_211330.jpg,crops/cam1_20260507_211330_r1_c0.jpg,3953,cam1_20260507_211335.jpg,crops/cam1_20260507_211335_r1_c0.jpg,7680,27.6,,51,90.7,0,0,0,0,0,0.0,0.0,790.0,0.0,13.5,6.7,0.0,0.0,,2026-05-08 03:13:36
germ-germinadorap-de5832|LOT-20260506-651F-005|r1_c0|rep0,LOT-20260506-651F-005:A2:R0,germ-germinadorap-de5832,LOT-20260506-651F-005,A2,1,0,0,Hierbabuena,,,,,,,2026-05-08 03:28:31,2026-05-06 20:48:22,30.67,2,cg_1778210909089_1,3955,cam1_20260507_212830.jpg,crops/cam1_20260507_212830_r1_c0.jpg,3957,cam1_20260507_212836.jpg,crops/cam1_20260507_212836_r1_c0.jpg,7692,27.5,,42,79.6,0,0,0,0,0,0.0,0.0,790.0,0.0,13.5,6.7,0.0,0.0,,2026-05-08 03:28:37
germ-germinadorap-de5832|LOT-20260506-651F-005|r1_c0|rep0,LOT-20260506-651F-005:A2:R0,germ-germinadorap-de5832,LOT-20260506-651F-005,A2,1,0,0,Hierbabuena,,,,,,,2026-05-08 04:48:45,2026-05-06 20:48:22,32.01,2,cg_1778215723174_1,3958,cam1_20260507_224844.jpg,crops/cam1_20260507_224844_r1_c0.jpg,3960,cam1_20260507_224847.jpg,crops/cam1_20260507_224847_r1_c0.jpg,7699,26.7,,50,68.8,0,0,0,0,0,0.0,0.0,791.0,0.0,13.5,6.7,0.0,0.0,,2026-05-08 04:48:48
germ-germinadorap-de5832|LOT-20260506-651F-005|r1_c0|rep0,LOT-20260506-651F-005:A2:R0,germ-germinadorap-de5832,LOT-20260506-651F-005,A2,1,0,0,Hierbabuena,,,,,,,2026-05-08 05:03:45,2026-05-06 20:48:22,32.26,2,cg_1778216623174_1,3962,cam1_20260507_230344.jpg,crops/cam1_20260507_230344_r1_c0.jpg,3964,cam1_20260507_230347.jpg,crops/cam1_20260507_230347_r1_c0.jpg,7711,27,,56,74.1,0,0,0,0,0,0.0,0.0,791.0,0.0,13.5,6.7,0.0,0.0,,2026-05-08 05:03:48
germ-germinadorap-de5832|LOT-20260506-651F-005|r1_c0|rep0,LOT-20260506-651F-005:A2:R0,germ-germinadorap-de5832,LOT-20260506-651F-005,A2,1,0,0,Hierbabuena,,,,,,,2026-05-08 05:18:45,2026-05-06 20:48:22,32.51,2,cg_1778217523180_1,3967,cam1_20260507_231844.jpg,crops/cam1_20260507_231844_r1_c0.jpg,3969,cam1_20260507_231849.jpg,crops/cam1_20260507_231849_r1_c0.jpg,7728,27.2,,55,69.6,0,0,0,0,0,0.0,0.0,791.0,0.0,13.5,6.8,0.0,0.0,,2026-05-08 05:18:50
germ-germinadorap-de5832|LOT-20260506-651F-005|r1_c0|rep0,LOT-20260506-651F-005:A2:R0,germ-germinadorap-de5832,LOT-20260506-651F-005,A2,1,0,0,Hierbabuena,,,,,,,2026-05-08 05:33:45,2026-05-06 20:48:22,32.76,2,cg_1778218423187_1,3970,cam1_20260507_233344.jpg,crops/cam1_20260507_233344_r1_c0.jpg,3972,cam1_20260507_233347.jpg,crops/cam1_20260507_233347_r1_c0.jpg,7735,27.3,,56,49,0,0,0,0,0,0.0,0.0,792.0,0.0,13.5,6.8,0.0,0.0,,2026-05-08 05:33:48
germ-germinadorap-de5832|LOT-20260506-651F-005|r1_c0|rep0,LOT-20260506-651F-005:A2:R0,germ-germinadorap-de5832,LOT-20260506-651F-005,A2,1,0,0,Hierbabuena,,,,,,,2026-05-08 05:48:45,2026-05-06 20:48:22,33.01,2,cg_1778219323193_1,3975,cam1_20260507_234844.jpg,crops/cam1_20260507_234844_r1_c0.jpg,3977,cam1_20260507_234849.jpg,crops/cam1_20260507_234849_r1_c0.jpg,7752,27.4,,56,70.5,0,0,0,0,0,0.0,0.0,792.0,0.0,13.5,6.8,0.0,0.0,,2026-05-08 05:48:50
germ-germinadorap-de5832|LOT-20260506-651F-005|r1_c0|rep0,LOT-20260506-651F-005:A2:R0,germ-germinadorap-de5832,LOT-20260506-651F-005,A2,1,0,0,Hierbabuena,,,,,,,2026-05-08 06:03:45,2026-05-06 20:48:22,33.26,2,cg_1778220223200_1,3979,cam1_20260508_000344.jpg,crops/cam1_20260508_000344_r1_c0.jpg,3981,cam1_20260508_000349.jpg,crops/cam1_20260508_000349_r1_c0.jpg,7764,27.5,,55,48.9,0,0,0,0,0,0.0,0.0,792.0,0.0,13.5,6.8,0.0,0.0,,2026-05-08 06:03:50
germ-germinadorap-de5832|LOT-20260506-651F-005|r1_c0|rep0,LOT-20260506-651F-005:A2:R0,germ-germinadorap-de5832,LOT-20260506-651F-005,A2,1,0,0,Hierbabuena,,,,,,,2026-05-08 06:18:45,2026-05-06 20:48:22,33.51,2,cg_1778221123204_1,3982,cam1_20260508_001844.jpg,crops/cam1_20260508_001844_r1_c0.jpg,3984,cam1_20260508_001847.jpg,crops/cam1_20260508_001847_r1_c0.jpg,7771,27.6,,56,48.4,0,0,0,0,0,0.0,0.0,792.0,0.0,13.5,6.8,0.0,0.0,,2026-05-08 06:18:48
germ-germinadorap-de5832|LOT-20260506-651F-005|r1_c0|rep0,LOT-20260506-651F-005:A2:R0,germ-germinadorap-de5832,LOT-20260506-651F-005,A2,1,0,0,Hierbabuena,,,,,,,2026-05-08 06:33:45,2026-05-06 20:48:22,33.76,2,cg_1778222023210_1,3987,cam1_20260508_003345.jpg,crops/cam1_20260508_003345_r1_c0.jpg,3989,cam1_20260508_003350.jpg,crops/cam1_20260508_003350_r1_c0.jpg,7788,27.6,,56,59.8,0,0,0,0,0,0.0,0.0,792.0,0.0,13.5,6.8,0.0,0.0,,2026-05-08 06:33:51
germ-germinadorap-de5832|LOT-20260506-651F-005|r1_c0|rep0,LOT-20260506-651F-005:A2:R0,germ-germinadorap-de5832,LOT-20260506-651F-005,A2,1,0,0,Hierbabuena,,,,,,,2026-05-08 06:48:45,2026-05-06 20:48:22,34.01,2,cg_1778222923211_1,3990,cam1_20260508_004844.jpg,crops/cam1_20260508_004844_r1_c0.jpg,3992,cam1_20260508_004847.jpg,crops/cam1_20260508_004847_r1_c0.jpg,7795,27.5,,57,49.4,0,0,0,0,0,0.0,0.0,792.0,0.0,13.5,6.8,0.0,0.0,,2026-05-08 06:48:48
germ-germinadorap-de5832|LOT-20260506-651F-005|r1_c0|rep0,LOT-20260506-651F-005:A2:R0,germ-germinadorap-de5832,LOT-20260506-651F-005,A2,1,0,0,Hierbabuena,,,,,,,2026-05-08 07:03:45,2026-05-06 20:48:22,34.26,2,cg_1778223823213_1,3995,cam1_20260508_010345.jpg,crops/cam1_20260508_010345_r1_c0.jpg,3997,cam1_20260508_010349.jpg,crops/cam1_20260508_010349_r1_c0.jpg,7812,27.6,,52,48.6,0,0,0,0,0,0.0,0.0,792.0,0.0,13.5,6.8,0.0,0.0,,2026-05-08 07:03:50
germ-germinadorap-de5832|LOT-20260506-651F-005|r1_c0|rep0,LOT-20260506-651F-005:A2:R0,germ-germinadorap-de5832,LOT-20260506-651F-005,A2,1,0,0,Hierbabuena,,,,,,,2026-05-08 07:18:45,2026-05-06 20:48:22,34.51,2,cg_1778224723215_1,3998,cam1_20260508_011844.jpg,crops/cam1_20260508_011844_r1_c0.jpg,4000,cam1_20260508_011847.jpg,crops/cam1_20260508_011847_r1_c0.jpg,7819,27.5,,54,56.3,0,0,0,0,0,0.0,0.0,792.0,0.0,13.5,6.8,0.0,0.0,,2026-05-08 07:18:48
germ-germinadorap-de5832|LOT-20260506-651F-005|r1_c0|rep0,LOT-20260506-651F-005:A2:R0,germ-germinadorap-de5832,LOT-20260506-651F-005,A2,1,0,0,Hierbabuena,,,,,,,2026-05-08 07:33:45,2026-05-06 20:48:22,34.76,2,cg_1778225623220_1,4002,cam1_20260508_013344.jpg,crops/cam1_20260508_013344_r1_c0.jpg,4004,cam1_20260508_013347.jpg,crops/cam1_20260508_013347_r1_c0.jpg,7831,27.6,,55,56.3,0,0,0,0,0,0.0,0.0,792.0,0.0,13.5,6.8,0.0,0.0,,2026-05-08 07:33:48
germ-germinadorap-de5832|LOT-20260506-651F-005|r1_c0|rep0,LOT-20260506-651F-005:A2:R0,germ-germinadorap-de5832,LOT-20260506-651F-005,A2,1,0,0,Hierbabuena,,,,,,,2026-05-08 07:48:45,2026-05-06 20:48:22,35.01,2,cg_1778226523222_1,4006,cam1_20260508_014844.jpg,crops/cam1_20260508_014844_r1_c0.jpg,4008,cam1_20260508_014847.jpg,crops/cam1_20260508_014847_r1_c0.jpg,7843,27.5,,56,54.5,0,0,0,0,0,0.0,0.0,792.0,0.0,13.5,6.8,0.0,0.0,,2026-05-08 07:48:48
germ-germinadorap-de5832|LOT-20260506-651F-005|r1_c0|rep0,LOT-20260506-651F-005:A2:R0,germ-germinadorap-de5832,LOT-20260506-651F-005,A2,1,0,0,Hierbabuena,,,,,,,2026-05-08 08:03:45,2026-05-06 20:48:22,35.26,2,cg_1778227423224_1,4011,cam1_20260508_020344.jpg,crops/cam1_20260508_020344_r1_c0.jpg,4013,cam1_20260508_020349.jpg,crops/cam1_20260508_020349_r1_c0.jpg,7860,27.6,,55,48,0,0,0,0,0,0.0,0.0,792.0,0.0,13.6,6.8,0.0,0.0,,2026-05-08 08:03:50
germ-germinadorap-de5832|LOT-20260506-651F-005|r1_c0|rep0,LOT-20260506-651F-005:A2:R0,germ-germinadorap-de5832,LOT-20260506-651F-005,A2,1,0,0,Hierbabuena,,,,,,,2026-05-08 08:18:45,2026-05-06 20:48:22,35.51,2,cg_1778228323228_1,4014,cam1_20260508_021844.jpg,crops/cam1_20260508_021844_r1_c0.jpg,4016,cam1_20260508_021847.jpg,crops/cam1_20260508_021847_r1_c0.jpg,7867,27.5,,53,47.5,0,0,0,0,0,0.0,0.0,792.0,0.0,13.8,6.9,0.0,0.0,,2026-05-08 08:18:48
germ-germinadorap-de5832|LOT-20260506-651F-005|r1_c0|rep0,LOT-20260506-651F-005:A2:R0,germ-germinadorap-de5832,LOT-20260506-651F-005,A2,1,0,0,Hierbabuena,,,,,,,2026-05-08 08:33:45,2026-05-06 20:48:22,35.76,2,cg_1778229223233_1,4019,cam1_20260508_023344.jpg,crops/cam1_20260508_023344_r1_c0.jpg,4021,cam1_20260508_023349.jpg,crops/cam1_20260508_023349_r1_c0.jpg,7884,27.6,,55,47.8,0,0,0,0,0,0.0,0.0,792.0,0.0,14.1,7.0,0.0,0.0,,2026-05-08 08:33:50
germ-germinadorap-de5832|LOT-20260506-651F-005|r1_c0|rep0,LOT-20260506-651F-005:A2:R0,germ-germinadorap-de5832,LOT-20260506-651F-005,A2,1,0,0,Hierbabuena,,,,,,,2026-05-08 08:48:45,2026-05-06 20:48:22,36.01,2,cg_1778230123235_1,4022,cam1_20260508_024844.jpg,crops/cam1_20260508_024844_r1_c0.jpg,4024,cam1_20260508_024847.jpg,crops/cam1_20260508_024847_r1_c0.jpg,7891,27.6,,55,51.8,0,0,0,0,0,0.0,0.0,792.0,0.0,14.3,7.2,0.0,0.0,,2026-05-08 08:48:48
germ-germinadorap-de5832|LOT-20260506-651F-005|r1_c0|rep0,LOT-20260506-651F-005:A2:R0,germ-germinadorap-de5832,LOT-20260506-651F-005,A2,1,0,0,Hierbabuena,,,,,,,2026-05-08 09:03:45,2026-05-06 20:48:22,36.26,2,cg_1778231023242_1,4026,cam1_20260508_030344.jpg,crops/cam1_20260508_030344_r1_c0.jpg,4028,cam1_20260508_030347.jpg,crops/cam1_20260508_030347_r1_c0.jpg,7903,27.6,,54,49.5,0,0,0,0,0,0.0,0.0,792.0,0.0,14.6,7.3,0.0,0.0,,2026-05-08 09:03:48
germ-germinadorap-de5832|LOT-20260506-651F-005|r1_c0|rep0,LOT-20260506-651F-005:A2:R0,germ-germinadorap-de5832,LOT-20260506-651F-005,A2,1,0,0,Hierbabuena,,,,,,,2026-05-08 09:18:45,2026-05-06 20:48:22,36.51,2,cg_1778231923242_1,4031,cam1_20260508_031844.jpg,crops/cam1_20260508_031844_r1_c0.jpg,4033,cam1_20260508_031849.jpg,crops/cam1_20260508_031849_r1_c0.jpg,7920,27.6,,53,49.6,0,0,0,0,0,0.0,0.0,792.0,0.0,14.8,7.4,0.0,0.0,,2026-05-08 09:18:50
germ-germinadorap-de5832|LOT-20260506-651F-005|r1_c0|rep0,LOT-20260506-651F-005:A2:R0,germ-germinadorap-de5832,LOT-20260506-651F-005,A2,1,0,0,Hierbabuena,,,,,,,2026-05-08 09:33:45,2026-05-06 20:48:22,36.76,2,cg_1778232823245_1,4034,cam1_20260508_033344.jpg,crops/cam1_20260508_033344_r1_c0.jpg,4036,cam1_20260508_033347.jpg,crops/cam1_20260508_033347_r1_c0.jpg,7927,27.6,,55,48.4,0,0,0,0,0,0.0,0.0,792.0,0.0,15.1,7.5,0.0,0.0,,2026-05-08 09:33:48
germ-germinadorap-de5832|LOT-20260506-651F-005|r1_c0|rep0,LOT-20260506-651F-005:A2:R0,germ-germinadorap-de5832,LOT-20260506-651F-005,A2,1,0,0,Hierbabuena,,,,,,,2026-05-08 09:48:45,2026-05-06 20:48:22,37.01,2,cg_1778233723250_1,4038,cam1_20260508_034844.jpg,crops/cam1_20260508_034844_r1_c0.jpg,4040,cam1_20260508_034847.jpg,crops/cam1_20260508_034847_r1_c0.jpg,7939,27.6,,54,48.5,0,0,0,0,0,0.0,0.0,792.0,0.0,15.3,7.7,0.0,0.0,,2026-05-08 09:48:48
germ-germinadorap-de5832|LOT-20260506-651F-005|r1_c0|rep0,LOT-20260506-651F-005:A2:R0,germ-germinadorap-de5832,LOT-20260506-651F-005,A2,1,0,0,Hierbabuena,,,,,,,2026-05-08 10:03:45,2026-05-06 20:48:22,37.26,2,cg_1778234623252_1,4043,cam1_20260508_040344.jpg,crops/cam1_20260508_040344_r1_c0.jpg,4045,cam1_20260508_040349.jpg,crops/cam1_20260508_040349_r1_c0.jpg,7956,27.5,,53,49.1,0,0,0,0,0,0.0,0.0,792.0,0.0,15.6,7.8,0.0,0.0,,2026-05-08 10:03:50
germ-germinadorap-de5832|LOT-20260506-651F-005|r1_c0|rep0,LOT-20260506-651F-005:A2:R0,germ-germinadorap-de5832,LOT-20260506-651F-005,A2,1,0,0,Hierbabuena,,,,,,,2026-05-08 10:18:45,2026-05-06 20:48:22,37.51,2,cg_1778235523253_1,4046,cam1_20260508_041844.jpg,crops/cam1_20260508_041844_r1_c0.jpg,4048,cam1_20260508_041847.jpg,crops/cam1_20260508_041847_r1_c0.jpg,7963,27.6,,54,48.2,0,0,0,0,0,0.0,0.0,792.0,0.0,15.8,7.9,0.0,0.0,,2026-05-08 10:18:48
germ-germinadorap-de5832|LOT-20260506-651F-005|r1_c0|rep0,LOT-20260506-651F-005:A2:R0,germ-germinadorap-de5832,LOT-20260506-651F-005,A2,1,0,0,Hierbabuena,,,,,,,2026-05-08 10:33:45,2026-05-06 20:48:22,37.76,2,cg_1778236423295_1,4050,cam1_20260508_043344.jpg,crops/cam1_20260508_043344_r1_c0.jpg,4052,cam1_20260508_043347.jpg,crops/cam1_20260508_043347_r1_c0.jpg,7975,27.5,,55,48.1,0,0,0,0,0,0.0,0.0,792.0,0.0,16.1,8.0,0.0,0.0,,2026-05-08 10:33:48
germ-germinadorap-de5832|LOT-20260506-651F-005|r1_c0|rep0,LOT-20260506-651F-005:A2:R0,germ-germinadorap-de5832,LOT-20260506-651F-005,A2,1,0,0,Hierbabuena,,,,,,,2026-05-08 10:48:45,2026-05-06 20:48:22,38.01,2,cg_1778237323256_1,4054,cam1_20260508_044844.jpg,crops/cam1_20260508_044844_r1_c0.jpg,4056,cam1_20260508_044847.jpg,crops/cam1_20260508_044847_r1_c0.jpg,7987,27.6,,54,47.5,0,0,0,0,0,0.0,0.0,792.0,0.0,16.3,8.2,0.0,0.0,,2026-05-08 10:48:48
germ-germinadorap-de5832|LOT-20260506-651F-005|r1_c0|rep0,LOT-20260506-651F-005:A2:R0,germ-germinadorap-de5832,LOT-20260506-651F-005,A2,1,0,0,Hierbabuena,,,,,,,2026-05-08 11:03:45,2026-05-06 20:48:22,38.26,2,cg_1778238223261_1,4058,cam1_20260508_050344.jpg,crops/cam1_20260508_050344_r1_c0.jpg,4060,cam1_20260508_050347.jpg,crops/cam1_20260508_050347_r1_c0.jpg,7999,27.5,,54,47.8,0,0,0,0,0,0.0,0.0,792.0,0.0,16.5,8.3,0.0,0.0,,2026-05-08 11:03:48
germ-germinadorap-de5832|LOT-20260506-651F-005|r1_c0|rep0,LOT-20260506-651F-005:A2:R0,germ-germinadorap-de5832,LOT-20260506-651F-005,A2,1,0,0,Hierbabuena,,,,,,,2026-05-08 11:18:45,2026-05-06 20:48:22,38.51,2,cg_1778239123262_1,4062,cam1_20260508_051844.jpg,crops/cam1_20260508_051844_r1_c0.jpg,4064,cam1_20260508_051847.jpg,crops/cam1_20260508_051847_r1_c0.jpg,8011,27.5,,53,47.9,0,0,0,0,0,0.0,0.0,793.0,0.0,16.8,8.4,0.0,0.0,,2026-05-08 11:18:48
germ-germinadorap-de5832|LOT-20260506-651F-005|r1_c0|rep0,LOT-20260506-651F-005:A2:R0,germ-germinadorap-de5832,LOT-20260506-651F-005,A2,1,0,0,Hierbabuena,,,,,,,2026-05-08 11:33:45,2026-05-06 20:48:22,38.76,2,cg_1778240023263_1,4066,cam1_20260508_053344.jpg,crops/cam1_20260508_053344_r1_c0.jpg,4068,cam1_20260508_053347.jpg,crops/cam1_20260508_053347_r1_c0.jpg,8023,27.5,,53,47.7,0,0,0,0,0,0.0,0.0,793.0,0.0,17.0,8.5,0.0,0.0,,2026-05-08 11:33:48
germ-germinadorap-de5832|LOT-20260506-651F-005|r1_c0|rep0,LOT-20260506-651F-005:A2:R0,germ-germinadorap-de5832,LOT-20260506-651F-005,A2,1,0,0,Hierbabuena,,,,,,,2026-05-08 11:48:45,2026-05-06 20:48:22,39.01,2,cg_1778240923264_1,4071,cam1_20260508_054844.jpg,crops/cam1_20260508_054844_r1_c0.jpg,4073,cam1_20260508_054849.jpg,crops/cam1_20260508_054849_r1_c0.jpg,8040,27.5,,54,47.9,0,0,0,0,0,0.0,0.0,793.0,0.0,17.3,8.6,0.0,0.0,,2026-05-08 11:48:50
germ-germinadorap-de5832|LOT-20260506-651F-005|r1_c0|rep0,LOT-20260506-651F-005:A2:R0,germ-germinadorap-de5832,LOT-20260506-651F-005,A2,1,0,0,Hierbabuena,,,,,,,2026-05-08 12:03:45,2026-05-06 20:48:22,39.26,2,cg_1778241823265_1,4075,cam1_20260508_060344.jpg,crops/cam1_20260508_060344_r1_c0.jpg,4077,cam1_20260508_060349.jpg,crops/cam1_20260508_060349_r1_c0.jpg,8052,27.5,,55,47.5,0,0,0,0,0,0.0,0.0,793.0,0.0,17.5,8.8,0.0,0.0,,2026-05-08 12:03:50
germ-germinadorap-de5832|LOT-20260506-651F-005|r1_c0|rep0,LOT-20260506-651F-005:A2:R0,germ-germinadorap-de5832,LOT-20260506-651F-005,A2,1,0,0,Hierbabuena,,,,,,,2026-05-08 12:18:45,2026-05-06 20:48:22,39.51,2,cg_1778242723270_1,4079,cam1_20260508_061844.jpg,crops/cam1_20260508_061844_r1_c0.jpg,4081,cam1_20260508_061849.jpg,crops/cam1_20260508_061849_r1_c0.jpg,8064,27.5,,54,47.5,0,0,0,0,0,0.0,0.0,793.0,0.0,17.8,8.9,0.0,0.0,,2026-05-08 12:18:50
germ-germinadorap-de5832|LOT-20260506-651F-005|r1_c0|rep0,LOT-20260506-651F-005:A2:R0,germ-germinadorap-de5832,LOT-20260506-651F-005,A2,1,0,0,Hierbabuena,,,,,,,2026-05-08 12:33:45,2026-05-06 20:48:22,39.76,2,cg_1778243623278_1,4082,cam1_20260508_063344.jpg,crops/cam1_20260508_063344_r1_c0.jpg,4084,cam1_20260508_063347.jpg,crops/cam1_20260508_063347_r1_c0.jpg,8071,27.5,,52,47.2,0,0,0,0,0,0.0,0.0,793.0,0.0,18.0,9.0,0.0,0.0,,2026-05-08 12:33:48
germ-germinadorap-de5832|LOT-20260506-651F-005|r1_c0|rep0,LOT-20260506-651F-005:A2:R0,germ-germinadorap-de5832,LOT-20260506-651F-005,A2,1,0,0,Hierbabuena,,,,,,,2026-05-08 12:48:45,2026-05-06 20:48:22,40.01,2,cg_1778244523288_1,4086,cam1_20260508_064844.jpg,crops/cam1_20260508_064844_r1_c0.jpg,4088,cam1_20260508_064847.jpg,crops/cam1_20260508_064847_r1_c0.jpg,8083,27.5,,50,46.7,0,0,0,0,0,0.0,0.0,793.0,0.0,18.3,9.1,0.0,0.0,,2026-05-08 12:48:48
germ-germinadorap-de5832|LOT-20260506-651F-005|r1_c0|rep0,LOT-20260506-651F-005:A2:R0,germ-germinadorap-de5832,LOT-20260506-651F-005,A2,1,0,0,Hierbabuena,,,,,,,2026-05-08 13:03:45,2026-05-06 20:48:22,40.26,2,cg_1778245423296_1,4091,cam1_20260508_070344.jpg,crops/cam1_20260508_070344_r1_c0.jpg,4093,cam1_20260508_070349.jpg,crops/cam1_20260508_070349_r1_c0.jpg,8100,27.3,,51,47,0,0,0,0,0,0.0,0.0,793.0,0.0,18.5,9.3,0.0,0.0,,2026-05-08 13:03:50
germ-germinadorap-de5832|LOT-20260506-651F-005|r1_c0|rep0,LOT-20260506-651F-005:A2:R0,germ-germinadorap-de5832,LOT-20260506-651F-005,A2,1,0,0,Hierbabuena,,,,,,,2026-05-08 13:18:45,2026-05-06 20:48:22,40.51,2,cg_1778246323305_1,4095,cam1_20260508_071844.jpg,crops/cam1_20260508_071844_r1_c0.jpg,4097,cam1_20260508_071849.jpg,crops/cam1_20260508_071849_r1_c0.jpg,8112,27.2,,51,46.5,0,0,0,0,0,0.0,0.0,793.0,0.0,18.8,9.4,0.0,0.0,,2026-05-08 13:18:50
germ-germinadorap-de5832|LOT-20260506-651F-005|r1_c0|rep0,LOT-20260506-651F-005:A2:R0,germ-germinadorap-de5832,LOT-20260506-651F-005,A2,1,0,0,Hierbabuena,,,,,,,2026-05-08 13:33:45,2026-05-06 20:48:22,40.76,2,cg_1778247223311_1,4099,cam1_20260508_073344.jpg,crops/cam1_20260508_073344_r1_c0.jpg,4101,cam1_20260508_073349.jpg,crops/cam1_20260508_073349_r1_c0.jpg,8124,27.2,,51,46.4,0,0,0,0,0,0.0,0.0,793.0,0.0,19.0,9.5,0.0,0.0,,2026-05-08 13:33:50
germ-germinadorap-de5832|LOT-20260506-651F-005|r1_c0|rep0,LOT-20260506-651F-005:A2:R0,germ-germinadorap-de5832,LOT-20260506-651F-005,A2,1,0,0,Hierbabuena,,,,,,,2026-05-08 13:48:45,2026-05-06 20:48:22,41.01,2,cg_1778248123314_1,4102,cam1_20260508_074844.jpg,crops/cam1_20260508_074844_r1_c0.jpg,4104,cam1_20260508_074847.jpg,crops/cam1_20260508_074847_r1_c0.jpg,8131,27.2,,53,45.7,0,0,0,0,0,0.0,0.0,793.0,0.0,19.3,9.6,0.0,0.0,,2026-05-08 13:48:48
germ-germinadorap-de5832|LOT-20260506-651F-005|r1_c0|rep0,LOT-20260506-651F-005:A2:R0,germ-germinadorap-de5832,LOT-20260506-651F-005,A2,1,0,0,Hierbabuena,,,,,,,2026-05-08 14:03:45,2026-05-06 20:48:22,41.26,2,cg_1778249023327_1,4107,cam1_20260508_080344.jpg,crops/cam1_20260508_080344_r1_c0.jpg,4109,cam1_20260508_080349.jpg,crops/cam1_20260508_080349_r1_c0.jpg,8148,27.4,,52,45.8,0,0,0,0,0,0.0,0.0,797.0,0.0,19.5,9.8,0.0,0.0,,2026-05-08 14:03:50
germ-germinadorap-de5832|LOT-20260506-651F-005|r1_c0|rep0,LOT-20260506-651F-005:A2:R0,germ-germinadorap-de5832,LOT-20260506-651F-005,A2,1,0,0,Hierbabuena,,,,,,,2026-05-08 14:18:45,2026-05-06 20:48:22,41.51,2,cg_1778249923336_1,4111,cam1_20260508_081844.jpg,crops/cam1_20260508_081844_r1_c0.jpg,4113,cam1_20260508_081849.jpg,crops/cam1_20260508_081849_r1_c0.jpg,8160,27.7,,49,44.7,0,0,0,0,0,0.0,0.0,811.0,0.0,19.8,9.9,0.0,0.0,,2026-05-08 14:18:50
germ-germinadorap-de5832|LOT-20260506-651F-005|r1_c0|rep0,LOT-20260506-651F-005:A2:R0,germ-germinadorap-de5832,LOT-20260506-651F-005,A2,1,0,0,Hierbabuena,,,,,,,2026-05-08 14:33:45,2026-05-06 20:48:22,41.76,2,cg_1778250823341_1,4115,cam1_20260508_083345.jpg,crops/cam1_20260508_083345_r1_c0.jpg,4117,cam1_20260508_083349.jpg,crops/cam1_20260508_083349_r1_c0.jpg,8172,28,,50,44.6,0,0,0,0,0,0.0,0.0,826.0,0.0,20.0,10.0,0.0,0.0,,2026-05-08 14:33:50
germ-germinadorap-de5832|LOT-20260506-651F-005|r1_c0|rep0,LOT-20260506-651F-005:A2:R0,germ-germinadorap-de5832,LOT-20260506-651F-005,A2,1,0,0,Hierbabuena,,,,,,,2026-05-08 14:48:45,2026-05-06 20:48:22,42.01,2,cg_1778251723351_1,4119,cam1_20260508_084844.jpg,crops/cam1_20260508_084844_r1_c0.jpg,4121,cam1_20260508_084849.jpg,crops/cam1_20260508_084849_r1_c0.jpg,8184,28.5,,49,44.5,0,0,0,0,0,0.0,0.0,841.0,0.0,20.3,10.1,0.0,0.0,,2026-05-08 14:48:50
germ-germinadorap-de5832|LOT-20260506-651F-005|r1_c0|rep0,LOT-20260506-651F-005:A2:R0,germ-germinadorap-de5832,LOT-20260506-651F-005,A2,1,0,0,Hierbabuena,,,,,,,2026-05-08 15:03:45,2026-05-06 20:48:22,42.26,2,cg_1778252623359_1,4123,cam1_20260508_090344.jpg,crops/cam1_20260508_090344_r1_c0.jpg,4125,cam1_20260508_090349.jpg,crops/cam1_20260508_090349_r1_c0.jpg,8196,28.8,,49,44.6,0,0,0,0,0,0.0,0.0,856.0,0.0,20.5,10.3,0.0,0.0,,2026-05-08 15:03:50
germ-germinadorap-de5832|LOT-20260506-651F-005|r1_c0|rep0,LOT-20260506-651F-005:A2:R0,germ-germinadorap-de5832,LOT-20260506-651F-005,A2,1,0,0,Hierbabuena,,,,,,,2026-05-08 15:18:45,2026-05-06 20:48:22,42.51,2,cg_1778253523369_1,4127,cam1_20260508_091845.jpg,crops/cam1_20260508_091845_r1_c0.jpg,4129,cam1_20260508_091849.jpg,crops/cam1_20260508_091849_r1_c0.jpg,8208,28.8,,42,44.3,0,0,0,0,0,0.0,0.0,871.0,0.0,20.8,10.4,0.0,0.0,,2026-05-08 15:18:50
germ-germinadorap-de5832|LOT-20260506-651F-005|r1_c0|rep0,LOT-20260506-651F-005:A2:R0,germ-germinadorap-de5832,LOT-20260506-651F-005,A2,1,0,0,Hierbabuena,,,,,,,2026-05-08 15:33:45,2026-05-06 20:48:22,42.76,2,cg_1778254423376_1,4131,cam1_20260508_093345.jpg,crops/cam1_20260508_093345_r1_c0.jpg,4133,cam1_20260508_093349.jpg,crops/cam1_20260508_093349_r1_c0.jpg,8220,28.7,,42,44.3,0,0,0,0,0,0.0,0.0,886.0,0.0,21.0,10.5,0.0,0.0,,2026-05-08 15:33:50
germ-germinadorap-de5832|LOT-20260506-651F-005|r1_c0|rep0,LOT-20260506-651F-005:A2:R0,germ-germinadorap-de5832,LOT-20260506-651F-005,A2,1,0,0,Hierbabuena,,,,,,,2026-05-08 15:48:45,2026-05-06 20:48:22,43.01,2,cg_1778255323379_1,4135,cam1_20260508_094845.jpg,crops/cam1_20260508_094845_r1_c0.jpg,4137,cam1_20260508_094849.jpg,crops/cam1_20260508_094849_r1_c0.jpg,8232,28.7,,41,43.8,0,0,0,0,0,0.0,0.0,901.0,0.0,21.3,10.6,0.0,0.0,,2026-05-08 15:48:50
germ-germinadorap-de5832|LOT-20260506-651F-005|r1_c0|rep0,LOT-20260506-651F-005:A2:R0,germ-germinadorap-de5832,LOT-20260506-651F-005,A2,1,0,0,Hierbabuena,,,,,,,2026-05-08 16:03:45,2026-05-06 20:48:22,43.26,2,cg_1778256223388_1,4139,cam1_20260508_100345.jpg,crops/cam1_20260508_100345_r1_c0.jpg,4141,cam1_20260508_100349.jpg,crops/cam1_20260508_100349_r1_c0.jpg,8244,28.8,,41,42.9,0,0,0,0,0,0.0,0.0,916.0,0.0,21.5,10.8,0.0,0.0,,2026-05-08 16:03:50
germ-germinadorap-de5832|LOT-20260506-651F-005|r1_c0|rep0,LOT-20260506-651F-005:A2:R0,germ-germinadorap-de5832,LOT-20260506-651F-005,A2,1,0,0,Hierbabuena,,,,,,,2026-05-08 16:18:45,2026-05-06 20:48:22,43.51,2,cg_1778257123396_1,4143,cam1_20260508_101845.jpg,crops/cam1_20260508_101845_r1_c0.jpg,4145,cam1_20260508_101849.jpg,crops/cam1_20260508_101849_r1_c0.jpg,8256,28.9,,42,44.1,0,0,0,0,0,0.0,0.0,931.0,0.0,21.8,10.9,0.0,0.0,,2026-05-08 16:18:50
germ-germinadorap-de5832|LOT-20260506-651F-005|r1_c0|rep0,LOT-20260506-651F-005:A2:R0,germ-germinadorap-de5832,LOT-20260506-651F-005,A2,1,0,0,Hierbabuena,,,,,,,2026-05-08 16:33:45,2026-05-06 20:48:22,43.76,2,cg_1778258023405_1,4147,cam1_20260508_103345.jpg,crops/cam1_20260508_103345_r1_c0.jpg,4149,cam1_20260508_103349.jpg,crops/cam1_20260508_103349_r1_c0.jpg,8268,28.7,,40,43.2,0,0,0,0,0,0.0,0.0,946.0,0.0,22.0,11.0,0.0,0.0,,2026-05-08 16:33:50
germ-germinadorap-de5832|LOT-20260506-651F-005|r1_c0|rep0,LOT-20260506-651F-005:A2:R0,germ-germinadorap-de5832,LOT-20260506-651F-005,A2,1,0,0,Hierbabuena,,,,,,,2026-05-08 16:48:45,2026-05-06 20:48:22,44.01,2,cg_1778258923417_1,4151,cam1_20260508_104845.jpg,crops/cam1_20260508_104845_r1_c0.jpg,4153,cam1_20260508_104849.jpg,crops/cam1_20260508_104849_r1_c0.jpg,8280,28.1,,39,42.5,0,0,0,0,0,0.0,0.0,961.0,0.0,22.3,11.1,0.0,0.0,,2026-05-08 16:48:50
germ-germinadorap-de5832|LOT-20260506-651F-005|r1_c0|rep0,LOT-20260506-651F-005:A2:R0,germ-germinadorap-de5832,LOT-20260506-651F-005,A2,1,0,0,Hierbabuena,,,,,,,2026-05-08 17:03:45,2026-05-06 20:48:22,44.26,2,cg_1778259823421_1,4155,cam1_20260508_110345.jpg,crops/cam1_20260508_110345_r1_c0.jpg,4157,cam1_20260508_110349.jpg,crops/cam1_20260508_110349_r1_c0.jpg,8292,27.8,,38,41.9,0,0,0,0,0,0.0,0.0,975.0,0.0,22.5,11.3,0.0,0.0,,2026-05-08 17:03:50
germ-germinadorap-de5832|LOT-20260506-651F-005|r1_c0|rep0,LOT-20260506-651F-005:A2:R0,germ-germinadorap-de5832,LOT-20260506-651F-005,A2,1,0,0,Hierbabuena,,,,,,,2026-05-08 17:18:45,2026-05-06 20:48:22,44.51,2,cg_1778260723427_1,4159,cam1_20260508_111845.jpg,crops/cam1_20260508_111845_r1_c0.jpg,4161,cam1_20260508_111849.jpg,crops/cam1_20260508_111849_r1_c0.jpg,8304,27.6,,36,41.7,0,0,0,0,0,0.0,0.0,990.0,0.0,22.8,11.4,0.0,0.0,,2026-05-08 17:18:50
germ-germinadorap-de5832|LOT-20260506-651F-005|r1_c0|rep0,LOT-20260506-651F-005:A2:R0,germ-germinadorap-de5832,LOT-20260506-651F-005,A2,1,0,0,Hierbabuena,,,,,,,2026-05-08 17:33:45,2026-05-06 20:48:22,44.76,2,cg_1778261623430_1,4163,cam1_20260508_113345.jpg,crops/cam1_20260508_113345_r1_c0.jpg,4165,cam1_20260508_113350.jpg,crops/cam1_20260508_113350_r1_c0.jpg,8316,27.4,,37,61.6,0,0,0,0,0,0.0,0.0,1005.0,0.0,23.0,11.5,0.0,0.0,,2026-05-08 17:33:52
germ-germinadorap-de5832|LOT-20260506-651F-005|r1_c0|rep0,LOT-20260506-651F-005:A2:R0,germ-germinadorap-de5832,LOT-20260506-651F-005,A2,1,0,0,Hierbabuena,,,,,,,2026-05-08 17:48:45,2026-05-06 20:48:22,45.01,2,cg_1778262523437_1,4166,cam1_20260508_114845.jpg,crops/cam1_20260508_114845_r1_c0.jpg,4168,cam1_20260508_114848.jpg,crops/cam1_20260508_114848_r1_c0.jpg,8323,27.3,,39,52.7,0,0,0,0,0,0.0,0.0,1020.0,0.0,23.3,11.6,0.0,0.0,,2026-05-08 17:48:49
germ-germinadorap-de5832|LOT-20260506-651F-005|r1_c0|rep0,LOT-20260506-651F-005:A2:R0,germ-germinadorap-de5832,LOT-20260506-651F-005,A2,1,0,0,Hierbabuena,,,,,,,2026-05-08 18:03:45,2026-05-06 20:48:22,45.26,2,cg_1778263423448_1,4171,cam1_20260508_120344.jpg,crops/cam1_20260508_120344_r1_c0.jpg,4173,cam1_20260508_120349.jpg,crops/cam1_20260508_120349_r1_c0.jpg,8340,27.4,,39,100,0,0,0,0,0,0.0,0.0,1035.0,0.0,23.5,11.8,0.0,0.0,,2026-05-08 18:03:50
germ-germinadorap-de5832|LOT-20260506-651F-005|r1_c0|rep0,LOT-20260506-651F-005:A2:R0,germ-germinadorap-de5832,LOT-20260506-651F-005,A2,1,0,0,Hierbabuena,,,,,,,2026-05-08 18:18:45,2026-05-06 20:48:22,45.51,2,cg_1778264323453_1,4175,cam1_20260508_121845.jpg,crops/cam1_20260508_121845_r1_c0.jpg,4177,cam1_20260508_121849.jpg,crops/cam1_20260508_121849_r1_c0.jpg,8352,27.2,,39,100,0,0,0,0,0,0.0,0.0,1050.0,0.0,23.8,11.9,0.0,0.0,,2026-05-08 18:18:50
germ-germinadorap-de5832|LOT-20260506-651F-005|r1_c0|rep0,LOT-20260506-651F-005:A2:R0,germ-germinadorap-de5832,LOT-20260506-651F-005,A2,1,0,0,Hierbabuena,,,,,,,2026-05-08 18:34:21,2026-05-06 20:48:22,45.77,2,cg_1778265259130_1,4179,cam1_20260508_123420.jpg,crops/cam1_20260508_123420_r1_c0.jpg,4181,cam1_20260508_123425.jpg,crops/cam1_20260508_123425_r1_c0.jpg,8364,27.3,,37,83.3,0,0,0,0,0,0.0,0.0,1065.0,0.0,24.0,12.0,0.0,0.0,,2026-05-08 18:34:26
germ-germinadorap-de5832|LOT-20260506-651F-005|r1_c0|rep0,LOT-20260506-651F-005:A2:R0,germ-germinadorap-de5832,LOT-20260506-651F-005,A2,1,0,0,Hierbabuena,,,,,,,2026-05-08 18:49:21,2026-05-06 20:48:22,46.02,2,cg_1778266159131_1,4183,cam1_20260508_124920.jpg,crops/cam1_20260508_124920_r1_c0.jpg,4185,cam1_20260508_124925.jpg,crops/cam1_20260508_124925_r1_c0.jpg,8376,27.5,,36,100,0,0,0,0,0,0.0,0.0,1080.0,0.0,24.3,12.1,0.0,0.0,,2026-05-08 18:49:26
germ-germinadorap-de5832|LOT-20260506-651F-005|r1_c0|rep0,LOT-20260506-651F-005:A2:R0,germ-germinadorap-de5832,LOT-20260506-651F-005,A2,1,0,0,Hierbabuena,,,,,,,2026-05-08 19:04:21,2026-05-06 20:48:22,46.27,2,cg_1778267059132_1,4187,cam1_20260508_130420.jpg,crops/cam1_20260508_130420_r1_c0.jpg,4189,cam1_20260508_130425.jpg,crops/cam1_20260508_130425_r1_c0.jpg,8388,27.4,,37,77.8,0,0,0,0,0,0.0,0.0,1095.0,0.0,24.5,12.3,0.0,0.0,,2026-05-08 19:04:26
germ-germinadorap-de5832|LOT-20260506-651F-005|r1_c0|rep0,LOT-20260506-651F-005:A2:R0,germ-germinadorap-de5832,LOT-20260506-651F-005,A2,1,0,0,Hierbabuena,,,,,,,2026-05-08 19:19:21,2026-05-06 20:48:22,46.52,2,cg_1778267959132_1,4191,cam1_20260508_131920.jpg,crops/cam1_20260508_131920_r1_c0.jpg,4193,cam1_20260508_131925.jpg,crops/cam1_20260508_131925_r1_c0.jpg,8400,27.2,,37,100,0,0,0,0,0,0.0,0.0,1110.0,0.0,24.8,12.4,0.0,0.0,,2026-05-08 19:19:26
germ-germinadorap-de5832|LOT-20260506-651F-005|r1_c0|rep0,LOT-20260506-651F-005:A2:R0,germ-germinadorap-de5832,LOT-20260506-651F-005,A2,1,0,0,Hierbabuena,,,,,,,2026-05-08 19:34:21,2026-05-06 20:48:22,46.77,2,cg_1778268859136_1,4195,cam1_20260508_133420.jpg,crops/cam1_20260508_133420_r1_c0.jpg,4197,cam1_20260508_133425.jpg,crops/cam1_20260508_133425_r1_c0.jpg,8412,27.2,,37,72.3,0,0,0,0,0,0.0,0.0,1125.0,0.0,25.0,12.5,0.0,0.0,,2026-05-08 19:34:26
germ-germinadorap-de5832|LOT-20260506-651F-005|r1_c0|rep0,LOT-20260506-651F-005:A2:R0,germ-germinadorap-de5832,LOT-20260506-651F-005,A2,1,0,0,Hierbabuena,,,,,,,2026-05-08 19:49:21,2026-05-06 20:48:22,47.02,2,cg_1778269759136_1,4199,cam1_20260508_134920.jpg,crops/cam1_20260508_134920_r1_c0.jpg,4201,cam1_20260508_134927.jpg,crops/cam1_20260508_134927_r1_c0.jpg,8424,27.3,,37,61.6,0,0,0,0,0,0.0,0.0,1140.0,0.0,25.3,12.6,0.0,0.0,,2026-05-08 19:49:28
germ-germinadorap-de5832|LOT-20260506-651F-005|r1_c0|rep0,LOT-20260506-651F-005:A2:R0,germ-germinadorap-de5832,LOT-20260506-651F-005,A2,1,0,0,Hierbabuena,,,,,,,2026-05-08 20:04:21,2026-05-06 20:48:22,47.27,2,cg_1778270659137_1,4203,cam1_20260508_140420.jpg,crops/cam1_20260508_140420_r1_c0.jpg,4205,cam1_20260508_140425.jpg,crops/cam1_20260508_140425_r1_c0.jpg,8436,27.3,,37,100,0,0,0,0,0,0.0,0.0,1155.0,0.0,25.4,12.7,0.0,0.0,,2026-05-08 20:04:26
germ-germinadorap-de5832|LOT-20260506-651F-005|r1_c0|rep0,LOT-20260506-651F-005:A2:R0,germ-germinadorap-de5832,LOT-20260506-651F-005,A2,1,0,0,Hierbabuena,,,,,,,2026-05-08 20:19:21,2026-05-06 20:48:22,47.52,2,cg_1778271559139_1,4207,cam1_20260508_141920.jpg,crops/cam1_20260508_141920_r1_c0.jpg,4209,cam1_20260508_141925.jpg,crops/cam1_20260508_141925_r1_c0.jpg,8448,27.2,,38,100,0,0,0,0,0,0.0,0.0,1170.0,0.0,25.4,12.7,0.0,0.0,,2026-05-08 20:19:26
germ-germinadorap-de5832|LOT-20260506-651F-005|r1_c0|rep0,LOT-20260506-651F-005:A2:R0,germ-germinadorap-de5832,LOT-20260506-651F-005,A2,1,0,0,Hierbabuena,,,,,,,2026-05-08 20:34:21,2026-05-06 20:48:22,47.77,2,cg_1778272459141_1,4211,cam1_20260508_143420.jpg,crops/cam1_20260508_143420_r1_c0.jpg,4213,cam1_20260508_143424.jpg,crops/cam1_20260508_143424_r1_c0.jpg,8460,27.2,,39,100,0,0,0,0,0,0.0,0.0,1185.0,0.0,25.4,12.7,0.0,0.0,,2026-05-08 20:34:25
germ-germinadorap-de5832|LOT-20260506-651F-005|r1_c0|rep0,LOT-20260506-651F-005:A2:R0,germ-germinadorap-de5832,LOT-20260506-651F-005,A2,1,0,0,Hierbabuena,,,,,,,2026-05-08 20:49:21,2026-05-06 20:48:22,48.02,3,cg_1778273359148_1,4215,cam1_20260508_144920.jpg,crops/cam1_20260508_144920_r1_c0.jpg,4217,cam1_20260508_144925.jpg,crops/cam1_20260508_144925_r1_c0.jpg,8472,27.2,,37,100,0,0,0,0,0,0.0,0.0,1200.0,0.0,25.4,8.5,0.0,0.0,,2026-05-08 20:49:26
germ-germinadorap-de5832|LOT-20260506-651F-005|r1_c0|rep0,LOT-20260506-651F-005:A2:R0,germ-germinadorap-de5832,LOT-20260506-651F-005,A2,1,0,0,Hierbabuena,,,,,,,2026-05-08 21:04:21,2026-05-06 20:48:22,48.27,3,cg_1778274259154_1,4219,cam1_20260508_150420.jpg,crops/cam1_20260508_150420_r1_c0.jpg,4221,cam1_20260508_150425.jpg,crops/cam1_20260508_150425_r1_c0.jpg,8484,27.3,,39,100,0,0,0,0,0,0.0,0.0,1215.0,0.0,25.4,8.5,0.0,0.0,,2026-05-08 21:04:26
germ-germinadorap-de5832|LOT-20260506-651F-005|r1_c0|rep0,LOT-20260506-651F-005:A2:R0,germ-germinadorap-de5832,LOT-20260506-651F-005,A2,1,0,0,Hierbabuena,,,,,,,2026-05-08 21:19:21,2026-05-06 20:48:22,48.52,3,cg_1778275159162_1,4222,cam1_20260508_151920.jpg,crops/cam1_20260508_151920_r1_c0.jpg,4224,cam1_20260508_151923.jpg,crops/cam1_20260508_151923_r1_c0.jpg,8491,27.2,,38,94.4,0,0,0,0,0,0.0,0.0,1230.0,0.0,25.4,8.5,0.0,0.0,,2026-05-08 21:19:24
germ-germinadorap-de5832|LOT-20260506-651F-005|r1_c0|rep0,LOT-20260506-651F-005:A2:R0,germ-germinadorap-de5832,LOT-20260506-651F-005,A2,1,0,0,Hierbabuena,,,,,,,2026-05-08 21:34:21,2026-05-06 20:48:22,48.77,3,cg_1778276059168_1,4227,cam1_20260508_153420.jpg,crops/cam1_20260508_153420_r1_c0.jpg,4229,cam1_20260508_153425.jpg,crops/cam1_20260508_153425_r1_c0.jpg,8508,27.1,,40,100,0,0,0,0,0,0.0,0.0,1245.0,0.0,25.4,8.5,0.0,0.0,,2026-05-08 21:34:26
germ-germinadorap-de5832|LOT-20260506-651F-005|r1_c0|rep0,LOT-20260506-651F-005:A2:R0,germ-germinadorap-de5832,LOT-20260506-651F-005,A2,1,0,0,Hierbabuena,,,,,,,2026-05-08 21:49:21,2026-05-06 20:48:22,49.02,3,cg_1778276959182_1,4231,cam1_20260508_154920.jpg,crops/cam1_20260508_154920_r1_c0.jpg,4233,cam1_20260508_154925.jpg,crops/cam1_20260508_154925_r1_c0.jpg,8520,27.2,,41,100,0,0,0,0,0,0.0,0.0,1259.0,0.0,25.4,8.5,0.0,0.0,,2026-05-08 21:49:26
germ-germinadorap-de5832|LOT-20260506-651F-005|r1_c0|rep0,LOT-20260506-651F-005:A2:R0,germ-germinadorap-de5832,LOT-20260506-651F-005,A2,1,0,0,Hierbabuena,,,,,,,2026-05-08 22:04:21,2026-05-06 20:48:22,49.27,3,cg_1778277859186_1,4235,cam1_20260508_160420.jpg,crops/cam1_20260508_160420_r1_c0.jpg,4237,cam1_20260508_160425.jpg,crops/cam1_20260508_160425_r1_c0.jpg,8532,27.1,,39,100,0,0,0,0,0,0.0,0.0,1274.0,0.0,25.4,8.5,0.0,0.0,,2026-05-08 22:04:26
germ-germinadorap-de5832|LOT-20260506-651F-005|r1_c0|rep0,LOT-20260506-651F-005:A2:R0,germ-germinadorap-de5832,LOT-20260506-651F-005,A2,1,0,0,Hierbabuena,,,,,,,2026-05-08 22:19:21,2026-05-06 20:48:22,49.52,3,cg_1778278759196_1,4239,cam1_20260508_161920.jpg,crops/cam1_20260508_161920_r1_c0.jpg,4241,cam1_20260508_161925.jpg,crops/cam1_20260508_161925_r1_c0.jpg,8544,27.2,,38,95.4,0,0,0,0,0,0.0,0.0,1289.0,0.0,25.4,8.5,0.0,0.0,,2026-05-08 22:19:26
germ-germinadorap-de5832|LOT-20260506-651F-005|r1_c0|rep0,LOT-20260506-651F-005:A2:R0,germ-germinadorap-de5832,LOT-20260506-651F-005,A2,1,0,0,Hierbabuena,,,,,,,2026-05-08 22:34:21,2026-05-06 20:48:22,49.77,3,cg_1778279659199_1,4243,cam1_20260508_163420.jpg,crops/cam1_20260508_163420_r1_c0.jpg,4245,cam1_20260508_163425.jpg,crops/cam1_20260508_163425_r1_c0.jpg,8556,27.7,,40,100,0,0,0,0,0,0.0,0.0,1304.0,0.0,25.4,8.5,0.0,0.0,,2026-05-08 22:34:26
germ-germinadorap-de5832|LOT-20260506-651F-005|r1_c0|rep0,LOT-20260506-651F-005:A2:R0,germ-germinadorap-de5832,LOT-20260506-651F-005,A2,1,0,0,Hierbabuena,,,,,,,2026-05-08 22:49:21,2026-05-06 20:48:22,50.02,3,cg_1778280559206_1,4247,cam1_20260508_164920.jpg,crops/cam1_20260508_164920_r1_c0.jpg,4249,cam1_20260508_164925.jpg,crops/cam1_20260508_164925_r1_c0.jpg,8568,28.1,,40,100,0,0,0,0,0,0.0,0.0,1319.0,0.0,25.4,8.5,0.0,0.0,,2026-05-08 22:49:26
germ-germinadorap-de5832|LOT-20260506-651F-005|r1_c0|rep0,LOT-20260506-651F-005:A2:R0,germ-germinadorap-de5832,LOT-20260506-651F-005,A2,1,0,0,Hierbabuena,,,,,,,2026-05-08 23:04:21,2026-05-06 20:48:22,50.27,3,cg_1778281459210_1,4251,cam1_20260508_170420.jpg,crops/cam1_20260508_170420_r1_c0.jpg,4253,cam1_20260508_170425.jpg,crops/cam1_20260508_170425_r1_c0.jpg,8580,28.4,,41,100,0,0,0,0,0,0.0,0.0,1334.0,0.0,25.4,8.5,0.0,0.0,,2026-05-08 23:04:26
germ-germinadorap-de5832|LOT-20260506-651F-005|r1_c0|rep0,LOT-20260506-651F-005:A2:R0,germ-germinadorap-de5832,LOT-20260506-651F-005,A2,1,0,0,Hierbabuena,,,,,,,2026-05-08 23:19:21,2026-05-06 20:48:22,50.52,3,cg_1778282359219_1,4255,cam1_20260508_171920.jpg,crops/cam1_20260508_171920_r1_c0.jpg,4257,cam1_20260508_171925.jpg,crops/cam1_20260508_171925_r1_c0.jpg,8592,28.5,,39,100,0,0,0,0,0,0.0,0.0,1349.0,0.0,25.4,8.5,0.0,0.0,,2026-05-08 23:19:26
germ-germinadorap-de5832|LOT-20260506-651F-005|r1_c0|rep0,LOT-20260506-651F-005:A2:R0,germ-germinadorap-de5832,LOT-20260506-651F-005,A2,1,0,0,Hierbabuena,,,,,,,2026-05-08 23:34:21,2026-05-06 20:48:22,50.77,3,cg_1778283259223_1,4259,cam1_20260508_173420.jpg,crops/cam1_20260508_173420_r1_c0.jpg,4261,cam1_20260508_173425.jpg,crops/cam1_20260508_173425_r1_c0.jpg,8604,28.7,,39,100,0,0,0,0,0,0.0,0.0,1364.0,0.0,25.5,8.5,0.0,0.0,,2026-05-08 23:34:26
germ-germinadorap-de5832|LOT-20260506-651F-005|r1_c0|rep0,LOT-20260506-651F-005:A2:R0,germ-germinadorap-de5832,LOT-20260506-651F-005,A2,1,0,0,Hierbabuena,,,,,,,2026-05-08 23:49:21,2026-05-06 20:48:22,51.02,3,cg_1778284159234_1,4263,cam1_20260508_174920.jpg,crops/cam1_20260508_174920_r1_c0.jpg,4265,cam1_20260508_174925.jpg,crops/cam1_20260508_174925_r1_c0.jpg,8616,28.7,,39,100,0,0,0,0,0,0.0,0.0,1379.0,0.0,25.5,8.5,0.0,0.0,,2026-05-08 23:49:26
germ-germinadorap-de5832|LOT-20260506-651F-005|r1_c0|rep0,LOT-20260506-651F-005:A2:R0,germ-germinadorap-de5832,LOT-20260506-651F-005,A2,1,0,0,Hierbabuena,,,,,,,2026-05-09 00:04:21,2026-05-06 20:48:22,51.27,3,cg_1778285059243_1,4267,cam1_20260508_180420.jpg,crops/cam1_20260508_180420_r1_c0.jpg,4269,cam1_20260508_180425.jpg,crops/cam1_20260508_180425_r1_c0.jpg,8628,28.7,,41,100,0,0,0,1,0,15.0,0.0,1394.0,0.0,25.5,8.5,0.0,0.0,,2026-05-09 00:04:26
germ-germinadorap-de5832|LOT-20260506-651F-005|r1_c0|rep0,LOT-20260506-651F-005:A2:R0,germ-germinadorap-de5832,LOT-20260506-651F-005,A2,1,0,0,Hierbabuena,,,,,,,2026-05-09 00:19:21,2026-05-06 20:48:22,51.52,3,cg_1778285959256_1,4271,cam1_20260508_181920.jpg,crops/cam1_20260508_181920_r1_c0.jpg,4273,cam1_20260508_181925.jpg,crops/cam1_20260508_181925_r1_c0.jpg,8640,28.6,,40,100,0,0,0,0,0,0.0,0.0,1409.0,0.0,25.5,8.5,0.0,0.0,,2026-05-09 00:19:26
germ-germinadorap-de5832|LOT-20260506-651F-005|r1_c0|rep0,LOT-20260506-651F-005:A2:R0,germ-germinadorap-de5832,LOT-20260506-651F-005,A2,1,0,0,Hierbabuena,,,,,,,2026-05-09 00:34:21,2026-05-06 20:48:22,51.77,3,cg_1778286859261_1,4275,cam1_20260508_183420.jpg,crops/cam1_20260508_183420_r1_c0.jpg,4277,cam1_20260508_183425.jpg,crops/cam1_20260508_183425_r1_c0.jpg,8652,28,,40,98.1,0,0,0,0,0,0.0,0.0,1424.0,0.0,25.5,8.5,0.0,0.0,,2026-05-09 00:34:26
germ-germinadorap-de5832|LOT-20260506-651F-005|r1_c0|rep0,LOT-20260506-651F-005:A2:R0,germ-germinadorap-de5832,LOT-20260506-651F-005,A2,1,0,0,Hierbabuena,,,,,,,2026-05-09 00:49:21,2026-05-06 20:48:22,52.02,3,cg_1778287759266_1,4279,cam1_20260508_184920.jpg,crops/cam1_20260508_184920_r1_c0.jpg,4281,cam1_20260508_184925.jpg,crops/cam1_20260508_184925_r1_c0.jpg,8664,27.5,,38,93.5,0,0,0,0,0,0.0,0.0,1439.0,0.0,25.5,8.5,0.0,0.0,,2026-05-09 00:49:26
germ-germinadorap-de5832|LOT-20260506-651F-005|r1_c0|rep0,LOT-20260506-651F-005:A2:R0,germ-germinadorap-de5832,LOT-20260506-651F-005,A2,1,0,0,Hierbabuena,,,,,,,2026-05-09 01:04:21,2026-05-06 20:48:22,52.27,3,cg_1778288659271_1,4283,cam1_20260508_190420.jpg,crops/cam1_20260508_190420_r1_c0.jpg,4285,cam1_20260508_190425.jpg,crops/cam1_20260508_190425_r1_c0.jpg,8676,27.7,,42,97.2,0,0,0,0,0,0.0,0.0,1453.0,0.0,25.5,8.5,0.0,0.0,,2026-05-09 01:04:26
germ-germinadorap-de5832|LOT-20260506-651F-005|r1_c0|rep0,LOT-20260506-651F-005:A2:R0,germ-germinadorap-de5832,LOT-20260506-651F-005,A2,1,0,0,Hierbabuena,,,,,,,2026-05-09 01:19:21,2026-05-06 20:48:22,52.52,3,cg_1778289559274_1,4287,cam1_20260508_191920.jpg,crops/cam1_20260508_191920_r1_c0.jpg,4289,cam1_20260508_191925.jpg,crops/cam1_20260508_191925_r1_c0.jpg,8688,28.2,,42,100,0,0,0,0,0,0.0,0.0,1468.0,0.0,25.5,8.5,0.0,0.0,,2026-05-09 01:19:26
germ-germinadorap-de5832|LOT-20260506-651F-005|r1_c0|rep0,LOT-20260506-651F-005:A2:R0,germ-germinadorap-de5832,LOT-20260506-651F-005,A2,1,0,0,Hierbabuena,,,,,,,2026-05-09 01:34:21,2026-05-06 20:48:22,52.77,3,cg_1778290459279_1,4291,cam1_20260508_193420.jpg,crops/cam1_20260508_193420_r1_c0.jpg,4293,cam1_20260508_193425.jpg,crops/cam1_20260508_193425_r1_c0.jpg,8700,28.4,,41,98.1,0,0,0,0,0,0.0,0.0,1483.0,0.0,25.5,8.5,0.0,0.0,,2026-05-09 01:34:26
germ-germinadorap-de5832|LOT-20260506-651F-005|r1_c0|rep0,LOT-20260506-651F-005:A2:R0,germ-germinadorap-de5832,LOT-20260506-651F-005,A2,1,0,0,Hierbabuena,,,,,,,2026-05-09 01:49:21,2026-05-06 20:48:22,53.02,3,cg_1778291359288_1,4295,cam1_20260508_194920.jpg,crops/cam1_20260508_194920_r1_c0.jpg,4297,cam1_20260508_194925.jpg,crops/cam1_20260508_194925_r1_c0.jpg,8712,28.5,,43,93.5,0,0,0,0,0,0.0,0.0,1498.0,0.0,25.5,8.5,0.0,0.0,,2026-05-09 01:49:26
germ-germinadorap-de5832|LOT-20260506-651F-005|r1_c0|rep0,LOT-20260506-651F-005:A2:R0,germ-germinadorap-de5832,LOT-20260506-651F-005,A2,1,0,0,Hierbabuena,,,,,,,2026-05-09 02:04:21,2026-05-06 20:48:22,53.27,3,cg_1778292259300_1,4299,cam1_20260508_200420.jpg,crops/cam1_20260508_200420_r1_c0.jpg,4301,cam1_20260508_200425.jpg,crops/cam1_20260508_200425_r1_c0.jpg,8724,28.5,,41,95.4,0,0,0,0,0,0.0,0.0,1509.0,0.0,25.5,8.5,0.0,0.0,,2026-05-09 02:04:26
germ-germinadorap-de5832|LOT-20260506-651F-005|r1_c0|rep0,LOT-20260506-651F-005:A2:R0,germ-germinadorap-de5832,LOT-20260506-651F-005,A2,1,0,0,Hierbabuena,,,,,,,2026-05-09 02:19:21,2026-05-06 20:48:22,53.52,3,cg_1778293159306_1,4303,cam1_20260508_201920.jpg,crops/cam1_20260508_201920_r1_c0.jpg,4305,cam1_20260508_201925.jpg,crops/cam1_20260508_201925_r1_c0.jpg,8736,28.1,,41,91.7,0,0,0,0,0,0.0,0.0,1509.0,0.0,25.5,8.5,0.0,0.0,,2026-05-09 02:19:26
germ-germinadorap-de5832|LOT-20260506-651F-005|r1_c0|rep0,LOT-20260506-651F-005:A2:R0,germ-germinadorap-de5832,LOT-20260506-651F-005,A2,1,0,0,Hierbabuena,,,,,,,2026-05-09 02:34:21,2026-05-06 20:48:22,53.77,3,cg_1778294059318_1,4307,cam1_20260508_203420.jpg,crops/cam1_20260508_203420_r1_c0.jpg,4309,cam1_20260508_203425.jpg,crops/cam1_20260508_203425_r1_c0.jpg,8748,28,,43,90.7,0,0,0,0,0,0.0,0.0,1509.0,0.0,25.5,8.5,0.0,0.0,,2026-05-09 02:34:26
germ-germinadorap-de5832|LOT-20260506-651F-005|r1_c0|rep0,LOT-20260506-651F-005:A2:R0,germ-germinadorap-de5832,LOT-20260506-651F-005,A2,1,0,0,Hierbabuena,,,,,,,2026-05-09 02:49:21,2026-05-06 20:48:22,54.02,3,cg_1778294959324_1,4310,cam1_20260508_204920.jpg,crops/cam1_20260508_204920_r1_c0.jpg,4312,cam1_20260508_204923.jpg,crops/cam1_20260508_204923_r1_c0.jpg,8755,27.8,,42,74.1,0,0,0,0,0,0.0,0.0,1509.0,0.0,25.5,8.5,0.0,0.0,,2026-05-09 02:49:24
germ-germinadorap-de5832|LOT-20260506-651F-005|r1_c0|rep0,LOT-20260506-651F-005:A2:R0,germ-germinadorap-de5832,LOT-20260506-651F-005,A2,1,0,0,Hierbabuena,,,,,,,2026-05-09 03:04:21,2026-05-06 20:48:22,54.27,3,cg_1778295859332_1,4314,cam1_20260508_210420.jpg,crops/cam1_20260508_210420_r1_c0.jpg,4316,cam1_20260508_210423.jpg,crops/cam1_20260508_210423_r1_c0.jpg,8767,27.8,,45,69.6,0,0,0,0,0,0.0,0.0,1509.0,0.0,25.5,8.5,0.0,0.0,,2026-05-09 03:04:24
germ-germinadorap-de5832|LOT-20260506-651F-005|r1_c0|rep0,LOT-20260506-651F-005:A2:R0,germ-germinadorap-de5832,LOT-20260506-651F-005,A2,1,0,0,Hierbabuena,,,,,,,2026-05-09 03:19:21,2026-05-06 20:48:22,54.52,3,cg_1778296759338_1,4318,cam1_20260508_211920.jpg,crops/cam1_20260508_211920_r1_c0.jpg,4320,cam1_20260508_211923.jpg,crops/cam1_20260508_211923_r1_c0.jpg,8779,27.8,,43,74.1,0,0,0,0,0,0.0,0.0,1509.0,0.0,25.5,8.5,0.0,0.0,,2026-05-09 03:19:24
germ-germinadorap-de5832|LOT-20260506-651F-005|r1_c0|rep0,LOT-20260506-651F-005:A2:R0,germ-germinadorap-de5832,LOT-20260506-651F-005,A2,1,0,0,Hierbabuena,,,,,,,2026-05-09 03:34:22,2026-05-06 20:48:22,54.77,3,cg_1778297659342_1,4323,cam1_20260508_213422.jpg,crops/cam1_20260508_213422_r1_c0.jpg,4325,cam1_20260508_213425.jpg,crops/cam1_20260508_213425_r1_c0.jpg,8796,27.7,,43,49.5,0,0,0,0,0,0.0,0.0,1509.0,0.0,25.5,8.5,0.0,0.0,,2026-05-09 03:34:26
germ-germinadorap-de5832|LOT-20260506-651F-005|r1_c0|rep0,LOT-20260506-651F-005:A2:R0,germ-germinadorap-de5832,LOT-20260506-651F-005,A2,1,0,0,Hierbabuena,,,,,,,2026-05-09 03:49:21,2026-05-06 20:48:22,55.02,3,cg_1778298559346_1,4326,cam1_20260508_214920.jpg,crops/cam1_20260508_214920_r1_c0.jpg,4328,cam1_20260508_214923.jpg,crops/cam1_20260508_214923_r1_c0.jpg,8803,27.7,,43,68.8,0,0,0,0,0,0.0,0.0,1509.0,0.0,25.5,8.5,0.0,0.0,,2026-05-09 03:49:24
germ-germinadorap-de5832|LOT-20260506-651F-005|r1_c0|rep0,LOT-20260506-651F-005:A2:R0,germ-germinadorap-de5832,LOT-20260506-651F-005,A2,1,0,0,Hierbabuena,,,,,,,2026-05-09 04:04:21,2026-05-06 20:48:22,55.27,3,cg_1778299459353_1,4331,cam1_20260508_220420.jpg,crops/cam1_20260508_220420_r1_c0.jpg,4333,cam1_20260508_220425.jpg,crops/cam1_20260508_220425_r1_c0.jpg,8820,27.8,,43,77.8,0,0,0,0,0,0.0,0.0,1510.0,0.0,25.5,8.5,0.0,0.0,,2026-05-09 04:04:26
germ-germinadorap-de5832|LOT-20260506-651F-005|r1_c0|rep0,LOT-20260506-651F-005:A2:R0,germ-germinadorap-de5832,LOT-20260506-651F-005,A2,1,0,0,Hierbabuena,,,,,,,2026-05-09 04:19:21,2026-05-06 20:48:22,55.52,3,cg_1778300359359_1,4335,cam1_20260508_221920.jpg,crops/cam1_20260508_221920_r1_c0.jpg,4337,cam1_20260508_221925.jpg,crops/cam1_20260508_221925_r1_c0.jpg,8832,27.9,,48,78.7,0,0,0,0,0,0.0,0.0,1510.0,0.0,25.5,8.5,0.0,0.0,,2026-05-09 04:19:26
germ-germinadorap-de5832|LOT-20260506-651F-005|r1_c0|rep0,LOT-20260506-651F-005:A2:R0,germ-germinadorap-de5832,LOT-20260506-651F-005,A2,1,0,0,Hierbabuena,,,,,,,2026-05-09 04:34:21,2026-05-06 20:48:22,55.77,3,cg_1778301259368_1,4338,cam1_20260508_223420.jpg,crops/cam1_20260508_223420_r1_c0.jpg,4340,cam1_20260508_223423.jpg,crops/cam1_20260508_223423_r1_c0.jpg,8839,27.9,,55,66.1,0,0,0,0,0,0.0,0.0,1510.0,0.0,25.5,8.5,0.0,0.0,,2026-05-09 04:34:24
germ-germinadorap-de5832|LOT-20260506-651F-005|r1_c0|rep0,LOT-20260506-651F-005:A2:R0,germ-germinadorap-de5832,LOT-20260506-651F-005,A2,1,0,0,Hierbabuena,,,,,,,2026-05-09 04:49:21,2026-05-06 20:48:22,56.02,3,cg_1778302159375_1,4342,cam1_20260508_224920.jpg,crops/cam1_20260508_224920_r1_c0.jpg,4344,cam1_20260508_224923.jpg,crops/cam1_20260508_224923_r1_c0.jpg,8851,27.8,,52,61.6,0,0,0,0,0,0.0,0.0,1510.0,0.0,25.5,8.5,0.0,0.0,,2026-05-09 04:49:24
germ-germinadorap-de5832|LOT-20260506-651F-005|r1_c0|rep0,LOT-20260506-651F-005:A2:R0,germ-germinadorap-de5832,LOT-20260506-651F-005,A2,1,0,0,Hierbabuena,,,,,,,2026-05-09 05:04:21,2026-05-06 20:48:22,56.27,3,cg_1778303059421_1,4346,cam1_20260508_230420.jpg,crops/cam1_20260508_230420_r1_c0.jpg,4348,cam1_20260508_230423.jpg,crops/cam1_20260508_230423_r1_c0.jpg,8863,27.8,,48,67,0,0,0,0,0,0.0,0.0,1510.0,0.0,25.5,8.5,0.0,0.0,,2026-05-09 05:04:24
germ-germinadorap-de5832|LOT-20260506-651F-005|r1_c0|rep0,LOT-20260506-651F-005:A2:R0,germ-germinadorap-de5832,LOT-20260506-651F-005,A2,1,0,0,Hierbabuena,,,,,,,2026-05-09 05:19:21,2026-05-06 20:48:22,56.52,3,cg_1778303959393_1,4350,cam1_20260508_231920.jpg,crops/cam1_20260508_231920_r1_c0.jpg,4352,cam1_20260508_231923.jpg,crops/cam1_20260508_231923_r1_c0.jpg,8875,27.8,,54,66.1,0,0,0,0,0,0.0,0.0,1510.0,0.0,25.5,8.5,0.0,0.0,,2026-05-09 05:19:24
germ-germinadorap-de5832|LOT-20260506-651F-005|r1_c0|rep0,LOT-20260506-651F-005:A2:R0,germ-germinadorap-de5832,LOT-20260506-651F-005,A2,1,0,0,Hierbabuena,,,,,,,2026-05-09 05:34:21,2026-05-06 20:48:22,56.77,3,cg_1778304859400_1,4355,cam1_20260508_233421.jpg,crops/cam1_20260508_233421_r1_c0.jpg,4357,cam1_20260508_233425.jpg,crops/cam1_20260508_233425_r1_c0.jpg,8892,27.7,,46,72.3,0,0,0,0,0,0.0,0.0,1510.0,0.0,25.5,8.5,0.0,0.0,,2026-05-09 05:34:26
germ-germinadorap-de5832|LOT-20260506-651F-005|r1_c0|rep0,LOT-20260506-651F-005:A2:R0,germ-germinadorap-de5832,LOT-20260506-651F-005,A2,1,0,0,Hierbabuena,,,,,,,2026-05-09 05:49:21,2026-05-06 20:48:22,57.02,3,cg_1778305759403_1,4358,cam1_20260508_234920.jpg,crops/cam1_20260508_234920_r1_c0.jpg,4360,cam1_20260508_234923.jpg,crops/cam1_20260508_234923_r1_c0.jpg,8899,26.9,,43,49.7,0,0,0,0,0,0.0,0.0,1511.0,0.0,25.5,8.5,0.0,0.0,,2026-05-09 05:49:24
germ-germinadorap-de5832|LOT-20260506-651F-005|r1_c0|rep0,LOT-20260506-651F-005:A2:R0,germ-germinadorap-de5832,LOT-20260506-651F-005,A2,1,0,0,Hierbabuena,,,,,,,2026-05-09 06:04:22,2026-05-06 20:48:22,57.27,3,cg_1778306659405_1,4363,cam1_20260509_000422.jpg,crops/cam1_20260509_000422_r1_c0.jpg,4365,cam1_20260509_000425.jpg,crops/cam1_20260509_000425_r1_c0.jpg,8916,26.7,,43,49.5,0,0,0,0,0,0.0,0.0,1511.0,0.0,25.5,8.5,0.0,0.0,,2026-05-09 06:04:26
germ-germinadorap-de5832|LOT-20260506-651F-005|r1_c0|rep0,LOT-20260506-651F-005:A2:R0,germ-germinadorap-de5832,LOT-20260506-651F-005,A2,1,0,0,Hierbabuena,,,,,,,2026-05-09 06:19:21,2026-05-06 20:48:22,57.52,3,cg_1778307559419_1,4367,cam1_20260509_001921.jpg,crops/cam1_20260509_001921_r1_c0.jpg,4369,cam1_20260509_001925.jpg,crops/cam1_20260509_001925_r1_c0.jpg,8928,26.6,,43,49.6,0,0,0,0,0,0.0,0.0,1511.0,0.0,25.5,8.5,0.0,0.0,,2026-05-09 06:19:26
germ-germinadorap-de5832|LOT-20260506-651F-005|r1_c0|rep0,LOT-20260506-651F-005:A2:R0,germ-germinadorap-de5832,LOT-20260506-651F-005,A2,1,0,0,Hierbabuena,,,,,,,2026-05-09 06:34:21,2026-05-06 20:48:22,57.77,3,cg_1778308459425_1,4371,cam1_20260509_003421.jpg,crops/cam1_20260509_003421_r1_c0.jpg,4373,cam1_20260509_003425.jpg,crops/cam1_20260509_003425_r1_c0.jpg,8940,26.5,,44,48.9,0,0,0,0,0,0.0,0.0,1511.0,0.0,25.5,8.5,0.0,0.0,,2026-05-09 06:34:27
germ-germinadorap-de5832|LOT-20260506-651F-005|r1_c0|rep0,LOT-20260506-651F-005:A2:R0,germ-germinadorap-de5832,LOT-20260506-651F-005,A2,1,0,0,Hierbabuena,,,,,,,2026-05-09 06:49:21,2026-05-06 20:48:22,58.02,3,cg_1778309359435_1,4374,cam1_20260509_004920.jpg,crops/cam1_20260509_004920_r1_c0.jpg,4376,cam1_20260509_004923.jpg,crops/cam1_20260509_004923_r1_c0.jpg,8947,26.1,,47,48.4,0,0,0,0,0,0.0,0.0,1511.0,0.0,25.5,8.5,0.0,0.0,,2026-05-09 06:49:24
germ-germinadorap-de5832|LOT-20260506-651F-005|r1_c0|rep0,LOT-20260506-651F-005:A2:R0,germ-germinadorap-de5832,LOT-20260506-651F-005,A2,1,0,0,Hierbabuena,,,,,,,2026-05-09 07:04:37,2026-05-06 20:48:22,58.27,3,cg_1778310275247_1,4378,cam1_20260509_010436.jpg,crops/cam1_20260509_010436_r1_c0.jpg,4380,cam1_20260509_010439.jpg,crops/cam1_20260509_010439_r1_c0.jpg,8959,26.8,,47,46.4,0,0,0,0,0,0.0,0.0,1511.0,0.0,25.5,8.5,0.0,0.0,,2026-05-09 07:04:40
germ-germinadorap-de5832|LOT-20260506-651F-005|r1_c0|rep0,LOT-20260506-651F-005:A2:R0,germ-germinadorap-de5832,LOT-20260506-651F-005,A2,1,0,0,Hierbabuena,,,,,,,2026-05-09 07:19:37,2026-05-06 20:48:22,58.52,3,cg_1778311175533_1,4382,cam1_20260509_011937.jpg,crops/cam1_20260509_011937_r1_c0.jpg,4384,cam1_20260509_011939.jpg,crops/cam1_20260509_011939_r1_c0.jpg,8971,27.3,,52,48.8,0,0,0,0,0,0.0,0.0,1511.0,0.0,25.5,8.5,0.0,0.0,,2026-05-09 07:19:40
germ-germinadorap-de5832|LOT-20260506-651F-005|r1_c0|rep0,LOT-20260506-651F-005:A2:R0,germ-germinadorap-de5832,LOT-20260506-651F-005,A2,1,0,0,Hierbabuena,,,,,,,2026-05-09 07:34:42,2026-05-06 20:48:22,58.77,3,cg_1778312079971_1,4386,cam1_20260509_013441.jpg,crops/cam1_20260509_013441_r1_c0.jpg,4388,cam1_20260509_013444.jpg,crops/cam1_20260509_013444_r1_c0.jpg,8983,27.3,,53,49,0,0,0,0,0,0.0,0.0,1511.0,0.0,25.5,8.5,0.0,0.0,,2026-05-09 07:34:45
germ-germinadorap-de5832|LOT-20260506-651F-005|r1_c0|rep0,LOT-20260506-651F-005:A2:R0,germ-germinadorap-de5832,LOT-20260506-651F-005,A2,1,0,0,Hierbabuena,,,,,,,2026-05-09 07:50:26,2026-05-06 20:48:22,59.03,3,cg_1778313024396_1,4390,cam1_20260509_015025.jpg,crops/cam1_20260509_015025_r1_c0.jpg,4392,cam1_20260509_015028.jpg,crops/cam1_20260509_015028_r1_c0.jpg,8995,27.3,,56,48.4,0,0,0,0,0,0.0,0.0,1513.0,0.0,25.5,8.5,0.0,0.0,,2026-05-09 07:50:30
germ-germinadorap-de5832|LOT-20260506-651F-005|r1_c0|rep0,LOT-20260506-651F-005:A2:R0,germ-germinadorap-de5832,LOT-20260506-651F-005,A2,1,0,0,Hierbabuena,,,,,,,2026-05-09 08:05:26,2026-05-06 20:48:22,59.28,3,cg_1778313924396_1,4394,cam1_20260509_020526.jpg,crops/cam1_20260509_020526_r1_c0.jpg,4396,cam1_20260509_020528.jpg,crops/cam1_20260509_020528_r1_c0.jpg,9007,27.5,,57,48.9,0,0,0,0,0,0.0,0.0,1513.0,0.0,25.6,8.5,0.0,0.0,,2026-05-09 08:05:29
germ-germinadorap-de5832|LOT-20260506-651F-005|r1_c0|rep0,LOT-20260506-651F-005:A2:R0,germ-germinadorap-de5832,LOT-20260506-651F-005,A2,1,0,0,Hierbabuena,,,,,,,2026-05-09 08:20:26,2026-05-06 20:48:22,59.53,3,cg_1778314824395_1,4399,cam1_20260509_022026.jpg,crops/cam1_20260509_022026_r1_c0.jpg,4401,cam1_20260509_022030.jpg,crops/cam1_20260509_022030_r1_c0.jpg,9024,27.4,,56,49.8,0,0,0,0,0,0.0,0.0,1513.0,0.0,25.9,8.6,0.0,0.0,,2026-05-09 08:20:31
germ-germinadorap-de5832|LOT-20260506-651F-005|r1_c0|rep0,LOT-20260506-651F-005:A2:R0,germ-germinadorap-de5832,LOT-20260506-651F-005,A2,1,0,0,Hierbabuena,,,,,,,2026-05-09 08:35:26,2026-05-06 20:48:22,59.78,3,cg_1778315724396_1,4403,cam1_20260509_023526.jpg,crops/cam1_20260509_023526_r1_c0.jpg,4405,cam1_20260509_023530.jpg,crops/cam1_20260509_023530_r1_c0.jpg,9036,27.5,,56,49,0,0,0,0,0,0.0,0.0,1513.0,0.0,26.1,8.7,0.0,0.0,,2026-05-09 08:35:31
germ-germinadorap-de5832|LOT-20260506-651F-005|r1_c0|rep0,LOT-20260506-651F-005:A2:R0,germ-germinadorap-de5832,LOT-20260506-651F-005,A2,1,0,0,Hierbabuena,,,,,,,2026-05-09 08:50:26,2026-05-06 20:48:22,60.03,3,cg_1778316624399_1,4407,cam1_20260509_025025.jpg,crops/cam1_20260509_025025_r1_c0.jpg,4409,cam1_20260509_025030.jpg,crops/cam1_20260509_025030_r1_c0.jpg,9048,27.4,,56,48.6,0,0,0,0,0,0.0,0.0,1513.0,0.0,26.4,8.8,0.0,0.0,,2026-05-09 08:50:31
germ-germinadorap-de5832|LOT-20260506-651F-005|r1_c0|rep0,LOT-20260506-651F-005:A2:R0,germ-germinadorap-de5832,LOT-20260506-651F-005,A2,1,0,0,Hierbabuena,,,,,,,2026-05-09 09:05:26,2026-05-06 20:48:22,60.28,3,cg_1778317524399_1,4411,cam1_20260509_030526.jpg,crops/cam1_20260509_030526_r1_c0.jpg,4413,cam1_20260509_030530.jpg,crops/cam1_20260509_030530_r1_c0.jpg,9060,27.3,,54,48.6,0,0,0,0,0,0.0,0.0,1513.0,0.0,26.6,8.9,0.0,0.0,,2026-05-09 09:05:31
germ-germinadorap-de5832|LOT-20260506-651F-005|r1_c0|rep0,LOT-20260506-651F-005:A2:R0,germ-germinadorap-de5832,LOT-20260506-651F-005,A2,1,0,0,Hierbabuena,,,,,,,2026-05-09 09:20:26,2026-05-06 20:48:22,60.53,3,cg_1778318424399_1,4415,cam1_20260509_032026.jpg,crops/cam1_20260509_032026_r1_c0.jpg,4417,cam1_20260509_032030.jpg,crops/cam1_20260509_032030_r1_c0.jpg,9072,27.5,,55,48.6,0,0,0,0,0,0.0,0.0,1513.0,0.0,26.9,9.0,0.0,0.0,,2026-05-09 09:20:31
germ-germinadorap-de5832|LOT-20260506-651F-005|r1_c0|rep0,LOT-20260506-651F-005:A2:R0,germ-germinadorap-de5832,LOT-20260506-651F-005,A2,1,0,0,Hierbabuena,,,,,,,2026-05-09 09:35:26,2026-05-06 20:48:22,60.78,3,cg_1778319324402_1,4418,cam1_20260509_033525.jpg,crops/cam1_20260509_033525_r1_c0.jpg,4420,cam1_20260509_033528.jpg,crops/cam1_20260509_033528_r1_c0.jpg,9079,27.2,,54,47.6,0,0,0,0,0,0.0,0.0,1513.0,0.0,27.1,9.0,0.0,0.0,,2026-05-09 09:35:29
germ-germinadorap-de5832|LOT-20260506-651F-005|r1_c0|rep0,LOT-20260506-651F-005:A2:R0,germ-germinadorap-de5832,LOT-20260506-651F-005,A2,1,0,0,Hierbabuena,,,,,,,2026-05-09 10:05:26,2026-05-06 20:48:22,61.28,3,cg_1778321124403_1,4424,cam1_20260509_040525.jpg,crops/cam1_20260509_040525_r1_c0.jpg,4426,cam1_20260509_040528.jpg,crops/cam1_20260509_040528_r1_c0.jpg,9096,27.3,,55,47.8,0,0,0,0,0,0.0,0.0,1513.0,0.0,27.6,9.2,0.0,0.0,,2026-05-09 10:05:29
germ-germinadorap-de5832|LOT-20260506-651F-005|r1_c0|rep0,LOT-20260506-651F-005:A2:R0,germ-germinadorap-de5832,LOT-20260506-651F-005,A2,1,0,0,Hierbabuena,,,,,,,2026-05-09 10:20:27,2026-05-06 20:48:22,61.53,3,cg_1778322024402_1,4429,cam1_20260509_042027.jpg,crops/cam1_20260509_042027_r1_c0.jpg,4431,cam1_20260509_042030.jpg,crops/cam1_20260509_042030_r1_c0.jpg,9113,27.3,,55,47.7,0,0,0,0,0,0.0,0.0,1513.0,0.0,27.9,9.3,0.0,0.0,,2026-05-09 10:20:31
germ-germinadorap-de5832|LOT-20260506-651F-005|r1_c0|rep0,LOT-20260506-651F-005:A2:R0,germ-germinadorap-de5832,LOT-20260506-651F-005,A2,1,0,0,Hierbabuena,,,,,,,2026-05-09 10:35:26,2026-05-06 20:48:22,61.78,3,cg_1778322924406_1,4433,cam1_20260509_043526.jpg,crops/cam1_20260509_043526_r1_c0.jpg,4435,cam1_20260509_043530.jpg,crops/cam1_20260509_043530_r1_c0.jpg,9125,27.2,,55,47.6,0,0,0,0,0,0.0,0.0,1513.0,0.0,28.1,9.4,0.0,0.0,,2026-05-09 10:35:31
germ-germinadorap-de5832|LOT-20260506-651F-005|r1_c0|rep0,LOT-20260506-651F-005:A2:R0,germ-germinadorap-de5832,LOT-20260506-651F-005,A2,1,0,0,Hierbabuena,,,,,,,2026-05-09 10:50:26,2026-05-06 20:48:22,62.03,3,cg_1778323824409_1,4437,cam1_20260509_045025.jpg,crops/cam1_20260509_045025_r1_c0.jpg,4439,cam1_20260509_045030.jpg,crops/cam1_20260509_045030_r1_c0.jpg,9137,27.3,,54,47.4,0,0,0,0,0,0.0,0.0,1513.0,0.0,28.4,9.5,0.0,0.0,,2026-05-09 10:50:31
germ-germinadorap-de5832|LOT-20260506-651F-005|r1_c0|rep0,LOT-20260506-651F-005:A2:R0,germ-germinadorap-de5832,LOT-20260506-651F-005,A2,1,0,0,Hierbabuena,,,,,,,2026-05-09 11:05:26,2026-05-06 20:48:22,62.28,3,cg_1778324724411_1,4440,cam1_20260509_050525.jpg,crops/cam1_20260509_050525_r1_c0.jpg,4442,cam1_20260509_050528.jpg,crops/cam1_20260509_050528_r1_c0.jpg,9144,27.2,,54,47.2,0,0,0,0,0,0.0,0.0,1513.0,0.0,28.6,9.5,0.0,0.0,,2026-05-09 11:05:29
germ-germinadorap-de5832|LOT-20260506-651F-005|r1_c0|rep0,LOT-20260506-651F-005:A2:R0,germ-germinadorap-de5832,LOT-20260506-651F-005,A2,1,0,0,Hierbabuena,,,,,,,2026-05-09 11:20:26,2026-05-06 20:48:22,62.53,3,cg_1778325624414_1,4444,cam1_20260509_052025.jpg,crops/cam1_20260509_052025_r1_c0.jpg,4446,cam1_20260509_052028.jpg,crops/cam1_20260509_052028_r1_c0.jpg,9156,27.3,,54,46.9,0,0,0,0,0,0.0,0.0,1513.0,0.0,28.9,9.6,0.0,0.0,,2026-05-09 11:20:29
germ-germinadorap-de5832|LOT-20260506-651F-005|r1_c0|rep0,LOT-20260506-651F-005:A2:R0,germ-germinadorap-de5832,LOT-20260506-651F-005,A2,1,0,0,Hierbabuena,,,,,,,2026-05-09 11:35:26,2026-05-06 20:48:22,62.78,3,cg_1778326524415_1,4449,cam1_20260509_053525.jpg,crops/cam1_20260509_053525_r1_c0.jpg,4451,cam1_20260509_053530.jpg,crops/cam1_20260509_053530_r1_c0.jpg,9173,27.2,,55,47,0,0,0,0,0,0.0,0.0,1514.0,0.0,29.1,9.7,0.0,0.0,,2026-05-09 11:35:31
germ-germinadorap-de5832|LOT-20260506-651F-005|r1_c0|rep0,LOT-20260506-651F-005:A2:R0,germ-germinadorap-de5832,LOT-20260506-651F-005,A2,1,0,0,Hierbabuena,,,,,,,2026-05-09 11:50:26,2026-05-06 20:48:22,63.03,3,cg_1778327424420_1,4452,cam1_20260509_055026.jpg,crops/cam1_20260509_055026_r1_c0.jpg,4454,cam1_20260509_055028.jpg,crops/cam1_20260509_055028_r1_c0.jpg,9180,27.2,,56,46.6,0,0,0,0,0,0.0,0.0,1514.0,0.0,29.4,9.8,0.0,0.0,,2026-05-09 11:50:29
germ-germinadorap-de5832|LOT-20260506-651F-005|r1_c0|rep0,LOT-20260506-651F-005:A2:R0,germ-germinadorap-de5832,LOT-20260506-651F-005,A2,1,0,0,Hierbabuena,,,,,,,2026-05-09 12:05:26,2026-05-06 20:48:22,63.28,3,cg_1778328324420_1,4456,cam1_20260509_060525.jpg,crops/cam1_20260509_060525_r1_c0.jpg,4458,cam1_20260509_060528.jpg,crops/cam1_20260509_060528_r1_c0.jpg,9192,27.2,,55,46.7,0,0,0,0,0,0.0,0.0,1514.0,0.0,29.6,9.9,0.0,0.0,,2026-05-09 12:05:29
germ-germinadorap-de5832|LOT-20260506-651F-005|r1_c0|rep0,LOT-20260506-651F-005:A2:R0,germ-germinadorap-de5832,LOT-20260506-651F-005,A2,1,0,0,Hierbabuena,,,,,,,2026-05-09 12:20:26,2026-05-06 20:48:22,63.53,3,cg_1778329224420_1,4461,cam1_20260509_062025.jpg,crops/cam1_20260509_062025_r1_c0.jpg,4463,cam1_20260509_062030.jpg,crops/cam1_20260509_062030_r1_c0.jpg,9209,27.1,,55,46.9,0,0,0,0,0,0.0,0.0,1514.0,0.0,29.9,10.0,0.0,0.0,,2026-05-09 12:20:31
germ-germinadorap-de5832|LOT-20260506-651F-005|r1_c0|rep0,LOT-20260506-651F-005:A2:R0,germ-germinadorap-de5832,LOT-20260506-651F-005,A2,1,0,0,Hierbabuena,,,,,,,2026-05-09 12:35:26,2026-05-06 20:48:22,63.78,3,cg_1778330124421_1,4465,cam1_20260509_063526.jpg,crops/cam1_20260509_063526_r1_c0.jpg,4467,cam1_20260509_063530.jpg,crops/cam1_20260509_063530_r1_c0.jpg,9221,27.2,,53,46.8,0,0,0,0,0,0.0,0.0,1514.0,0.0,30.1,10.0,0.0,0.0,,2026-05-09 12:35:31
germ-germinadorap-de5832|LOT-20260506-651F-005|r1_c0|rep0,LOT-20260506-651F-005:A2:R0,germ-germinadorap-de5832,LOT-20260506-651F-005,A2,1,0,0,Hierbabuena,,,,,,,2026-05-09 12:50:26,2026-05-06 20:48:22,64.03,3,cg_1778331024423_1,4469,cam1_20260509_065025.jpg,crops/cam1_20260509_065025_r1_c0.jpg,4471,cam1_20260509_065030.jpg,crops/cam1_20260509_065030_r1_c0.jpg,9233,27.3,,56,46,0,0,0,0,0,0.0,0.0,1514.0,0.0,30.4,10.1,0.0,0.0,,2026-05-09 12:50:31
germ-germinadorap-de5832|LOT-20260506-651F-005|r1_c0|rep0,LOT-20260506-651F-005:A2:R0,germ-germinadorap-de5832,LOT-20260506-651F-005,A2,1,0,0,Hierbabuena,,,,,,,2026-05-09 13:05:26,2026-05-06 20:48:22,64.28,3,cg_1778331924423_1,4472,cam1_20260509_070525.jpg,crops/cam1_20260509_070525_r1_c0.jpg,4474,cam1_20260509_070528.jpg,crops/cam1_20260509_070528_r1_c0.jpg,9240,27.1,,52,46.1,0,0,0,0,0,0.0,0.0,1514.0,0.0,30.6,10.2,0.0,0.0,,2026-05-09 13:05:29
germ-germinadorap-de5832|LOT-20260506-651F-005|r1_c0|rep0,LOT-20260506-651F-005:A2:R0,germ-germinadorap-de5832,LOT-20260506-651F-005,A2,1,0,0,Hierbabuena,,,,,,,2026-05-09 13:20:26,2026-05-06 20:48:22,64.53,3,cg_1778332824428_1,4476,cam1_20260509_072026.jpg,crops/cam1_20260509_072026_r1_c0.jpg,4478,cam1_20260509_072028.jpg,crops/cam1_20260509_072028_r1_c0.jpg,9252,27.1,,54,45.9,0,0,0,0,0,0.0,0.0,1514.0,0.0,30.9,10.3,0.0,0.0,,2026-05-09 13:20:29
germ-germinadorap-de5832|LOT-20260506-651F-005|r1_c0|rep0,LOT-20260506-651F-005:A2:R0,germ-germinadorap-de5832,LOT-20260506-651F-005,A2,1,0,0,Hierbabuena,,,,,,,2026-05-09 13:35:26,2026-05-06 20:48:22,64.78,3,cg_1778333724428_1,4481,cam1_20260509_073525.jpg,crops/cam1_20260509_073525_r1_c0.jpg,4483,cam1_20260509_073530.jpg,crops/cam1_20260509_073530_r1_c0.jpg,9269,27.1,,54,44.9,0,0,0,0,0,0.0,0.0,1514.0,0.0,31.1,10.4,0.0,0.0,,2026-05-09 13:35:31
germ-germinadorap-de5832|LOT-20260506-651F-005|r1_c0|rep0,LOT-20260506-651F-005:A2:R0,germ-germinadorap-de5832,LOT-20260506-651F-005,A2,1,0,0,Hierbabuena,,,,,,,2026-05-09 13:50:26,2026-05-06 20:48:22,65.03,3,cg_1778334624429_1,4484,cam1_20260509_075025.jpg,crops/cam1_20260509_075025_r1_c0.jpg,4486,cam1_20260509_075028.jpg,crops/cam1_20260509_075028_r1_c0.jpg,9276,27,,55,45.1,0,0,0,0,0,0.0,0.0,1514.0,0.0,31.4,10.5,0.0,0.0,,2026-05-09 13:50:29
germ-germinadorap-de5832|LOT-20260506-651F-005|r1_c0|rep0,LOT-20260506-651F-005:A2:R0,germ-germinadorap-de5832,LOT-20260506-651F-005,A2,1,0,0,Hierbabuena,,,,,,,2026-05-09 14:05:26,2026-05-06 20:48:22,65.28,3,cg_1778335524435_1,4489,cam1_20260509_080525.jpg,crops/cam1_20260509_080525_r1_c0.jpg,4491,cam1_20260509_080530.jpg,crops/cam1_20260509_080530_r1_c0.jpg,9293,27.3,,52,45.5,0,0,0,0,0,0.0,0.0,1519.0,0.0,31.6,10.5,0.0,0.0,,2026-05-09 14:05:31
germ-germinadorap-de5832|LOT-20260506-651F-005|r1_c0|rep0,LOT-20260506-651F-005:A2:R0,germ-germinadorap-de5832,LOT-20260506-651F-005,A2,1,0,0,Hierbabuena,,,,,,,2026-05-09 14:20:26,2026-05-06 20:48:22,65.53,3,cg_1778336424441_1,4493,cam1_20260509_082025.jpg,crops/cam1_20260509_082025_r1_c0.jpg,4495,cam1_20260509_082030.jpg,crops/cam1_20260509_082030_r1_c0.jpg,9305,27.5,,50,44.7,0,0,0,0,0,0.0,0.0,1534.0,0.0,31.9,10.6,0.0,0.0,,2026-05-09 14:20:31
germ-germinadorap-de5832|LOT-20260506-651F-005|r1_c0|rep0,LOT-20260506-651F-005:A2:R0,germ-germinadorap-de5832,LOT-20260506-651F-005,A2,1,0,0,Hierbabuena,,,,,,,2026-05-09 14:35:26,2026-05-06 20:48:22,65.78,3,cg_1778337324470_1,4497,cam1_20260509_083525.jpg,crops/cam1_20260509_083525_r1_c0.jpg,4499,cam1_20260509_083530.jpg,crops/cam1_20260509_083530_r1_c0.jpg,9317,27.8,,50,44.9,0,0,0,0,0,0.0,0.0,1549.0,0.0,32.1,10.7,0.0,0.0,,2026-05-09 14:35:31
germ-germinadorap-de5832|LOT-20260506-651F-005|r1_c0|rep0,LOT-20260506-651F-005:A2:R0,germ-germinadorap-de5832,LOT-20260506-651F-005,A2,1,0,0,Hierbabuena,,,,,,,2026-05-09 14:50:26,2026-05-06 20:48:22,66.03,3,cg_1778338224472_1,4501,cam1_20260509_085025.jpg,crops/cam1_20260509_085025_r1_c0.jpg,4503,cam1_20260509_085030.jpg,crops/cam1_20260509_085030_r1_c0.jpg,9329,27.9,,50,42.3,0,0,0,0,0,0.0,0.0,1564.0,0.0,32.4,10.8,0.0,0.0,,2026-05-09 14:50:31
germ-germinadorap-de5832|LOT-20260506-651F-005|r1_c0|rep0,LOT-20260506-651F-005:A2:R0,germ-germinadorap-de5832,LOT-20260506-651F-005,A2,1,0,0,Hierbabuena,,,,,,,2026-05-09 15:05:29,2026-05-06 20:48:22,66.29,3,cg_1778339124473_1,4504,cam1_20260509_090529.jpg,crops/cam1_20260509_090529_r1_c0.jpg,4506,cam1_20260509_090531.jpg,crops/cam1_20260509_090531_r1_c0.jpg,9336,28,,49,42.9,0,0,0,0,0,0.0,0.0,1579.0,0.0,32.6,10.9,0.0,0.0,,2026-05-09 15:05:32
germ-germinadorap-de5832|LOT-20260506-651F-005|r1_c0|rep0,LOT-20260506-651F-005:A2:R0,germ-germinadorap-de5832,LOT-20260506-651F-005,A2,1,0,0,Hierbabuena,,,,,,,2026-05-09 22:54:44,2026-05-06 20:48:22,74.11,4,cg_1778367281963_1,4508,cam1_20260509_165443.jpg,crops/cam1_20260509_165443_r1_c0.jpg,4510,cam1_20260509_165446.jpg,crops/cam1_20260509_165446_r1_c0.jpg,9348,26.5,,48,0,0,0,0,0,0,0.0,0.0,2048.0,0.0,37.6,9.4,0.0,0.0,,2026-05-09 22:54:49
germ-germinadorap-de5832|LOT-20260506-651F-005|r1_c0|rep0,LOT-20260506-651F-005:A2:R0,germ-germinadorap-de5832,LOT-20260506-651F-005,A2,1,0,0,Hierbabuena,,,,,,,2026-05-09 23:09:45,2026-05-06 20:48:22,74.36,4,cg_1778368181978_1,4513,cam1_20260509_170945.jpg,crops/cam1_20260509_170945_r1_c0.jpg,4515,cam1_20260509_170948.jpg,crops/cam1_20260509_170948_r1_c0.jpg,9365,26.9,,59,0,0,0,0,0,0,0.0,0.0,2063.0,0.0,37.7,9.4,0.0,0.0,,2026-05-09 23:09:49
germ-germinadorap-de5832|LOT-20260506-651F-005|r1_c0|rep0,LOT-20260506-651F-005:A2:R0,germ-germinadorap-de5832,LOT-20260506-651F-005,A2,1,0,0,Hierbabuena,,,,,,,2026-05-09 23:24:44,2026-05-06 20:48:22,74.61,4,cg_1778369081979_1,4517,cam1_20260509_172443.jpg,crops/cam1_20260509_172443_r1_c0.jpg,4519,cam1_20260509_172448.jpg,crops/cam1_20260509_172448_r1_c0.jpg,9377,27.4,,53,0,0,0,0,0,0,0.0,0.0,2078.0,0.0,37.7,9.4,0.0,0.0,,2026-05-09 23:24:49
germ-germinadorap-de5832|LOT-20260506-651F-005|r1_c0|rep0,LOT-20260506-651F-005:A2:R0,germ-germinadorap-de5832,LOT-20260506-651F-005,A2,1,0,0,Hierbabuena,,,,,,,2026-05-09 23:39:46,2026-05-06 20:48:22,74.86,4,cg_1778369981983_1,4521,cam1_20260509_173945.jpg,crops/cam1_20260509_173945_r1_c0.jpg,4523,cam1_20260509_173948.jpg,crops/cam1_20260509_173948_r1_c0.jpg,9389,27.6,,51,0,0,0,0,0,0,0.0,0.0,2093.0,0.0,37.7,9.4,0.0,0.0,,2026-05-09 23:39:49
germ-germinadorap-de5832|LOT-20260506-651F-005|r1_c0|rep0,LOT-20260506-651F-005:A2:R0,germ-germinadorap-de5832,LOT-20260506-651F-005,A2,1,0,0,Hierbabuena,,,,,,,2026-05-09 23:54:45,2026-05-06 20:48:22,75.11,4,cg_1778370881988_1,4525,cam1_20260509_175445.jpg,crops/cam1_20260509_175445_r1_c0.jpg,4527,cam1_20260509_175448.jpg,crops/cam1_20260509_175448_r1_c0.jpg,9401,27.8,,50,0,0,0,0,0,0,0.0,0.0,2108.0,0.0,37.7,9.4,0.0,0.0,,2026-05-09 23:54:49
germ-germinadorap-de5832|LOT-20260506-651F-005|r1_c0|rep0,LOT-20260506-651F-005:A2:R0,germ-germinadorap-de5832,LOT-20260506-651F-005,A2,1,0,0,Hierbabuena,,,,,,,2026-05-10 00:09:44,2026-05-06 20:48:22,75.36,4,cg_1778371781989_1,4529,cam1_20260509_180943.jpg,crops/cam1_20260509_180943_r1_c0.jpg,4531,cam1_20260509_180948.jpg,crops/cam1_20260509_180948_r1_c0.jpg,9413,28.2,,50,0,0,0,0,1,0,15.0,0.0,2123.0,0.0,37.7,9.4,0.0,0.0,,2026-05-10 00:09:49
germ-germinadorap-de5832|LOT-20260506-651F-005|r1_c0|rep0,LOT-20260506-651F-005:A2:R0,germ-germinadorap-de5832,LOT-20260506-651F-005,A2,1,0,0,Hierbabuena,,,,,,,2026-05-10 00:24:44,2026-05-06 20:48:22,75.61,4,cg_1778372681994_1,4533,cam1_20260509_182444.jpg,crops/cam1_20260509_182444_r1_c0.jpg,4535,cam1_20260509_182448.jpg,crops/cam1_20260509_182448_r1_c0.jpg,9425,28.2,,50,0,0,0,0,0,0,0.0,0.0,2138.0,0.0,37.7,9.4,0.0,0.0,,2026-05-10 00:24:50
germ-germinadorap-de5832|LOT-20260506-651F-005|r1_c0|rep0,LOT-20260506-651F-005:A2:R0,germ-germinadorap-de5832,LOT-20260506-651F-005,A2,1,0,0,Hierbabuena,,,,,,,2026-05-10 00:39:44,2026-05-06 20:48:22,75.86,4,cg_1778373581999_1,4537,cam1_20260509_183943.jpg,crops/cam1_20260509_183943_r1_c0.jpg,4539,cam1_20260509_183948.jpg,crops/cam1_20260509_183948_r1_c0.jpg,9437,28.2,,50,0,0,0,0,0,0,0.0,0.0,2153.0,0.0,37.7,9.4,0.0,0.0,,2026-05-10 00:39:49
germ-germinadorap-de5832|LOT-20260506-651F-005|r1_c0|rep0,LOT-20260506-651F-005:A2:R0,germ-germinadorap-de5832,LOT-20260506-651F-005,A2,1,0,0,Hierbabuena,,,,,,,2026-05-10 00:54:44,2026-05-06 20:48:22,76.11,4,cg_1778374481999_1,4541,cam1_20260509_185444.jpg,crops/cam1_20260509_185444_r1_c0.jpg,4543,cam1_20260509_185448.jpg,crops/cam1_20260509_185448_r1_c0.jpg,9449,28.2,,50,0,0,0,0,0,0,0.0,0.0,2168.0,0.0,37.7,9.4,0.0,0.0,,2026-05-10 00:54:49
germ-germinadorap-de5832|LOT-20260506-651F-005|r1_c0|rep0,LOT-20260506-651F-005:A2:R0,germ-germinadorap-de5832,LOT-20260506-651F-005,A2,1,0,0,Hierbabuena,,,,,,,2026-05-10 01:09:46,2026-05-06 20:48:22,76.36,4,cg_1778375382000_1,4545,cam1_20260509_190945.jpg,crops/cam1_20260509_190945_r1_c0.jpg,4547,cam1_20260509_190948.jpg,crops/cam1_20260509_190948_r1_c0.jpg,9461,28.5,,50,0,0,0,0,0,0,0.0,0.0,2182.0,0.0,37.7,9.4,0.0,0.0,,2026-05-10 01:09:50
germ-germinadorap-de5832|LOT-20260506-651F-005|r1_c0|rep0,LOT-20260506-651F-005:A2:R0,germ-germinadorap-de5832,LOT-20260506-651F-005,A2,1,0,0,Hierbabuena,,,,,,,2026-05-10 01:24:46,2026-05-06 20:48:22,76.61,4,cg_1778376282004_1,4549,cam1_20260509_192445.jpg,crops/cam1_20260509_192445_r1_c0.jpg,4551,cam1_20260509_192450.jpg,crops/cam1_20260509_192450_r1_c0.jpg,9473,28.5,,50,0,0,0,0,0,0,0.0,0.0,2197.0,0.0,37.7,9.4,0.0,0.0,,2026-05-10 01:24:51
germ-germinadorap-de5832|LOT-20260506-651F-005|r1_c0|rep0,LOT-20260506-651F-005:A2:R0,germ-germinadorap-de5832,LOT-20260506-651F-005,A2,1,0,0,Hierbabuena,,,,,,,2026-05-10 01:39:44,2026-05-06 20:48:22,76.86,4,cg_1778377182004_1,4553,cam1_20260509_193943.jpg,crops/cam1_20260509_193943_r1_c0.jpg,4555,cam1_20260509_193948.jpg,crops/cam1_20260509_193948_r1_c0.jpg,9485,28.6,,51,0,0,0,0,0,0,0.0,0.0,2212.0,0.0,37.7,9.4,0.0,0.0,,2026-05-10 01:39:50
germ-germinadorap-de5832|LOT-20260506-651F-005|r1_c0|rep0,LOT-20260506-651F-005:A2:R0,germ-germinadorap-de5832,LOT-20260506-651F-005,A2,1,0,0,Hierbabuena,,,,,,,2026-05-10 01:54:44,2026-05-06 20:48:22,77.11,4,cg_1778378082009_1,4557,cam1_20260509_195443.jpg,crops/cam1_20260509_195443_r1_c0.jpg,4559,cam1_20260509_195448.jpg,crops/cam1_20260509_195448_r1_c0.jpg,9497,28.4,,51,0,0,0,0,0,0,0.0,0.0,2227.0,0.0,37.7,9.4,0.0,0.0,,2026-05-10 01:54:49
germ-germinadorap-de5832|LOT-20260506-651F-005|r1_c0|rep0,LOT-20260506-651F-005:A2:R0,germ-germinadorap-de5832,LOT-20260506-651F-005,A2,1,0,0,Hierbabuena,,,,,,,2026-05-10 02:09:44,2026-05-06 20:48:22,77.36,4,cg_1778378982011_1,4561,cam1_20260509_200943.jpg,crops/cam1_20260509_200943_r1_c0.jpg,4563,cam1_20260509_200948.jpg,crops/cam1_20260509_200948_r1_c0.jpg,9509,28.4,,51,0,0,0,0,0,0,0.0,0.0,2232.0,0.0,37.7,9.4,0.0,0.0,,2026-05-10 02:09:49
germ-germinadorap-de5832|LOT-20260506-651F-005|r1_c0|rep0,LOT-20260506-651F-005:A2:R0,germ-germinadorap-de5832,LOT-20260506-651F-005,A2,1,0,0,Hierbabuena,,,,,,,2026-05-10 02:24:44,2026-05-06 20:48:22,77.61,4,cg_1778379882013_1,4565,cam1_20260509_202443.jpg,crops/cam1_20260509_202443_r1_c0.jpg,4567,cam1_20260509_202448.jpg,crops/cam1_20260509_202448_r1_c0.jpg,9521,28.5,,53,0,0,0,0,0,0,0.0,0.0,2232.0,0.0,37.7,9.4,0.0,0.0,,2026-05-10 02:24:49
germ-germinadorap-de5832|LOT-20260506-651F-005|r1_c0|rep0,LOT-20260506-651F-005:A2:R0,germ-germinadorap-de5832,LOT-20260506-651F-005,A2,1,0,0,Hierbabuena,,,,,,,2026-05-10 02:39:44,2026-05-06 20:48:22,77.86,4,cg_1778380782015_1,4569,cam1_20260509_203943.jpg,crops/cam1_20260509_203943_r1_c0.jpg,4571,cam1_20260509_203948.jpg,crops/cam1_20260509_203948_r1_c0.jpg,9533,28.2,,54,0,0,0,0,0,0,0.0,0.0,2233.0,0.0,37.7,9.4,0.0,0.0,,2026-05-10 02:39:49
germ-germinadorap-de5832|LOT-20260506-651F-005|r1_c0|rep0,LOT-20260506-651F-005:A2:R0,germ-germinadorap-de5832,LOT-20260506-651F-005,A2,1,0,0,Hierbabuena,,,,,,,2026-05-10 02:54:44,2026-05-06 20:48:22,78.11,4,cg_1778381682015_1,4573,cam1_20260509_205443.jpg,crops/cam1_20260509_205443_r1_c0.jpg,4575,cam1_20260509_205448.jpg,crops/cam1_20260509_205448_r1_c0.jpg,9545,28.1,,55,0,0,0,0,0,0,0.0,0.0,2233.0,0.0,37.7,9.4,0.0,0.0,,2026-05-10 02:54:49
germ-germinadorap-de5832|LOT-20260506-651F-005|r1_c0|rep0,LOT-20260506-651F-005:A2:R0,germ-germinadorap-de5832,LOT-20260506-651F-005,A2,1,0,0,Hierbabuena,,,,,,,2026-05-10 03:09:44,2026-05-06 20:48:22,78.36,4,cg_1778382582015_1,4577,cam1_20260509_210943.jpg,crops/cam1_20260509_210943_r1_c0.jpg,4579,cam1_20260509_210948.jpg,crops/cam1_20260509_210948_r1_c0.jpg,9557,28,,56,0,0,0,0,0,0,0.0,0.0,2233.0,0.0,37.7,9.4,0.0,0.0,,2026-05-10 03:09:49
germ-germinadorap-de5832|LOT-20260506-651F-005|r1_c0|rep0,LOT-20260506-651F-005:A2:R0,germ-germinadorap-de5832,LOT-20260506-651F-005,A2,1,0,0,Hierbabuena,,,,,,,2026-05-10 03:24:44,2026-05-06 20:48:22,78.61,4,cg_1778383482016_1,4581,cam1_20260509_212443.jpg,crops/cam1_20260509_212443_r1_c0.jpg,4583,cam1_20260509_212448.jpg,crops/cam1_20260509_212448_r1_c0.jpg,9569,27.8,,55,0,0,0,0,0,0,0.0,0.0,2233.0,0.0,37.7,9.4,0.0,0.0,,2026-05-10 03:24:49
germ-germinadorap-de5832|LOT-20260506-651F-005|r1_c0|rep0,LOT-20260506-651F-005:A2:R0,germ-germinadorap-de5832,LOT-20260506-651F-005,A2,1,0,0,Hierbabuena,,,,,,,2026-05-10 03:39:44,2026-05-06 20:48:22,78.86,4,cg_1778384382021_1,4585,cam1_20260509_213943.jpg,crops/cam1_20260509_213943_r1_c0.jpg,4587,cam1_20260509_213948.jpg,crops/cam1_20260509_213948_r1_c0.jpg,9581,27.8,,55,0,0,0,0,0,0,0.0,0.0,2233.0,0.0,37.7,9.4,0.0,0.0,,2026-05-10 03:39:49
germ-germinadorap-de5832|LOT-20260506-651F-005|r1_c0|rep0,LOT-20260506-651F-005:A2:R0,germ-germinadorap-de5832,LOT-20260506-651F-005,A2,1,0,0,Hierbabuena,,,,,,,2026-05-10 03:54:44,2026-05-06 20:48:22,79.11,4,cg_1778385282027_1,4589,cam1_20260509_215443.jpg,crops/cam1_20260509_215443_r1_c0.jpg,4591,cam1_20260509_215448.jpg,crops/cam1_20260509_215448_r1_c0.jpg,9593,27.8,,55,0,0,0,0,0,0,0.0,0.0,2233.0,0.0,37.7,9.4,0.0,0.0,,2026-05-10 03:54:49
germ-germinadorap-de5832|LOT-20260506-651F-005|r1_c0|rep0,LOT-20260506-651F-005:A2:R0,germ-germinadorap-de5832,LOT-20260506-651F-005,A2,1,0,0,Hierbabuena,,,,,,,2026-05-10 04:09:45,2026-05-06 20:48:22,79.36,4,cg_1778386182025_1,4593,cam1_20260509_220945.jpg,crops/cam1_20260509_220945_r1_c0.jpg,4595,cam1_20260509_220948.jpg,crops/cam1_20260509_220948_r1_c0.jpg,9605,27.9,,56,0,0,0,0,0,0,0.0,0.0,2233.0,0.0,37.7,9.4,0.0,0.0,,2026-05-10 04:09:49
germ-germinadorap-de5832|LOT-20260506-651F-005|r1_c0|rep0,LOT-20260506-651F-005:A2:R0,germ-germinadorap-de5832,LOT-20260506-651F-005,A2,1,0,0,Hierbabuena,,,,,,,2026-05-10 04:24:44,2026-05-06 20:48:22,79.61,4,cg_1778387082025_1,4597,cam1_20260509_222444.jpg,crops/cam1_20260509_222444_r1_c0.jpg,4599,cam1_20260509_222448.jpg,crops/cam1_20260509_222448_r1_c0.jpg,9617,27.8,,56,0,0,0,0,0,0,0.0,0.0,2233.0,0.0,37.7,9.4,0.0,0.0,,2026-05-10 04:24:49
germ-germinadorap-de5832|LOT-20260506-651F-005|r1_c0|rep0,LOT-20260506-651F-005:A2:R0,germ-germinadorap-de5832,LOT-20260506-651F-005,A2,1,0,0,Hierbabuena,,,,,,,2026-05-10 04:39:44,2026-05-06 20:48:22,79.86,4,cg_1778387982024_1,4600,cam1_20260509_223943.jpg,crops/cam1_20260509_223943_r1_c0.jpg,4602,cam1_20260509_223946.jpg,crops/cam1_20260509_223946_r1_c0.jpg,9624,27.8,,56,0,0,0,0,0,0,0.0,0.0,2233.0,0.0,37.7,9.4,0.0,0.0,,2026-05-10 04:39:47
germ-germinadorap-de5832|LOT-20260506-651F-005|r1_c0|rep0,LOT-20260506-651F-005:A2:R0,germ-germinadorap-de5832,LOT-20260506-651F-005,A2,1,0,0,Hierbabuena,,,,,,,2026-05-10 04:55:33,2026-05-06 20:48:22,80.12,4,cg_1778388930019_1,4605,cam1_20260509_225532.jpg,crops/cam1_20260509_225532_r1_c0.jpg,4607,cam1_20260509_225536.jpg,crops/cam1_20260509_225536_r1_c0.jpg,9641,28.2,,50,77.8,0,0,0,0,0,0.0,0.0,2239.0,0.0,37.7,9.4,0.0,0.0,,2026-05-10 04:55:38
germ-germinadorap-de5832|LOT-20260506-651F-005|r1_c0|rep0,LOT-20260506-651F-005:A2:R0,germ-germinadorap-de5832,LOT-20260506-651F-005,A2,1,0,0,Hierbabuena,,,,,,,2026-05-10 05:10:32,2026-05-06 20:48:22,80.37,4,cg_1778389830172_1,4609,cam1_20260509_231032.jpg,crops/cam1_20260509_231032_r1_c0.jpg,4611,cam1_20260509_231036.jpg,crops/cam1_20260509_231036_r1_c0.jpg,9653,28.6,,49,100,0,0,0,0,0,0.0,0.0,2245.0,0.0,37.7,9.4,0.0,0.0,,2026-05-10 05:10:38
germ-germinadorap-de5832|LOT-20260506-651F-005|r1_c0|rep0,LOT-20260506-651F-005:A2:R0,germ-germinadorap-de5832,LOT-20260506-651F-005,A2,1,0,0,Hierbabuena,,,,,,,2026-05-10 05:25:37,2026-05-06 20:48:22,80.62,4,cg_1778390735086_1,4613,cam1_20260509_232536.jpg,crops/cam1_20260509_232536_r1_c0.jpg,4615,cam1_20260509_232543.jpg,crops/cam1_20260509_232543_r1_c0.jpg,9665,28.6,,49,95.4,0,0,0,0,0,0.0,0.0,2246.0,0.0,37.7,9.4,0.0,0.0,,2026-05-10 05:25:45
germ-germinadorap-de5832|LOT-20260506-651F-005|r1_c0|rep0,LOT-20260506-651F-005:A2:R0,germ-germinadorap-de5832,LOT-20260506-651F-005,A2,1,0,0,Hierbabuena,,,,,,,2026-05-10 05:41:28,2026-05-06 20:48:22,80.89,4,cg_1778391684927_1,4616,cam1_20260509_234127.jpg,crops/cam1_20260509_234127_r1_c0.jpg,4618,cam1_20260509_234131.jpg,crops/cam1_20260509_234131_r1_c0.jpg,9672,28.4,,49,100,0,0,0,0,0,0.0,0.0,2246.0,0.0,37.7,9.4,0.0,0.0,,2026-05-10 05:41:33
germ-germinadorap-de5832|LOT-20260506-651F-005|r1_c0|rep0,LOT-20260506-651F-005:A2:R0,germ-germinadorap-de5832,LOT-20260506-651F-005,A2,1,0,0,Hierbabuena,,,,,,,2026-05-10 05:56:28,2026-05-06 20:48:22,81.14,4,cg_1778392584925_1,4621,cam1_20260509_235628.jpg,crops/cam1_20260509_235628_r1_c0.jpg,4623,cam1_20260509_235632.jpg,crops/cam1_20260509_235632_r1_c0.jpg,9689,28.7,,48,100,0,0,0,0,0,0.0,0.0,2246.0,0.0,37.7,9.4,0.0,0.0,,2026-05-10 05:56:33
germ-germinadorap-de5832|LOT-20260506-651F-005|r1_c0|rep0,LOT-20260506-651F-005:A2:R0,germ-germinadorap-de5832,LOT-20260506-651F-005,A2,1,0,0,Hierbabuena,,,,,,,2026-05-10 06:11:28,2026-05-06 20:48:22,81.39,4,cg_1778393484925_1,4628,cam1_20260510_001127.jpg,crops/cam1_20260510_001127_r1_c0.jpg,4630,cam1_20260510_001136.jpg,crops/cam1_20260510_001136_r1_c0.jpg,9696,28.6,,48,100,0,0,0,0,0,0.0,0.0,2246.0,0.0,37.7,9.4,0.0,0.0,,2026-05-10 06:11:37
germ-germinadorap-de5832|LOT-20260506-651F-005|r1_c0|rep0,LOT-20260506-651F-005:A2:R0,germ-germinadorap-de5832,LOT-20260506-651F-005,A2,1,0,0,Hierbabuena,,,,,,,2026-05-10 06:26:29,2026-05-06 20:48:22,81.64,4,cg_1778394384926_1,4633,cam1_20260510_002629.jpg,crops/cam1_20260510_002629_r1_c0.jpg,4635,cam1_20260510_002640.jpg,crops/cam1_20260510_002640_r1_c0.jpg,9713,28.4,,49,100,0,0,0,0,0,0.0,0.0,2246.0,0.0,37.7,9.4,0.0,0.0,,2026-05-10 06:26:41
germ-germinadorap-de5832|LOT-20260506-651F-005|r1_c0|rep0,LOT-20260506-651F-005:A2:R0,germ-germinadorap-de5832,LOT-20260506-651F-005,A2,1,0,0,Hierbabuena,,,,,,,2026-05-10 06:41:29,2026-05-06 20:48:22,81.89,4,cg_1778395284927_1,4637,cam1_20260510_004128.jpg,crops/cam1_20260510_004128_r1_c0.jpg,4639,cam1_20260510_004139.jpg,crops/cam1_20260510_004139_r1_c0.jpg,9725,28.3,,49,100,0,0,0,0,0,0.0,0.0,2246.0,0.0,37.7,9.4,0.0,0.0,,2026-05-10 06:41:41
germ-germinadorap-de5832|LOT-20260506-651F-005|r1_c0|rep0,LOT-20260506-651F-005:A2:R0,germ-germinadorap-de5832,LOT-20260506-651F-005,A2,1,0,0,Hierbabuena,,,,,,,2026-05-10 06:56:28,2026-05-06 20:48:22,82.14,4,cg_1778396184928_1,4640,cam1_20260510_005628.jpg,crops/cam1_20260510_005628_r1_c0.jpg,4642,cam1_20260510_005634.jpg,crops/cam1_20260510_005634_r1_c0.jpg,9732,28.3,,50,100,0,0,0,0,0,0.0,0.0,2246.0,0.0,37.7,9.4,0.0,0.0,,2026-05-10 06:56:36
germ-germinadorap-de5832|LOT-20260506-651F-005|r1_c0|rep0,LOT-20260506-651F-005:A2:R0,germ-germinadorap-de5832,LOT-20260506-651F-005,A2,1,0,0,Hierbabuena,,,,,,,2026-05-10 07:11:28,2026-05-06 20:48:22,82.39,4,cg_1778397084929_1,4645,cam1_20260510_011128.jpg,crops/cam1_20260510_011128_r1_c0.jpg,4647,cam1_20260510_011137.jpg,crops/cam1_20260510_011137_r1_c0.jpg,9749,28.4,,50,100,0,0,0,0,0,0.0,0.0,2247.0,0.0,37.7,9.4,0.0,0.0,,2026-05-10 07:11:39
germ-germinadorap-de5832|LOT-20260506-651F-005|r1_c0|rep0,LOT-20260506-651F-005:A2:R0,germ-germinadorap-de5832,LOT-20260506-651F-005,A2,1,0,0,Hierbabuena,,,,,,,2026-05-10 07:26:28,2026-05-06 20:48:22,82.64,4,cg_1778397984929_1,4648,cam1_20260510_012627.jpg,crops/cam1_20260510_012627_r1_c0.jpg,4650,cam1_20260510_012634.jpg,crops/cam1_20260510_012634_r1_c0.jpg,9756,28.3,,50,100,0,0,0,0,0,0.0,0.0,2247.0,0.0,37.7,9.4,0.0,0.0,,2026-05-10 07:26:36
germ-germinadorap-de5832|LOT-20260506-651F-005|r1_c0|rep0,LOT-20260506-651F-005:A2:R0,germ-germinadorap-de5832,LOT-20260506-651F-005,A2,1,0,0,Hierbabuena,,,,,,,2026-05-10 07:42:28,2026-05-06 20:48:22,82.90,4,cg_1778398944929_1,4653,cam1_20260510_014228.jpg,crops/cam1_20260510_014228_r1_c0.jpg,4655,cam1_20260510_014237.jpg,crops/cam1_20260510_014237_r1_c0.jpg,9773,28.4,,51,100,0,0,0,0,0,0.0,0.0,2247.0,0.0,37.7,9.4,0.0,0.0,,2026-05-10 07:42:39
germ-germinadorap-de5832|LOT-20260506-651F-005|r1_c0|rep0,LOT-20260506-651F-005:A2:R0,germ-germinadorap-de5832,LOT-20260506-651F-005,A2,1,0,0,Hierbabuena,,,,,,,2026-05-10 07:57:27,2026-05-06 20:48:22,83.15,4,cg_1778399844929_1,4657,cam1_20260510_015727.jpg,crops/cam1_20260510_015727_r1_c0.jpg,4659,cam1_20260510_015731.jpg,crops/cam1_20260510_015731_r1_c0.jpg,9785,28.4,,50,100,0,0,0,0,0,0.0,0.0,2247.0,0.0,37.7,9.4,0.0,0.0,,2026-05-10 07:57:33
germ-germinadorap-de5832|LOT-20260506-651F-005|r1_c0|rep0,LOT-20260506-651F-005:A2:R0,germ-germinadorap-de5832,LOT-20260506-651F-005,A2,1,0,0,Hierbabuena,,,,,,,2026-05-10 15:09:40,2026-05-06 20:48:22,90.36,4,cg_1778425778437_1,4661,cam1_20260510_090940.jpg,crops/cam1_20260510_090940_r1_c0.jpg,4663,cam1_20260510_090944.jpg,crops/cam1_20260510_090944_r1_c0.jpg,9797,27.2,,51,46.9,0,0,0,0,0,0.0,0.0,2248.0,0.0,43.7,10.9,0.6,0.2,,2026-05-10 15:09:45
germ-germinadorap-de5832|LOT-20260506-651F-005|r1_c0|rep0,LOT-20260506-651F-005:A2:R0,germ-germinadorap-de5832,LOT-20260506-651F-005,A2,1,0,0,Hierbabuena,,,,,,,2026-05-10 15:24:40,2026-05-06 20:48:22,90.61,4,cg_1778426678438_1,4665,cam1_20260510_092440.jpg,crops/cam1_20260510_092440_r1_c0.jpg,4667,cam1_20260510_092444.jpg,crops/cam1_20260510_092444_r1_c0.jpg,9809,27.6,,47,46.6,0,0,0,0,0,0.0,0.0,2263.0,0.0,44.0,11.0,0.7,0.2,,2026-05-10 15:24:45
germ-germinadorap-de5832|LOT-20260506-651F-005|r1_c0|rep0,LOT-20260506-651F-005:A2:R0,germ-germinadorap-de5832,LOT-20260506-651F-005,A2,1,0,0,Hierbabuena,,,,,,,2026-05-10 15:39:40,2026-05-06 20:48:22,90.86,4,cg_1778427578435_1,4669,cam1_20260510_093940.jpg,crops/cam1_20260510_093940_r1_c0.jpg,4671,cam1_20260510_093944.jpg,crops/cam1_20260510_093944_r1_c0.jpg,9821,28.4,,46,47.8,0,0,0,0,0,0.0,0.0,2278.0,0.0,44.2,11.1,0.8,0.2,,2026-05-10 15:39:45
germ-germinadorap-de5832|LOT-20260506-651F-005|r1_c0|rep0,LOT-20260506-651F-005:A2:R0,germ-germinadorap-de5832,LOT-20260506-651F-005,A2,1,0,0,Hierbabuena,,,,,,,2026-05-10 15:54:42,2026-05-06 20:48:22,91.11,4,cg_1778428478436_1,4673,cam1_20260510_095441.jpg,crops/cam1_20260510_095441_r1_c0.jpg,4675,cam1_20260510_095444.jpg,crops/cam1_20260510_095444_r1_c0.jpg,9833,28.8,,45,49.5,0,0,0,0,0,0.0,0.0,2293.0,0.0,44.5,11.1,0.8,0.2,,2026-05-10 15:54:46
germ-germinadorap-de5832|LOT-20260506-651F-005|r1_c0|rep0,LOT-20260506-651F-005:A2:R0,germ-germinadorap-de5832,LOT-20260506-651F-005,A2,1,0,0,Hierbabuena,,,,,,,2026-05-10 16:09:41,2026-05-06 20:48:22,91.36,4,cg_1778429378438_1,4677,cam1_20260510_100940.jpg,crops/cam1_20260510_100940_r1_c0.jpg,4679,cam1_20260510_100944.jpg,crops/cam1_20260510_100944_r1_c0.jpg,9845,28.8,,44,69.6,0,0,0,0,0,0.0,0.0,2307.0,0.0,44.7,11.2,0.9,0.2,,2026-05-10 16:09:46
germ-germinadorap-de5832|LOT-20260506-651F-005|r1_c0|rep0,LOT-20260506-651F-005:A2:R0,germ-germinadorap-de5832,LOT-20260506-651F-005,A2,1,0,0,Hierbabuena,,,,,,,2026-05-10 16:24:40,2026-05-06 20:48:22,91.61,4,cg_1778430278438_1,4681,cam1_20260510_102440.jpg,crops/cam1_20260510_102440_r1_c0.jpg,4683,cam1_20260510_102445.jpg,crops/cam1_20260510_102445_r1_c0.jpg,9857,28.9,,44,50,0,0,0,0,0,0.0,0.0,2322.0,0.0,44.9,11.2,1.0,0.3,,2026-05-10 16:24:46
germ-germinadorap-de5832|LOT-20260506-651F-005|r1_c0|rep0,LOT-20260506-651F-005:A2:R0,germ-germinadorap-de5832,LOT-20260506-651F-005,A2,1,0,0,Hierbabuena,,,,,,,2026-05-10 16:39:40,2026-05-06 20:48:22,91.86,4,cg_1778431178439_1,4685,cam1_20260510_103940.jpg,crops/cam1_20260510_103940_r1_c0.jpg,4687,cam1_20260510_103944.jpg,crops/cam1_20260510_103944_r1_c0.jpg,9869,29.4,,46,67.9,0,0,0,0,0,0.0,0.0,2337.0,0.0,45.2,11.3,1.1,0.3,,2026-05-10 16:39:45
germ-germinadorap-de5832|LOT-20260506-651F-005|r1_c0|rep0,LOT-20260506-651F-005:A2:R0,germ-germinadorap-de5832,LOT-20260506-651F-005,A2,1,0,0,Hierbabuena,,,,,,,2026-05-10 16:54:41,2026-05-06 20:48:22,92.11,4,cg_1778432078441_1,4689,cam1_20260510_105440.jpg,crops/cam1_20260510_105440_r1_c0.jpg,4691,cam1_20260510_105445.jpg,crops/cam1_20260510_105445_r1_c0.jpg,9881,29.2,,46,49.6,0,0,0,0,0,0.0,0.0,2352.0,0.0,45.4,11.4,1.1,0.3,,2026-05-10 16:54:46
germ-germinadorap-de5832|LOT-20260506-651F-005|r1_c0|rep0,LOT-20260506-651F-005:A2:R0,germ-germinadorap-de5832,LOT-20260506-651F-005,A2,1,0,0,Hierbabuena,,,,,,,2026-05-10 17:09:41,2026-05-06 20:48:22,92.36,4,cg_1778432978444_1,4693,cam1_20260510_110941.jpg,crops/cam1_20260510_110941_r1_c0.jpg,4695,cam1_20260510_110946.jpg,crops/cam1_20260510_110946_r1_c0.jpg,9893,29.3,,46,73.2,0,0,0,0,0,0.0,0.0,2367.0,0.0,45.7,11.4,1.2,0.3,,2026-05-10 17:09:48
germ-germinadorap-de5832|LOT-20260506-651F-005|r1_c0|rep0,LOT-20260506-651F-005:A2:R0,germ-germinadorap-de5832,LOT-20260506-651F-005,A2,1,0,0,Hierbabuena,,,,,,,2026-05-10 17:24:40,2026-05-06 20:48:22,92.61,4,cg_1778433878445_1,4697,cam1_20260510_112440.jpg,crops/cam1_20260510_112440_r1_c0.jpg,4699,cam1_20260510_112444.jpg,crops/cam1_20260510_112444_r1_c0.jpg,9905,29.3,,47,76.9,0,0,0,0,0,0.0,0.0,2382.0,0.0,45.9,11.5,1.2,0.3,,2026-05-10 17:24:45
germ-germinadorap-de5832|LOT-20260506-651F-005|r1_c0|rep0,LOT-20260506-651F-005:A2:R0,germ-germinadorap-de5832,LOT-20260506-651F-005,A2,1,0,0,Hierbabuena,,,,,,,2026-05-10 17:39:40,2026-05-06 20:48:22,92.86,4,cg_1778434778446_1,4701,cam1_20260510_113940.jpg,crops/cam1_20260510_113940_r1_c0.jpg,4703,cam1_20260510_113944.jpg,crops/cam1_20260510_113944_r1_c0.jpg,9917,29.4,,46,49.8,0,0,0,0,0,0.0,0.0,2397.0,0.0,46.2,11.5,1.3,0.3,,2026-05-10 17:39:46
germ-germinadorap-de5832|LOT-20260506-651F-005|r1_c0|rep0,LOT-20260506-651F-005:A2:R0,germ-germinadorap-de5832,LOT-20260506-651F-005,A2,1,0,0,Hierbabuena,,,,,,,2026-05-10 17:55:30,2026-05-06 20:48:22,93.12,4,cg_1778435727204_1,4705,cam1_20260510_115530.jpg,crops/cam1_20260510_115530_r1_c0.jpg,4707,cam1_20260510_115534.jpg,crops/cam1_20260510_115534_r1_c0.jpg,9929,29.6,,46,67.9,0,0,0,0,0,0.0,0.0,2413.0,0.0,46.5,11.6,1.3,0.3,,2026-05-10 17:55:35
germ-germinadorap-de5832|LOT-20260506-651F-005|r1_c0|rep0,LOT-20260506-651F-005:A2:R0,germ-germinadorap-de5832,LOT-20260506-651F-005,A2,1,0,0,Hierbabuena,,,,,,,2026-05-10 18:10:29,2026-05-06 20:48:22,93.37,4,cg_1778436627209_1,4709,cam1_20260510_121029.jpg,crops/cam1_20260510_121029_r1_c0.jpg,4711,cam1_20260510_121040.jpg,crops/cam1_20260510_121040_r1_c0.jpg,9941,29.7,,45,78.7,0,0,0,0,0,0.0,0.0,2428.0,0.0,46.7,11.7,1.4,0.3,,2026-05-10 18:10:41
germ-germinadorap-de5832|LOT-20260506-651F-005|r1_c0|rep0,LOT-20260506-651F-005:A2:R0,germ-germinadorap-de5832,LOT-20260506-651F-005,A2,1,0,0,Hierbabuena,,,,,,,2026-05-10 18:25:30,2026-05-06 20:48:22,93.62,4,cg_1778437527211_1,4713,cam1_20260510_122529.jpg,crops/cam1_20260510_122529_r1_c0.jpg,4715,cam1_20260510_122533.jpg,crops/cam1_20260510_122533_r1_c0.jpg,9953,29.7,,44,62.5,0,0,0,0,0,0.0,0.0,2442.0,0.0,46.9,11.7,1.4,0.4,,2026-05-10 18:25:35
germ-germinadorap-de5832|LOT-20260506-651F-005|r1_c0|rep0,LOT-20260506-651F-005:A2:R0,germ-germinadorap-de5832,LOT-20260506-651F-005,A2,1,0,0,Hierbabuena,,,,,,,2026-05-10 18:40:30,2026-05-06 20:48:22,93.87,4,cg_1778438427212_1,4717,cam1_20260510_124029.jpg,crops/cam1_20260510_124029_r1_c0.jpg,4719,cam1_20260510_124033.jpg,crops/cam1_20260510_124033_r1_c0.jpg,9965,29.8,,44,67.9,0,0,0,0,0,0.0,0.0,2457.0,0.0,47.2,11.8,1.5,0.4,,2026-05-10 18:40:35
germ-germinadorap-de5832|LOT-20260506-651F-005|r1_c0|rep0,LOT-20260506-651F-005:A2:R0,germ-germinadorap-de5832,LOT-20260506-651F-005,A2,1,0,0,Hierbabuena,,,,,,,2026-05-10 18:55:30,2026-05-06 20:48:22,94.12,4,cg_1778439327214_1,4721,cam1_20260510_125529.jpg,crops/cam1_20260510_125529_r1_c0.jpg,4723,cam1_20260510_125533.jpg,crops/cam1_20260510_125533_r1_c0.jpg,9977,29.8,,44,65.2,0,0,0,0,0,0.0,0.0,2472.0,0.0,47.4,11.9,1.5,0.4,,2026-05-10 18:55:35
germ-germinadorap-de5832|LOT-20260506-651F-005|r1_c0|rep0,LOT-20260506-651F-005:A2:R0,germ-germinadorap-de5832,LOT-20260506-651F-005,A2,1,0,0,Hierbabuena,,,,,,,2026-05-10 19:10:29,2026-05-06 20:48:22,94.37,4,cg_1778440227221_1,4729,cam1_20260510_131029.jpg,crops/cam1_20260510_131029_r1_c0.jpg,4731,cam1_20260510_131034.jpg,crops/cam1_20260510_131034_r1_c0.jpg,9989,29.9,,45,47.4,0,0,0,0,0,0.0,0.0,2487.0,4.0,47.7,11.9,1.6,0.4,,2026-05-10 19:10:35
germ-germinadorap-de5832|LOT-20260506-651F-005|r1_c0|rep0,LOT-20260506-651F-005:A2:R0,germ-germinadorap-de5832,LOT-20260506-651F-005,A2,1,0,0,Hierbabuena,,,,,,,2026-05-10 19:25:29,2026-05-06 20:48:22,94.62,4,cg_1778441127254_1,4733,cam1_20260510_132528.jpg,crops/cam1_20260510_132528_r1_c0.jpg,4735,cam1_20260510_132534.jpg,crops/cam1_20260510_132534_r1_c0.jpg,10001,29.7,,46,49.7,0,0,0,0,0,0.0,0.0,2502.0,8.0,47.9,12.0,1.6,0.4,,2026-05-10 19:25:35
germ-germinadorap-de5832|LOT-20260506-651F-005|r1_c0|rep0,LOT-20260506-651F-005:A2:R0,germ-germinadorap-de5832,LOT-20260506-651F-005,A2,1,0,0,Hierbabuena,,,,,,,2026-05-10 19:40:29,2026-05-06 20:48:22,94.87,4,cg_1778442027256_1,4737,cam1_20260510_134029.jpg,crops/cam1_20260510_134029_r1_c0.jpg,4739,cam1_20260510_134033.jpg,crops/cam1_20260510_134033_r1_c0.jpg,10013,29.9,,45,68.8,0,0,0,0,0,0.0,0.0,2517.0,11.0,48.2,12.0,1.6,0.4,,2026-05-10 19:40:35
germ-germinadorap-de5832|LOT-20260506-651F-005|r1_c0|rep0,LOT-20260506-651F-005:A2:R0,germ-germinadorap-de5832,LOT-20260506-651F-005,A2,1,0,0,Hierbabuena,,,,,,,2026-05-10 19:55:38,2026-05-06 20:48:22,95.12,4,cg_1778442935744_1,4749,cam1_20260510_135538.jpg,crops/cam1_20260510_135538_r1_c0.jpg,4751,cam1_20260510_135543.jpg,crops/cam1_20260510_135543_r1_c0.jpg,10025,29.9,,54,46.2,0,0,0,0,0,0.0,0.0,2532.0,14.0,48.4,12.1,1.7,0.4,,2026-05-10 19:55:45
germ-germinadorap-de5832|LOT-20260506-651F-005|r1_c0|rep0,LOT-20260506-651F-005:A2:R0,germ-germinadorap-de5832,LOT-20260506-651F-005,A2,1,0,0,Hierbabuena,,,,,,,2026-05-10 20:10:38,2026-05-06 20:48:22,95.37,4,cg_1778443835805_1,4753,cam1_20260510_141038.jpg,crops/cam1_20260510_141038_r1_c0.jpg,4755,cam1_20260510_141042.jpg,crops/cam1_20260510_141042_r1_c0.jpg,10037,29.9,,48,51.8,0,0,0,0,0,0.0,0.0,2546.0,19.0,48.5,12.1,1.7,0.4,,2026-05-10 20:10:44
germ-germinadorap-de5832|LOT-20260506-651F-005|r1_c0|rep0,LOT-20260506-651F-005:A2:R0,germ-germinadorap-de5832,LOT-20260506-651F-005,A2,1,0,0,Hierbabuena,,,,,,,2026-05-10 20:25:48,2026-05-06 20:48:22,95.62,4,cg_1778444745348_1,4761,cam1_20260510_142547.jpg,crops/cam1_20260510_142547_r1_c0.jpg,4763,cam1_20260510_142553.jpg,crops/cam1_20260510_142553_r1_c0.jpg,10049,29.7,,62,47.1,0,0,1,0,0,0.0,1.0,2562.0,23.0,48.5,12.1,1.7,0.4,,2026-05-10 20:25:55
germ-germinadorap-de5832|LOT-20260506-651F-005|r1_c0|rep0,LOT-20260506-651F-005:A2:R0,germ-germinadorap-de5832,LOT-20260506-651F-005,A2,1,0,0,Hierbabuena,,,,,,,2026-05-10 20:41:00,2026-05-06 20:48:22,95.88,4,cg_1778445655056_1,4770,cam1_20260510_144100.jpg,crops/cam1_20260510_144100_r1_c0.jpg,4771,cam1_20260510_144102.jpg,crops/cam1_20260510_144102_r1_c0.jpg,10061,29.7,,47,47.6,0,0,0,0,0,0.0,0.0,2576.0,29.0,48.5,12.1,1.7,0.4,,2026-05-10 20:41:04
germ-germinadorap-de5832|LOT-20260506-651F-005|r1_c0|rep0,LOT-20260506-651F-005:A2:R0,germ-germinadorap-de5832,LOT-20260506-651F-005,A2,1,0,0,Hierbabuena,,,,,,,2026-05-10 20:55:57,2026-05-06 20:48:22,96.13,5,cg_1778446555253_1,4777,cam1_20260510_145557.jpg,crops/cam1_20260510_145557_r1_c0.jpg,4779,cam1_20260510_145602.jpg,crops/cam1_20260510_145602_r1_c0.jpg,10073,29.9,,58,47.7,0,0,0,0,0,0.0,0.0,2591.0,34.0,48.5,9.7,1.7,0.3,,2026-05-10 20:56:03
germ-germinadorap-de5832|LOT-20260506-651F-005|r1_c0|rep0,LOT-20260506-651F-005:A2:R0,germ-germinadorap-de5832,LOT-20260506-651F-005,A2,1,0,0,Hierbabuena,,,,,,,2026-05-10 21:10:57,2026-05-06 20:48:22,96.38,5,cg_1778447455410_1,4781,cam1_20260510_151057.jpg,crops/cam1_20260510_151057_r1_c0.jpg,4783,cam1_20260510_151102.jpg,crops/cam1_20260510_151102_r1_c0.jpg,10085,29.8,,58,47.2,0,0,0,0,0,0.0,0.0,2606.0,39.0,48.7,9.7,1.7,0.3,,2026-05-10 21:11:03
germ-germinadorap-de5832|LOT-20260506-651F-005|r1_c0|rep0,LOT-20260506-651F-005:A2:R0,germ-germinadorap-de5832,LOT-20260506-651F-005,A2,1,0,0,Hierbabuena,,,,,,,2026-05-10 21:25:58,2026-05-06 20:48:22,96.63,5,cg_1778448355541_1,4789,cam1_20260510_152557.jpg,crops/cam1_20260510_152557_r1_c0.jpg,4791,cam1_20260510_152602.jpg,crops/cam1_20260510_152602_r1_c0.jpg,10097,29.8,,63,45.7,0,0,1,0,0,0.0,1.0,2621.0,42.0,48.9,9.8,1.7,0.3,,2026-05-10 21:26:03
germ-germinadorap-de5832|LOT-20260506-651F-005|r1_c0|rep0,LOT-20260506-651F-005:A2:R0,germ-germinadorap-de5832,LOT-20260506-651F-005,A2,1,0,0,Hierbabuena,,,,,,,2026-05-10 21:40:58,2026-05-06 20:48:22,96.88,5,cg_1778449255738_1,4793,cam1_20260510_154057.jpg,crops/cam1_20260510_154057_r1_c0.jpg,4795,cam1_20260510_154102.jpg,crops/cam1_20260510_154102_r1_c0.jpg,10109,29.7,,49,47.6,0,0,0,0,0,0.0,0.0,2636.0,47.0,49.2,9.8,1.7,0.3,,2026-05-10 21:41:04
germ-germinadorap-de5832|LOT-20260506-651F-005|r1_c0|rep0,LOT-20260506-651F-005:A2:R0,germ-germinadorap-de5832,LOT-20260506-651F-005,A2,1,0,0,Hierbabuena,,,,,,,2026-05-10 21:55:58,2026-05-06 20:48:22,97.13,5,cg_1778450155740_1,4797,cam1_20260510_155558.jpg,crops/cam1_20260510_155558_r1_c0.jpg,4799,cam1_20260510_155602.jpg,crops/cam1_20260510_155602_r1_c0.jpg,10121,29.8,,47,47.5,0,0,0,0,0,0.0,0.0,2651.0,50.0,49.4,9.9,1.7,0.3,,2026-05-10 21:56:03
germ-germinadorap-de5832|LOT-20260506-651F-005|r1_c0|rep0,LOT-20260506-651F-005:A2:R0,germ-germinadorap-de5832,LOT-20260506-651F-005,A2,1,0,0,Hierbabuena,,,,,,,2026-05-10 22:11:01,2026-05-06 20:48:22,97.38,5,cg_1778451055742_1,4802,cam1_20260510_161100.jpg,crops/cam1_20260510_161100_r1_c0.jpg,4803,cam1_20260510_161103.jpg,crops/cam1_20260510_161103_r1_c0.jpg,10133,29.9,,59,48.1,0,0,0,0,0,0.0,0.0,2666.0,54.0,49.7,9.9,1.7,0.3,,2026-05-10 22:11:05
germ-germinadorap-de5832|LOT-20260506-651F-005|r1_c0|rep0,LOT-20260506-651F-005:A2:R0,germ-germinadorap-de5832,LOT-20260506-651F-005,A2,1,0,0,Hierbabuena,,,,,,,2026-05-10 22:25:59,2026-05-06 20:48:22,97.63,5,cg_1778451955814_1,4805,cam1_20260510_162558.jpg,crops/cam1_20260510_162558_r1_c0.jpg,4807,cam1_20260510_162602.jpg,crops/cam1_20260510_162602_r1_c0.jpg,10145,29.6,,51,46.7,0,0,0,0,0,0.0,0.0,2681.0,60.0,49.9,10.0,1.7,0.3,,2026-05-10 22:26:04
germ-germinadorap-de5832|LOT-20260506-651F-005|r1_c0|rep0,LOT-20260506-651F-005:A2:R0,germ-germinadorap-de5832,LOT-20260506-651F-005,A2,1,0,0,Hierbabuena,,,,,,,2026-05-10 22:40:58,2026-05-06 20:48:22,97.88,5,cg_1778452855819_1,4813,cam1_20260510_164057.jpg,crops/cam1_20260510_164057_r1_c0.jpg,4815,cam1_20260510_164102.jpg,crops/cam1_20260510_164102_r1_c0.jpg,10157,29.7,,49,46.5,0,0,0,0,0,0.0,0.0,2695.0,64.0,50.2,10.0,1.7,0.3,,2026-05-10 22:41:03
germ-germinadorap-de5832|LOT-20260506-651F-005|r1_c0|rep0,LOT-20260506-651F-005:A2:R0,germ-germinadorap-de5832,LOT-20260506-651F-005,A2,1,0,0,Hierbabuena,,,,,,,2026-05-10 22:55:58,2026-05-06 20:48:22,98.13,5,cg_1778453755862_1,4817,cam1_20260510_165557.jpg,crops/cam1_20260510_165557_r1_c0.jpg,4819,cam1_20260510_165603.jpg,crops/cam1_20260510_165603_r1_c0.jpg,10169,29.7,,48,44,0,0,0,0,0,0.0,0.0,2710.0,67.0,50.4,10.1,1.7,0.3,,2026-05-10 22:56:04
germ-germinadorap-de5832|LOT-20260506-651F-005|r1_c0|rep0,LOT-20260506-651F-005:A2:R0,germ-germinadorap-de5832,LOT-20260506-651F-005,A2,1,0,0,Hierbabuena,,,,,,,2026-05-10 23:10:58,2026-05-06 20:48:22,98.38,5,cg_1778454655866_1,4821,cam1_20260510_171057.jpg,crops/cam1_20260510_171057_r1_c0.jpg,4823,cam1_20260510_171103.jpg,crops/cam1_20260510_171103_r1_c0.jpg,10181,29.8,,46,47.5,0,0,0,0,0,0.0,0.0,2725.0,70.0,50.7,10.1,1.7,0.3,,2026-05-10 23:11:04
germ-germinadorap-de5832|LOT-20260506-651F-005|r1_c0|rep0,LOT-20260506-651F-005:A2:R0,germ-germinadorap-de5832,LOT-20260506-651F-005,A2,1,0,0,Hierbabuena,,,,,,,2026-05-10 23:25:59,2026-05-06 20:48:22,98.63,5,cg_1778455555867_1,4825,cam1_20260510_172558.jpg,crops/cam1_20260510_172558_r1_c0.jpg,4827,cam1_20260510_172602.jpg,crops/cam1_20260510_172602_r1_c0.jpg,10193,29.8,,47,45.9,0,0,0,0,0,0.0,0.0,2740.0,74.0,50.9,10.2,1.7,0.3,,2026-05-10 23:26:04
germ-germinadorap-de5832|LOT-20260506-651F-005|r1_c0|rep0,LOT-20260506-651F-005:A2:R0,germ-germinadorap-de5832,LOT-20260506-651F-005,A2,1,0,0,Hierbabuena,,,,,,,2026-05-10 23:40:58,2026-05-06 20:48:22,98.88,5,cg_1778456455869_1,4829,cam1_20260510_174058.jpg,crops/cam1_20260510_174058_r1_c0.jpg,4831,cam1_20260510_174102.jpg,crops/cam1_20260510_174102_r1_c0.jpg,10205,29.8,,47,46.4,0,0,0,0,0,0.0,0.0,2755.0,77.0,51.1,10.2,1.7,0.3,,2026-05-10 23:41:04
germ-germinadorap-de5832|LOT-20260506-651F-005|r1_c0|rep0,LOT-20260506-651F-005:A2:R0,germ-germinadorap-de5832,LOT-20260506-651F-005,A2,1,0,0,Hierbabuena,,,,,,,2026-05-10 23:55:58,2026-05-06 20:48:22,99.13,5,cg_1778457355898_1,4833,cam1_20260510_175557.jpg,crops/cam1_20260510_175557_r1_c0.jpg,4835,cam1_20260510_175602.jpg,crops/cam1_20260510_175602_r1_c0.jpg,10217,29.8,,45,45.5,0,0,0,0,0,0.0,0.0,2770.0,80.0,51.4,10.3,1.7,0.3,,2026-05-10 23:56:03
germ-germinadorap-de5832|LOT-20260506-651F-005|r1_c0|rep0,LOT-20260506-651F-005:A2:R0,germ-germinadorap-de5832,LOT-20260506-651F-005,A2,1,0,0,Hierbabuena,,,,,,,2026-05-11 00:10:59,2026-05-06 20:48:22,99.38,5,cg_1778458255953_1,4837,cam1_20260510_181059.jpg,crops/cam1_20260510_181059_r1_c0.jpg,4839,cam1_20260510_181103.jpg,crops/cam1_20260510_181103_r1_c0.jpg,10229,29.7,,48,45.4,0,0,0,1,0,15.0,3.0,2785.0,84.0,51.6,10.3,1.7,0.3,,2026-05-11 00:11:05
germ-germinadorap-de5832|LOT-20260506-651F-005|r1_c0|rep0,LOT-20260506-651F-005:A2:R0,germ-germinadorap-de5832,LOT-20260506-651F-005,A2,1,0,0,Hierbabuena,,,,,,,2026-05-11 00:25:59,2026-05-06 20:48:22,99.63,5,cg_1778459155971_1,4841,cam1_20260510_182559.jpg,crops/cam1_20260510_182559_r1_c0.jpg,4843,cam1_20260510_182602.jpg,crops/cam1_20260510_182602_r1_c0.jpg,10241,29.7,,58,44.8,0,0,0,0,0,0.0,0.0,2800.0,87.0,51.8,10.4,1.7,0.3,,2026-05-11 00:26:04
germ-germinadorap-de5832|LOT-20260506-651F-005|r1_c0|rep0,LOT-20260506-651F-005:A2:R0,germ-germinadorap-de5832,LOT-20260506-651F-005,A2,1,0,0,Hierbabuena,,,,,,,2026-05-11 00:40:58,2026-05-06 20:48:22,99.88,5,cg_1778460055976_1,4845,cam1_20260510_184057.jpg,crops/cam1_20260510_184057_r1_c0.jpg,4847,cam1_20260510_184102.jpg,crops/cam1_20260510_184102_r1_c0.jpg,10253,29.8,,57,45.3,0,0,0,0,0,0.0,0.0,2815.0,88.0,51.8,10.4,1.7,0.3,,2026-05-11 00:41:03
germ-germinadorap-de5832|LOT-20260506-651F-005|r1_c0|rep0,LOT-20260506-651F-005:A2:R0,germ-germinadorap-de5832,LOT-20260506-651F-005,A2,1,0,0,Hierbabuena,,,,,,,2026-05-11 00:56:00,2026-05-06 20:48:22,100.13,5,cg_1778460955982_1,4849,cam1_20260510_185559.jpg,crops/cam1_20260510_185559_r1_c0.jpg,4851,cam1_20260510_185602.jpg,crops/cam1_20260510_185602_r1_c0.jpg,10265,29.9,,44,44.5,0,0,0,0,0,0.0,0.0,2830.0,91.0,51.8,10.4,1.7,0.3,,2026-05-11 00:56:04
germ-germinadorap-de5832|LOT-20260506-651F-005|r1_c0|rep0,LOT-20260506-651F-005:A2:R0,germ-germinadorap-de5832,LOT-20260506-651F-005,A2,1,0,0,Hierbabuena,,,,,,,2026-05-11 01:10:58,2026-05-06 20:48:22,100.38,5,cg_1778461855986_1,4853,cam1_20260510_191057.jpg,crops/cam1_20260510_191057_r1_c0.jpg,4855,cam1_20260510_191103.jpg,crops/cam1_20260510_191103_r1_c0.jpg,10277,29.8,,45,44.1,0,0,0,0,0,0.0,0.0,2845.0,94.0,51.8,10.4,1.7,0.3,,2026-05-11 01:11:04
germ-germinadorap-de5832|LOT-20260506-651F-005|r1_c0|rep0,LOT-20260506-651F-005:A2:R0,germ-germinadorap-de5832,LOT-20260506-651F-005,A2,1,0,0,Hierbabuena,,,,,,,2026-05-11 01:25:58,2026-05-06 20:48:22,100.63,5,cg_1778462756075_1,4857,cam1_20260510_192557.jpg,crops/cam1_20260510_192557_r1_c0.jpg,4859,cam1_20260510_192603.jpg,crops/cam1_20260510_192603_r1_c0.jpg,10289,30,,57,43.9,0,0,1,0,0,0.0,0.0,2859.0,95.0,51.8,10.4,1.7,0.3,,2026-05-11 01:26:04
germ-germinadorap-de5832|LOT-20260506-651F-005|r1_c0|rep0,LOT-20260506-651F-005:A2:R0,germ-germinadorap-de5832,LOT-20260506-651F-005,A2,1,0,0,Hierbabuena,,,,,,,2026-05-11 01:40:58,2026-05-06 20:48:22,100.88,5,cg_1778463656078_1,4861,cam1_20260510_194057.jpg,crops/cam1_20260510_194057_r1_c0.jpg,4863,cam1_20260510_194103.jpg,crops/cam1_20260510_194103_r1_c0.jpg,10301,29.8,,46,43.8,0,0,0,0,0,0.0,0.0,2874.0,98.0,51.8,10.4,1.7,0.3,,2026-05-11 01:41:05
germ-germinadorap-de5832|LOT-20260506-651F-005|r1_c0|rep0,LOT-20260506-651F-005:A2:R0,germ-germinadorap-de5832,LOT-20260506-651F-005,A2,1,0,0,Hierbabuena,,,,,,,2026-05-11 01:55:58,2026-05-06 20:48:22,101.13,5,cg_1778464556086_1,4865,cam1_20260510_195557.jpg,crops/cam1_20260510_195557_r1_c0.jpg,4867,cam1_20260510_195602.jpg,crops/cam1_20260510_195602_r1_c0.jpg,10313,29.6,,48,43.2,0,0,0,0,0,0.0,0.0,2889.0,101.0,51.8,10.4,1.7,0.3,,2026-05-11 01:56:04
germ-germinadorap-de5832|LOT-20260506-651F-005|r1_c0|rep0,LOT-20260506-651F-005:A2:R0,germ-germinadorap-de5832,LOT-20260506-651F-005,A2,1,0,0,Hierbabuena,,,,,,,2026-05-11 02:10:58,2026-05-06 20:48:22,101.38,5,cg_1778465456090_1,4869,cam1_20260510_201057.jpg,crops/cam1_20260510_201057_r1_c0.jpg,4871,cam1_20260510_201102.jpg,crops/cam1_20260510_201102_r1_c0.jpg,10325,29.6,,45,43.4,0,0,0,0,0,0.0,0.0,2894.0,101.0,51.8,10.4,1.7,0.3,,2026-05-11 02:11:04
germ-germinadorap-de5832|LOT-20260506-651F-005|r1_c0|rep0,LOT-20260506-651F-005:A2:R0,germ-germinadorap-de5832,LOT-20260506-651F-005,A2,1,0,0,Hierbabuena,,,,,,,2026-05-11 02:25:58,2026-05-06 20:48:22,101.63,5,cg_1778466356093_1,4873,cam1_20260510_202558.jpg,crops/cam1_20260510_202558_r1_c0.jpg,4875,cam1_20260510_202602.jpg,crops/cam1_20260510_202602_r1_c0.jpg,10337,29.2,,45,43.6,0,0,0,0,0,0.0,0.0,2894.0,101.0,51.8,10.4,1.7,0.3,,2026-05-11 02:26:04
germ-germinadorap-de5832|LOT-20260506-651F-005|r1_c0|rep0,LOT-20260506-651F-005:A2:R0,germ-germinadorap-de5832,LOT-20260506-651F-005,A2,1,0,0,Hierbabuena,,,,,,,2026-05-11 02:40:58,2026-05-06 20:48:22,101.88,5,cg_1778467256099_1,4877,cam1_20260510_204057.jpg,crops/cam1_20260510_204057_r1_c0.jpg,4879,cam1_20260510_204102.jpg,crops/cam1_20260510_204102_r1_c0.jpg,10349,29,,46,42.8,0,0,0,0,0,0.0,0.0,2894.0,101.0,51.8,10.4,1.7,0.3,,2026-05-11 02:41:04
germ-germinadorap-de5832|LOT-20260506-651F-005|r1_c0|rep0,LOT-20260506-651F-005:A2:R0,germ-germinadorap-de5832,LOT-20260506-651F-005,A2,1,0,0,Hierbabuena,,,,,,,2026-05-11 02:55:58,2026-05-06 20:48:22,102.13,5,cg_1778468156102_1,4881,cam1_20260510_205557.jpg,crops/cam1_20260510_205557_r1_c0.jpg,4883,cam1_20260510_205602.jpg,crops/cam1_20260510_205602_r1_c0.jpg,10361,28.8,,45,42.5,0,0,0,0,0,0.0,0.0,2894.0,101.0,51.8,10.4,1.7,0.3,,2026-05-11 02:56:04
germ-germinadorap-de5832|LOT-20260506-651F-005|r1_c0|rep0,LOT-20260506-651F-005:A2:R0,germ-germinadorap-de5832,LOT-20260506-651F-005,A2,1,0,0,Hierbabuena,,,,,,,2026-05-11 03:11:00,2026-05-06 20:48:22,102.38,5,cg_1778469056109_1,4885,cam1_20260510_211059.jpg,crops/cam1_20260510_211059_r1_c0.jpg,4887,cam1_20260510_211104.jpg,crops/cam1_20260510_211104_r1_c0.jpg,10373,29,,46,40.2,0,0,0,0,0,0.0,0.0,2904.0,101.0,51.8,10.4,1.7,0.3,,2026-05-11 03:11:07
germ-germinadorap-de5832|LOT-20260506-651F-005|r1_c0|rep0,LOT-20260506-651F-005:A2:R0,germ-germinadorap-de5832,LOT-20260506-651F-005,A2,1,0,0,Hierbabuena,,,,,,,2026-05-11 03:25:58,2026-05-06 20:48:22,102.63,5,cg_1778469956111_1,4889,cam1_20260510_212558.jpg,crops/cam1_20260510_212558_r1_c0.jpg,4891,cam1_20260510_212603.jpg,crops/cam1_20260510_212603_r1_c0.jpg,10385,29.1,,47,41.3,0,0,0,0,0,0.0,0.0,2918.0,101.0,51.8,10.4,1.7,0.3,,2026-05-11 03:26:04
germ-germinadorap-de5832|LOT-20260506-651F-005|r1_c0|rep0,LOT-20260506-651F-005:A2:R0,germ-germinadorap-de5832,LOT-20260506-651F-005,A2,1,0,0,Hierbabuena,,,,,,,2026-05-11 03:40:58,2026-05-06 20:48:22,102.88,5,cg_1778470856120_1,4893,cam1_20260510_214058.jpg,crops/cam1_20260510_214058_r1_c0.jpg,4895,cam1_20260510_214103.jpg,crops/cam1_20260510_214103_r1_c0.jpg,10397,27.6,,45,37.5,0,0,0,0,0,0.0,0.0,2933.0,101.0,51.8,10.4,1.7,0.3,,2026-05-11 03:41:04
germ-germinadorap-de5832|LOT-20260506-651F-005|r1_c0|rep0,LOT-20260506-651F-005:A2:R0,germ-germinadorap-de5832,LOT-20260506-651F-005,A2,1,0,0,Hierbabuena,,,,,,,2026-05-11 03:55:58,2026-05-06 20:48:22,103.13,5,cg_1778471756121_1,4897,cam1_20260510_215557.jpg,crops/cam1_20260510_215557_r1_c0.jpg,4899,cam1_20260510_215604.jpg,crops/cam1_20260510_215604_r1_c0.jpg,10409,27.3,,47,34.1,0,0,0,0,0,0.0,0.0,2948.0,101.0,51.8,10.4,1.7,0.3,,2026-05-11 03:56:06
germ-germinadorap-de5832|LOT-20260506-651F-005|r1_c0|rep0,LOT-20260506-651F-005:A2:R0,germ-germinadorap-de5832,LOT-20260506-651F-005,A2,1,0,0,Hierbabuena,,,,,,,2026-05-11 04:10:58,2026-05-06 20:48:22,103.38,5,cg_1778472656125_1,4901,cam1_20260510_221058.jpg,crops/cam1_20260510_221058_r1_c0.jpg,4903,cam1_20260510_221103.jpg,crops/cam1_20260510_221103_r1_c0.jpg,10421,26.8,,42,35.2,0,0,0,0,0,0.0,0.0,2963.0,101.0,51.8,10.4,1.7,0.3,,2026-05-11 04:11:05
germ-germinadorap-de5832|LOT-20260506-651F-005|r1_c0|rep0,LOT-20260506-651F-005:A2:R0,germ-germinadorap-de5832,LOT-20260506-651F-005,A2,1,0,0,Hierbabuena,,,,,,,2026-05-11 04:26:00,2026-05-06 20:48:22,103.63,5,cg_1778473556137_1,4905,cam1_20260510_222559.jpg,crops/cam1_20260510_222559_r1_c0.jpg,4907,cam1_20260510_222603.jpg,crops/cam1_20260510_222603_r1_c0.jpg,10433,26.2,,40,35.6,0,0,0,0,0,0.0,0.0,2978.0,101.0,51.8,10.4,1.7,0.3,,2026-05-11 04:26:04
germ-germinadorap-de5832|LOT-20260506-651F-005|r1_c0|rep0,LOT-20260506-651F-005:A2:R0,germ-germinadorap-de5832,LOT-20260506-651F-005,A2,1,0,0,Hierbabuena,,,,,,,2026-05-11 04:40:58,2026-05-06 20:48:22,103.88,5,cg_1778474456151_1,4909,cam1_20260510_224058.jpg,crops/cam1_20260510_224058_r1_c0.jpg,4911,cam1_20260510_224103.jpg,crops/cam1_20260510_224103_r1_c0.jpg,10445,26.8,,40,35.8,0,0,0,0,0,0.0,0.0,2993.0,101.0,51.8,10.4,1.7,0.3,,2026-05-11 04:41:05
germ-germinadorap-de5832|LOT-20260506-651F-005|r1_c0|rep0,LOT-20260506-651F-005:A2:R0,germ-germinadorap-de5832,LOT-20260506-651F-005,A2,1,0,0,Hierbabuena,,,,,,,2026-05-11 04:55:58,2026-05-06 20:48:22,104.13,5,cg_1778475356171_1,4913,cam1_20260510_225558.jpg,crops/cam1_20260510_225558_r1_c0.jpg,4915,cam1_20260510_225603.jpg,crops/cam1_20260510_225603_r1_c0.jpg,10457,28,,46,33.7,0,0,0,0,0,0.0,0.0,3008.0,101.0,51.8,10.4,1.7,0.3,,2026-05-11 04:56:05
germ-germinadorap-de5832|LOT-20260506-651F-005|r1_c0|rep0,LOT-20260506-651F-005:A2:R0,germ-germinadorap-de5832,LOT-20260506-651F-005,A2,1,0,0,Hierbabuena,,,,,,,2026-05-11 05:10:58,2026-05-06 20:48:22,104.38,5,cg_1778476256192_1,4917,cam1_20260510_231058.jpg,crops/cam1_20260510_231058_r1_c0.jpg,4919,cam1_20260510_231103.jpg,crops/cam1_20260510_231103_r1_c0.jpg,10469,28.2,,47,35.8,0,0,0,0,0,0.0,0.0,3023.0,101.0,51.8,10.4,1.7,0.3,,2026-05-11 05:11:05
germ-germinadorap-de5832|LOT-20260506-651F-005|r1_c0|rep0,LOT-20260506-651F-005:A2:R0,germ-germinadorap-de5832,LOT-20260506-651F-005,A2,1,0,0,Hierbabuena,,,,,,,2026-05-11 05:25:58,2026-05-06 20:48:22,104.63,5,cg_1778477156203_1,4921,cam1_20260510_232557.jpg,crops/cam1_20260510_232557_r1_c0.jpg,4923,cam1_20260510_232603.jpg,crops/cam1_20260510_232603_r1_c0.jpg,10481,28.2,,48,35.9,0,0,0,0,0,0.0,0.0,3038.0,101.0,51.8,10.4,1.7,0.3,,2026-05-11 05:26:05
germ-germinadorap-de5832|LOT-20260506-651F-005|r1_c0|rep0,LOT-20260506-651F-005:A2:R0,germ-germinadorap-de5832,LOT-20260506-651F-005,A2,1,0,0,Hierbabuena,,,,,,,2026-05-11 05:40:58,2026-05-06 20:48:22,104.88,5,cg_1778478056227_1,4925,cam1_20260510_234058.jpg,crops/cam1_20260510_234058_r1_c0.jpg,4927,cam1_20260510_234103.jpg,crops/cam1_20260510_234103_r1_c0.jpg,10493,28.4,,48,37.3,0,0,0,0,0,0.0,0.0,3052.0,101.0,51.8,10.4,1.7,0.3,,2026-05-11 05:41:05
germ-germinadorap-de5832|LOT-20260506-651F-005|r1_c0|rep0,LOT-20260506-651F-005:A2:R0,germ-germinadorap-de5832,LOT-20260506-651F-005,A2,1,0,0,Hierbabuena,,,,,,,2026-05-11 05:55:58,2026-05-06 20:48:22,105.13,5,cg_1778478956239_1,4929,cam1_20260510_235558.jpg,crops/cam1_20260510_235558_r1_c0.jpg,4931,cam1_20260510_235603.jpg,crops/cam1_20260510_235603_r1_c0.jpg,10505,28.4,,50,35.6,0,0,0,0,0,0.0,0.0,3067.0,101.0,51.8,10.4,1.7,0.3,,2026-05-11 05:56:05
germ-germinadorap-de5832|LOT-20260506-651F-005|r1_c0|rep0,LOT-20260506-651F-005:A2:R0,germ-germinadorap-de5832,LOT-20260506-651F-005,A2,1,0,0,Hierbabuena,,,,,,,2026-05-11 06:10:59,2026-05-06 20:48:22,105.38,5,cg_1778479856257_1,4933,cam1_20260511_001058.jpg,crops/cam1_20260511_001058_r1_c0.jpg,4935,cam1_20260511_001103.jpg,crops/cam1_20260511_001103_r1_c0.jpg,10517,28.5,,48,34.1,0,0,0,0,0,0.0,0.0,3082.0,101.0,51.8,10.4,1.7,0.3,,2026-05-11 06:11:05
germ-germinadorap-de5832|LOT-20260506-651F-005|r1_c0|rep0,LOT-20260506-651F-005:A2:R0,germ-germinadorap-de5832,LOT-20260506-651F-005,A2,1,0,0,Hierbabuena,,,,,,,2026-05-11 06:25:58,2026-05-06 20:48:22,105.63,5,cg_1778480756264_1,4937,cam1_20260511_002558.jpg,crops/cam1_20260511_002558_r1_c0.jpg,4939,cam1_20260511_002603.jpg,crops/cam1_20260511_002603_r1_c0.jpg,10529,28.6,,51,36.3,0,0,0,0,0,0.0,0.0,3093.0,101.0,51.8,10.4,1.7,0.3,,2026-05-11 06:26:05
germ-germinadorap-de5832|LOT-20260506-651F-005|r1_c0|rep0,LOT-20260506-651F-005:A2:R0,germ-germinadorap-de5832,LOT-20260506-651F-005,A2,1,0,0,Hierbabuena,,,,,,,2026-05-11 06:41:00,2026-05-06 20:48:22,105.88,5,cg_1778481656276_1,4941,cam1_20260511_004059.jpg,crops/cam1_20260511_004059_r1_c0.jpg,4943,cam1_20260511_004103.jpg,crops/cam1_20260511_004103_r1_c0.jpg,10541,28.7,,51,35.8,0,0,0,0,0,0.0,0.0,3093.0,101.0,51.8,10.4,1.7,0.3,,2026-05-11 06:41:05
germ-germinadorap-de5832|LOT-20260506-651F-005|r1_c0|rep0,LOT-20260506-651F-005:A2:R0,germ-germinadorap-de5832,LOT-20260506-651F-005,A2,1,0,0,Hierbabuena,,,,,,,2026-05-11 06:55:58,2026-05-06 20:48:22,106.13,5,cg_1778482556275_1,4945,cam1_20260511_005557.jpg,crops/cam1_20260511_005557_r1_c0.jpg,4947,cam1_20260511_005603.jpg,crops/cam1_20260511_005603_r1_c0.jpg,10553,28.5,,53,34.3,0,0,0,0,0,0.0,0.0,3093.0,101.0,51.8,10.4,1.7,0.3,,2026-05-11 06:56:05
germ-germinadorap-de5832|LOT-20260506-651F-005|r1_c0|rep0,LOT-20260506-651F-005:A2:R0,germ-germinadorap-de5832,LOT-20260506-651F-005,A2,1,0,0,Hierbabuena,,,,,,,2026-05-11 14:35:50,2026-05-06 20:48:22,113.79,5,cg_1778510148197_1,4948,cam1_20260511_083549.jpg,crops/cam1_20260511_083549_r1_c0.jpg,4950,cam1_20260511_083552.jpg,crops/cam1_20260511_083552_r1_c0.jpg,10560,26.6,,53,14.3,0,0,0,0,0,0.0,0.0,3094.0,101.0,57.8,11.6,1.7,0.3,,2026-05-11 14:35:54
germ-germinadorap-de5832|LOT-20260506-651F-005|r1_c0|rep0,LOT-20260506-651F-005:A2:R0,germ-germinadorap-de5832,LOT-20260506-651F-005,A2,1,0,0,Hierbabuena,,,,,,,2026-05-11 14:50:50,2026-05-06 20:48:22,114.04,5,cg_1778511048195_1,4953,cam1_20260511_085050.jpg,crops/cam1_20260511_085050_r1_c0.jpg,4955,cam1_20260511_085055.jpg,crops/cam1_20260511_085055_r1_c0.jpg,10577,27.2,,52,14.9,0,0,0,0,0,0.0,0.0,3109.0,101.0,58.0,11.6,1.7,0.3,,2026-05-11 14:50:56
germ-germinadorap-de5832|LOT-20260506-651F-005|r1_c0|rep0,LOT-20260506-651F-005:A2:R0,germ-germinadorap-de5832,LOT-20260506-651F-005,A2,1,0,0,Hierbabuena,,,,,,,2026-05-11 15:05:50,2026-05-06 20:48:22,114.29,5,cg_1778511948201_1,4957,cam1_20260511_090549.jpg,crops/cam1_20260511_090549_r1_c0.jpg,4959,cam1_20260511_090555.jpg,crops/cam1_20260511_090555_r1_c0.jpg,10589,27.8,,50,15.7,0,0,0,0,0,0.0,0.0,3124.0,101.0,58.3,11.7,1.7,0.3,,2026-05-11 15:05:56
germ-germinadorap-de5832|LOT-20260506-651F-005|r1_c0|rep0,LOT-20260506-651F-005:A2:R0,germ-germinadorap-de5832,LOT-20260506-651F-005,A2,1,0,0,Hierbabuena,,,,,,,2026-05-11 15:20:50,2026-05-06 20:48:22,114.54,5,cg_1778512848200_1,4961,cam1_20260511_092050.jpg,crops/cam1_20260511_092050_r1_c0.jpg,4963,cam1_20260511_092055.jpg,crops/cam1_20260511_092055_r1_c0.jpg,10601,28.2,,50,15.9,0,0,0,0,0,0.0,0.0,3139.0,101.0,58.5,11.7,1.7,0.3,,2026-05-11 15:20:56
germ-germinadorap-de5832|LOT-20260506-651F-005|r1_c0|rep0,LOT-20260506-651F-005:A2:R0,germ-germinadorap-de5832,LOT-20260506-651F-005,A2,1,0,0,Hierbabuena,,,,,,,2026-05-11 15:35:51,2026-05-06 20:48:22,114.79,5,cg_1778513748202_1,4973,cam1_20260511_093550.jpg,crops/cam1_20260511_093550_r1_c0.jpg,4975,cam1_20260511_093555.jpg,crops/cam1_20260511_093555_r1_c0.jpg,10613,28.3,,49,16.1,0,0,0,0,0,0.0,0.0,3153.0,101.0,58.8,11.8,1.7,0.3,,2026-05-11 15:35:56
germ-germinadorap-de5832|LOT-20260506-651F-005|r1_c0|rep0,LOT-20260506-651F-005:A2:R0,germ-germinadorap-de5832,LOT-20260506-651F-005,A2,1,0,0,Hierbabuena,,,,,,,2026-05-11 15:50:51,2026-05-06 20:48:22,115.04,5,cg_1778514648205_1,4977,cam1_20260511_095050.jpg,crops/cam1_20260511_095050_r1_c0.jpg,4979,cam1_20260511_095055.jpg,crops/cam1_20260511_095055_r1_c0.jpg,10625,28.4,,49,16.3,0,0,0,0,0,0.0,0.0,3168.0,101.0,59.0,11.8,1.7,0.3,,2026-05-11 15:50:56
germ-germinadorap-de5832|LOT-20260506-651F-005|r1_c0|rep0,LOT-20260506-651F-005:A2:R0,germ-germinadorap-de5832,LOT-20260506-651F-005,A2,1,0,0,Hierbabuena,,,,,,,2026-05-11 16:05:50,2026-05-06 20:48:22,115.29,5,cg_1778515548207_1,4981,cam1_20260511_100549.jpg,crops/cam1_20260511_100549_r1_c0.jpg,4983,cam1_20260511_100555.jpg,crops/cam1_20260511_100555_r1_c0.jpg,10637,28.6,,48,16.2,0,0,0,0,0,0.0,0.0,3183.0,101.0,59.3,11.9,1.7,0.3,,2026-05-11 16:05:56
germ-germinadorap-de5832|LOT-20260506-651F-005|r1_c0|rep0,LOT-20260506-651F-005:A2:R0,germ-germinadorap-de5832,LOT-20260506-651F-005,A2,1,0,0,Hierbabuena,,,,,,,2026-05-11 16:20:50,2026-05-06 20:48:22,115.54,5,cg_1778516448208_1,4985,cam1_20260511_102050.jpg,crops/cam1_20260511_102050_r1_c0.jpg,4987,cam1_20260511_102056.jpg,crops/cam1_20260511_102056_r1_c0.jpg,10649,28.6,,48,16.6,0,0,0,0,0,0.0,0.0,3198.0,101.0,59.5,11.9,1.7,0.3,,2026-05-11 16:20:57
germ-germinadorap-de5832|LOT-20260506-651F-005|r1_c0|rep0,LOT-20260506-651F-005:A2:R0,germ-germinadorap-de5832,LOT-20260506-651F-005,A2,1,0,0,Hierbabuena,,,,,,,2026-05-11 16:35:53,2026-05-06 20:48:22,115.79,5,cg_1778517348280_1,4989,cam1_20260511_103552.jpg,crops/cam1_20260511_103552_r1_c0.jpg,4991,cam1_20260511_103600.jpg,crops/cam1_20260511_103600_r1_c0.jpg,10661,28.5,,48,16.5,0,0,0,0,0,0.0,0.0,3213.0,101.0,59.8,12.0,1.7,0.3,,2026-05-11 16:36:02
germ-germinadorap-de5832|LOT-20260506-651F-005|r1_c0|rep0,LOT-20260506-651F-005:A2:R0,germ-germinadorap-de5832,LOT-20260506-651F-005,A2,1,0,0,Hierbabuena,,,,,,,2026-05-11 16:50:50,2026-05-06 20:48:22,116.04,5,cg_1778518248285_1,4993,cam1_20260511_105050.jpg,crops/cam1_20260511_105050_r1_c0.jpg,4995,cam1_20260511_105055.jpg,crops/cam1_20260511_105055_r1_c0.jpg,10673,28.7,,47,16.7,0,0,0,0,0,0.0,0.0,3228.0,102.0,60.0,12.0,1.7,0.3,,2026-05-11 16:50:57
germ-germinadorap-de5832|LOT-20260506-651F-005|r1_c0|rep0,LOT-20260506-651F-005:A2:R0,germ-germinadorap-de5832,LOT-20260506-651F-005,A2,1,0,0,Hierbabuena,,,,,,,2026-05-11 17:05:50,2026-05-06 20:48:22,116.29,5,cg_1778519148289_1,4997,cam1_20260511_110550.jpg,crops/cam1_20260511_110550_r1_c0.jpg,4999,cam1_20260511_110555.jpg,crops/cam1_20260511_110555_r1_c0.jpg,10685,28.9,,47,16.9,0,0,0,0,0,0.0,0.0,3243.0,102.0,60.3,12.1,1.7,0.3,,2026-05-11 17:05:56
germ-germinadorap-de5832|LOT-20260506-651F-005|r1_c0|rep0,LOT-20260506-651F-005:A2:R0,germ-germinadorap-de5832,LOT-20260506-651F-005,A2,1,0,0,Hierbabuena,,,,,,,2026-05-11 17:21:51,2026-05-06 20:48:22,116.56,5,cg_1778520108289_1,5001,cam1_20260511_112150.jpg,crops/cam1_20260511_112150_r1_c0.jpg,5003,cam1_20260511_112155.jpg,crops/cam1_20260511_112155_r1_c0.jpg,10697,29.1,,48,17,0,0,0,0,0,0.0,0.0,3258.0,102.0,60.5,12.1,1.7,0.3,,2026-05-11 17:21:56
germ-germinadorap-de5832|LOT-20260506-651F-005|r1_c0|rep0,LOT-20260506-651F-005:A2:R0,germ-germinadorap-de5832,LOT-20260506-651F-005,A2,1,0,0,Hierbabuena,,,,,,,2026-05-11 17:36:51,2026-05-06 20:48:22,116.81,5,cg_1778521008290_1,5005,cam1_20260511_113650.jpg,crops/cam1_20260511_113650_r1_c0.jpg,5007,cam1_20260511_113657.jpg,crops/cam1_20260511_113657_r1_c0.jpg,10709,29.2,,48,16.5,0,0,0,0,0,0.0,0.0,3273.0,102.0,60.8,12.2,1.7,0.3,,2026-05-11 17:36:58
germ-germinadorap-de5832|LOT-20260506-651F-005|r1_c0|rep0,LOT-20260506-651F-005:A2:R0,germ-germinadorap-de5832,LOT-20260506-651F-005,A2,1,0,0,Hierbabuena,,,,,,,2026-05-11 17:51:50,2026-05-06 20:48:22,117.06,5,cg_1778521908292_1,5009,cam1_20260511_115150.jpg,crops/cam1_20260511_115150_r1_c0.jpg,5011,cam1_20260511_115155.jpg,crops/cam1_20260511_115155_r1_c0.jpg,10721,29.2,,48,18.3,0,0,0,0,0,0.0,0.0,3288.0,102.0,61.0,12.2,1.7,0.3,,2026-05-11 17:51:57
germ-germinadorap-de5832|LOT-20260506-651F-005|r1_c0|rep0,LOT-20260506-651F-005:A2:R0,germ-germinadorap-de5832,LOT-20260506-651F-005,A2,1,0,0,Hierbabuena,,,,,,,2026-05-11 18:06:50,2026-05-06 20:48:22,117.31,5,cg_1778522808295_1,5013,cam1_20260511_120650.jpg,crops/cam1_20260511_120650_r1_c0.jpg,5015,cam1_20260511_120655.jpg,crops/cam1_20260511_120655_r1_c0.jpg,10733,29.3,,47,16.9,0,0,0,0,0,0.0,0.0,3303.0,102.0,61.3,12.3,1.7,0.3,,2026-05-11 18:06:56
germ-germinadorap-de5832|LOT-20260506-651F-005|r1_c0|rep0,LOT-20260506-651F-005:A2:R0,germ-germinadorap-de5832,LOT-20260506-651F-005,A2,1,0,0,Hierbabuena,,,,,,,2026-05-11 18:21:50,2026-05-06 20:48:22,117.56,5,cg_1778523708300_1,5017,cam1_20260511_122150.jpg,crops/cam1_20260511_122150_r1_c0.jpg,5019,cam1_20260511_122154.jpg,crops/cam1_20260511_122154_r1_c0.jpg,10745,29.4,,46,17.6,0,0,0,0,0,0.0,0.0,3318.0,102.0,61.5,12.3,1.7,0.3,,2026-05-11 18:21:56
germ-germinadorap-de5832|LOT-20260506-651F-005|r1_c0|rep0,LOT-20260506-651F-005:A2:R0,germ-germinadorap-de5832,LOT-20260506-651F-005,A2,1,0,0,Hierbabuena,,,,,,,2026-05-11 18:36:54,2026-05-06 20:48:22,117.81,5,cg_1778524612071_1,5021,cam1_20260511_123653.jpg,crops/cam1_20260511_123653_r1_c0.jpg,5023,cam1_20260511_123658.jpg,crops/cam1_20260511_123658_r1_c0.jpg,10757,29.4,,46,19.3,0,0,0,0,0,0.0,0.0,3333.0,102.0,61.8,12.4,1.7,0.3,,2026-05-11 18:37:00
germ-germinadorap-de5832|LOT-20260506-651F-005|r1_c0|rep0,LOT-20260506-651F-005:A2:R0,germ-germinadorap-de5832,LOT-20260506-651F-005,A2,1,0,0,Hierbabuena,,,,,,,2026-05-11 18:51:54,2026-05-06 20:48:22,118.06,5,cg_1778525512075_1,5025,cam1_20260511_125153.jpg,crops/cam1_20260511_125153_r1_c0.jpg,5027,cam1_20260511_125158.jpg,crops/cam1_20260511_125158_r1_c0.jpg,10769,29.6,,45,17,0,0,0,0,0,0.0,0.0,3348.0,102.0,62.0,12.4,1.7,0.3,,2026-05-11 18:52:00
germ-germinadorap-de5832|LOT-20260506-651F-005|r1_c0|rep0,LOT-20260506-651F-005:A2:R0,germ-germinadorap-de5832,LOT-20260506-651F-005,A2,1,0,0,Hierbabuena,,,,,,,2026-05-11 19:06:54,2026-05-06 20:48:22,118.31,5,cg_1778526412113_1,5033,cam1_20260511_130654.jpg,crops/cam1_20260511_130654_r1_c0.jpg,5035,cam1_20260511_130659.jpg,crops/cam1_20260511_130659_r1_c0.jpg,10781,29.6,,48,55.4,0,0,0,0,0,0.0,0.0,3363.0,102.0,62.3,12.5,1.7,0.3,,2026-05-11 19:07:00
germ-germinadorap-de5832|LOT-20260506-651F-005|r1_c0|rep0,LOT-20260506-651F-005:A2:R0,germ-germinadorap-de5832,LOT-20260506-651F-005,A2,1,0,0,Hierbabuena,,,,,,,2026-05-11 19:21:54,2026-05-06 20:48:22,118.56,5,cg_1778527312113_1,5037,cam1_20260511_132154.jpg,crops/cam1_20260511_132154_r1_c0.jpg,5039,cam1_20260511_132158.jpg,crops/cam1_20260511_132158_r1_c0.jpg,10793,29.5,,44,53.6,0,0,0,0,0,0.0,0.0,3377.0,102.0,62.5,12.5,1.7,0.3,,2026-05-11 19:22:00
germ-germinadorap-de5832|LOT-20260506-651F-005|r1_c0|rep0,LOT-20260506-651F-005:A2:R0,germ-germinadorap-de5832,LOT-20260506-651F-005,A2,1,0,0,Hierbabuena,,,,,,,2026-05-11 19:36:54,2026-05-06 20:48:22,118.81,5,cg_1778528212112_1,5041,cam1_20260511_133654.jpg,crops/cam1_20260511_133654_r1_c0.jpg,5043,cam1_20260511_133658.jpg,crops/cam1_20260511_133658_r1_c0.jpg,10805,29.5,,44,49.7,0,0,0,0,0,0.0,0.0,3392.0,102.0,62.8,12.6,1.7,0.3,,2026-05-11 19:37:00
germ-germinadorap-de5832|LOT-20260506-651F-005|r1_c0|rep0,LOT-20260506-651F-005:A2:R0,germ-germinadorap-de5832,LOT-20260506-651F-005,A2,1,0,0,Hierbabuena,,,,,,,2026-05-11 19:52:26,2026-05-06 20:48:22,119.07,5,cg_1778529144212_1,5049,cam1_20260511_135226.jpg,crops/cam1_20260511_135226_r1_c0.jpg,5051,cam1_20260511_135231.jpg,crops/cam1_20260511_135231_r1_c0.jpg,10817,29.5,,44,48.9,0,0,0,0,0,0.0,0.0,3408.0,102.0,63.0,12.6,1.7,0.3,,2026-05-11 19:52:32
germ-germinadorap-de5832|LOT-20260506-651F-005|r1_c0|rep0,LOT-20260506-651F-005:A2:R0,germ-germinadorap-de5832,LOT-20260506-651F-005,A2,1,0,0,Hierbabuena,,,,,,,2026-05-11 20:08:16,2026-05-06 20:48:22,119.33,5,cg_1778530093120_1,5053,cam1_20260511_140815.jpg,crops/cam1_20260511_140815_r1_c0.jpg,5055,cam1_20260511_140821.jpg,crops/cam1_20260511_140821_r1_c0.jpg,10829,29.5,,52,38.3,0,0,0,0,0,0.0,0.0,3424.0,102.0,63.3,12.7,1.7,0.3,,2026-05-11 20:08:23
germ-germinadorap-de5832|LOT-20260506-651F-005|r1_c0|rep0,LOT-20260506-651F-005:A2:R0,germ-germinadorap-de5832,LOT-20260506-651F-005,A2,1,0,0,Hierbabuena,,,,,,,2026-05-11 20:23:15,2026-05-06 20:48:22,119.58,5,cg_1778530993122_1,5057,cam1_20260511_142315.jpg,crops/cam1_20260511_142315_r1_c0.jpg,5059,cam1_20260511_142319.jpg,crops/cam1_20260511_142319_r1_c0.jpg,10841,29.6,,44,40.1,0,0,0,0,0,0.0,0.0,3438.0,102.0,63.6,12.7,1.7,0.3,,2026-05-11 20:23:21
germ-germinadorap-de5832|LOT-20260506-651F-005|r1_c0|rep0,LOT-20260506-651F-005:A2:R0,germ-germinadorap-de5832,LOT-20260506-651F-005,A2,1,0,0,Hierbabuena,,,,,,,2026-05-11 20:38:16,2026-05-06 20:48:22,119.83,5,cg_1778531893135_1,5061,cam1_20260511_143815.jpg,crops/cam1_20260511_143815_r1_c0.jpg,5063,cam1_20260511_143820.jpg,crops/cam1_20260511_143820_r1_c0.jpg,10853,29.5,,44,40.5,0,0,0,0,0,0.0,0.0,3453.0,102.0,63.6,12.7,1.7,0.3,,2026-05-11 20:38:21
germ-germinadorap-de5832|LOT-20260506-651F-005|r1_c0|rep0,LOT-20260506-651F-005:A2:R0,germ-germinadorap-de5832,LOT-20260506-651F-005,A2,1,0,0,Hierbabuena,,,,,,,2026-05-11 20:53:15,2026-05-06 20:48:22,120.08,6,cg_1778532793143_1,5065,cam1_20260511_145315.jpg,crops/cam1_20260511_145315_r1_c0.jpg,5067,cam1_20260511_145320.jpg,crops/cam1_20260511_145320_r1_c0.jpg,10865,29.6,,45,40.1,0,0,0,0,0,0.0,0.0,3468.0,102.0,63.6,10.6,1.7,0.3,,2026-05-11 20:53:21
germ-germinadorap-de5832|LOT-20260506-651F-005|r1_c0|rep0,LOT-20260506-651F-005:A2:R0,germ-germinadorap-de5832,LOT-20260506-651F-005,A2,1,0,0,Hierbabuena,,,,,,,2026-05-11 21:08:17,2026-05-06 20:48:22,120.33,6,cg_1778533693148_1,5069,cam1_20260511_150816.jpg,crops/cam1_20260511_150816_r1_c0.jpg,5071,cam1_20260511_150819.jpg,crops/cam1_20260511_150819_r1_c0.jpg,10877,29.5,,44,40.5,0,0,0,0,0,0.0,0.0,3483.0,102.0,63.6,10.6,1.8,0.3,,2026-05-11 21:08:21
germ-germinadorap-de5832|LOT-20260506-651F-005|r1_c0|rep0,LOT-20260506-651F-005:A2:R0,germ-germinadorap-de5832,LOT-20260506-651F-005,A2,1,0,0,Hierbabuena,,,,,,,2026-05-11 21:23:16,2026-05-06 20:48:22,120.58,6,cg_1778534593148_1,5073,cam1_20260511_152316.jpg,crops/cam1_20260511_152316_r1_c0.jpg,5075,cam1_20260511_152320.jpg,crops/cam1_20260511_152320_r1_c0.jpg,10889,29.7,,46,41.1,0,0,0,0,0,0.0,0.0,3498.0,102.0,63.6,10.6,1.8,0.3,,2026-05-11 21:23:21
germ-germinadorap-de5832|LOT-20260506-651F-005|r1_c0|rep0,LOT-20260506-651F-005:A2:R0,germ-germinadorap-de5832,LOT-20260506-651F-005,A2,1,0,0,Hierbabuena,,,,,,,2026-05-11 22:23:48,2026-05-06 20:48:22,121.59,6,cg_1778538226397_1,5076,cam1_20260511_162348.jpg,crops/cam1_20260511_162348_r1_c0.jpg,5078,cam1_20260511_162351.jpg,crops/cam1_20260511_162351_r1_c0.jpg,10896,28.4,,54,30.4,0,0,0,0,0,0.0,0.0,3558.0,102.0,64.1,10.7,1.8,0.3,,2026-05-11 22:23:52
germ-germinadorap-de5832|LOT-20260506-651F-005|r1_c0|rep0,LOT-20260506-651F-005:A2:R0,germ-germinadorap-de5832,LOT-20260506-651F-005,A2,1,0,0,Hierbabuena,,,,,,,2026-05-11 22:38:48,2026-05-06 20:48:22,121.84,6,cg_1778539126397_1,5085,cam1_20260511_163848.jpg,crops/cam1_20260511_163848_r1_c0.jpg,5087,cam1_20260511_163853.jpg,crops/cam1_20260511_163853_r1_c0.jpg,10913,28.9,,52,41.9,0,0,0,0,0,0.0,0.0,3573.0,102.0,64.3,10.7,1.8,0.3,,2026-05-11 22:38:54
germ-germinadorap-de5832|LOT-20260506-651F-005|r1_c0|rep0,LOT-20260506-651F-005:A2:R0,germ-germinadorap-de5832,LOT-20260506-651F-005,A2,1,0,0,Hierbabuena,,,,,,,2026-05-11 22:53:49,2026-05-06 20:48:22,122.09,6,cg_1778540026397_1,5089,cam1_20260511_165348.jpg,crops/cam1_20260511_165348_r1_c0.jpg,5091,cam1_20260511_165353.jpg,crops/cam1_20260511_165353_r1_c0.jpg,10925,29.3,,50,41.7,0,0,0,0,0,0.0,0.0,3588.0,102.0,64.4,10.7,1.8,0.3,,2026-05-11 22:53:54
germ-germinadorap-de5832|LOT-20260506-651F-005|r1_c0|rep0,LOT-20260506-651F-005:A2:R0,germ-germinadorap-de5832,LOT-20260506-651F-005,A2,1,0,0,Hierbabuena,,,,,,,2026-05-11 23:08:48,2026-05-06 20:48:22,122.34,6,cg_1778540926403_1,5093,cam1_20260511_170848.jpg,crops/cam1_20260511_170848_r1_c0.jpg,5095,cam1_20260511_170853.jpg,crops/cam1_20260511_170853_r1_c0.jpg,10937,29.5,,46,41.6,0,0,0,0,0,0.0,0.0,3603.0,102.0,64.4,10.7,1.8,0.3,,2026-05-11 23:08:54
germ-germinadorap-de5832|LOT-20260506-651F-005|r1_c0|rep0,LOT-20260506-651F-005:A2:R0,germ-germinadorap-de5832,LOT-20260506-651F-005,A2,1,0,0,Hierbabuena,,,,,,,2026-05-11 23:23:49,2026-05-06 20:48:22,122.59,6,cg_1778541826404_1,5097,cam1_20260511_172348.jpg,crops/cam1_20260511_172348_r1_c0.jpg,5099,cam1_20260511_172353.jpg,crops/cam1_20260511_172353_r1_c0.jpg,10949,28.7,,43,41.4,0,0,0,0,0,0.0,0.0,3618.0,102.0,64.4,10.7,1.8,0.3,,2026-05-11 23:23:55
germ-germinadorap-de5832|LOT-20260506-651F-005|r1_c0|rep0,LOT-20260506-651F-005:A2:R0,germ-germinadorap-de5832,LOT-20260506-651F-005,A2,1,0,0,Hierbabuena,,,,,,,2026-05-11 23:40:06,2026-05-06 20:48:22,122.86,6,cg_1778542803434_1,5101,cam1_20260511_174005.jpg,crops/cam1_20260511_174005_r1_c0.jpg,5103,cam1_20260511_174012.jpg,crops/cam1_20260511_174012_r1_c0.jpg,10961,28.3,,42,40.1,0,0,0,0,0,0.0,0.0,3634.0,102.0,64.7,10.8,1.8,0.3,,2026-05-11 23:40:14
germ-germinadorap-de5832|LOT-20260506-651F-005|r1_c0|rep0,LOT-20260506-651F-005:A2:R0,germ-germinadorap-de5832,LOT-20260506-651F-005,A2,1,0,0,Hierbabuena,,,,,,,2026-05-11 23:55:07,2026-05-06 20:48:22,123.11,6,cg_1778543703433_1,5105,cam1_20260511_175506.jpg,crops/cam1_20260511_175506_r1_c0.jpg,5107,cam1_20260511_175510.jpg,crops/cam1_20260511_175510_r1_c0.jpg,10973,28,,42,39.9,0,0,0,0,0,0.0,0.0,3649.0,102.0,64.9,10.8,1.8,0.3,,2026-05-11 23:55:12
germ-germinadorap-de5832|LOT-20260506-651F-005|r1_c0|rep0,LOT-20260506-651F-005:A2:R0,germ-germinadorap-de5832,LOT-20260506-651F-005,A2,1,0,0,Hierbabuena,,,,,,,2026-05-12 00:10:06,2026-05-06 20:48:22,123.36,6,cg_1778544603456_1,5109,cam1_20260511_181005.jpg,crops/cam1_20260511_181005_r1_c0.jpg,5111,cam1_20260511_181011.jpg,crops/cam1_20260511_181011_r1_c0.jpg,10985,28.7,,44,44.1,0,0,0,1,0,15.0,0.0,3664.0,102.0,65.1,10.9,1.8,0.3,,2026-05-12 00:10:13
germ-germinadorap-de5832|LOT-20260506-651F-005|r1_c0|rep0,LOT-20260506-651F-005:A2:R0,germ-germinadorap-de5832,LOT-20260506-651F-005,A2,1,0,0,Hierbabuena,,,,,,,2026-05-12 06:17:12,2026-05-06 20:48:22,129.48,6,cg_1778566630522_1,5120,cam1_20260512_001712.jpg,crops/cam1_20260512_001712_r1_c0.jpg,5122,cam1_20260512_001715.jpg,crops/cam1_20260512_001715_r1_c0.jpg,10992,29,,50,1.5,0,0,0,0,0,0.0,0.0,3898.0,106.0,65.5,10.9,1.8,0.3,,2026-05-12 06:17:17
germ-germinadorap-de5832|LOT-20260506-651F-005|r1_c0|rep0,LOT-20260506-651F-005:A2:R0,germ-germinadorap-de5832,LOT-20260506-651F-005,A2,1,0,0,Hierbabuena,,,,,,,2026-05-12 06:32:32,2026-05-06 20:48:22,129.74,6,cg_1778567549603_1,5129,cam1_20260512_003231.jpg,crops/cam1_20260512_003231_r1_c0.jpg,5131,cam1_20260512_003236.jpg,crops/cam1_20260512_003236_r1_c0.jpg,11009,29,,50,1.4,0,0,0,0,0,0.0,0.0,3909.0,106.0,65.5,10.9,1.8,0.3,,2026-05-12 06:32:38
germ-germinadorap-de5832|LOT-20260506-651F-005|r1_c0|rep0,LOT-20260506-651F-005:A2:R0,germ-germinadorap-de5832,LOT-20260506-651F-005,A2,1,0,0,Hierbabuena,,,,,,,2026-05-12 06:47:32,2026-05-06 20:48:22,129.99,6,cg_1778568449607_1,5133,cam1_20260512_004731.jpg,crops/cam1_20260512_004731_r1_c0.jpg,5135,cam1_20260512_004736.jpg,crops/cam1_20260512_004736_r1_c0.jpg,11021,29,,50,1.4,0,0,0,0,0,0.0,0.0,3909.0,106.0,65.5,10.9,1.8,0.3,,2026-05-12 06:47:38
germ-germinadorap-de5832|LOT-20260506-651F-005|r1_c0|rep0,LOT-20260506-651F-005:A2:R0,germ-germinadorap-de5832,LOT-20260506-651F-005,A2,1,0,0,Hierbabuena,,,,,,,2026-05-12 07:02:32,2026-05-06 20:48:22,130.24,6,cg_1778569349616_1,5137,cam1_20260512_010231.jpg,crops/cam1_20260512_010231_r1_c0.jpg,5139,cam1_20260512_010236.jpg,crops/cam1_20260512_010236_r1_c0.jpg,11033,29,,50,1.4,0,0,0,0,0,0.0,0.0,3909.0,106.0,65.5,10.9,1.8,0.3,,2026-05-12 07:02:38
germ-germinadorap-de5832|LOT-20260506-651F-005|r1_c0|rep0,LOT-20260506-651F-005:A2:R0,germ-germinadorap-de5832,LOT-20260506-651F-005,A2,1,0,0,Hierbabuena,,,,,,,2026-05-12 07:17:32,2026-05-06 20:48:22,130.49,6,cg_1778570249627_1,5141,cam1_20260512_011731.jpg,crops/cam1_20260512_011731_r1_c0.jpg,5143,cam1_20260512_011736.jpg,crops/cam1_20260512_011736_r1_c0.jpg,11045,29,,50,1.3,0,0,0,0,0,0.0,0.0,3909.0,106.0,65.5,10.9,1.8,0.3,,2026-05-12 07:17:38
germ-germinadorap-de5832|LOT-20260506-651F-005|r1_c0|rep0,LOT-20260506-651F-005:A2:R0,germ-germinadorap-de5832,LOT-20260506-651F-005,A2,1,0,0,Hierbabuena,,,,,,,2026-05-12 07:32:32,2026-05-06 20:48:22,130.74,6,cg_1778571149648_1,5145,cam1_20260512_013231.jpg,crops/cam1_20260512_013231_r1_c0.jpg,5147,cam1_20260512_013236.jpg,crops/cam1_20260512_013236_r1_c0.jpg,11057,29,,50,1.3,0,0,0,0,0,0.0,0.0,3909.0,106.0,65.5,10.9,1.8,0.3,,2026-05-12 07:32:38
germ-germinadorap-de5832|LOT-20260506-651F-005|r1_c0|rep0,LOT-20260506-651F-005:A2:R0,germ-germinadorap-de5832,LOT-20260506-651F-005,A2,1,0,0,Hierbabuena,,,,,,,2026-05-12 07:48:41,2026-05-06 20:48:22,131.01,6,cg_1778572119478_1,5148,cam1_20260512_014841.jpg,crops/cam1_20260512_014841_r1_c0.jpg,5150,cam1_20260512_014844.jpg,crops/cam1_20260512_014844_r1_c0.jpg,11064,29,,50,1.2,0,0,0,0,0,0.0,0.0,3909.0,106.0,65.5,10.9,1.8,0.3,,2026-05-12 07:48:45
germ-germinadorap-de5832|LOT-20260506-651F-005|r1_c0|rep0,LOT-20260506-651F-005:A2:R0,germ-germinadorap-de5832,LOT-20260506-651F-005,A2,1,0,0,Hierbabuena,,,,,,,2026-05-12 08:04:29,2026-05-06 20:48:22,131.27,6,cg_1778573066922_1,5153,cam1_20260512_020428.jpg,crops/cam1_20260512_020428_r1_c0.jpg,5155,cam1_20260512_020433.jpg,crops/cam1_20260512_020433_r1_c0.jpg,11081,29,,50,1.2,0,0,0,0,0,0.0,0.0,3909.0,106.0,65.5,10.9,1.8,0.3,,2026-05-12 08:04:35
germ-germinadorap-de5832|LOT-20260506-651F-005|r1_c0|rep0,LOT-20260506-651F-005:A2:R0,germ-germinadorap-de5832,LOT-20260506-651F-005,A2,1,0,0,Hierbabuena,,,,,,,2026-05-12 08:19:29,2026-05-06 20:48:22,131.52,6,cg_1778573966918_1,5157,cam1_20260512_021928.jpg,crops/cam1_20260512_021928_r1_c0.jpg,5159,cam1_20260512_021933.jpg,crops/cam1_20260512_021933_r1_c0.jpg,11093,29,,50,1.2,0,0,0,0,0,0.0,0.0,3909.0,106.0,65.8,11.0,1.8,0.3,,2026-05-12 08:19:35
germ-germinadorap-de5832|LOT-20260506-651F-005|r1_c0|rep0,LOT-20260506-651F-005:A2:R0,germ-germinadorap-de5832,LOT-20260506-651F-005,A2,1,0,0,Hierbabuena,,,,,,,2026-05-12 08:34:29,2026-05-06 20:48:22,131.77,6,cg_1778574866921_1,5161,cam1_20260512_023428.jpg,crops/cam1_20260512_023428_r1_c0.jpg,5163,cam1_20260512_023434.jpg,crops/cam1_20260512_023434_r1_c0.jpg,11105,29,,50,1.1,0,0,0,0,0,0.0,0.0,3909.0,106.0,66.0,11.0,1.8,0.3,,2026-05-12 08:34:35
germ-germinadorap-de5832|LOT-20260506-651F-005|r1_c0|rep0,LOT-20260506-651F-005:A2:R0,germ-germinadorap-de5832,LOT-20260506-651F-005,A2,1,0,0,Hierbabuena,,,,,,,2026-05-12 08:49:29,2026-05-06 20:48:22,132.02,6,cg_1778575766926_1,5165,cam1_20260512_024928.jpg,crops/cam1_20260512_024928_r1_c0.jpg,5167,cam1_20260512_024934.jpg,crops/cam1_20260512_024934_r1_c0.jpg,11117,29,,50,1.1,0,0,0,0,0,0.0,0.0,3910.0,106.0,66.3,11.0,1.8,0.3,,2026-05-12 08:49:35
germ-germinadorap-de5832|LOT-20260506-651F-005|r1_c0|rep0,LOT-20260506-651F-005:A2:R0,germ-germinadorap-de5832,LOT-20260506-651F-005,A2,1,0,0,Hierbabuena,,,,,,,2026-05-12 09:04:29,2026-05-06 20:48:22,132.27,6,cg_1778576666928_1,5169,cam1_20260512_030428.jpg,crops/cam1_20260512_030428_r1_c0.jpg,5171,cam1_20260512_030433.jpg,crops/cam1_20260512_030433_r1_c0.jpg,11129,29,,50,1,0,0,0,0,0,0.0,0.0,3910.0,106.0,66.5,11.1,1.8,0.3,,2026-05-12 09:04:35
germ-germinadorap-de5832|LOT-20260506-651F-005|r1_c0|rep0,LOT-20260506-651F-005:A2:R0,germ-germinadorap-de5832,LOT-20260506-651F-005,A2,1,0,0,Hierbabuena,,,,,,,2026-05-12 09:19:29,2026-05-06 20:48:22,132.52,6,cg_1778577566933_1,5173,cam1_20260512_031928.jpg,crops/cam1_20260512_031928_r1_c0.jpg,5175,cam1_20260512_031933.jpg,crops/cam1_20260512_031933_r1_c0.jpg,11141,29,,50,1,0,0,0,0,0,0.0,0.0,3910.0,106.0,66.8,11.1,1.8,0.3,,2026-05-12 09:19:35
germ-germinadorap-de5832|LOT-20260506-651F-005|r1_c0|rep0,LOT-20260506-651F-005:A2:R0,germ-germinadorap-de5832,LOT-20260506-651F-005,A2,1,0,0,Hierbabuena,,,,,,,2026-05-12 09:34:29,2026-05-06 20:48:22,132.77,6,cg_1778578466936_1,5176,cam1_20260512_033428.jpg,crops/cam1_20260512_033428_r1_c0.jpg,5178,cam1_20260512_033431.jpg,crops/cam1_20260512_033431_r1_c0.jpg,11148,29,,50,0.9,0,0,0,0,0,0.0,0.0,3910.0,106.0,67.0,11.2,1.8,0.3,,2026-05-12 09:34:33
germ-germinadorap-de5832|LOT-20260506-651F-005|r1_c0|rep0,LOT-20260506-651F-005:A2:R0,germ-germinadorap-de5832,LOT-20260506-651F-005,A2,1,0,0,Hierbabuena,,,,,,,2026-05-12 09:49:29,2026-05-06 20:48:22,133.02,6,cg_1778579366940_1,5181,cam1_20260512_034928.jpg,crops/cam1_20260512_034928_r1_c0.jpg,5183,cam1_20260512_034933.jpg,crops/cam1_20260512_034933_r1_c0.jpg,11165,29,,50,0.9,0,0,0,0,0,0.0,0.0,3910.0,106.0,67.3,11.2,1.8,0.3,,2026-05-12 09:49:35
germ-germinadorap-de5832|LOT-20260506-651F-005|r1_c0|rep0,LOT-20260506-651F-005:A2:R0,germ-germinadorap-de5832,LOT-20260506-651F-005,A2,1,0,0,Hierbabuena,,,,,,,2026-05-12 10:04:29,2026-05-06 20:48:22,133.27,6,cg_1778580266942_1,5185,cam1_20260512_040428.jpg,crops/cam1_20260512_040428_r1_c0.jpg,5187,cam1_20260512_040433.jpg,crops/cam1_20260512_040433_r1_c0.jpg,11177,29,,50,0.9,0,0,0,0,0,0.0,0.0,3910.0,106.0,67.5,11.3,1.8,0.3,,2026-05-12 10:04:35
germ-germinadorap-de5832|LOT-20260506-651F-005|r1_c0|rep0,LOT-20260506-651F-005:A2:R0,germ-germinadorap-de5832,LOT-20260506-651F-005,A2,1,0,0,Hierbabuena,,,,,,,2026-05-12 10:19:29,2026-05-06 20:48:22,133.52,6,cg_1778581166946_1,5189,cam1_20260512_041929.jpg,crops/cam1_20260512_041929_r1_c0.jpg,5191,cam1_20260512_041934.jpg,crops/cam1_20260512_041934_r1_c0.jpg,11189,29,,50,0.8,0,0,0,0,0,0.0,0.0,3910.0,106.0,67.8,11.3,1.8,0.3,,2026-05-12 10:19:35
germ-germinadorap-de5832|LOT-20260506-651F-005|r1_c0|rep0,LOT-20260506-651F-005:A2:R0,germ-germinadorap-de5832,LOT-20260506-651F-005,A2,1,0,0,Hierbabuena,,,,,,,2026-05-12 10:34:29,2026-05-06 20:48:22,133.77,6,cg_1778582066951_1,5193,cam1_20260512_043428.jpg,crops/cam1_20260512_043428_r1_c0.jpg,5195,cam1_20260512_043433.jpg,crops/cam1_20260512_043433_r1_c0.jpg,11201,29,,50,0.9,0,0,0,0,0,0.0,0.0,3910.0,106.0,68.0,11.3,1.8,0.3,,2026-05-12 10:34:35
germ-germinadorap-de5832|LOT-20260506-651F-005|r1_c0|rep0,LOT-20260506-651F-005:A2:R0,germ-germinadorap-de5832,LOT-20260506-651F-005,A2,1,0,0,Hierbabuena,,,,,,,2026-05-12 10:49:29,2026-05-06 20:48:22,134.02,6,cg_1778582966957_1,5197,cam1_20260512_044928.jpg,crops/cam1_20260512_044928_r1_c0.jpg,5199,cam1_20260512_044933.jpg,crops/cam1_20260512_044933_r1_c0.jpg,11213,29,,50,0.8,0,0,0,0,0,0.0,0.0,3910.0,106.0,68.3,11.4,1.8,0.3,,2026-05-12 10:49:35
germ-germinadorap-de5832|LOT-20260506-651F-005|r1_c0|rep0,LOT-20260506-651F-005:A2:R0,germ-germinadorap-de5832,LOT-20260506-651F-005,A2,1,0,0,Hierbabuena,,,,,,,2026-05-12 11:04:29,2026-05-06 20:48:22,134.27,6,cg_1778583866959_1,5201,cam1_20260512_050428.jpg,crops/cam1_20260512_050428_r1_c0.jpg,5203,cam1_20260512_050433.jpg,crops/cam1_20260512_050433_r1_c0.jpg,11225,29,,50,0.8,0,0,0,0,0,0.0,0.0,3910.0,106.0,68.5,11.4,1.8,0.3,,2026-05-12 11:04:35
germ-germinadorap-de5832|LOT-20260506-651F-005|r1_c0|rep0,LOT-20260506-651F-005:A2:R0,germ-germinadorap-de5832,LOT-20260506-651F-005,A2,1,0,0,Hierbabuena,,,,,,,2026-05-12 11:19:29,2026-05-06 20:48:22,134.52,6,cg_1778584766963_1,5205,cam1_20260512_051928.jpg,crops/cam1_20260512_051928_r1_c0.jpg,5207,cam1_20260512_051933.jpg,crops/cam1_20260512_051933_r1_c0.jpg,11237,29,,50,0.7,0,0,0,0,0,0.0,0.0,3910.0,106.0,68.8,11.5,1.8,0.3,,2026-05-12 11:19:35
germ-germinadorap-de5832|LOT-20260506-651F-005|r1_c0|rep0,LOT-20260506-651F-005:A2:R0,germ-germinadorap-de5832,LOT-20260506-651F-005,A2,1,0,0,Hierbabuena,,,,,,,2026-05-12 11:34:29,2026-05-06 20:48:22,134.77,6,cg_1778585666966_1,5209,cam1_20260512_053428.jpg,crops/cam1_20260512_053428_r1_c0.jpg,5211,cam1_20260512_053433.jpg,crops/cam1_20260512_053433_r1_c0.jpg,11249,29,,50,0.7,0,0,0,0,0,0.0,0.0,3910.0,106.0,69.0,11.5,1.8,0.3,,2026-05-12 11:34:35
germ-germinadorap-de5832|LOT-20260506-651F-005|r1_c0|rep0,LOT-20260506-651F-005:A2:R0,germ-germinadorap-de5832,LOT-20260506-651F-005,A2,1,0,0,Hierbabuena,,,,,,,2026-05-12 11:49:29,2026-05-06 20:48:22,135.02,6,cg_1778586566974_1,5213,cam1_20260512_054928.jpg,crops/cam1_20260512_054928_r1_c0.jpg,5215,cam1_20260512_054933.jpg,crops/cam1_20260512_054933_r1_c0.jpg,11261,29,,50,0.8,0,0,0,0,0,0.0,0.0,3910.0,106.0,69.3,11.5,1.8,0.3,,2026-05-12 11:49:35
germ-germinadorap-de5832|LOT-20260506-651F-005|r1_c0|rep0,LOT-20260506-651F-005:A2:R0,germ-germinadorap-de5832,LOT-20260506-651F-005,A2,1,0,0,Hierbabuena,,,,,,,2026-05-12 12:04:29,2026-05-06 20:48:22,135.27,6,cg_1778587466973_1,5217,cam1_20260512_060428.jpg,crops/cam1_20260512_060428_r1_c0.jpg,5219,cam1_20260512_060434.jpg,crops/cam1_20260512_060434_r1_c0.jpg,11273,29,,50,0.7,0,0,0,0,0,0.0,0.0,3910.0,106.0,69.5,11.6,1.8,0.3,,2026-05-12 12:04:35
germ-germinadorap-de5832|LOT-20260506-651F-005|r1_c0|rep0,LOT-20260506-651F-005:A2:R0,germ-germinadorap-de5832,LOT-20260506-651F-005,A2,1,0,0,Hierbabuena,,,,,,,2026-05-12 12:19:29,2026-05-06 20:48:22,135.52,6,cg_1778588366980_1,5221,cam1_20260512_061928.jpg,crops/cam1_20260512_061928_r1_c0.jpg,5223,cam1_20260512_061933.jpg,crops/cam1_20260512_061933_r1_c0.jpg,11285,29,,50,0.7,0,0,0,0,0,0.0,0.0,3910.0,106.0,69.8,11.6,1.8,0.3,,2026-05-12 12:19:35
germ-germinadorap-de5832|LOT-20260506-651F-005|r1_c0|rep0,LOT-20260506-651F-005:A2:R0,germ-germinadorap-de5832,LOT-20260506-651F-005,A2,1,0,0,Hierbabuena,,,,,,,2026-05-12 12:34:29,2026-05-06 20:48:22,135.77,6,cg_1778589266977_1,5225,cam1_20260512_063428.jpg,crops/cam1_20260512_063428_r1_c0.jpg,5227,cam1_20260512_063433.jpg,crops/cam1_20260512_063433_r1_c0.jpg,11297,29,,50,0.6,0,0,0,0,0,0.0,0.0,3910.0,106.0,70.0,11.7,1.8,0.3,,2026-05-12 12:34:35
germ-germinadorap-de5832|LOT-20260506-651F-005|r1_c0|rep0,LOT-20260506-651F-005:A2:R0,germ-germinadorap-de5832,LOT-20260506-651F-005,A2,1,0,0,Hierbabuena,,,,,,,2026-05-12 12:49:29,2026-05-06 20:48:22,136.02,6,cg_1778590166981_1,5229,cam1_20260512_064928.jpg,crops/cam1_20260512_064928_r1_c0.jpg,5231,cam1_20260512_064933.jpg,crops/cam1_20260512_064933_r1_c0.jpg,11309,29,,50,0.7,0,0,0,0,0,0.0,0.0,3911.0,106.0,70.3,11.7,1.8,0.3,,2026-05-12 12:49:35
germ-germinadorap-de5832|LOT-20260506-651F-005|r1_c0|rep0,LOT-20260506-651F-005:A2:R0,germ-germinadorap-de5832,LOT-20260506-651F-005,A2,1,0,0,Hierbabuena,,,,,,,2026-05-12 13:04:29,2026-05-06 20:48:22,136.27,6,cg_1778591066985_1,5233,cam1_20260512_070428.jpg,crops/cam1_20260512_070428_r1_c0.jpg,5235,cam1_20260512_070433.jpg,crops/cam1_20260512_070433_r1_c0.jpg,11321,29,,50,0.6,0,0,0,0,0,0.0,0.0,3911.0,106.0,70.5,11.8,1.8,0.3,,2026-05-12 13:04:35
germ-germinadorap-de5832|LOT-20260506-651F-005|r1_c0|rep0,LOT-20260506-651F-005:A2:R0,germ-germinadorap-de5832,LOT-20260506-651F-005,A2,1,0,0,Hierbabuena,,,,,,,2026-05-12 13:19:29,2026-05-06 20:48:22,136.52,6,cg_1778591966990_1,5237,cam1_20260512_071928.jpg,crops/cam1_20260512_071928_r1_c0.jpg,5239,cam1_20260512_071933.jpg,crops/cam1_20260512_071933_r1_c0.jpg,11333,29,,50,0.6,0,0,0,0,0,0.0,0.0,3911.0,106.0,70.8,11.8,1.8,0.3,,2026-05-12 13:19:35
germ-germinadorap-de5832|LOT-20260506-651F-005|r1_c0|rep0,LOT-20260506-651F-005:A2:R0,germ-germinadorap-de5832,LOT-20260506-651F-005,A2,1,0,0,Hierbabuena,,,,,,,2026-05-12 13:34:29,2026-05-06 20:48:22,136.77,6,cg_1778592866993_1,5241,cam1_20260512_073428.jpg,crops/cam1_20260512_073428_r1_c0.jpg,5243,cam1_20260512_073433.jpg,crops/cam1_20260512_073433_r1_c0.jpg,11345,29,,50,0.6,0,0,0,0,0,0.0,0.0,3911.0,106.0,71.0,11.8,1.8,0.3,,2026-05-12 13:34:35
germ-germinadorap-de5832|LOT-20260506-651F-005|r1_c0|rep0,LOT-20260506-651F-005:A2:R0,germ-germinadorap-de5832,LOT-20260506-651F-005,A2,1,0,0,Hierbabuena,,,,,,,2026-05-12 13:49:29,2026-05-06 20:48:22,137.02,6,cg_1778593766996_1,5245,cam1_20260512_074928.jpg,crops/cam1_20260512_074928_r1_c0.jpg,5247,cam1_20260512_074933.jpg,crops/cam1_20260512_074933_r1_c0.jpg,11357,29,,50,0.6,0,0,0,0,0,0.0,0.0,3911.0,106.0,71.3,11.9,1.8,0.3,,2026-05-12 13:49:35
germ-germinadorap-de5832|LOT-20260506-651F-005|r1_c0|rep0,LOT-20260506-651F-005:A2:R0,germ-germinadorap-de5832,LOT-20260506-651F-005,A2,1,0,0,Hierbabuena,,,,,,,2026-05-12 14:04:31,2026-05-06 20:48:22,137.27,6,cg_1778594669247_1,5253,cam1_20260512_080430.jpg,crops/cam1_20260512_080430_r1_c0.jpg,5255,cam1_20260512_080436.jpg,crops/cam1_20260512_080436_r1_c0.jpg,11369,29,,50,0.6,0,0,0,0,0,0.0,0.0,3915.0,106.0,71.5,11.9,1.8,0.3,,2026-05-12 14:04:37
germ-germinadorap-de5832|LOT-20260506-651F-005|r1_c0|rep0,LOT-20260506-651F-005:A2:R0,germ-germinadorap-de5832,LOT-20260506-651F-005,A2,1,0,0,Hierbabuena,,,,,,,2026-05-12 14:19:31,2026-05-06 20:48:22,137.52,6,cg_1778595569271_1,5257,cam1_20260512_081930.jpg,crops/cam1_20260512_081930_r1_c0.jpg,5259,cam1_20260512_081936.jpg,crops/cam1_20260512_081936_r1_c0.jpg,11381,29,,50,0.5,0,0,0,0,0,0.0,0.0,3930.0,106.0,71.8,12.0,1.8,0.3,,2026-05-12 14:19:37
germ-germinadorap-de5832|LOT-20260506-651F-005|r1_c0|rep0,LOT-20260506-651F-005:A2:R0,germ-germinadorap-de5832,LOT-20260506-651F-005,A2,1,0,0,Hierbabuena,,,,,,,2026-05-12 14:34:31,2026-05-06 20:48:22,137.77,6,cg_1778596469286_1,5261,cam1_20260512_083431.jpg,crops/cam1_20260512_083431_r1_c0.jpg,5263,cam1_20260512_083436.jpg,crops/cam1_20260512_083436_r1_c0.jpg,11393,29,,50,0.6,0,0,0,0,0,0.0,0.0,3945.0,106.0,72.0,12.0,1.8,0.3,,2026-05-12 14:34:38
germ-germinadorap-de5832|LOT-20260506-651F-005|r1_c0|rep0,LOT-20260506-651F-005:A2:R0,germ-germinadorap-de5832,LOT-20260506-651F-005,A2,1,0,0,Hierbabuena,,,,,,,2026-05-12 14:49:31,2026-05-06 20:48:22,138.02,6,cg_1778597369291_1,5265,cam1_20260512_084930.jpg,crops/cam1_20260512_084930_r1_c0.jpg,5267,cam1_20260512_084936.jpg,crops/cam1_20260512_084936_r1_c0.jpg,11405,29,,50,0.6,0,0,0,0,0,0.0,0.0,3960.0,106.0,72.2,12.0,1.8,0.3,,2026-05-12 14:49:37
germ-germinadorap-de5832|LOT-20260506-651F-005|r1_c0|rep0,LOT-20260506-651F-005:A2:R0,germ-germinadorap-de5832,LOT-20260506-651F-005,A2,1,0,0,Hierbabuena,,,,,,,2026-05-12 15:04:31,2026-05-06 20:48:22,138.27,6,cg_1778598269393_1,5269,cam1_20260512_090431.jpg,crops/cam1_20260512_090431_r1_c0.jpg,5271,cam1_20260512_090436.jpg,crops/cam1_20260512_090436_r1_c0.jpg,11417,29,,50,0.6,0,0,0,0,0,0.0,0.0,3974.0,106.0,72.5,12.1,1.8,0.3,,2026-05-12 15:04:38
germ-germinadorap-de5832|LOT-20260506-651F-005|r1_c0|rep0,LOT-20260506-651F-005:A2:R0,germ-germinadorap-de5832,LOT-20260506-651F-005,A2,1,0,0,Hierbabuena,,,,,,,2026-05-12 15:19:31,2026-05-06 20:48:22,138.52,6,cg_1778599169461_1,5273,cam1_20260512_091931.jpg,crops/cam1_20260512_091931_r1_c0.jpg,5275,cam1_20260512_091936.jpg,crops/cam1_20260512_091936_r1_c0.jpg,11429,29,,50,0.5,0,0,0,0,0,0.0,0.0,3989.0,106.0,72.7,12.1,1.8,0.3,,2026-05-12 15:19:38
germ-germinadorap-de5832|LOT-20260506-651F-005|r1_c0|rep0,LOT-20260506-651F-005:A2:R0,germ-germinadorap-de5832,LOT-20260506-651F-005,A2,1,0,0,Hierbabuena,,,,,,,2026-05-12 15:34:32,2026-05-06 20:48:22,138.77,6,cg_1778600069557_1,5277,cam1_20260512_093431.jpg,crops/cam1_20260512_093431_r1_c0.jpg,5279,cam1_20260512_093436.jpg,crops/cam1_20260512_093436_r1_c0.jpg,11441,29,,50,0.5,0,0,0,0,0,0.0,0.0,4004.0,106.0,73.0,12.2,1.8,0.3,,2026-05-12 15:34:38
germ-germinadorap-de5832|LOT-20260506-651F-005|r1_c0|rep0,LOT-20260506-651F-005:A2:R0,germ-germinadorap-de5832,LOT-20260506-651F-005,A2,1,0,0,Hierbabuena,,,,,,,2026-05-12 15:49:32,2026-05-06 20:48:22,139.02,6,cg_1778600969558_1,5281,cam1_20260512_094931.jpg,crops/cam1_20260512_094931_r1_c0.jpg,5283,cam1_20260512_094936.jpg,crops/cam1_20260512_094936_r1_c0.jpg,11453,29,,50,0.5,0,0,0,0,0,0.0,0.0,4019.0,106.0,73.2,12.2,1.8,0.3,,2026-05-12 15:49:38
germ-germinadorap-de5832|LOT-20260506-651F-005|r1_c0|rep0,LOT-20260506-651F-005:A2:R0,germ-germinadorap-de5832,LOT-20260506-651F-005,A2,1,0,0,Hierbabuena,,,,,,,2026-05-12 16:04:32,2026-05-06 20:48:22,139.27,6,cg_1778601869564_1,5285,cam1_20260512_100431.jpg,crops/cam1_20260512_100431_r1_c0.jpg,5287,cam1_20260512_100436.jpg,crops/cam1_20260512_100436_r1_c0.jpg,11465,29,,50,0.5,0,0,0,0,0,0.0,0.0,4034.0,106.0,73.5,12.2,1.8,0.3,,2026-05-12 16:04:38
germ-germinadorap-de5832|LOT-20260506-651F-005|r1_c0|rep0,LOT-20260506-651F-005:A2:R0,germ-germinadorap-de5832,LOT-20260506-651F-005,A2,1,0,0,Hierbabuena,,,,,,,2026-05-12 16:19:31,2026-05-06 20:48:22,139.52,6,cg_1778602769566_1,5289,cam1_20260512_101931.jpg,crops/cam1_20260512_101931_r1_c0.jpg,5291,cam1_20260512_101936.jpg,crops/cam1_20260512_101936_r1_c0.jpg,11477,29,,50,0.5,0,0,0,0,0,0.0,0.0,4049.0,106.0,73.7,12.3,1.8,0.3,,2026-05-12 16:19:38
germ-germinadorap-de5832|LOT-20260506-651F-005|r1_c0|rep0,LOT-20260506-651F-005:A2:R0,germ-germinadorap-de5832,LOT-20260506-651F-005,A2,1,0,0,Hierbabuena,,,,,,,2026-05-12 16:34:31,2026-05-06 20:48:22,139.77,6,cg_1778603669569_1,5292,cam1_20260512_103431.jpg,crops/cam1_20260512_103431_r1_c0.jpg,5294,cam1_20260512_103434.jpg,crops/cam1_20260512_103434_r1_c0.jpg,11484,29,,50,0.5,0,0,0,0,0,0.0,0.0,4064.0,106.0,74.0,12.3,1.8,0.3,,2026-05-12 16:34:35
germ-germinadorap-de5832|LOT-20260506-651F-005|r1_c0|rep0,LOT-20260506-651F-005:A2:R0,germ-germinadorap-de5832,LOT-20260506-651F-005,A2,1,0,0,Hierbabuena,,,,,,,2026-05-12 16:49:32,2026-05-06 20:48:22,140.02,6,cg_1778604569571_1,5297,cam1_20260512_104931.jpg,crops/cam1_20260512_104931_r1_c0.jpg,5299,cam1_20260512_104936.jpg,crops/cam1_20260512_104936_r1_c0.jpg,11501,29,,50,0.5,0,0,0,0,0,0.0,0.0,4079.0,106.0,74.2,12.4,1.8,0.3,,2026-05-12 16:49:38
germ-germinadorap-de5832|LOT-20260506-651F-005|r1_c0|rep0,LOT-20260506-651F-005:A2:R0,germ-germinadorap-de5832,LOT-20260506-651F-005,A2,1,0,0,Hierbabuena,,,,,,,2026-05-12 17:04:32,2026-05-06 20:48:22,140.27,6,cg_1778605469574_1,5301,cam1_20260512_110431.jpg,crops/cam1_20260512_110431_r1_c0.jpg,5303,cam1_20260512_110436.jpg,crops/cam1_20260512_110436_r1_c0.jpg,11513,29,,50,0.5,0,0,0,0,0,0.0,0.0,4094.0,106.0,74.5,12.4,1.8,0.3,,2026-05-12 17:04:38
germ-germinadorap-de5832|LOT-20260506-651F-005|r1_c0|rep0,LOT-20260506-651F-005:A2:R0,germ-germinadorap-de5832,LOT-20260506-651F-005,A2,1,0,0,Hierbabuena,,,,,,,2026-05-12 17:19:32,2026-05-06 20:48:22,140.52,6,cg_1778606369578_1,5305,cam1_20260512_111931.jpg,crops/cam1_20260512_111931_r1_c0.jpg,5307,cam1_20260512_111936.jpg,crops/cam1_20260512_111936_r1_c0.jpg,11525,29,,50,0.4,0,0,0,0,0,0.0,0.0,4109.0,106.0,74.7,12.5,1.8,0.3,,2026-05-12 17:19:38
germ-germinadorap-de5832|LOT-20260506-651F-005|r1_c0|rep0,LOT-20260506-651F-005:A2:R0,germ-germinadorap-de5832,LOT-20260506-651F-005,A2,1,0,0,Hierbabuena,,,,,,,2026-05-12 17:34:32,2026-05-06 20:48:22,140.77,6,cg_1778607269578_1,5309,cam1_20260512_113431.jpg,crops/cam1_20260512_113431_r1_c0.jpg,5311,cam1_20260512_113436.jpg,crops/cam1_20260512_113436_r1_c0.jpg,11537,29,,50,0.4,0,0,0,0,0,0.0,0.0,4124.0,106.0,75.0,12.5,1.8,0.3,,2026-05-12 17:34:38
germ-germinadorap-de5832|LOT-20260506-651F-005|r1_c0|rep0,LOT-20260506-651F-005:A2:R0,germ-germinadorap-de5832,LOT-20260506-651F-005,A2,1,0,0,Hierbabuena,,,,,,,2026-05-12 17:49:32,2026-05-06 20:48:22,141.02,6,cg_1778608169579_1,5313,cam1_20260512_114931.jpg,crops/cam1_20260512_114931_r1_c0.jpg,5315,cam1_20260512_114936.jpg,crops/cam1_20260512_114936_r1_c0.jpg,11549,29,,50,0.4,0,0,0,0,0,0.0,0.0,4138.0,106.0,75.2,12.5,1.8,0.3,,2026-05-12 17:49:38
germ-germinadorap-de5832|LOT-20260506-651F-005|r1_c0|rep0,LOT-20260506-651F-005:A2:R0,germ-germinadorap-de5832,LOT-20260506-651F-005,A2,1,0,0,Hierbabuena,,,,,,,2026-05-12 18:04:32,2026-05-06 20:48:22,141.27,6,cg_1778609069584_1,5317,cam1_20260512_120431.jpg,crops/cam1_20260512_120431_r1_c0.jpg,5319,cam1_20260512_120436.jpg,crops/cam1_20260512_120436_r1_c0.jpg,11561,29,,50,0.4,0,0,0,0,0,0.0,0.0,4153.0,106.0,75.5,12.6,1.8,0.3,,2026-05-12 18:04:38
germ-germinadorap-de5832|LOT-20260506-651F-005|r1_c0|rep0,LOT-20260506-651F-005:A2:R0,germ-germinadorap-de5832,LOT-20260506-651F-005,A2,1,0,0,Hierbabuena,,,,,,,2026-05-12 18:19:32,2026-05-06 20:48:22,141.52,6,cg_1778609969588_1,5321,cam1_20260512_121931.jpg,crops/cam1_20260512_121931_r1_c0.jpg,5323,cam1_20260512_121936.jpg,crops/cam1_20260512_121936_r1_c0.jpg,11573,29,,50,0.4,0,0,0,0,0,0.0,0.0,4168.0,106.0,75.7,12.6,1.8,0.3,,2026-05-12 18:19:38
germ-germinadorap-de5832|LOT-20260506-651F-005|r1_c0|rep0,LOT-20260506-651F-005:A2:R0,germ-germinadorap-de5832,LOT-20260506-651F-005,A2,1,0,0,Hierbabuena,,,,,,,2026-05-12 18:34:32,2026-05-06 20:48:22,141.77,6,cg_1778610869594_1,5325,cam1_20260512_123431.jpg,crops/cam1_20260512_123431_r1_c0.jpg,5327,cam1_20260512_123436.jpg,crops/cam1_20260512_123436_r1_c0.jpg,11585,29,,50,0.4,0,0,0,0,0,0.0,0.0,4183.0,106.0,76.0,12.7,1.8,0.3,,2026-05-12 18:34:38
germ-germinadorap-de5832|LOT-20260506-651F-005|r1_c0|rep0,LOT-20260506-651F-005:A2:R0,germ-germinadorap-de5832,LOT-20260506-651F-005,A2,1,0,0,Hierbabuena,,,,,,,2026-05-12 18:49:32,2026-05-06 20:48:22,142.02,6,cg_1778611769607_1,5329,cam1_20260512_124931.jpg,crops/cam1_20260512_124931_r1_c0.jpg,5331,cam1_20260512_124936.jpg,crops/cam1_20260512_124936_r1_c0.jpg,11597,29,,50,0.4,0,0,0,0,0,0.0,0.0,4198.0,106.0,76.2,12.7,1.8,0.3,,2026-05-12 18:49:38
germ-germinadorap-de5832|LOT-20260506-651F-005|r1_c0|rep0,LOT-20260506-651F-005:A2:R0,germ-germinadorap-de5832,LOT-20260506-651F-005,A2,1,0,0,Hierbabuena,,,,,,,2026-05-12 19:04:32,2026-05-06 20:48:22,142.27,6,cg_1778612669607_1,5333,cam1_20260512_130431.jpg,crops/cam1_20260512_130431_r1_c0.jpg,5335,cam1_20260512_130436.jpg,crops/cam1_20260512_130436_r1_c0.jpg,11609,29,,50,0.4,0,0,0,0,0,0.0,0.0,4213.0,106.0,76.5,12.7,1.8,0.3,,2026-05-12 19:04:38
germ-germinadorap-de5832|LOT-20260506-651F-005|r1_c0|rep0,LOT-20260506-651F-005:A2:R0,germ-germinadorap-de5832,LOT-20260506-651F-005,A2,1,0,0,Hierbabuena,,,,,,,2026-05-12 19:19:32,2026-05-06 20:48:22,142.52,6,cg_1778613569614_1,5337,cam1_20260512_131931.jpg,crops/cam1_20260512_131931_r1_c0.jpg,5339,cam1_20260512_131936.jpg,crops/cam1_20260512_131936_r1_c0.jpg,11621,29,,50,0.3,0,0,0,0,0,0.0,0.0,4228.0,106.0,76.7,12.8,1.8,0.3,,2026-05-12 19:19:38
germ-germinadorap-de5832|LOT-20260506-651F-005|r1_c0|rep0,LOT-20260506-651F-005:A2:R0,germ-germinadorap-de5832,LOT-20260506-651F-005,A2,1,0,0,Hierbabuena,,,,,,,2026-05-12 19:34:32,2026-05-06 20:48:22,142.77,6,cg_1778614469630_1,5341,cam1_20260512_133431.jpg,crops/cam1_20260512_133431_r1_c0.jpg,5343,cam1_20260512_133436.jpg,crops/cam1_20260512_133436_r1_c0.jpg,11633,29,,50,0.3,0,0,0,0,0,0.0,0.0,4243.0,106.0,77.0,12.8,1.8,0.3,,2026-05-12 19:34:38
germ-germinadorap-de5832|LOT-20260506-651F-005|r1_c0|rep0,LOT-20260506-651F-005:A2:R0,germ-germinadorap-de5832,LOT-20260506-651F-005,A2,1,0,0,Hierbabuena,,,,,,,2026-05-12 19:49:32,2026-05-06 20:48:22,143.02,6,cg_1778615369643_1,5345,cam1_20260512_134931.jpg,crops/cam1_20260512_134931_r1_c0.jpg,5347,cam1_20260512_134936.jpg,crops/cam1_20260512_134936_r1_c0.jpg,11645,29,,50,0.3,0,0,0,0,0,0.0,0.0,4258.0,106.0,77.2,12.9,1.8,0.3,,2026-05-12 19:49:38
germ-germinadorap-de5832|LOT-20260506-651F-005|r1_c0|rep0,LOT-20260506-651F-005:A2:R0,germ-germinadorap-de5832,LOT-20260506-651F-005,A2,1,0,0,Hierbabuena,,,,,,,2026-05-12 20:04:32,2026-05-06 20:48:22,143.27,6,cg_1778616269653_1,5349,cam1_20260512_140431.jpg,crops/cam1_20260512_140431_r1_c0.jpg,5351,cam1_20260512_140436.jpg,crops/cam1_20260512_140436_r1_c0.jpg,11657,29,,50,0.3,0,0,0,0,0,0.0,0.0,4273.0,106.0,77.4,12.9,1.8,0.3,,2026-05-12 20:04:38
germ-germinadorap-de5832|LOT-20260506-651F-005|r1_c0|rep0,LOT-20260506-651F-005:A2:R0,germ-germinadorap-de5832,LOT-20260506-651F-005,A2,1,0,0,Hierbabuena,,,,,,,2026-05-12 20:19:32,2026-05-06 20:48:22,143.52,6,cg_1778617169656_1,5353,cam1_20260512_141931.jpg,crops/cam1_20260512_141931_r1_c0.jpg,5355,cam1_20260512_141936.jpg,crops/cam1_20260512_141936_r1_c0.jpg,11669,29,,50,0.2,0,0,0,0,0,0.0,0.0,4288.0,106.0,77.4,12.9,1.8,0.3,,2026-05-12 20:19:38
germ-germinadorap-de5832|LOT-20260506-651F-005|r1_c0|rep0,LOT-20260506-651F-005:A2:R0,germ-germinadorap-de5832,LOT-20260506-651F-005,A2,1,0,0,Hierbabuena,,,,,,,2026-05-12 20:34:32,2026-05-06 20:48:22,143.77,6,cg_1778618069665_1,5357,cam1_20260512_143431.jpg,crops/cam1_20260512_143431_r1_c0.jpg,5359,cam1_20260512_143436.jpg,crops/cam1_20260512_143436_r1_c0.jpg,11681,29,,50,0.2,0,0,0,0,0,0.0,0.0,4302.0,106.0,77.4,12.9,1.8,0.3,,2026-05-12 20:34:38
germ-germinadorap-de5832|LOT-20260506-651F-005|r1_c0|rep0,LOT-20260506-651F-005:A2:R0,germ-germinadorap-de5832,LOT-20260506-651F-005,A2,1,0,0,Hierbabuena,,,,,,,2026-05-12 20:49:32,2026-05-06 20:48:22,144.02,7,cg_1778618969682_1,5361,cam1_20260512_144931.jpg,crops/cam1_20260512_144931_r1_c0.jpg,5363,cam1_20260512_144936.jpg,crops/cam1_20260512_144936_r1_c0.jpg,11693,29,,50,0.2,0,0,0,0,0,0.0,0.0,4317.0,106.0,77.4,11.1,1.8,0.3,,2026-05-12 20:49:38
germ-germinadorap-de5832|LOT-20260506-651F-005|r1_c0|rep0,LOT-20260506-651F-005:A2:R0,germ-germinadorap-de5832,LOT-20260506-651F-005,A2,1,0,0,Hierbabuena,,,,,,,2026-05-12 21:04:32,2026-05-06 20:48:22,144.27,7,cg_1778619869688_1,5365,cam1_20260512_150431.jpg,crops/cam1_20260512_150431_r1_c0.jpg,5367,cam1_20260512_150436.jpg,crops/cam1_20260512_150436_r1_c0.jpg,11705,29,,50,0.1,0,0,0,0,0,0.0,0.0,4332.0,106.0,77.4,11.1,1.8,0.3,,2026-05-12 21:04:38
germ-germinadorap-de5832|LOT-20260506-651F-005|r1_c0|rep0,LOT-20260506-651F-005:A2:R0,germ-germinadorap-de5832,LOT-20260506-651F-005,A2,1,0,0,Hierbabuena,,,,,,,2026-05-12 21:19:32,2026-05-06 20:48:22,144.52,7,cg_1778620769704_1,5369,cam1_20260512_151931.jpg,crops/cam1_20260512_151931_r1_c0.jpg,5371,cam1_20260512_151936.jpg,crops/cam1_20260512_151936_r1_c0.jpg,11717,29,,50,0.2,0,0,0,0,0,0.0,0.0,4347.0,106.0,77.4,11.1,1.8,0.3,,2026-05-12 21:19:38
germ-germinadorap-de5832|LOT-20260506-651F-005|r1_c0|rep0,LOT-20260506-651F-005:A2:R0,germ-germinadorap-de5832,LOT-20260506-651F-005,A2,1,0,0,Hierbabuena,,,,,,,2026-05-12 21:34:32,2026-05-06 20:48:22,144.77,7,cg_1778621669705_1,5373,cam1_20260512_153431.jpg,crops/cam1_20260512_153431_r1_c0.jpg,5375,cam1_20260512_153436.jpg,crops/cam1_20260512_153436_r1_c0.jpg,11729,29,,50,0.1,0,0,0,0,0,0.0,0.0,4362.0,106.0,77.4,11.1,1.8,0.3,,2026-05-12 21:34:38
germ-germinadorap-de5832|LOT-20260506-651F-005|r1_c0|rep0,LOT-20260506-651F-005:A2:R0,germ-germinadorap-de5832,LOT-20260506-651F-005,A2,1,0,0,Hierbabuena,,,,,,,2026-05-12 21:49:32,2026-05-06 20:48:22,145.02,7,cg_1778622569712_1,5377,cam1_20260512_154931.jpg,crops/cam1_20260512_154931_r1_c0.jpg,5379,cam1_20260512_154936.jpg,crops/cam1_20260512_154936_r1_c0.jpg,11741,29,,50,0.1,0,0,0,0,0,0.0,0.0,4377.0,106.0,77.4,11.1,1.8,0.3,,2026-05-12 21:49:38
germ-germinadorap-de5832|LOT-20260506-651F-005|r1_c0|rep0,LOT-20260506-651F-005:A2:R0,germ-germinadorap-de5832,LOT-20260506-651F-005,A2,1,0,0,Hierbabuena,,,,,,,2026-05-12 22:04:32,2026-05-06 20:48:22,145.27,7,cg_1778623469722_1,5381,cam1_20260512_160431.jpg,crops/cam1_20260512_160431_r1_c0.jpg,5383,cam1_20260512_160436.jpg,crops/cam1_20260512_160436_r1_c0.jpg,11753,29,,50,0.1,0,0,0,0,0,0.0,0.0,4392.0,106.0,77.4,11.1,1.8,0.3,,2026-05-12 22:04:38
germ-germinadorap-de5832|LOT-20260506-651F-005|r1_c0|rep0,LOT-20260506-651F-005:A2:R0,germ-germinadorap-de5832,LOT-20260506-651F-005,A2,1,0,0,Hierbabuena,,,,,,,2026-05-12 22:19:32,2026-05-06 20:48:22,145.52,7,cg_1778624369732_1,5385,cam1_20260512_161931.jpg,crops/cam1_20260512_161931_r1_c0.jpg,5387,cam1_20260512_161936.jpg,crops/cam1_20260512_161936_r1_c0.jpg,11765,29,,50,0.1,0,0,0,0,0,0.0,0.0,4407.0,106.0,77.4,11.1,1.8,0.3,,2026-05-12 22:19:38
germ-germinadorap-de5832|LOT-20260506-651F-005|r1_c0|rep0,LOT-20260506-651F-005:A2:R0,germ-germinadorap-de5832,LOT-20260506-651F-005,A2,1,0,0,Hierbabuena,,,,,,,2026-05-12 22:34:32,2026-05-06 20:48:22,145.77,7,cg_1778625269746_1,5389,cam1_20260512_163431.jpg,crops/cam1_20260512_163431_r1_c0.jpg,5391,cam1_20260512_163436.jpg,crops/cam1_20260512_163436_r1_c0.jpg,11777,29,,50,0,0,0,0,0,0,0.0,0.0,4422.0,106.0,77.4,11.1,1.8,0.3,,2026-05-12 22:34:38
germ-germinadorap-de5832|LOT-20260506-651F-005|r1_c0|rep0,LOT-20260506-651F-005:A2:R0,germ-germinadorap-de5832,LOT-20260506-651F-005,A2,1,0,0,Hierbabuena,,,,,,,2026-05-12 22:49:33,2026-05-06 20:48:22,146.02,7,cg_1778626169804_1,5393,cam1_20260512_164932.jpg,crops/cam1_20260512_164932_r1_c0.jpg,5395,cam1_20260512_164937.jpg,crops/cam1_20260512_164937_r1_c0.jpg,11789,29,,50,0.1,0,0,0,0,0,0.0,0.0,4437.0,106.0,77.4,11.1,1.8,0.3,,2026-05-12 22:49:39
germ-germinadorap-de5832|LOT-20260506-651F-005|r1_c0|rep0,LOT-20260506-651F-005:A2:R0,germ-germinadorap-de5832,LOT-20260506-651F-005,A2,1,0,0,Hierbabuena,,,,,,,2026-05-12 23:04:32,2026-05-06 20:48:22,146.27,7,cg_1778627069851_1,5397,cam1_20260512_170431.jpg,crops/cam1_20260512_170431_r1_c0.jpg,5399,cam1_20260512_170436.jpg,crops/cam1_20260512_170436_r1_c0.jpg,11801,29,,50,0.1,0,0,0,0,0,0.0,0.0,4452.0,106.0,77.4,11.1,1.8,0.3,,2026-05-12 23:04:38
germ-germinadorap-de5832|LOT-20260506-651F-005|r1_c0|rep0,LOT-20260506-651F-005:A2:R0,germ-germinadorap-de5832,LOT-20260506-651F-005,A2,1,0,0,Hierbabuena,,,,,,,2026-05-12 23:19:32,2026-05-06 20:48:22,146.52,7,cg_1778627969827_1,5401,cam1_20260512_171931.jpg,crops/cam1_20260512_171931_r1_c0.jpg,5403,cam1_20260512_171936.jpg,crops/cam1_20260512_171936_r1_c0.jpg,11813,29,,50,0.1,0,0,0,0,0,0.0,0.0,4467.0,106.0,77.4,11.1,1.8,0.3,,2026-05-12 23:19:38
germ-germinadorap-de5832|LOT-20260506-651F-005|r1_c0|rep0,LOT-20260506-651F-005:A2:R0,germ-germinadorap-de5832,LOT-20260506-651F-005,A2,1,0,0,Hierbabuena,,,,,,,2026-05-12 23:34:32,2026-05-06 20:48:22,146.77,7,cg_1778628869834_1,5405,cam1_20260512_173431.jpg,crops/cam1_20260512_173431_r1_c0.jpg,5407,cam1_20260512_173436.jpg,crops/cam1_20260512_173436_r1_c0.jpg,11825,29,,50,0.1,0,0,0,0,0,0.0,0.0,4481.0,106.0,77.4,11.1,1.8,0.3,,2026-05-12 23:34:38
germ-germinadorap-de5832|LOT-20260506-651F-005|r1_c0|rep0,LOT-20260506-651F-005:A2:R0,germ-germinadorap-de5832,LOT-20260506-651F-005,A2,1,0,0,Hierbabuena,,,,,,,2026-05-12 23:49:32,2026-05-06 20:48:22,147.02,7,cg_1778629769850_1,5409,cam1_20260512_174931.jpg,crops/cam1_20260512_174931_r1_c0.jpg,5411,cam1_20260512_174936.jpg,crops/cam1_20260512_174936_r1_c0.jpg,11837,29,,50,0.1,0,0,0,0,0,0.0,0.0,4496.0,106.0,77.4,11.1,1.8,0.3,,2026-05-12 23:49:38
germ-germinadorap-de5832|LOT-20260506-651F-005|r1_c0|rep0,LOT-20260506-651F-005:A2:R0,germ-germinadorap-de5832,LOT-20260506-651F-005,A2,1,0,0,Hierbabuena,,,,,,,2026-05-13 00:04:32,2026-05-06 20:48:22,147.27,7,cg_1778630669861_1,5413,cam1_20260512_180431.jpg,crops/cam1_20260512_180431_r1_c0.jpg,5415,cam1_20260512_180436.jpg,crops/cam1_20260512_180436_r1_c0.jpg,11849,29,,50,0.1,0,0,0,1,0,15.0,0.0,4511.0,106.0,77.4,11.1,1.8,0.3,,2026-05-13 00:04:38
germ-germinadorap-de5832|LOT-20260506-651F-005|r1_c0|rep0,LOT-20260506-651F-005:A2:R0,germ-germinadorap-de5832,LOT-20260506-651F-005,A2,1,0,0,Hierbabuena,,,,,,,2026-05-13 00:19:32,2026-05-06 20:48:22,147.52,7,cg_1778631569882_1,5417,cam1_20260512_181931.jpg,crops/cam1_20260512_181931_r1_c0.jpg,5419,cam1_20260512_181936.jpg,crops/cam1_20260512_181936_r1_c0.jpg,11861,29,,50,0.1,0,0,0,0,0,0.0,0.0,4526.0,106.0,77.4,11.1,1.8,0.3,,2026-05-13 00:19:38
germ-germinadorap-de5832|LOT-20260506-651F-005|r1_c0|rep0,LOT-20260506-651F-005:A2:R0,germ-germinadorap-de5832,LOT-20260506-651F-005,A2,1,0,0,Hierbabuena,,,,,,,2026-05-13 00:34:32,2026-05-06 20:48:22,147.77,7,cg_1778632469897_1,5421,cam1_20260512_183431.jpg,crops/cam1_20260512_183431_r1_c0.jpg,5423,cam1_20260512_183436.jpg,crops/cam1_20260512_183436_r1_c0.jpg,11873,29,,50,0.1,0,0,0,0,0,0.0,0.0,4541.0,106.0,77.4,11.1,1.8,0.3,,2026-05-13 00:34:38
germ-germinadorap-de5832|LOT-20260506-651F-005|r1_c0|rep0,LOT-20260506-651F-005:A2:R0,germ-germinadorap-de5832,LOT-20260506-651F-005,A2,1,0,0,Hierbabuena,,,,,,,2026-05-13 00:49:32,2026-05-06 20:48:22,148.02,7,cg_1778633369908_1,5425,cam1_20260512_184931.jpg,crops/cam1_20260512_184931_r1_c0.jpg,5427,cam1_20260512_184936.jpg,crops/cam1_20260512_184936_r1_c0.jpg,11885,29,,50,0.1,0,0,0,0,0,0.0,0.0,4556.0,106.0,77.4,11.1,1.8,0.3,,2026-05-13 00:49:38
germ-germinadorap-de5832|LOT-20260506-651F-005|r1_c0|rep0,LOT-20260506-651F-005:A2:R0,germ-germinadorap-de5832,LOT-20260506-651F-005,A2,1,0,0,Hierbabuena,,,,,,,2026-05-13 01:04:32,2026-05-06 20:48:22,148.27,7,cg_1778634269926_1,5429,cam1_20260512_190431.jpg,crops/cam1_20260512_190431_r1_c0.jpg,5431,cam1_20260512_190436.jpg,crops/cam1_20260512_190436_r1_c0.jpg,11897,29,,50,0.1,0,0,0,0,0,0.0,0.0,4571.0,106.0,77.4,11.1,1.8,0.3,,2026-05-13 01:04:38
germ-germinadorap-de5832|LOT-20260506-651F-005|r1_c0|rep0,LOT-20260506-651F-005:A2:R0,germ-germinadorap-de5832,LOT-20260506-651F-005,A2,1,0,0,Hierbabuena,,,,,,,2026-05-13 01:19:32,2026-05-06 20:48:22,148.52,7,cg_1778635169930_1,5433,cam1_20260512_191931.jpg,crops/cam1_20260512_191931_r1_c0.jpg,5435,cam1_20260512_191936.jpg,crops/cam1_20260512_191936_r1_c0.jpg,11909,29,,50,0,0,0,0,0,0,0.0,0.0,4586.0,106.0,77.4,11.1,1.8,0.3,,2026-05-13 01:19:38
germ-germinadorap-de5832|LOT-20260506-651F-005|r1_c0|rep0,LOT-20260506-651F-005:A2:R0,germ-germinadorap-de5832,LOT-20260506-651F-005,A2,1,0,0,Hierbabuena,,,,,,,2026-05-13 01:34:32,2026-05-06 20:48:22,148.77,7,cg_1778636069939_1,5437,cam1_20260512_193431.jpg,crops/cam1_20260512_193431_r1_c0.jpg,5439,cam1_20260512_193436.jpg,crops/cam1_20260512_193436_r1_c0.jpg,11921,29,,50,0,0,0,0,0,0,0.0,0.0,4601.0,106.0,77.4,11.1,1.8,0.3,,2026-05-13 01:34:38
germ-germinadorap-de5832|LOT-20260506-651F-005|r1_c0|rep0,LOT-20260506-651F-005:A2:R0,germ-germinadorap-de5832,LOT-20260506-651F-005,A2,1,0,0,Hierbabuena,,,,,,,2026-05-13 01:49:32,2026-05-06 20:48:22,149.02,7,cg_1778636969944_1,5445,cam1_20260512_194931.jpg,crops/cam1_20260512_194931_r1_c0.jpg,5447,cam1_20260512_194936.jpg,crops/cam1_20260512_194936_r1_c0.jpg,11933,29,,50,0.1,0,0,0,0,0,0.0,0.0,4616.0,106.0,77.6,11.1,1.8,0.3,,2026-05-13 01:49:38
germ-germinadorap-de5832|LOT-20260506-651F-005|r1_c0|rep0,LOT-20260506-651F-005:A2:R0,germ-germinadorap-de5832,LOT-20260506-651F-005,A2,1,0,0,Hierbabuena,,,,,,,2026-05-13 02:04:32,2026-05-06 20:48:22,149.27,7,cg_1778637869992_1,5449,cam1_20260512_200431.jpg,crops/cam1_20260512_200431_r1_c0.jpg,5451,cam1_20260512_200436.jpg,crops/cam1_20260512_200436_r1_c0.jpg,11945,29,,50,0,0,0,0,0,0,0.0,0.0,4626.0,106.0,77.8,11.1,1.8,0.3,,2026-05-13 02:04:38
germ-germinadorap-de5832|LOT-20260506-651F-005|r1_c0|rep0,LOT-20260506-651F-005:A2:R0,germ-germinadorap-de5832,LOT-20260506-651F-005,A2,1,0,0,Hierbabuena,,,,,,,2026-05-13 02:19:32,2026-05-06 20:48:22,149.52,7,cg_1778638769995_1,5453,cam1_20260512_201931.jpg,crops/cam1_20260512_201931_r1_c0.jpg,5455,cam1_20260512_201936.jpg,crops/cam1_20260512_201936_r1_c0.jpg,11957,29,,50,0,0,0,0,0,0,0.0,0.0,4626.0,106.0,78.1,11.2,1.8,0.3,,2026-05-13 02:19:38
germ-germinadorap-de5832|LOT-20260506-651F-005|r1_c0|rep0,LOT-20260506-651F-005:A2:R0,germ-germinadorap-de5832,LOT-20260506-651F-005,A2,1,0,0,Hierbabuena,,,,,,,2026-05-13 02:34:32,2026-05-06 20:48:22,149.77,7,cg_1778639670008_1,5457,cam1_20260512_203431.jpg,crops/cam1_20260512_203431_r1_c0.jpg,5459,cam1_20260512_203436.jpg,crops/cam1_20260512_203436_r1_c0.jpg,11969,29,,50,0,0,0,0,0,0,0.0,0.0,4627.0,106.0,78.3,11.2,1.8,0.3,,2026-05-13 02:34:38
germ-germinadorap-de5832|LOT-20260506-651F-005|r1_c0|rep0,LOT-20260506-651F-005:A2:R0,germ-germinadorap-de5832,LOT-20260506-651F-005,A2,1,0,0,Hierbabuena,,,,,,,2026-05-13 02:49:32,2026-05-06 20:48:22,150.02,7,cg_1778640570018_1,5465,cam1_20260512_204931.jpg,crops/cam1_20260512_204931_r1_c0.jpg,5467,cam1_20260512_204937.jpg,crops/cam1_20260512_204937_r1_c0.jpg,11981,29,,50,0,0,0,0,0,0,0.0,0.0,4627.0,106.0,78.6,11.2,1.8,0.3,,2026-05-13 02:49:38
germ-germinadorap-de5832|LOT-20260506-651F-005|r1_c0|rep0,LOT-20260506-651F-005:A2:R0,germ-germinadorap-de5832,LOT-20260506-651F-005,A2,1,0,0,Hierbabuena,,,,,,,2026-05-13 03:04:32,2026-05-06 20:48:22,150.27,7,cg_1778641470026_1,5469,cam1_20260512_210431.jpg,crops/cam1_20260512_210431_r1_c0.jpg,5471,cam1_20260512_210438.jpg,crops/cam1_20260512_210438_r1_c0.jpg,11993,29,,50,0,0,0,0,0,0,0.0,0.0,4627.0,106.0,78.8,11.3,1.8,0.3,,2026-05-13 03:04:39
germ-germinadorap-de5832|LOT-20260506-651F-005|r1_c0|rep0,LOT-20260506-651F-005:A2:R0,germ-germinadorap-de5832,LOT-20260506-651F-005,A2,1,0,0,Hierbabuena,,,,,,,2026-05-13 03:19:32,2026-05-06 20:48:22,150.52,7,cg_1778642370043_1,5473,cam1_20260512_211931.jpg,crops/cam1_20260512_211931_r1_c0.jpg,5475,cam1_20260512_211937.jpg,crops/cam1_20260512_211937_r1_c0.jpg,12005,29,,50,0,0,0,0,0,0,0.0,0.0,4627.0,106.0,79.1,11.3,1.8,0.3,,2026-05-13 03:19:38
germ-germinadorap-de5832|LOT-20260506-651F-005|r1_c0|rep0,LOT-20260506-651F-005:A2:R0,germ-germinadorap-de5832,LOT-20260506-651F-005,A2,1,0,0,Hierbabuena,,,,,,,2026-05-13 03:34:32,2026-05-06 20:48:22,150.77,7,cg_1778643270056_1,5477,cam1_20260512_213431.jpg,crops/cam1_20260512_213431_r1_c0.jpg,5479,cam1_20260512_213437.jpg,crops/cam1_20260512_213437_r1_c0.jpg,12017,29,,50,0,0,0,0,0,0,0.0,0.0,4627.0,106.0,79.3,11.3,1.8,0.3,,2026-05-13 03:34:38
germ-germinadorap-de5832|LOT-20260506-651F-005|r1_c0|rep0,LOT-20260506-651F-005:A2:R0,germ-germinadorap-de5832,LOT-20260506-651F-005,A2,1,0,0,Hierbabuena,,,,,,,2026-05-13 03:49:32,2026-05-06 20:48:22,151.02,7,cg_1778644170065_1,5481,cam1_20260512_214931.jpg,crops/cam1_20260512_214931_r1_c0.jpg,5483,cam1_20260512_214936.jpg,crops/cam1_20260512_214936_r1_c0.jpg,12029,29,,50,0,0,0,0,0,0,0.0,0.0,4627.0,106.0,79.6,11.4,1.8,0.3,,2026-05-13 03:49:38
germ-germinadorap-de5832|LOT-20260506-651F-005|r1_c0|rep0,LOT-20260506-651F-005:A2:R0,germ-germinadorap-de5832,LOT-20260506-651F-005,A2,1,0,0,Hierbabuena,,,,,,,2026-05-13 04:04:32,2026-05-06 20:48:22,151.27,7,cg_1778645070068_1,5485,cam1_20260512_220431.jpg,crops/cam1_20260512_220431_r1_c0.jpg,5487,cam1_20260512_220436.jpg,crops/cam1_20260512_220436_r1_c0.jpg,12041,29,,50,0,0,0,0,0,0,0.0,0.0,4627.0,106.0,79.8,11.4,1.8,0.3,,2026-05-13 04:04:38
germ-germinadorap-de5832|LOT-20260506-651F-005|r1_c0|rep0,LOT-20260506-651F-005:A2:R0,germ-germinadorap-de5832,LOT-20260506-651F-005,A2,1,0,0,Hierbabuena,,,,,,,2026-05-13 04:19:32,2026-05-06 20:48:22,151.52,7,cg_1778645970082_1,5489,cam1_20260512_221931.jpg,crops/cam1_20260512_221931_r1_c0.jpg,5491,cam1_20260512_221936.jpg,crops/cam1_20260512_221936_r1_c0.jpg,12053,29,,50,0,0,0,0,0,0,0.0,0.0,4627.0,106.0,80.1,11.4,1.8,0.3,,2026-05-13 04:19:38
germ-germinadorap-de5832|LOT-20260506-651F-005|r1_c0|rep0,LOT-20260506-651F-005:A2:R0,germ-germinadorap-de5832,LOT-20260506-651F-005,A2,1,0,0,Hierbabuena,,,,,,,2026-05-13 04:34:32,2026-05-06 20:48:22,151.77,7,cg_1778646870102_1,5493,cam1_20260512_223431.jpg,crops/cam1_20260512_223431_r1_c0.jpg,5495,cam1_20260512_223437.jpg,crops/cam1_20260512_223437_r1_c0.jpg,12065,29,,50,0,0,0,0,0,0,0.0,0.0,4627.0,106.0,80.3,11.5,1.8,0.3,,2026-05-13 04:34:38
germ-germinadorap-de5832|LOT-20260506-651F-005|r1_c0|rep0,LOT-20260506-651F-005:A2:R0,germ-germinadorap-de5832,LOT-20260506-651F-005,A2,1,0,0,Hierbabuena,,,,,,,2026-05-13 04:49:32,2026-05-06 20:48:22,152.02,7,cg_1778647770106_1,5496,cam1_20260512_224931.jpg,crops/cam1_20260512_224931_r1_c0.jpg,5498,cam1_20260512_224934.jpg,crops/cam1_20260512_224934_r1_c0.jpg,12072,29,,50,0,0,0,0,0,0,0.0,0.0,4627.0,106.0,80.6,11.5,1.8,0.3,,2026-05-13 04:49:36
germ-germinadorap-de5832|LOT-20260506-651F-005|r1_c0|rep0,LOT-20260506-651F-005:A2:R0,germ-germinadorap-de5832,LOT-20260506-651F-005,A2,1,0,0,Hierbabuena,,,,,,,2026-05-13 05:04:36,2026-05-06 20:48:22,152.27,7,cg_1778648670113_1,5501,cam1_20260512_230435.jpg,crops/cam1_20260512_230435_r1_c0.jpg,5503,cam1_20260512_230440.jpg,crops/cam1_20260512_230440_r1_c0.jpg,12089,29,,50,0,0,0,0,0,0,0.0,0.0,4627.0,106.0,80.8,11.5,1.8,0.3,,2026-05-13 05:04:41
germ-germinadorap-de5832|LOT-20260506-651F-005|r1_c0|rep0,LOT-20260506-651F-005:A2:R0,germ-germinadorap-de5832,LOT-20260506-651F-005,A2,1,0,0,Hierbabuena,,,,,,,2026-05-13 05:19:32,2026-05-06 20:48:22,152.52,7,cg_1778649570122_1,5505,cam1_20260512_231931.jpg,crops/cam1_20260512_231931_r1_c0.jpg,5507,cam1_20260512_231937.jpg,crops/cam1_20260512_231937_r1_c0.jpg,12101,29,,50,0,0,0,0,0,0,0.0,0.0,4627.0,106.0,81.1,11.6,1.8,0.3,,2026-05-13 05:19:38
germ-germinadorap-de5832|LOT-20260506-651F-005|r1_c0|rep0,LOT-20260506-651F-005:A2:R0,germ-germinadorap-de5832,LOT-20260506-651F-005,A2,1,0,0,Hierbabuena,,,,,,,2026-05-13 05:34:32,2026-05-06 20:48:22,152.77,7,cg_1778650470125_1,5509,cam1_20260512_233431.jpg,crops/cam1_20260512_233431_r1_c0.jpg,5511,cam1_20260512_233437.jpg,crops/cam1_20260512_233437_r1_c0.jpg,12113,29,,50,0,0,0,0,0,0,0.0,0.0,4627.0,106.0,81.3,11.6,1.8,0.3,,2026-05-13 05:34:38
germ-germinadorap-de5832|LOT-20260506-651F-005|r1_c0|rep0,LOT-20260506-651F-005:A2:R0,germ-germinadorap-de5832,LOT-20260506-651F-005,A2,1,0,0,Hierbabuena,,,,,,,2026-05-13 05:49:32,2026-05-06 20:48:22,153.02,7,cg_1778651370133_1,5513,cam1_20260512_234931.jpg,crops/cam1_20260512_234931_r1_c0.jpg,5515,cam1_20260512_234937.jpg,crops/cam1_20260512_234937_r1_c0.jpg,12125,29,,50,0,0,0,0,0,0,0.0,0.0,4627.0,106.0,81.6,11.7,1.8,0.3,,2026-05-13 05:49:38
germ-germinadorap-de5832|LOT-20260506-651F-005|r1_c0|rep0,LOT-20260506-651F-005:A2:R0,germ-germinadorap-de5832,LOT-20260506-651F-005,A2,1,0,0,Hierbabuena,,,,,,,2026-05-13 06:04:32,2026-05-06 20:48:22,153.27,7,cg_1778652270144_1,5517,cam1_20260513_000431.jpg,crops/cam1_20260513_000431_r1_c0.jpg,5519,cam1_20260513_000437.jpg,crops/cam1_20260513_000437_r1_c0.jpg,12137,29,,50,0,0,0,0,0,0,0.0,0.0,4627.0,106.0,81.8,11.7,1.8,0.3,,2026-05-13 06:04:38
germ-germinadorap-de5832|LOT-20260506-651F-005|r1_c0|rep0,LOT-20260506-651F-005:A2:R0,germ-germinadorap-de5832,LOT-20260506-651F-005,A2,1,0,0,Hierbabuena,,,,,,,2026-05-13 06:19:32,2026-05-06 20:48:22,153.52,7,cg_1778653170153_1,5521,cam1_20260513_001931.jpg,crops/cam1_20260513_001931_r1_c0.jpg,5523,cam1_20260513_001937.jpg,crops/cam1_20260513_001937_r1_c0.jpg,12149,29,,50,0,0,0,0,0,0,0.0,0.0,4627.0,106.0,82.1,11.7,1.8,0.3,,2026-05-13 06:19:38
germ-germinadorap-de5832|LOT-20260506-651F-005|r1_c0|rep0,LOT-20260506-651F-005:A2:R0,germ-germinadorap-de5832,LOT-20260506-651F-005,A2,1,0,0,Hierbabuena,,,,,,,2026-05-13 06:34:32,2026-05-06 20:48:22,153.77,7,cg_1778654070159_1,5525,cam1_20260513_003431.jpg,crops/cam1_20260513_003431_r1_c0.jpg,5527,cam1_20260513_003437.jpg,crops/cam1_20260513_003437_r1_c0.jpg,12161,29,,50,0,0,0,0,0,0,0.0,0.0,4627.0,106.0,82.3,11.8,1.8,0.3,,2026-05-13 06:34:38
germ-germinadorap-de5832|LOT-20260506-651F-005|r1_c0|rep0,LOT-20260506-651F-005:A2:R0,germ-germinadorap-de5832,LOT-20260506-651F-005,A2,1,0,0,Hierbabuena,,,,,,,2026-05-13 06:49:32,2026-05-06 20:48:22,154.02,7,cg_1778654970168_1,5529,cam1_20260513_004931.jpg,crops/cam1_20260513_004931_r1_c0.jpg,5531,cam1_20260513_004936.jpg,crops/cam1_20260513_004936_r1_c0.jpg,12173,29,,50,0,0,0,0,0,0,0.0,0.0,4627.0,106.0,82.6,11.8,1.8,0.3,,2026-05-13 06:49:38
germ-germinadorap-de5832|LOT-20260506-651F-005|r1_c0|rep0,LOT-20260506-651F-005:A2:R0,germ-germinadorap-de5832,LOT-20260506-651F-005,A2,1,0,0,Hierbabuena,,,,,,,2026-05-13 07:04:32,2026-05-06 20:48:22,154.27,7,cg_1778655870180_1,5533,cam1_20260513_010431.jpg,crops/cam1_20260513_010431_r1_c0.jpg,5535,cam1_20260513_010436.jpg,crops/cam1_20260513_010436_r1_c0.jpg,12185,29,,50,0,0,0,0,0,0,0.0,0.0,4627.0,106.0,82.8,11.8,1.8,0.3,,2026-05-13 07:04:38
germ-germinadorap-de5832|LOT-20260506-651F-005|r1_c0|rep0,LOT-20260506-651F-005:A2:R0,germ-germinadorap-de5832,LOT-20260506-651F-005,A2,1,0,0,Hierbabuena,,,,,,,2026-05-13 07:19:32,2026-05-06 20:48:22,154.52,7,cg_1778656770207_1,5537,cam1_20260513_011931.jpg,crops/cam1_20260513_011931_r1_c0.jpg,5539,cam1_20260513_011937.jpg,crops/cam1_20260513_011937_r1_c0.jpg,12197,29,,50,0,0,0,0,0,0,0.0,0.0,4627.0,106.0,82.8,11.8,1.8,0.3,,2026-05-13 07:19:38
germ-germinadorap-de5832|LOT-20260506-651F-005|r1_c0|rep0,LOT-20260506-651F-005:A2:R0,germ-germinadorap-de5832,LOT-20260506-651F-005,A2,1,0,0,Hierbabuena,,,,,,,2026-05-13 07:34:32,2026-05-06 20:48:22,154.77,7,cg_1778657670211_1,5541,cam1_20260513_013431.jpg,crops/cam1_20260513_013431_r1_c0.jpg,5543,cam1_20260513_013437.jpg,crops/cam1_20260513_013437_r1_c0.jpg,12209,29,,50,0,0,0,0,0,0,0.0,0.0,4627.0,106.0,82.8,11.8,1.8,0.3,,2026-05-13 07:34:38
germ-germinadorap-de5832|LOT-20260506-651F-005|r1_c0|rep0,LOT-20260506-651F-005:A2:R0,germ-germinadorap-de5832,LOT-20260506-651F-005,A2,1,0,0,Hierbabuena,,,,,,,2026-05-13 07:49:32,2026-05-06 20:48:22,155.02,7,cg_1778658570229_1,5545,cam1_20260513_014931.jpg,crops/cam1_20260513_014931_r1_c0.jpg,5547,cam1_20260513_014937.jpg,crops/cam1_20260513_014937_r1_c0.jpg,12221,29,,50,0,0,0,0,0,0,0.0,0.0,4639.0,106.0,82.8,11.8,1.8,0.3,,2026-05-13 07:49:38
germ-germinadorap-de5832|LOT-20260506-651F-005|r1_c0|rep0,LOT-20260506-651F-005:A2:R0,germ-germinadorap-de5832,LOT-20260506-651F-005,A2,1,0,0,Hierbabuena,,,,,,,2026-05-13 08:04:32,2026-05-06 20:48:22,155.27,7,cg_1778659470235_1,5549,cam1_20260513_020431.jpg,crops/cam1_20260513_020431_r1_c0.jpg,5551,cam1_20260513_020437.jpg,crops/cam1_20260513_020437_r1_c0.jpg,12233,29,,50,0,0,0,0,0,0,0.0,0.0,4654.0,106.0,82.8,11.8,1.8,0.3,,2026-05-13 08:04:38
germ-germinadorap-de5832|LOT-20260506-651F-005|r1_c0|rep0,LOT-20260506-651F-005:A2:R0,germ-germinadorap-de5832,LOT-20260506-651F-005,A2,1,0,0,Hierbabuena,,,,,,,2026-05-13 08:19:32,2026-05-06 20:48:22,155.52,7,cg_1778660370344_1,5553,cam1_20260513_021932.jpg,crops/cam1_20260513_021932_r1_c0.jpg,5555,cam1_20260513_021937.jpg,crops/cam1_20260513_021937_r1_c0.jpg,12245,29,,50,0,0,0,0,0,0,0.0,0.0,4669.0,106.0,82.8,11.8,1.8,0.3,,2026-05-13 08:19:38
germ-germinadorap-de5832|LOT-20260506-651F-005|r1_c0|rep0,LOT-20260506-651F-005:A2:R0,germ-germinadorap-de5832,LOT-20260506-651F-005,A2,1,0,0,Hierbabuena,,,,,,,2026-05-13 08:34:32,2026-05-06 20:48:22,155.77,7,cg_1778661270345_1,5557,cam1_20260513_023431.jpg,crops/cam1_20260513_023431_r1_c0.jpg,5559,cam1_20260513_023437.jpg,crops/cam1_20260513_023437_r1_c0.jpg,12257,29,,50,0.1,0,0,0,0,0,0.0,0.0,4684.0,106.0,82.8,11.8,1.8,0.3,,2026-05-13 08:34:38
germ-germinadorap-de5832|LOT-20260506-651F-005|r1_c0|rep0,LOT-20260506-651F-005:A2:R0,germ-germinadorap-de5832,LOT-20260506-651F-005,A2,1,0,0,Hierbabuena,,,,,,,2026-05-13 08:49:32,2026-05-06 20:48:22,156.02,7,cg_1778662170347_1,5561,cam1_20260513_024932.jpg,crops/cam1_20260513_024932_r1_c0.jpg,5563,cam1_20260513_024937.jpg,crops/cam1_20260513_024937_r1_c0.jpg,12269,29,,50,0,0,0,0,0,0,0.0,0.0,4699.0,106.0,82.8,11.8,1.8,0.3,,2026-05-13 08:49:38
germ-germinadorap-de5832|LOT-20260506-651F-005|r1_c0|rep0,LOT-20260506-651F-005:A2:R0,germ-germinadorap-de5832,LOT-20260506-651F-005,A2,1,0,0,Hierbabuena,,,,,,,2026-05-13 09:04:32,2026-05-06 20:48:22,156.27,7,cg_1778663070350_1,5565,cam1_20260513_030432.jpg,crops/cam1_20260513_030432_r1_c0.jpg,5567,cam1_20260513_030437.jpg,crops/cam1_20260513_030437_r1_c0.jpg,12281,29,,50,0,0,0,0,0,0,0.0,0.0,4714.0,106.0,82.8,11.8,1.8,0.3,,2026-05-13 09:04:39
germ-germinadorap-de5832|LOT-20260506-651F-005|r1_c0|rep0,LOT-20260506-651F-005:A2:R0,germ-germinadorap-de5832,LOT-20260506-651F-005,A2,1,0,0,Hierbabuena,,,,,,,2026-05-13 09:19:33,2026-05-06 20:48:22,156.52,7,cg_1778663970352_1,5569,cam1_20260513_031932.jpg,crops/cam1_20260513_031932_r1_c0.jpg,5571,cam1_20260513_031938.jpg,crops/cam1_20260513_031938_r1_c0.jpg,12293,29,,50,0,0,0,0,0,0,0.0,0.0,4729.0,106.0,82.8,11.8,1.8,0.3,,2026-05-13 09:19:39
germ-germinadorap-de5832|LOT-20260506-651F-005|r1_c0|rep0,LOT-20260506-651F-005:A2:R0,germ-germinadorap-de5832,LOT-20260506-651F-005,A2,1,0,0,Hierbabuena,,,,,,,2026-05-13 09:34:32,2026-05-06 20:48:22,156.77,7,cg_1778664870355_1,5573,cam1_20260513_033432.jpg,crops/cam1_20260513_033432_r1_c0.jpg,5575,cam1_20260513_033437.jpg,crops/cam1_20260513_033437_r1_c0.jpg,12305,29,,50,0,0,0,0,0,0,0.0,0.0,4744.0,106.0,82.8,11.8,1.8,0.3,,2026-05-13 09:34:39
germ-germinadorap-de5832|LOT-20260506-651F-005|r1_c0|rep0,LOT-20260506-651F-005:A2:R0,germ-germinadorap-de5832,LOT-20260506-651F-005,A2,1,0,0,Hierbabuena,,,,,,,2026-05-13 09:49:32,2026-05-06 20:48:22,157.02,7,cg_1778665770356_1,5577,cam1_20260513_034931.jpg,crops/cam1_20260513_034931_r1_c0.jpg,5579,cam1_20260513_034937.jpg,crops/cam1_20260513_034937_r1_c0.jpg,12317,29,,50,0,0,0,0,0,0,0.0,0.0,4759.0,106.0,82.8,11.8,1.8,0.3,,2026-05-13 09:49:38
germ-germinadorap-de5832|LOT-20260506-651F-005|r1_c0|rep0,LOT-20260506-651F-005:A2:R0,germ-germinadorap-de5832,LOT-20260506-651F-005,A2,1,0,0,Hierbabuena,,,,,,,2026-05-13 10:04:32,2026-05-06 20:48:22,157.27,7,cg_1778666670360_1,5581,cam1_20260513_040431.jpg,crops/cam1_20260513_040431_r1_c0.jpg,5583,cam1_20260513_040437.jpg,crops/cam1_20260513_040437_r1_c0.jpg,12329,29,,50,0,0,0,0,0,0,0.0,0.0,4774.0,106.0,82.8,11.8,1.8,0.3,,2026-05-13 10:04:38
germ-germinadorap-de5832|LOT-20260506-651F-005|r1_c0|rep0,LOT-20260506-651F-005:A2:R0,germ-germinadorap-de5832,LOT-20260506-651F-005,A2,1,0,0,Hierbabuena,,,,,,,2026-05-13 10:19:32,2026-05-06 20:48:22,157.52,7,cg_1778667570365_1,5585,cam1_20260513_041932.jpg,crops/cam1_20260513_041932_r1_c0.jpg,5587,cam1_20260513_041937.jpg,crops/cam1_20260513_041937_r1_c0.jpg,12341,29,,50,0,0,0,0,0,0,0.0,0.0,4788.0,106.0,82.8,11.8,1.8,0.3,,2026-05-13 10:19:39
germ-germinadorap-de5832|LOT-20260506-651F-005|r1_c0|rep0,LOT-20260506-651F-005:A2:R0,germ-germinadorap-de5832,LOT-20260506-651F-005,A2,1,0,0,Hierbabuena,,,,,,,2026-05-13 10:34:32,2026-05-06 20:48:22,157.77,7,cg_1778668470369_1,5589,cam1_20260513_043432.jpg,crops/cam1_20260513_043432_r1_c0.jpg,5591,cam1_20260513_043437.jpg,crops/cam1_20260513_043437_r1_c0.jpg,12353,29,,50,0,0,0,0,0,0,0.0,0.0,4803.0,106.0,82.8,11.8,1.8,0.3,,2026-05-13 10:34:38
germ-germinadorap-de5832|LOT-20260506-651F-005|r1_c0|rep0,LOT-20260506-651F-005:A2:R0,germ-germinadorap-de5832,LOT-20260506-651F-005,A2,1,0,0,Hierbabuena,,,,,,,2026-05-13 10:49:32,2026-05-06 20:48:22,158.02,7,cg_1778669370369_1,5593,cam1_20260513_044931.jpg,crops/cam1_20260513_044931_r1_c0.jpg,5595,cam1_20260513_044937.jpg,crops/cam1_20260513_044937_r1_c0.jpg,12365,29,,50,0,0,0,0,0,0,0.0,0.0,4818.0,106.0,82.8,11.8,1.8,0.3,,2026-05-13 10:49:38
germ-germinadorap-de5832|LOT-20260506-651F-005|r1_c0|rep0,LOT-20260506-651F-005:A2:R0,germ-germinadorap-de5832,LOT-20260506-651F-005,A2,1,0,0,Hierbabuena,,,,,,,2026-05-13 11:04:32,2026-05-06 20:48:22,158.27,7,cg_1778670270371_1,5597,cam1_20260513_050432.jpg,crops/cam1_20260513_050432_r1_c0.jpg,5599,cam1_20260513_050437.jpg,crops/cam1_20260513_050437_r1_c0.jpg,12377,29,,50,0,0,0,0,0,0,0.0,0.0,4833.0,106.0,82.8,11.8,1.8,0.3,,2026-05-13 11:04:38
germ-germinadorap-de5832|LOT-20260506-651F-005|r1_c0|rep0,LOT-20260506-651F-005:A2:R0,germ-germinadorap-de5832,LOT-20260506-651F-005,A2,1,0,0,Hierbabuena,,,,,,,2026-05-13 11:19:32,2026-05-06 20:48:22,158.52,7,cg_1778671170375_1,5601,cam1_20260513_051932.jpg,crops/cam1_20260513_051932_r1_c0.jpg,5603,cam1_20260513_051938.jpg,crops/cam1_20260513_051938_r1_c0.jpg,12389,29,,50,0,0,0,0,0,0,0.0,0.0,4848.0,106.0,82.8,11.8,1.8,0.3,,2026-05-13 11:19:39
germ-germinadorap-de5832|LOT-20260506-651F-005|r1_c0|rep0,LOT-20260506-651F-005:A2:R0,germ-germinadorap-de5832,LOT-20260506-651F-005,A2,1,0,0,Hierbabuena,,,,,,,2026-05-13 11:34:32,2026-05-06 20:48:22,158.77,7,cg_1778672070379_1,5605,cam1_20260513_053432.jpg,crops/cam1_20260513_053432_r1_c0.jpg,5607,cam1_20260513_053437.jpg,crops/cam1_20260513_053437_r1_c0.jpg,12401,29,,50,0,0,0,0,0,0,0.0,0.0,4863.0,106.0,82.8,11.8,1.8,0.3,,2026-05-13 11:34:38
germ-germinadorap-de5832|LOT-20260506-651F-005|r0_c1|rep0,LOT-20260506-651F-005:B1:R0,germ-germinadorap-de5832,LOT-20260506-651F-005,B1,0,1,0,Hierbabuena,,,,,,,2026-05-06 20:49:12,2026-05-06 20:48:22,0.01,1,cg_1778100550233_1,3522,cam1_20260506_144911.jpg,crops/cam1_20260506_144911_r0_c1.jpg,3523,cam1_20260506_144914.jpg,crops/cam1_20260506_144914_r0_c1.jpg,6461,27.9,,36,100,0,0,0,0,0,0.0,0.0,0.0,0.0,0.0,0.0,0.0,0.0,,2026-05-06 20:49:14
germ-germinadorap-de5832|LOT-20260506-651F-005|r0_c1|rep0,LOT-20260506-651F-005:B1:R0,germ-germinadorap-de5832,LOT-20260506-651F-005,B1,0,1,0,Hierbabuena,,,,,,,2026-05-06 21:04:48,2026-05-06 20:48:22,0.27,1,cg_1778101486059_1,3532,cam1_20260506_150447.jpg,crops/cam1_20260506_150447_r0_c1.jpg,3533,cam1_20260506_150450.jpg,crops/cam1_20260506_150450_r0_c1.jpg,6467,27.8,,36,100,0,0,0,0,0,0.0,0.0,0.0,0.0,0.3,0.3,0.0,0.0,,2026-05-06 21:04:50
germ-germinadorap-de5832|LOT-20260506-651F-005|r0_c1|rep0,LOT-20260506-651F-005:B1:R0,germ-germinadorap-de5832,LOT-20260506-651F-005,B1,0,1,0,Hierbabuena,,,,,,,2026-05-06 21:19:47,2026-05-06 20:48:22,0.52,1,cg_1778102386063_1,3548,cam1_20260506_151947.jpg,crops/cam1_20260506_151947_r0_c1.jpg,3549,cam1_20260506_151949.jpg,crops/cam1_20260506_151949_r0_c1.jpg,6478,27.7,,36,100,0,0,0,0,0,0.0,0.0,0.0,0.0,0.5,0.5,0.0,0.0,,2026-05-06 21:19:50
germ-germinadorap-de5832|LOT-20260506-651F-005|r0_c1|rep0,LOT-20260506-651F-005:B1:R0,germ-germinadorap-de5832,LOT-20260506-651F-005,B1,0,1,0,Hierbabuena,,,,,,,2026-05-06 21:41:09,2026-05-06 20:48:22,0.88,1,cg_1778103667162_1,3555,cam1_20260506_154108.jpg,crops/cam1_20260506_154108_r0_c1.jpg,3557,cam1_20260506_154113.jpg,crops/cam1_20260506_154113_r0_c1.jpg,6492,27.8,,37,100,0,0,0,0,0,0.0,0.0,0.0,0.0,0.9,0.9,0.0,0.0,,2026-05-06 21:41:13
germ-germinadorap-de5832|LOT-20260506-651F-005|r0_c1|rep0,LOT-20260506-651F-005:B1:R0,germ-germinadorap-de5832,LOT-20260506-651F-005,B1,0,1,0,Hierbabuena,,,,,,,2026-05-06 21:56:10,2026-05-06 20:48:22,1.13,1,cg_1778104567160_1,3559,cam1_20260506_155609.jpg,crops/cam1_20260506_155609_r0_c1.jpg,3561,cam1_20260506_155614.jpg,crops/cam1_20260506_155614_r0_c1.jpg,6504,28.1,,44,100,0,0,0,0,0,0.0,0.0,0.0,0.0,1.1,1.1,0.0,0.0,,2026-05-06 21:56:16
germ-germinadorap-de5832|LOT-20260506-651F-005|r0_c1|rep0,LOT-20260506-651F-005:B1:R0,germ-germinadorap-de5832,LOT-20260506-651F-005,B1,0,1,0,Hierbabuena,,,,,,,2026-05-06 22:11:51,2026-05-06 20:48:22,1.39,1,cg_1778105508308_1,3563,cam1_20260506_161150.jpg,crops/cam1_20260506_161150_r0_c1.jpg,3565,cam1_20260506_161155.jpg,crops/cam1_20260506_161155_r0_c1.jpg,6516,28.1,,41,100,0,0,0,0,0,0.0,0.0,0.0,0.0,1.4,1.4,0.0,0.0,,2026-05-06 22:11:56
germ-germinadorap-de5832|LOT-20260506-651F-005|r0_c1|rep0,LOT-20260506-651F-005:B1:R0,germ-germinadorap-de5832,LOT-20260506-651F-005,B1,0,1,0,Hierbabuena,,,,,,,2026-05-06 22:27:46,2026-05-06 20:48:22,1.66,1,cg_1778106463496_1,3566,cam1_20260506_162745.jpg,crops/cam1_20260506_162745_r0_c1.jpg,3568,cam1_20260506_162748.jpg,crops/cam1_20260506_162748_r0_c1.jpg,6523,27.8,,39,100,0,0,0,0,0,0.0,0.0,0.0,0.0,1.5,1.5,0.0,0.0,,2026-05-06 22:27:50
germ-germinadorap-de5832|LOT-20260506-651F-005|r0_c1|rep0,LOT-20260506-651F-005:B1:R0,germ-germinadorap-de5832,LOT-20260506-651F-005,B1,0,1,0,Hierbabuena,,,,,,,2026-05-06 22:42:46,2026-05-06 20:48:22,1.91,1,cg_1778107363497_1,3571,cam1_20260506_164245.jpg,crops/cam1_20260506_164245_r0_c1.jpg,3573,cam1_20260506_164252.jpg,crops/cam1_20260506_164252_r0_c1.jpg,6540,27.9,,37,100,0,0,0,0,0,0.0,0.0,0.0,0.0,1.5,1.5,0.0,0.0,,2026-05-06 22:42:53
germ-germinadorap-de5832|LOT-20260506-651F-005|r0_c1|rep0,LOT-20260506-651F-005:B1:R0,germ-germinadorap-de5832,LOT-20260506-651F-005,B1,0,1,0,Hierbabuena,,,,,,,2026-05-06 22:58:41,2026-05-06 20:48:22,2.17,1,cg_1778108318714_1,3575,cam1_20260506_165840.jpg,crops/cam1_20260506_165840_r0_c1.jpg,3577,cam1_20260506_165846.jpg,crops/cam1_20260506_165846_r0_c1.jpg,6552,27.7,,35,100,0,0,0,0,0,0.0,0.0,0.0,0.0,1.5,1.5,0.0,0.0,,2026-05-06 22:58:48
germ-germinadorap-de5832|LOT-20260506-651F-005|r0_c1|rep0,LOT-20260506-651F-005:B1:R0,germ-germinadorap-de5832,LOT-20260506-651F-005,B1,0,1,0,Hierbabuena,,,,,,,2026-05-06 23:13:41,2026-05-06 20:48:22,2.42,1,cg_1778109218710_1,3579,cam1_20260506_171340.jpg,crops/cam1_20260506_171340_r0_c1.jpg,3581,cam1_20260506_171346.jpg,crops/cam1_20260506_171346_r0_c1.jpg,6564,27.7,,34,100,0,0,0,0,0,0.0,0.0,0.0,0.0,1.5,1.5,0.0,0.0,,2026-05-06 23:13:48
germ-germinadorap-de5832|LOT-20260506-651F-005|r0_c1|rep0,LOT-20260506-651F-005:B1:R0,germ-germinadorap-de5832,LOT-20260506-651F-005,B1,0,1,0,Hierbabuena,,,,,,,2026-05-06 23:28:40,2026-05-06 20:48:22,2.67,1,cg_1778110118709_1,3583,cam1_20260506_172840.jpg,crops/cam1_20260506_172840_r0_c1.jpg,3585,cam1_20260506_172844.jpg,crops/cam1_20260506_172844_r0_c1.jpg,6576,27.7,,35,100,0,0,0,0,0,0.0,0.0,0.0,0.0,1.5,1.5,0.0,0.0,,2026-05-06 23:28:45
germ-germinadorap-de5832|LOT-20260506-651F-005|r0_c1|rep0,LOT-20260506-651F-005:B1:R0,germ-germinadorap-de5832,LOT-20260506-651F-005,B1,0,1,0,Hierbabuena,,,,,,,2026-05-06 23:43:41,2026-05-06 20:48:22,2.92,1,cg_1778111018709_1,3587,cam1_20260506_174340.jpg,crops/cam1_20260506_174340_r0_c1.jpg,3589,cam1_20260506_174346.jpg,crops/cam1_20260506_174346_r0_c1.jpg,6588,27.7,,36,100,0,0,0,0,0,0.0,0.0,0.0,0.0,1.5,1.5,0.0,0.0,,2026-05-06 23:43:48
germ-germinadorap-de5832|LOT-20260506-651F-005|r0_c1|rep0,LOT-20260506-651F-005:B1:R0,germ-germinadorap-de5832,LOT-20260506-651F-005,B1,0,1,0,Hierbabuena,,,,,,,2026-05-06 23:58:41,2026-05-06 20:48:22,3.17,1,cg_1778111918724_1,3590,cam1_20260506_175840.jpg,crops/cam1_20260506_175840_r0_c1.jpg,3592,cam1_20260506_175844.jpg,crops/cam1_20260506_175844_r0_c1.jpg,6595,27.7,,37,100,0,0,0,0,0,0.0,0.0,0.0,0.0,1.5,1.5,0.0,0.0,,2026-05-06 23:58:45
germ-germinadorap-de5832|LOT-20260506-651F-005|r0_c1|rep0,LOT-20260506-651F-005:B1:R0,germ-germinadorap-de5832,LOT-20260506-651F-005,B1,0,1,0,Hierbabuena,,,,,,,2026-05-07 00:13:41,2026-05-06 20:48:22,3.42,1,cg_1778112818724_1,3595,cam1_20260506_181340.jpg,crops/cam1_20260506_181340_r0_c1.jpg,3597,cam1_20260506_181346.jpg,crops/cam1_20260506_181346_r0_c1.jpg,6612,27.5,,35,91.7,0,0,0,1,0,15.0,0.0,0.0,0.0,1.5,1.5,0.0,0.0,,2026-05-07 00:13:48
germ-germinadorap-de5832|LOT-20260506-651F-005|r0_c1|rep0,LOT-20260506-651F-005:B1:R0,germ-germinadorap-de5832,LOT-20260506-651F-005,B1,0,1,0,Hierbabuena,,,,,,,2026-05-07 01:01:27,2026-05-06 20:48:22,4.22,1,cg_1778115683517_1,3599,cam1_20260506_190126.jpg,crops/cam1_20260506_190126_r0_c1.jpg,3601,cam1_20260506_190132.jpg,crops/cam1_20260506_190132_r0_c1.jpg,6624,27.6,,42,100,0,0,0,0,0,0.0,0.0,0.0,0.0,1.5,1.5,0.0,0.0,,2026-05-07 01:01:33
germ-germinadorap-de5832|LOT-20260506-651F-005|r0_c1|rep0,LOT-20260506-651F-005:B1:R0,germ-germinadorap-de5832,LOT-20260506-651F-005,B1,0,1,0,Hierbabuena,,,,,,,2026-05-07 04:18:20,2026-05-06 20:48:22,7.50,1,cg_1778127498303_1,3603,cam1_20260506_221820.jpg,crops/cam1_20260506_221820_r0_c1.jpg,3605,cam1_20260506_221824.jpg,crops/cam1_20260506_221824_r0_c1.jpg,6636,26.2,,43,100,0,0,0,0,0,0.0,0.0,72.0,0.0,1.5,1.5,0.0,0.0,,2026-05-07 04:18:25
germ-germinadorap-de5832|LOT-20260506-651F-005|r0_c1|rep0,LOT-20260506-651F-005:B1:R0,germ-germinadorap-de5832,LOT-20260506-651F-005,B1,0,1,0,Hierbabuena,,,,,,,2026-05-07 04:33:20,2026-05-06 20:48:22,7.75,1,cg_1778128398307_1,3607,cam1_20260506_223319.jpg,crops/cam1_20260506_223319_r0_c1.jpg,3609,cam1_20260506_223324.jpg,crops/cam1_20260506_223324_r0_c1.jpg,6648,26.3,,42,97.2,0,0,0,0,0,0.0,0.0,72.0,0.0,1.5,1.5,0.0,0.0,,2026-05-07 04:33:25
germ-germinadorap-de5832|LOT-20260506-651F-005|r0_c1|rep0,LOT-20260506-651F-005:B1:R0,germ-germinadorap-de5832,LOT-20260506-651F-005,B1,0,1,0,Hierbabuena,,,,,,,2026-05-07 04:48:20,2026-05-06 20:48:22,8.00,1,cg_1778129298312_1,3611,cam1_20260506_224820.jpg,crops/cam1_20260506_224820_r0_c1.jpg,3613,cam1_20260506_224824.jpg,crops/cam1_20260506_224824_r0_c1.jpg,6660,26.2,,42,100,0,0,0,0,0,0.0,0.0,72.0,0.0,1.5,1.5,0.0,0.0,,2026-05-07 04:48:25
germ-germinadorap-de5832|LOT-20260506-651F-005|r0_c1|rep0,LOT-20260506-651F-005:B1:R0,germ-germinadorap-de5832,LOT-20260506-651F-005,B1,0,1,0,Hierbabuena,,,,,,,2026-05-07 05:03:20,2026-05-06 20:48:22,8.25,1,cg_1778130198314_1,3615,cam1_20260506_230320.jpg,crops/cam1_20260506_230320_r0_c1.jpg,3617,cam1_20260506_230324.jpg,crops/cam1_20260506_230324_r0_c1.jpg,6672,26.2,,43,100,0,0,0,0,0,0.0,0.0,73.0,0.0,1.5,1.5,0.0,0.0,,2026-05-07 05:03:25
germ-germinadorap-de5832|LOT-20260506-651F-005|r0_c1|rep0,LOT-20260506-651F-005:B1:R0,germ-germinadorap-de5832,LOT-20260506-651F-005,B1,0,1,0,Hierbabuena,,,,,,,2026-05-07 05:18:20,2026-05-06 20:48:22,8.50,1,cg_1778131098323_1,3619,cam1_20260506_231820.jpg,crops/cam1_20260506_231820_r0_c1.jpg,3621,cam1_20260506_231824.jpg,crops/cam1_20260506_231824_r0_c1.jpg,6684,26.1,,42,98.1,0,0,0,0,0,0.0,0.0,73.0,0.0,1.5,1.5,0.0,0.0,,2026-05-07 05:18:25
germ-germinadorap-de5832|LOT-20260506-651F-005|r0_c1|rep0,LOT-20260506-651F-005:B1:R0,germ-germinadorap-de5832,LOT-20260506-651F-005,B1,0,1,0,Hierbabuena,,,,,,,2026-05-07 05:33:20,2026-05-06 20:48:22,8.75,1,cg_1778131998326_1,3623,cam1_20260506_233320.jpg,crops/cam1_20260506_233320_r0_c1.jpg,3625,cam1_20260506_233324.jpg,crops/cam1_20260506_233324_r0_c1.jpg,6696,26.2,,46,99.1,0,0,0,0,0,0.0,0.0,73.0,0.0,1.5,1.5,0.0,0.0,,2026-05-07 05:33:25
germ-germinadorap-de5832|LOT-20260506-651F-005|r0_c1|rep0,LOT-20260506-651F-005:B1:R0,germ-germinadorap-de5832,LOT-20260506-651F-005,B1,0,1,0,Hierbabuena,,,,,,,2026-05-07 05:48:20,2026-05-06 20:48:22,9.00,1,cg_1778132898329_1,3627,cam1_20260506_234820.jpg,crops/cam1_20260506_234820_r0_c1.jpg,3629,cam1_20260506_234824.jpg,crops/cam1_20260506_234824_r0_c1.jpg,6708,26.8,,52,100,0,0,0,0,0,0.0,0.0,73.0,0.0,1.5,1.5,0.0,0.0,,2026-05-07 05:48:25
germ-germinadorap-de5832|LOT-20260506-651F-005|r0_c1|rep0,LOT-20260506-651F-005:B1:R0,germ-germinadorap-de5832,LOT-20260506-651F-005,B1,0,1,0,Hierbabuena,,,,,,,2026-05-07 06:03:20,2026-05-06 20:48:22,9.25,1,cg_1778133798332_1,3631,cam1_20260507_000320.jpg,crops/cam1_20260507_000320_r0_c1.jpg,3633,cam1_20260507_000324.jpg,crops/cam1_20260507_000324_r0_c1.jpg,6720,27.2,,51,100,0,0,0,0,0,0.0,0.0,73.0,0.0,1.5,1.5,0.0,0.0,,2026-05-07 06:03:25
germ-germinadorap-de5832|LOT-20260506-651F-005|r0_c1|rep0,LOT-20260506-651F-005:B1:R0,germ-germinadorap-de5832,LOT-20260506-651F-005,B1,0,1,0,Hierbabuena,,,,,,,2026-05-07 06:18:20,2026-05-06 20:48:22,9.50,1,cg_1778134698336_1,3635,cam1_20260507_001820.jpg,crops/cam1_20260507_001820_r0_c1.jpg,3637,cam1_20260507_001824.jpg,crops/cam1_20260507_001824_r0_c1.jpg,6732,27.3,,54,96.3,0,0,0,0,0,0.0,0.0,73.0,0.0,1.5,1.5,0.0,0.0,,2026-05-07 06:18:25
germ-germinadorap-de5832|LOT-20260506-651F-005|r0_c1|rep0,LOT-20260506-651F-005:B1:R0,germ-germinadorap-de5832,LOT-20260506-651F-005,B1,0,1,0,Hierbabuena,,,,,,,2026-05-07 06:33:20,2026-05-06 20:48:22,9.75,1,cg_1778135598339_1,3639,cam1_20260507_003320.jpg,crops/cam1_20260507_003320_r0_c1.jpg,3641,cam1_20260507_003325.jpg,crops/cam1_20260507_003325_r0_c1.jpg,6744,27.2,,53,80.6,0,0,0,0,0,0.0,0.0,73.0,0.0,1.5,1.5,0.0,0.0,,2026-05-07 06:33:26
germ-germinadorap-de5832|LOT-20260506-651F-005|r0_c1|rep0,LOT-20260506-651F-005:B1:R0,germ-germinadorap-de5832,LOT-20260506-651F-005,B1,0,1,0,Hierbabuena,,,,,,,2026-05-07 06:48:20,2026-05-06 20:48:22,10.00,1,cg_1778136498346_1,3643,cam1_20260507_004820.jpg,crops/cam1_20260507_004820_r0_c1.jpg,3645,cam1_20260507_004824.jpg,crops/cam1_20260507_004824_r0_c1.jpg,6756,27.4,,53,58,0,0,0,0,0,0.0,0.0,73.0,0.0,1.5,1.5,0.0,0.0,,2026-05-07 06:48:25
germ-germinadorap-de5832|LOT-20260506-651F-005|r0_c1|rep0,LOT-20260506-651F-005:B1:R0,germ-germinadorap-de5832,LOT-20260506-651F-005,B1,0,1,0,Hierbabuena,,,,,,,2026-05-07 07:03:20,2026-05-06 20:48:22,10.25,1,cg_1778137398349_1,3647,cam1_20260507_010320.jpg,crops/cam1_20260507_010320_r0_c1.jpg,3649,cam1_20260507_010324.jpg,crops/cam1_20260507_010324_r0_c1.jpg,6768,27.5,,52,100,0,0,0,0,0,0.0,0.0,73.0,0.0,1.5,1.5,0.0,0.0,,2026-05-07 07:03:25
germ-germinadorap-de5832|LOT-20260506-651F-005|r0_c1|rep0,LOT-20260506-651F-005:B1:R0,germ-germinadorap-de5832,LOT-20260506-651F-005,B1,0,1,0,Hierbabuena,,,,,,,2026-05-07 07:18:20,2026-05-06 20:48:22,10.50,1,cg_1778138298357_1,3651,cam1_20260507_011820.jpg,crops/cam1_20260507_011820_r0_c1.jpg,3653,cam1_20260507_011825.jpg,crops/cam1_20260507_011825_r0_c1.jpg,6780,27.5,,48,100,0,0,0,0,0,0.0,0.0,73.0,0.0,1.5,1.5,0.0,0.0,,2026-05-07 07:18:26
germ-germinadorap-de5832|LOT-20260506-651F-005|r0_c1|rep0,LOT-20260506-651F-005:B1:R0,germ-germinadorap-de5832,LOT-20260506-651F-005,B1,0,1,0,Hierbabuena,,,,,,,2026-05-07 07:33:20,2026-05-06 20:48:22,10.75,1,cg_1778139198360_1,3655,cam1_20260507_013320.jpg,crops/cam1_20260507_013320_r0_c1.jpg,3657,cam1_20260507_013324.jpg,crops/cam1_20260507_013324_r0_c1.jpg,6792,27.6,,50,89.8,0,0,0,0,0,0.0,0.0,73.0,0.0,1.5,1.5,0.0,0.0,,2026-05-07 07:33:25
germ-germinadorap-de5832|LOT-20260506-651F-005|r0_c1|rep0,LOT-20260506-651F-005:B1:R0,germ-germinadorap-de5832,LOT-20260506-651F-005,B1,0,1,0,Hierbabuena,,,,,,,2026-05-07 07:48:20,2026-05-06 20:48:22,11.00,1,cg_1778140098366_1,3659,cam1_20260507_014820.jpg,crops/cam1_20260507_014820_r0_c1.jpg,3661,cam1_20260507_014824.jpg,crops/cam1_20260507_014824_r0_c1.jpg,6804,27.5,,51,90.7,0,0,0,0,0,0.0,0.0,73.0,0.0,1.5,1.5,0.0,0.0,,2026-05-07 07:48:25
germ-germinadorap-de5832|LOT-20260506-651F-005|r0_c1|rep0,LOT-20260506-651F-005:B1:R0,germ-germinadorap-de5832,LOT-20260506-651F-005,B1,0,1,0,Hierbabuena,,,,,,,2026-05-07 08:03:20,2026-05-06 20:48:22,11.25,1,cg_1778140998368_1,3663,cam1_20260507_020320.jpg,crops/cam1_20260507_020320_r0_c1.jpg,3665,cam1_20260507_020324.jpg,crops/cam1_20260507_020324_r0_c1.jpg,6816,27.7,,52,98.1,0,0,0,0,0,0.0,0.0,73.0,0.0,1.6,1.6,0.0,0.0,,2026-05-07 08:03:25
germ-germinadorap-de5832|LOT-20260506-651F-005|r0_c1|rep0,LOT-20260506-651F-005:B1:R0,germ-germinadorap-de5832,LOT-20260506-651F-005,B1,0,1,0,Hierbabuena,,,,,,,2026-05-07 08:18:20,2026-05-06 20:48:22,11.50,1,cg_1778141898371_1,3667,cam1_20260507_021820.jpg,crops/cam1_20260507_021820_r0_c1.jpg,3669,cam1_20260507_021824.jpg,crops/cam1_20260507_021824_r0_c1.jpg,6828,27.7,,49,84.3,0,0,0,0,0,0.0,0.0,73.0,0.0,1.8,1.8,0.0,0.0,,2026-05-07 08:18:25
germ-germinadorap-de5832|LOT-20260506-651F-005|r0_c1|rep0,LOT-20260506-651F-005:B1:R0,germ-germinadorap-de5832,LOT-20260506-651F-005,B1,0,1,0,Hierbabuena,,,,,,,2026-05-07 08:33:20,2026-05-06 20:48:22,11.75,1,cg_1778142798376_1,3671,cam1_20260507_023320.jpg,crops/cam1_20260507_023320_r0_c1.jpg,3673,cam1_20260507_023324.jpg,crops/cam1_20260507_023324_r0_c1.jpg,6840,27.6,,51,88,0,0,0,0,0,0.0,0.0,73.0,0.0,2.1,2.1,0.0,0.0,,2026-05-07 08:33:25
germ-germinadorap-de5832|LOT-20260506-651F-005|r0_c1|rep0,LOT-20260506-651F-005:B1:R0,germ-germinadorap-de5832,LOT-20260506-651F-005,B1,0,1,0,Hierbabuena,,,,,,,2026-05-07 08:48:20,2026-05-06 20:48:22,12.00,1,cg_1778143698383_1,3675,cam1_20260507_024820.jpg,crops/cam1_20260507_024820_r0_c1.jpg,3677,cam1_20260507_024824.jpg,crops/cam1_20260507_024824_r0_c1.jpg,6852,27.6,,53,90.7,0,0,0,0,0,0.0,0.0,73.0,0.0,2.3,2.3,0.0,0.0,,2026-05-07 08:48:25
germ-germinadorap-de5832|LOT-20260506-651F-005|r0_c1|rep0,LOT-20260506-651F-005:B1:R0,germ-germinadorap-de5832,LOT-20260506-651F-005,B1,0,1,0,Hierbabuena,,,,,,,2026-05-07 09:03:21,2026-05-06 20:48:22,12.25,1,cg_1778144598387_1,3679,cam1_20260507_030321.jpg,crops/cam1_20260507_030321_r0_c1.jpg,3681,cam1_20260507_030324.jpg,crops/cam1_20260507_030324_r0_c1.jpg,6864,27.6,,53,87,0,0,0,0,0,0.0,0.0,73.0,0.0,2.6,2.6,0.0,0.0,,2026-05-07 09:03:25
germ-germinadorap-de5832|LOT-20260506-651F-005|r0_c1|rep0,LOT-20260506-651F-005:B1:R0,germ-germinadorap-de5832,LOT-20260506-651F-005,B1,0,1,0,Hierbabuena,,,,,,,2026-05-07 09:18:20,2026-05-06 20:48:22,12.50,1,cg_1778145498390_1,3683,cam1_20260507_031820.jpg,crops/cam1_20260507_031820_r0_c1.jpg,3685,cam1_20260507_031824.jpg,crops/cam1_20260507_031824_r0_c1.jpg,6876,27.6,,52,83.3,0,0,0,0,0,0.0,0.0,73.0,0.0,2.8,2.8,0.0,0.0,,2026-05-07 09:18:25
germ-germinadorap-de5832|LOT-20260506-651F-005|r0_c1|rep0,LOT-20260506-651F-005:B1:R0,germ-germinadorap-de5832,LOT-20260506-651F-005,B1,0,1,0,Hierbabuena,,,,,,,2026-05-07 09:33:20,2026-05-06 20:48:22,12.75,1,cg_1778146398393_1,3687,cam1_20260507_033320.jpg,crops/cam1_20260507_033320_r0_c1.jpg,3689,cam1_20260507_033324.jpg,crops/cam1_20260507_033324_r0_c1.jpg,6888,27.6,,52,79.6,0,0,0,0,0,0.0,0.0,73.0,0.0,3.1,3.1,0.0,0.0,,2026-05-07 09:33:25
germ-germinadorap-de5832|LOT-20260506-651F-005|r0_c1|rep0,LOT-20260506-651F-005:B1:R0,germ-germinadorap-de5832,LOT-20260506-651F-005,B1,0,1,0,Hierbabuena,,,,,,,2026-05-07 09:48:20,2026-05-06 20:48:22,13.00,1,cg_1778147298398_1,3691,cam1_20260507_034820.jpg,crops/cam1_20260507_034820_r0_c1.jpg,3693,cam1_20260507_034824.jpg,crops/cam1_20260507_034824_r0_c1.jpg,6900,27.6,,52,67.9,0,0,0,0,0,0.0,0.0,73.0,0.0,3.3,3.3,0.0,0.0,,2026-05-07 09:48:25
germ-germinadorap-de5832|LOT-20260506-651F-005|r0_c1|rep0,LOT-20260506-651F-005:B1:R0,germ-germinadorap-de5832,LOT-20260506-651F-005,B1,0,1,0,Hierbabuena,,,,,,,2026-05-07 10:03:20,2026-05-06 20:48:22,13.25,1,cg_1778148198401_1,3695,cam1_20260507_040320.jpg,crops/cam1_20260507_040320_r0_c1.jpg,3697,cam1_20260507_040324.jpg,crops/cam1_20260507_040324_r0_c1.jpg,6912,27.6,,53,79.6,0,0,0,0,0,0.0,0.0,73.0,0.0,3.5,3.5,0.0,0.0,,2026-05-07 10:03:25
germ-germinadorap-de5832|LOT-20260506-651F-005|r0_c1|rep0,LOT-20260506-651F-005:B1:R0,germ-germinadorap-de5832,LOT-20260506-651F-005,B1,0,1,0,Hierbabuena,,,,,,,2026-05-07 10:18:20,2026-05-06 20:48:22,13.50,1,cg_1778149098403_1,3699,cam1_20260507_041820.jpg,crops/cam1_20260507_041820_r0_c1.jpg,3701,cam1_20260507_041824.jpg,crops/cam1_20260507_041824_r0_c1.jpg,6924,27.8,,52,81.5,0,0,0,0,0,0.0,0.0,73.0,0.0,3.8,3.8,0.0,0.0,,2026-05-07 10:18:25
germ-germinadorap-de5832|LOT-20260506-651F-005|r0_c1|rep0,LOT-20260506-651F-005:B1:R0,germ-germinadorap-de5832,LOT-20260506-651F-005,B1,0,1,0,Hierbabuena,,,,,,,2026-05-07 10:33:20,2026-05-06 20:48:22,13.75,1,cg_1778149998409_1,3703,cam1_20260507_043320.jpg,crops/cam1_20260507_043320_r0_c1.jpg,3705,cam1_20260507_043324.jpg,crops/cam1_20260507_043324_r0_c1.jpg,6936,27.5,,52,80.6,0,0,0,0,0,0.0,0.0,74.0,0.0,4.0,4.0,0.0,0.0,,2026-05-07 10:33:25
germ-germinadorap-de5832|LOT-20260506-651F-005|r0_c1|rep0,LOT-20260506-651F-005:B1:R0,germ-germinadorap-de5832,LOT-20260506-651F-005,B1,0,1,0,Hierbabuena,,,,,,,2026-05-07 10:48:20,2026-05-06 20:48:22,14.00,1,cg_1778150898414_1,3707,cam1_20260507_044820.jpg,crops/cam1_20260507_044820_r0_c1.jpg,3709,cam1_20260507_044824.jpg,crops/cam1_20260507_044824_r0_c1.jpg,6948,27.8,,53,76.9,0,0,0,0,0,0.0,0.0,74.0,0.0,4.3,4.3,0.0,0.0,,2026-05-07 10:48:25
germ-germinadorap-de5832|LOT-20260506-651F-005|r0_c1|rep0,LOT-20260506-651F-005:B1:R0,germ-germinadorap-de5832,LOT-20260506-651F-005,B1,0,1,0,Hierbabuena,,,,,,,2026-05-07 11:03:20,2026-05-06 20:48:22,14.25,1,cg_1778151798417_1,3711,cam1_20260507_050320.jpg,crops/cam1_20260507_050320_r0_c1.jpg,3713,cam1_20260507_050324.jpg,crops/cam1_20260507_050324_r0_c1.jpg,6960,27.9,,52,62.5,0,0,0,0,0,0.0,0.0,74.0,0.0,4.5,4.5,0.0,0.0,,2026-05-07 11:03:25
germ-germinadorap-de5832|LOT-20260506-651F-005|r0_c1|rep0,LOT-20260506-651F-005:B1:R0,germ-germinadorap-de5832,LOT-20260506-651F-005,B1,0,1,0,Hierbabuena,,,,,,,2026-05-07 11:18:20,2026-05-06 20:48:22,14.50,1,cg_1778152698418_1,3715,cam1_20260507_051820.jpg,crops/cam1_20260507_051820_r0_c1.jpg,3717,cam1_20260507_051824.jpg,crops/cam1_20260507_051824_r0_c1.jpg,6972,27.6,,52,69.6,0,0,0,0,0,0.0,0.0,74.0,0.0,4.8,4.8,0.0,0.0,,2026-05-07 11:18:25
germ-germinadorap-de5832|LOT-20260506-651F-005|r0_c1|rep0,LOT-20260506-651F-005:B1:R0,germ-germinadorap-de5832,LOT-20260506-651F-005,B1,0,1,0,Hierbabuena,,,,,,,2026-05-07 11:33:21,2026-05-06 20:48:22,14.75,1,cg_1778153598420_1,3719,cam1_20260507_053321.jpg,crops/cam1_20260507_053321_r0_c1.jpg,3721,cam1_20260507_053324.jpg,crops/cam1_20260507_053324_r0_c1.jpg,6984,27.9,,51,72.3,0,0,0,0,0,0.0,0.0,74.0,0.0,5.0,5.0,0.0,0.0,,2026-05-07 11:33:25
germ-germinadorap-de5832|LOT-20260506-651F-005|r0_c1|rep0,LOT-20260506-651F-005:B1:R0,germ-germinadorap-de5832,LOT-20260506-651F-005,B1,0,1,0,Hierbabuena,,,,,,,2026-05-07 11:48:20,2026-05-06 20:48:22,15.00,1,cg_1778154498423_1,3723,cam1_20260507_054820.jpg,crops/cam1_20260507_054820_r0_c1.jpg,3725,cam1_20260507_054824.jpg,crops/cam1_20260507_054824_r0_c1.jpg,6996,27.2,,52,62.5,0,0,0,0,0,0.0,0.0,74.0,0.0,5.3,5.3,0.0,0.0,,2026-05-07 11:48:25
germ-germinadorap-de5832|LOT-20260506-651F-005|r0_c1|rep0,LOT-20260506-651F-005:B1:R0,germ-germinadorap-de5832,LOT-20260506-651F-005,B1,0,1,0,Hierbabuena,,,,,,,2026-05-07 12:03:20,2026-05-06 20:48:22,15.25,1,cg_1778155398427_1,3727,cam1_20260507_060320.jpg,crops/cam1_20260507_060320_r0_c1.jpg,3729,cam1_20260507_060324.jpg,crops/cam1_20260507_060324_r0_c1.jpg,7008,27.2,,53,49.5,0,0,0,0,0,0.0,0.0,74.0,0.0,5.5,5.5,0.0,0.0,,2026-05-07 12:03:25
germ-germinadorap-de5832|LOT-20260506-651F-005|r0_c1|rep0,LOT-20260506-651F-005:B1:R0,germ-germinadorap-de5832,LOT-20260506-651F-005,B1,0,1,0,Hierbabuena,,,,,,,2026-05-07 12:19:20,2026-05-06 20:48:22,15.52,1,cg_1778156358428_1,3731,cam1_20260507_061920.jpg,crops/cam1_20260507_061920_r0_c1.jpg,3733,cam1_20260507_061924.jpg,crops/cam1_20260507_061924_r0_c1.jpg,7020,27.7,,52,54.5,0,0,0,0,0,0.0,0.0,74.0,0.0,5.8,5.8,0.0,0.0,,2026-05-07 12:19:25
germ-germinadorap-de5832|LOT-20260506-651F-005|r0_c1|rep0,LOT-20260506-651F-005:B1:R0,germ-germinadorap-de5832,LOT-20260506-651F-005,B1,0,1,0,Hierbabuena,,,,,,,2026-05-07 12:34:20,2026-05-06 20:48:22,15.77,1,cg_1778157258431_1,3735,cam1_20260507_063420.jpg,crops/cam1_20260507_063420_r0_c1.jpg,3737,cam1_20260507_063424.jpg,crops/cam1_20260507_063424_r0_c1.jpg,7032,27.2,,53,50,0,0,0,0,0,0.0,0.0,74.0,0.0,6.0,6.0,0.0,0.0,,2026-05-07 12:34:25
germ-germinadorap-de5832|LOT-20260506-651F-005|r0_c1|rep0,LOT-20260506-651F-005:B1:R0,germ-germinadorap-de5832,LOT-20260506-651F-005,B1,0,1,0,Hierbabuena,,,,,,,2026-05-07 12:49:20,2026-05-06 20:48:22,16.02,1,cg_1778158158436_1,3739,cam1_20260507_064920.jpg,crops/cam1_20260507_064920_r0_c1.jpg,3741,cam1_20260507_064924.jpg,crops/cam1_20260507_064924_r0_c1.jpg,7044,27.7,,53,53.6,0,0,0,0,0,0.0,0.0,74.0,0.0,6.3,6.3,0.0,0.0,,2026-05-07 12:49:25
germ-germinadorap-de5832|LOT-20260506-651F-005|r0_c1|rep0,LOT-20260506-651F-005:B1:R0,germ-germinadorap-de5832,LOT-20260506-651F-005,B1,0,1,0,Hierbabuena,,,,,,,2026-05-07 13:04:20,2026-05-06 20:48:22,16.27,1,cg_1778159058437_1,3743,cam1_20260507_070420.jpg,crops/cam1_20260507_070420_r0_c1.jpg,3745,cam1_20260507_070424.jpg,crops/cam1_20260507_070424_r0_c1.jpg,7056,27.3,,54,50,0,0,0,0,0,0.0,0.0,74.0,0.0,6.5,6.5,0.0,0.0,,2026-05-07 13:04:25
germ-germinadorap-de5832|LOT-20260506-651F-005|r0_c1|rep0,LOT-20260506-651F-005:B1:R0,germ-germinadorap-de5832,LOT-20260506-651F-005,B1,0,1,0,Hierbabuena,,,,,,,2026-05-07 13:19:20,2026-05-06 20:48:22,16.52,1,cg_1778159958442_1,3747,cam1_20260507_071920.jpg,crops/cam1_20260507_071920_r0_c1.jpg,3749,cam1_20260507_071924.jpg,crops/cam1_20260507_071924_r0_c1.jpg,7068,27.7,,50,49.7,0,0,0,0,0,0.0,0.0,74.0,0.0,6.8,6.8,0.0,0.0,,2026-05-07 13:19:25
germ-germinadorap-de5832|LOT-20260506-651F-005|r0_c1|rep0,LOT-20260506-651F-005:B1:R0,germ-germinadorap-de5832,LOT-20260506-651F-005,B1,0,1,0,Hierbabuena,,,,,,,2026-05-07 13:34:20,2026-05-06 20:48:22,16.77,1,cg_1778160858444_1,3751,cam1_20260507_073420.jpg,crops/cam1_20260507_073420_r0_c1.jpg,3753,cam1_20260507_073424.jpg,crops/cam1_20260507_073424_r0_c1.jpg,7080,27.1,,55,49.5,0,0,0,0,0,0.0,0.0,74.0,0.0,7.0,7.0,0.0,0.0,,2026-05-07 13:34:25
germ-germinadorap-de5832|LOT-20260506-651F-005|r0_c1|rep0,LOT-20260506-651F-005:B1:R0,germ-germinadorap-de5832,LOT-20260506-651F-005,B1,0,1,0,Hierbabuena,,,,,,,2026-05-07 13:49:20,2026-05-06 20:48:22,17.02,1,cg_1778161758446_1,3755,cam1_20260507_074920.jpg,crops/cam1_20260507_074920_r0_c1.jpg,3757,cam1_20260507_074924.jpg,crops/cam1_20260507_074924_r0_c1.jpg,7092,27.6,,53,48.4,0,0,0,0,0,0.0,0.0,74.0,0.0,7.3,7.3,0.0,0.0,,2026-05-07 13:49:25
germ-germinadorap-de5832|LOT-20260506-651F-005|r0_c1|rep0,LOT-20260506-651F-005:B1:R0,germ-germinadorap-de5832,LOT-20260506-651F-005,B1,0,1,0,Hierbabuena,,,,,,,2026-05-07 14:04:20,2026-05-06 20:48:22,17.27,1,cg_1778162658454_1,3759,cam1_20260507_080420.jpg,crops/cam1_20260507_080420_r0_c1.jpg,3761,cam1_20260507_080426.jpg,crops/cam1_20260507_080426_r0_c1.jpg,7104,27.6,,50,47.3,0,0,0,0,0,0.0,0.0,78.0,0.0,7.5,7.5,0.0,0.0,,2026-05-07 14:04:27
germ-germinadorap-de5832|LOT-20260506-651F-005|r0_c1|rep0,LOT-20260506-651F-005:B1:R0,germ-germinadorap-de5832,LOT-20260506-651F-005,B1,0,1,0,Hierbabuena,,,,,,,2026-05-07 14:19:20,2026-05-06 20:48:22,17.52,1,cg_1778163558455_1,3763,cam1_20260507_081920.jpg,crops/cam1_20260507_081920_r0_c1.jpg,3765,cam1_20260507_081924.jpg,crops/cam1_20260507_081924_r0_c1.jpg,7116,28.1,,49,49.6,0,0,0,0,0,0.0,0.0,93.0,0.0,7.8,7.8,0.0,0.0,,2026-05-07 14:19:25
germ-germinadorap-de5832|LOT-20260506-651F-005|r0_c1|rep0,LOT-20260506-651F-005:B1:R0,germ-germinadorap-de5832,LOT-20260506-651F-005,B1,0,1,0,Hierbabuena,,,,,,,2026-05-07 14:34:20,2026-05-06 20:48:22,17.77,1,cg_1778164458459_1,3767,cam1_20260507_083420.jpg,crops/cam1_20260507_083420_r0_c1.jpg,3769,cam1_20260507_083424.jpg,crops/cam1_20260507_083424_r0_c1.jpg,7128,28.3,,49,48.7,0,0,0,0,0,0.0,0.0,108.0,0.0,8.1,8.1,0.0,0.0,,2026-05-07 14:34:25
germ-germinadorap-de5832|LOT-20260506-651F-005|r0_c1|rep0,LOT-20260506-651F-005:B1:R0,germ-germinadorap-de5832,LOT-20260506-651F-005,B1,0,1,0,Hierbabuena,,,,,,,2026-05-07 14:49:21,2026-05-06 20:48:22,18.02,1,cg_1778165358459_1,3771,cam1_20260507_084920.jpg,crops/cam1_20260507_084920_r0_c1.jpg,3773,cam1_20260507_084924.jpg,crops/cam1_20260507_084924_r0_c1.jpg,7140,28.4,,47,48.5,0,0,0,0,0,0.0,0.0,123.0,0.0,8.3,8.3,0.0,0.0,,2026-05-07 14:49:25
germ-germinadorap-de5832|LOT-20260506-651F-005|r0_c1|rep0,LOT-20260506-651F-005:B1:R0,germ-germinadorap-de5832,LOT-20260506-651F-005,B1,0,1,0,Hierbabuena,,,,,,,2026-05-07 15:04:46,2026-05-06 20:48:22,18.27,1,cg_1778166284014_1,3775,cam1_20260507_090446.jpg,crops/cam1_20260507_090446_r0_c1.jpg,3777,cam1_20260507_090452.jpg,crops/cam1_20260507_090452_r0_c1.jpg,7152,28.5,,44,49.5,0,0,0,0,0,0.0,0.0,138.0,0.0,8.6,8.6,0.0,0.0,,2026-05-07 15:04:53
germ-germinadorap-de5832|LOT-20260506-651F-005|r0_c1|rep0,LOT-20260506-651F-005:B1:R0,germ-germinadorap-de5832,LOT-20260506-651F-005,B1,0,1,0,Hierbabuena,,,,,,,2026-05-07 15:19:46,2026-05-06 20:48:22,18.52,1,cg_1778167184015_1,3779,cam1_20260507_091945.jpg,crops/cam1_20260507_091945_r0_c1.jpg,3781,cam1_20260507_091951.jpg,crops/cam1_20260507_091951_r0_c1.jpg,7164,28.7,,44,45.2,0,0,0,0,0,0.0,0.0,153.0,0.0,8.8,8.8,0.0,0.0,,2026-05-07 15:19:52
germ-germinadorap-de5832|LOT-20260506-651F-005|r0_c1|rep0,LOT-20260506-651F-005:B1:R0,germ-germinadorap-de5832,LOT-20260506-651F-005,B1,0,1,0,Hierbabuena,,,,,,,2026-05-07 15:34:46,2026-05-06 20:48:22,18.77,1,cg_1778168084021_1,3783,cam1_20260507_093445.jpg,crops/cam1_20260507_093445_r0_c1.jpg,3785,cam1_20260507_093451.jpg,crops/cam1_20260507_093451_r0_c1.jpg,7176,28.4,,39,44.8,0,0,0,0,0,0.0,0.0,168.0,0.0,9.1,9.1,0.0,0.0,,2026-05-07 15:34:52
germ-germinadorap-de5832|LOT-20260506-651F-005|r0_c1|rep0,LOT-20260506-651F-005:B1:R0,germ-germinadorap-de5832,LOT-20260506-651F-005,B1,0,1,0,Hierbabuena,,,,,,,2026-05-07 15:49:46,2026-05-06 20:48:22,19.02,1,cg_1778168984028_1,3787,cam1_20260507_094945.jpg,crops/cam1_20260507_094945_r0_c1.jpg,3789,cam1_20260507_094951.jpg,crops/cam1_20260507_094951_r0_c1.jpg,7188,28.8,,40,44.9,0,0,0,0,0,0.0,0.0,183.0,0.0,9.3,9.3,0.0,0.0,,2026-05-07 15:49:52
germ-germinadorap-de5832|LOT-20260506-651F-005|r0_c1|rep0,LOT-20260506-651F-005:B1:R0,germ-germinadorap-de5832,LOT-20260506-651F-005,B1,0,1,0,Hierbabuena,,,,,,,2026-05-07 16:04:46,2026-05-06 20:48:22,19.27,1,cg_1778169884032_1,3791,cam1_20260507_100446.jpg,crops/cam1_20260507_100446_r0_c1.jpg,3793,cam1_20260507_100451.jpg,crops/cam1_20260507_100451_r0_c1.jpg,7200,29,,40,46.1,0,0,0,0,0,0.0,0.0,198.0,0.0,9.6,9.6,0.0,0.0,,2026-05-07 16:04:52
germ-germinadorap-de5832|LOT-20260506-651F-005|r0_c1|rep0,LOT-20260506-651F-005:B1:R0,germ-germinadorap-de5832,LOT-20260506-651F-005,B1,0,1,0,Hierbabuena,,,,,,,2026-05-07 16:19:46,2026-05-06 20:48:22,19.52,1,cg_1778170784035_1,3795,cam1_20260507_101945.jpg,crops/cam1_20260507_101945_r0_c1.jpg,3797,cam1_20260507_101951.jpg,crops/cam1_20260507_101951_r0_c1.jpg,7212,28.5,,42,44.5,0,0,0,0,0,0.0,0.0,213.0,0.0,9.8,9.8,0.0,0.0,,2026-05-07 16:19:52
germ-germinadorap-de5832|LOT-20260506-651F-005|r0_c1|rep0,LOT-20260506-651F-005:B1:R0,germ-germinadorap-de5832,LOT-20260506-651F-005,B1,0,1,0,Hierbabuena,,,,,,,2026-05-07 16:34:46,2026-05-06 20:48:22,19.77,1,cg_1778171684041_1,3799,cam1_20260507_103445.jpg,crops/cam1_20260507_103445_r0_c1.jpg,3801,cam1_20260507_103451.jpg,crops/cam1_20260507_103451_r0_c1.jpg,7224,28.9,,39,43.3,0,0,0,0,0,0.0,0.0,227.0,0.0,10.1,10.1,0.0,0.0,,2026-05-07 16:34:52
germ-germinadorap-de5832|LOT-20260506-651F-005|r0_c1|rep0,LOT-20260506-651F-005:B1:R0,germ-germinadorap-de5832,LOT-20260506-651F-005,B1,0,1,0,Hierbabuena,,,,,,,2026-05-07 16:49:46,2026-05-06 20:48:22,20.02,1,cg_1778172584046_1,3803,cam1_20260507_104945.jpg,crops/cam1_20260507_104945_r0_c1.jpg,3805,cam1_20260507_104951.jpg,crops/cam1_20260507_104951_r0_c1.jpg,7236,28.8,,40,43.7,0,0,0,0,0,0.0,0.0,242.0,0.0,10.3,10.3,0.0,0.0,,2026-05-07 16:49:52
germ-germinadorap-de5832|LOT-20260506-651F-005|r0_c1|rep0,LOT-20260506-651F-005:B1:R0,germ-germinadorap-de5832,LOT-20260506-651F-005,B1,0,1,0,Hierbabuena,,,,,,,2026-05-07 17:04:46,2026-05-06 20:48:22,20.27,1,cg_1778173484048_1,3807,cam1_20260507_110445.jpg,crops/cam1_20260507_110445_r0_c1.jpg,3809,cam1_20260507_110451.jpg,crops/cam1_20260507_110451_r0_c1.jpg,7248,29.2,,42,44.6,0,0,0,0,0,0.0,0.0,257.0,0.0,10.5,10.5,0.0,0.0,,2026-05-07 17:04:52
germ-germinadorap-de5832|LOT-20260506-651F-005|r0_c1|rep0,LOT-20260506-651F-005:B1:R0,germ-germinadorap-de5832,LOT-20260506-651F-005,B1,0,1,0,Hierbabuena,,,,,,,2026-05-07 17:21:43,2026-05-06 20:48:22,20.56,1,cg_1778174499958_1,3811,cam1_20260507_112142.jpg,crops/cam1_20260507_112142_r0_c1.jpg,3813,cam1_20260507_112148.jpg,crops/cam1_20260507_112148_r0_c1.jpg,7260,28.9,,42,45.8,0,0,0,0,0,0.0,0.0,274.0,0.0,10.8,10.8,0.0,0.0,,2026-05-07 17:21:49
germ-germinadorap-de5832|LOT-20260506-651F-005|r0_c1|rep0,LOT-20260506-651F-005:B1:R0,germ-germinadorap-de5832,LOT-20260506-651F-005,B1,0,1,0,Hierbabuena,,,,,,,2026-05-07 17:37:04,2026-05-06 20:48:22,20.81,1,cg_1778175422022_1,3815,cam1_20260507_113703.jpg,crops/cam1_20260507_113703_r0_c1.jpg,3817,cam1_20260507_113708.jpg,crops/cam1_20260507_113708_r0_c1.jpg,7272,29.1,,44,47.5,0,0,0,0,0,0.0,0.0,289.0,0.0,11.1,11.1,0.0,0.0,,2026-05-07 17:37:09
germ-germinadorap-de5832|LOT-20260506-651F-005|r0_c1|rep0,LOT-20260506-651F-005:B1:R0,germ-germinadorap-de5832,LOT-20260506-651F-005,B1,0,1,0,Hierbabuena,,,,,,,2026-05-07 17:52:04,2026-05-06 20:48:22,21.06,1,cg_1778176322027_1,3819,cam1_20260507_115203.jpg,crops/cam1_20260507_115203_r0_c1.jpg,3821,cam1_20260507_115208.jpg,crops/cam1_20260507_115208_r0_c1.jpg,7284,29.3,,45,47,0,0,0,0,0,0.0,0.0,304.0,0.0,11.3,11.3,0.0,0.0,,2026-05-07 17:52:09
germ-germinadorap-de5832|LOT-20260506-651F-005|r0_c1|rep0,LOT-20260506-651F-005:B1:R0,germ-germinadorap-de5832,LOT-20260506-651F-005,B1,0,1,0,Hierbabuena,,,,,,,2026-05-07 18:07:24,2026-05-06 20:48:22,21.32,1,cg_1778177241343_1,3823,cam1_20260507_120723.jpg,crops/cam1_20260507_120723_r0_c1.jpg,3825,cam1_20260507_120728.jpg,crops/cam1_20260507_120728_r0_c1.jpg,7296,29.4,,48,46.3,0,0,0,0,0,0.0,0.0,319.0,0.0,11.6,11.6,0.0,0.0,,2026-05-07 18:07:30
germ-germinadorap-de5832|LOT-20260506-651F-005|r0_c1|rep0,LOT-20260506-651F-005:B1:R0,germ-germinadorap-de5832,LOT-20260506-651F-005,B1,0,1,0,Hierbabuena,,,,,,,2026-05-07 18:22:24,2026-05-06 20:48:22,21.57,1,cg_1778178141343_1,3827,cam1_20260507_122223.jpg,crops/cam1_20260507_122223_r0_c1.jpg,3829,cam1_20260507_122228.jpg,crops/cam1_20260507_122228_r0_c1.jpg,7308,29.6,,47,44.7,0,0,0,0,0,0.0,0.0,334.0,0.0,11.8,11.8,0.0,0.0,,2026-05-07 18:22:30
germ-germinadorap-de5832|LOT-20260506-651F-005|r0_c1|rep0,LOT-20260506-651F-005:B1:R0,germ-germinadorap-de5832,LOT-20260506-651F-005,B1,0,1,0,Hierbabuena,,,,,,,2026-05-07 18:37:40,2026-05-06 20:48:22,21.82,1,cg_1778179057867_1,3831,cam1_20260507_123739.jpg,crops/cam1_20260507_123739_r0_c1.jpg,3833,cam1_20260507_123744.jpg,crops/cam1_20260507_123744_r0_c1.jpg,7320,28.7,,37,100,0,0,0,0,0,0.0,0.0,350.0,0.0,12.1,12.1,0.0,0.0,,2026-05-07 18:37:45
germ-germinadorap-de5832|LOT-20260506-651F-005|r0_c1|rep0,LOT-20260506-651F-005:B1:R0,germ-germinadorap-de5832,LOT-20260506-651F-005,B1,0,1,0,Hierbabuena,,,,,,,2026-05-07 18:52:40,2026-05-06 20:48:22,22.07,1,cg_1778179957825_1,3835,cam1_20260507_125239.jpg,crops/cam1_20260507_125239_r0_c1.jpg,3837,cam1_20260507_125243.jpg,crops/cam1_20260507_125243_r0_c1.jpg,7332,28.2,,37,100,0,0,0,0,0,0.0,0.0,364.0,0.0,12.3,12.3,0.0,0.0,,2026-05-07 18:52:44
germ-germinadorap-de5832|LOT-20260506-651F-005|r0_c1|rep0,LOT-20260506-651F-005:B1:R0,germ-germinadorap-de5832,LOT-20260506-651F-005,B1,0,1,0,Hierbabuena,,,,,,,2026-05-07 19:07:40,2026-05-06 20:48:22,22.32,1,cg_1778180857828_1,3839,cam1_20260507_130739.jpg,crops/cam1_20260507_130739_r0_c1.jpg,3841,cam1_20260507_130744.jpg,crops/cam1_20260507_130744_r0_c1.jpg,7344,27.8,,35,100,0,0,0,0,0,0.0,0.0,379.0,0.0,12.6,12.6,0.0,0.0,,2026-05-07 19:07:44
germ-germinadorap-de5832|LOT-20260506-651F-005|r0_c1|rep0,LOT-20260506-651F-005:B1:R0,germ-germinadorap-de5832,LOT-20260506-651F-005,B1,0,1,0,Hierbabuena,,,,,,,2026-05-07 19:22:40,2026-05-06 20:48:22,22.57,1,cg_1778181757829_1,3843,cam1_20260507_132239.jpg,crops/cam1_20260507_132239_r0_c1.jpg,3845,cam1_20260507_132243.jpg,crops/cam1_20260507_132243_r0_c1.jpg,7356,27.8,,36,100,0,0,0,0,0,0.0,0.0,394.0,0.0,12.8,12.8,0.0,0.0,,2026-05-07 19:22:44
germ-germinadorap-de5832|LOT-20260506-651F-005|r0_c1|rep0,LOT-20260506-651F-005:B1:R0,germ-germinadorap-de5832,LOT-20260506-651F-005,B1,0,1,0,Hierbabuena,,,,,,,2026-05-07 19:37:40,2026-05-06 20:48:22,22.82,1,cg_1778182657834_1,3847,cam1_20260507_133739.jpg,crops/cam1_20260507_133739_r0_c1.jpg,3849,cam1_20260507_133744.jpg,crops/cam1_20260507_133744_r0_c1.jpg,7368,27.8,,35,100,0,0,0,0,0,0.0,0.0,409.0,0.0,13.1,13.1,0.0,0.0,,2026-05-07 19:37:44
germ-germinadorap-de5832|LOT-20260506-651F-005|r0_c1|rep0,LOT-20260506-651F-005:B1:R0,germ-germinadorap-de5832,LOT-20260506-651F-005,B1,0,1,0,Hierbabuena,,,,,,,2026-05-07 19:52:40,2026-05-06 20:48:22,23.07,1,cg_1778183557834_1,3851,cam1_20260507_135239.jpg,crops/cam1_20260507_135239_r0_c1.jpg,3853,cam1_20260507_135244.jpg,crops/cam1_20260507_135244_r0_c1.jpg,7380,27.6,,36,100,0,0,0,0,0,0.0,0.0,424.0,0.0,13.3,13.3,0.0,0.0,,2026-05-07 19:52:45
germ-germinadorap-de5832|LOT-20260506-651F-005|r0_c1|rep0,LOT-20260506-651F-005:B1:R0,germ-germinadorap-de5832,LOT-20260506-651F-005,B1,0,1,0,Hierbabuena,,,,,,,2026-05-07 20:07:40,2026-05-06 20:48:22,23.32,1,cg_1778184457835_1,3855,cam1_20260507_140739.jpg,crops/cam1_20260507_140739_r0_c1.jpg,3857,cam1_20260507_140743.jpg,crops/cam1_20260507_140743_r0_c1.jpg,7392,27.8,,36,100,0,0,0,0,0,0.0,0.0,439.0,0.0,13.4,13.4,0.0,0.0,,2026-05-07 20:07:44
germ-germinadorap-de5832|LOT-20260506-651F-005|r0_c1|rep0,LOT-20260506-651F-005:B1:R0,germ-germinadorap-de5832,LOT-20260506-651F-005,B1,0,1,0,Hierbabuena,,,,,,,2026-05-07 20:22:40,2026-05-06 20:48:22,23.57,1,cg_1778185357837_1,3859,cam1_20260507_142239.jpg,crops/cam1_20260507_142239_r0_c1.jpg,3861,cam1_20260507_142243.jpg,crops/cam1_20260507_142243_r0_c1.jpg,7404,27.5,,36,100,0,0,0,0,0,0.0,0.0,454.0,0.0,13.4,13.4,0.0,0.0,,2026-05-07 20:22:45
germ-germinadorap-de5832|LOT-20260506-651F-005|r0_c1|rep0,LOT-20260506-651F-005:B1:R0,germ-germinadorap-de5832,LOT-20260506-651F-005,B1,0,1,0,Hierbabuena,,,,,,,2026-05-07 20:37:39,2026-05-06 20:48:22,23.82,1,cg_1778186257837_1,3863,cam1_20260507_143739.jpg,crops/cam1_20260507_143739_r0_c1.jpg,3865,cam1_20260507_143743.jpg,crops/cam1_20260507_143743_r0_c1.jpg,7416,27.6,,34,100,0,0,0,0,0,0.0,0.0,469.0,0.0,13.4,13.4,0.0,0.0,,2026-05-07 20:37:44
germ-germinadorap-de5832|LOT-20260506-651F-005|r0_c1|rep0,LOT-20260506-651F-005:B1:R0,germ-germinadorap-de5832,LOT-20260506-651F-005,B1,0,1,0,Hierbabuena,,,,,,,2026-05-07 20:52:40,2026-05-06 20:48:22,24.07,2,cg_1778187157838_1,3867,cam1_20260507_145239.jpg,crops/cam1_20260507_145239_r0_c1.jpg,3869,cam1_20260507_145243.jpg,crops/cam1_20260507_145243_r0_c1.jpg,7428,27.3,,35,100,0,0,0,0,0,0.0,0.0,484.0,0.0,13.4,6.7,0.0,0.0,,2026-05-07 20:52:44
germ-germinadorap-de5832|LOT-20260506-651F-005|r0_c1|rep0,LOT-20260506-651F-005:B1:R0,germ-germinadorap-de5832,LOT-20260506-651F-005,B1,0,1,0,Hierbabuena,,,,,,,2026-05-07 21:07:40,2026-05-06 20:48:22,24.32,2,cg_1778188057847_1,3871,cam1_20260507_150739.jpg,crops/cam1_20260507_150739_r0_c1.jpg,3873,cam1_20260507_150743.jpg,crops/cam1_20260507_150743_r0_c1.jpg,7440,27.2,,35,100,0,0,0,0,0,0.0,0.0,499.0,0.0,13.4,6.7,0.0,0.0,,2026-05-07 21:07:44
germ-germinadorap-de5832|LOT-20260506-651F-005|r0_c1|rep0,LOT-20260506-651F-005:B1:R0,germ-germinadorap-de5832,LOT-20260506-651F-005,B1,0,1,0,Hierbabuena,,,,,,,2026-05-07 21:22:40,2026-05-06 20:48:22,24.57,2,cg_1778188957856_1,3875,cam1_20260507_152239.jpg,crops/cam1_20260507_152239_r0_c1.jpg,3877,cam1_20260507_152243.jpg,crops/cam1_20260507_152243_r0_c1.jpg,7452,27.4,,34,100,0,0,0,0,0,0.0,0.0,514.0,0.0,13.4,6.7,0.0,0.0,,2026-05-07 21:22:44
germ-germinadorap-de5832|LOT-20260506-651F-005|r0_c1|rep0,LOT-20260506-651F-005:B1:R0,germ-germinadorap-de5832,LOT-20260506-651F-005,B1,0,1,0,Hierbabuena,,,,,,,2026-05-07 21:37:40,2026-05-06 20:48:22,24.82,2,cg_1778189857868_1,3879,cam1_20260507_153739.jpg,crops/cam1_20260507_153739_r0_c1.jpg,3881,cam1_20260507_153744.jpg,crops/cam1_20260507_153744_r0_c1.jpg,7464,27.5,,36,100,0,0,0,0,0,0.0,0.0,529.0,0.0,13.4,6.7,0.0,0.0,,2026-05-07 21:37:45
germ-germinadorap-de5832|LOT-20260506-651F-005|r0_c1|rep0,LOT-20260506-651F-005:B1:R0,germ-germinadorap-de5832,LOT-20260506-651F-005,B1,0,1,0,Hierbabuena,,,,,,,2026-05-07 21:52:40,2026-05-06 20:48:22,25.07,2,cg_1778190757875_1,3883,cam1_20260507_155239.jpg,crops/cam1_20260507_155239_r0_c1.jpg,3885,cam1_20260507_155243.jpg,crops/cam1_20260507_155243_r0_c1.jpg,7476,27.2,,35,100,0,0,0,0,0,0.0,0.0,544.0,0.0,13.4,6.7,0.0,0.0,,2026-05-07 21:52:44
germ-germinadorap-de5832|LOT-20260506-651F-005|r0_c1|rep0,LOT-20260506-651F-005:B1:R0,germ-germinadorap-de5832,LOT-20260506-651F-005,B1,0,1,0,Hierbabuena,,,,,,,2026-05-07 22:07:40,2026-05-06 20:48:22,25.32,2,cg_1778191657878_1,3887,cam1_20260507_160739.jpg,crops/cam1_20260507_160739_r0_c1.jpg,3889,cam1_20260507_160744.jpg,crops/cam1_20260507_160744_r0_c1.jpg,7488,27.1,,34,100,0,0,0,0,0,0.0,0.0,559.0,0.0,13.4,6.7,0.0,0.0,,2026-05-07 22:07:44
germ-germinadorap-de5832|LOT-20260506-651F-005|r0_c1|rep0,LOT-20260506-651F-005:B1:R0,germ-germinadorap-de5832,LOT-20260506-651F-005,B1,0,1,0,Hierbabuena,,,,,,,2026-05-07 22:22:40,2026-05-06 20:48:22,25.57,2,cg_1778192557882_1,3891,cam1_20260507_162240.jpg,crops/cam1_20260507_162240_r0_c1.jpg,3893,cam1_20260507_162245.jpg,crops/cam1_20260507_162245_r0_c1.jpg,7500,27.2,,34,100,0,0,0,0,0,0.0,0.0,573.0,0.0,13.4,6.7,0.0,0.0,,2026-05-07 22:22:46
germ-germinadorap-de5832|LOT-20260506-651F-005|r0_c1|rep0,LOT-20260506-651F-005:B1:R0,germ-germinadorap-de5832,LOT-20260506-651F-005,B1,0,1,0,Hierbabuena,,,,,,,2026-05-07 22:37:42,2026-05-06 20:48:22,25.82,2,cg_1778193457885_1,3895,cam1_20260507_163741.jpg,crops/cam1_20260507_163741_r0_c1.jpg,3897,cam1_20260507_163746.jpg,crops/cam1_20260507_163746_r0_c1.jpg,7512,27.3,,36,100,0,0,0,0,0,0.0,0.0,588.0,0.0,13.4,6.7,0.0,0.0,,2026-05-07 22:37:47
germ-germinadorap-de5832|LOT-20260506-651F-005|r0_c1|rep0,LOT-20260506-651F-005:B1:R0,germ-germinadorap-de5832,LOT-20260506-651F-005,B1,0,1,0,Hierbabuena,,,,,,,2026-05-07 22:52:40,2026-05-06 20:48:22,26.07,2,cg_1778194357887_1,3899,cam1_20260507_165240.jpg,crops/cam1_20260507_165240_r0_c1.jpg,3901,cam1_20260507_165245.jpg,crops/cam1_20260507_165245_r0_c1.jpg,7524,27.5,,37,48.6,0,0,0,0,0,0.0,0.0,603.0,0.0,13.5,6.7,0.0,0.0,,2026-05-07 22:52:46
germ-germinadorap-de5832|LOT-20260506-651F-005|r0_c1|rep0,LOT-20260506-651F-005:B1:R0,germ-germinadorap-de5832,LOT-20260506-651F-005,B1,0,1,0,Hierbabuena,,,,,,,2026-05-07 23:07:40,2026-05-06 20:48:22,26.32,2,cg_1778195257889_1,3903,cam1_20260507_170740.jpg,crops/cam1_20260507_170740_r0_c1.jpg,3905,cam1_20260507_170747.jpg,crops/cam1_20260507_170747_r0_c1.jpg,7536,27.3,,37,73.2,0,0,0,0,0,0.0,0.0,618.0,0.0,13.5,6.7,0.0,0.0,,2026-05-07 23:07:49
germ-germinadorap-de5832|LOT-20260506-651F-005|r0_c1|rep0,LOT-20260506-651F-005:B1:R0,germ-germinadorap-de5832,LOT-20260506-651F-005,B1,0,1,0,Hierbabuena,,,,,,,2026-05-07 23:22:41,2026-05-06 20:48:22,26.57,2,cg_1778196157887_1,3907,cam1_20260507_172241.jpg,crops/cam1_20260507_172241_r0_c1.jpg,3909,cam1_20260507_172245.jpg,crops/cam1_20260507_172245_r0_c1.jpg,7548,27.4,,35,44.6,0,0,0,0,0,0.0,0.0,633.0,0.0,13.5,6.7,0.0,0.0,,2026-05-07 23:22:46
germ-germinadorap-de5832|LOT-20260506-651F-005|r0_c1|rep0,LOT-20260506-651F-005:B1:R0,germ-germinadorap-de5832,LOT-20260506-651F-005,B1,0,1,0,Hierbabuena,,,,,,,2026-05-07 23:37:40,2026-05-06 20:48:22,26.82,2,cg_1778197057888_1,3911,cam1_20260507_173740.jpg,crops/cam1_20260507_173740_r0_c1.jpg,3913,cam1_20260507_173745.jpg,crops/cam1_20260507_173745_r0_c1.jpg,7560,27.1,,35,70.5,0,0,0,0,0,0.0,0.0,648.0,0.0,13.5,6.7,0.0,0.0,,2026-05-07 23:37:46
germ-germinadorap-de5832|LOT-20260506-651F-005|r0_c1|rep0,LOT-20260506-651F-005:B1:R0,germ-germinadorap-de5832,LOT-20260506-651F-005,B1,0,1,0,Hierbabuena,,,,,,,2026-05-07 23:52:40,2026-05-06 20:48:22,27.07,2,cg_1778197957891_1,3915,cam1_20260507_175240.jpg,crops/cam1_20260507_175240_r0_c1.jpg,3917,cam1_20260507_175245.jpg,crops/cam1_20260507_175245_r0_c1.jpg,7572,27,,37,49.9,0,0,0,0,0,0.0,0.0,663.0,0.0,13.5,6.7,0.0,0.0,,2026-05-07 23:52:47
germ-germinadorap-de5832|LOT-20260506-651F-005|r0_c1|rep0,LOT-20260506-651F-005:B1:R0,germ-germinadorap-de5832,LOT-20260506-651F-005,B1,0,1,0,Hierbabuena,,,,,,,2026-05-08 01:13:31,2026-05-06 20:48:22,28.42,2,cg_1778202809049_1,3919,cam1_20260507_191330.jpg,crops/cam1_20260507_191330_r0_c1.jpg,3921,cam1_20260507_191335.jpg,crops/cam1_20260507_191335_r0_c1.jpg,7584,25.8,,38,58.9,0,0,0,0,0,0.0,0.0,744.0,0.0,13.5,6.7,0.0,0.0,,2026-05-08 01:13:36
germ-germinadorap-de5832|LOT-20260506-651F-005|r0_c1|rep0,LOT-20260506-651F-005:B1:R0,germ-germinadorap-de5832,LOT-20260506-651F-005,B1,0,1,0,Hierbabuena,,,,,,,2026-05-08 01:28:31,2026-05-06 20:48:22,28.67,2,cg_1778203709047_1,3923,cam1_20260507_192830.jpg,crops/cam1_20260507_192830_r0_c1.jpg,3925,cam1_20260507_192835.jpg,crops/cam1_20260507_192835_r0_c1.jpg,7596,27,,42,91.7,0,0,0,0,0,0.0,0.0,759.0,0.0,13.5,6.7,0.0,0.0,,2026-05-08 01:28:36
germ-germinadorap-de5832|LOT-20260506-651F-005|r0_c1|rep0,LOT-20260506-651F-005:B1:R0,germ-germinadorap-de5832,LOT-20260506-651F-005,B1,0,1,0,Hierbabuena,,,,,,,2026-05-08 01:43:31,2026-05-06 20:48:22,28.92,2,cg_1778204609053_1,3927,cam1_20260507_194330.jpg,crops/cam1_20260507_194330_r0_c1.jpg,3929,cam1_20260507_194335.jpg,crops/cam1_20260507_194335_r0_c1.jpg,7608,27.6,,41,97.2,0,0,0,0,0,0.0,0.0,773.0,0.0,13.5,6.7,0.0,0.0,,2026-05-08 01:43:36
germ-germinadorap-de5832|LOT-20260506-651F-005|r0_c1|rep0,LOT-20260506-651F-005:B1:R0,germ-germinadorap-de5832,LOT-20260506-651F-005,B1,0,1,0,Hierbabuena,,,,,,,2026-05-08 01:58:31,2026-05-06 20:48:22,29.17,2,cg_1778205509059_1,3931,cam1_20260507_195830.jpg,crops/cam1_20260507_195830_r0_c1.jpg,3933,cam1_20260507_195835.jpg,crops/cam1_20260507_195835_r0_c1.jpg,7620,28,,41,94.4,0,0,0,0,0,0.0,0.0,788.0,0.0,13.5,6.7,0.0,0.0,,2026-05-08 01:58:36
germ-germinadorap-de5832|LOT-20260506-651F-005|r0_c1|rep0,LOT-20260506-651F-005:B1:R0,germ-germinadorap-de5832,LOT-20260506-651F-005,B1,0,1,0,Hierbabuena,,,,,,,2026-05-08 02:13:31,2026-05-06 20:48:22,29.42,2,cg_1778206409065_1,3935,cam1_20260507_201330.jpg,crops/cam1_20260507_201330_r0_c1.jpg,3937,cam1_20260507_201335.jpg,crops/cam1_20260507_201335_r0_c1.jpg,7632,27.8,,39,91.7,0,0,0,0,0,0.0,0.0,790.0,0.0,13.5,6.7,0.0,0.0,,2026-05-08 02:13:36
germ-germinadorap-de5832|LOT-20260506-651F-005|r0_c1|rep0,LOT-20260506-651F-005:B1:R0,germ-germinadorap-de5832,LOT-20260506-651F-005,B1,0,1,0,Hierbabuena,,,,,,,2026-05-08 02:28:31,2026-05-06 20:48:22,29.67,2,cg_1778207309070_1,3939,cam1_20260507_202830.jpg,crops/cam1_20260507_202830_r0_c1.jpg,3941,cam1_20260507_202835.jpg,crops/cam1_20260507_202835_r0_c1.jpg,7644,27.7,,40,91.7,0,0,0,0,0,0.0,0.0,790.0,0.0,13.5,6.7,0.0,0.0,,2026-05-08 02:28:36
germ-germinadorap-de5832|LOT-20260506-651F-005|r0_c1|rep0,LOT-20260506-651F-005:B1:R0,germ-germinadorap-de5832,LOT-20260506-651F-005,B1,0,1,0,Hierbabuena,,,,,,,2026-05-08 02:43:31,2026-05-06 20:48:22,29.92,2,cg_1778208209075_1,3943,cam1_20260507_204330.jpg,crops/cam1_20260507_204330_r0_c1.jpg,3945,cam1_20260507_204335.jpg,crops/cam1_20260507_204335_r0_c1.jpg,7656,27.8,,43,90.7,0,0,0,0,0,0.0,0.0,790.0,0.0,13.5,6.7,0.0,0.0,,2026-05-08 02:43:36
germ-germinadorap-de5832|LOT-20260506-651F-005|r0_c1|rep0,LOT-20260506-651F-005:B1:R0,germ-germinadorap-de5832,LOT-20260506-651F-005,B1,0,1,0,Hierbabuena,,,,,,,2026-05-08 02:58:31,2026-05-06 20:48:22,30.17,2,cg_1778209109081_1,3947,cam1_20260507_205830.jpg,crops/cam1_20260507_205830_r0_c1.jpg,3949,cam1_20260507_205835.jpg,crops/cam1_20260507_205835_r0_c1.jpg,7668,27.6,,45,85.2,0,0,0,0,0,0.0,0.0,790.0,0.0,13.5,6.7,0.0,0.0,,2026-05-08 02:58:36
germ-germinadorap-de5832|LOT-20260506-651F-005|r0_c1|rep0,LOT-20260506-651F-005:B1:R0,germ-germinadorap-de5832,LOT-20260506-651F-005,B1,0,1,0,Hierbabuena,,,,,,,2026-05-08 03:13:31,2026-05-06 20:48:22,30.42,2,cg_1778210009087_1,3951,cam1_20260507_211330.jpg,crops/cam1_20260507_211330_r0_c1.jpg,3953,cam1_20260507_211335.jpg,crops/cam1_20260507_211335_r0_c1.jpg,7680,27.6,,51,90.7,0,0,0,0,0,0.0,0.0,790.0,0.0,13.5,6.7,0.0,0.0,,2026-05-08 03:13:36
germ-germinadorap-de5832|LOT-20260506-651F-005|r0_c1|rep0,LOT-20260506-651F-005:B1:R0,germ-germinadorap-de5832,LOT-20260506-651F-005,B1,0,1,0,Hierbabuena,,,,,,,2026-05-08 03:28:31,2026-05-06 20:48:22,30.67,2,cg_1778210909089_1,3955,cam1_20260507_212830.jpg,crops/cam1_20260507_212830_r0_c1.jpg,3957,cam1_20260507_212836.jpg,crops/cam1_20260507_212836_r0_c1.jpg,7692,27.5,,42,79.6,0,0,0,0,0,0.0,0.0,790.0,0.0,13.5,6.7,0.0,0.0,,2026-05-08 03:28:37
germ-germinadorap-de5832|LOT-20260506-651F-005|r0_c1|rep0,LOT-20260506-651F-005:B1:R0,germ-germinadorap-de5832,LOT-20260506-651F-005,B1,0,1,0,Hierbabuena,,,,,,,2026-05-08 04:48:45,2026-05-06 20:48:22,32.01,2,cg_1778215723174_1,3958,cam1_20260507_224844.jpg,crops/cam1_20260507_224844_r0_c1.jpg,3960,cam1_20260507_224847.jpg,crops/cam1_20260507_224847_r0_c1.jpg,7699,26.7,,50,68.8,0,0,0,0,0,0.0,0.0,791.0,0.0,13.5,6.7,0.0,0.0,,2026-05-08 04:48:48
germ-germinadorap-de5832|LOT-20260506-651F-005|r0_c1|rep0,LOT-20260506-651F-005:B1:R0,germ-germinadorap-de5832,LOT-20260506-651F-005,B1,0,1,0,Hierbabuena,,,,,,,2026-05-08 05:03:45,2026-05-06 20:48:22,32.26,2,cg_1778216623174_1,3962,cam1_20260507_230344.jpg,crops/cam1_20260507_230344_r0_c1.jpg,3964,cam1_20260507_230347.jpg,crops/cam1_20260507_230347_r0_c1.jpg,7711,27,,56,74.1,0,0,0,0,0,0.0,0.0,791.0,0.0,13.5,6.7,0.0,0.0,,2026-05-08 05:03:48
germ-germinadorap-de5832|LOT-20260506-651F-005|r0_c1|rep0,LOT-20260506-651F-005:B1:R0,germ-germinadorap-de5832,LOT-20260506-651F-005,B1,0,1,0,Hierbabuena,,,,,,,2026-05-08 05:18:45,2026-05-06 20:48:22,32.51,2,cg_1778217523180_1,3967,cam1_20260507_231844.jpg,crops/cam1_20260507_231844_r0_c1.jpg,3969,cam1_20260507_231849.jpg,crops/cam1_20260507_231849_r0_c1.jpg,7728,27.2,,55,69.6,0,0,0,0,0,0.0,0.0,791.0,0.0,13.5,6.8,0.0,0.0,,2026-05-08 05:18:50
germ-germinadorap-de5832|LOT-20260506-651F-005|r0_c1|rep0,LOT-20260506-651F-005:B1:R0,germ-germinadorap-de5832,LOT-20260506-651F-005,B1,0,1,0,Hierbabuena,,,,,,,2026-05-08 05:33:45,2026-05-06 20:48:22,32.76,2,cg_1778218423187_1,3970,cam1_20260507_233344.jpg,crops/cam1_20260507_233344_r0_c1.jpg,3972,cam1_20260507_233347.jpg,crops/cam1_20260507_233347_r0_c1.jpg,7735,27.3,,56,49,0,0,0,0,0,0.0,0.0,792.0,0.0,13.5,6.8,0.0,0.0,,2026-05-08 05:33:48
germ-germinadorap-de5832|LOT-20260506-651F-005|r0_c1|rep0,LOT-20260506-651F-005:B1:R0,germ-germinadorap-de5832,LOT-20260506-651F-005,B1,0,1,0,Hierbabuena,,,,,,,2026-05-08 05:48:45,2026-05-06 20:48:22,33.01,2,cg_1778219323193_1,3975,cam1_20260507_234844.jpg,crops/cam1_20260507_234844_r0_c1.jpg,3977,cam1_20260507_234849.jpg,crops/cam1_20260507_234849_r0_c1.jpg,7752,27.4,,56,70.5,0,0,0,0,0,0.0,0.0,792.0,0.0,13.5,6.8,0.0,0.0,,2026-05-08 05:48:50
germ-germinadorap-de5832|LOT-20260506-651F-005|r0_c1|rep0,LOT-20260506-651F-005:B1:R0,germ-germinadorap-de5832,LOT-20260506-651F-005,B1,0,1,0,Hierbabuena,,,,,,,2026-05-08 06:03:45,2026-05-06 20:48:22,33.26,2,cg_1778220223200_1,3979,cam1_20260508_000344.jpg,crops/cam1_20260508_000344_r0_c1.jpg,3981,cam1_20260508_000349.jpg,crops/cam1_20260508_000349_r0_c1.jpg,7764,27.5,,55,48.9,0,0,0,0,0,0.0,0.0,792.0,0.0,13.5,6.8,0.0,0.0,,2026-05-08 06:03:50
germ-germinadorap-de5832|LOT-20260506-651F-005|r0_c1|rep0,LOT-20260506-651F-005:B1:R0,germ-germinadorap-de5832,LOT-20260506-651F-005,B1,0,1,0,Hierbabuena,,,,,,,2026-05-08 06:18:45,2026-05-06 20:48:22,33.51,2,cg_1778221123204_1,3982,cam1_20260508_001844.jpg,crops/cam1_20260508_001844_r0_c1.jpg,3984,cam1_20260508_001847.jpg,crops/cam1_20260508_001847_r0_c1.jpg,7771,27.6,,56,48.4,0,0,0,0,0,0.0,0.0,792.0,0.0,13.5,6.8,0.0,0.0,,2026-05-08 06:18:48
germ-germinadorap-de5832|LOT-20260506-651F-005|r0_c1|rep0,LOT-20260506-651F-005:B1:R0,germ-germinadorap-de5832,LOT-20260506-651F-005,B1,0,1,0,Hierbabuena,,,,,,,2026-05-08 06:33:45,2026-05-06 20:48:22,33.76,2,cg_1778222023210_1,3987,cam1_20260508_003345.jpg,crops/cam1_20260508_003345_r0_c1.jpg,3989,cam1_20260508_003350.jpg,crops/cam1_20260508_003350_r0_c1.jpg,7788,27.6,,56,59.8,0,0,0,0,0,0.0,0.0,792.0,0.0,13.5,6.8,0.0,0.0,,2026-05-08 06:33:51
germ-germinadorap-de5832|LOT-20260506-651F-005|r0_c1|rep0,LOT-20260506-651F-005:B1:R0,germ-germinadorap-de5832,LOT-20260506-651F-005,B1,0,1,0,Hierbabuena,,,,,,,2026-05-08 06:48:45,2026-05-06 20:48:22,34.01,2,cg_1778222923211_1,3990,cam1_20260508_004844.jpg,crops/cam1_20260508_004844_r0_c1.jpg,3992,cam1_20260508_004847.jpg,crops/cam1_20260508_004847_r0_c1.jpg,7795,27.5,,57,49.4,0,0,0,0,0,0.0,0.0,792.0,0.0,13.5,6.8,0.0,0.0,,2026-05-08 06:48:48
germ-germinadorap-de5832|LOT-20260506-651F-005|r0_c1|rep0,LOT-20260506-651F-005:B1:R0,germ-germinadorap-de5832,LOT-20260506-651F-005,B1,0,1,0,Hierbabuena,,,,,,,2026-05-08 07:03:45,2026-05-06 20:48:22,34.26,2,cg_1778223823213_1,3995,cam1_20260508_010345.jpg,crops/cam1_20260508_010345_r0_c1.jpg,3997,cam1_20260508_010349.jpg,crops/cam1_20260508_010349_r0_c1.jpg,7812,27.6,,52,48.6,0,0,0,0,0,0.0,0.0,792.0,0.0,13.5,6.8,0.0,0.0,,2026-05-08 07:03:50
germ-germinadorap-de5832|LOT-20260506-651F-005|r0_c1|rep0,LOT-20260506-651F-005:B1:R0,germ-germinadorap-de5832,LOT-20260506-651F-005,B1,0,1,0,Hierbabuena,,,,,,,2026-05-08 07:18:45,2026-05-06 20:48:22,34.51,2,cg_1778224723215_1,3998,cam1_20260508_011844.jpg,crops/cam1_20260508_011844_r0_c1.jpg,4000,cam1_20260508_011847.jpg,crops/cam1_20260508_011847_r0_c1.jpg,7819,27.5,,54,56.3,0,0,0,0,0,0.0,0.0,792.0,0.0,13.5,6.8,0.0,0.0,,2026-05-08 07:18:48
germ-germinadorap-de5832|LOT-20260506-651F-005|r0_c1|rep0,LOT-20260506-651F-005:B1:R0,germ-germinadorap-de5832,LOT-20260506-651F-005,B1,0,1,0,Hierbabuena,,,,,,,2026-05-08 07:33:45,2026-05-06 20:48:22,34.76,2,cg_1778225623220_1,4002,cam1_20260508_013344.jpg,crops/cam1_20260508_013344_r0_c1.jpg,4004,cam1_20260508_013347.jpg,crops/cam1_20260508_013347_r0_c1.jpg,7831,27.6,,55,56.3,0,0,0,0,0,0.0,0.0,792.0,0.0,13.5,6.8,0.0,0.0,,2026-05-08 07:33:48
germ-germinadorap-de5832|LOT-20260506-651F-005|r0_c1|rep0,LOT-20260506-651F-005:B1:R0,germ-germinadorap-de5832,LOT-20260506-651F-005,B1,0,1,0,Hierbabuena,,,,,,,2026-05-08 07:48:45,2026-05-06 20:48:22,35.01,2,cg_1778226523222_1,4006,cam1_20260508_014844.jpg,crops/cam1_20260508_014844_r0_c1.jpg,4008,cam1_20260508_014847.jpg,crops/cam1_20260508_014847_r0_c1.jpg,7843,27.5,,56,54.5,0,0,0,0,0,0.0,0.0,792.0,0.0,13.5,6.8,0.0,0.0,,2026-05-08 07:48:48
germ-germinadorap-de5832|LOT-20260506-651F-005|r0_c1|rep0,LOT-20260506-651F-005:B1:R0,germ-germinadorap-de5832,LOT-20260506-651F-005,B1,0,1,0,Hierbabuena,,,,,,,2026-05-08 08:03:45,2026-05-06 20:48:22,35.26,2,cg_1778227423224_1,4011,cam1_20260508_020344.jpg,crops/cam1_20260508_020344_r0_c1.jpg,4013,cam1_20260508_020349.jpg,crops/cam1_20260508_020349_r0_c1.jpg,7860,27.6,,55,48,0,0,0,0,0,0.0,0.0,792.0,0.0,13.6,6.8,0.0,0.0,,2026-05-08 08:03:50
germ-germinadorap-de5832|LOT-20260506-651F-005|r0_c1|rep0,LOT-20260506-651F-005:B1:R0,germ-germinadorap-de5832,LOT-20260506-651F-005,B1,0,1,0,Hierbabuena,,,,,,,2026-05-08 08:18:45,2026-05-06 20:48:22,35.51,2,cg_1778228323228_1,4014,cam1_20260508_021844.jpg,crops/cam1_20260508_021844_r0_c1.jpg,4016,cam1_20260508_021847.jpg,crops/cam1_20260508_021847_r0_c1.jpg,7867,27.5,,53,47.5,0,0,0,0,0,0.0,0.0,792.0,0.0,13.8,6.9,0.0,0.0,,2026-05-08 08:18:48
germ-germinadorap-de5832|LOT-20260506-651F-005|r0_c1|rep0,LOT-20260506-651F-005:B1:R0,germ-germinadorap-de5832,LOT-20260506-651F-005,B1,0,1,0,Hierbabuena,,,,,,,2026-05-08 08:33:45,2026-05-06 20:48:22,35.76,2,cg_1778229223233_1,4019,cam1_20260508_023344.jpg,crops/cam1_20260508_023344_r0_c1.jpg,4021,cam1_20260508_023349.jpg,crops/cam1_20260508_023349_r0_c1.jpg,7884,27.6,,55,47.8,0,0,0,0,0,0.0,0.0,792.0,0.0,14.1,7.0,0.0,0.0,,2026-05-08 08:33:50
germ-germinadorap-de5832|LOT-20260506-651F-005|r0_c1|rep0,LOT-20260506-651F-005:B1:R0,germ-germinadorap-de5832,LOT-20260506-651F-005,B1,0,1,0,Hierbabuena,,,,,,,2026-05-08 08:48:45,2026-05-06 20:48:22,36.01,2,cg_1778230123235_1,4022,cam1_20260508_024844.jpg,crops/cam1_20260508_024844_r0_c1.jpg,4024,cam1_20260508_024847.jpg,crops/cam1_20260508_024847_r0_c1.jpg,7891,27.6,,55,51.8,0,0,0,0,0,0.0,0.0,792.0,0.0,14.3,7.2,0.0,0.0,,2026-05-08 08:48:48
germ-germinadorap-de5832|LOT-20260506-651F-005|r0_c1|rep0,LOT-20260506-651F-005:B1:R0,germ-germinadorap-de5832,LOT-20260506-651F-005,B1,0,1,0,Hierbabuena,,,,,,,2026-05-08 09:03:45,2026-05-06 20:48:22,36.26,2,cg_1778231023242_1,4026,cam1_20260508_030344.jpg,crops/cam1_20260508_030344_r0_c1.jpg,4028,cam1_20260508_030347.jpg,crops/cam1_20260508_030347_r0_c1.jpg,7903,27.6,,54,49.5,0,0,0,0,0,0.0,0.0,792.0,0.0,14.6,7.3,0.0,0.0,,2026-05-08 09:03:48
germ-germinadorap-de5832|LOT-20260506-651F-005|r0_c1|rep0,LOT-20260506-651F-005:B1:R0,germ-germinadorap-de5832,LOT-20260506-651F-005,B1,0,1,0,Hierbabuena,,,,,,,2026-05-08 09:18:45,2026-05-06 20:48:22,36.51,2,cg_1778231923242_1,4031,cam1_20260508_031844.jpg,crops/cam1_20260508_031844_r0_c1.jpg,4033,cam1_20260508_031849.jpg,crops/cam1_20260508_031849_r0_c1.jpg,7920,27.6,,53,49.6,0,0,0,0,0,0.0,0.0,792.0,0.0,14.8,7.4,0.0,0.0,,2026-05-08 09:18:50
germ-germinadorap-de5832|LOT-20260506-651F-005|r0_c1|rep0,LOT-20260506-651F-005:B1:R0,germ-germinadorap-de5832,LOT-20260506-651F-005,B1,0,1,0,Hierbabuena,,,,,,,2026-05-08 09:33:45,2026-05-06 20:48:22,36.76,2,cg_1778232823245_1,4034,cam1_20260508_033344.jpg,crops/cam1_20260508_033344_r0_c1.jpg,4036,cam1_20260508_033347.jpg,crops/cam1_20260508_033347_r0_c1.jpg,7927,27.6,,55,48.4,0,0,0,0,0,0.0,0.0,792.0,0.0,15.1,7.5,0.0,0.0,,2026-05-08 09:33:48
germ-germinadorap-de5832|LOT-20260506-651F-005|r0_c1|rep0,LOT-20260506-651F-005:B1:R0,germ-germinadorap-de5832,LOT-20260506-651F-005,B1,0,1,0,Hierbabuena,,,,,,,2026-05-08 09:48:45,2026-05-06 20:48:22,37.01,2,cg_1778233723250_1,4038,cam1_20260508_034844.jpg,crops/cam1_20260508_034844_r0_c1.jpg,4040,cam1_20260508_034847.jpg,crops/cam1_20260508_034847_r0_c1.jpg,7939,27.6,,54,48.5,0,0,0,0,0,0.0,0.0,792.0,0.0,15.3,7.7,0.0,0.0,,2026-05-08 09:48:48
germ-germinadorap-de5832|LOT-20260506-651F-005|r0_c1|rep0,LOT-20260506-651F-005:B1:R0,germ-germinadorap-de5832,LOT-20260506-651F-005,B1,0,1,0,Hierbabuena,,,,,,,2026-05-08 10:03:45,2026-05-06 20:48:22,37.26,2,cg_1778234623252_1,4043,cam1_20260508_040344.jpg,crops/cam1_20260508_040344_r0_c1.jpg,4045,cam1_20260508_040349.jpg,crops/cam1_20260508_040349_r0_c1.jpg,7956,27.5,,53,49.1,0,0,0,0,0,0.0,0.0,792.0,0.0,15.6,7.8,0.0,0.0,,2026-05-08 10:03:50
germ-germinadorap-de5832|LOT-20260506-651F-005|r0_c1|rep0,LOT-20260506-651F-005:B1:R0,germ-germinadorap-de5832,LOT-20260506-651F-005,B1,0,1,0,Hierbabuena,,,,,,,2026-05-08 10:18:45,2026-05-06 20:48:22,37.51,2,cg_1778235523253_1,4046,cam1_20260508_041844.jpg,crops/cam1_20260508_041844_r0_c1.jpg,4048,cam1_20260508_041847.jpg,crops/cam1_20260508_041847_r0_c1.jpg,7963,27.6,,54,48.2,0,0,0,0,0,0.0,0.0,792.0,0.0,15.8,7.9,0.0,0.0,,2026-05-08 10:18:48
germ-germinadorap-de5832|LOT-20260506-651F-005|r0_c1|rep0,LOT-20260506-651F-005:B1:R0,germ-germinadorap-de5832,LOT-20260506-651F-005,B1,0,1,0,Hierbabuena,,,,,,,2026-05-08 10:33:45,2026-05-06 20:48:22,37.76,2,cg_1778236423295_1,4050,cam1_20260508_043344.jpg,crops/cam1_20260508_043344_r0_c1.jpg,4052,cam1_20260508_043347.jpg,crops/cam1_20260508_043347_r0_c1.jpg,7975,27.5,,55,48.1,0,0,0,0,0,0.0,0.0,792.0,0.0,16.1,8.0,0.0,0.0,,2026-05-08 10:33:48
germ-germinadorap-de5832|LOT-20260506-651F-005|r0_c1|rep0,LOT-20260506-651F-005:B1:R0,germ-germinadorap-de5832,LOT-20260506-651F-005,B1,0,1,0,Hierbabuena,,,,,,,2026-05-08 10:48:45,2026-05-06 20:48:22,38.01,2,cg_1778237323256_1,4054,cam1_20260508_044844.jpg,crops/cam1_20260508_044844_r0_c1.jpg,4056,cam1_20260508_044847.jpg,crops/cam1_20260508_044847_r0_c1.jpg,7987,27.6,,54,47.5,0,0,0,0,0,0.0,0.0,792.0,0.0,16.3,8.2,0.0,0.0,,2026-05-08 10:48:48
germ-germinadorap-de5832|LOT-20260506-651F-005|r0_c1|rep0,LOT-20260506-651F-005:B1:R0,germ-germinadorap-de5832,LOT-20260506-651F-005,B1,0,1,0,Hierbabuena,,,,,,,2026-05-08 11:03:45,2026-05-06 20:48:22,38.26,2,cg_1778238223261_1,4058,cam1_20260508_050344.jpg,crops/cam1_20260508_050344_r0_c1.jpg,4060,cam1_20260508_050347.jpg,crops/cam1_20260508_050347_r0_c1.jpg,7999,27.5,,54,47.8,0,0,0,0,0,0.0,0.0,792.0,0.0,16.5,8.3,0.0,0.0,,2026-05-08 11:03:48
germ-germinadorap-de5832|LOT-20260506-651F-005|r0_c1|rep0,LOT-20260506-651F-005:B1:R0,germ-germinadorap-de5832,LOT-20260506-651F-005,B1,0,1,0,Hierbabuena,,,,,,,2026-05-08 11:18:45,2026-05-06 20:48:22,38.51,2,cg_1778239123262_1,4062,cam1_20260508_051844.jpg,crops/cam1_20260508_051844_r0_c1.jpg,4064,cam1_20260508_051847.jpg,crops/cam1_20260508_051847_r0_c1.jpg,8011,27.5,,53,47.9,0,0,0,0,0,0.0,0.0,793.0,0.0,16.8,8.4,0.0,0.0,,2026-05-08 11:18:48
germ-germinadorap-de5832|LOT-20260506-651F-005|r0_c1|rep0,LOT-20260506-651F-005:B1:R0,germ-germinadorap-de5832,LOT-20260506-651F-005,B1,0,1,0,Hierbabuena,,,,,,,2026-05-08 11:33:45,2026-05-06 20:48:22,38.76,2,cg_1778240023263_1,4066,cam1_20260508_053344.jpg,crops/cam1_20260508_053344_r0_c1.jpg,4068,cam1_20260508_053347.jpg,crops/cam1_20260508_053347_r0_c1.jpg,8023,27.5,,53,47.7,0,0,0,0,0,0.0,0.0,793.0,0.0,17.0,8.5,0.0,0.0,,2026-05-08 11:33:48
germ-germinadorap-de5832|LOT-20260506-651F-005|r0_c1|rep0,LOT-20260506-651F-005:B1:R0,germ-germinadorap-de5832,LOT-20260506-651F-005,B1,0,1,0,Hierbabuena,,,,,,,2026-05-08 11:48:45,2026-05-06 20:48:22,39.01,2,cg_1778240923264_1,4071,cam1_20260508_054844.jpg,crops/cam1_20260508_054844_r0_c1.jpg,4073,cam1_20260508_054849.jpg,crops/cam1_20260508_054849_r0_c1.jpg,8040,27.5,,54,47.9,0,0,0,0,0,0.0,0.0,793.0,0.0,17.3,8.6,0.0,0.0,,2026-05-08 11:48:50
germ-germinadorap-de5832|LOT-20260506-651F-005|r0_c1|rep0,LOT-20260506-651F-005:B1:R0,germ-germinadorap-de5832,LOT-20260506-651F-005,B1,0,1,0,Hierbabuena,,,,,,,2026-05-08 12:03:45,2026-05-06 20:48:22,39.26,2,cg_1778241823265_1,4075,cam1_20260508_060344.jpg,crops/cam1_20260508_060344_r0_c1.jpg,4077,cam1_20260508_060349.jpg,crops/cam1_20260508_060349_r0_c1.jpg,8052,27.5,,55,47.5,0,0,0,0,0,0.0,0.0,793.0,0.0,17.5,8.8,0.0,0.0,,2026-05-08 12:03:50
germ-germinadorap-de5832|LOT-20260506-651F-005|r0_c1|rep0,LOT-20260506-651F-005:B1:R0,germ-germinadorap-de5832,LOT-20260506-651F-005,B1,0,1,0,Hierbabuena,,,,,,,2026-05-08 12:18:45,2026-05-06 20:48:22,39.51,2,cg_1778242723270_1,4079,cam1_20260508_061844.jpg,crops/cam1_20260508_061844_r0_c1.jpg,4081,cam1_20260508_061849.jpg,crops/cam1_20260508_061849_r0_c1.jpg,8064,27.5,,54,47.5,0,0,0,0,0,0.0,0.0,793.0,0.0,17.8,8.9,0.0,0.0,,2026-05-08 12:18:50
germ-germinadorap-de5832|LOT-20260506-651F-005|r0_c1|rep0,LOT-20260506-651F-005:B1:R0,germ-germinadorap-de5832,LOT-20260506-651F-005,B1,0,1,0,Hierbabuena,,,,,,,2026-05-08 12:33:45,2026-05-06 20:48:22,39.76,2,cg_1778243623278_1,4082,cam1_20260508_063344.jpg,crops/cam1_20260508_063344_r0_c1.jpg,4084,cam1_20260508_063347.jpg,crops/cam1_20260508_063347_r0_c1.jpg,8071,27.5,,52,47.2,0,0,0,0,0,0.0,0.0,793.0,0.0,18.0,9.0,0.0,0.0,,2026-05-08 12:33:48
germ-germinadorap-de5832|LOT-20260506-651F-005|r0_c1|rep0,LOT-20260506-651F-005:B1:R0,germ-germinadorap-de5832,LOT-20260506-651F-005,B1,0,1,0,Hierbabuena,,,,,,,2026-05-08 12:48:45,2026-05-06 20:48:22,40.01,2,cg_1778244523288_1,4086,cam1_20260508_064844.jpg,crops/cam1_20260508_064844_r0_c1.jpg,4088,cam1_20260508_064847.jpg,crops/cam1_20260508_064847_r0_c1.jpg,8083,27.5,,50,46.7,0,0,0,0,0,0.0,0.0,793.0,0.0,18.3,9.1,0.0,0.0,,2026-05-08 12:48:48
germ-germinadorap-de5832|LOT-20260506-651F-005|r0_c1|rep0,LOT-20260506-651F-005:B1:R0,germ-germinadorap-de5832,LOT-20260506-651F-005,B1,0,1,0,Hierbabuena,,,,,,,2026-05-08 13:03:45,2026-05-06 20:48:22,40.26,2,cg_1778245423296_1,4091,cam1_20260508_070344.jpg,crops/cam1_20260508_070344_r0_c1.jpg,4093,cam1_20260508_070349.jpg,crops/cam1_20260508_070349_r0_c1.jpg,8100,27.3,,51,47,0,0,0,0,0,0.0,0.0,793.0,0.0,18.5,9.3,0.0,0.0,,2026-05-08 13:03:50
germ-germinadorap-de5832|LOT-20260506-651F-005|r0_c1|rep0,LOT-20260506-651F-005:B1:R0,germ-germinadorap-de5832,LOT-20260506-651F-005,B1,0,1,0,Hierbabuena,,,,,,,2026-05-08 13:18:45,2026-05-06 20:48:22,40.51,2,cg_1778246323305_1,4095,cam1_20260508_071844.jpg,crops/cam1_20260508_071844_r0_c1.jpg,4097,cam1_20260508_071849.jpg,crops/cam1_20260508_071849_r0_c1.jpg,8112,27.2,,51,46.5,0,0,0,0,0,0.0,0.0,793.0,0.0,18.8,9.4,0.0,0.0,,2026-05-08 13:18:50
germ-germinadorap-de5832|LOT-20260506-651F-005|r0_c1|rep0,LOT-20260506-651F-005:B1:R0,germ-germinadorap-de5832,LOT-20260506-651F-005,B1,0,1,0,Hierbabuena,,,,,,,2026-05-08 13:33:45,2026-05-06 20:48:22,40.76,2,cg_1778247223311_1,4099,cam1_20260508_073344.jpg,crops/cam1_20260508_073344_r0_c1.jpg,4101,cam1_20260508_073349.jpg,crops/cam1_20260508_073349_r0_c1.jpg,8124,27.2,,51,46.4,0,0,0,0,0,0.0,0.0,793.0,0.0,19.0,9.5,0.0,0.0,,2026-05-08 13:33:50
germ-germinadorap-de5832|LOT-20260506-651F-005|r0_c1|rep0,LOT-20260506-651F-005:B1:R0,germ-germinadorap-de5832,LOT-20260506-651F-005,B1,0,1,0,Hierbabuena,,,,,,,2026-05-08 13:48:45,2026-05-06 20:48:22,41.01,2,cg_1778248123314_1,4102,cam1_20260508_074844.jpg,crops/cam1_20260508_074844_r0_c1.jpg,4104,cam1_20260508_074847.jpg,crops/cam1_20260508_074847_r0_c1.jpg,8131,27.2,,53,45.7,0,0,0,0,0,0.0,0.0,793.0,0.0,19.3,9.6,0.0,0.0,,2026-05-08 13:48:48
germ-germinadorap-de5832|LOT-20260506-651F-005|r0_c1|rep0,LOT-20260506-651F-005:B1:R0,germ-germinadorap-de5832,LOT-20260506-651F-005,B1,0,1,0,Hierbabuena,,,,,,,2026-05-08 14:03:45,2026-05-06 20:48:22,41.26,2,cg_1778249023327_1,4107,cam1_20260508_080344.jpg,crops/cam1_20260508_080344_r0_c1.jpg,4109,cam1_20260508_080349.jpg,crops/cam1_20260508_080349_r0_c1.jpg,8148,27.4,,52,45.8,0,0,0,0,0,0.0,0.0,797.0,0.0,19.5,9.8,0.0,0.0,,2026-05-08 14:03:50
germ-germinadorap-de5832|LOT-20260506-651F-005|r0_c1|rep0,LOT-20260506-651F-005:B1:R0,germ-germinadorap-de5832,LOT-20260506-651F-005,B1,0,1,0,Hierbabuena,,,,,,,2026-05-08 14:18:45,2026-05-06 20:48:22,41.51,2,cg_1778249923336_1,4111,cam1_20260508_081844.jpg,crops/cam1_20260508_081844_r0_c1.jpg,4113,cam1_20260508_081849.jpg,crops/cam1_20260508_081849_r0_c1.jpg,8160,27.7,,49,44.7,0,0,0,0,0,0.0,0.0,811.0,0.0,19.8,9.9,0.0,0.0,,2026-05-08 14:18:50
germ-germinadorap-de5832|LOT-20260506-651F-005|r0_c1|rep0,LOT-20260506-651F-005:B1:R0,germ-germinadorap-de5832,LOT-20260506-651F-005,B1,0,1,0,Hierbabuena,,,,,,,2026-05-08 14:33:45,2026-05-06 20:48:22,41.76,2,cg_1778250823341_1,4115,cam1_20260508_083345.jpg,crops/cam1_20260508_083345_r0_c1.jpg,4117,cam1_20260508_083349.jpg,crops/cam1_20260508_083349_r0_c1.jpg,8172,28,,50,44.6,0,0,0,0,0,0.0,0.0,826.0,0.0,20.0,10.0,0.0,0.0,,2026-05-08 14:33:50
germ-germinadorap-de5832|LOT-20260506-651F-005|r0_c1|rep0,LOT-20260506-651F-005:B1:R0,germ-germinadorap-de5832,LOT-20260506-651F-005,B1,0,1,0,Hierbabuena,,,,,,,2026-05-08 14:48:45,2026-05-06 20:48:22,42.01,2,cg_1778251723351_1,4119,cam1_20260508_084844.jpg,crops/cam1_20260508_084844_r0_c1.jpg,4121,cam1_20260508_084849.jpg,crops/cam1_20260508_084849_r0_c1.jpg,8184,28.5,,49,44.5,0,0,0,0,0,0.0,0.0,841.0,0.0,20.3,10.1,0.0,0.0,,2026-05-08 14:48:50
germ-germinadorap-de5832|LOT-20260506-651F-005|r0_c1|rep0,LOT-20260506-651F-005:B1:R0,germ-germinadorap-de5832,LOT-20260506-651F-005,B1,0,1,0,Hierbabuena,,,,,,,2026-05-08 15:03:45,2026-05-06 20:48:22,42.26,2,cg_1778252623359_1,4123,cam1_20260508_090344.jpg,crops/cam1_20260508_090344_r0_c1.jpg,4125,cam1_20260508_090349.jpg,crops/cam1_20260508_090349_r0_c1.jpg,8196,28.8,,49,44.6,0,0,0,0,0,0.0,0.0,856.0,0.0,20.5,10.3,0.0,0.0,,2026-05-08 15:03:50
germ-germinadorap-de5832|LOT-20260506-651F-005|r0_c1|rep0,LOT-20260506-651F-005:B1:R0,germ-germinadorap-de5832,LOT-20260506-651F-005,B1,0,1,0,Hierbabuena,,,,,,,2026-05-08 15:18:45,2026-05-06 20:48:22,42.51,2,cg_1778253523369_1,4127,cam1_20260508_091845.jpg,crops/cam1_20260508_091845_r0_c1.jpg,4129,cam1_20260508_091849.jpg,crops/cam1_20260508_091849_r0_c1.jpg,8208,28.8,,42,44.3,0,0,0,0,0,0.0,0.0,871.0,0.0,20.8,10.4,0.0,0.0,,2026-05-08 15:18:50
germ-germinadorap-de5832|LOT-20260506-651F-005|r0_c1|rep0,LOT-20260506-651F-005:B1:R0,germ-germinadorap-de5832,LOT-20260506-651F-005,B1,0,1,0,Hierbabuena,,,,,,,2026-05-08 15:33:45,2026-05-06 20:48:22,42.76,2,cg_1778254423376_1,4131,cam1_20260508_093345.jpg,crops/cam1_20260508_093345_r0_c1.jpg,4133,cam1_20260508_093349.jpg,crops/cam1_20260508_093349_r0_c1.jpg,8220,28.7,,42,44.3,0,0,0,0,0,0.0,0.0,886.0,0.0,21.0,10.5,0.0,0.0,,2026-05-08 15:33:50
germ-germinadorap-de5832|LOT-20260506-651F-005|r0_c1|rep0,LOT-20260506-651F-005:B1:R0,germ-germinadorap-de5832,LOT-20260506-651F-005,B1,0,1,0,Hierbabuena,,,,,,,2026-05-08 15:48:45,2026-05-06 20:48:22,43.01,2,cg_1778255323379_1,4135,cam1_20260508_094845.jpg,crops/cam1_20260508_094845_r0_c1.jpg,4137,cam1_20260508_094849.jpg,crops/cam1_20260508_094849_r0_c1.jpg,8232,28.7,,41,43.8,0,0,0,0,0,0.0,0.0,901.0,0.0,21.3,10.6,0.0,0.0,,2026-05-08 15:48:50
germ-germinadorap-de5832|LOT-20260506-651F-005|r0_c1|rep0,LOT-20260506-651F-005:B1:R0,germ-germinadorap-de5832,LOT-20260506-651F-005,B1,0,1,0,Hierbabuena,,,,,,,2026-05-08 16:03:45,2026-05-06 20:48:22,43.26,2,cg_1778256223388_1,4139,cam1_20260508_100345.jpg,crops/cam1_20260508_100345_r0_c1.jpg,4141,cam1_20260508_100349.jpg,crops/cam1_20260508_100349_r0_c1.jpg,8244,28.8,,41,42.9,0,0,0,0,0,0.0,0.0,916.0,0.0,21.5,10.8,0.0,0.0,,2026-05-08 16:03:50
germ-germinadorap-de5832|LOT-20260506-651F-005|r0_c1|rep0,LOT-20260506-651F-005:B1:R0,germ-germinadorap-de5832,LOT-20260506-651F-005,B1,0,1,0,Hierbabuena,,,,,,,2026-05-08 16:18:45,2026-05-06 20:48:22,43.51,2,cg_1778257123396_1,4143,cam1_20260508_101845.jpg,crops/cam1_20260508_101845_r0_c1.jpg,4145,cam1_20260508_101849.jpg,crops/cam1_20260508_101849_r0_c1.jpg,8256,28.9,,42,44.1,0,0,0,0,0,0.0,0.0,931.0,0.0,21.8,10.9,0.0,0.0,,2026-05-08 16:18:50
germ-germinadorap-de5832|LOT-20260506-651F-005|r0_c1|rep0,LOT-20260506-651F-005:B1:R0,germ-germinadorap-de5832,LOT-20260506-651F-005,B1,0,1,0,Hierbabuena,,,,,,,2026-05-08 16:33:45,2026-05-06 20:48:22,43.76,2,cg_1778258023405_1,4147,cam1_20260508_103345.jpg,crops/cam1_20260508_103345_r0_c1.jpg,4149,cam1_20260508_103349.jpg,crops/cam1_20260508_103349_r0_c1.jpg,8268,28.7,,40,43.2,0,0,0,0,0,0.0,0.0,946.0,0.0,22.0,11.0,0.0,0.0,,2026-05-08 16:33:50
germ-germinadorap-de5832|LOT-20260506-651F-005|r0_c1|rep0,LOT-20260506-651F-005:B1:R0,germ-germinadorap-de5832,LOT-20260506-651F-005,B1,0,1,0,Hierbabuena,,,,,,,2026-05-08 16:48:45,2026-05-06 20:48:22,44.01,2,cg_1778258923417_1,4151,cam1_20260508_104845.jpg,crops/cam1_20260508_104845_r0_c1.jpg,4153,cam1_20260508_104849.jpg,crops/cam1_20260508_104849_r0_c1.jpg,8280,28.1,,39,42.5,0,0,0,0,0,0.0,0.0,961.0,0.0,22.3,11.1,0.0,0.0,,2026-05-08 16:48:50
germ-germinadorap-de5832|LOT-20260506-651F-005|r0_c1|rep0,LOT-20260506-651F-005:B1:R0,germ-germinadorap-de5832,LOT-20260506-651F-005,B1,0,1,0,Hierbabuena,,,,,,,2026-05-08 17:03:45,2026-05-06 20:48:22,44.26,2,cg_1778259823421_1,4155,cam1_20260508_110345.jpg,crops/cam1_20260508_110345_r0_c1.jpg,4157,cam1_20260508_110349.jpg,crops/cam1_20260508_110349_r0_c1.jpg,8292,27.8,,38,41.9,0,0,0,0,0,0.0,0.0,975.0,0.0,22.5,11.3,0.0,0.0,,2026-05-08 17:03:50
germ-germinadorap-de5832|LOT-20260506-651F-005|r0_c1|rep0,LOT-20260506-651F-005:B1:R0,germ-germinadorap-de5832,LOT-20260506-651F-005,B1,0,1,0,Hierbabuena,,,,,,,2026-05-08 17:18:45,2026-05-06 20:48:22,44.51,2,cg_1778260723427_1,4159,cam1_20260508_111845.jpg,crops/cam1_20260508_111845_r0_c1.jpg,4161,cam1_20260508_111849.jpg,crops/cam1_20260508_111849_r0_c1.jpg,8304,27.6,,36,41.7,0,0,0,0,0,0.0,0.0,990.0,0.0,22.8,11.4,0.0,0.0,,2026-05-08 17:18:50
germ-germinadorap-de5832|LOT-20260506-651F-005|r0_c1|rep0,LOT-20260506-651F-005:B1:R0,germ-germinadorap-de5832,LOT-20260506-651F-005,B1,0,1,0,Hierbabuena,,,,,,,2026-05-08 17:33:45,2026-05-06 20:48:22,44.76,2,cg_1778261623430_1,4163,cam1_20260508_113345.jpg,crops/cam1_20260508_113345_r0_c1.jpg,4165,cam1_20260508_113350.jpg,crops/cam1_20260508_113350_r0_c1.jpg,8316,27.4,,37,61.6,0,0,0,0,0,0.0,0.0,1005.0,0.0,23.0,11.5,0.0,0.0,,2026-05-08 17:33:52
germ-germinadorap-de5832|LOT-20260506-651F-005|r0_c1|rep0,LOT-20260506-651F-005:B1:R0,germ-germinadorap-de5832,LOT-20260506-651F-005,B1,0,1,0,Hierbabuena,,,,,,,2026-05-08 17:48:45,2026-05-06 20:48:22,45.01,2,cg_1778262523437_1,4166,cam1_20260508_114845.jpg,crops/cam1_20260508_114845_r0_c1.jpg,4168,cam1_20260508_114848.jpg,crops/cam1_20260508_114848_r0_c1.jpg,8323,27.3,,39,52.7,0,0,0,0,0,0.0,0.0,1020.0,0.0,23.3,11.6,0.0,0.0,,2026-05-08 17:48:49
germ-germinadorap-de5832|LOT-20260506-651F-005|r0_c1|rep0,LOT-20260506-651F-005:B1:R0,germ-germinadorap-de5832,LOT-20260506-651F-005,B1,0,1,0,Hierbabuena,,,,,,,2026-05-08 18:03:45,2026-05-06 20:48:22,45.26,2,cg_1778263423448_1,4171,cam1_20260508_120344.jpg,crops/cam1_20260508_120344_r0_c1.jpg,4173,cam1_20260508_120349.jpg,crops/cam1_20260508_120349_r0_c1.jpg,8340,27.4,,39,100,0,0,0,0,0,0.0,0.0,1035.0,0.0,23.5,11.8,0.0,0.0,,2026-05-08 18:03:50
germ-germinadorap-de5832|LOT-20260506-651F-005|r0_c1|rep0,LOT-20260506-651F-005:B1:R0,germ-germinadorap-de5832,LOT-20260506-651F-005,B1,0,1,0,Hierbabuena,,,,,,,2026-05-08 18:18:45,2026-05-06 20:48:22,45.51,2,cg_1778264323453_1,4175,cam1_20260508_121845.jpg,crops/cam1_20260508_121845_r0_c1.jpg,4177,cam1_20260508_121849.jpg,crops/cam1_20260508_121849_r0_c1.jpg,8352,27.2,,39,100,0,0,0,0,0,0.0,0.0,1050.0,0.0,23.8,11.9,0.0,0.0,,2026-05-08 18:18:50
germ-germinadorap-de5832|LOT-20260506-651F-005|r0_c1|rep0,LOT-20260506-651F-005:B1:R0,germ-germinadorap-de5832,LOT-20260506-651F-005,B1,0,1,0,Hierbabuena,,,,,,,2026-05-08 18:34:21,2026-05-06 20:48:22,45.77,2,cg_1778265259130_1,4179,cam1_20260508_123420.jpg,crops/cam1_20260508_123420_r0_c1.jpg,4181,cam1_20260508_123425.jpg,crops/cam1_20260508_123425_r0_c1.jpg,8364,27.3,,37,83.3,0,0,0,0,0,0.0,0.0,1065.0,0.0,24.0,12.0,0.0,0.0,,2026-05-08 18:34:26
germ-germinadorap-de5832|LOT-20260506-651F-005|r0_c1|rep0,LOT-20260506-651F-005:B1:R0,germ-germinadorap-de5832,LOT-20260506-651F-005,B1,0,1,0,Hierbabuena,,,,,,,2026-05-08 18:49:21,2026-05-06 20:48:22,46.02,2,cg_1778266159131_1,4183,cam1_20260508_124920.jpg,crops/cam1_20260508_124920_r0_c1.jpg,4185,cam1_20260508_124925.jpg,crops/cam1_20260508_124925_r0_c1.jpg,8376,27.5,,36,100,0,0,0,0,0,0.0,0.0,1080.0,0.0,24.3,12.1,0.0,0.0,,2026-05-08 18:49:26
germ-germinadorap-de5832|LOT-20260506-651F-005|r0_c1|rep0,LOT-20260506-651F-005:B1:R0,germ-germinadorap-de5832,LOT-20260506-651F-005,B1,0,1,0,Hierbabuena,,,,,,,2026-05-08 19:04:21,2026-05-06 20:48:22,46.27,2,cg_1778267059132_1,4187,cam1_20260508_130420.jpg,crops/cam1_20260508_130420_r0_c1.jpg,4189,cam1_20260508_130425.jpg,crops/cam1_20260508_130425_r0_c1.jpg,8388,27.4,,37,77.8,0,0,0,0,0,0.0,0.0,1095.0,0.0,24.5,12.3,0.0,0.0,,2026-05-08 19:04:26
germ-germinadorap-de5832|LOT-20260506-651F-005|r0_c1|rep0,LOT-20260506-651F-005:B1:R0,germ-germinadorap-de5832,LOT-20260506-651F-005,B1,0,1,0,Hierbabuena,,,,,,,2026-05-08 19:19:21,2026-05-06 20:48:22,46.52,2,cg_1778267959132_1,4191,cam1_20260508_131920.jpg,crops/cam1_20260508_131920_r0_c1.jpg,4193,cam1_20260508_131925.jpg,crops/cam1_20260508_131925_r0_c1.jpg,8400,27.2,,37,100,0,0,0,0,0,0.0,0.0,1110.0,0.0,24.8,12.4,0.0,0.0,,2026-05-08 19:19:26
germ-germinadorap-de5832|LOT-20260506-651F-005|r0_c1|rep0,LOT-20260506-651F-005:B1:R0,germ-germinadorap-de5832,LOT-20260506-651F-005,B1,0,1,0,Hierbabuena,,,,,,,2026-05-08 19:34:21,2026-05-06 20:48:22,46.77,2,cg_1778268859136_1,4195,cam1_20260508_133420.jpg,crops/cam1_20260508_133420_r0_c1.jpg,4197,cam1_20260508_133425.jpg,crops/cam1_20260508_133425_r0_c1.jpg,8412,27.2,,37,72.3,0,0,0,0,0,0.0,0.0,1125.0,0.0,25.0,12.5,0.0,0.0,,2026-05-08 19:34:26
germ-germinadorap-de5832|LOT-20260506-651F-005|r0_c1|rep0,LOT-20260506-651F-005:B1:R0,germ-germinadorap-de5832,LOT-20260506-651F-005,B1,0,1,0,Hierbabuena,,,,,,,2026-05-08 19:49:21,2026-05-06 20:48:22,47.02,2,cg_1778269759136_1,4199,cam1_20260508_134920.jpg,crops/cam1_20260508_134920_r0_c1.jpg,4201,cam1_20260508_134927.jpg,crops/cam1_20260508_134927_r0_c1.jpg,8424,27.3,,37,61.6,0,0,0,0,0,0.0,0.0,1140.0,0.0,25.3,12.6,0.0,0.0,,2026-05-08 19:49:28
germ-germinadorap-de5832|LOT-20260506-651F-005|r0_c1|rep0,LOT-20260506-651F-005:B1:R0,germ-germinadorap-de5832,LOT-20260506-651F-005,B1,0,1,0,Hierbabuena,,,,,,,2026-05-08 20:04:21,2026-05-06 20:48:22,47.27,2,cg_1778270659137_1,4203,cam1_20260508_140420.jpg,crops/cam1_20260508_140420_r0_c1.jpg,4205,cam1_20260508_140425.jpg,crops/cam1_20260508_140425_r0_c1.jpg,8436,27.3,,37,100,0,0,0,0,0,0.0,0.0,1155.0,0.0,25.4,12.7,0.0,0.0,,2026-05-08 20:04:26
germ-germinadorap-de5832|LOT-20260506-651F-005|r0_c1|rep0,LOT-20260506-651F-005:B1:R0,germ-germinadorap-de5832,LOT-20260506-651F-005,B1,0,1,0,Hierbabuena,,,,,,,2026-05-08 20:19:21,2026-05-06 20:48:22,47.52,2,cg_1778271559139_1,4207,cam1_20260508_141920.jpg,crops/cam1_20260508_141920_r0_c1.jpg,4209,cam1_20260508_141925.jpg,crops/cam1_20260508_141925_r0_c1.jpg,8448,27.2,,38,100,0,0,0,0,0,0.0,0.0,1170.0,0.0,25.4,12.7,0.0,0.0,,2026-05-08 20:19:26
germ-germinadorap-de5832|LOT-20260506-651F-005|r0_c1|rep0,LOT-20260506-651F-005:B1:R0,germ-germinadorap-de5832,LOT-20260506-651F-005,B1,0,1,0,Hierbabuena,,,,,,,2026-05-08 20:34:21,2026-05-06 20:48:22,47.77,2,cg_1778272459141_1,4211,cam1_20260508_143420.jpg,crops/cam1_20260508_143420_r0_c1.jpg,4213,cam1_20260508_143424.jpg,crops/cam1_20260508_143424_r0_c1.jpg,8460,27.2,,39,100,0,0,0,0,0,0.0,0.0,1185.0,0.0,25.4,12.7,0.0,0.0,,2026-05-08 20:34:25
germ-germinadorap-de5832|LOT-20260506-651F-005|r0_c1|rep0,LOT-20260506-651F-005:B1:R0,germ-germinadorap-de5832,LOT-20260506-651F-005,B1,0,1,0,Hierbabuena,,,,,,,2026-05-08 20:49:21,2026-05-06 20:48:22,48.02,3,cg_1778273359148_1,4215,cam1_20260508_144920.jpg,crops/cam1_20260508_144920_r0_c1.jpg,4217,cam1_20260508_144925.jpg,crops/cam1_20260508_144925_r0_c1.jpg,8472,27.2,,37,100,0,0,0,0,0,0.0,0.0,1200.0,0.0,25.4,8.5,0.0,0.0,,2026-05-08 20:49:26
germ-germinadorap-de5832|LOT-20260506-651F-005|r0_c1|rep0,LOT-20260506-651F-005:B1:R0,germ-germinadorap-de5832,LOT-20260506-651F-005,B1,0,1,0,Hierbabuena,,,,,,,2026-05-08 21:04:21,2026-05-06 20:48:22,48.27,3,cg_1778274259154_1,4219,cam1_20260508_150420.jpg,crops/cam1_20260508_150420_r0_c1.jpg,4221,cam1_20260508_150425.jpg,crops/cam1_20260508_150425_r0_c1.jpg,8484,27.3,,39,100,0,0,0,0,0,0.0,0.0,1215.0,0.0,25.4,8.5,0.0,0.0,,2026-05-08 21:04:26
germ-germinadorap-de5832|LOT-20260506-651F-005|r0_c1|rep0,LOT-20260506-651F-005:B1:R0,germ-germinadorap-de5832,LOT-20260506-651F-005,B1,0,1,0,Hierbabuena,,,,,,,2026-05-08 21:19:21,2026-05-06 20:48:22,48.52,3,cg_1778275159162_1,4222,cam1_20260508_151920.jpg,crops/cam1_20260508_151920_r0_c1.jpg,4224,cam1_20260508_151923.jpg,crops/cam1_20260508_151923_r0_c1.jpg,8491,27.2,,38,94.4,0,0,0,0,0,0.0,0.0,1230.0,0.0,25.4,8.5,0.0,0.0,,2026-05-08 21:19:24
germ-germinadorap-de5832|LOT-20260506-651F-005|r0_c1|rep0,LOT-20260506-651F-005:B1:R0,germ-germinadorap-de5832,LOT-20260506-651F-005,B1,0,1,0,Hierbabuena,,,,,,,2026-05-08 21:34:21,2026-05-06 20:48:22,48.77,3,cg_1778276059168_1,4227,cam1_20260508_153420.jpg,crops/cam1_20260508_153420_r0_c1.jpg,4229,cam1_20260508_153425.jpg,crops/cam1_20260508_153425_r0_c1.jpg,8508,27.1,,40,100,0,0,0,0,0,0.0,0.0,1245.0,0.0,25.4,8.5,0.0,0.0,,2026-05-08 21:34:26
germ-germinadorap-de5832|LOT-20260506-651F-005|r0_c1|rep0,LOT-20260506-651F-005:B1:R0,germ-germinadorap-de5832,LOT-20260506-651F-005,B1,0,1,0,Hierbabuena,,,,,,,2026-05-08 21:49:21,2026-05-06 20:48:22,49.02,3,cg_1778276959182_1,4231,cam1_20260508_154920.jpg,crops/cam1_20260508_154920_r0_c1.jpg,4233,cam1_20260508_154925.jpg,crops/cam1_20260508_154925_r0_c1.jpg,8520,27.2,,41,100,0,0,0,0,0,0.0,0.0,1259.0,0.0,25.4,8.5,0.0,0.0,,2026-05-08 21:49:26
germ-germinadorap-de5832|LOT-20260506-651F-005|r0_c1|rep0,LOT-20260506-651F-005:B1:R0,germ-germinadorap-de5832,LOT-20260506-651F-005,B1,0,1,0,Hierbabuena,,,,,,,2026-05-08 22:04:21,2026-05-06 20:48:22,49.27,3,cg_1778277859186_1,4235,cam1_20260508_160420.jpg,crops/cam1_20260508_160420_r0_c1.jpg,4237,cam1_20260508_160425.jpg,crops/cam1_20260508_160425_r0_c1.jpg,8532,27.1,,39,100,0,0,0,0,0,0.0,0.0,1274.0,0.0,25.4,8.5,0.0,0.0,,2026-05-08 22:04:26
germ-germinadorap-de5832|LOT-20260506-651F-005|r0_c1|rep0,LOT-20260506-651F-005:B1:R0,germ-germinadorap-de5832,LOT-20260506-651F-005,B1,0,1,0,Hierbabuena,,,,,,,2026-05-08 22:19:21,2026-05-06 20:48:22,49.52,3,cg_1778278759196_1,4239,cam1_20260508_161920.jpg,crops/cam1_20260508_161920_r0_c1.jpg,4241,cam1_20260508_161925.jpg,crops/cam1_20260508_161925_r0_c1.jpg,8544,27.2,,38,95.4,0,0,0,0,0,0.0,0.0,1289.0,0.0,25.4,8.5,0.0,0.0,,2026-05-08 22:19:26
germ-germinadorap-de5832|LOT-20260506-651F-005|r0_c1|rep0,LOT-20260506-651F-005:B1:R0,germ-germinadorap-de5832,LOT-20260506-651F-005,B1,0,1,0,Hierbabuena,,,,,,,2026-05-08 22:34:21,2026-05-06 20:48:22,49.77,3,cg_1778279659199_1,4243,cam1_20260508_163420.jpg,crops/cam1_20260508_163420_r0_c1.jpg,4245,cam1_20260508_163425.jpg,crops/cam1_20260508_163425_r0_c1.jpg,8556,27.7,,40,100,0,0,0,0,0,0.0,0.0,1304.0,0.0,25.4,8.5,0.0,0.0,,2026-05-08 22:34:26
germ-germinadorap-de5832|LOT-20260506-651F-005|r0_c1|rep0,LOT-20260506-651F-005:B1:R0,germ-germinadorap-de5832,LOT-20260506-651F-005,B1,0,1,0,Hierbabuena,,,,,,,2026-05-08 22:49:21,2026-05-06 20:48:22,50.02,3,cg_1778280559206_1,4247,cam1_20260508_164920.jpg,crops/cam1_20260508_164920_r0_c1.jpg,4249,cam1_20260508_164925.jpg,crops/cam1_20260508_164925_r0_c1.jpg,8568,28.1,,40,100,0,0,0,0,0,0.0,0.0,1319.0,0.0,25.4,8.5,0.0,0.0,,2026-05-08 22:49:26
germ-germinadorap-de5832|LOT-20260506-651F-005|r0_c1|rep0,LOT-20260506-651F-005:B1:R0,germ-germinadorap-de5832,LOT-20260506-651F-005,B1,0,1,0,Hierbabuena,,,,,,,2026-05-08 23:04:21,2026-05-06 20:48:22,50.27,3,cg_1778281459210_1,4251,cam1_20260508_170420.jpg,crops/cam1_20260508_170420_r0_c1.jpg,4253,cam1_20260508_170425.jpg,crops/cam1_20260508_170425_r0_c1.jpg,8580,28.4,,41,100,0,0,0,0,0,0.0,0.0,1334.0,0.0,25.4,8.5,0.0,0.0,,2026-05-08 23:04:26
germ-germinadorap-de5832|LOT-20260506-651F-005|r0_c1|rep0,LOT-20260506-651F-005:B1:R0,germ-germinadorap-de5832,LOT-20260506-651F-005,B1,0,1,0,Hierbabuena,,,,,,,2026-05-08 23:19:21,2026-05-06 20:48:22,50.52,3,cg_1778282359219_1,4255,cam1_20260508_171920.jpg,crops/cam1_20260508_171920_r0_c1.jpg,4257,cam1_20260508_171925.jpg,crops/cam1_20260508_171925_r0_c1.jpg,8592,28.5,,39,100,0,0,0,0,0,0.0,0.0,1349.0,0.0,25.4,8.5,0.0,0.0,,2026-05-08 23:19:26
germ-germinadorap-de5832|LOT-20260506-651F-005|r0_c1|rep0,LOT-20260506-651F-005:B1:R0,germ-germinadorap-de5832,LOT-20260506-651F-005,B1,0,1,0,Hierbabuena,,,,,,,2026-05-08 23:34:21,2026-05-06 20:48:22,50.77,3,cg_1778283259223_1,4259,cam1_20260508_173420.jpg,crops/cam1_20260508_173420_r0_c1.jpg,4261,cam1_20260508_173425.jpg,crops/cam1_20260508_173425_r0_c1.jpg,8604,28.7,,39,100,0,0,0,0,0,0.0,0.0,1364.0,0.0,25.5,8.5,0.0,0.0,,2026-05-08 23:34:26
germ-germinadorap-de5832|LOT-20260506-651F-005|r0_c1|rep0,LOT-20260506-651F-005:B1:R0,germ-germinadorap-de5832,LOT-20260506-651F-005,B1,0,1,0,Hierbabuena,,,,,,,2026-05-08 23:49:21,2026-05-06 20:48:22,51.02,3,cg_1778284159234_1,4263,cam1_20260508_174920.jpg,crops/cam1_20260508_174920_r0_c1.jpg,4265,cam1_20260508_174925.jpg,crops/cam1_20260508_174925_r0_c1.jpg,8616,28.7,,39,100,0,0,0,0,0,0.0,0.0,1379.0,0.0,25.5,8.5,0.0,0.0,,2026-05-08 23:49:26
germ-germinadorap-de5832|LOT-20260506-651F-005|r0_c1|rep0,LOT-20260506-651F-005:B1:R0,germ-germinadorap-de5832,LOT-20260506-651F-005,B1,0,1,0,Hierbabuena,,,,,,,2026-05-09 00:04:21,2026-05-06 20:48:22,51.27,3,cg_1778285059243_1,4267,cam1_20260508_180420.jpg,crops/cam1_20260508_180420_r0_c1.jpg,4269,cam1_20260508_180425.jpg,crops/cam1_20260508_180425_r0_c1.jpg,8628,28.7,,41,100,0,0,0,1,0,15.0,0.0,1394.0,0.0,25.5,8.5,0.0,0.0,,2026-05-09 00:04:26
germ-germinadorap-de5832|LOT-20260506-651F-005|r0_c1|rep0,LOT-20260506-651F-005:B1:R0,germ-germinadorap-de5832,LOT-20260506-651F-005,B1,0,1,0,Hierbabuena,,,,,,,2026-05-09 00:19:21,2026-05-06 20:48:22,51.52,3,cg_1778285959256_1,4271,cam1_20260508_181920.jpg,crops/cam1_20260508_181920_r0_c1.jpg,4273,cam1_20260508_181925.jpg,crops/cam1_20260508_181925_r0_c1.jpg,8640,28.6,,40,100,0,0,0,0,0,0.0,0.0,1409.0,0.0,25.5,8.5,0.0,0.0,,2026-05-09 00:19:26
germ-germinadorap-de5832|LOT-20260506-651F-005|r0_c1|rep0,LOT-20260506-651F-005:B1:R0,germ-germinadorap-de5832,LOT-20260506-651F-005,B1,0,1,0,Hierbabuena,,,,,,,2026-05-09 00:34:21,2026-05-06 20:48:22,51.77,3,cg_1778286859261_1,4275,cam1_20260508_183420.jpg,crops/cam1_20260508_183420_r0_c1.jpg,4277,cam1_20260508_183425.jpg,crops/cam1_20260508_183425_r0_c1.jpg,8652,28,,40,98.1,0,0,0,0,0,0.0,0.0,1424.0,0.0,25.5,8.5,0.0,0.0,,2026-05-09 00:34:26
germ-germinadorap-de5832|LOT-20260506-651F-005|r0_c1|rep0,LOT-20260506-651F-005:B1:R0,germ-germinadorap-de5832,LOT-20260506-651F-005,B1,0,1,0,Hierbabuena,,,,,,,2026-05-09 00:49:21,2026-05-06 20:48:22,52.02,3,cg_1778287759266_1,4279,cam1_20260508_184920.jpg,crops/cam1_20260508_184920_r0_c1.jpg,4281,cam1_20260508_184925.jpg,crops/cam1_20260508_184925_r0_c1.jpg,8664,27.5,,38,93.5,0,0,0,0,0,0.0,0.0,1439.0,0.0,25.5,8.5,0.0,0.0,,2026-05-09 00:49:26
germ-germinadorap-de5832|LOT-20260506-651F-005|r0_c1|rep0,LOT-20260506-651F-005:B1:R0,germ-germinadorap-de5832,LOT-20260506-651F-005,B1,0,1,0,Hierbabuena,,,,,,,2026-05-09 01:04:21,2026-05-06 20:48:22,52.27,3,cg_1778288659271_1,4283,cam1_20260508_190420.jpg,crops/cam1_20260508_190420_r0_c1.jpg,4285,cam1_20260508_190425.jpg,crops/cam1_20260508_190425_r0_c1.jpg,8676,27.7,,42,97.2,0,0,0,0,0,0.0,0.0,1453.0,0.0,25.5,8.5,0.0,0.0,,2026-05-09 01:04:26
germ-germinadorap-de5832|LOT-20260506-651F-005|r0_c1|rep0,LOT-20260506-651F-005:B1:R0,germ-germinadorap-de5832,LOT-20260506-651F-005,B1,0,1,0,Hierbabuena,,,,,,,2026-05-09 01:19:21,2026-05-06 20:48:22,52.52,3,cg_1778289559274_1,4287,cam1_20260508_191920.jpg,crops/cam1_20260508_191920_r0_c1.jpg,4289,cam1_20260508_191925.jpg,crops/cam1_20260508_191925_r0_c1.jpg,8688,28.2,,42,100,0,0,0,0,0,0.0,0.0,1468.0,0.0,25.5,8.5,0.0,0.0,,2026-05-09 01:19:26
germ-germinadorap-de5832|LOT-20260506-651F-005|r0_c1|rep0,LOT-20260506-651F-005:B1:R0,germ-germinadorap-de5832,LOT-20260506-651F-005,B1,0,1,0,Hierbabuena,,,,,,,2026-05-09 01:34:21,2026-05-06 20:48:22,52.77,3,cg_1778290459279_1,4291,cam1_20260508_193420.jpg,crops/cam1_20260508_193420_r0_c1.jpg,4293,cam1_20260508_193425.jpg,crops/cam1_20260508_193425_r0_c1.jpg,8700,28.4,,41,98.1,0,0,0,0,0,0.0,0.0,1483.0,0.0,25.5,8.5,0.0,0.0,,2026-05-09 01:34:26
germ-germinadorap-de5832|LOT-20260506-651F-005|r0_c1|rep0,LOT-20260506-651F-005:B1:R0,germ-germinadorap-de5832,LOT-20260506-651F-005,B1,0,1,0,Hierbabuena,,,,,,,2026-05-09 01:49:21,2026-05-06 20:48:22,53.02,3,cg_1778291359288_1,4295,cam1_20260508_194920.jpg,crops/cam1_20260508_194920_r0_c1.jpg,4297,cam1_20260508_194925.jpg,crops/cam1_20260508_194925_r0_c1.jpg,8712,28.5,,43,93.5,0,0,0,0,0,0.0,0.0,1498.0,0.0,25.5,8.5,0.0,0.0,,2026-05-09 01:49:26
germ-germinadorap-de5832|LOT-20260506-651F-005|r0_c1|rep0,LOT-20260506-651F-005:B1:R0,germ-germinadorap-de5832,LOT-20260506-651F-005,B1,0,1,0,Hierbabuena,,,,,,,2026-05-09 02:04:21,2026-05-06 20:48:22,53.27,3,cg_1778292259300_1,4299,cam1_20260508_200420.jpg,crops/cam1_20260508_200420_r0_c1.jpg,4301,cam1_20260508_200425.jpg,crops/cam1_20260508_200425_r0_c1.jpg,8724,28.5,,41,95.4,0,0,0,0,0,0.0,0.0,1509.0,0.0,25.5,8.5,0.0,0.0,,2026-05-09 02:04:26
germ-germinadorap-de5832|LOT-20260506-651F-005|r0_c1|rep0,LOT-20260506-651F-005:B1:R0,germ-germinadorap-de5832,LOT-20260506-651F-005,B1,0,1,0,Hierbabuena,,,,,,,2026-05-09 02:19:21,2026-05-06 20:48:22,53.52,3,cg_1778293159306_1,4303,cam1_20260508_201920.jpg,crops/cam1_20260508_201920_r0_c1.jpg,4305,cam1_20260508_201925.jpg,crops/cam1_20260508_201925_r0_c1.jpg,8736,28.1,,41,91.7,0,0,0,0,0,0.0,0.0,1509.0,0.0,25.5,8.5,0.0,0.0,,2026-05-09 02:19:26
germ-germinadorap-de5832|LOT-20260506-651F-005|r0_c1|rep0,LOT-20260506-651F-005:B1:R0,germ-germinadorap-de5832,LOT-20260506-651F-005,B1,0,1,0,Hierbabuena,,,,,,,2026-05-09 02:34:21,2026-05-06 20:48:22,53.77,3,cg_1778294059318_1,4307,cam1_20260508_203420.jpg,crops/cam1_20260508_203420_r0_c1.jpg,4309,cam1_20260508_203425.jpg,crops/cam1_20260508_203425_r0_c1.jpg,8748,28,,43,90.7,0,0,0,0,0,0.0,0.0,1509.0,0.0,25.5,8.5,0.0,0.0,,2026-05-09 02:34:26
germ-germinadorap-de5832|LOT-20260506-651F-005|r0_c1|rep0,LOT-20260506-651F-005:B1:R0,germ-germinadorap-de5832,LOT-20260506-651F-005,B1,0,1,0,Hierbabuena,,,,,,,2026-05-09 02:49:21,2026-05-06 20:48:22,54.02,3,cg_1778294959324_1,4310,cam1_20260508_204920.jpg,crops/cam1_20260508_204920_r0_c1.jpg,4312,cam1_20260508_204923.jpg,crops/cam1_20260508_204923_r0_c1.jpg,8755,27.8,,42,74.1,0,0,0,0,0,0.0,0.0,1509.0,0.0,25.5,8.5,0.0,0.0,,2026-05-09 02:49:24
germ-germinadorap-de5832|LOT-20260506-651F-005|r0_c1|rep0,LOT-20260506-651F-005:B1:R0,germ-germinadorap-de5832,LOT-20260506-651F-005,B1,0,1,0,Hierbabuena,,,,,,,2026-05-09 03:04:21,2026-05-06 20:48:22,54.27,3,cg_1778295859332_1,4314,cam1_20260508_210420.jpg,crops/cam1_20260508_210420_r0_c1.jpg,4316,cam1_20260508_210423.jpg,crops/cam1_20260508_210423_r0_c1.jpg,8767,27.8,,45,69.6,0,0,0,0,0,0.0,0.0,1509.0,0.0,25.5,8.5,0.0,0.0,,2026-05-09 03:04:24
germ-germinadorap-de5832|LOT-20260506-651F-005|r0_c1|rep0,LOT-20260506-651F-005:B1:R0,germ-germinadorap-de5832,LOT-20260506-651F-005,B1,0,1,0,Hierbabuena,,,,,,,2026-05-09 03:19:21,2026-05-06 20:48:22,54.52,3,cg_1778296759338_1,4318,cam1_20260508_211920.jpg,crops/cam1_20260508_211920_r0_c1.jpg,4320,cam1_20260508_211923.jpg,crops/cam1_20260508_211923_r0_c1.jpg,8779,27.8,,43,74.1,0,0,0,0,0,0.0,0.0,1509.0,0.0,25.5,8.5,0.0,0.0,,2026-05-09 03:19:24
germ-germinadorap-de5832|LOT-20260506-651F-005|r0_c1|rep0,LOT-20260506-651F-005:B1:R0,germ-germinadorap-de5832,LOT-20260506-651F-005,B1,0,1,0,Hierbabuena,,,,,,,2026-05-09 03:34:22,2026-05-06 20:48:22,54.77,3,cg_1778297659342_1,4323,cam1_20260508_213422.jpg,crops/cam1_20260508_213422_r0_c1.jpg,4325,cam1_20260508_213425.jpg,crops/cam1_20260508_213425_r0_c1.jpg,8796,27.7,,43,49.5,0,0,0,0,0,0.0,0.0,1509.0,0.0,25.5,8.5,0.0,0.0,,2026-05-09 03:34:26
germ-germinadorap-de5832|LOT-20260506-651F-005|r0_c1|rep0,LOT-20260506-651F-005:B1:R0,germ-germinadorap-de5832,LOT-20260506-651F-005,B1,0,1,0,Hierbabuena,,,,,,,2026-05-09 03:49:21,2026-05-06 20:48:22,55.02,3,cg_1778298559346_1,4326,cam1_20260508_214920.jpg,crops/cam1_20260508_214920_r0_c1.jpg,4328,cam1_20260508_214923.jpg,crops/cam1_20260508_214923_r0_c1.jpg,8803,27.7,,43,68.8,0,0,0,0,0,0.0,0.0,1509.0,0.0,25.5,8.5,0.0,0.0,,2026-05-09 03:49:24
germ-germinadorap-de5832|LOT-20260506-651F-005|r0_c1|rep0,LOT-20260506-651F-005:B1:R0,germ-germinadorap-de5832,LOT-20260506-651F-005,B1,0,1,0,Hierbabuena,,,,,,,2026-05-09 04:04:21,2026-05-06 20:48:22,55.27,3,cg_1778299459353_1,4331,cam1_20260508_220420.jpg,crops/cam1_20260508_220420_r0_c1.jpg,4333,cam1_20260508_220425.jpg,crops/cam1_20260508_220425_r0_c1.jpg,8820,27.8,,43,77.8,0,0,0,0,0,0.0,0.0,1510.0,0.0,25.5,8.5,0.0,0.0,,2026-05-09 04:04:26
germ-germinadorap-de5832|LOT-20260506-651F-005|r0_c1|rep0,LOT-20260506-651F-005:B1:R0,germ-germinadorap-de5832,LOT-20260506-651F-005,B1,0,1,0,Hierbabuena,,,,,,,2026-05-09 04:19:21,2026-05-06 20:48:22,55.52,3,cg_1778300359359_1,4335,cam1_20260508_221920.jpg,crops/cam1_20260508_221920_r0_c1.jpg,4337,cam1_20260508_221925.jpg,crops/cam1_20260508_221925_r0_c1.jpg,8832,27.9,,48,78.7,0,0,0,0,0,0.0,0.0,1510.0,0.0,25.5,8.5,0.0,0.0,,2026-05-09 04:19:26
germ-germinadorap-de5832|LOT-20260506-651F-005|r0_c1|rep0,LOT-20260506-651F-005:B1:R0,germ-germinadorap-de5832,LOT-20260506-651F-005,B1,0,1,0,Hierbabuena,,,,,,,2026-05-09 04:34:21,2026-05-06 20:48:22,55.77,3,cg_1778301259368_1,4338,cam1_20260508_223420.jpg,crops/cam1_20260508_223420_r0_c1.jpg,4340,cam1_20260508_223423.jpg,crops/cam1_20260508_223423_r0_c1.jpg,8839,27.9,,55,66.1,0,0,0,0,0,0.0,0.0,1510.0,0.0,25.5,8.5,0.0,0.0,,2026-05-09 04:34:24
germ-germinadorap-de5832|LOT-20260506-651F-005|r0_c1|rep0,LOT-20260506-651F-005:B1:R0,germ-germinadorap-de5832,LOT-20260506-651F-005,B1,0,1,0,Hierbabuena,,,,,,,2026-05-09 04:49:21,2026-05-06 20:48:22,56.02,3,cg_1778302159375_1,4342,cam1_20260508_224920.jpg,crops/cam1_20260508_224920_r0_c1.jpg,4344,cam1_20260508_224923.jpg,crops/cam1_20260508_224923_r0_c1.jpg,8851,27.8,,52,61.6,0,0,0,0,0,0.0,0.0,1510.0,0.0,25.5,8.5,0.0,0.0,,2026-05-09 04:49:24
germ-germinadorap-de5832|LOT-20260506-651F-005|r0_c1|rep0,LOT-20260506-651F-005:B1:R0,germ-germinadorap-de5832,LOT-20260506-651F-005,B1,0,1,0,Hierbabuena,,,,,,,2026-05-09 05:04:21,2026-05-06 20:48:22,56.27,3,cg_1778303059421_1,4346,cam1_20260508_230420.jpg,crops/cam1_20260508_230420_r0_c1.jpg,4348,cam1_20260508_230423.jpg,crops/cam1_20260508_230423_r0_c1.jpg,8863,27.8,,48,67,0,0,0,0,0,0.0,0.0,1510.0,0.0,25.5,8.5,0.0,0.0,,2026-05-09 05:04:24
germ-germinadorap-de5832|LOT-20260506-651F-005|r0_c1|rep0,LOT-20260506-651F-005:B1:R0,germ-germinadorap-de5832,LOT-20260506-651F-005,B1,0,1,0,Hierbabuena,,,,,,,2026-05-09 05:19:21,2026-05-06 20:48:22,56.52,3,cg_1778303959393_1,4350,cam1_20260508_231920.jpg,crops/cam1_20260508_231920_r0_c1.jpg,4352,cam1_20260508_231923.jpg,crops/cam1_20260508_231923_r0_c1.jpg,8875,27.8,,54,66.1,0,0,0,0,0,0.0,0.0,1510.0,0.0,25.5,8.5,0.0,0.0,,2026-05-09 05:19:24
germ-germinadorap-de5832|LOT-20260506-651F-005|r0_c1|rep0,LOT-20260506-651F-005:B1:R0,germ-germinadorap-de5832,LOT-20260506-651F-005,B1,0,1,0,Hierbabuena,,,,,,,2026-05-09 05:34:21,2026-05-06 20:48:22,56.77,3,cg_1778304859400_1,4355,cam1_20260508_233421.jpg,crops/cam1_20260508_233421_r0_c1.jpg,4357,cam1_20260508_233425.jpg,crops/cam1_20260508_233425_r0_c1.jpg,8892,27.7,,46,72.3,0,0,0,0,0,0.0,0.0,1510.0,0.0,25.5,8.5,0.0,0.0,,2026-05-09 05:34:26
germ-germinadorap-de5832|LOT-20260506-651F-005|r0_c1|rep0,LOT-20260506-651F-005:B1:R0,germ-germinadorap-de5832,LOT-20260506-651F-005,B1,0,1,0,Hierbabuena,,,,,,,2026-05-09 05:49:21,2026-05-06 20:48:22,57.02,3,cg_1778305759403_1,4358,cam1_20260508_234920.jpg,crops/cam1_20260508_234920_r0_c1.jpg,4360,cam1_20260508_234923.jpg,crops/cam1_20260508_234923_r0_c1.jpg,8899,26.9,,43,49.7,0,0,0,0,0,0.0,0.0,1511.0,0.0,25.5,8.5,0.0,0.0,,2026-05-09 05:49:24
germ-germinadorap-de5832|LOT-20260506-651F-005|r0_c1|rep0,LOT-20260506-651F-005:B1:R0,germ-germinadorap-de5832,LOT-20260506-651F-005,B1,0,1,0,Hierbabuena,,,,,,,2026-05-09 06:04:22,2026-05-06 20:48:22,57.27,3,cg_1778306659405_1,4363,cam1_20260509_000422.jpg,crops/cam1_20260509_000422_r0_c1.jpg,4365,cam1_20260509_000425.jpg,crops/cam1_20260509_000425_r0_c1.jpg,8916,26.7,,43,49.5,0,0,0,0,0,0.0,0.0,1511.0,0.0,25.5,8.5,0.0,0.0,,2026-05-09 06:04:26
germ-germinadorap-de5832|LOT-20260506-651F-005|r0_c1|rep0,LOT-20260506-651F-005:B1:R0,germ-germinadorap-de5832,LOT-20260506-651F-005,B1,0,1,0,Hierbabuena,,,,,,,2026-05-09 06:19:21,2026-05-06 20:48:22,57.52,3,cg_1778307559419_1,4367,cam1_20260509_001921.jpg,crops/cam1_20260509_001921_r0_c1.jpg,4369,cam1_20260509_001925.jpg,crops/cam1_20260509_001925_r0_c1.jpg,8928,26.6,,43,49.6,0,0,0,0,0,0.0,0.0,1511.0,0.0,25.5,8.5,0.0,0.0,,2026-05-09 06:19:26
germ-germinadorap-de5832|LOT-20260506-651F-005|r0_c1|rep0,LOT-20260506-651F-005:B1:R0,germ-germinadorap-de5832,LOT-20260506-651F-005,B1,0,1,0,Hierbabuena,,,,,,,2026-05-09 06:34:21,2026-05-06 20:48:22,57.77,3,cg_1778308459425_1,4371,cam1_20260509_003421.jpg,crops/cam1_20260509_003421_r0_c1.jpg,4373,cam1_20260509_003425.jpg,crops/cam1_20260509_003425_r0_c1.jpg,8940,26.5,,44,48.9,0,0,0,0,0,0.0,0.0,1511.0,0.0,25.5,8.5,0.0,0.0,,2026-05-09 06:34:27
germ-germinadorap-de5832|LOT-20260506-651F-005|r0_c1|rep0,LOT-20260506-651F-005:B1:R0,germ-germinadorap-de5832,LOT-20260506-651F-005,B1,0,1,0,Hierbabuena,,,,,,,2026-05-09 06:49:21,2026-05-06 20:48:22,58.02,3,cg_1778309359435_1,4374,cam1_20260509_004920.jpg,crops/cam1_20260509_004920_r0_c1.jpg,4376,cam1_20260509_004923.jpg,crops/cam1_20260509_004923_r0_c1.jpg,8947,26.1,,47,48.4,0,0,0,0,0,0.0,0.0,1511.0,0.0,25.5,8.5,0.0,0.0,,2026-05-09 06:49:24
germ-germinadorap-de5832|LOT-20260506-651F-005|r0_c1|rep0,LOT-20260506-651F-005:B1:R0,germ-germinadorap-de5832,LOT-20260506-651F-005,B1,0,1,0,Hierbabuena,,,,,,,2026-05-09 07:04:37,2026-05-06 20:48:22,58.27,3,cg_1778310275247_1,4378,cam1_20260509_010436.jpg,crops/cam1_20260509_010436_r0_c1.jpg,4380,cam1_20260509_010439.jpg,crops/cam1_20260509_010439_r0_c1.jpg,8959,26.8,,47,46.4,0,0,0,0,0,0.0,0.0,1511.0,0.0,25.5,8.5,0.0,0.0,,2026-05-09 07:04:40
germ-germinadorap-de5832|LOT-20260506-651F-005|r0_c1|rep0,LOT-20260506-651F-005:B1:R0,germ-germinadorap-de5832,LOT-20260506-651F-005,B1,0,1,0,Hierbabuena,,,,,,,2026-05-09 07:19:37,2026-05-06 20:48:22,58.52,3,cg_1778311175533_1,4382,cam1_20260509_011937.jpg,crops/cam1_20260509_011937_r0_c1.jpg,4384,cam1_20260509_011939.jpg,crops/cam1_20260509_011939_r0_c1.jpg,8971,27.3,,52,48.8,0,0,0,0,0,0.0,0.0,1511.0,0.0,25.5,8.5,0.0,0.0,,2026-05-09 07:19:40
germ-germinadorap-de5832|LOT-20260506-651F-005|r0_c1|rep0,LOT-20260506-651F-005:B1:R0,germ-germinadorap-de5832,LOT-20260506-651F-005,B1,0,1,0,Hierbabuena,,,,,,,2026-05-09 07:34:42,2026-05-06 20:48:22,58.77,3,cg_1778312079971_1,4386,cam1_20260509_013441.jpg,crops/cam1_20260509_013441_r0_c1.jpg,4388,cam1_20260509_013444.jpg,crops/cam1_20260509_013444_r0_c1.jpg,8983,27.3,,53,49,0,0,0,0,0,0.0,0.0,1511.0,0.0,25.5,8.5,0.0,0.0,,2026-05-09 07:34:45
germ-germinadorap-de5832|LOT-20260506-651F-005|r0_c1|rep0,LOT-20260506-651F-005:B1:R0,germ-germinadorap-de5832,LOT-20260506-651F-005,B1,0,1,0,Hierbabuena,,,,,,,2026-05-09 07:50:26,2026-05-06 20:48:22,59.03,3,cg_1778313024396_1,4390,cam1_20260509_015025.jpg,crops/cam1_20260509_015025_r0_c1.jpg,4392,cam1_20260509_015028.jpg,crops/cam1_20260509_015028_r0_c1.jpg,8995,27.3,,56,48.4,0,0,0,0,0,0.0,0.0,1513.0,0.0,25.5,8.5,0.0,0.0,,2026-05-09 07:50:30
germ-germinadorap-de5832|LOT-20260506-651F-005|r0_c1|rep0,LOT-20260506-651F-005:B1:R0,germ-germinadorap-de5832,LOT-20260506-651F-005,B1,0,1,0,Hierbabuena,,,,,,,2026-05-09 08:05:26,2026-05-06 20:48:22,59.28,3,cg_1778313924396_1,4394,cam1_20260509_020526.jpg,crops/cam1_20260509_020526_r0_c1.jpg,4396,cam1_20260509_020528.jpg,crops/cam1_20260509_020528_r0_c1.jpg,9007,27.5,,57,48.9,0,0,0,0,0,0.0,0.0,1513.0,0.0,25.6,8.5,0.0,0.0,,2026-05-09 08:05:29
germ-germinadorap-de5832|LOT-20260506-651F-005|r0_c1|rep0,LOT-20260506-651F-005:B1:R0,germ-germinadorap-de5832,LOT-20260506-651F-005,B1,0,1,0,Hierbabuena,,,,,,,2026-05-09 08:20:26,2026-05-06 20:48:22,59.53,3,cg_1778314824395_1,4399,cam1_20260509_022026.jpg,crops/cam1_20260509_022026_r0_c1.jpg,4401,cam1_20260509_022030.jpg,crops/cam1_20260509_022030_r0_c1.jpg,9024,27.4,,56,49.8,0,0,0,0,0,0.0,0.0,1513.0,0.0,25.9,8.6,0.0,0.0,,2026-05-09 08:20:31
germ-germinadorap-de5832|LOT-20260506-651F-005|r0_c1|rep0,LOT-20260506-651F-005:B1:R0,germ-germinadorap-de5832,LOT-20260506-651F-005,B1,0,1,0,Hierbabuena,,,,,,,2026-05-09 08:35:26,2026-05-06 20:48:22,59.78,3,cg_1778315724396_1,4403,cam1_20260509_023526.jpg,crops/cam1_20260509_023526_r0_c1.jpg,4405,cam1_20260509_023530.jpg,crops/cam1_20260509_023530_r0_c1.jpg,9036,27.5,,56,49,0,0,0,0,0,0.0,0.0,1513.0,0.0,26.1,8.7,0.0,0.0,,2026-05-09 08:35:31
germ-germinadorap-de5832|LOT-20260506-651F-005|r0_c1|rep0,LOT-20260506-651F-005:B1:R0,germ-germinadorap-de5832,LOT-20260506-651F-005,B1,0,1,0,Hierbabuena,,,,,,,2026-05-09 08:50:26,2026-05-06 20:48:22,60.03,3,cg_1778316624399_1,4407,cam1_20260509_025025.jpg,crops/cam1_20260509_025025_r0_c1.jpg,4409,cam1_20260509_025030.jpg,crops/cam1_20260509_025030_r0_c1.jpg,9048,27.4,,56,48.6,0,0,0,0,0,0.0,0.0,1513.0,0.0,26.4,8.8,0.0,0.0,,2026-05-09 08:50:31
germ-germinadorap-de5832|LOT-20260506-651F-005|r0_c1|rep0,LOT-20260506-651F-005:B1:R0,germ-germinadorap-de5832,LOT-20260506-651F-005,B1,0,1,0,Hierbabuena,,,,,,,2026-05-09 09:05:26,2026-05-06 20:48:22,60.28,3,cg_1778317524399_1,4411,cam1_20260509_030526.jpg,crops/cam1_20260509_030526_r0_c1.jpg,4413,cam1_20260509_030530.jpg,crops/cam1_20260509_030530_r0_c1.jpg,9060,27.3,,54,48.6,0,0,0,0,0,0.0,0.0,1513.0,0.0,26.6,8.9,0.0,0.0,,2026-05-09 09:05:31
germ-germinadorap-de5832|LOT-20260506-651F-005|r0_c1|rep0,LOT-20260506-651F-005:B1:R0,germ-germinadorap-de5832,LOT-20260506-651F-005,B1,0,1,0,Hierbabuena,,,,,,,2026-05-09 09:20:26,2026-05-06 20:48:22,60.53,3,cg_1778318424399_1,4415,cam1_20260509_032026.jpg,crops/cam1_20260509_032026_r0_c1.jpg,4417,cam1_20260509_032030.jpg,crops/cam1_20260509_032030_r0_c1.jpg,9072,27.5,,55,48.6,0,0,0,0,0,0.0,0.0,1513.0,0.0,26.9,9.0,0.0,0.0,,2026-05-09 09:20:31
germ-germinadorap-de5832|LOT-20260506-651F-005|r0_c1|rep0,LOT-20260506-651F-005:B1:R0,germ-germinadorap-de5832,LOT-20260506-651F-005,B1,0,1,0,Hierbabuena,,,,,,,2026-05-09 09:35:26,2026-05-06 20:48:22,60.78,3,cg_1778319324402_1,4418,cam1_20260509_033525.jpg,crops/cam1_20260509_033525_r0_c1.jpg,4420,cam1_20260509_033528.jpg,crops/cam1_20260509_033528_r0_c1.jpg,9079,27.2,,54,47.6,0,0,0,0,0,0.0,0.0,1513.0,0.0,27.1,9.0,0.0,0.0,,2026-05-09 09:35:29
germ-germinadorap-de5832|LOT-20260506-651F-005|r0_c1|rep0,LOT-20260506-651F-005:B1:R0,germ-germinadorap-de5832,LOT-20260506-651F-005,B1,0,1,0,Hierbabuena,,,,,,,2026-05-09 10:05:26,2026-05-06 20:48:22,61.28,3,cg_1778321124403_1,4424,cam1_20260509_040525.jpg,crops/cam1_20260509_040525_r0_c1.jpg,4426,cam1_20260509_040528.jpg,crops/cam1_20260509_040528_r0_c1.jpg,9096,27.3,,55,47.8,0,0,0,0,0,0.0,0.0,1513.0,0.0,27.6,9.2,0.0,0.0,,2026-05-09 10:05:29
germ-germinadorap-de5832|LOT-20260506-651F-005|r0_c1|rep0,LOT-20260506-651F-005:B1:R0,germ-germinadorap-de5832,LOT-20260506-651F-005,B1,0,1,0,Hierbabuena,,,,,,,2026-05-09 10:20:27,2026-05-06 20:48:22,61.53,3,cg_1778322024402_1,4429,cam1_20260509_042027.jpg,crops/cam1_20260509_042027_r0_c1.jpg,4431,cam1_20260509_042030.jpg,crops/cam1_20260509_042030_r0_c1.jpg,9113,27.3,,55,47.7,0,0,0,0,0,0.0,0.0,1513.0,0.0,27.9,9.3,0.0,0.0,,2026-05-09 10:20:31
germ-germinadorap-de5832|LOT-20260506-651F-005|r0_c1|rep0,LOT-20260506-651F-005:B1:R0,germ-germinadorap-de5832,LOT-20260506-651F-005,B1,0,1,0,Hierbabuena,,,,,,,2026-05-09 10:35:26,2026-05-06 20:48:22,61.78,3,cg_1778322924406_1,4433,cam1_20260509_043526.jpg,crops/cam1_20260509_043526_r0_c1.jpg,4435,cam1_20260509_043530.jpg,crops/cam1_20260509_043530_r0_c1.jpg,9125,27.2,,55,47.6,0,0,0,0,0,0.0,0.0,1513.0,0.0,28.1,9.4,0.0,0.0,,2026-05-09 10:35:31
germ-germinadorap-de5832|LOT-20260506-651F-005|r0_c1|rep0,LOT-20260506-651F-005:B1:R0,germ-germinadorap-de5832,LOT-20260506-651F-005,B1,0,1,0,Hierbabuena,,,,,,,2026-05-09 10:50:26,2026-05-06 20:48:22,62.03,3,cg_1778323824409_1,4437,cam1_20260509_045025.jpg,crops/cam1_20260509_045025_r0_c1.jpg,4439,cam1_20260509_045030.jpg,crops/cam1_20260509_045030_r0_c1.jpg,9137,27.3,,54,47.4,0,0,0,0,0,0.0,0.0,1513.0,0.0,28.4,9.5,0.0,0.0,,2026-05-09 10:50:31
germ-germinadorap-de5832|LOT-20260506-651F-005|r0_c1|rep0,LOT-20260506-651F-005:B1:R0,germ-germinadorap-de5832,LOT-20260506-651F-005,B1,0,1,0,Hierbabuena,,,,,,,2026-05-09 11:05:26,2026-05-06 20:48:22,62.28,3,cg_1778324724411_1,4440,cam1_20260509_050525.jpg,crops/cam1_20260509_050525_r0_c1.jpg,4442,cam1_20260509_050528.jpg,crops/cam1_20260509_050528_r0_c1.jpg,9144,27.2,,54,47.2,0,0,0,0,0,0.0,0.0,1513.0,0.0,28.6,9.5,0.0,0.0,,2026-05-09 11:05:29
germ-germinadorap-de5832|LOT-20260506-651F-005|r0_c1|rep0,LOT-20260506-651F-005:B1:R0,germ-germinadorap-de5832,LOT-20260506-651F-005,B1,0,1,0,Hierbabuena,,,,,,,2026-05-09 11:20:26,2026-05-06 20:48:22,62.53,3,cg_1778325624414_1,4444,cam1_20260509_052025.jpg,crops/cam1_20260509_052025_r0_c1.jpg,4446,cam1_20260509_052028.jpg,crops/cam1_20260509_052028_r0_c1.jpg,9156,27.3,,54,46.9,0,0,0,0,0,0.0,0.0,1513.0,0.0,28.9,9.6,0.0,0.0,,2026-05-09 11:20:29
germ-germinadorap-de5832|LOT-20260506-651F-005|r0_c1|rep0,LOT-20260506-651F-005:B1:R0,germ-germinadorap-de5832,LOT-20260506-651F-005,B1,0,1,0,Hierbabuena,,,,,,,2026-05-09 11:35:26,2026-05-06 20:48:22,62.78,3,cg_1778326524415_1,4449,cam1_20260509_053525.jpg,crops/cam1_20260509_053525_r0_c1.jpg,4451,cam1_20260509_053530.jpg,crops/cam1_20260509_053530_r0_c1.jpg,9173,27.2,,55,47,0,0,0,0,0,0.0,0.0,1514.0,0.0,29.1,9.7,0.0,0.0,,2026-05-09 11:35:31
germ-germinadorap-de5832|LOT-20260506-651F-005|r0_c1|rep0,LOT-20260506-651F-005:B1:R0,germ-germinadorap-de5832,LOT-20260506-651F-005,B1,0,1,0,Hierbabuena,,,,,,,2026-05-09 11:50:26,2026-05-06 20:48:22,63.03,3,cg_1778327424420_1,4452,cam1_20260509_055026.jpg,crops/cam1_20260509_055026_r0_c1.jpg,4454,cam1_20260509_055028.jpg,crops/cam1_20260509_055028_r0_c1.jpg,9180,27.2,,56,46.6,0,0,0,0,0,0.0,0.0,1514.0,0.0,29.4,9.8,0.0,0.0,,2026-05-09 11:50:29
germ-germinadorap-de5832|LOT-20260506-651F-005|r0_c1|rep0,LOT-20260506-651F-005:B1:R0,germ-germinadorap-de5832,LOT-20260506-651F-005,B1,0,1,0,Hierbabuena,,,,,,,2026-05-09 12:05:26,2026-05-06 20:48:22,63.28,3,cg_1778328324420_1,4456,cam1_20260509_060525.jpg,crops/cam1_20260509_060525_r0_c1.jpg,4458,cam1_20260509_060528.jpg,crops/cam1_20260509_060528_r0_c1.jpg,9192,27.2,,55,46.7,0,0,0,0,0,0.0,0.0,1514.0,0.0,29.6,9.9,0.0,0.0,,2026-05-09 12:05:29
germ-germinadorap-de5832|LOT-20260506-651F-005|r0_c1|rep0,LOT-20260506-651F-005:B1:R0,germ-germinadorap-de5832,LOT-20260506-651F-005,B1,0,1,0,Hierbabuena,,,,,,,2026-05-09 12:20:26,2026-05-06 20:48:22,63.53,3,cg_1778329224420_1,4461,cam1_20260509_062025.jpg,crops/cam1_20260509_062025_r0_c1.jpg,4463,cam1_20260509_062030.jpg,crops/cam1_20260509_062030_r0_c1.jpg,9209,27.1,,55,46.9,0,0,0,0,0,0.0,0.0,1514.0,0.0,29.9,10.0,0.0,0.0,,2026-05-09 12:20:31
germ-germinadorap-de5832|LOT-20260506-651F-005|r0_c1|rep0,LOT-20260506-651F-005:B1:R0,germ-germinadorap-de5832,LOT-20260506-651F-005,B1,0,1,0,Hierbabuena,,,,,,,2026-05-09 12:35:26,2026-05-06 20:48:22,63.78,3,cg_1778330124421_1,4465,cam1_20260509_063526.jpg,crops/cam1_20260509_063526_r0_c1.jpg,4467,cam1_20260509_063530.jpg,crops/cam1_20260509_063530_r0_c1.jpg,9221,27.2,,53,46.8,0,0,0,0,0,0.0,0.0,1514.0,0.0,30.1,10.0,0.0,0.0,,2026-05-09 12:35:31
germ-germinadorap-de5832|LOT-20260506-651F-005|r0_c1|rep0,LOT-20260506-651F-005:B1:R0,germ-germinadorap-de5832,LOT-20260506-651F-005,B1,0,1,0,Hierbabuena,,,,,,,2026-05-09 12:50:26,2026-05-06 20:48:22,64.03,3,cg_1778331024423_1,4469,cam1_20260509_065025.jpg,crops/cam1_20260509_065025_r0_c1.jpg,4471,cam1_20260509_065030.jpg,crops/cam1_20260509_065030_r0_c1.jpg,9233,27.3,,56,46,0,0,0,0,0,0.0,0.0,1514.0,0.0,30.4,10.1,0.0,0.0,,2026-05-09 12:50:31
germ-germinadorap-de5832|LOT-20260506-651F-005|r0_c1|rep0,LOT-20260506-651F-005:B1:R0,germ-germinadorap-de5832,LOT-20260506-651F-005,B1,0,1,0,Hierbabuena,,,,,,,2026-05-09 13:05:26,2026-05-06 20:48:22,64.28,3,cg_1778331924423_1,4472,cam1_20260509_070525.jpg,crops/cam1_20260509_070525_r0_c1.jpg,4474,cam1_20260509_070528.jpg,crops/cam1_20260509_070528_r0_c1.jpg,9240,27.1,,52,46.1,0,0,0,0,0,0.0,0.0,1514.0,0.0,30.6,10.2,0.0,0.0,,2026-05-09 13:05:29
germ-germinadorap-de5832|LOT-20260506-651F-005|r0_c1|rep0,LOT-20260506-651F-005:B1:R0,germ-germinadorap-de5832,LOT-20260506-651F-005,B1,0,1,0,Hierbabuena,,,,,,,2026-05-09 13:20:26,2026-05-06 20:48:22,64.53,3,cg_1778332824428_1,4476,cam1_20260509_072026.jpg,crops/cam1_20260509_072026_r0_c1.jpg,4478,cam1_20260509_072028.jpg,crops/cam1_20260509_072028_r0_c1.jpg,9252,27.1,,54,45.9,0,0,0,0,0,0.0,0.0,1514.0,0.0,30.9,10.3,0.0,0.0,,2026-05-09 13:20:29
germ-germinadorap-de5832|LOT-20260506-651F-005|r0_c1|rep0,LOT-20260506-651F-005:B1:R0,germ-germinadorap-de5832,LOT-20260506-651F-005,B1,0,1,0,Hierbabuena,,,,,,,2026-05-09 13:35:26,2026-05-06 20:48:22,64.78,3,cg_1778333724428_1,4481,cam1_20260509_073525.jpg,crops/cam1_20260509_073525_r0_c1.jpg,4483,cam1_20260509_073530.jpg,crops/cam1_20260509_073530_r0_c1.jpg,9269,27.1,,54,44.9,0,0,0,0,0,0.0,0.0,1514.0,0.0,31.1,10.4,0.0,0.0,,2026-05-09 13:35:31
germ-germinadorap-de5832|LOT-20260506-651F-005|r0_c1|rep0,LOT-20260506-651F-005:B1:R0,germ-germinadorap-de5832,LOT-20260506-651F-005,B1,0,1,0,Hierbabuena,,,,,,,2026-05-09 13:50:26,2026-05-06 20:48:22,65.03,3,cg_1778334624429_1,4484,cam1_20260509_075025.jpg,crops/cam1_20260509_075025_r0_c1.jpg,4486,cam1_20260509_075028.jpg,crops/cam1_20260509_075028_r0_c1.jpg,9276,27,,55,45.1,0,0,0,0,0,0.0,0.0,1514.0,0.0,31.4,10.5,0.0,0.0,,2026-05-09 13:50:29
germ-germinadorap-de5832|LOT-20260506-651F-005|r0_c1|rep0,LOT-20260506-651F-005:B1:R0,germ-germinadorap-de5832,LOT-20260506-651F-005,B1,0,1,0,Hierbabuena,,,,,,,2026-05-09 14:05:26,2026-05-06 20:48:22,65.28,3,cg_1778335524435_1,4489,cam1_20260509_080525.jpg,crops/cam1_20260509_080525_r0_c1.jpg,4491,cam1_20260509_080530.jpg,crops/cam1_20260509_080530_r0_c1.jpg,9293,27.3,,52,45.5,0,0,0,0,0,0.0,0.0,1519.0,0.0,31.6,10.5,0.0,0.0,,2026-05-09 14:05:31
germ-germinadorap-de5832|LOT-20260506-651F-005|r0_c1|rep0,LOT-20260506-651F-005:B1:R0,germ-germinadorap-de5832,LOT-20260506-651F-005,B1,0,1,0,Hierbabuena,,,,,,,2026-05-09 14:20:26,2026-05-06 20:48:22,65.53,3,cg_1778336424441_1,4493,cam1_20260509_082025.jpg,crops/cam1_20260509_082025_r0_c1.jpg,4495,cam1_20260509_082030.jpg,crops/cam1_20260509_082030_r0_c1.jpg,9305,27.5,,50,44.7,0,0,0,0,0,0.0,0.0,1534.0,0.0,31.9,10.6,0.0,0.0,,2026-05-09 14:20:31
germ-germinadorap-de5832|LOT-20260506-651F-005|r0_c1|rep0,LOT-20260506-651F-005:B1:R0,germ-germinadorap-de5832,LOT-20260506-651F-005,B1,0,1,0,Hierbabuena,,,,,,,2026-05-09 14:35:26,2026-05-06 20:48:22,65.78,3,cg_1778337324470_1,4497,cam1_20260509_083525.jpg,crops/cam1_20260509_083525_r0_c1.jpg,4499,cam1_20260509_083530.jpg,crops/cam1_20260509_083530_r0_c1.jpg,9317,27.8,,50,44.9,0,0,0,0,0,0.0,0.0,1549.0,0.0,32.1,10.7,0.0,0.0,,2026-05-09 14:35:31
germ-germinadorap-de5832|LOT-20260506-651F-005|r0_c1|rep0,LOT-20260506-651F-005:B1:R0,germ-germinadorap-de5832,LOT-20260506-651F-005,B1,0,1,0,Hierbabuena,,,,,,,2026-05-09 14:50:26,2026-05-06 20:48:22,66.03,3,cg_1778338224472_1,4501,cam1_20260509_085025.jpg,crops/cam1_20260509_085025_r0_c1.jpg,4503,cam1_20260509_085030.jpg,crops/cam1_20260509_085030_r0_c1.jpg,9329,27.9,,50,42.3,0,0,0,0,0,0.0,0.0,1564.0,0.0,32.4,10.8,0.0,0.0,,2026-05-09 14:50:31
germ-germinadorap-de5832|LOT-20260506-651F-005|r0_c1|rep0,LOT-20260506-651F-005:B1:R0,germ-germinadorap-de5832,LOT-20260506-651F-005,B1,0,1,0,Hierbabuena,,,,,,,2026-05-09 15:05:29,2026-05-06 20:48:22,66.29,3,cg_1778339124473_1,4504,cam1_20260509_090529.jpg,crops/cam1_20260509_090529_r0_c1.jpg,4506,cam1_20260509_090531.jpg,crops/cam1_20260509_090531_r0_c1.jpg,9336,28,,49,42.9,0,0,0,0,0,0.0,0.0,1579.0,0.0,32.6,10.9,0.0,0.0,,2026-05-09 15:05:32
germ-germinadorap-de5832|LOT-20260506-651F-005|r0_c1|rep0,LOT-20260506-651F-005:B1:R0,germ-germinadorap-de5832,LOT-20260506-651F-005,B1,0,1,0,Hierbabuena,,,,,,,2026-05-09 22:54:44,2026-05-06 20:48:22,74.11,4,cg_1778367281963_1,4508,cam1_20260509_165443.jpg,crops/cam1_20260509_165443_r0_c1.jpg,4510,cam1_20260509_165446.jpg,crops/cam1_20260509_165446_r0_c1.jpg,9348,26.5,,48,0,0,0,0,0,0,0.0,0.0,2048.0,0.0,37.6,9.4,0.0,0.0,,2026-05-09 22:54:49
germ-germinadorap-de5832|LOT-20260506-651F-005|r0_c1|rep0,LOT-20260506-651F-005:B1:R0,germ-germinadorap-de5832,LOT-20260506-651F-005,B1,0,1,0,Hierbabuena,,,,,,,2026-05-09 23:09:45,2026-05-06 20:48:22,74.36,4,cg_1778368181978_1,4513,cam1_20260509_170945.jpg,crops/cam1_20260509_170945_r0_c1.jpg,4515,cam1_20260509_170948.jpg,crops/cam1_20260509_170948_r0_c1.jpg,9365,26.9,,59,0,0,0,0,0,0,0.0,0.0,2063.0,0.0,37.7,9.4,0.0,0.0,,2026-05-09 23:09:49
germ-germinadorap-de5832|LOT-20260506-651F-005|r0_c1|rep0,LOT-20260506-651F-005:B1:R0,germ-germinadorap-de5832,LOT-20260506-651F-005,B1,0,1,0,Hierbabuena,,,,,,,2026-05-09 23:24:44,2026-05-06 20:48:22,74.61,4,cg_1778369081979_1,4517,cam1_20260509_172443.jpg,crops/cam1_20260509_172443_r0_c1.jpg,4519,cam1_20260509_172448.jpg,crops/cam1_20260509_172448_r0_c1.jpg,9377,27.4,,53,0,0,0,0,0,0,0.0,0.0,2078.0,0.0,37.7,9.4,0.0,0.0,,2026-05-09 23:24:49
germ-germinadorap-de5832|LOT-20260506-651F-005|r0_c1|rep0,LOT-20260506-651F-005:B1:R0,germ-germinadorap-de5832,LOT-20260506-651F-005,B1,0,1,0,Hierbabuena,,,,,,,2026-05-09 23:39:46,2026-05-06 20:48:22,74.86,4,cg_1778369981983_1,4521,cam1_20260509_173945.jpg,crops/cam1_20260509_173945_r0_c1.jpg,4523,cam1_20260509_173948.jpg,crops/cam1_20260509_173948_r0_c1.jpg,9389,27.6,,51,0,0,0,0,0,0,0.0,0.0,2093.0,0.0,37.7,9.4,0.0,0.0,,2026-05-09 23:39:49
germ-germinadorap-de5832|LOT-20260506-651F-005|r0_c1|rep0,LOT-20260506-651F-005:B1:R0,germ-germinadorap-de5832,LOT-20260506-651F-005,B1,0,1,0,Hierbabuena,,,,,,,2026-05-09 23:54:45,2026-05-06 20:48:22,75.11,4,cg_1778370881988_1,4525,cam1_20260509_175445.jpg,crops/cam1_20260509_175445_r0_c1.jpg,4527,cam1_20260509_175448.jpg,crops/cam1_20260509_175448_r0_c1.jpg,9401,27.8,,50,0,0,0,0,0,0,0.0,0.0,2108.0,0.0,37.7,9.4,0.0,0.0,,2026-05-09 23:54:49
germ-germinadorap-de5832|LOT-20260506-651F-005|r0_c1|rep0,LOT-20260506-651F-005:B1:R0,germ-germinadorap-de5832,LOT-20260506-651F-005,B1,0,1,0,Hierbabuena,,,,,,,2026-05-10 00:09:44,2026-05-06 20:48:22,75.36,4,cg_1778371781989_1,4529,cam1_20260509_180943.jpg,crops/cam1_20260509_180943_r0_c1.jpg,4531,cam1_20260509_180948.jpg,crops/cam1_20260509_180948_r0_c1.jpg,9413,28.2,,50,0,0,0,0,1,0,15.0,0.0,2123.0,0.0,37.7,9.4,0.0,0.0,,2026-05-10 00:09:49
germ-germinadorap-de5832|LOT-20260506-651F-005|r0_c1|rep0,LOT-20260506-651F-005:B1:R0,germ-germinadorap-de5832,LOT-20260506-651F-005,B1,0,1,0,Hierbabuena,,,,,,,2026-05-10 00:24:44,2026-05-06 20:48:22,75.61,4,cg_1778372681994_1,4533,cam1_20260509_182444.jpg,crops/cam1_20260509_182444_r0_c1.jpg,4535,cam1_20260509_182448.jpg,crops/cam1_20260509_182448_r0_c1.jpg,9425,28.2,,50,0,0,0,0,0,0,0.0,0.0,2138.0,0.0,37.7,9.4,0.0,0.0,,2026-05-10 00:24:50
germ-germinadorap-de5832|LOT-20260506-651F-005|r0_c1|rep0,LOT-20260506-651F-005:B1:R0,germ-germinadorap-de5832,LOT-20260506-651F-005,B1,0,1,0,Hierbabuena,,,,,,,2026-05-10 00:39:44,2026-05-06 20:48:22,75.86,4,cg_1778373581999_1,4537,cam1_20260509_183943.jpg,crops/cam1_20260509_183943_r0_c1.jpg,4539,cam1_20260509_183948.jpg,crops/cam1_20260509_183948_r0_c1.jpg,9437,28.2,,50,0,0,0,0,0,0,0.0,0.0,2153.0,0.0,37.7,9.4,0.0,0.0,,2026-05-10 00:39:49
germ-germinadorap-de5832|LOT-20260506-651F-005|r0_c1|rep0,LOT-20260506-651F-005:B1:R0,germ-germinadorap-de5832,LOT-20260506-651F-005,B1,0,1,0,Hierbabuena,,,,,,,2026-05-10 00:54:44,2026-05-06 20:48:22,76.11,4,cg_1778374481999_1,4541,cam1_20260509_185444.jpg,crops/cam1_20260509_185444_r0_c1.jpg,4543,cam1_20260509_185448.jpg,crops/cam1_20260509_185448_r0_c1.jpg,9449,28.2,,50,0,0,0,0,0,0,0.0,0.0,2168.0,0.0,37.7,9.4,0.0,0.0,,2026-05-10 00:54:49
germ-germinadorap-de5832|LOT-20260506-651F-005|r0_c1|rep0,LOT-20260506-651F-005:B1:R0,germ-germinadorap-de5832,LOT-20260506-651F-005,B1,0,1,0,Hierbabuena,,,,,,,2026-05-10 01:09:46,2026-05-06 20:48:22,76.36,4,cg_1778375382000_1,4545,cam1_20260509_190945.jpg,crops/cam1_20260509_190945_r0_c1.jpg,4547,cam1_20260509_190948.jpg,crops/cam1_20260509_190948_r0_c1.jpg,9461,28.5,,50,0,0,0,0,0,0,0.0,0.0,2182.0,0.0,37.7,9.4,0.0,0.0,,2026-05-10 01:09:50
germ-germinadorap-de5832|LOT-20260506-651F-005|r0_c1|rep0,LOT-20260506-651F-005:B1:R0,germ-germinadorap-de5832,LOT-20260506-651F-005,B1,0,1,0,Hierbabuena,,,,,,,2026-05-10 01:24:46,2026-05-06 20:48:22,76.61,4,cg_1778376282004_1,4549,cam1_20260509_192445.jpg,crops/cam1_20260509_192445_r0_c1.jpg,4551,cam1_20260509_192450.jpg,crops/cam1_20260509_192450_r0_c1.jpg,9473,28.5,,50,0,0,0,0,0,0,0.0,0.0,2197.0,0.0,37.7,9.4,0.0,0.0,,2026-05-10 01:24:51
germ-germinadorap-de5832|LOT-20260506-651F-005|r0_c1|rep0,LOT-20260506-651F-005:B1:R0,germ-germinadorap-de5832,LOT-20260506-651F-005,B1,0,1,0,Hierbabuena,,,,,,,2026-05-10 01:39:44,2026-05-06 20:48:22,76.86,4,cg_1778377182004_1,4553,cam1_20260509_193943.jpg,crops/cam1_20260509_193943_r0_c1.jpg,4555,cam1_20260509_193948.jpg,crops/cam1_20260509_193948_r0_c1.jpg,9485,28.6,,51,0,0,0,0,0,0,0.0,0.0,2212.0,0.0,37.7,9.4,0.0,0.0,,2026-05-10 01:39:50
germ-germinadorap-de5832|LOT-20260506-651F-005|r0_c1|rep0,LOT-20260506-651F-005:B1:R0,germ-germinadorap-de5832,LOT-20260506-651F-005,B1,0,1,0,Hierbabuena,,,,,,,2026-05-10 01:54:44,2026-05-06 20:48:22,77.11,4,cg_1778378082009_1,4557,cam1_20260509_195443.jpg,crops/cam1_20260509_195443_r0_c1.jpg,4559,cam1_20260509_195448.jpg,crops/cam1_20260509_195448_r0_c1.jpg,9497,28.4,,51,0,0,0,0,0,0,0.0,0.0,2227.0,0.0,37.7,9.4,0.0,0.0,,2026-05-10 01:54:49
germ-germinadorap-de5832|LOT-20260506-651F-005|r0_c1|rep0,LOT-20260506-651F-005:B1:R0,germ-germinadorap-de5832,LOT-20260506-651F-005,B1,0,1,0,Hierbabuena,,,,,,,2026-05-10 02:09:44,2026-05-06 20:48:22,77.36,4,cg_1778378982011_1,4561,cam1_20260509_200943.jpg,crops/cam1_20260509_200943_r0_c1.jpg,4563,cam1_20260509_200948.jpg,crops/cam1_20260509_200948_r0_c1.jpg,9509,28.4,,51,0,0,0,0,0,0,0.0,0.0,2232.0,0.0,37.7,9.4,0.0,0.0,,2026-05-10 02:09:49
germ-germinadorap-de5832|LOT-20260506-651F-005|r0_c1|rep0,LOT-20260506-651F-005:B1:R0,germ-germinadorap-de5832,LOT-20260506-651F-005,B1,0,1,0,Hierbabuena,,,,,,,2026-05-10 02:24:44,2026-05-06 20:48:22,77.61,4,cg_1778379882013_1,4565,cam1_20260509_202443.jpg,crops/cam1_20260509_202443_r0_c1.jpg,4567,cam1_20260509_202448.jpg,crops/cam1_20260509_202448_r0_c1.jpg,9521,28.5,,53,0,0,0,0,0,0,0.0,0.0,2232.0,0.0,37.7,9.4,0.0,0.0,,2026-05-10 02:24:49
germ-germinadorap-de5832|LOT-20260506-651F-005|r0_c1|rep0,LOT-20260506-651F-005:B1:R0,germ-germinadorap-de5832,LOT-20260506-651F-005,B1,0,1,0,Hierbabuena,,,,,,,2026-05-10 02:39:44,2026-05-06 20:48:22,77.86,4,cg_1778380782015_1,4569,cam1_20260509_203943.jpg,crops/cam1_20260509_203943_r0_c1.jpg,4571,cam1_20260509_203948.jpg,crops/cam1_20260509_203948_r0_c1.jpg,9533,28.2,,54,0,0,0,0,0,0,0.0,0.0,2233.0,0.0,37.7,9.4,0.0,0.0,,2026-05-10 02:39:49
germ-germinadorap-de5832|LOT-20260506-651F-005|r0_c1|rep0,LOT-20260506-651F-005:B1:R0,germ-germinadorap-de5832,LOT-20260506-651F-005,B1,0,1,0,Hierbabuena,,,,,,,2026-05-10 02:54:44,2026-05-06 20:48:22,78.11,4,cg_1778381682015_1,4573,cam1_20260509_205443.jpg,crops/cam1_20260509_205443_r0_c1.jpg,4575,cam1_20260509_205448.jpg,crops/cam1_20260509_205448_r0_c1.jpg,9545,28.1,,55,0,0,0,0,0,0,0.0,0.0,2233.0,0.0,37.7,9.4,0.0,0.0,,2026-05-10 02:54:49
germ-germinadorap-de5832|LOT-20260506-651F-005|r0_c1|rep0,LOT-20260506-651F-005:B1:R0,germ-germinadorap-de5832,LOT-20260506-651F-005,B1,0,1,0,Hierbabuena,,,,,,,2026-05-10 03:09:44,2026-05-06 20:48:22,78.36,4,cg_1778382582015_1,4577,cam1_20260509_210943.jpg,crops/cam1_20260509_210943_r0_c1.jpg,4579,cam1_20260509_210948.jpg,crops/cam1_20260509_210948_r0_c1.jpg,9557,28,,56,0,0,0,0,0,0,0.0,0.0,2233.0,0.0,37.7,9.4,0.0,0.0,,2026-05-10 03:09:49
germ-germinadorap-de5832|LOT-20260506-651F-005|r0_c1|rep0,LOT-20260506-651F-005:B1:R0,germ-germinadorap-de5832,LOT-20260506-651F-005,B1,0,1,0,Hierbabuena,,,,,,,2026-05-10 03:24:44,2026-05-06 20:48:22,78.61,4,cg_1778383482016_1,4581,cam1_20260509_212443.jpg,crops/cam1_20260509_212443_r0_c1.jpg,4583,cam1_20260509_212448.jpg,crops/cam1_20260509_212448_r0_c1.jpg,9569,27.8,,55,0,0,0,0,0,0,0.0,0.0,2233.0,0.0,37.7,9.4,0.0,0.0,,2026-05-10 03:24:49
germ-germinadorap-de5832|LOT-20260506-651F-005|r0_c1|rep0,LOT-20260506-651F-005:B1:R0,germ-germinadorap-de5832,LOT-20260506-651F-005,B1,0,1,0,Hierbabuena,,,,,,,2026-05-10 03:39:44,2026-05-06 20:48:22,78.86,4,cg_1778384382021_1,4585,cam1_20260509_213943.jpg,crops/cam1_20260509_213943_r0_c1.jpg,4587,cam1_20260509_213948.jpg,crops/cam1_20260509_213948_r0_c1.jpg,9581,27.8,,55,0,0,0,0,0,0,0.0,0.0,2233.0,0.0,37.7,9.4,0.0,0.0,,2026-05-10 03:39:49
germ-germinadorap-de5832|LOT-20260506-651F-005|r0_c1|rep0,LOT-20260506-651F-005:B1:R0,germ-germinadorap-de5832,LOT-20260506-651F-005,B1,0,1,0,Hierbabuena,,,,,,,2026-05-10 03:54:44,2026-05-06 20:48:22,79.11,4,cg_1778385282027_1,4589,cam1_20260509_215443.jpg,crops/cam1_20260509_215443_r0_c1.jpg,4591,cam1_20260509_215448.jpg,crops/cam1_20260509_215448_r0_c1.jpg,9593,27.8,,55,0,0,0,0,0,0,0.0,0.0,2233.0,0.0,37.7,9.4,0.0,0.0,,2026-05-10 03:54:49
germ-germinadorap-de5832|LOT-20260506-651F-005|r0_c1|rep0,LOT-20260506-651F-005:B1:R0,germ-germinadorap-de5832,LOT-20260506-651F-005,B1,0,1,0,Hierbabuena,,,,,,,2026-05-10 04:09:45,2026-05-06 20:48:22,79.36,4,cg_1778386182025_1,4593,cam1_20260509_220945.jpg,crops/cam1_20260509_220945_r0_c1.jpg,4595,cam1_20260509_220948.jpg,crops/cam1_20260509_220948_r0_c1.jpg,9605,27.9,,56,0,0,0,0,0,0,0.0,0.0,2233.0,0.0,37.7,9.4,0.0,0.0,,2026-05-10 04:09:49
germ-germinadorap-de5832|LOT-20260506-651F-005|r0_c1|rep0,LOT-20260506-651F-005:B1:R0,germ-germinadorap-de5832,LOT-20260506-651F-005,B1,0,1,0,Hierbabuena,,,,,,,2026-05-10 04:24:44,2026-05-06 20:48:22,79.61,4,cg_1778387082025_1,4597,cam1_20260509_222444.jpg,crops/cam1_20260509_222444_r0_c1.jpg,4599,cam1_20260509_222448.jpg,crops/cam1_20260509_222448_r0_c1.jpg,9617,27.8,,56,0,0,0,0,0,0,0.0,0.0,2233.0,0.0,37.7,9.4,0.0,0.0,,2026-05-10 04:24:49
germ-germinadorap-de5832|LOT-20260506-651F-005|r0_c1|rep0,LOT-20260506-651F-005:B1:R0,germ-germinadorap-de5832,LOT-20260506-651F-005,B1,0,1,0,Hierbabuena,,,,,,,2026-05-10 04:39:44,2026-05-06 20:48:22,79.86,4,cg_1778387982024_1,4600,cam1_20260509_223943.jpg,crops/cam1_20260509_223943_r0_c1.jpg,4602,cam1_20260509_223946.jpg,crops/cam1_20260509_223946_r0_c1.jpg,9624,27.8,,56,0,0,0,0,0,0,0.0,0.0,2233.0,0.0,37.7,9.4,0.0,0.0,,2026-05-10 04:39:47
germ-germinadorap-de5832|LOT-20260506-651F-005|r0_c1|rep0,LOT-20260506-651F-005:B1:R0,germ-germinadorap-de5832,LOT-20260506-651F-005,B1,0,1,0,Hierbabuena,,,,,,,2026-05-10 04:55:33,2026-05-06 20:48:22,80.12,4,cg_1778388930019_1,4605,cam1_20260509_225532.jpg,crops/cam1_20260509_225532_r0_c1.jpg,4607,cam1_20260509_225536.jpg,crops/cam1_20260509_225536_r0_c1.jpg,9641,28.2,,50,77.8,0,0,0,0,0,0.0,0.0,2239.0,0.0,37.7,9.4,0.0,0.0,,2026-05-10 04:55:38
germ-germinadorap-de5832|LOT-20260506-651F-005|r0_c1|rep0,LOT-20260506-651F-005:B1:R0,germ-germinadorap-de5832,LOT-20260506-651F-005,B1,0,1,0,Hierbabuena,,,,,,,2026-05-10 05:10:32,2026-05-06 20:48:22,80.37,4,cg_1778389830172_1,4609,cam1_20260509_231032.jpg,crops/cam1_20260509_231032_r0_c1.jpg,4611,cam1_20260509_231036.jpg,crops/cam1_20260509_231036_r0_c1.jpg,9653,28.6,,49,100,0,0,0,0,0,0.0,0.0,2245.0,0.0,37.7,9.4,0.0,0.0,,2026-05-10 05:10:38
germ-germinadorap-de5832|LOT-20260506-651F-005|r0_c1|rep0,LOT-20260506-651F-005:B1:R0,germ-germinadorap-de5832,LOT-20260506-651F-005,B1,0,1,0,Hierbabuena,,,,,,,2026-05-10 05:25:37,2026-05-06 20:48:22,80.62,4,cg_1778390735086_1,4613,cam1_20260509_232536.jpg,crops/cam1_20260509_232536_r0_c1.jpg,4615,cam1_20260509_232543.jpg,crops/cam1_20260509_232543_r0_c1.jpg,9665,28.6,,49,95.4,0,0,0,0,0,0.0,0.0,2246.0,0.0,37.7,9.4,0.0,0.0,,2026-05-10 05:25:45
germ-germinadorap-de5832|LOT-20260506-651F-005|r0_c1|rep0,LOT-20260506-651F-005:B1:R0,germ-germinadorap-de5832,LOT-20260506-651F-005,B1,0,1,0,Hierbabuena,,,,,,,2026-05-10 05:41:28,2026-05-06 20:48:22,80.89,4,cg_1778391684927_1,4616,cam1_20260509_234127.jpg,crops/cam1_20260509_234127_r0_c1.jpg,4618,cam1_20260509_234131.jpg,crops/cam1_20260509_234131_r0_c1.jpg,9672,28.4,,49,100,0,0,0,0,0,0.0,0.0,2246.0,0.0,37.7,9.4,0.0,0.0,,2026-05-10 05:41:33
germ-germinadorap-de5832|LOT-20260506-651F-005|r0_c1|rep0,LOT-20260506-651F-005:B1:R0,germ-germinadorap-de5832,LOT-20260506-651F-005,B1,0,1,0,Hierbabuena,,,,,,,2026-05-10 05:56:28,2026-05-06 20:48:22,81.14,4,cg_1778392584925_1,4621,cam1_20260509_235628.jpg,crops/cam1_20260509_235628_r0_c1.jpg,4623,cam1_20260509_235632.jpg,crops/cam1_20260509_235632_r0_c1.jpg,9689,28.7,,48,100,0,0,0,0,0,0.0,0.0,2246.0,0.0,37.7,9.4,0.0,0.0,,2026-05-10 05:56:33
germ-germinadorap-de5832|LOT-20260506-651F-005|r0_c1|rep0,LOT-20260506-651F-005:B1:R0,germ-germinadorap-de5832,LOT-20260506-651F-005,B1,0,1,0,Hierbabuena,,,,,,,2026-05-10 06:11:28,2026-05-06 20:48:22,81.39,4,cg_1778393484925_1,4628,cam1_20260510_001127.jpg,crops/cam1_20260510_001127_r0_c1.jpg,4630,cam1_20260510_001136.jpg,crops/cam1_20260510_001136_r0_c1.jpg,9696,28.6,,48,100,0,0,0,0,0,0.0,0.0,2246.0,0.0,37.7,9.4,0.0,0.0,,2026-05-10 06:11:37
germ-germinadorap-de5832|LOT-20260506-651F-005|r0_c1|rep0,LOT-20260506-651F-005:B1:R0,germ-germinadorap-de5832,LOT-20260506-651F-005,B1,0,1,0,Hierbabuena,,,,,,,2026-05-10 06:26:29,2026-05-06 20:48:22,81.64,4,cg_1778394384926_1,4633,cam1_20260510_002629.jpg,crops/cam1_20260510_002629_r0_c1.jpg,4635,cam1_20260510_002640.jpg,crops/cam1_20260510_002640_r0_c1.jpg,9713,28.4,,49,100,0,0,0,0,0,0.0,0.0,2246.0,0.0,37.7,9.4,0.0,0.0,,2026-05-10 06:26:41
germ-germinadorap-de5832|LOT-20260506-651F-005|r0_c1|rep0,LOT-20260506-651F-005:B1:R0,germ-germinadorap-de5832,LOT-20260506-651F-005,B1,0,1,0,Hierbabuena,,,,,,,2026-05-10 06:41:29,2026-05-06 20:48:22,81.89,4,cg_1778395284927_1,4637,cam1_20260510_004128.jpg,crops/cam1_20260510_004128_r0_c1.jpg,4639,cam1_20260510_004139.jpg,crops/cam1_20260510_004139_r0_c1.jpg,9725,28.3,,49,100,0,0,0,0,0,0.0,0.0,2246.0,0.0,37.7,9.4,0.0,0.0,,2026-05-10 06:41:41
germ-germinadorap-de5832|LOT-20260506-651F-005|r0_c1|rep0,LOT-20260506-651F-005:B1:R0,germ-germinadorap-de5832,LOT-20260506-651F-005,B1,0,1,0,Hierbabuena,,,,,,,2026-05-10 06:56:28,2026-05-06 20:48:22,82.14,4,cg_1778396184928_1,4640,cam1_20260510_005628.jpg,crops/cam1_20260510_005628_r0_c1.jpg,4642,cam1_20260510_005634.jpg,crops/cam1_20260510_005634_r0_c1.jpg,9732,28.3,,50,100,0,0,0,0,0,0.0,0.0,2246.0,0.0,37.7,9.4,0.0,0.0,,2026-05-10 06:56:36
germ-germinadorap-de5832|LOT-20260506-651F-005|r0_c1|rep0,LOT-20260506-651F-005:B1:R0,germ-germinadorap-de5832,LOT-20260506-651F-005,B1,0,1,0,Hierbabuena,,,,,,,2026-05-10 07:11:28,2026-05-06 20:48:22,82.39,4,cg_1778397084929_1,4645,cam1_20260510_011128.jpg,crops/cam1_20260510_011128_r0_c1.jpg,4647,cam1_20260510_011137.jpg,crops/cam1_20260510_011137_r0_c1.jpg,9749,28.4,,50,100,0,0,0,0,0,0.0,0.0,2247.0,0.0,37.7,9.4,0.0,0.0,,2026-05-10 07:11:39
germ-germinadorap-de5832|LOT-20260506-651F-005|r0_c1|rep0,LOT-20260506-651F-005:B1:R0,germ-germinadorap-de5832,LOT-20260506-651F-005,B1,0,1,0,Hierbabuena,,,,,,,2026-05-10 07:26:28,2026-05-06 20:48:22,82.64,4,cg_1778397984929_1,4648,cam1_20260510_012627.jpg,crops/cam1_20260510_012627_r0_c1.jpg,4650,cam1_20260510_012634.jpg,crops/cam1_20260510_012634_r0_c1.jpg,9756,28.3,,50,100,0,0,0,0,0,0.0,0.0,2247.0,0.0,37.7,9.4,0.0,0.0,,2026-05-10 07:26:36
germ-germinadorap-de5832|LOT-20260506-651F-005|r0_c1|rep0,LOT-20260506-651F-005:B1:R0,germ-germinadorap-de5832,LOT-20260506-651F-005,B1,0,1,0,Hierbabuena,,,,,,,2026-05-10 07:42:28,2026-05-06 20:48:22,82.90,4,cg_1778398944929_1,4653,cam1_20260510_014228.jpg,crops/cam1_20260510_014228_r0_c1.jpg,4655,cam1_20260510_014237.jpg,crops/cam1_20260510_014237_r0_c1.jpg,9773,28.4,,51,100,0,0,0,0,0,0.0,0.0,2247.0,0.0,37.7,9.4,0.0,0.0,,2026-05-10 07:42:39
germ-germinadorap-de5832|LOT-20260506-651F-005|r0_c1|rep0,LOT-20260506-651F-005:B1:R0,germ-germinadorap-de5832,LOT-20260506-651F-005,B1,0,1,0,Hierbabuena,,,,,,,2026-05-10 07:57:27,2026-05-06 20:48:22,83.15,4,cg_1778399844929_1,4657,cam1_20260510_015727.jpg,crops/cam1_20260510_015727_r0_c1.jpg,4659,cam1_20260510_015731.jpg,crops/cam1_20260510_015731_r0_c1.jpg,9785,28.4,,50,100,0,0,0,0,0,0.0,0.0,2247.0,0.0,37.7,9.4,0.0,0.0,,2026-05-10 07:57:33
germ-germinadorap-de5832|LOT-20260506-651F-005|r0_c1|rep0,LOT-20260506-651F-005:B1:R0,germ-germinadorap-de5832,LOT-20260506-651F-005,B1,0,1,0,Hierbabuena,,,,,,,2026-05-10 15:09:40,2026-05-06 20:48:22,90.36,4,cg_1778425778437_1,4661,cam1_20260510_090940.jpg,crops/cam1_20260510_090940_r0_c1.jpg,4663,cam1_20260510_090944.jpg,crops/cam1_20260510_090944_r0_c1.jpg,9797,27.2,,51,46.9,0,0,0,0,0,0.0,0.0,2248.0,0.0,43.7,10.9,0.6,0.2,,2026-05-10 15:09:45
germ-germinadorap-de5832|LOT-20260506-651F-005|r0_c1|rep0,LOT-20260506-651F-005:B1:R0,germ-germinadorap-de5832,LOT-20260506-651F-005,B1,0,1,0,Hierbabuena,,,,,,,2026-05-10 15:24:40,2026-05-06 20:48:22,90.61,4,cg_1778426678438_1,4665,cam1_20260510_092440.jpg,crops/cam1_20260510_092440_r0_c1.jpg,4667,cam1_20260510_092444.jpg,crops/cam1_20260510_092444_r0_c1.jpg,9809,27.6,,47,46.6,0,0,0,0,0,0.0,0.0,2263.0,0.0,44.0,11.0,0.7,0.2,,2026-05-10 15:24:45
germ-germinadorap-de5832|LOT-20260506-651F-005|r0_c1|rep0,LOT-20260506-651F-005:B1:R0,germ-germinadorap-de5832,LOT-20260506-651F-005,B1,0,1,0,Hierbabuena,,,,,,,2026-05-10 15:39:40,2026-05-06 20:48:22,90.86,4,cg_1778427578435_1,4669,cam1_20260510_093940.jpg,crops/cam1_20260510_093940_r0_c1.jpg,4671,cam1_20260510_093944.jpg,crops/cam1_20260510_093944_r0_c1.jpg,9821,28.4,,46,47.8,0,0,0,0,0,0.0,0.0,2278.0,0.0,44.2,11.1,0.8,0.2,,2026-05-10 15:39:45
germ-germinadorap-de5832|LOT-20260506-651F-005|r0_c1|rep0,LOT-20260506-651F-005:B1:R0,germ-germinadorap-de5832,LOT-20260506-651F-005,B1,0,1,0,Hierbabuena,,,,,,,2026-05-10 15:54:42,2026-05-06 20:48:22,91.11,4,cg_1778428478436_1,4673,cam1_20260510_095441.jpg,crops/cam1_20260510_095441_r0_c1.jpg,4675,cam1_20260510_095444.jpg,crops/cam1_20260510_095444_r0_c1.jpg,9833,28.8,,45,49.5,0,0,0,0,0,0.0,0.0,2293.0,0.0,44.5,11.1,0.8,0.2,,2026-05-10 15:54:46
germ-germinadorap-de5832|LOT-20260506-651F-005|r0_c1|rep0,LOT-20260506-651F-005:B1:R0,germ-germinadorap-de5832,LOT-20260506-651F-005,B1,0,1,0,Hierbabuena,,,,,,,2026-05-10 16:09:41,2026-05-06 20:48:22,91.36,4,cg_1778429378438_1,4677,cam1_20260510_100940.jpg,crops/cam1_20260510_100940_r0_c1.jpg,4679,cam1_20260510_100944.jpg,crops/cam1_20260510_100944_r0_c1.jpg,9845,28.8,,44,69.6,0,0,0,0,0,0.0,0.0,2307.0,0.0,44.7,11.2,0.9,0.2,,2026-05-10 16:09:46
germ-germinadorap-de5832|LOT-20260506-651F-005|r0_c1|rep0,LOT-20260506-651F-005:B1:R0,germ-germinadorap-de5832,LOT-20260506-651F-005,B1,0,1,0,Hierbabuena,,,,,,,2026-05-10 16:24:40,2026-05-06 20:48:22,91.61,4,cg_1778430278438_1,4681,cam1_20260510_102440.jpg,crops/cam1_20260510_102440_r0_c1.jpg,4683,cam1_20260510_102445.jpg,crops/cam1_20260510_102445_r0_c1.jpg,9857,28.9,,44,50,0,0,0,0,0,0.0,0.0,2322.0,0.0,44.9,11.2,1.0,0.3,,2026-05-10 16:24:46
germ-germinadorap-de5832|LOT-20260506-651F-005|r0_c1|rep0,LOT-20260506-651F-005:B1:R0,germ-germinadorap-de5832,LOT-20260506-651F-005,B1,0,1,0,Hierbabuena,,,,,,,2026-05-10 16:39:40,2026-05-06 20:48:22,91.86,4,cg_1778431178439_1,4685,cam1_20260510_103940.jpg,crops/cam1_20260510_103940_r0_c1.jpg,4687,cam1_20260510_103944.jpg,crops/cam1_20260510_103944_r0_c1.jpg,9869,29.4,,46,67.9,0,0,0,0,0,0.0,0.0,2337.0,0.0,45.2,11.3,1.1,0.3,,2026-05-10 16:39:45
germ-germinadorap-de5832|LOT-20260506-651F-005|r0_c1|rep0,LOT-20260506-651F-005:B1:R0,germ-germinadorap-de5832,LOT-20260506-651F-005,B1,0,1,0,Hierbabuena,,,,,,,2026-05-10 16:54:41,2026-05-06 20:48:22,92.11,4,cg_1778432078441_1,4689,cam1_20260510_105440.jpg,crops/cam1_20260510_105440_r0_c1.jpg,4691,cam1_20260510_105445.jpg,crops/cam1_20260510_105445_r0_c1.jpg,9881,29.2,,46,49.6,0,0,0,0,0,0.0,0.0,2352.0,0.0,45.4,11.4,1.1,0.3,,2026-05-10 16:54:46
germ-germinadorap-de5832|LOT-20260506-651F-005|r0_c1|rep0,LOT-20260506-651F-005:B1:R0,germ-germinadorap-de5832,LOT-20260506-651F-005,B1,0,1,0,Hierbabuena,,,,,,,2026-05-10 17:09:41,2026-05-06 20:48:22,92.36,4,cg_1778432978444_1,4693,cam1_20260510_110941.jpg,crops/cam1_20260510_110941_r0_c1.jpg,4695,cam1_20260510_110946.jpg,crops/cam1_20260510_110946_r0_c1.jpg,9893,29.3,,46,73.2,0,0,0,0,0,0.0,0.0,2367.0,0.0,45.7,11.4,1.2,0.3,,2026-05-10 17:09:48
germ-germinadorap-de5832|LOT-20260506-651F-005|r0_c1|rep0,LOT-20260506-651F-005:B1:R0,germ-germinadorap-de5832,LOT-20260506-651F-005,B1,0,1,0,Hierbabuena,,,,,,,2026-05-10 17:24:40,2026-05-06 20:48:22,92.61,4,cg_1778433878445_1,4697,cam1_20260510_112440.jpg,crops/cam1_20260510_112440_r0_c1.jpg,4699,cam1_20260510_112444.jpg,crops/cam1_20260510_112444_r0_c1.jpg,9905,29.3,,47,76.9,0,0,0,0,0,0.0,0.0,2382.0,0.0,45.9,11.5,1.2,0.3,,2026-05-10 17:24:45
germ-germinadorap-de5832|LOT-20260506-651F-005|r0_c1|rep0,LOT-20260506-651F-005:B1:R0,germ-germinadorap-de5832,LOT-20260506-651F-005,B1,0,1,0,Hierbabuena,,,,,,,2026-05-10 17:39:40,2026-05-06 20:48:22,92.86,4,cg_1778434778446_1,4701,cam1_20260510_113940.jpg,crops/cam1_20260510_113940_r0_c1.jpg,4703,cam1_20260510_113944.jpg,crops/cam1_20260510_113944_r0_c1.jpg,9917,29.4,,46,49.8,0,0,0,0,0,0.0,0.0,2397.0,0.0,46.2,11.5,1.3,0.3,,2026-05-10 17:39:46
germ-germinadorap-de5832|LOT-20260506-651F-005|r0_c1|rep0,LOT-20260506-651F-005:B1:R0,germ-germinadorap-de5832,LOT-20260506-651F-005,B1,0,1,0,Hierbabuena,,,,,,,2026-05-10 17:55:30,2026-05-06 20:48:22,93.12,4,cg_1778435727204_1,4705,cam1_20260510_115530.jpg,crops/cam1_20260510_115530_r0_c1.jpg,4707,cam1_20260510_115534.jpg,crops/cam1_20260510_115534_r0_c1.jpg,9929,29.6,,46,67.9,0,0,0,0,0,0.0,0.0,2413.0,0.0,46.5,11.6,1.3,0.3,,2026-05-10 17:55:35
germ-germinadorap-de5832|LOT-20260506-651F-005|r0_c1|rep0,LOT-20260506-651F-005:B1:R0,germ-germinadorap-de5832,LOT-20260506-651F-005,B1,0,1,0,Hierbabuena,,,,,,,2026-05-10 18:10:29,2026-05-06 20:48:22,93.37,4,cg_1778436627209_1,4709,cam1_20260510_121029.jpg,crops/cam1_20260510_121029_r0_c1.jpg,4711,cam1_20260510_121040.jpg,crops/cam1_20260510_121040_r0_c1.jpg,9941,29.7,,45,78.7,0,0,0,0,0,0.0,0.0,2428.0,0.0,46.7,11.7,1.4,0.3,,2026-05-10 18:10:41
germ-germinadorap-de5832|LOT-20260506-651F-005|r0_c1|rep0,LOT-20260506-651F-005:B1:R0,germ-germinadorap-de5832,LOT-20260506-651F-005,B1,0,1,0,Hierbabuena,,,,,,,2026-05-10 18:25:30,2026-05-06 20:48:22,93.62,4,cg_1778437527211_1,4713,cam1_20260510_122529.jpg,crops/cam1_20260510_122529_r0_c1.jpg,4715,cam1_20260510_122533.jpg,crops/cam1_20260510_122533_r0_c1.jpg,9953,29.7,,44,62.5,0,0,0,0,0,0.0,0.0,2442.0,0.0,46.9,11.7,1.4,0.4,,2026-05-10 18:25:35
germ-germinadorap-de5832|LOT-20260506-651F-005|r0_c1|rep0,LOT-20260506-651F-005:B1:R0,germ-germinadorap-de5832,LOT-20260506-651F-005,B1,0,1,0,Hierbabuena,,,,,,,2026-05-10 18:40:30,2026-05-06 20:48:22,93.87,4,cg_1778438427212_1,4717,cam1_20260510_124029.jpg,crops/cam1_20260510_124029_r0_c1.jpg,4719,cam1_20260510_124033.jpg,crops/cam1_20260510_124033_r0_c1.jpg,9965,29.8,,44,67.9,0,0,0,0,0,0.0,0.0,2457.0,0.0,47.2,11.8,1.5,0.4,,2026-05-10 18:40:35
germ-germinadorap-de5832|LOT-20260506-651F-005|r0_c1|rep0,LOT-20260506-651F-005:B1:R0,germ-germinadorap-de5832,LOT-20260506-651F-005,B1,0,1,0,Hierbabuena,,,,,,,2026-05-10 18:55:30,2026-05-06 20:48:22,94.12,4,cg_1778439327214_1,4721,cam1_20260510_125529.jpg,crops/cam1_20260510_125529_r0_c1.jpg,4723,cam1_20260510_125533.jpg,crops/cam1_20260510_125533_r0_c1.jpg,9977,29.8,,44,65.2,0,0,0,0,0,0.0,0.0,2472.0,0.0,47.4,11.9,1.5,0.4,,2026-05-10 18:55:35
germ-germinadorap-de5832|LOT-20260506-651F-005|r0_c1|rep0,LOT-20260506-651F-005:B1:R0,germ-germinadorap-de5832,LOT-20260506-651F-005,B1,0,1,0,Hierbabuena,,,,,,,2026-05-10 19:10:29,2026-05-06 20:48:22,94.37,4,cg_1778440227221_1,4729,cam1_20260510_131029.jpg,crops/cam1_20260510_131029_r0_c1.jpg,4731,cam1_20260510_131034.jpg,crops/cam1_20260510_131034_r0_c1.jpg,9989,29.9,,45,47.4,0,0,0,0,0,0.0,0.0,2487.0,4.0,47.7,11.9,1.6,0.4,,2026-05-10 19:10:35
germ-germinadorap-de5832|LOT-20260506-651F-005|r0_c1|rep0,LOT-20260506-651F-005:B1:R0,germ-germinadorap-de5832,LOT-20260506-651F-005,B1,0,1,0,Hierbabuena,,,,,,,2026-05-10 19:25:29,2026-05-06 20:48:22,94.62,4,cg_1778441127254_1,4733,cam1_20260510_132528.jpg,crops/cam1_20260510_132528_r0_c1.jpg,4735,cam1_20260510_132534.jpg,crops/cam1_20260510_132534_r0_c1.jpg,10001,29.7,,46,49.7,0,0,0,0,0,0.0,0.0,2502.0,8.0,47.9,12.0,1.6,0.4,,2026-05-10 19:25:35
germ-germinadorap-de5832|LOT-20260506-651F-005|r0_c1|rep0,LOT-20260506-651F-005:B1:R0,germ-germinadorap-de5832,LOT-20260506-651F-005,B1,0,1,0,Hierbabuena,,,,,,,2026-05-10 19:40:29,2026-05-06 20:48:22,94.87,4,cg_1778442027256_1,4737,cam1_20260510_134029.jpg,crops/cam1_20260510_134029_r0_c1.jpg,4739,cam1_20260510_134033.jpg,crops/cam1_20260510_134033_r0_c1.jpg,10013,29.9,,45,68.8,0,0,0,0,0,0.0,0.0,2517.0,11.0,48.2,12.0,1.6,0.4,,2026-05-10 19:40:35
germ-germinadorap-de5832|LOT-20260506-651F-005|r0_c1|rep0,LOT-20260506-651F-005:B1:R0,germ-germinadorap-de5832,LOT-20260506-651F-005,B1,0,1,0,Hierbabuena,,,,,,,2026-05-10 19:55:38,2026-05-06 20:48:22,95.12,4,cg_1778442935744_1,4749,cam1_20260510_135538.jpg,crops/cam1_20260510_135538_r0_c1.jpg,4751,cam1_20260510_135543.jpg,crops/cam1_20260510_135543_r0_c1.jpg,10025,29.9,,54,46.2,0,0,0,0,0,0.0,0.0,2532.0,14.0,48.4,12.1,1.7,0.4,,2026-05-10 19:55:45
germ-germinadorap-de5832|LOT-20260506-651F-005|r0_c1|rep0,LOT-20260506-651F-005:B1:R0,germ-germinadorap-de5832,LOT-20260506-651F-005,B1,0,1,0,Hierbabuena,,,,,,,2026-05-10 20:10:38,2026-05-06 20:48:22,95.37,4,cg_1778443835805_1,4753,cam1_20260510_141038.jpg,crops/cam1_20260510_141038_r0_c1.jpg,4755,cam1_20260510_141042.jpg,crops/cam1_20260510_141042_r0_c1.jpg,10037,29.9,,48,51.8,0,0,0,0,0,0.0,0.0,2546.0,19.0,48.5,12.1,1.7,0.4,,2026-05-10 20:10:44
germ-germinadorap-de5832|LOT-20260506-651F-005|r0_c1|rep0,LOT-20260506-651F-005:B1:R0,germ-germinadorap-de5832,LOT-20260506-651F-005,B1,0,1,0,Hierbabuena,,,,,,,2026-05-10 20:25:48,2026-05-06 20:48:22,95.62,4,cg_1778444745348_1,4761,cam1_20260510_142547.jpg,crops/cam1_20260510_142547_r0_c1.jpg,4763,cam1_20260510_142553.jpg,crops/cam1_20260510_142553_r0_c1.jpg,10049,29.7,,62,47.1,0,0,1,0,0,0.0,1.0,2562.0,23.0,48.5,12.1,1.7,0.4,,2026-05-10 20:25:55
germ-germinadorap-de5832|LOT-20260506-651F-005|r0_c1|rep0,LOT-20260506-651F-005:B1:R0,germ-germinadorap-de5832,LOT-20260506-651F-005,B1,0,1,0,Hierbabuena,,,,,,,2026-05-10 20:41:00,2026-05-06 20:48:22,95.88,4,cg_1778445655056_1,4770,cam1_20260510_144100.jpg,crops/cam1_20260510_144100_r0_c1.jpg,4771,cam1_20260510_144102.jpg,crops/cam1_20260510_144102_r0_c1.jpg,10061,29.7,,47,47.6,0,0,0,0,0,0.0,0.0,2576.0,29.0,48.5,12.1,1.7,0.4,,2026-05-10 20:41:04
germ-germinadorap-de5832|LOT-20260506-651F-005|r0_c1|rep0,LOT-20260506-651F-005:B1:R0,germ-germinadorap-de5832,LOT-20260506-651F-005,B1,0,1,0,Hierbabuena,,,,,,,2026-05-10 20:55:57,2026-05-06 20:48:22,96.13,5,cg_1778446555253_1,4777,cam1_20260510_145557.jpg,crops/cam1_20260510_145557_r0_c1.jpg,4779,cam1_20260510_145602.jpg,crops/cam1_20260510_145602_r0_c1.jpg,10073,29.9,,58,47.7,0,0,0,0,0,0.0,0.0,2591.0,34.0,48.5,9.7,1.7,0.3,,2026-05-10 20:56:03
germ-germinadorap-de5832|LOT-20260506-651F-005|r0_c1|rep0,LOT-20260506-651F-005:B1:R0,germ-germinadorap-de5832,LOT-20260506-651F-005,B1,0,1,0,Hierbabuena,,,,,,,2026-05-10 21:10:57,2026-05-06 20:48:22,96.38,5,cg_1778447455410_1,4781,cam1_20260510_151057.jpg,crops/cam1_20260510_151057_r0_c1.jpg,4783,cam1_20260510_151102.jpg,crops/cam1_20260510_151102_r0_c1.jpg,10085,29.8,,58,47.2,0,0,0,0,0,0.0,0.0,2606.0,39.0,48.7,9.7,1.7,0.3,,2026-05-10 21:11:03
germ-germinadorap-de5832|LOT-20260506-651F-005|r0_c1|rep0,LOT-20260506-651F-005:B1:R0,germ-germinadorap-de5832,LOT-20260506-651F-005,B1,0,1,0,Hierbabuena,,,,,,,2026-05-10 21:25:58,2026-05-06 20:48:22,96.63,5,cg_1778448355541_1,4789,cam1_20260510_152557.jpg,crops/cam1_20260510_152557_r0_c1.jpg,4791,cam1_20260510_152602.jpg,crops/cam1_20260510_152602_r0_c1.jpg,10097,29.8,,63,45.7,0,0,1,0,0,0.0,1.0,2621.0,42.0,48.9,9.8,1.7,0.3,,2026-05-10 21:26:03
germ-germinadorap-de5832|LOT-20260506-651F-005|r0_c1|rep0,LOT-20260506-651F-005:B1:R0,germ-germinadorap-de5832,LOT-20260506-651F-005,B1,0,1,0,Hierbabuena,,,,,,,2026-05-10 21:40:58,2026-05-06 20:48:22,96.88,5,cg_1778449255738_1,4793,cam1_20260510_154057.jpg,crops/cam1_20260510_154057_r0_c1.jpg,4795,cam1_20260510_154102.jpg,crops/cam1_20260510_154102_r0_c1.jpg,10109,29.7,,49,47.6,0,0,0,0,0,0.0,0.0,2636.0,47.0,49.2,9.8,1.7,0.3,,2026-05-10 21:41:04
germ-germinadorap-de5832|LOT-20260506-651F-005|r0_c1|rep0,LOT-20260506-651F-005:B1:R0,germ-germinadorap-de5832,LOT-20260506-651F-005,B1,0,1,0,Hierbabuena,,,,,,,2026-05-10 21:55:58,2026-05-06 20:48:22,97.13,5,cg_1778450155740_1,4797,cam1_20260510_155558.jpg,crops/cam1_20260510_155558_r0_c1.jpg,4799,cam1_20260510_155602.jpg,crops/cam1_20260510_155602_r0_c1.jpg,10121,29.8,,47,47.5,0,0,0,0,0,0.0,0.0,2651.0,50.0,49.4,9.9,1.7,0.3,,2026-05-10 21:56:03
germ-germinadorap-de5832|LOT-20260506-651F-005|r0_c1|rep0,LOT-20260506-651F-005:B1:R0,germ-germinadorap-de5832,LOT-20260506-651F-005,B1,0,1,0,Hierbabuena,,,,,,,2026-05-10 22:11:01,2026-05-06 20:48:22,97.38,5,cg_1778451055742_1,4802,cam1_20260510_161100.jpg,crops/cam1_20260510_161100_r0_c1.jpg,4803,cam1_20260510_161103.jpg,crops/cam1_20260510_161103_r0_c1.jpg,10133,29.9,,59,48.1,0,0,0,0,0,0.0,0.0,2666.0,54.0,49.7,9.9,1.7,0.3,,2026-05-10 22:11:05
germ-germinadorap-de5832|LOT-20260506-651F-005|r0_c1|rep0,LOT-20260506-651F-005:B1:R0,germ-germinadorap-de5832,LOT-20260506-651F-005,B1,0,1,0,Hierbabuena,,,,,,,2026-05-10 22:25:59,2026-05-06 20:48:22,97.63,5,cg_1778451955814_1,4805,cam1_20260510_162558.jpg,crops/cam1_20260510_162558_r0_c1.jpg,4807,cam1_20260510_162602.jpg,crops/cam1_20260510_162602_r0_c1.jpg,10145,29.6,,51,46.7,0,0,0,0,0,0.0,0.0,2681.0,60.0,49.9,10.0,1.7,0.3,,2026-05-10 22:26:04
germ-germinadorap-de5832|LOT-20260506-651F-005|r0_c1|rep0,LOT-20260506-651F-005:B1:R0,germ-germinadorap-de5832,LOT-20260506-651F-005,B1,0,1,0,Hierbabuena,,,,,,,2026-05-10 22:40:58,2026-05-06 20:48:22,97.88,5,cg_1778452855819_1,4813,cam1_20260510_164057.jpg,crops/cam1_20260510_164057_r0_c1.jpg,4815,cam1_20260510_164102.jpg,crops/cam1_20260510_164102_r0_c1.jpg,10157,29.7,,49,46.5,0,0,0,0,0,0.0,0.0,2695.0,64.0,50.2,10.0,1.7,0.3,,2026-05-10 22:41:03
germ-germinadorap-de5832|LOT-20260506-651F-005|r0_c1|rep0,LOT-20260506-651F-005:B1:R0,germ-germinadorap-de5832,LOT-20260506-651F-005,B1,0,1,0,Hierbabuena,,,,,,,2026-05-10 22:55:58,2026-05-06 20:48:22,98.13,5,cg_1778453755862_1,4817,cam1_20260510_165557.jpg,crops/cam1_20260510_165557_r0_c1.jpg,4819,cam1_20260510_165603.jpg,crops/cam1_20260510_165603_r0_c1.jpg,10169,29.7,,48,44,0,0,0,0,0,0.0,0.0,2710.0,67.0,50.4,10.1,1.7,0.3,,2026-05-10 22:56:04
germ-germinadorap-de5832|LOT-20260506-651F-005|r0_c1|rep0,LOT-20260506-651F-005:B1:R0,germ-germinadorap-de5832,LOT-20260506-651F-005,B1,0,1,0,Hierbabuena,,,,,,,2026-05-10 23:10:58,2026-05-06 20:48:22,98.38,5,cg_1778454655866_1,4821,cam1_20260510_171057.jpg,crops/cam1_20260510_171057_r0_c1.jpg,4823,cam1_20260510_171103.jpg,crops/cam1_20260510_171103_r0_c1.jpg,10181,29.8,,46,47.5,0,0,0,0,0,0.0,0.0,2725.0,70.0,50.7,10.1,1.7,0.3,,2026-05-10 23:11:04
germ-germinadorap-de5832|LOT-20260506-651F-005|r0_c1|rep0,LOT-20260506-651F-005:B1:R0,germ-germinadorap-de5832,LOT-20260506-651F-005,B1,0,1,0,Hierbabuena,,,,,,,2026-05-10 23:25:59,2026-05-06 20:48:22,98.63,5,cg_1778455555867_1,4825,cam1_20260510_172558.jpg,crops/cam1_20260510_172558_r0_c1.jpg,4827,cam1_20260510_172602.jpg,crops/cam1_20260510_172602_r0_c1.jpg,10193,29.8,,47,45.9,0,0,0,0,0,0.0,0.0,2740.0,74.0,50.9,10.2,1.7,0.3,,2026-05-10 23:26:04
germ-germinadorap-de5832|LOT-20260506-651F-005|r0_c1|rep0,LOT-20260506-651F-005:B1:R0,germ-germinadorap-de5832,LOT-20260506-651F-005,B1,0,1,0,Hierbabuena,,,,,,,2026-05-10 23:40:58,2026-05-06 20:48:22,98.88,5,cg_1778456455869_1,4829,cam1_20260510_174058.jpg,crops/cam1_20260510_174058_r0_c1.jpg,4831,cam1_20260510_174102.jpg,crops/cam1_20260510_174102_r0_c1.jpg,10205,29.8,,47,46.4,0,0,0,0,0,0.0,0.0,2755.0,77.0,51.1,10.2,1.7,0.3,,2026-05-10 23:41:04
germ-germinadorap-de5832|LOT-20260506-651F-005|r0_c1|rep0,LOT-20260506-651F-005:B1:R0,germ-germinadorap-de5832,LOT-20260506-651F-005,B1,0,1,0,Hierbabuena,,,,,,,2026-05-10 23:55:58,2026-05-06 20:48:22,99.13,5,cg_1778457355898_1,4833,cam1_20260510_175557.jpg,crops/cam1_20260510_175557_r0_c1.jpg,4835,cam1_20260510_175602.jpg,crops/cam1_20260510_175602_r0_c1.jpg,10217,29.8,,45,45.5,0,0,0,0,0,0.0,0.0,2770.0,80.0,51.4,10.3,1.7,0.3,,2026-05-10 23:56:03
germ-germinadorap-de5832|LOT-20260506-651F-005|r0_c1|rep0,LOT-20260506-651F-005:B1:R0,germ-germinadorap-de5832,LOT-20260506-651F-005,B1,0,1,0,Hierbabuena,,,,,,,2026-05-11 00:10:59,2026-05-06 20:48:22,99.38,5,cg_1778458255953_1,4837,cam1_20260510_181059.jpg,crops/cam1_20260510_181059_r0_c1.jpg,4839,cam1_20260510_181103.jpg,crops/cam1_20260510_181103_r0_c1.jpg,10229,29.7,,48,45.4,0,0,0,1,0,15.0,3.0,2785.0,84.0,51.6,10.3,1.7,0.3,,2026-05-11 00:11:05
germ-germinadorap-de5832|LOT-20260506-651F-005|r0_c1|rep0,LOT-20260506-651F-005:B1:R0,germ-germinadorap-de5832,LOT-20260506-651F-005,B1,0,1,0,Hierbabuena,,,,,,,2026-05-11 00:25:59,2026-05-06 20:48:22,99.63,5,cg_1778459155971_1,4841,cam1_20260510_182559.jpg,crops/cam1_20260510_182559_r0_c1.jpg,4843,cam1_20260510_182602.jpg,crops/cam1_20260510_182602_r0_c1.jpg,10241,29.7,,58,44.8,0,0,0,0,0,0.0,0.0,2800.0,87.0,51.8,10.4,1.7,0.3,,2026-05-11 00:26:04
germ-germinadorap-de5832|LOT-20260506-651F-005|r0_c1|rep0,LOT-20260506-651F-005:B1:R0,germ-germinadorap-de5832,LOT-20260506-651F-005,B1,0,1,0,Hierbabuena,,,,,,,2026-05-11 00:40:58,2026-05-06 20:48:22,99.88,5,cg_1778460055976_1,4845,cam1_20260510_184057.jpg,crops/cam1_20260510_184057_r0_c1.jpg,4847,cam1_20260510_184102.jpg,crops/cam1_20260510_184102_r0_c1.jpg,10253,29.8,,57,45.3,0,0,0,0,0,0.0,0.0,2815.0,88.0,51.8,10.4,1.7,0.3,,2026-05-11 00:41:03
germ-germinadorap-de5832|LOT-20260506-651F-005|r0_c1|rep0,LOT-20260506-651F-005:B1:R0,germ-germinadorap-de5832,LOT-20260506-651F-005,B1,0,1,0,Hierbabuena,,,,,,,2026-05-11 00:56:00,2026-05-06 20:48:22,100.13,5,cg_1778460955982_1,4849,cam1_20260510_185559.jpg,crops/cam1_20260510_185559_r0_c1.jpg,4851,cam1_20260510_185602.jpg,crops/cam1_20260510_185602_r0_c1.jpg,10265,29.9,,44,44.5,0,0,0,0,0,0.0,0.0,2830.0,91.0,51.8,10.4,1.7,0.3,,2026-05-11 00:56:04
germ-germinadorap-de5832|LOT-20260506-651F-005|r0_c1|rep0,LOT-20260506-651F-005:B1:R0,germ-germinadorap-de5832,LOT-20260506-651F-005,B1,0,1,0,Hierbabuena,,,,,,,2026-05-11 01:10:58,2026-05-06 20:48:22,100.38,5,cg_1778461855986_1,4853,cam1_20260510_191057.jpg,crops/cam1_20260510_191057_r0_c1.jpg,4855,cam1_20260510_191103.jpg,crops/cam1_20260510_191103_r0_c1.jpg,10277,29.8,,45,44.1,0,0,0,0,0,0.0,0.0,2845.0,94.0,51.8,10.4,1.7,0.3,,2026-05-11 01:11:04
germ-germinadorap-de5832|LOT-20260506-651F-005|r0_c1|rep0,LOT-20260506-651F-005:B1:R0,germ-germinadorap-de5832,LOT-20260506-651F-005,B1,0,1,0,Hierbabuena,,,,,,,2026-05-11 01:25:58,2026-05-06 20:48:22,100.63,5,cg_1778462756075_1,4857,cam1_20260510_192557.jpg,crops/cam1_20260510_192557_r0_c1.jpg,4859,cam1_20260510_192603.jpg,crops/cam1_20260510_192603_r0_c1.jpg,10289,30,,57,43.9,0,0,1,0,0,0.0,0.0,2859.0,95.0,51.8,10.4,1.7,0.3,,2026-05-11 01:26:04
germ-germinadorap-de5832|LOT-20260506-651F-005|r0_c1|rep0,LOT-20260506-651F-005:B1:R0,germ-germinadorap-de5832,LOT-20260506-651F-005,B1,0,1,0,Hierbabuena,,,,,,,2026-05-11 01:40:58,2026-05-06 20:48:22,100.88,5,cg_1778463656078_1,4861,cam1_20260510_194057.jpg,crops/cam1_20260510_194057_r0_c1.jpg,4863,cam1_20260510_194103.jpg,crops/cam1_20260510_194103_r0_c1.jpg,10301,29.8,,46,43.8,0,0,0,0,0,0.0,0.0,2874.0,98.0,51.8,10.4,1.7,0.3,,2026-05-11 01:41:05
germ-germinadorap-de5832|LOT-20260506-651F-005|r0_c1|rep0,LOT-20260506-651F-005:B1:R0,germ-germinadorap-de5832,LOT-20260506-651F-005,B1,0,1,0,Hierbabuena,,,,,,,2026-05-11 01:55:58,2026-05-06 20:48:22,101.13,5,cg_1778464556086_1,4865,cam1_20260510_195557.jpg,crops/cam1_20260510_195557_r0_c1.jpg,4867,cam1_20260510_195602.jpg,crops/cam1_20260510_195602_r0_c1.jpg,10313,29.6,,48,43.2,0,0,0,0,0,0.0,0.0,2889.0,101.0,51.8,10.4,1.7,0.3,,2026-05-11 01:56:04
germ-germinadorap-de5832|LOT-20260506-651F-005|r0_c1|rep0,LOT-20260506-651F-005:B1:R0,germ-germinadorap-de5832,LOT-20260506-651F-005,B1,0,1,0,Hierbabuena,,,,,,,2026-05-11 02:10:58,2026-05-06 20:48:22,101.38,5,cg_1778465456090_1,4869,cam1_20260510_201057.jpg,crops/cam1_20260510_201057_r0_c1.jpg,4871,cam1_20260510_201102.jpg,crops/cam1_20260510_201102_r0_c1.jpg,10325,29.6,,45,43.4,0,0,0,0,0,0.0,0.0,2894.0,101.0,51.8,10.4,1.7,0.3,,2026-05-11 02:11:04
germ-germinadorap-de5832|LOT-20260506-651F-005|r0_c1|rep0,LOT-20260506-651F-005:B1:R0,germ-germinadorap-de5832,LOT-20260506-651F-005,B1,0,1,0,Hierbabuena,,,,,,,2026-05-11 02:25:58,2026-05-06 20:48:22,101.63,5,cg_1778466356093_1,4873,cam1_20260510_202558.jpg,crops/cam1_20260510_202558_r0_c1.jpg,4875,cam1_20260510_202602.jpg,crops/cam1_20260510_202602_r0_c1.jpg,10337,29.2,,45,43.6,0,0,0,0,0,0.0,0.0,2894.0,101.0,51.8,10.4,1.7,0.3,,2026-05-11 02:26:04
germ-germinadorap-de5832|LOT-20260506-651F-005|r0_c1|rep0,LOT-20260506-651F-005:B1:R0,germ-germinadorap-de5832,LOT-20260506-651F-005,B1,0,1,0,Hierbabuena,,,,,,,2026-05-11 02:40:58,2026-05-06 20:48:22,101.88,5,cg_1778467256099_1,4877,cam1_20260510_204057.jpg,crops/cam1_20260510_204057_r0_c1.jpg,4879,cam1_20260510_204102.jpg,crops/cam1_20260510_204102_r0_c1.jpg,10349,29,,46,42.8,0,0,0,0,0,0.0,0.0,2894.0,101.0,51.8,10.4,1.7,0.3,,2026-05-11 02:41:04
germ-germinadorap-de5832|LOT-20260506-651F-005|r0_c1|rep0,LOT-20260506-651F-005:B1:R0,germ-germinadorap-de5832,LOT-20260506-651F-005,B1,0,1,0,Hierbabuena,,,,,,,2026-05-11 02:55:58,2026-05-06 20:48:22,102.13,5,cg_1778468156102_1,4881,cam1_20260510_205557.jpg,crops/cam1_20260510_205557_r0_c1.jpg,4883,cam1_20260510_205602.jpg,crops/cam1_20260510_205602_r0_c1.jpg,10361,28.8,,45,42.5,0,0,0,0,0,0.0,0.0,2894.0,101.0,51.8,10.4,1.7,0.3,,2026-05-11 02:56:04
germ-germinadorap-de5832|LOT-20260506-651F-005|r0_c1|rep0,LOT-20260506-651F-005:B1:R0,germ-germinadorap-de5832,LOT-20260506-651F-005,B1,0,1,0,Hierbabuena,,,,,,,2026-05-11 03:11:00,2026-05-06 20:48:22,102.38,5,cg_1778469056109_1,4885,cam1_20260510_211059.jpg,crops/cam1_20260510_211059_r0_c1.jpg,4887,cam1_20260510_211104.jpg,crops/cam1_20260510_211104_r0_c1.jpg,10373,29,,46,40.2,0,0,0,0,0,0.0,0.0,2904.0,101.0,51.8,10.4,1.7,0.3,,2026-05-11 03:11:07
germ-germinadorap-de5832|LOT-20260506-651F-005|r0_c1|rep0,LOT-20260506-651F-005:B1:R0,germ-germinadorap-de5832,LOT-20260506-651F-005,B1,0,1,0,Hierbabuena,,,,,,,2026-05-11 03:25:58,2026-05-06 20:48:22,102.63,5,cg_1778469956111_1,4889,cam1_20260510_212558.jpg,crops/cam1_20260510_212558_r0_c1.jpg,4891,cam1_20260510_212603.jpg,crops/cam1_20260510_212603_r0_c1.jpg,10385,29.1,,47,41.3,0,0,0,0,0,0.0,0.0,2918.0,101.0,51.8,10.4,1.7,0.3,,2026-05-11 03:26:04
germ-germinadorap-de5832|LOT-20260506-651F-005|r0_c1|rep0,LOT-20260506-651F-005:B1:R0,germ-germinadorap-de5832,LOT-20260506-651F-005,B1,0,1,0,Hierbabuena,,,,,,,2026-05-11 03:40:58,2026-05-06 20:48:22,102.88,5,cg_1778470856120_1,4893,cam1_20260510_214058.jpg,crops/cam1_20260510_214058_r0_c1.jpg,4895,cam1_20260510_214103.jpg,crops/cam1_20260510_214103_r0_c1.jpg,10397,27.6,,45,37.5,0,0,0,0,0,0.0,0.0,2933.0,101.0,51.8,10.4,1.7,0.3,,2026-05-11 03:41:04
germ-germinadorap-de5832|LOT-20260506-651F-005|r0_c1|rep0,LOT-20260506-651F-005:B1:R0,germ-germinadorap-de5832,LOT-20260506-651F-005,B1,0,1,0,Hierbabuena,,,,,,,2026-05-11 03:55:58,2026-05-06 20:48:22,103.13,5,cg_1778471756121_1,4897,cam1_20260510_215557.jpg,crops/cam1_20260510_215557_r0_c1.jpg,4899,cam1_20260510_215604.jpg,crops/cam1_20260510_215604_r0_c1.jpg,10409,27.3,,47,34.1,0,0,0,0,0,0.0,0.0,2948.0,101.0,51.8,10.4,1.7,0.3,,2026-05-11 03:56:06
germ-germinadorap-de5832|LOT-20260506-651F-005|r0_c1|rep0,LOT-20260506-651F-005:B1:R0,germ-germinadorap-de5832,LOT-20260506-651F-005,B1,0,1,0,Hierbabuena,,,,,,,2026-05-11 04:10:58,2026-05-06 20:48:22,103.38,5,cg_1778472656125_1,4901,cam1_20260510_221058.jpg,crops/cam1_20260510_221058_r0_c1.jpg,4903,cam1_20260510_221103.jpg,crops/cam1_20260510_221103_r0_c1.jpg,10421,26.8,,42,35.2,0,0,0,0,0,0.0,0.0,2963.0,101.0,51.8,10.4,1.7,0.3,,2026-05-11 04:11:05
germ-germinadorap-de5832|LOT-20260506-651F-005|r0_c1|rep0,LOT-20260506-651F-005:B1:R0,germ-germinadorap-de5832,LOT-20260506-651F-005,B1,0,1,0,Hierbabuena,,,,,,,2026-05-11 04:26:00,2026-05-06 20:48:22,103.63,5,cg_1778473556137_1,4905,cam1_20260510_222559.jpg,crops/cam1_20260510_222559_r0_c1.jpg,4907,cam1_20260510_222603.jpg,crops/cam1_20260510_222603_r0_c1.jpg,10433,26.2,,40,35.6,0,0,0,0,0,0.0,0.0,2978.0,101.0,51.8,10.4,1.7,0.3,,2026-05-11 04:26:04
germ-germinadorap-de5832|LOT-20260506-651F-005|r0_c1|rep0,LOT-20260506-651F-005:B1:R0,germ-germinadorap-de5832,LOT-20260506-651F-005,B1,0,1,0,Hierbabuena,,,,,,,2026-05-11 04:40:58,2026-05-06 20:48:22,103.88,5,cg_1778474456151_1,4909,cam1_20260510_224058.jpg,crops/cam1_20260510_224058_r0_c1.jpg,4911,cam1_20260510_224103.jpg,crops/cam1_20260510_224103_r0_c1.jpg,10445,26.8,,40,35.8,0,0,0,0,0,0.0,0.0,2993.0,101.0,51.8,10.4,1.7,0.3,,2026-05-11 04:41:05
germ-germinadorap-de5832|LOT-20260506-651F-005|r0_c1|rep0,LOT-20260506-651F-005:B1:R0,germ-germinadorap-de5832,LOT-20260506-651F-005,B1,0,1,0,Hierbabuena,,,,,,,2026-05-11 04:55:58,2026-05-06 20:48:22,104.13,5,cg_1778475356171_1,4913,cam1_20260510_225558.jpg,crops/cam1_20260510_225558_r0_c1.jpg,4915,cam1_20260510_225603.jpg,crops/cam1_20260510_225603_r0_c1.jpg,10457,28,,46,33.7,0,0,0,0,0,0.0,0.0,3008.0,101.0,51.8,10.4,1.7,0.3,,2026-05-11 04:56:05
germ-germinadorap-de5832|LOT-20260506-651F-005|r0_c1|rep0,LOT-20260506-651F-005:B1:R0,germ-germinadorap-de5832,LOT-20260506-651F-005,B1,0,1,0,Hierbabuena,,,,,,,2026-05-11 05:10:58,2026-05-06 20:48:22,104.38,5,cg_1778476256192_1,4917,cam1_20260510_231058.jpg,crops/cam1_20260510_231058_r0_c1.jpg,4919,cam1_20260510_231103.jpg,crops/cam1_20260510_231103_r0_c1.jpg,10469,28.2,,47,35.8,0,0,0,0,0,0.0,0.0,3023.0,101.0,51.8,10.4,1.7,0.3,,2026-05-11 05:11:05
germ-germinadorap-de5832|LOT-20260506-651F-005|r0_c1|rep0,LOT-20260506-651F-005:B1:R0,germ-germinadorap-de5832,LOT-20260506-651F-005,B1,0,1,0,Hierbabuena,,,,,,,2026-05-11 05:25:58,2026-05-06 20:48:22,104.63,5,cg_1778477156203_1,4921,cam1_20260510_232557.jpg,crops/cam1_20260510_232557_r0_c1.jpg,4923,cam1_20260510_232603.jpg,crops/cam1_20260510_232603_r0_c1.jpg,10481,28.2,,48,35.9,0,0,0,0,0,0.0,0.0,3038.0,101.0,51.8,10.4,1.7,0.3,,2026-05-11 05:26:05
germ-germinadorap-de5832|LOT-20260506-651F-005|r0_c1|rep0,LOT-20260506-651F-005:B1:R0,germ-germinadorap-de5832,LOT-20260506-651F-005,B1,0,1,0,Hierbabuena,,,,,,,2026-05-11 05:40:58,2026-05-06 20:48:22,104.88,5,cg_1778478056227_1,4925,cam1_20260510_234058.jpg,crops/cam1_20260510_234058_r0_c1.jpg,4927,cam1_20260510_234103.jpg,crops/cam1_20260510_234103_r0_c1.jpg,10493,28.4,,48,37.3,0,0,0,0,0,0.0,0.0,3052.0,101.0,51.8,10.4,1.7,0.3,,2026-05-11 05:41:05
germ-germinadorap-de5832|LOT-20260506-651F-005|r0_c1|rep0,LOT-20260506-651F-005:B1:R0,germ-germinadorap-de5832,LOT-20260506-651F-005,B1,0,1,0,Hierbabuena,,,,,,,2026-05-11 05:55:58,2026-05-06 20:48:22,105.13,5,cg_1778478956239_1,4929,cam1_20260510_235558.jpg,crops/cam1_20260510_235558_r0_c1.jpg,4931,cam1_20260510_235603.jpg,crops/cam1_20260510_235603_r0_c1.jpg,10505,28.4,,50,35.6,0,0,0,0,0,0.0,0.0,3067.0,101.0,51.8,10.4,1.7,0.3,,2026-05-11 05:56:05
germ-germinadorap-de5832|LOT-20260506-651F-005|r0_c1|rep0,LOT-20260506-651F-005:B1:R0,germ-germinadorap-de5832,LOT-20260506-651F-005,B1,0,1,0,Hierbabuena,,,,,,,2026-05-11 06:10:59,2026-05-06 20:48:22,105.38,5,cg_1778479856257_1,4933,cam1_20260511_001058.jpg,crops/cam1_20260511_001058_r0_c1.jpg,4935,cam1_20260511_001103.jpg,crops/cam1_20260511_001103_r0_c1.jpg,10517,28.5,,48,34.1,0,0,0,0,0,0.0,0.0,3082.0,101.0,51.8,10.4,1.7,0.3,,2026-05-11 06:11:05
germ-germinadorap-de5832|LOT-20260506-651F-005|r0_c1|rep0,LOT-20260506-651F-005:B1:R0,germ-germinadorap-de5832,LOT-20260506-651F-005,B1,0,1,0,Hierbabuena,,,,,,,2026-05-11 06:25:58,2026-05-06 20:48:22,105.63,5,cg_1778480756264_1,4937,cam1_20260511_002558.jpg,crops/cam1_20260511_002558_r0_c1.jpg,4939,cam1_20260511_002603.jpg,crops/cam1_20260511_002603_r0_c1.jpg,10529,28.6,,51,36.3,0,0,0,0,0,0.0,0.0,3093.0,101.0,51.8,10.4,1.7,0.3,,2026-05-11 06:26:05
germ-germinadorap-de5832|LOT-20260506-651F-005|r0_c1|rep0,LOT-20260506-651F-005:B1:R0,germ-germinadorap-de5832,LOT-20260506-651F-005,B1,0,1,0,Hierbabuena,,,,,,,2026-05-11 06:41:00,2026-05-06 20:48:22,105.88,5,cg_1778481656276_1,4941,cam1_20260511_004059.jpg,crops/cam1_20260511_004059_r0_c1.jpg,4943,cam1_20260511_004103.jpg,crops/cam1_20260511_004103_r0_c1.jpg,10541,28.7,,51,35.8,0,0,0,0,0,0.0,0.0,3093.0,101.0,51.8,10.4,1.7,0.3,,2026-05-11 06:41:05
germ-germinadorap-de5832|LOT-20260506-651F-005|r0_c1|rep0,LOT-20260506-651F-005:B1:R0,germ-germinadorap-de5832,LOT-20260506-651F-005,B1,0,1,0,Hierbabuena,,,,,,,2026-05-11 06:55:58,2026-05-06 20:48:22,106.13,5,cg_1778482556275_1,4945,cam1_20260511_005557.jpg,crops/cam1_20260511_005557_r0_c1.jpg,4947,cam1_20260511_005603.jpg,crops/cam1_20260511_005603_r0_c1.jpg,10553,28.5,,53,34.3,0,0,0,0,0,0.0,0.0,3093.0,101.0,51.8,10.4,1.7,0.3,,2026-05-11 06:56:05
germ-germinadorap-de5832|LOT-20260506-651F-005|r0_c1|rep0,LOT-20260506-651F-005:B1:R0,germ-germinadorap-de5832,LOT-20260506-651F-005,B1,0,1,0,Hierbabuena,,,,,,,2026-05-11 14:35:50,2026-05-06 20:48:22,113.79,5,cg_1778510148197_1,4948,cam1_20260511_083549.jpg,crops/cam1_20260511_083549_r0_c1.jpg,4950,cam1_20260511_083552.jpg,crops/cam1_20260511_083552_r0_c1.jpg,10560,26.6,,53,14.3,0,0,0,0,0,0.0,0.0,3094.0,101.0,57.8,11.6,1.7,0.3,,2026-05-11 14:35:54
germ-germinadorap-de5832|LOT-20260506-651F-005|r0_c1|rep0,LOT-20260506-651F-005:B1:R0,germ-germinadorap-de5832,LOT-20260506-651F-005,B1,0,1,0,Hierbabuena,,,,,,,2026-05-11 14:50:50,2026-05-06 20:48:22,114.04,5,cg_1778511048195_1,4953,cam1_20260511_085050.jpg,crops/cam1_20260511_085050_r0_c1.jpg,4955,cam1_20260511_085055.jpg,crops/cam1_20260511_085055_r0_c1.jpg,10577,27.2,,52,14.9,0,0,0,0,0,0.0,0.0,3109.0,101.0,58.0,11.6,1.7,0.3,,2026-05-11 14:50:56
germ-germinadorap-de5832|LOT-20260506-651F-005|r0_c1|rep0,LOT-20260506-651F-005:B1:R0,germ-germinadorap-de5832,LOT-20260506-651F-005,B1,0,1,0,Hierbabuena,,,,,,,2026-05-11 15:05:50,2026-05-06 20:48:22,114.29,5,cg_1778511948201_1,4957,cam1_20260511_090549.jpg,crops/cam1_20260511_090549_r0_c1.jpg,4959,cam1_20260511_090555.jpg,crops/cam1_20260511_090555_r0_c1.jpg,10589,27.8,,50,15.7,0,0,0,0,0,0.0,0.0,3124.0,101.0,58.3,11.7,1.7,0.3,,2026-05-11 15:05:56
germ-germinadorap-de5832|LOT-20260506-651F-005|r0_c1|rep0,LOT-20260506-651F-005:B1:R0,germ-germinadorap-de5832,LOT-20260506-651F-005,B1,0,1,0,Hierbabuena,,,,,,,2026-05-11 15:20:50,2026-05-06 20:48:22,114.54,5,cg_1778512848200_1,4961,cam1_20260511_092050.jpg,crops/cam1_20260511_092050_r0_c1.jpg,4963,cam1_20260511_092055.jpg,crops/cam1_20260511_092055_r0_c1.jpg,10601,28.2,,50,15.9,0,0,0,0,0,0.0,0.0,3139.0,101.0,58.5,11.7,1.7,0.3,,2026-05-11 15:20:56
germ-germinadorap-de5832|LOT-20260506-651F-005|r0_c1|rep0,LOT-20260506-651F-005:B1:R0,germ-germinadorap-de5832,LOT-20260506-651F-005,B1,0,1,0,Hierbabuena,,,,,,,2026-05-11 15:35:51,2026-05-06 20:48:22,114.79,5,cg_1778513748202_1,4973,cam1_20260511_093550.jpg,crops/cam1_20260511_093550_r0_c1.jpg,4975,cam1_20260511_093555.jpg,crops/cam1_20260511_093555_r0_c1.jpg,10613,28.3,,49,16.1,0,0,0,0,0,0.0,0.0,3153.0,101.0,58.8,11.8,1.7,0.3,,2026-05-11 15:35:56
germ-germinadorap-de5832|LOT-20260506-651F-005|r0_c1|rep0,LOT-20260506-651F-005:B1:R0,germ-germinadorap-de5832,LOT-20260506-651F-005,B1,0,1,0,Hierbabuena,,,,,,,2026-05-11 15:50:51,2026-05-06 20:48:22,115.04,5,cg_1778514648205_1,4977,cam1_20260511_095050.jpg,crops/cam1_20260511_095050_r0_c1.jpg,4979,cam1_20260511_095055.jpg,crops/cam1_20260511_095055_r0_c1.jpg,10625,28.4,,49,16.3,0,0,0,0,0,0.0,0.0,3168.0,101.0,59.0,11.8,1.7,0.3,,2026-05-11 15:50:56
germ-germinadorap-de5832|LOT-20260506-651F-005|r0_c1|rep0,LOT-20260506-651F-005:B1:R0,germ-germinadorap-de5832,LOT-20260506-651F-005,B1,0,1,0,Hierbabuena,,,,,,,2026-05-11 16:05:50,2026-05-06 20:48:22,115.29,5,cg_1778515548207_1,4981,cam1_20260511_100549.jpg,crops/cam1_20260511_100549_r0_c1.jpg,4983,cam1_20260511_100555.jpg,crops/cam1_20260511_100555_r0_c1.jpg,10637,28.6,,48,16.2,0,0,0,0,0,0.0,0.0,3183.0,101.0,59.3,11.9,1.7,0.3,,2026-05-11 16:05:56
germ-germinadorap-de5832|LOT-20260506-651F-005|r0_c1|rep0,LOT-20260506-651F-005:B1:R0,germ-germinadorap-de5832,LOT-20260506-651F-005,B1,0,1,0,Hierbabuena,,,,,,,2026-05-11 16:20:50,2026-05-06 20:48:22,115.54,5,cg_1778516448208_1,4985,cam1_20260511_102050.jpg,crops/cam1_20260511_102050_r0_c1.jpg,4987,cam1_20260511_102056.jpg,crops/cam1_20260511_102056_r0_c1.jpg,10649,28.6,,48,16.6,0,0,0,0,0,0.0,0.0,3198.0,101.0,59.5,11.9,1.7,0.3,,2026-05-11 16:20:57
germ-germinadorap-de5832|LOT-20260506-651F-005|r0_c1|rep0,LOT-20260506-651F-005:B1:R0,germ-germinadorap-de5832,LOT-20260506-651F-005,B1,0,1,0,Hierbabuena,,,,,,,2026-05-11 16:35:53,2026-05-06 20:48:22,115.79,5,cg_1778517348280_1,4989,cam1_20260511_103552.jpg,crops/cam1_20260511_103552_r0_c1.jpg,4991,cam1_20260511_103600.jpg,crops/cam1_20260511_103600_r0_c1.jpg,10661,28.5,,48,16.5,0,0,0,0,0,0.0,0.0,3213.0,101.0,59.8,12.0,1.7,0.3,,2026-05-11 16:36:02
germ-germinadorap-de5832|LOT-20260506-651F-005|r0_c1|rep0,LOT-20260506-651F-005:B1:R0,germ-germinadorap-de5832,LOT-20260506-651F-005,B1,0,1,0,Hierbabuena,,,,,,,2026-05-11 16:50:50,2026-05-06 20:48:22,116.04,5,cg_1778518248285_1,4993,cam1_20260511_105050.jpg,crops/cam1_20260511_105050_r0_c1.jpg,4995,cam1_20260511_105055.jpg,crops/cam1_20260511_105055_r0_c1.jpg,10673,28.7,,47,16.7,0,0,0,0,0,0.0,0.0,3228.0,102.0,60.0,12.0,1.7,0.3,,2026-05-11 16:50:57
germ-germinadorap-de5832|LOT-20260506-651F-005|r0_c1|rep0,LOT-20260506-651F-005:B1:R0,germ-germinadorap-de5832,LOT-20260506-651F-005,B1,0,1,0,Hierbabuena,,,,,,,2026-05-11 17:05:50,2026-05-06 20:48:22,116.29,5,cg_1778519148289_1,4997,cam1_20260511_110550.jpg,crops/cam1_20260511_110550_r0_c1.jpg,4999,cam1_20260511_110555.jpg,crops/cam1_20260511_110555_r0_c1.jpg,10685,28.9,,47,16.9,0,0,0,0,0,0.0,0.0,3243.0,102.0,60.3,12.1,1.7,0.3,,2026-05-11 17:05:56
germ-germinadorap-de5832|LOT-20260506-651F-005|r0_c1|rep0,LOT-20260506-651F-005:B1:R0,germ-germinadorap-de5832,LOT-20260506-651F-005,B1,0,1,0,Hierbabuena,,,,,,,2026-05-11 17:21:51,2026-05-06 20:48:22,116.56,5,cg_1778520108289_1,5001,cam1_20260511_112150.jpg,crops/cam1_20260511_112150_r0_c1.jpg,5003,cam1_20260511_112155.jpg,crops/cam1_20260511_112155_r0_c1.jpg,10697,29.1,,48,17,0,0,0,0,0,0.0,0.0,3258.0,102.0,60.5,12.1,1.7,0.3,,2026-05-11 17:21:56
germ-germinadorap-de5832|LOT-20260506-651F-005|r0_c1|rep0,LOT-20260506-651F-005:B1:R0,germ-germinadorap-de5832,LOT-20260506-651F-005,B1,0,1,0,Hierbabuena,,,,,,,2026-05-11 17:36:51,2026-05-06 20:48:22,116.81,5,cg_1778521008290_1,5005,cam1_20260511_113650.jpg,crops/cam1_20260511_113650_r0_c1.jpg,5007,cam1_20260511_113657.jpg,crops/cam1_20260511_113657_r0_c1.jpg,10709,29.2,,48,16.5,0,0,0,0,0,0.0,0.0,3273.0,102.0,60.8,12.2,1.7,0.3,,2026-05-11 17:36:58
germ-germinadorap-de5832|LOT-20260506-651F-005|r0_c1|rep0,LOT-20260506-651F-005:B1:R0,germ-germinadorap-de5832,LOT-20260506-651F-005,B1,0,1,0,Hierbabuena,,,,,,,2026-05-11 17:51:50,2026-05-06 20:48:22,117.06,5,cg_1778521908292_1,5009,cam1_20260511_115150.jpg,crops/cam1_20260511_115150_r0_c1.jpg,5011,cam1_20260511_115155.jpg,crops/cam1_20260511_115155_r0_c1.jpg,10721,29.2,,48,18.3,0,0,0,0,0,0.0,0.0,3288.0,102.0,61.0,12.2,1.7,0.3,,2026-05-11 17:51:57
germ-germinadorap-de5832|LOT-20260506-651F-005|r0_c1|rep0,LOT-20260506-651F-005:B1:R0,germ-germinadorap-de5832,LOT-20260506-651F-005,B1,0,1,0,Hierbabuena,,,,,,,2026-05-11 18:06:50,2026-05-06 20:48:22,117.31,5,cg_1778522808295_1,5013,cam1_20260511_120650.jpg,crops/cam1_20260511_120650_r0_c1.jpg,5015,cam1_20260511_120655.jpg,crops/cam1_20260511_120655_r0_c1.jpg,10733,29.3,,47,16.9,0,0,0,0,0,0.0,0.0,3303.0,102.0,61.3,12.3,1.7,0.3,,2026-05-11 18:06:56
germ-germinadorap-de5832|LOT-20260506-651F-005|r0_c1|rep0,LOT-20260506-651F-005:B1:R0,germ-germinadorap-de5832,LOT-20260506-651F-005,B1,0,1,0,Hierbabuena,,,,,,,2026-05-11 18:21:50,2026-05-06 20:48:22,117.56,5,cg_1778523708300_1,5017,cam1_20260511_122150.jpg,crops/cam1_20260511_122150_r0_c1.jpg,5019,cam1_20260511_122154.jpg,crops/cam1_20260511_122154_r0_c1.jpg,10745,29.4,,46,17.6,0,0,0,0,0,0.0,0.0,3318.0,102.0,61.5,12.3,1.7,0.3,,2026-05-11 18:21:56
germ-germinadorap-de5832|LOT-20260506-651F-005|r0_c1|rep0,LOT-20260506-651F-005:B1:R0,germ-germinadorap-de5832,LOT-20260506-651F-005,B1,0,1,0,Hierbabuena,,,,,,,2026-05-11 18:36:54,2026-05-06 20:48:22,117.81,5,cg_1778524612071_1,5021,cam1_20260511_123653.jpg,crops/cam1_20260511_123653_r0_c1.jpg,5023,cam1_20260511_123658.jpg,crops/cam1_20260511_123658_r0_c1.jpg,10757,29.4,,46,19.3,0,0,0,0,0,0.0,0.0,3333.0,102.0,61.8,12.4,1.7,0.3,,2026-05-11 18:37:00
germ-germinadorap-de5832|LOT-20260506-651F-005|r0_c1|rep0,LOT-20260506-651F-005:B1:R0,germ-germinadorap-de5832,LOT-20260506-651F-005,B1,0,1,0,Hierbabuena,,,,,,,2026-05-11 18:51:54,2026-05-06 20:48:22,118.06,5,cg_1778525512075_1,5025,cam1_20260511_125153.jpg,crops/cam1_20260511_125153_r0_c1.jpg,5027,cam1_20260511_125158.jpg,crops/cam1_20260511_125158_r0_c1.jpg,10769,29.6,,45,17,0,0,0,0,0,0.0,0.0,3348.0,102.0,62.0,12.4,1.7,0.3,,2026-05-11 18:52:00
germ-germinadorap-de5832|LOT-20260506-651F-005|r0_c1|rep0,LOT-20260506-651F-005:B1:R0,germ-germinadorap-de5832,LOT-20260506-651F-005,B1,0,1,0,Hierbabuena,,,,,,,2026-05-11 19:06:54,2026-05-06 20:48:22,118.31,5,cg_1778526412113_1,5033,cam1_20260511_130654.jpg,crops/cam1_20260511_130654_r0_c1.jpg,5035,cam1_20260511_130659.jpg,crops/cam1_20260511_130659_r0_c1.jpg,10781,29.6,,48,55.4,0,0,0,0,0,0.0,0.0,3363.0,102.0,62.3,12.5,1.7,0.3,,2026-05-11 19:07:00
germ-germinadorap-de5832|LOT-20260506-651F-005|r0_c1|rep0,LOT-20260506-651F-005:B1:R0,germ-germinadorap-de5832,LOT-20260506-651F-005,B1,0,1,0,Hierbabuena,,,,,,,2026-05-11 19:21:54,2026-05-06 20:48:22,118.56,5,cg_1778527312113_1,5037,cam1_20260511_132154.jpg,crops/cam1_20260511_132154_r0_c1.jpg,5039,cam1_20260511_132158.jpg,crops/cam1_20260511_132158_r0_c1.jpg,10793,29.5,,44,53.6,0,0,0,0,0,0.0,0.0,3377.0,102.0,62.5,12.5,1.7,0.3,,2026-05-11 19:22:00
germ-germinadorap-de5832|LOT-20260506-651F-005|r0_c1|rep0,LOT-20260506-651F-005:B1:R0,germ-germinadorap-de5832,LOT-20260506-651F-005,B1,0,1,0,Hierbabuena,,,,,,,2026-05-11 19:36:54,2026-05-06 20:48:22,118.81,5,cg_1778528212112_1,5041,cam1_20260511_133654.jpg,crops/cam1_20260511_133654_r0_c1.jpg,5043,cam1_20260511_133658.jpg,crops/cam1_20260511_133658_r0_c1.jpg,10805,29.5,,44,49.7,0,0,0,0,0,0.0,0.0,3392.0,102.0,62.8,12.6,1.7,0.3,,2026-05-11 19:37:00
germ-germinadorap-de5832|LOT-20260506-651F-005|r0_c1|rep0,LOT-20260506-651F-005:B1:R0,germ-germinadorap-de5832,LOT-20260506-651F-005,B1,0,1,0,Hierbabuena,,,,,,,2026-05-11 19:52:26,2026-05-06 20:48:22,119.07,5,cg_1778529144212_1,5049,cam1_20260511_135226.jpg,crops/cam1_20260511_135226_r0_c1.jpg,5051,cam1_20260511_135231.jpg,crops/cam1_20260511_135231_r0_c1.jpg,10817,29.5,,44,48.9,0,0,0,0,0,0.0,0.0,3408.0,102.0,63.0,12.6,1.7,0.3,,2026-05-11 19:52:32
germ-germinadorap-de5832|LOT-20260506-651F-005|r0_c1|rep0,LOT-20260506-651F-005:B1:R0,germ-germinadorap-de5832,LOT-20260506-651F-005,B1,0,1,0,Hierbabuena,,,,,,,2026-05-11 20:08:16,2026-05-06 20:48:22,119.33,5,cg_1778530093120_1,5053,cam1_20260511_140815.jpg,crops/cam1_20260511_140815_r0_c1.jpg,5055,cam1_20260511_140821.jpg,crops/cam1_20260511_140821_r0_c1.jpg,10829,29.5,,52,38.3,0,0,0,0,0,0.0,0.0,3424.0,102.0,63.3,12.7,1.7,0.3,,2026-05-11 20:08:23
germ-germinadorap-de5832|LOT-20260506-651F-005|r0_c1|rep0,LOT-20260506-651F-005:B1:R0,germ-germinadorap-de5832,LOT-20260506-651F-005,B1,0,1,0,Hierbabuena,,,,,,,2026-05-11 20:23:15,2026-05-06 20:48:22,119.58,5,cg_1778530993122_1,5057,cam1_20260511_142315.jpg,crops/cam1_20260511_142315_r0_c1.jpg,5059,cam1_20260511_142319.jpg,crops/cam1_20260511_142319_r0_c1.jpg,10841,29.6,,44,40.1,0,0,0,0,0,0.0,0.0,3438.0,102.0,63.6,12.7,1.7,0.3,,2026-05-11 20:23:21
germ-germinadorap-de5832|LOT-20260506-651F-005|r0_c1|rep0,LOT-20260506-651F-005:B1:R0,germ-germinadorap-de5832,LOT-20260506-651F-005,B1,0,1,0,Hierbabuena,,,,,,,2026-05-11 20:38:16,2026-05-06 20:48:22,119.83,5,cg_1778531893135_1,5061,cam1_20260511_143815.jpg,crops/cam1_20260511_143815_r0_c1.jpg,5063,cam1_20260511_143820.jpg,crops/cam1_20260511_143820_r0_c1.jpg,10853,29.5,,44,40.5,0,0,0,0,0,0.0,0.0,3453.0,102.0,63.6,12.7,1.7,0.3,,2026-05-11 20:38:21
germ-germinadorap-de5832|LOT-20260506-651F-005|r0_c1|rep0,LOT-20260506-651F-005:B1:R0,germ-germinadorap-de5832,LOT-20260506-651F-005,B1,0,1,0,Hierbabuena,,,,,,,2026-05-11 20:53:15,2026-05-06 20:48:22,120.08,6,cg_1778532793143_1,5065,cam1_20260511_145315.jpg,crops/cam1_20260511_145315_r0_c1.jpg,5067,cam1_20260511_145320.jpg,crops/cam1_20260511_145320_r0_c1.jpg,10865,29.6,,45,40.1,0,0,0,0,0,0.0,0.0,3468.0,102.0,63.6,10.6,1.7,0.3,,2026-05-11 20:53:21
germ-germinadorap-de5832|LOT-20260506-651F-005|r0_c1|rep0,LOT-20260506-651F-005:B1:R0,germ-germinadorap-de5832,LOT-20260506-651F-005,B1,0,1,0,Hierbabuena,,,,,,,2026-05-11 21:08:17,2026-05-06 20:48:22,120.33,6,cg_1778533693148_1,5069,cam1_20260511_150816.jpg,crops/cam1_20260511_150816_r0_c1.jpg,5071,cam1_20260511_150819.jpg,crops/cam1_20260511_150819_r0_c1.jpg,10877,29.5,,44,40.5,0,0,0,0,0,0.0,0.0,3483.0,102.0,63.6,10.6,1.8,0.3,,2026-05-11 21:08:21
germ-germinadorap-de5832|LOT-20260506-651F-005|r0_c1|rep0,LOT-20260506-651F-005:B1:R0,germ-germinadorap-de5832,LOT-20260506-651F-005,B1,0,1,0,Hierbabuena,,,,,,,2026-05-11 21:23:16,2026-05-06 20:48:22,120.58,6,cg_1778534593148_1,5073,cam1_20260511_152316.jpg,crops/cam1_20260511_152316_r0_c1.jpg,5075,cam1_20260511_152320.jpg,crops/cam1_20260511_152320_r0_c1.jpg,10889,29.7,,46,41.1,0,0,0,0,0,0.0,0.0,3498.0,102.0,63.6,10.6,1.8,0.3,,2026-05-11 21:23:21
germ-germinadorap-de5832|LOT-20260506-651F-005|r0_c1|rep0,LOT-20260506-651F-005:B1:R0,germ-germinadorap-de5832,LOT-20260506-651F-005,B1,0,1,0,Hierbabuena,,,,,,,2026-05-11 22:23:48,2026-05-06 20:48:22,121.59,6,cg_1778538226397_1,5076,cam1_20260511_162348.jpg,crops/cam1_20260511_162348_r0_c1.jpg,5078,cam1_20260511_162351.jpg,crops/cam1_20260511_162351_r0_c1.jpg,10896,28.4,,54,30.4,0,0,0,0,0,0.0,0.0,3558.0,102.0,64.1,10.7,1.8,0.3,,2026-05-11 22:23:52
germ-germinadorap-de5832|LOT-20260506-651F-005|r0_c1|rep0,LOT-20260506-651F-005:B1:R0,germ-germinadorap-de5832,LOT-20260506-651F-005,B1,0,1,0,Hierbabuena,,,,,,,2026-05-11 22:38:48,2026-05-06 20:48:22,121.84,6,cg_1778539126397_1,5085,cam1_20260511_163848.jpg,crops/cam1_20260511_163848_r0_c1.jpg,5087,cam1_20260511_163853.jpg,crops/cam1_20260511_163853_r0_c1.jpg,10913,28.9,,52,41.9,0,0,0,0,0,0.0,0.0,3573.0,102.0,64.3,10.7,1.8,0.3,,2026-05-11 22:38:54
germ-germinadorap-de5832|LOT-20260506-651F-005|r0_c1|rep0,LOT-20260506-651F-005:B1:R0,germ-germinadorap-de5832,LOT-20260506-651F-005,B1,0,1,0,Hierbabuena,,,,,,,2026-05-11 22:53:49,2026-05-06 20:48:22,122.09,6,cg_1778540026397_1,5089,cam1_20260511_165348.jpg,crops/cam1_20260511_165348_r0_c1.jpg,5091,cam1_20260511_165353.jpg,crops/cam1_20260511_165353_r0_c1.jpg,10925,29.3,,50,41.7,0,0,0,0,0,0.0,0.0,3588.0,102.0,64.4,10.7,1.8,0.3,,2026-05-11 22:53:54
germ-germinadorap-de5832|LOT-20260506-651F-005|r0_c1|rep0,LOT-20260506-651F-005:B1:R0,germ-germinadorap-de5832,LOT-20260506-651F-005,B1,0,1,0,Hierbabuena,,,,,,,2026-05-11 23:08:48,2026-05-06 20:48:22,122.34,6,cg_1778540926403_1,5093,cam1_20260511_170848.jpg,crops/cam1_20260511_170848_r0_c1.jpg,5095,cam1_20260511_170853.jpg,crops/cam1_20260511_170853_r0_c1.jpg,10937,29.5,,46,41.6,0,0,0,0,0,0.0,0.0,3603.0,102.0,64.4,10.7,1.8,0.3,,2026-05-11 23:08:54
germ-germinadorap-de5832|LOT-20260506-651F-005|r0_c1|rep0,LOT-20260506-651F-005:B1:R0,germ-germinadorap-de5832,LOT-20260506-651F-005,B1,0,1,0,Hierbabuena,,,,,,,2026-05-11 23:23:49,2026-05-06 20:48:22,122.59,6,cg_1778541826404_1,5097,cam1_20260511_172348.jpg,crops/cam1_20260511_172348_r0_c1.jpg,5099,cam1_20260511_172353.jpg,crops/cam1_20260511_172353_r0_c1.jpg,10949,28.7,,43,41.4,0,0,0,0,0,0.0,0.0,3618.0,102.0,64.4,10.7,1.8,0.3,,2026-05-11 23:23:55
germ-germinadorap-de5832|LOT-20260506-651F-005|r0_c1|rep0,LOT-20260506-651F-005:B1:R0,germ-germinadorap-de5832,LOT-20260506-651F-005,B1,0,1,0,Hierbabuena,,,,,,,2026-05-11 23:40:06,2026-05-06 20:48:22,122.86,6,cg_1778542803434_1,5101,cam1_20260511_174005.jpg,crops/cam1_20260511_174005_r0_c1.jpg,5103,cam1_20260511_174012.jpg,crops/cam1_20260511_174012_r0_c1.jpg,10961,28.3,,42,40.1,0,0,0,0,0,0.0,0.0,3634.0,102.0,64.7,10.8,1.8,0.3,,2026-05-11 23:40:14
germ-germinadorap-de5832|LOT-20260506-651F-005|r0_c1|rep0,LOT-20260506-651F-005:B1:R0,germ-germinadorap-de5832,LOT-20260506-651F-005,B1,0,1,0,Hierbabuena,,,,,,,2026-05-11 23:55:07,2026-05-06 20:48:22,123.11,6,cg_1778543703433_1,5105,cam1_20260511_175506.jpg,crops/cam1_20260511_175506_r0_c1.jpg,5107,cam1_20260511_175510.jpg,crops/cam1_20260511_175510_r0_c1.jpg,10973,28,,42,39.9,0,0,0,0,0,0.0,0.0,3649.0,102.0,64.9,10.8,1.8,0.3,,2026-05-11 23:55:12
germ-germinadorap-de5832|LOT-20260506-651F-005|r0_c1|rep0,LOT-20260506-651F-005:B1:R0,germ-germinadorap-de5832,LOT-20260506-651F-005,B1,0,1,0,Hierbabuena,,,,,,,2026-05-12 00:10:06,2026-05-06 20:48:22,123.36,6,cg_1778544603456_1,5109,cam1_20260511_181005.jpg,crops/cam1_20260511_181005_r0_c1.jpg,5111,cam1_20260511_181011.jpg,crops/cam1_20260511_181011_r0_c1.jpg,10985,28.7,,44,44.1,0,0,0,1,0,15.0,0.0,3664.0,102.0,65.1,10.9,1.8,0.3,,2026-05-12 00:10:13
germ-germinadorap-de5832|LOT-20260506-651F-005|r0_c1|rep0,LOT-20260506-651F-005:B1:R0,germ-germinadorap-de5832,LOT-20260506-651F-005,B1,0,1,0,Hierbabuena,,,,,,,2026-05-12 06:17:12,2026-05-06 20:48:22,129.48,6,cg_1778566630522_1,5120,cam1_20260512_001712.jpg,crops/cam1_20260512_001712_r0_c1.jpg,5122,cam1_20260512_001715.jpg,crops/cam1_20260512_001715_r0_c1.jpg,10992,29,,50,1.5,0,0,0,0,0,0.0,0.0,3898.0,106.0,65.5,10.9,1.8,0.3,,2026-05-12 06:17:17
germ-germinadorap-de5832|LOT-20260506-651F-005|r0_c1|rep0,LOT-20260506-651F-005:B1:R0,germ-germinadorap-de5832,LOT-20260506-651F-005,B1,0,1,0,Hierbabuena,,,,,,,2026-05-12 06:32:32,2026-05-06 20:48:22,129.74,6,cg_1778567549603_1,5129,cam1_20260512_003231.jpg,crops/cam1_20260512_003231_r0_c1.jpg,5131,cam1_20260512_003236.jpg,crops/cam1_20260512_003236_r0_c1.jpg,11009,29,,50,1.4,0,0,0,0,0,0.0,0.0,3909.0,106.0,65.5,10.9,1.8,0.3,,2026-05-12 06:32:38
germ-germinadorap-de5832|LOT-20260506-651F-005|r0_c1|rep0,LOT-20260506-651F-005:B1:R0,germ-germinadorap-de5832,LOT-20260506-651F-005,B1,0,1,0,Hierbabuena,,,,,,,2026-05-12 06:47:32,2026-05-06 20:48:22,129.99,6,cg_1778568449607_1,5133,cam1_20260512_004731.jpg,crops/cam1_20260512_004731_r0_c1.jpg,5135,cam1_20260512_004736.jpg,crops/cam1_20260512_004736_r0_c1.jpg,11021,29,,50,1.4,0,0,0,0,0,0.0,0.0,3909.0,106.0,65.5,10.9,1.8,0.3,,2026-05-12 06:47:38
germ-germinadorap-de5832|LOT-20260506-651F-005|r0_c1|rep0,LOT-20260506-651F-005:B1:R0,germ-germinadorap-de5832,LOT-20260506-651F-005,B1,0,1,0,Hierbabuena,,,,,,,2026-05-12 07:02:32,2026-05-06 20:48:22,130.24,6,cg_1778569349616_1,5137,cam1_20260512_010231.jpg,crops/cam1_20260512_010231_r0_c1.jpg,5139,cam1_20260512_010236.jpg,crops/cam1_20260512_010236_r0_c1.jpg,11033,29,,50,1.4,0,0,0,0,0,0.0,0.0,3909.0,106.0,65.5,10.9,1.8,0.3,,2026-05-12 07:02:38
germ-germinadorap-de5832|LOT-20260506-651F-005|r0_c1|rep0,LOT-20260506-651F-005:B1:R0,germ-germinadorap-de5832,LOT-20260506-651F-005,B1,0,1,0,Hierbabuena,,,,,,,2026-05-12 07:17:32,2026-05-06 20:48:22,130.49,6,cg_1778570249627_1,5141,cam1_20260512_011731.jpg,crops/cam1_20260512_011731_r0_c1.jpg,5143,cam1_20260512_011736.jpg,crops/cam1_20260512_011736_r0_c1.jpg,11045,29,,50,1.3,0,0,0,0,0,0.0,0.0,3909.0,106.0,65.5,10.9,1.8,0.3,,2026-05-12 07:17:38
germ-germinadorap-de5832|LOT-20260506-651F-005|r0_c1|rep0,LOT-20260506-651F-005:B1:R0,germ-germinadorap-de5832,LOT-20260506-651F-005,B1,0,1,0,Hierbabuena,,,,,,,2026-05-12 07:32:32,2026-05-06 20:48:22,130.74,6,cg_1778571149648_1,5145,cam1_20260512_013231.jpg,crops/cam1_20260512_013231_r0_c1.jpg,5147,cam1_20260512_013236.jpg,crops/cam1_20260512_013236_r0_c1.jpg,11057,29,,50,1.3,0,0,0,0,0,0.0,0.0,3909.0,106.0,65.5,10.9,1.8,0.3,,2026-05-12 07:32:38
germ-germinadorap-de5832|LOT-20260506-651F-005|r0_c1|rep0,LOT-20260506-651F-005:B1:R0,germ-germinadorap-de5832,LOT-20260506-651F-005,B1,0,1,0,Hierbabuena,,,,,,,2026-05-12 07:48:41,2026-05-06 20:48:22,131.01,6,cg_1778572119478_1,5148,cam1_20260512_014841.jpg,crops/cam1_20260512_014841_r0_c1.jpg,5150,cam1_20260512_014844.jpg,crops/cam1_20260512_014844_r0_c1.jpg,11064,29,,50,1.2,0,0,0,0,0,0.0,0.0,3909.0,106.0,65.5,10.9,1.8,0.3,,2026-05-12 07:48:45
germ-germinadorap-de5832|LOT-20260506-651F-005|r0_c1|rep0,LOT-20260506-651F-005:B1:R0,germ-germinadorap-de5832,LOT-20260506-651F-005,B1,0,1,0,Hierbabuena,,,,,,,2026-05-12 08:04:29,2026-05-06 20:48:22,131.27,6,cg_1778573066922_1,5153,cam1_20260512_020428.jpg,crops/cam1_20260512_020428_r0_c1.jpg,5155,cam1_20260512_020433.jpg,crops/cam1_20260512_020433_r0_c1.jpg,11081,29,,50,1.2,0,0,0,0,0,0.0,0.0,3909.0,106.0,65.5,10.9,1.8,0.3,,2026-05-12 08:04:35
germ-germinadorap-de5832|LOT-20260506-651F-005|r0_c1|rep0,LOT-20260506-651F-005:B1:R0,germ-germinadorap-de5832,LOT-20260506-651F-005,B1,0,1,0,Hierbabuena,,,,,,,2026-05-12 08:19:29,2026-05-06 20:48:22,131.52,6,cg_1778573966918_1,5157,cam1_20260512_021928.jpg,crops/cam1_20260512_021928_r0_c1.jpg,5159,cam1_20260512_021933.jpg,crops/cam1_20260512_021933_r0_c1.jpg,11093,29,,50,1.2,0,0,0,0,0,0.0,0.0,3909.0,106.0,65.8,11.0,1.8,0.3,,2026-05-12 08:19:35
germ-germinadorap-de5832|LOT-20260506-651F-005|r0_c1|rep0,LOT-20260506-651F-005:B1:R0,germ-germinadorap-de5832,LOT-20260506-651F-005,B1,0,1,0,Hierbabuena,,,,,,,2026-05-12 08:34:29,2026-05-06 20:48:22,131.77,6,cg_1778574866921_1,5161,cam1_20260512_023428.jpg,crops/cam1_20260512_023428_r0_c1.jpg,5163,cam1_20260512_023434.jpg,crops/cam1_20260512_023434_r0_c1.jpg,11105,29,,50,1.1,0,0,0,0,0,0.0,0.0,3909.0,106.0,66.0,11.0,1.8,0.3,,2026-05-12 08:34:35
germ-germinadorap-de5832|LOT-20260506-651F-005|r0_c1|rep0,LOT-20260506-651F-005:B1:R0,germ-germinadorap-de5832,LOT-20260506-651F-005,B1,0,1,0,Hierbabuena,,,,,,,2026-05-12 08:49:29,2026-05-06 20:48:22,132.02,6,cg_1778575766926_1,5165,cam1_20260512_024928.jpg,crops/cam1_20260512_024928_r0_c1.jpg,5167,cam1_20260512_024934.jpg,crops/cam1_20260512_024934_r0_c1.jpg,11117,29,,50,1.1,0,0,0,0,0,0.0,0.0,3910.0,106.0,66.3,11.0,1.8,0.3,,2026-05-12 08:49:35
germ-germinadorap-de5832|LOT-20260506-651F-005|r0_c1|rep0,LOT-20260506-651F-005:B1:R0,germ-germinadorap-de5832,LOT-20260506-651F-005,B1,0,1,0,Hierbabuena,,,,,,,2026-05-12 09:04:29,2026-05-06 20:48:22,132.27,6,cg_1778576666928_1,5169,cam1_20260512_030428.jpg,crops/cam1_20260512_030428_r0_c1.jpg,5171,cam1_20260512_030433.jpg,crops/cam1_20260512_030433_r0_c1.jpg,11129,29,,50,1,0,0,0,0,0,0.0,0.0,3910.0,106.0,66.5,11.1,1.8,0.3,,2026-05-12 09:04:35
germ-germinadorap-de5832|LOT-20260506-651F-005|r0_c1|rep0,LOT-20260506-651F-005:B1:R0,germ-germinadorap-de5832,LOT-20260506-651F-005,B1,0,1,0,Hierbabuena,,,,,,,2026-05-12 09:19:29,2026-05-06 20:48:22,132.52,6,cg_1778577566933_1,5173,cam1_20260512_031928.jpg,crops/cam1_20260512_031928_r0_c1.jpg,5175,cam1_20260512_031933.jpg,crops/cam1_20260512_031933_r0_c1.jpg,11141,29,,50,1,0,0,0,0,0,0.0,0.0,3910.0,106.0,66.8,11.1,1.8,0.3,,2026-05-12 09:19:35
germ-germinadorap-de5832|LOT-20260506-651F-005|r0_c1|rep0,LOT-20260506-651F-005:B1:R0,germ-germinadorap-de5832,LOT-20260506-651F-005,B1,0,1,0,Hierbabuena,,,,,,,2026-05-12 09:34:29,2026-05-06 20:48:22,132.77,6,cg_1778578466936_1,5176,cam1_20260512_033428.jpg,crops/cam1_20260512_033428_r0_c1.jpg,5178,cam1_20260512_033431.jpg,crops/cam1_20260512_033431_r0_c1.jpg,11148,29,,50,0.9,0,0,0,0,0,0.0,0.0,3910.0,106.0,67.0,11.2,1.8,0.3,,2026-05-12 09:34:33
germ-germinadorap-de5832|LOT-20260506-651F-005|r0_c1|rep0,LOT-20260506-651F-005:B1:R0,germ-germinadorap-de5832,LOT-20260506-651F-005,B1,0,1,0,Hierbabuena,,,,,,,2026-05-12 09:49:29,2026-05-06 20:48:22,133.02,6,cg_1778579366940_1,5181,cam1_20260512_034928.jpg,crops/cam1_20260512_034928_r0_c1.jpg,5183,cam1_20260512_034933.jpg,crops/cam1_20260512_034933_r0_c1.jpg,11165,29,,50,0.9,0,0,0,0,0,0.0,0.0,3910.0,106.0,67.3,11.2,1.8,0.3,,2026-05-12 09:49:35
germ-germinadorap-de5832|LOT-20260506-651F-005|r0_c1|rep0,LOT-20260506-651F-005:B1:R0,germ-germinadorap-de5832,LOT-20260506-651F-005,B1,0,1,0,Hierbabuena,,,,,,,2026-05-12 10:04:29,2026-05-06 20:48:22,133.27,6,cg_1778580266942_1,5185,cam1_20260512_040428.jpg,crops/cam1_20260512_040428_r0_c1.jpg,5187,cam1_20260512_040433.jpg,crops/cam1_20260512_040433_r0_c1.jpg,11177,29,,50,0.9,0,0,0,0,0,0.0,0.0,3910.0,106.0,67.5,11.3,1.8,0.3,,2026-05-12 10:04:35
germ-germinadorap-de5832|LOT-20260506-651F-005|r0_c1|rep0,LOT-20260506-651F-005:B1:R0,germ-germinadorap-de5832,LOT-20260506-651F-005,B1,0,1,0,Hierbabuena,,,,,,,2026-05-12 10:19:29,2026-05-06 20:48:22,133.52,6,cg_1778581166946_1,5189,cam1_20260512_041929.jpg,crops/cam1_20260512_041929_r0_c1.jpg,5191,cam1_20260512_041934.jpg,crops/cam1_20260512_041934_r0_c1.jpg,11189,29,,50,0.8,0,0,0,0,0,0.0,0.0,3910.0,106.0,67.8,11.3,1.8,0.3,,2026-05-12 10:19:35
germ-germinadorap-de5832|LOT-20260506-651F-005|r0_c1|rep0,LOT-20260506-651F-005:B1:R0,germ-germinadorap-de5832,LOT-20260506-651F-005,B1,0,1,0,Hierbabuena,,,,,,,2026-05-12 10:34:29,2026-05-06 20:48:22,133.77,6,cg_1778582066951_1,5193,cam1_20260512_043428.jpg,crops/cam1_20260512_043428_r0_c1.jpg,5195,cam1_20260512_043433.jpg,crops/cam1_20260512_043433_r0_c1.jpg,11201,29,,50,0.9,0,0,0,0,0,0.0,0.0,3910.0,106.0,68.0,11.3,1.8,0.3,,2026-05-12 10:34:35
germ-germinadorap-de5832|LOT-20260506-651F-005|r0_c1|rep0,LOT-20260506-651F-005:B1:R0,germ-germinadorap-de5832,LOT-20260506-651F-005,B1,0,1,0,Hierbabuena,,,,,,,2026-05-12 10:49:29,2026-05-06 20:48:22,134.02,6,cg_1778582966957_1,5197,cam1_20260512_044928.jpg,crops/cam1_20260512_044928_r0_c1.jpg,5199,cam1_20260512_044933.jpg,crops/cam1_20260512_044933_r0_c1.jpg,11213,29,,50,0.8,0,0,0,0,0,0.0,0.0,3910.0,106.0,68.3,11.4,1.8,0.3,,2026-05-12 10:49:35
germ-germinadorap-de5832|LOT-20260506-651F-005|r0_c1|rep0,LOT-20260506-651F-005:B1:R0,germ-germinadorap-de5832,LOT-20260506-651F-005,B1,0,1,0,Hierbabuena,,,,,,,2026-05-12 11:04:29,2026-05-06 20:48:22,134.27,6,cg_1778583866959_1,5201,cam1_20260512_050428.jpg,crops/cam1_20260512_050428_r0_c1.jpg,5203,cam1_20260512_050433.jpg,crops/cam1_20260512_050433_r0_c1.jpg,11225,29,,50,0.8,0,0,0,0,0,0.0,0.0,3910.0,106.0,68.5,11.4,1.8,0.3,,2026-05-12 11:04:35
germ-germinadorap-de5832|LOT-20260506-651F-005|r0_c1|rep0,LOT-20260506-651F-005:B1:R0,germ-germinadorap-de5832,LOT-20260506-651F-005,B1,0,1,0,Hierbabuena,,,,,,,2026-05-12 11:19:29,2026-05-06 20:48:22,134.52,6,cg_1778584766963_1,5205,cam1_20260512_051928.jpg,crops/cam1_20260512_051928_r0_c1.jpg,5207,cam1_20260512_051933.jpg,crops/cam1_20260512_051933_r0_c1.jpg,11237,29,,50,0.7,0,0,0,0,0,0.0,0.0,3910.0,106.0,68.8,11.5,1.8,0.3,,2026-05-12 11:19:35
germ-germinadorap-de5832|LOT-20260506-651F-005|r0_c1|rep0,LOT-20260506-651F-005:B1:R0,germ-germinadorap-de5832,LOT-20260506-651F-005,B1,0,1,0,Hierbabuena,,,,,,,2026-05-12 11:34:29,2026-05-06 20:48:22,134.77,6,cg_1778585666966_1,5209,cam1_20260512_053428.jpg,crops/cam1_20260512_053428_r0_c1.jpg,5211,cam1_20260512_053433.jpg,crops/cam1_20260512_053433_r0_c1.jpg,11249,29,,50,0.7,0,0,0,0,0,0.0,0.0,3910.0,106.0,69.0,11.5,1.8,0.3,,2026-05-12 11:34:35
germ-germinadorap-de5832|LOT-20260506-651F-005|r0_c1|rep0,LOT-20260506-651F-005:B1:R0,germ-germinadorap-de5832,LOT-20260506-651F-005,B1,0,1,0,Hierbabuena,,,,,,,2026-05-12 11:49:29,2026-05-06 20:48:22,135.02,6,cg_1778586566974_1,5213,cam1_20260512_054928.jpg,crops/cam1_20260512_054928_r0_c1.jpg,5215,cam1_20260512_054933.jpg,crops/cam1_20260512_054933_r0_c1.jpg,11261,29,,50,0.8,0,0,0,0,0,0.0,0.0,3910.0,106.0,69.3,11.5,1.8,0.3,,2026-05-12 11:49:35
germ-germinadorap-de5832|LOT-20260506-651F-005|r0_c1|rep0,LOT-20260506-651F-005:B1:R0,germ-germinadorap-de5832,LOT-20260506-651F-005,B1,0,1,0,Hierbabuena,,,,,,,2026-05-12 12:04:29,2026-05-06 20:48:22,135.27,6,cg_1778587466973_1,5217,cam1_20260512_060428.jpg,crops/cam1_20260512_060428_r0_c1.jpg,5219,cam1_20260512_060434.jpg,crops/cam1_20260512_060434_r0_c1.jpg,11273,29,,50,0.7,0,0,0,0,0,0.0,0.0,3910.0,106.0,69.5,11.6,1.8,0.3,,2026-05-12 12:04:35
germ-germinadorap-de5832|LOT-20260506-651F-005|r0_c1|rep0,LOT-20260506-651F-005:B1:R0,germ-germinadorap-de5832,LOT-20260506-651F-005,B1,0,1,0,Hierbabuena,,,,,,,2026-05-12 12:19:29,2026-05-06 20:48:22,135.52,6,cg_1778588366980_1,5221,cam1_20260512_061928.jpg,crops/cam1_20260512_061928_r0_c1.jpg,5223,cam1_20260512_061933.jpg,crops/cam1_20260512_061933_r0_c1.jpg,11285,29,,50,0.7,0,0,0,0,0,0.0,0.0,3910.0,106.0,69.8,11.6,1.8,0.3,,2026-05-12 12:19:35
germ-germinadorap-de5832|LOT-20260506-651F-005|r0_c1|rep0,LOT-20260506-651F-005:B1:R0,germ-germinadorap-de5832,LOT-20260506-651F-005,B1,0,1,0,Hierbabuena,,,,,,,2026-05-12 12:34:29,2026-05-06 20:48:22,135.77,6,cg_1778589266977_1,5225,cam1_20260512_063428.jpg,crops/cam1_20260512_063428_r0_c1.jpg,5227,cam1_20260512_063433.jpg,crops/cam1_20260512_063433_r0_c1.jpg,11297,29,,50,0.6,0,0,0,0,0,0.0,0.0,3910.0,106.0,70.0,11.7,1.8,0.3,,2026-05-12 12:34:35
germ-germinadorap-de5832|LOT-20260506-651F-005|r0_c1|rep0,LOT-20260506-651F-005:B1:R0,germ-germinadorap-de5832,LOT-20260506-651F-005,B1,0,1,0,Hierbabuena,,,,,,,2026-05-12 12:49:29,2026-05-06 20:48:22,136.02,6,cg_1778590166981_1,5229,cam1_20260512_064928.jpg,crops/cam1_20260512_064928_r0_c1.jpg,5231,cam1_20260512_064933.jpg,crops/cam1_20260512_064933_r0_c1.jpg,11309,29,,50,0.7,0,0,0,0,0,0.0,0.0,3911.0,106.0,70.3,11.7,1.8,0.3,,2026-05-12 12:49:35
germ-germinadorap-de5832|LOT-20260506-651F-005|r0_c1|rep0,LOT-20260506-651F-005:B1:R0,germ-germinadorap-de5832,LOT-20260506-651F-005,B1,0,1,0,Hierbabuena,,,,,,,2026-05-12 13:04:29,2026-05-06 20:48:22,136.27,6,cg_1778591066985_1,5233,cam1_20260512_070428.jpg,crops/cam1_20260512_070428_r0_c1.jpg,5235,cam1_20260512_070433.jpg,crops/cam1_20260512_070433_r0_c1.jpg,11321,29,,50,0.6,0,0,0,0,0,0.0,0.0,3911.0,106.0,70.5,11.8,1.8,0.3,,2026-05-12 13:04:35
germ-germinadorap-de5832|LOT-20260506-651F-005|r0_c1|rep0,LOT-20260506-651F-005:B1:R0,germ-germinadorap-de5832,LOT-20260506-651F-005,B1,0,1,0,Hierbabuena,,,,,,,2026-05-12 13:19:29,2026-05-06 20:48:22,136.52,6,cg_1778591966990_1,5237,cam1_20260512_071928.jpg,crops/cam1_20260512_071928_r0_c1.jpg,5239,cam1_20260512_071933.jpg,crops/cam1_20260512_071933_r0_c1.jpg,11333,29,,50,0.6,0,0,0,0,0,0.0,0.0,3911.0,106.0,70.8,11.8,1.8,0.3,,2026-05-12 13:19:35
germ-germinadorap-de5832|LOT-20260506-651F-005|r0_c1|rep0,LOT-20260506-651F-005:B1:R0,germ-germinadorap-de5832,LOT-20260506-651F-005,B1,0,1,0,Hierbabuena,,,,,,,2026-05-12 13:34:29,2026-05-06 20:48:22,136.77,6,cg_1778592866993_1,5241,cam1_20260512_073428.jpg,crops/cam1_20260512_073428_r0_c1.jpg,5243,cam1_20260512_073433.jpg,crops/cam1_20260512_073433_r0_c1.jpg,11345,29,,50,0.6,0,0,0,0,0,0.0,0.0,3911.0,106.0,71.0,11.8,1.8,0.3,,2026-05-12 13:34:35
germ-germinadorap-de5832|LOT-20260506-651F-005|r0_c1|rep0,LOT-20260506-651F-005:B1:R0,germ-germinadorap-de5832,LOT-20260506-651F-005,B1,0,1,0,Hierbabuena,,,,,,,2026-05-12 13:49:29,2026-05-06 20:48:22,137.02,6,cg_1778593766996_1,5245,cam1_20260512_074928.jpg,crops/cam1_20260512_074928_r0_c1.jpg,5247,cam1_20260512_074933.jpg,crops/cam1_20260512_074933_r0_c1.jpg,11357,29,,50,0.6,0,0,0,0,0,0.0,0.0,3911.0,106.0,71.3,11.9,1.8,0.3,,2026-05-12 13:49:35
germ-germinadorap-de5832|LOT-20260506-651F-005|r0_c1|rep0,LOT-20260506-651F-005:B1:R0,germ-germinadorap-de5832,LOT-20260506-651F-005,B1,0,1,0,Hierbabuena,,,,,,,2026-05-12 14:04:31,2026-05-06 20:48:22,137.27,6,cg_1778594669247_1,5253,cam1_20260512_080430.jpg,crops/cam1_20260512_080430_r0_c1.jpg,5255,cam1_20260512_080436.jpg,crops/cam1_20260512_080436_r0_c1.jpg,11369,29,,50,0.6,0,0,0,0,0,0.0,0.0,3915.0,106.0,71.5,11.9,1.8,0.3,,2026-05-12 14:04:37
germ-germinadorap-de5832|LOT-20260506-651F-005|r0_c1|rep0,LOT-20260506-651F-005:B1:R0,germ-germinadorap-de5832,LOT-20260506-651F-005,B1,0,1,0,Hierbabuena,,,,,,,2026-05-12 14:19:31,2026-05-06 20:48:22,137.52,6,cg_1778595569271_1,5257,cam1_20260512_081930.jpg,crops/cam1_20260512_081930_r0_c1.jpg,5259,cam1_20260512_081936.jpg,crops/cam1_20260512_081936_r0_c1.jpg,11381,29,,50,0.5,0,0,0,0,0,0.0,0.0,3930.0,106.0,71.8,12.0,1.8,0.3,,2026-05-12 14:19:37
germ-germinadorap-de5832|LOT-20260506-651F-005|r0_c1|rep0,LOT-20260506-651F-005:B1:R0,germ-germinadorap-de5832,LOT-20260506-651F-005,B1,0,1,0,Hierbabuena,,,,,,,2026-05-12 14:34:31,2026-05-06 20:48:22,137.77,6,cg_1778596469286_1,5261,cam1_20260512_083431.jpg,crops/cam1_20260512_083431_r0_c1.jpg,5263,cam1_20260512_083436.jpg,crops/cam1_20260512_083436_r0_c1.jpg,11393,29,,50,0.6,0,0,0,0,0,0.0,0.0,3945.0,106.0,72.0,12.0,1.8,0.3,,2026-05-12 14:34:38
germ-germinadorap-de5832|LOT-20260506-651F-005|r0_c1|rep0,LOT-20260506-651F-005:B1:R0,germ-germinadorap-de5832,LOT-20260506-651F-005,B1,0,1,0,Hierbabuena,,,,,,,2026-05-12 14:49:31,2026-05-06 20:48:22,138.02,6,cg_1778597369291_1,5265,cam1_20260512_084930.jpg,crops/cam1_20260512_084930_r0_c1.jpg,5267,cam1_20260512_084936.jpg,crops/cam1_20260512_084936_r0_c1.jpg,11405,29,,50,0.6,0,0,0,0,0,0.0,0.0,3960.0,106.0,72.2,12.0,1.8,0.3,,2026-05-12 14:49:37
germ-germinadorap-de5832|LOT-20260506-651F-005|r0_c1|rep0,LOT-20260506-651F-005:B1:R0,germ-germinadorap-de5832,LOT-20260506-651F-005,B1,0,1,0,Hierbabuena,,,,,,,2026-05-12 15:04:31,2026-05-06 20:48:22,138.27,6,cg_1778598269393_1,5269,cam1_20260512_090431.jpg,crops/cam1_20260512_090431_r0_c1.jpg,5271,cam1_20260512_090436.jpg,crops/cam1_20260512_090436_r0_c1.jpg,11417,29,,50,0.6,0,0,0,0,0,0.0,0.0,3974.0,106.0,72.5,12.1,1.8,0.3,,2026-05-12 15:04:38
germ-germinadorap-de5832|LOT-20260506-651F-005|r0_c1|rep0,LOT-20260506-651F-005:B1:R0,germ-germinadorap-de5832,LOT-20260506-651F-005,B1,0,1,0,Hierbabuena,,,,,,,2026-05-12 15:19:31,2026-05-06 20:48:22,138.52,6,cg_1778599169461_1,5273,cam1_20260512_091931.jpg,crops/cam1_20260512_091931_r0_c1.jpg,5275,cam1_20260512_091936.jpg,crops/cam1_20260512_091936_r0_c1.jpg,11429,29,,50,0.5,0,0,0,0,0,0.0,0.0,3989.0,106.0,72.7,12.1,1.8,0.3,,2026-05-12 15:19:38
germ-germinadorap-de5832|LOT-20260506-651F-005|r0_c1|rep0,LOT-20260506-651F-005:B1:R0,germ-germinadorap-de5832,LOT-20260506-651F-005,B1,0,1,0,Hierbabuena,,,,,,,2026-05-12 15:34:32,2026-05-06 20:48:22,138.77,6,cg_1778600069557_1,5277,cam1_20260512_093431.jpg,crops/cam1_20260512_093431_r0_c1.jpg,5279,cam1_20260512_093436.jpg,crops/cam1_20260512_093436_r0_c1.jpg,11441,29,,50,0.5,0,0,0,0,0,0.0,0.0,4004.0,106.0,73.0,12.2,1.8,0.3,,2026-05-12 15:34:38
germ-germinadorap-de5832|LOT-20260506-651F-005|r0_c1|rep0,LOT-20260506-651F-005:B1:R0,germ-germinadorap-de5832,LOT-20260506-651F-005,B1,0,1,0,Hierbabuena,,,,,,,2026-05-12 15:49:32,2026-05-06 20:48:22,139.02,6,cg_1778600969558_1,5281,cam1_20260512_094931.jpg,crops/cam1_20260512_094931_r0_c1.jpg,5283,cam1_20260512_094936.jpg,crops/cam1_20260512_094936_r0_c1.jpg,11453,29,,50,0.5,0,0,0,0,0,0.0,0.0,4019.0,106.0,73.2,12.2,1.8,0.3,,2026-05-12 15:49:38
germ-germinadorap-de5832|LOT-20260506-651F-005|r0_c1|rep0,LOT-20260506-651F-005:B1:R0,germ-germinadorap-de5832,LOT-20260506-651F-005,B1,0,1,0,Hierbabuena,,,,,,,2026-05-12 16:04:32,2026-05-06 20:48:22,139.27,6,cg_1778601869564_1,5285,cam1_20260512_100431.jpg,crops/cam1_20260512_100431_r0_c1.jpg,5287,cam1_20260512_100436.jpg,crops/cam1_20260512_100436_r0_c1.jpg,11465,29,,50,0.5,0,0,0,0,0,0.0,0.0,4034.0,106.0,73.5,12.2,1.8,0.3,,2026-05-12 16:04:38
germ-germinadorap-de5832|LOT-20260506-651F-005|r0_c1|rep0,LOT-20260506-651F-005:B1:R0,germ-germinadorap-de5832,LOT-20260506-651F-005,B1,0,1,0,Hierbabuena,,,,,,,2026-05-12 16:19:31,2026-05-06 20:48:22,139.52,6,cg_1778602769566_1,5289,cam1_20260512_101931.jpg,crops/cam1_20260512_101931_r0_c1.jpg,5291,cam1_20260512_101936.jpg,crops/cam1_20260512_101936_r0_c1.jpg,11477,29,,50,0.5,0,0,0,0,0,0.0,0.0,4049.0,106.0,73.7,12.3,1.8,0.3,,2026-05-12 16:19:38
germ-germinadorap-de5832|LOT-20260506-651F-005|r0_c1|rep0,LOT-20260506-651F-005:B1:R0,germ-germinadorap-de5832,LOT-20260506-651F-005,B1,0,1,0,Hierbabuena,,,,,,,2026-05-12 16:34:31,2026-05-06 20:48:22,139.77,6,cg_1778603669569_1,5292,cam1_20260512_103431.jpg,crops/cam1_20260512_103431_r0_c1.jpg,5294,cam1_20260512_103434.jpg,crops/cam1_20260512_103434_r0_c1.jpg,11484,29,,50,0.5,0,0,0,0,0,0.0,0.0,4064.0,106.0,74.0,12.3,1.8,0.3,,2026-05-12 16:34:35
germ-germinadorap-de5832|LOT-20260506-651F-005|r0_c1|rep0,LOT-20260506-651F-005:B1:R0,germ-germinadorap-de5832,LOT-20260506-651F-005,B1,0,1,0,Hierbabuena,,,,,,,2026-05-12 16:49:32,2026-05-06 20:48:22,140.02,6,cg_1778604569571_1,5297,cam1_20260512_104931.jpg,crops/cam1_20260512_104931_r0_c1.jpg,5299,cam1_20260512_104936.jpg,crops/cam1_20260512_104936_r0_c1.jpg,11501,29,,50,0.5,0,0,0,0,0,0.0,0.0,4079.0,106.0,74.2,12.4,1.8,0.3,,2026-05-12 16:49:38
germ-germinadorap-de5832|LOT-20260506-651F-005|r0_c1|rep0,LOT-20260506-651F-005:B1:R0,germ-germinadorap-de5832,LOT-20260506-651F-005,B1,0,1,0,Hierbabuena,,,,,,,2026-05-12 17:04:32,2026-05-06 20:48:22,140.27,6,cg_1778605469574_1,5301,cam1_20260512_110431.jpg,crops/cam1_20260512_110431_r0_c1.jpg,5303,cam1_20260512_110436.jpg,crops/cam1_20260512_110436_r0_c1.jpg,11513,29,,50,0.5,0,0,0,0,0,0.0,0.0,4094.0,106.0,74.5,12.4,1.8,0.3,,2026-05-12 17:04:38
germ-germinadorap-de5832|LOT-20260506-651F-005|r0_c1|rep0,LOT-20260506-651F-005:B1:R0,germ-germinadorap-de5832,LOT-20260506-651F-005,B1,0,1,0,Hierbabuena,,,,,,,2026-05-12 17:19:32,2026-05-06 20:48:22,140.52,6,cg_1778606369578_1,5305,cam1_20260512_111931.jpg,crops/cam1_20260512_111931_r0_c1.jpg,5307,cam1_20260512_111936.jpg,crops/cam1_20260512_111936_r0_c1.jpg,11525,29,,50,0.4,0,0,0,0,0,0.0,0.0,4109.0,106.0,74.7,12.5,1.8,0.3,,2026-05-12 17:19:38
germ-germinadorap-de5832|LOT-20260506-651F-005|r0_c1|rep0,LOT-20260506-651F-005:B1:R0,germ-germinadorap-de5832,LOT-20260506-651F-005,B1,0,1,0,Hierbabuena,,,,,,,2026-05-12 17:34:32,2026-05-06 20:48:22,140.77,6,cg_1778607269578_1,5309,cam1_20260512_113431.jpg,crops/cam1_20260512_113431_r0_c1.jpg,5311,cam1_20260512_113436.jpg,crops/cam1_20260512_113436_r0_c1.jpg,11537,29,,50,0.4,0,0,0,0,0,0.0,0.0,4124.0,106.0,75.0,12.5,1.8,0.3,,2026-05-12 17:34:38
germ-germinadorap-de5832|LOT-20260506-651F-005|r0_c1|rep0,LOT-20260506-651F-005:B1:R0,germ-germinadorap-de5832,LOT-20260506-651F-005,B1,0,1,0,Hierbabuena,,,,,,,2026-05-12 17:49:32,2026-05-06 20:48:22,141.02,6,cg_1778608169579_1,5313,cam1_20260512_114931.jpg,crops/cam1_20260512_114931_r0_c1.jpg,5315,cam1_20260512_114936.jpg,crops/cam1_20260512_114936_r0_c1.jpg,11549,29,,50,0.4,0,0,0,0,0,0.0,0.0,4138.0,106.0,75.2,12.5,1.8,0.3,,2026-05-12 17:49:38
germ-germinadorap-de5832|LOT-20260506-651F-005|r0_c1|rep0,LOT-20260506-651F-005:B1:R0,germ-germinadorap-de5832,LOT-20260506-651F-005,B1,0,1,0,Hierbabuena,,,,,,,2026-05-12 18:04:32,2026-05-06 20:48:22,141.27,6,cg_1778609069584_1,5317,cam1_20260512_120431.jpg,crops/cam1_20260512_120431_r0_c1.jpg,5319,cam1_20260512_120436.jpg,crops/cam1_20260512_120436_r0_c1.jpg,11561,29,,50,0.4,0,0,0,0,0,0.0,0.0,4153.0,106.0,75.5,12.6,1.8,0.3,,2026-05-12 18:04:38
germ-germinadorap-de5832|LOT-20260506-651F-005|r0_c1|rep0,LOT-20260506-651F-005:B1:R0,germ-germinadorap-de5832,LOT-20260506-651F-005,B1,0,1,0,Hierbabuena,,,,,,,2026-05-12 18:19:32,2026-05-06 20:48:22,141.52,6,cg_1778609969588_1,5321,cam1_20260512_121931.jpg,crops/cam1_20260512_121931_r0_c1.jpg,5323,cam1_20260512_121936.jpg,crops/cam1_20260512_121936_r0_c1.jpg,11573,29,,50,0.4,0,0,0,0,0,0.0,0.0,4168.0,106.0,75.7,12.6,1.8,0.3,,2026-05-12 18:19:38
germ-germinadorap-de5832|LOT-20260506-651F-005|r0_c1|rep0,LOT-20260506-651F-005:B1:R0,germ-germinadorap-de5832,LOT-20260506-651F-005,B1,0,1,0,Hierbabuena,,,,,,,2026-05-12 18:34:32,2026-05-06 20:48:22,141.77,6,cg_1778610869594_1,5325,cam1_20260512_123431.jpg,crops/cam1_20260512_123431_r0_c1.jpg,5327,cam1_20260512_123436.jpg,crops/cam1_20260512_123436_r0_c1.jpg,11585,29,,50,0.4,0,0,0,0,0,0.0,0.0,4183.0,106.0,76.0,12.7,1.8,0.3,,2026-05-12 18:34:38
germ-germinadorap-de5832|LOT-20260506-651F-005|r0_c1|rep0,LOT-20260506-651F-005:B1:R0,germ-germinadorap-de5832,LOT-20260506-651F-005,B1,0,1,0,Hierbabuena,,,,,,,2026-05-12 18:49:32,2026-05-06 20:48:22,142.02,6,cg_1778611769607_1,5329,cam1_20260512_124931.jpg,crops/cam1_20260512_124931_r0_c1.jpg,5331,cam1_20260512_124936.jpg,crops/cam1_20260512_124936_r0_c1.jpg,11597,29,,50,0.4,0,0,0,0,0,0.0,0.0,4198.0,106.0,76.2,12.7,1.8,0.3,,2026-05-12 18:49:38
germ-germinadorap-de5832|LOT-20260506-651F-005|r0_c1|rep0,LOT-20260506-651F-005:B1:R0,germ-germinadorap-de5832,LOT-20260506-651F-005,B1,0,1,0,Hierbabuena,,,,,,,2026-05-12 19:04:32,2026-05-06 20:48:22,142.27,6,cg_1778612669607_1,5333,cam1_20260512_130431.jpg,crops/cam1_20260512_130431_r0_c1.jpg,5335,cam1_20260512_130436.jpg,crops/cam1_20260512_130436_r0_c1.jpg,11609,29,,50,0.4,0,0,0,0,0,0.0,0.0,4213.0,106.0,76.5,12.7,1.8,0.3,,2026-05-12 19:04:38
germ-germinadorap-de5832|LOT-20260506-651F-005|r0_c1|rep0,LOT-20260506-651F-005:B1:R0,germ-germinadorap-de5832,LOT-20260506-651F-005,B1,0,1,0,Hierbabuena,,,,,,,2026-05-12 19:19:32,2026-05-06 20:48:22,142.52,6,cg_1778613569614_1,5337,cam1_20260512_131931.jpg,crops/cam1_20260512_131931_r0_c1.jpg,5339,cam1_20260512_131936.jpg,crops/cam1_20260512_131936_r0_c1.jpg,11621,29,,50,0.3,0,0,0,0,0,0.0,0.0,4228.0,106.0,76.7,12.8,1.8,0.3,,2026-05-12 19:19:38
germ-germinadorap-de5832|LOT-20260506-651F-005|r0_c1|rep0,LOT-20260506-651F-005:B1:R0,germ-germinadorap-de5832,LOT-20260506-651F-005,B1,0,1,0,Hierbabuena,,,,,,,2026-05-12 19:34:32,2026-05-06 20:48:22,142.77,6,cg_1778614469630_1,5341,cam1_20260512_133431.jpg,crops/cam1_20260512_133431_r0_c1.jpg,5343,cam1_20260512_133436.jpg,crops/cam1_20260512_133436_r0_c1.jpg,11633,29,,50,0.3,0,0,0,0,0,0.0,0.0,4243.0,106.0,77.0,12.8,1.8,0.3,,2026-05-12 19:34:38
germ-germinadorap-de5832|LOT-20260506-651F-005|r0_c1|rep0,LOT-20260506-651F-005:B1:R0,germ-germinadorap-de5832,LOT-20260506-651F-005,B1,0,1,0,Hierbabuena,,,,,,,2026-05-12 19:49:32,2026-05-06 20:48:22,143.02,6,cg_1778615369643_1,5345,cam1_20260512_134931.jpg,crops/cam1_20260512_134931_r0_c1.jpg,5347,cam1_20260512_134936.jpg,crops/cam1_20260512_134936_r0_c1.jpg,11645,29,,50,0.3,0,0,0,0,0,0.0,0.0,4258.0,106.0,77.2,12.9,1.8,0.3,,2026-05-12 19:49:38
germ-germinadorap-de5832|LOT-20260506-651F-005|r0_c1|rep0,LOT-20260506-651F-005:B1:R0,germ-germinadorap-de5832,LOT-20260506-651F-005,B1,0,1,0,Hierbabuena,,,,,,,2026-05-12 20:04:32,2026-05-06 20:48:22,143.27,6,cg_1778616269653_1,5349,cam1_20260512_140431.jpg,crops/cam1_20260512_140431_r0_c1.jpg,5351,cam1_20260512_140436.jpg,crops/cam1_20260512_140436_r0_c1.jpg,11657,29,,50,0.3,0,0,0,0,0,0.0,0.0,4273.0,106.0,77.4,12.9,1.8,0.3,,2026-05-12 20:04:38
germ-germinadorap-de5832|LOT-20260506-651F-005|r0_c1|rep0,LOT-20260506-651F-005:B1:R0,germ-germinadorap-de5832,LOT-20260506-651F-005,B1,0,1,0,Hierbabuena,,,,,,,2026-05-12 20:19:32,2026-05-06 20:48:22,143.52,6,cg_1778617169656_1,5353,cam1_20260512_141931.jpg,crops/cam1_20260512_141931_r0_c1.jpg,5355,cam1_20260512_141936.jpg,crops/cam1_20260512_141936_r0_c1.jpg,11669,29,,50,0.2,0,0,0,0,0,0.0,0.0,4288.0,106.0,77.4,12.9,1.8,0.3,,2026-05-12 20:19:38
germ-germinadorap-de5832|LOT-20260506-651F-005|r0_c1|rep0,LOT-20260506-651F-005:B1:R0,germ-germinadorap-de5832,LOT-20260506-651F-005,B1,0,1,0,Hierbabuena,,,,,,,2026-05-12 20:34:32,2026-05-06 20:48:22,143.77,6,cg_1778618069665_1,5357,cam1_20260512_143431.jpg,crops/cam1_20260512_143431_r0_c1.jpg,5359,cam1_20260512_143436.jpg,crops/cam1_20260512_143436_r0_c1.jpg,11681,29,,50,0.2,0,0,0,0,0,0.0,0.0,4302.0,106.0,77.4,12.9,1.8,0.3,,2026-05-12 20:34:38
germ-germinadorap-de5832|LOT-20260506-651F-005|r0_c1|rep0,LOT-20260506-651F-005:B1:R0,germ-germinadorap-de5832,LOT-20260506-651F-005,B1,0,1,0,Hierbabuena,,,,,,,2026-05-12 20:49:32,2026-05-06 20:48:22,144.02,7,cg_1778618969682_1,5361,cam1_20260512_144931.jpg,crops/cam1_20260512_144931_r0_c1.jpg,5363,cam1_20260512_144936.jpg,crops/cam1_20260512_144936_r0_c1.jpg,11693,29,,50,0.2,0,0,0,0,0,0.0,0.0,4317.0,106.0,77.4,11.1,1.8,0.3,,2026-05-12 20:49:38
germ-germinadorap-de5832|LOT-20260506-651F-005|r0_c1|rep0,LOT-20260506-651F-005:B1:R0,germ-germinadorap-de5832,LOT-20260506-651F-005,B1,0,1,0,Hierbabuena,,,,,,,2026-05-12 21:04:32,2026-05-06 20:48:22,144.27,7,cg_1778619869688_1,5365,cam1_20260512_150431.jpg,crops/cam1_20260512_150431_r0_c1.jpg,5367,cam1_20260512_150436.jpg,crops/cam1_20260512_150436_r0_c1.jpg,11705,29,,50,0.1,0,0,0,0,0,0.0,0.0,4332.0,106.0,77.4,11.1,1.8,0.3,,2026-05-12 21:04:38
germ-germinadorap-de5832|LOT-20260506-651F-005|r0_c1|rep0,LOT-20260506-651F-005:B1:R0,germ-germinadorap-de5832,LOT-20260506-651F-005,B1,0,1,0,Hierbabuena,,,,,,,2026-05-12 21:19:32,2026-05-06 20:48:22,144.52,7,cg_1778620769704_1,5369,cam1_20260512_151931.jpg,crops/cam1_20260512_151931_r0_c1.jpg,5371,cam1_20260512_151936.jpg,crops/cam1_20260512_151936_r0_c1.jpg,11717,29,,50,0.2,0,0,0,0,0,0.0,0.0,4347.0,106.0,77.4,11.1,1.8,0.3,,2026-05-12 21:19:38
germ-germinadorap-de5832|LOT-20260506-651F-005|r0_c1|rep0,LOT-20260506-651F-005:B1:R0,germ-germinadorap-de5832,LOT-20260506-651F-005,B1,0,1,0,Hierbabuena,,,,,,,2026-05-12 21:34:32,2026-05-06 20:48:22,144.77,7,cg_1778621669705_1,5373,cam1_20260512_153431.jpg,crops/cam1_20260512_153431_r0_c1.jpg,5375,cam1_20260512_153436.jpg,crops/cam1_20260512_153436_r0_c1.jpg,11729,29,,50,0.1,0,0,0,0,0,0.0,0.0,4362.0,106.0,77.4,11.1,1.8,0.3,,2026-05-12 21:34:38
germ-germinadorap-de5832|LOT-20260506-651F-005|r0_c1|rep0,LOT-20260506-651F-005:B1:R0,germ-germinadorap-de5832,LOT-20260506-651F-005,B1,0,1,0,Hierbabuena,,,,,,,2026-05-12 21:49:32,2026-05-06 20:48:22,145.02,7,cg_1778622569712_1,5377,cam1_20260512_154931.jpg,crops/cam1_20260512_154931_r0_c1.jpg,5379,cam1_20260512_154936.jpg,crops/cam1_20260512_154936_r0_c1.jpg,11741,29,,50,0.1,0,0,0,0,0,0.0,0.0,4377.0,106.0,77.4,11.1,1.8,0.3,,2026-05-12 21:49:38
germ-germinadorap-de5832|LOT-20260506-651F-005|r0_c1|rep0,LOT-20260506-651F-005:B1:R0,germ-germinadorap-de5832,LOT-20260506-651F-005,B1,0,1,0,Hierbabuena,,,,,,,2026-05-12 22:04:32,2026-05-06 20:48:22,145.27,7,cg_1778623469722_1,5381,cam1_20260512_160431.jpg,crops/cam1_20260512_160431_r0_c1.jpg,5383,cam1_20260512_160436.jpg,crops/cam1_20260512_160436_r0_c1.jpg,11753,29,,50,0.1,0,0,0,0,0,0.0,0.0,4392.0,106.0,77.4,11.1,1.8,0.3,,2026-05-12 22:04:38
germ-germinadorap-de5832|LOT-20260506-651F-005|r0_c1|rep0,LOT-20260506-651F-005:B1:R0,germ-germinadorap-de5832,LOT-20260506-651F-005,B1,0,1,0,Hierbabuena,,,,,,,2026-05-12 22:19:32,2026-05-06 20:48:22,145.52,7,cg_1778624369732_1,5385,cam1_20260512_161931.jpg,crops/cam1_20260512_161931_r0_c1.jpg,5387,cam1_20260512_161936.jpg,crops/cam1_20260512_161936_r0_c1.jpg,11765,29,,50,0.1,0,0,0,0,0,0.0,0.0,4407.0,106.0,77.4,11.1,1.8,0.3,,2026-05-12 22:19:38
germ-germinadorap-de5832|LOT-20260506-651F-005|r0_c1|rep0,LOT-20260506-651F-005:B1:R0,germ-germinadorap-de5832,LOT-20260506-651F-005,B1,0,1,0,Hierbabuena,,,,,,,2026-05-12 22:34:32,2026-05-06 20:48:22,145.77,7,cg_1778625269746_1,5389,cam1_20260512_163431.jpg,crops/cam1_20260512_163431_r0_c1.jpg,5391,cam1_20260512_163436.jpg,crops/cam1_20260512_163436_r0_c1.jpg,11777,29,,50,0,0,0,0,0,0,0.0,0.0,4422.0,106.0,77.4,11.1,1.8,0.3,,2026-05-12 22:34:38
germ-germinadorap-de5832|LOT-20260506-651F-005|r0_c1|rep0,LOT-20260506-651F-005:B1:R0,germ-germinadorap-de5832,LOT-20260506-651F-005,B1,0,1,0,Hierbabuena,,,,,,,2026-05-12 22:49:33,2026-05-06 20:48:22,146.02,7,cg_1778626169804_1,5393,cam1_20260512_164932.jpg,crops/cam1_20260512_164932_r0_c1.jpg,5395,cam1_20260512_164937.jpg,crops/cam1_20260512_164937_r0_c1.jpg,11789,29,,50,0.1,0,0,0,0,0,0.0,0.0,4437.0,106.0,77.4,11.1,1.8,0.3,,2026-05-12 22:49:39
germ-germinadorap-de5832|LOT-20260506-651F-005|r0_c1|rep0,LOT-20260506-651F-005:B1:R0,germ-germinadorap-de5832,LOT-20260506-651F-005,B1,0,1,0,Hierbabuena,,,,,,,2026-05-12 23:04:32,2026-05-06 20:48:22,146.27,7,cg_1778627069851_1,5397,cam1_20260512_170431.jpg,crops/cam1_20260512_170431_r0_c1.jpg,5399,cam1_20260512_170436.jpg,crops/cam1_20260512_170436_r0_c1.jpg,11801,29,,50,0.1,0,0,0,0,0,0.0,0.0,4452.0,106.0,77.4,11.1,1.8,0.3,,2026-05-12 23:04:38
germ-germinadorap-de5832|LOT-20260506-651F-005|r0_c1|rep0,LOT-20260506-651F-005:B1:R0,germ-germinadorap-de5832,LOT-20260506-651F-005,B1,0,1,0,Hierbabuena,,,,,,,2026-05-12 23:19:32,2026-05-06 20:48:22,146.52,7,cg_1778627969827_1,5401,cam1_20260512_171931.jpg,crops/cam1_20260512_171931_r0_c1.jpg,5403,cam1_20260512_171936.jpg,crops/cam1_20260512_171936_r0_c1.jpg,11813,29,,50,0.1,0,0,0,0,0,0.0,0.0,4467.0,106.0,77.4,11.1,1.8,0.3,,2026-05-12 23:19:38
germ-germinadorap-de5832|LOT-20260506-651F-005|r0_c1|rep0,LOT-20260506-651F-005:B1:R0,germ-germinadorap-de5832,LOT-20260506-651F-005,B1,0,1,0,Hierbabuena,,,,,,,2026-05-12 23:34:32,2026-05-06 20:48:22,146.77,7,cg_1778628869834_1,5405,cam1_20260512_173431.jpg,crops/cam1_20260512_173431_r0_c1.jpg,5407,cam1_20260512_173436.jpg,crops/cam1_20260512_173436_r0_c1.jpg,11825,29,,50,0.1,0,0,0,0,0,0.0,0.0,4481.0,106.0,77.4,11.1,1.8,0.3,,2026-05-12 23:34:38
germ-germinadorap-de5832|LOT-20260506-651F-005|r0_c1|rep0,LOT-20260506-651F-005:B1:R0,germ-germinadorap-de5832,LOT-20260506-651F-005,B1,0,1,0,Hierbabuena,,,,,,,2026-05-12 23:49:32,2026-05-06 20:48:22,147.02,7,cg_1778629769850_1,5409,cam1_20260512_174931.jpg,crops/cam1_20260512_174931_r0_c1.jpg,5411,cam1_20260512_174936.jpg,crops/cam1_20260512_174936_r0_c1.jpg,11837,29,,50,0.1,0,0,0,0,0,0.0,0.0,4496.0,106.0,77.4,11.1,1.8,0.3,,2026-05-12 23:49:38
germ-germinadorap-de5832|LOT-20260506-651F-005|r0_c1|rep0,LOT-20260506-651F-005:B1:R0,germ-germinadorap-de5832,LOT-20260506-651F-005,B1,0,1,0,Hierbabuena,,,,,,,2026-05-13 00:04:32,2026-05-06 20:48:22,147.27,7,cg_1778630669861_1,5413,cam1_20260512_180431.jpg,crops/cam1_20260512_180431_r0_c1.jpg,5415,cam1_20260512_180436.jpg,crops/cam1_20260512_180436_r0_c1.jpg,11849,29,,50,0.1,0,0,0,1,0,15.0,0.0,4511.0,106.0,77.4,11.1,1.8,0.3,,2026-05-13 00:04:38
germ-germinadorap-de5832|LOT-20260506-651F-005|r0_c1|rep0,LOT-20260506-651F-005:B1:R0,germ-germinadorap-de5832,LOT-20260506-651F-005,B1,0,1,0,Hierbabuena,,,,,,,2026-05-13 00:19:32,2026-05-06 20:48:22,147.52,7,cg_1778631569882_1,5417,cam1_20260512_181931.jpg,crops/cam1_20260512_181931_r0_c1.jpg,5419,cam1_20260512_181936.jpg,crops/cam1_20260512_181936_r0_c1.jpg,11861,29,,50,0.1,0,0,0,0,0,0.0,0.0,4526.0,106.0,77.4,11.1,1.8,0.3,,2026-05-13 00:19:38
germ-germinadorap-de5832|LOT-20260506-651F-005|r0_c1|rep0,LOT-20260506-651F-005:B1:R0,germ-germinadorap-de5832,LOT-20260506-651F-005,B1,0,1,0,Hierbabuena,,,,,,,2026-05-13 00:34:32,2026-05-06 20:48:22,147.77,7,cg_1778632469897_1,5421,cam1_20260512_183431.jpg,crops/cam1_20260512_183431_r0_c1.jpg,5423,cam1_20260512_183436.jpg,crops/cam1_20260512_183436_r0_c1.jpg,11873,29,,50,0.1,0,0,0,0,0,0.0,0.0,4541.0,106.0,77.4,11.1,1.8,0.3,,2026-05-13 00:34:38
germ-germinadorap-de5832|LOT-20260506-651F-005|r0_c1|rep0,LOT-20260506-651F-005:B1:R0,germ-germinadorap-de5832,LOT-20260506-651F-005,B1,0,1,0,Hierbabuena,,,,,,,2026-05-13 00:49:32,2026-05-06 20:48:22,148.02,7,cg_1778633369908_1,5425,cam1_20260512_184931.jpg,crops/cam1_20260512_184931_r0_c1.jpg,5427,cam1_20260512_184936.jpg,crops/cam1_20260512_184936_r0_c1.jpg,11885,29,,50,0.1,0,0,0,0,0,0.0,0.0,4556.0,106.0,77.4,11.1,1.8,0.3,,2026-05-13 00:49:38
germ-germinadorap-de5832|LOT-20260506-651F-005|r0_c1|rep0,LOT-20260506-651F-005:B1:R0,germ-germinadorap-de5832,LOT-20260506-651F-005,B1,0,1,0,Hierbabuena,,,,,,,2026-05-13 01:04:32,2026-05-06 20:48:22,148.27,7,cg_1778634269926_1,5429,cam1_20260512_190431.jpg,crops/cam1_20260512_190431_r0_c1.jpg,5431,cam1_20260512_190436.jpg,crops/cam1_20260512_190436_r0_c1.jpg,11897,29,,50,0.1,0,0,0,0,0,0.0,0.0,4571.0,106.0,77.4,11.1,1.8,0.3,,2026-05-13 01:04:38
germ-germinadorap-de5832|LOT-20260506-651F-005|r0_c1|rep0,LOT-20260506-651F-005:B1:R0,germ-germinadorap-de5832,LOT-20260506-651F-005,B1,0,1,0,Hierbabuena,,,,,,,2026-05-13 01:19:32,2026-05-06 20:48:22,148.52,7,cg_1778635169930_1,5433,cam1_20260512_191931.jpg,crops/cam1_20260512_191931_r0_c1.jpg,5435,cam1_20260512_191936.jpg,crops/cam1_20260512_191936_r0_c1.jpg,11909,29,,50,0,0,0,0,0,0,0.0,0.0,4586.0,106.0,77.4,11.1,1.8,0.3,,2026-05-13 01:19:38
germ-germinadorap-de5832|LOT-20260506-651F-005|r0_c1|rep0,LOT-20260506-651F-005:B1:R0,germ-germinadorap-de5832,LOT-20260506-651F-005,B1,0,1,0,Hierbabuena,,,,,,,2026-05-13 01:34:32,2026-05-06 20:48:22,148.77,7,cg_1778636069939_1,5437,cam1_20260512_193431.jpg,crops/cam1_20260512_193431_r0_c1.jpg,5439,cam1_20260512_193436.jpg,crops/cam1_20260512_193436_r0_c1.jpg,11921,29,,50,0,0,0,0,0,0,0.0,0.0,4601.0,106.0,77.4,11.1,1.8,0.3,,2026-05-13 01:34:38
germ-germinadorap-de5832|LOT-20260506-651F-005|r0_c1|rep0,LOT-20260506-651F-005:B1:R0,germ-germinadorap-de5832,LOT-20260506-651F-005,B1,0,1,0,Hierbabuena,,,,,,,2026-05-13 01:49:32,2026-05-06 20:48:22,149.02,7,cg_1778636969944_1,5445,cam1_20260512_194931.jpg,crops/cam1_20260512_194931_r0_c1.jpg,5447,cam1_20260512_194936.jpg,crops/cam1_20260512_194936_r0_c1.jpg,11933,29,,50,0.1,0,0,0,0,0,0.0,0.0,4616.0,106.0,77.6,11.1,1.8,0.3,,2026-05-13 01:49:38
germ-germinadorap-de5832|LOT-20260506-651F-005|r0_c1|rep0,LOT-20260506-651F-005:B1:R0,germ-germinadorap-de5832,LOT-20260506-651F-005,B1,0,1,0,Hierbabuena,,,,,,,2026-05-13 02:04:32,2026-05-06 20:48:22,149.27,7,cg_1778637869992_1,5449,cam1_20260512_200431.jpg,crops/cam1_20260512_200431_r0_c1.jpg,5451,cam1_20260512_200436.jpg,crops/cam1_20260512_200436_r0_c1.jpg,11945,29,,50,0,0,0,0,0,0,0.0,0.0,4626.0,106.0,77.8,11.1,1.8,0.3,,2026-05-13 02:04:38
germ-germinadorap-de5832|LOT-20260506-651F-005|r0_c1|rep0,LOT-20260506-651F-005:B1:R0,germ-germinadorap-de5832,LOT-20260506-651F-005,B1,0,1,0,Hierbabuena,,,,,,,2026-05-13 02:19:32,2026-05-06 20:48:22,149.52,7,cg_1778638769995_1,5453,cam1_20260512_201931.jpg,crops/cam1_20260512_201931_r0_c1.jpg,5455,cam1_20260512_201936.jpg,crops/cam1_20260512_201936_r0_c1.jpg,11957,29,,50,0,0,0,0,0,0,0.0,0.0,4626.0,106.0,78.1,11.2,1.8,0.3,,2026-05-13 02:19:38
germ-germinadorap-de5832|LOT-20260506-651F-005|r0_c1|rep0,LOT-20260506-651F-005:B1:R0,germ-germinadorap-de5832,LOT-20260506-651F-005,B1,0,1,0,Hierbabuena,,,,,,,2026-05-13 02:34:32,2026-05-06 20:48:22,149.77,7,cg_1778639670008_1,5457,cam1_20260512_203431.jpg,crops/cam1_20260512_203431_r0_c1.jpg,5459,cam1_20260512_203436.jpg,crops/cam1_20260512_203436_r0_c1.jpg,11969,29,,50,0,0,0,0,0,0,0.0,0.0,4627.0,106.0,78.3,11.2,1.8,0.3,,2026-05-13 02:34:38
germ-germinadorap-de5832|LOT-20260506-651F-005|r0_c1|rep0,LOT-20260506-651F-005:B1:R0,germ-germinadorap-de5832,LOT-20260506-651F-005,B1,0,1,0,Hierbabuena,,,,,,,2026-05-13 02:49:32,2026-05-06 20:48:22,150.02,7,cg_1778640570018_1,5465,cam1_20260512_204931.jpg,crops/cam1_20260512_204931_r0_c1.jpg,5467,cam1_20260512_204937.jpg,crops/cam1_20260512_204937_r0_c1.jpg,11981,29,,50,0,0,0,0,0,0,0.0,0.0,4627.0,106.0,78.6,11.2,1.8,0.3,,2026-05-13 02:49:38
germ-germinadorap-de5832|LOT-20260506-651F-005|r0_c1|rep0,LOT-20260506-651F-005:B1:R0,germ-germinadorap-de5832,LOT-20260506-651F-005,B1,0,1,0,Hierbabuena,,,,,,,2026-05-13 03:04:32,2026-05-06 20:48:22,150.27,7,cg_1778641470026_1,5469,cam1_20260512_210431.jpg,crops/cam1_20260512_210431_r0_c1.jpg,5471,cam1_20260512_210438.jpg,crops/cam1_20260512_210438_r0_c1.jpg,11993,29,,50,0,0,0,0,0,0,0.0,0.0,4627.0,106.0,78.8,11.3,1.8,0.3,,2026-05-13 03:04:39
germ-germinadorap-de5832|LOT-20260506-651F-005|r0_c1|rep0,LOT-20260506-651F-005:B1:R0,germ-germinadorap-de5832,LOT-20260506-651F-005,B1,0,1,0,Hierbabuena,,,,,,,2026-05-13 03:19:32,2026-05-06 20:48:22,150.52,7,cg_1778642370043_1,5473,cam1_20260512_211931.jpg,crops/cam1_20260512_211931_r0_c1.jpg,5475,cam1_20260512_211937.jpg,crops/cam1_20260512_211937_r0_c1.jpg,12005,29,,50,0,0,0,0,0,0,0.0,0.0,4627.0,106.0,79.1,11.3,1.8,0.3,,2026-05-13 03:19:38
germ-germinadorap-de5832|LOT-20260506-651F-005|r0_c1|rep0,LOT-20260506-651F-005:B1:R0,germ-germinadorap-de5832,LOT-20260506-651F-005,B1,0,1,0,Hierbabuena,,,,,,,2026-05-13 03:34:32,2026-05-06 20:48:22,150.77,7,cg_1778643270056_1,5477,cam1_20260512_213431.jpg,crops/cam1_20260512_213431_r0_c1.jpg,5479,cam1_20260512_213437.jpg,crops/cam1_20260512_213437_r0_c1.jpg,12017,29,,50,0,0,0,0,0,0,0.0,0.0,4627.0,106.0,79.3,11.3,1.8,0.3,,2026-05-13 03:34:38
germ-germinadorap-de5832|LOT-20260506-651F-005|r0_c1|rep0,LOT-20260506-651F-005:B1:R0,germ-germinadorap-de5832,LOT-20260506-651F-005,B1,0,1,0,Hierbabuena,,,,,,,2026-05-13 03:49:32,2026-05-06 20:48:22,151.02,7,cg_1778644170065_1,5481,cam1_20260512_214931.jpg,crops/cam1_20260512_214931_r0_c1.jpg,5483,cam1_20260512_214936.jpg,crops/cam1_20260512_214936_r0_c1.jpg,12029,29,,50,0,0,0,0,0,0,0.0,0.0,4627.0,106.0,79.6,11.4,1.8,0.3,,2026-05-13 03:49:38
germ-germinadorap-de5832|LOT-20260506-651F-005|r0_c1|rep0,LOT-20260506-651F-005:B1:R0,germ-germinadorap-de5832,LOT-20260506-651F-005,B1,0,1,0,Hierbabuena,,,,,,,2026-05-13 04:04:32,2026-05-06 20:48:22,151.27,7,cg_1778645070068_1,5485,cam1_20260512_220431.jpg,crops/cam1_20260512_220431_r0_c1.jpg,5487,cam1_20260512_220436.jpg,crops/cam1_20260512_220436_r0_c1.jpg,12041,29,,50,0,0,0,0,0,0,0.0,0.0,4627.0,106.0,79.8,11.4,1.8,0.3,,2026-05-13 04:04:38
germ-germinadorap-de5832|LOT-20260506-651F-005|r0_c1|rep0,LOT-20260506-651F-005:B1:R0,germ-germinadorap-de5832,LOT-20260506-651F-005,B1,0,1,0,Hierbabuena,,,,,,,2026-05-13 04:19:32,2026-05-06 20:48:22,151.52,7,cg_1778645970082_1,5489,cam1_20260512_221931.jpg,crops/cam1_20260512_221931_r0_c1.jpg,5491,cam1_20260512_221936.jpg,crops/cam1_20260512_221936_r0_c1.jpg,12053,29,,50,0,0,0,0,0,0,0.0,0.0,4627.0,106.0,80.1,11.4,1.8,0.3,,2026-05-13 04:19:38
germ-germinadorap-de5832|LOT-20260506-651F-005|r0_c1|rep0,LOT-20260506-651F-005:B1:R0,germ-germinadorap-de5832,LOT-20260506-651F-005,B1,0,1,0,Hierbabuena,,,,,,,2026-05-13 04:34:32,2026-05-06 20:48:22,151.77,7,cg_1778646870102_1,5493,cam1_20260512_223431.jpg,crops/cam1_20260512_223431_r0_c1.jpg,5495,cam1_20260512_223437.jpg,crops/cam1_20260512_223437_r0_c1.jpg,12065,29,,50,0,0,0,0,0,0,0.0,0.0,4627.0,106.0,80.3,11.5,1.8,0.3,,2026-05-13 04:34:38
germ-germinadorap-de5832|LOT-20260506-651F-005|r0_c1|rep0,LOT-20260506-651F-005:B1:R0,germ-germinadorap-de5832,LOT-20260506-651F-005,B1,0,1,0,Hierbabuena,,,,,,,2026-05-13 04:49:32,2026-05-06 20:48:22,152.02,7,cg_1778647770106_1,5496,cam1_20260512_224931.jpg,crops/cam1_20260512_224931_r0_c1.jpg,5498,cam1_20260512_224934.jpg,crops/cam1_20260512_224934_r0_c1.jpg,12072,29,,50,0,0,0,0,0,0,0.0,0.0,4627.0,106.0,80.6,11.5,1.8,0.3,,2026-05-13 04:49:36
germ-germinadorap-de5832|LOT-20260506-651F-005|r0_c1|rep0,LOT-20260506-651F-005:B1:R0,germ-germinadorap-de5832,LOT-20260506-651F-005,B1,0,1,0,Hierbabuena,,,,,,,2026-05-13 05:04:36,2026-05-06 20:48:22,152.27,7,cg_1778648670113_1,5501,cam1_20260512_230435.jpg,crops/cam1_20260512_230435_r0_c1.jpg,5503,cam1_20260512_230440.jpg,crops/cam1_20260512_230440_r0_c1.jpg,12089,29,,50,0,0,0,0,0,0,0.0,0.0,4627.0,106.0,80.8,11.5,1.8,0.3,,2026-05-13 05:04:41
germ-germinadorap-de5832|LOT-20260506-651F-005|r0_c1|rep0,LOT-20260506-651F-005:B1:R0,germ-germinadorap-de5832,LOT-20260506-651F-005,B1,0,1,0,Hierbabuena,,,,,,,2026-05-13 05:19:32,2026-05-06 20:48:22,152.52,7,cg_1778649570122_1,5505,cam1_20260512_231931.jpg,crops/cam1_20260512_231931_r0_c1.jpg,5507,cam1_20260512_231937.jpg,crops/cam1_20260512_231937_r0_c1.jpg,12101,29,,50,0,0,0,0,0,0,0.0,0.0,4627.0,106.0,81.1,11.6,1.8,0.3,,2026-05-13 05:19:38
germ-germinadorap-de5832|LOT-20260506-651F-005|r0_c1|rep0,LOT-20260506-651F-005:B1:R0,germ-germinadorap-de5832,LOT-20260506-651F-005,B1,0,1,0,Hierbabuena,,,,,,,2026-05-13 05:34:32,2026-05-06 20:48:22,152.77,7,cg_1778650470125_1,5509,cam1_20260512_233431.jpg,crops/cam1_20260512_233431_r0_c1.jpg,5511,cam1_20260512_233437.jpg,crops/cam1_20260512_233437_r0_c1.jpg,12113,29,,50,0,0,0,0,0,0,0.0,0.0,4627.0,106.0,81.3,11.6,1.8,0.3,,2026-05-13 05:34:38
germ-germinadorap-de5832|LOT-20260506-651F-005|r0_c1|rep0,LOT-20260506-651F-005:B1:R0,germ-germinadorap-de5832,LOT-20260506-651F-005,B1,0,1,0,Hierbabuena,,,,,,,2026-05-13 05:49:32,2026-05-06 20:48:22,153.02,7,cg_1778651370133_1,5513,cam1_20260512_234931.jpg,crops/cam1_20260512_234931_r0_c1.jpg,5515,cam1_20260512_234937.jpg,crops/cam1_20260512_234937_r0_c1.jpg,12125,29,,50,0,0,0,0,0,0,0.0,0.0,4627.0,106.0,81.6,11.7,1.8,0.3,,2026-05-13 05:49:38
germ-germinadorap-de5832|LOT-20260506-651F-005|r0_c1|rep0,LOT-20260506-651F-005:B1:R0,germ-germinadorap-de5832,LOT-20260506-651F-005,B1,0,1,0,Hierbabuena,,,,,,,2026-05-13 06:04:32,2026-05-06 20:48:22,153.27,7,cg_1778652270144_1,5517,cam1_20260513_000431.jpg,crops/cam1_20260513_000431_r0_c1.jpg,5519,cam1_20260513_000437.jpg,crops/cam1_20260513_000437_r0_c1.jpg,12137,29,,50,0,0,0,0,0,0,0.0,0.0,4627.0,106.0,81.8,11.7,1.8,0.3,,2026-05-13 06:04:38
germ-germinadorap-de5832|LOT-20260506-651F-005|r0_c1|rep0,LOT-20260506-651F-005:B1:R0,germ-germinadorap-de5832,LOT-20260506-651F-005,B1,0,1,0,Hierbabuena,,,,,,,2026-05-13 06:19:32,2026-05-06 20:48:22,153.52,7,cg_1778653170153_1,5521,cam1_20260513_001931.jpg,crops/cam1_20260513_001931_r0_c1.jpg,5523,cam1_20260513_001937.jpg,crops/cam1_20260513_001937_r0_c1.jpg,12149,29,,50,0,0,0,0,0,0,0.0,0.0,4627.0,106.0,82.1,11.7,1.8,0.3,,2026-05-13 06:19:38
germ-germinadorap-de5832|LOT-20260506-651F-005|r0_c1|rep0,LOT-20260506-651F-005:B1:R0,germ-germinadorap-de5832,LOT-20260506-651F-005,B1,0,1,0,Hierbabuena,,,,,,,2026-05-13 06:34:32,2026-05-06 20:48:22,153.77,7,cg_1778654070159_1,5525,cam1_20260513_003431.jpg,crops/cam1_20260513_003431_r0_c1.jpg,5527,cam1_20260513_003437.jpg,crops/cam1_20260513_003437_r0_c1.jpg,12161,29,,50,0,0,0,0,0,0,0.0,0.0,4627.0,106.0,82.3,11.8,1.8,0.3,,2026-05-13 06:34:38
germ-germinadorap-de5832|LOT-20260506-651F-005|r0_c1|rep0,LOT-20260506-651F-005:B1:R0,germ-germinadorap-de5832,LOT-20260506-651F-005,B1,0,1,0,Hierbabuena,,,,,,,2026-05-13 06:49:32,2026-05-06 20:48:22,154.02,7,cg_1778654970168_1,5529,cam1_20260513_004931.jpg,crops/cam1_20260513_004931_r0_c1.jpg,5531,cam1_20260513_004936.jpg,crops/cam1_20260513_004936_r0_c1.jpg,12173,29,,50,0,0,0,0,0,0,0.0,0.0,4627.0,106.0,82.6,11.8,1.8,0.3,,2026-05-13 06:49:38
germ-germinadorap-de5832|LOT-20260506-651F-005|r0_c1|rep0,LOT-20260506-651F-005:B1:R0,germ-germinadorap-de5832,LOT-20260506-651F-005,B1,0,1,0,Hierbabuena,,,,,,,2026-05-13 07:04:32,2026-05-06 20:48:22,154.27,7,cg_1778655870180_1,5533,cam1_20260513_010431.jpg,crops/cam1_20260513_010431_r0_c1.jpg,5535,cam1_20260513_010436.jpg,crops/cam1_20260513_010436_r0_c1.jpg,12185,29,,50,0,0,0,0,0,0,0.0,0.0,4627.0,106.0,82.8,11.8,1.8,0.3,,2026-05-13 07:04:38
germ-germinadorap-de5832|LOT-20260506-651F-005|r0_c1|rep0,LOT-20260506-651F-005:B1:R0,germ-germinadorap-de5832,LOT-20260506-651F-005,B1,0,1,0,Hierbabuena,,,,,,,2026-05-13 07:19:32,2026-05-06 20:48:22,154.52,7,cg_1778656770207_1,5537,cam1_20260513_011931.jpg,crops/cam1_20260513_011931_r0_c1.jpg,5539,cam1_20260513_011937.jpg,crops/cam1_20260513_011937_r0_c1.jpg,12197,29,,50,0,0,0,0,0,0,0.0,0.0,4627.0,106.0,82.8,11.8,1.8,0.3,,2026-05-13 07:19:38
germ-germinadorap-de5832|LOT-20260506-651F-005|r0_c1|rep0,LOT-20260506-651F-005:B1:R0,germ-germinadorap-de5832,LOT-20260506-651F-005,B1,0,1,0,Hierbabuena,,,,,,,2026-05-13 07:34:32,2026-05-06 20:48:22,154.77,7,cg_1778657670211_1,5541,cam1_20260513_013431.jpg,crops/cam1_20260513_013431_r0_c1.jpg,5543,cam1_20260513_013437.jpg,crops/cam1_20260513_013437_r0_c1.jpg,12209,29,,50,0,0,0,0,0,0,0.0,0.0,4627.0,106.0,82.8,11.8,1.8,0.3,,2026-05-13 07:34:38
germ-germinadorap-de5832|LOT-20260506-651F-005|r0_c1|rep0,LOT-20260506-651F-005:B1:R0,germ-germinadorap-de5832,LOT-20260506-651F-005,B1,0,1,0,Hierbabuena,,,,,,,2026-05-13 07:49:32,2026-05-06 20:48:22,155.02,7,cg_1778658570229_1,5545,cam1_20260513_014931.jpg,crops/cam1_20260513_014931_r0_c1.jpg,5547,cam1_20260513_014937.jpg,crops/cam1_20260513_014937_r0_c1.jpg,12221,29,,50,0,0,0,0,0,0,0.0,0.0,4639.0,106.0,82.8,11.8,1.8,0.3,,2026-05-13 07:49:38
germ-germinadorap-de5832|LOT-20260506-651F-005|r0_c1|rep0,LOT-20260506-651F-005:B1:R0,germ-germinadorap-de5832,LOT-20260506-651F-005,B1,0,1,0,Hierbabuena,,,,,,,2026-05-13 08:04:32,2026-05-06 20:48:22,155.27,7,cg_1778659470235_1,5549,cam1_20260513_020431.jpg,crops/cam1_20260513_020431_r0_c1.jpg,5551,cam1_20260513_020437.jpg,crops/cam1_20260513_020437_r0_c1.jpg,12233,29,,50,0,0,0,0,0,0,0.0,0.0,4654.0,106.0,82.8,11.8,1.8,0.3,,2026-05-13 08:04:38
germ-germinadorap-de5832|LOT-20260506-651F-005|r0_c1|rep0,LOT-20260506-651F-005:B1:R0,germ-germinadorap-de5832,LOT-20260506-651F-005,B1,0,1,0,Hierbabuena,,,,,,,2026-05-13 08:19:32,2026-05-06 20:48:22,155.52,7,cg_1778660370344_1,5553,cam1_20260513_021932.jpg,crops/cam1_20260513_021932_r0_c1.jpg,5555,cam1_20260513_021937.jpg,crops/cam1_20260513_021937_r0_c1.jpg,12245,29,,50,0,0,0,0,0,0,0.0,0.0,4669.0,106.0,82.8,11.8,1.8,0.3,,2026-05-13 08:19:38
germ-germinadorap-de5832|LOT-20260506-651F-005|r0_c1|rep0,LOT-20260506-651F-005:B1:R0,germ-germinadorap-de5832,LOT-20260506-651F-005,B1,0,1,0,Hierbabuena,,,,,,,2026-05-13 08:34:32,2026-05-06 20:48:22,155.77,7,cg_1778661270345_1,5557,cam1_20260513_023431.jpg,crops/cam1_20260513_023431_r0_c1.jpg,5559,cam1_20260513_023437.jpg,crops/cam1_20260513_023437_r0_c1.jpg,12257,29,,50,0.1,0,0,0,0,0,0.0,0.0,4684.0,106.0,82.8,11.8,1.8,0.3,,2026-05-13 08:34:38
germ-germinadorap-de5832|LOT-20260506-651F-005|r0_c1|rep0,LOT-20260506-651F-005:B1:R0,germ-germinadorap-de5832,LOT-20260506-651F-005,B1,0,1,0,Hierbabuena,,,,,,,2026-05-13 08:49:32,2026-05-06 20:48:22,156.02,7,cg_1778662170347_1,5561,cam1_20260513_024932.jpg,crops/cam1_20260513_024932_r0_c1.jpg,5563,cam1_20260513_024937.jpg,crops/cam1_20260513_024937_r0_c1.jpg,12269,29,,50,0,0,0,0,0,0,0.0,0.0,4699.0,106.0,82.8,11.8,1.8,0.3,,2026-05-13 08:49:38
germ-germinadorap-de5832|LOT-20260506-651F-005|r0_c1|rep0,LOT-20260506-651F-005:B1:R0,germ-germinadorap-de5832,LOT-20260506-651F-005,B1,0,1,0,Hierbabuena,,,,,,,2026-05-13 09:04:32,2026-05-06 20:48:22,156.27,7,cg_1778663070350_1,5565,cam1_20260513_030432.jpg,crops/cam1_20260513_030432_r0_c1.jpg,5567,cam1_20260513_030437.jpg,crops/cam1_20260513_030437_r0_c1.jpg,12281,29,,50,0,0,0,0,0,0,0.0,0.0,4714.0,106.0,82.8,11.8,1.8,0.3,,2026-05-13 09:04:39
germ-germinadorap-de5832|LOT-20260506-651F-005|r0_c1|rep0,LOT-20260506-651F-005:B1:R0,germ-germinadorap-de5832,LOT-20260506-651F-005,B1,0,1,0,Hierbabuena,,,,,,,2026-05-13 09:19:33,2026-05-06 20:48:22,156.52,7,cg_1778663970352_1,5569,cam1_20260513_031932.jpg,crops/cam1_20260513_031932_r0_c1.jpg,5571,cam1_20260513_031938.jpg,crops/cam1_20260513_031938_r0_c1.jpg,12293,29,,50,0,0,0,0,0,0,0.0,0.0,4729.0,106.0,82.8,11.8,1.8,0.3,,2026-05-13 09:19:39
germ-germinadorap-de5832|LOT-20260506-651F-005|r0_c1|rep0,LOT-20260506-651F-005:B1:R0,germ-germinadorap-de5832,LOT-20260506-651F-005,B1,0,1,0,Hierbabuena,,,,,,,2026-05-13 09:34:32,2026-05-06 20:48:22,156.77,7,cg_1778664870355_1,5573,cam1_20260513_033432.jpg,crops/cam1_20260513_033432_r0_c1.jpg,5575,cam1_20260513_033437.jpg,crops/cam1_20260513_033437_r0_c1.jpg,12305,29,,50,0,0,0,0,0,0,0.0,0.0,4744.0,106.0,82.8,11.8,1.8,0.3,,2026-05-13 09:34:39
germ-germinadorap-de5832|LOT-20260506-651F-005|r0_c1|rep0,LOT-20260506-651F-005:B1:R0,germ-germinadorap-de5832,LOT-20260506-651F-005,B1,0,1,0,Hierbabuena,,,,,,,2026-05-13 09:49:32,2026-05-06 20:48:22,157.02,7,cg_1778665770356_1,5577,cam1_20260513_034931.jpg,crops/cam1_20260513_034931_r0_c1.jpg,5579,cam1_20260513_034937.jpg,crops/cam1_20260513_034937_r0_c1.jpg,12317,29,,50,0,0,0,0,0,0,0.0,0.0,4759.0,106.0,82.8,11.8,1.8,0.3,,2026-05-13 09:49:38
germ-germinadorap-de5832|LOT-20260506-651F-005|r0_c1|rep0,LOT-20260506-651F-005:B1:R0,germ-germinadorap-de5832,LOT-20260506-651F-005,B1,0,1,0,Hierbabuena,,,,,,,2026-05-13 10:04:32,2026-05-06 20:48:22,157.27,7,cg_1778666670360_1,5581,cam1_20260513_040431.jpg,crops/cam1_20260513_040431_r0_c1.jpg,5583,cam1_20260513_040437.jpg,crops/cam1_20260513_040437_r0_c1.jpg,12329,29,,50,0,0,0,0,0,0,0.0,0.0,4774.0,106.0,82.8,11.8,1.8,0.3,,2026-05-13 10:04:38
germ-germinadorap-de5832|LOT-20260506-651F-005|r0_c1|rep0,LOT-20260506-651F-005:B1:R0,germ-germinadorap-de5832,LOT-20260506-651F-005,B1,0,1,0,Hierbabuena,,,,,,,2026-05-13 10:19:32,2026-05-06 20:48:22,157.52,7,cg_1778667570365_1,5585,cam1_20260513_041932.jpg,crops/cam1_20260513_041932_r0_c1.jpg,5587,cam1_20260513_041937.jpg,crops/cam1_20260513_041937_r0_c1.jpg,12341,29,,50,0,0,0,0,0,0,0.0,0.0,4788.0,106.0,82.8,11.8,1.8,0.3,,2026-05-13 10:19:39
germ-germinadorap-de5832|LOT-20260506-651F-005|r0_c1|rep0,LOT-20260506-651F-005:B1:R0,germ-germinadorap-de5832,LOT-20260506-651F-005,B1,0,1,0,Hierbabuena,,,,,,,2026-05-13 10:34:32,2026-05-06 20:48:22,157.77,7,cg_1778668470369_1,5589,cam1_20260513_043432.jpg,crops/cam1_20260513_043432_r0_c1.jpg,5591,cam1_20260513_043437.jpg,crops/cam1_20260513_043437_r0_c1.jpg,12353,29,,50,0,0,0,0,0,0,0.0,0.0,4803.0,106.0,82.8,11.8,1.8,0.3,,2026-05-13 10:34:38
germ-germinadorap-de5832|LOT-20260506-651F-005|r0_c1|rep0,LOT-20260506-651F-005:B1:R0,germ-germinadorap-de5832,LOT-20260506-651F-005,B1,0,1,0,Hierbabuena,,,,,,,2026-05-13 10:49:32,2026-05-06 20:48:22,158.02,7,cg_1778669370369_1,5593,cam1_20260513_044931.jpg,crops/cam1_20260513_044931_r0_c1.jpg,5595,cam1_20260513_044937.jpg,crops/cam1_20260513_044937_r0_c1.jpg,12365,29,,50,0,0,0,0,0,0,0.0,0.0,4818.0,106.0,82.8,11.8,1.8,0.3,,2026-05-13 10:49:38
germ-germinadorap-de5832|LOT-20260506-651F-005|r0_c1|rep0,LOT-20260506-651F-005:B1:R0,germ-germinadorap-de5832,LOT-20260506-651F-005,B1,0,1,0,Hierbabuena,,,,,,,2026-05-13 11:04:32,2026-05-06 20:48:22,158.27,7,cg_1778670270371_1,5597,cam1_20260513_050432.jpg,crops/cam1_20260513_050432_r0_c1.jpg,5599,cam1_20260513_050437.jpg,crops/cam1_20260513_050437_r0_c1.jpg,12377,29,,50,0,0,0,0,0,0,0.0,0.0,4833.0,106.0,82.8,11.8,1.8,0.3,,2026-05-13 11:04:38
germ-germinadorap-de5832|LOT-20260506-651F-005|r0_c1|rep0,LOT-20260506-651F-005:B1:R0,germ-germinadorap-de5832,LOT-20260506-651F-005,B1,0,1,0,Hierbabuena,,,,,,,2026-05-13 11:19:32,2026-05-06 20:48:22,158.52,7,cg_1778671170375_1,5601,cam1_20260513_051932.jpg,crops/cam1_20260513_051932_r0_c1.jpg,5603,cam1_20260513_051938.jpg,crops/cam1_20260513_051938_r0_c1.jpg,12389,29,,50,0,0,0,0,0,0,0.0,0.0,4848.0,106.0,82.8,11.8,1.8,0.3,,2026-05-13 11:19:39
germ-germinadorap-de5832|LOT-20260506-651F-005|r0_c1|rep0,LOT-20260506-651F-005:B1:R0,germ-germinadorap-de5832,LOT-20260506-651F-005,B1,0,1,0,Hierbabuena,,,,,,,2026-05-13 11:34:32,2026-05-06 20:48:22,158.77,7,cg_1778672070379_1,5605,cam1_20260513_053432.jpg,crops/cam1_20260513_053432_r0_c1.jpg,5607,cam1_20260513_053437.jpg,crops/cam1_20260513_053437_r0_c1.jpg,12401,29,,50,0,0,0,0,0,0,0.0,0.0,4863.0,106.0,82.8,11.8,1.8,0.3,,2026-05-13 11:34:38
germ-germinadorap-de5832|LOT-20260506-651F-005|r1_c1|rep0,LOT-20260506-651F-005:B2:R0,germ-germinadorap-de5832,LOT-20260506-651F-005,B2,1,1,0,Hierbabuena,,,,,,,2026-05-06 20:49:12,2026-05-06 20:48:22,0.01,1,cg_1778100550233_1,3522,cam1_20260506_144911.jpg,crops/cam1_20260506_144911_r1_c1.jpg,3523,cam1_20260506_144914.jpg,crops/cam1_20260506_144914_r1_c1.jpg,6461,27.9,,36,100,0,0,0,0,0,0.0,0.0,0.0,0.0,0.0,0.0,0.0,0.0,,2026-05-06 20:49:14
germ-germinadorap-de5832|LOT-20260506-651F-005|r1_c1|rep0,LOT-20260506-651F-005:B2:R0,germ-germinadorap-de5832,LOT-20260506-651F-005,B2,1,1,0,Hierbabuena,,,,,,,2026-05-06 21:04:48,2026-05-06 20:48:22,0.27,1,cg_1778101486059_1,3532,cam1_20260506_150447.jpg,crops/cam1_20260506_150447_r1_c1.jpg,3533,cam1_20260506_150450.jpg,crops/cam1_20260506_150450_r1_c1.jpg,6467,27.8,,36,100,0,0,0,0,0,0.0,0.0,0.0,0.0,0.3,0.3,0.0,0.0,,2026-05-06 21:04:50
germ-germinadorap-de5832|LOT-20260506-651F-005|r1_c1|rep0,LOT-20260506-651F-005:B2:R0,germ-germinadorap-de5832,LOT-20260506-651F-005,B2,1,1,0,Hierbabuena,,,,,,,2026-05-06 21:19:47,2026-05-06 20:48:22,0.52,1,cg_1778102386063_1,3548,cam1_20260506_151947.jpg,crops/cam1_20260506_151947_r1_c1.jpg,3549,cam1_20260506_151949.jpg,crops/cam1_20260506_151949_r1_c1.jpg,6478,27.7,,36,100,0,0,0,0,0,0.0,0.0,0.0,0.0,0.5,0.5,0.0,0.0,,2026-05-06 21:19:50
germ-germinadorap-de5832|LOT-20260506-651F-005|r1_c1|rep0,LOT-20260506-651F-005:B2:R0,germ-germinadorap-de5832,LOT-20260506-651F-005,B2,1,1,0,Hierbabuena,,,,,,,2026-05-06 21:41:09,2026-05-06 20:48:22,0.88,1,cg_1778103667162_1,3555,cam1_20260506_154108.jpg,crops/cam1_20260506_154108_r1_c1.jpg,3557,cam1_20260506_154113.jpg,crops/cam1_20260506_154113_r1_c1.jpg,6492,27.8,,37,100,0,0,0,0,0,0.0,0.0,0.0,0.0,0.9,0.9,0.0,0.0,,2026-05-06 21:41:13
germ-germinadorap-de5832|LOT-20260506-651F-005|r1_c1|rep0,LOT-20260506-651F-005:B2:R0,germ-germinadorap-de5832,LOT-20260506-651F-005,B2,1,1,0,Hierbabuena,,,,,,,2026-05-06 21:56:10,2026-05-06 20:48:22,1.13,1,cg_1778104567160_1,3559,cam1_20260506_155609.jpg,crops/cam1_20260506_155609_r1_c1.jpg,3561,cam1_20260506_155614.jpg,crops/cam1_20260506_155614_r1_c1.jpg,6504,28.1,,44,100,0,0,0,0,0,0.0,0.0,0.0,0.0,1.1,1.1,0.0,0.0,,2026-05-06 21:56:16
germ-germinadorap-de5832|LOT-20260506-651F-005|r1_c1|rep0,LOT-20260506-651F-005:B2:R0,germ-germinadorap-de5832,LOT-20260506-651F-005,B2,1,1,0,Hierbabuena,,,,,,,2026-05-06 22:11:51,2026-05-06 20:48:22,1.39,1,cg_1778105508308_1,3563,cam1_20260506_161150.jpg,crops/cam1_20260506_161150_r1_c1.jpg,3565,cam1_20260506_161155.jpg,crops/cam1_20260506_161155_r1_c1.jpg,6516,28.1,,41,100,0,0,0,0,0,0.0,0.0,0.0,0.0,1.4,1.4,0.0,0.0,,2026-05-06 22:11:56
germ-germinadorap-de5832|LOT-20260506-651F-005|r1_c1|rep0,LOT-20260506-651F-005:B2:R0,germ-germinadorap-de5832,LOT-20260506-651F-005,B2,1,1,0,Hierbabuena,,,,,,,2026-05-06 22:27:46,2026-05-06 20:48:22,1.66,1,cg_1778106463496_1,3566,cam1_20260506_162745.jpg,crops/cam1_20260506_162745_r1_c1.jpg,3568,cam1_20260506_162748.jpg,crops/cam1_20260506_162748_r1_c1.jpg,6523,27.8,,39,100,0,0,0,0,0,0.0,0.0,0.0,0.0,1.5,1.5,0.0,0.0,,2026-05-06 22:27:50
germ-germinadorap-de5832|LOT-20260506-651F-005|r1_c1|rep0,LOT-20260506-651F-005:B2:R0,germ-germinadorap-de5832,LOT-20260506-651F-005,B2,1,1,0,Hierbabuena,,,,,,,2026-05-06 22:42:46,2026-05-06 20:48:22,1.91,1,cg_1778107363497_1,3571,cam1_20260506_164245.jpg,crops/cam1_20260506_164245_r1_c1.jpg,3573,cam1_20260506_164252.jpg,crops/cam1_20260506_164252_r1_c1.jpg,6540,27.9,,37,100,0,0,0,0,0,0.0,0.0,0.0,0.0,1.5,1.5,0.0,0.0,,2026-05-06 22:42:53
germ-germinadorap-de5832|LOT-20260506-651F-005|r1_c1|rep0,LOT-20260506-651F-005:B2:R0,germ-germinadorap-de5832,LOT-20260506-651F-005,B2,1,1,0,Hierbabuena,,,,,,,2026-05-06 22:58:41,2026-05-06 20:48:22,2.17,1,cg_1778108318714_1,3575,cam1_20260506_165840.jpg,crops/cam1_20260506_165840_r1_c1.jpg,3577,cam1_20260506_165846.jpg,crops/cam1_20260506_165846_r1_c1.jpg,6552,27.7,,35,100,0,0,0,0,0,0.0,0.0,0.0,0.0,1.5,1.5,0.0,0.0,,2026-05-06 22:58:48
germ-germinadorap-de5832|LOT-20260506-651F-005|r1_c1|rep0,LOT-20260506-651F-005:B2:R0,germ-germinadorap-de5832,LOT-20260506-651F-005,B2,1,1,0,Hierbabuena,,,,,,,2026-05-06 23:13:41,2026-05-06 20:48:22,2.42,1,cg_1778109218710_1,3579,cam1_20260506_171340.jpg,crops/cam1_20260506_171340_r1_c1.jpg,3581,cam1_20260506_171346.jpg,crops/cam1_20260506_171346_r1_c1.jpg,6564,27.7,,34,100,0,0,0,0,0,0.0,0.0,0.0,0.0,1.5,1.5,0.0,0.0,,2026-05-06 23:13:48
germ-germinadorap-de5832|LOT-20260506-651F-005|r1_c1|rep0,LOT-20260506-651F-005:B2:R0,germ-germinadorap-de5832,LOT-20260506-651F-005,B2,1,1,0,Hierbabuena,,,,,,,2026-05-06 23:28:40,2026-05-06 20:48:22,2.67,1,cg_1778110118709_1,3583,cam1_20260506_172840.jpg,crops/cam1_20260506_172840_r1_c1.jpg,3585,cam1_20260506_172844.jpg,crops/cam1_20260506_172844_r1_c1.jpg,6576,27.7,,35,100,0,0,0,0,0,0.0,0.0,0.0,0.0,1.5,1.5,0.0,0.0,,2026-05-06 23:28:45
germ-germinadorap-de5832|LOT-20260506-651F-005|r1_c1|rep0,LOT-20260506-651F-005:B2:R0,germ-germinadorap-de5832,LOT-20260506-651F-005,B2,1,1,0,Hierbabuena,,,,,,,2026-05-06 23:43:41,2026-05-06 20:48:22,2.92,1,cg_1778111018709_1,3587,cam1_20260506_174340.jpg,crops/cam1_20260506_174340_r1_c1.jpg,3589,cam1_20260506_174346.jpg,crops/cam1_20260506_174346_r1_c1.jpg,6588,27.7,,36,100,0,0,0,0,0,0.0,0.0,0.0,0.0,1.5,1.5,0.0,0.0,,2026-05-06 23:43:48
germ-germinadorap-de5832|LOT-20260506-651F-005|r1_c1|rep0,LOT-20260506-651F-005:B2:R0,germ-germinadorap-de5832,LOT-20260506-651F-005,B2,1,1,0,Hierbabuena,,,,,,,2026-05-06 23:58:41,2026-05-06 20:48:22,3.17,1,cg_1778111918724_1,3590,cam1_20260506_175840.jpg,crops/cam1_20260506_175840_r1_c1.jpg,3592,cam1_20260506_175844.jpg,crops/cam1_20260506_175844_r1_c1.jpg,6595,27.7,,37,100,0,0,0,0,0,0.0,0.0,0.0,0.0,1.5,1.5,0.0,0.0,,2026-05-06 23:58:45
germ-germinadorap-de5832|LOT-20260506-651F-005|r1_c1|rep0,LOT-20260506-651F-005:B2:R0,germ-germinadorap-de5832,LOT-20260506-651F-005,B2,1,1,0,Hierbabuena,,,,,,,2026-05-07 00:13:41,2026-05-06 20:48:22,3.42,1,cg_1778112818724_1,3595,cam1_20260506_181340.jpg,crops/cam1_20260506_181340_r1_c1.jpg,3597,cam1_20260506_181346.jpg,crops/cam1_20260506_181346_r1_c1.jpg,6612,27.5,,35,91.7,0,0,0,1,0,15.0,0.0,0.0,0.0,1.5,1.5,0.0,0.0,,2026-05-07 00:13:48
germ-germinadorap-de5832|LOT-20260506-651F-005|r1_c1|rep0,LOT-20260506-651F-005:B2:R0,germ-germinadorap-de5832,LOT-20260506-651F-005,B2,1,1,0,Hierbabuena,,,,,,,2026-05-07 01:01:27,2026-05-06 20:48:22,4.22,1,cg_1778115683517_1,3599,cam1_20260506_190126.jpg,crops/cam1_20260506_190126_r1_c1.jpg,3601,cam1_20260506_190132.jpg,crops/cam1_20260506_190132_r1_c1.jpg,6624,27.6,,42,100,0,0,0,0,0,0.0,0.0,0.0,0.0,1.5,1.5,0.0,0.0,,2026-05-07 01:01:33
germ-germinadorap-de5832|LOT-20260506-651F-005|r1_c1|rep0,LOT-20260506-651F-005:B2:R0,germ-germinadorap-de5832,LOT-20260506-651F-005,B2,1,1,0,Hierbabuena,,,,,,,2026-05-07 04:18:20,2026-05-06 20:48:22,7.50,1,cg_1778127498303_1,3603,cam1_20260506_221820.jpg,crops/cam1_20260506_221820_r1_c1.jpg,3605,cam1_20260506_221824.jpg,crops/cam1_20260506_221824_r1_c1.jpg,6636,26.2,,43,100,0,0,0,0,0,0.0,0.0,72.0,0.0,1.5,1.5,0.0,0.0,,2026-05-07 04:18:25
germ-germinadorap-de5832|LOT-20260506-651F-005|r1_c1|rep0,LOT-20260506-651F-005:B2:R0,germ-germinadorap-de5832,LOT-20260506-651F-005,B2,1,1,0,Hierbabuena,,,,,,,2026-05-07 04:33:20,2026-05-06 20:48:22,7.75,1,cg_1778128398307_1,3607,cam1_20260506_223319.jpg,crops/cam1_20260506_223319_r1_c1.jpg,3609,cam1_20260506_223324.jpg,crops/cam1_20260506_223324_r1_c1.jpg,6648,26.3,,42,97.2,0,0,0,0,0,0.0,0.0,72.0,0.0,1.5,1.5,0.0,0.0,,2026-05-07 04:33:25
germ-germinadorap-de5832|LOT-20260506-651F-005|r1_c1|rep0,LOT-20260506-651F-005:B2:R0,germ-germinadorap-de5832,LOT-20260506-651F-005,B2,1,1,0,Hierbabuena,,,,,,,2026-05-07 04:48:20,2026-05-06 20:48:22,8.00,1,cg_1778129298312_1,3611,cam1_20260506_224820.jpg,crops/cam1_20260506_224820_r1_c1.jpg,3613,cam1_20260506_224824.jpg,crops/cam1_20260506_224824_r1_c1.jpg,6660,26.2,,42,100,0,0,0,0,0,0.0,0.0,72.0,0.0,1.5,1.5,0.0,0.0,,2026-05-07 04:48:25
germ-germinadorap-de5832|LOT-20260506-651F-005|r1_c1|rep0,LOT-20260506-651F-005:B2:R0,germ-germinadorap-de5832,LOT-20260506-651F-005,B2,1,1,0,Hierbabuena,,,,,,,2026-05-07 05:03:20,2026-05-06 20:48:22,8.25,1,cg_1778130198314_1,3615,cam1_20260506_230320.jpg,crops/cam1_20260506_230320_r1_c1.jpg,3617,cam1_20260506_230324.jpg,crops/cam1_20260506_230324_r1_c1.jpg,6672,26.2,,43,100,0,0,0,0,0,0.0,0.0,73.0,0.0,1.5,1.5,0.0,0.0,,2026-05-07 05:03:25
germ-germinadorap-de5832|LOT-20260506-651F-005|r1_c1|rep0,LOT-20260506-651F-005:B2:R0,germ-germinadorap-de5832,LOT-20260506-651F-005,B2,1,1,0,Hierbabuena,,,,,,,2026-05-07 05:18:20,2026-05-06 20:48:22,8.50,1,cg_1778131098323_1,3619,cam1_20260506_231820.jpg,crops/cam1_20260506_231820_r1_c1.jpg,3621,cam1_20260506_231824.jpg,crops/cam1_20260506_231824_r1_c1.jpg,6684,26.1,,42,98.1,0,0,0,0,0,0.0,0.0,73.0,0.0,1.5,1.5,0.0,0.0,,2026-05-07 05:18:25
germ-germinadorap-de5832|LOT-20260506-651F-005|r1_c1|rep0,LOT-20260506-651F-005:B2:R0,germ-germinadorap-de5832,LOT-20260506-651F-005,B2,1,1,0,Hierbabuena,,,,,,,2026-05-07 05:33:20,2026-05-06 20:48:22,8.75,1,cg_1778131998326_1,3623,cam1_20260506_233320.jpg,crops/cam1_20260506_233320_r1_c1.jpg,3625,cam1_20260506_233324.jpg,crops/cam1_20260506_233324_r1_c1.jpg,6696,26.2,,46,99.1,0,0,0,0,0,0.0,0.0,73.0,0.0,1.5,1.5,0.0,0.0,,2026-05-07 05:33:25
germ-germinadorap-de5832|LOT-20260506-651F-005|r1_c1|rep0,LOT-20260506-651F-005:B2:R0,germ-germinadorap-de5832,LOT-20260506-651F-005,B2,1,1,0,Hierbabuena,,,,,,,2026-05-07 05:48:20,2026-05-06 20:48:22,9.00,1,cg_1778132898329_1,3627,cam1_20260506_234820.jpg,crops/cam1_20260506_234820_r1_c1.jpg,3629,cam1_20260506_234824.jpg,crops/cam1_20260506_234824_r1_c1.jpg,6708,26.8,,52,100,0,0,0,0,0,0.0,0.0,73.0,0.0,1.5,1.5,0.0,0.0,,2026-05-07 05:48:25
germ-germinadorap-de5832|LOT-20260506-651F-005|r1_c1|rep0,LOT-20260506-651F-005:B2:R0,germ-germinadorap-de5832,LOT-20260506-651F-005,B2,1,1,0,Hierbabuena,,,,,,,2026-05-07 06:03:20,2026-05-06 20:48:22,9.25,1,cg_1778133798332_1,3631,cam1_20260507_000320.jpg,crops/cam1_20260507_000320_r1_c1.jpg,3633,cam1_20260507_000324.jpg,crops/cam1_20260507_000324_r1_c1.jpg,6720,27.2,,51,100,0,0,0,0,0,0.0,0.0,73.0,0.0,1.5,1.5,0.0,0.0,,2026-05-07 06:03:25
germ-germinadorap-de5832|LOT-20260506-651F-005|r1_c1|rep0,LOT-20260506-651F-005:B2:R0,germ-germinadorap-de5832,LOT-20260506-651F-005,B2,1,1,0,Hierbabuena,,,,,,,2026-05-07 06:18:20,2026-05-06 20:48:22,9.50,1,cg_1778134698336_1,3635,cam1_20260507_001820.jpg,crops/cam1_20260507_001820_r1_c1.jpg,3637,cam1_20260507_001824.jpg,crops/cam1_20260507_001824_r1_c1.jpg,6732,27.3,,54,96.3,0,0,0,0,0,0.0,0.0,73.0,0.0,1.5,1.5,0.0,0.0,,2026-05-07 06:18:25
germ-germinadorap-de5832|LOT-20260506-651F-005|r1_c1|rep0,LOT-20260506-651F-005:B2:R0,germ-germinadorap-de5832,LOT-20260506-651F-005,B2,1,1,0,Hierbabuena,,,,,,,2026-05-07 06:33:20,2026-05-06 20:48:22,9.75,1,cg_1778135598339_1,3639,cam1_20260507_003320.jpg,crops/cam1_20260507_003320_r1_c1.jpg,3641,cam1_20260507_003325.jpg,crops/cam1_20260507_003325_r1_c1.jpg,6744,27.2,,53,80.6,0,0,0,0,0,0.0,0.0,73.0,0.0,1.5,1.5,0.0,0.0,,2026-05-07 06:33:26
germ-germinadorap-de5832|LOT-20260506-651F-005|r1_c1|rep0,LOT-20260506-651F-005:B2:R0,germ-germinadorap-de5832,LOT-20260506-651F-005,B2,1,1,0,Hierbabuena,,,,,,,2026-05-07 06:48:20,2026-05-06 20:48:22,10.00,1,cg_1778136498346_1,3643,cam1_20260507_004820.jpg,crops/cam1_20260507_004820_r1_c1.jpg,3645,cam1_20260507_004824.jpg,crops/cam1_20260507_004824_r1_c1.jpg,6756,27.4,,53,58,0,0,0,0,0,0.0,0.0,73.0,0.0,1.5,1.5,0.0,0.0,,2026-05-07 06:48:25
germ-germinadorap-de5832|LOT-20260506-651F-005|r1_c1|rep0,LOT-20260506-651F-005:B2:R0,germ-germinadorap-de5832,LOT-20260506-651F-005,B2,1,1,0,Hierbabuena,,,,,,,2026-05-07 07:03:20,2026-05-06 20:48:22,10.25,1,cg_1778137398349_1,3647,cam1_20260507_010320.jpg,crops/cam1_20260507_010320_r1_c1.jpg,3649,cam1_20260507_010324.jpg,crops/cam1_20260507_010324_r1_c1.jpg,6768,27.5,,52,100,0,0,0,0,0,0.0,0.0,73.0,0.0,1.5,1.5,0.0,0.0,,2026-05-07 07:03:25
germ-germinadorap-de5832|LOT-20260506-651F-005|r1_c1|rep0,LOT-20260506-651F-005:B2:R0,germ-germinadorap-de5832,LOT-20260506-651F-005,B2,1,1,0,Hierbabuena,,,,,,,2026-05-07 07:18:20,2026-05-06 20:48:22,10.50,1,cg_1778138298357_1,3651,cam1_20260507_011820.jpg,crops/cam1_20260507_011820_r1_c1.jpg,3653,cam1_20260507_011825.jpg,crops/cam1_20260507_011825_r1_c1.jpg,6780,27.5,,48,100,0,0,0,0,0,0.0,0.0,73.0,0.0,1.5,1.5,0.0,0.0,,2026-05-07 07:18:26
germ-germinadorap-de5832|LOT-20260506-651F-005|r1_c1|rep0,LOT-20260506-651F-005:B2:R0,germ-germinadorap-de5832,LOT-20260506-651F-005,B2,1,1,0,Hierbabuena,,,,,,,2026-05-07 07:33:20,2026-05-06 20:48:22,10.75,1,cg_1778139198360_1,3655,cam1_20260507_013320.jpg,crops/cam1_20260507_013320_r1_c1.jpg,3657,cam1_20260507_013324.jpg,crops/cam1_20260507_013324_r1_c1.jpg,6792,27.6,,50,89.8,0,0,0,0,0,0.0,0.0,73.0,0.0,1.5,1.5,0.0,0.0,,2026-05-07 07:33:25
germ-germinadorap-de5832|LOT-20260506-651F-005|r1_c1|rep0,LOT-20260506-651F-005:B2:R0,germ-germinadorap-de5832,LOT-20260506-651F-005,B2,1,1,0,Hierbabuena,,,,,,,2026-05-07 07:48:20,2026-05-06 20:48:22,11.00,1,cg_1778140098366_1,3659,cam1_20260507_014820.jpg,crops/cam1_20260507_014820_r1_c1.jpg,3661,cam1_20260507_014824.jpg,crops/cam1_20260507_014824_r1_c1.jpg,6804,27.5,,51,90.7,0,0,0,0,0,0.0,0.0,73.0,0.0,1.5,1.5,0.0,0.0,,2026-05-07 07:48:25
germ-germinadorap-de5832|LOT-20260506-651F-005|r1_c1|rep0,LOT-20260506-651F-005:B2:R0,germ-germinadorap-de5832,LOT-20260506-651F-005,B2,1,1,0,Hierbabuena,,,,,,,2026-05-07 08:03:20,2026-05-06 20:48:22,11.25,1,cg_1778140998368_1,3663,cam1_20260507_020320.jpg,crops/cam1_20260507_020320_r1_c1.jpg,3665,cam1_20260507_020324.jpg,crops/cam1_20260507_020324_r1_c1.jpg,6816,27.7,,52,98.1,0,0,0,0,0,0.0,0.0,73.0,0.0,1.6,1.6,0.0,0.0,,2026-05-07 08:03:25
germ-germinadorap-de5832|LOT-20260506-651F-005|r1_c1|rep0,LOT-20260506-651F-005:B2:R0,germ-germinadorap-de5832,LOT-20260506-651F-005,B2,1,1,0,Hierbabuena,,,,,,,2026-05-07 08:18:20,2026-05-06 20:48:22,11.50,1,cg_1778141898371_1,3667,cam1_20260507_021820.jpg,crops/cam1_20260507_021820_r1_c1.jpg,3669,cam1_20260507_021824.jpg,crops/cam1_20260507_021824_r1_c1.jpg,6828,27.7,,49,84.3,0,0,0,0,0,0.0,0.0,73.0,0.0,1.8,1.8,0.0,0.0,,2026-05-07 08:18:25
germ-germinadorap-de5832|LOT-20260506-651F-005|r1_c1|rep0,LOT-20260506-651F-005:B2:R0,germ-germinadorap-de5832,LOT-20260506-651F-005,B2,1,1,0,Hierbabuena,,,,,,,2026-05-07 08:33:20,2026-05-06 20:48:22,11.75,1,cg_1778142798376_1,3671,cam1_20260507_023320.jpg,crops/cam1_20260507_023320_r1_c1.jpg,3673,cam1_20260507_023324.jpg,crops/cam1_20260507_023324_r1_c1.jpg,6840,27.6,,51,88,0,0,0,0,0,0.0,0.0,73.0,0.0,2.1,2.1,0.0,0.0,,2026-05-07 08:33:25
germ-germinadorap-de5832|LOT-20260506-651F-005|r1_c1|rep0,LOT-20260506-651F-005:B2:R0,germ-germinadorap-de5832,LOT-20260506-651F-005,B2,1,1,0,Hierbabuena,,,,,,,2026-05-07 08:48:20,2026-05-06 20:48:22,12.00,1,cg_1778143698383_1,3675,cam1_20260507_024820.jpg,crops/cam1_20260507_024820_r1_c1.jpg,3677,cam1_20260507_024824.jpg,crops/cam1_20260507_024824_r1_c1.jpg,6852,27.6,,53,90.7,0,0,0,0,0,0.0,0.0,73.0,0.0,2.3,2.3,0.0,0.0,,2026-05-07 08:48:25
germ-germinadorap-de5832|LOT-20260506-651F-005|r1_c1|rep0,LOT-20260506-651F-005:B2:R0,germ-germinadorap-de5832,LOT-20260506-651F-005,B2,1,1,0,Hierbabuena,,,,,,,2026-05-07 09:03:21,2026-05-06 20:48:22,12.25,1,cg_1778144598387_1,3679,cam1_20260507_030321.jpg,crops/cam1_20260507_030321_r1_c1.jpg,3681,cam1_20260507_030324.jpg,crops/cam1_20260507_030324_r1_c1.jpg,6864,27.6,,53,87,0,0,0,0,0,0.0,0.0,73.0,0.0,2.6,2.6,0.0,0.0,,2026-05-07 09:03:25
germ-germinadorap-de5832|LOT-20260506-651F-005|r1_c1|rep0,LOT-20260506-651F-005:B2:R0,germ-germinadorap-de5832,LOT-20260506-651F-005,B2,1,1,0,Hierbabuena,,,,,,,2026-05-07 09:18:20,2026-05-06 20:48:22,12.50,1,cg_1778145498390_1,3683,cam1_20260507_031820.jpg,crops/cam1_20260507_031820_r1_c1.jpg,3685,cam1_20260507_031824.jpg,crops/cam1_20260507_031824_r1_c1.jpg,6876,27.6,,52,83.3,0,0,0,0,0,0.0,0.0,73.0,0.0,2.8,2.8,0.0,0.0,,2026-05-07 09:18:25
germ-germinadorap-de5832|LOT-20260506-651F-005|r1_c1|rep0,LOT-20260506-651F-005:B2:R0,germ-germinadorap-de5832,LOT-20260506-651F-005,B2,1,1,0,Hierbabuena,,,,,,,2026-05-07 09:33:20,2026-05-06 20:48:22,12.75,1,cg_1778146398393_1,3687,cam1_20260507_033320.jpg,crops/cam1_20260507_033320_r1_c1.jpg,3689,cam1_20260507_033324.jpg,crops/cam1_20260507_033324_r1_c1.jpg,6888,27.6,,52,79.6,0,0,0,0,0,0.0,0.0,73.0,0.0,3.1,3.1,0.0,0.0,,2026-05-07 09:33:25
germ-germinadorap-de5832|LOT-20260506-651F-005|r1_c1|rep0,LOT-20260506-651F-005:B2:R0,germ-germinadorap-de5832,LOT-20260506-651F-005,B2,1,1,0,Hierbabuena,,,,,,,2026-05-07 09:48:20,2026-05-06 20:48:22,13.00,1,cg_1778147298398_1,3691,cam1_20260507_034820.jpg,crops/cam1_20260507_034820_r1_c1.jpg,3693,cam1_20260507_034824.jpg,crops/cam1_20260507_034824_r1_c1.jpg,6900,27.6,,52,67.9,0,0,0,0,0,0.0,0.0,73.0,0.0,3.3,3.3,0.0,0.0,,2026-05-07 09:48:25
germ-germinadorap-de5832|LOT-20260506-651F-005|r1_c1|rep0,LOT-20260506-651F-005:B2:R0,germ-germinadorap-de5832,LOT-20260506-651F-005,B2,1,1,0,Hierbabuena,,,,,,,2026-05-07 10:03:20,2026-05-06 20:48:22,13.25,1,cg_1778148198401_1,3695,cam1_20260507_040320.jpg,crops/cam1_20260507_040320_r1_c1.jpg,3697,cam1_20260507_040324.jpg,crops/cam1_20260507_040324_r1_c1.jpg,6912,27.6,,53,79.6,0,0,0,0,0,0.0,0.0,73.0,0.0,3.5,3.5,0.0,0.0,,2026-05-07 10:03:25
germ-germinadorap-de5832|LOT-20260506-651F-005|r1_c1|rep0,LOT-20260506-651F-005:B2:R0,germ-germinadorap-de5832,LOT-20260506-651F-005,B2,1,1,0,Hierbabuena,,,,,,,2026-05-07 10:18:20,2026-05-06 20:48:22,13.50,1,cg_1778149098403_1,3699,cam1_20260507_041820.jpg,crops/cam1_20260507_041820_r1_c1.jpg,3701,cam1_20260507_041824.jpg,crops/cam1_20260507_041824_r1_c1.jpg,6924,27.8,,52,81.5,0,0,0,0,0,0.0,0.0,73.0,0.0,3.8,3.8,0.0,0.0,,2026-05-07 10:18:25
germ-germinadorap-de5832|LOT-20260506-651F-005|r1_c1|rep0,LOT-20260506-651F-005:B2:R0,germ-germinadorap-de5832,LOT-20260506-651F-005,B2,1,1,0,Hierbabuena,,,,,,,2026-05-07 10:33:20,2026-05-06 20:48:22,13.75,1,cg_1778149998409_1,3703,cam1_20260507_043320.jpg,crops/cam1_20260507_043320_r1_c1.jpg,3705,cam1_20260507_043324.jpg,crops/cam1_20260507_043324_r1_c1.jpg,6936,27.5,,52,80.6,0,0,0,0,0,0.0,0.0,74.0,0.0,4.0,4.0,0.0,0.0,,2026-05-07 10:33:25
germ-germinadorap-de5832|LOT-20260506-651F-005|r1_c1|rep0,LOT-20260506-651F-005:B2:R0,germ-germinadorap-de5832,LOT-20260506-651F-005,B2,1,1,0,Hierbabuena,,,,,,,2026-05-07 10:48:20,2026-05-06 20:48:22,14.00,1,cg_1778150898414_1,3707,cam1_20260507_044820.jpg,crops/cam1_20260507_044820_r1_c1.jpg,3709,cam1_20260507_044824.jpg,crops/cam1_20260507_044824_r1_c1.jpg,6948,27.8,,53,76.9,0,0,0,0,0,0.0,0.0,74.0,0.0,4.3,4.3,0.0,0.0,,2026-05-07 10:48:25
germ-germinadorap-de5832|LOT-20260506-651F-005|r1_c1|rep0,LOT-20260506-651F-005:B2:R0,germ-germinadorap-de5832,LOT-20260506-651F-005,B2,1,1,0,Hierbabuena,,,,,,,2026-05-07 11:03:20,2026-05-06 20:48:22,14.25,1,cg_1778151798417_1,3711,cam1_20260507_050320.jpg,crops/cam1_20260507_050320_r1_c1.jpg,3713,cam1_20260507_050324.jpg,crops/cam1_20260507_050324_r1_c1.jpg,6960,27.9,,52,62.5,0,0,0,0,0,0.0,0.0,74.0,0.0,4.5,4.5,0.0,0.0,,2026-05-07 11:03:25
germ-germinadorap-de5832|LOT-20260506-651F-005|r1_c1|rep0,LOT-20260506-651F-005:B2:R0,germ-germinadorap-de5832,LOT-20260506-651F-005,B2,1,1,0,Hierbabuena,,,,,,,2026-05-07 11:18:20,2026-05-06 20:48:22,14.50,1,cg_1778152698418_1,3715,cam1_20260507_051820.jpg,crops/cam1_20260507_051820_r1_c1.jpg,3717,cam1_20260507_051824.jpg,crops/cam1_20260507_051824_r1_c1.jpg,6972,27.6,,52,69.6,0,0,0,0,0,0.0,0.0,74.0,0.0,4.8,4.8,0.0,0.0,,2026-05-07 11:18:25
germ-germinadorap-de5832|LOT-20260506-651F-005|r1_c1|rep0,LOT-20260506-651F-005:B2:R0,germ-germinadorap-de5832,LOT-20260506-651F-005,B2,1,1,0,Hierbabuena,,,,,,,2026-05-07 11:33:21,2026-05-06 20:48:22,14.75,1,cg_1778153598420_1,3719,cam1_20260507_053321.jpg,crops/cam1_20260507_053321_r1_c1.jpg,3721,cam1_20260507_053324.jpg,crops/cam1_20260507_053324_r1_c1.jpg,6984,27.9,,51,72.3,0,0,0,0,0,0.0,0.0,74.0,0.0,5.0,5.0,0.0,0.0,,2026-05-07 11:33:25
germ-germinadorap-de5832|LOT-20260506-651F-005|r1_c1|rep0,LOT-20260506-651F-005:B2:R0,germ-germinadorap-de5832,LOT-20260506-651F-005,B2,1,1,0,Hierbabuena,,,,,,,2026-05-07 11:48:20,2026-05-06 20:48:22,15.00,1,cg_1778154498423_1,3723,cam1_20260507_054820.jpg,crops/cam1_20260507_054820_r1_c1.jpg,3725,cam1_20260507_054824.jpg,crops/cam1_20260507_054824_r1_c1.jpg,6996,27.2,,52,62.5,0,0,0,0,0,0.0,0.0,74.0,0.0,5.3,5.3,0.0,0.0,,2026-05-07 11:48:25
germ-germinadorap-de5832|LOT-20260506-651F-005|r1_c1|rep0,LOT-20260506-651F-005:B2:R0,germ-germinadorap-de5832,LOT-20260506-651F-005,B2,1,1,0,Hierbabuena,,,,,,,2026-05-07 12:03:20,2026-05-06 20:48:22,15.25,1,cg_1778155398427_1,3727,cam1_20260507_060320.jpg,crops/cam1_20260507_060320_r1_c1.jpg,3729,cam1_20260507_060324.jpg,crops/cam1_20260507_060324_r1_c1.jpg,7008,27.2,,53,49.5,0,0,0,0,0,0.0,0.0,74.0,0.0,5.5,5.5,0.0,0.0,,2026-05-07 12:03:25
germ-germinadorap-de5832|LOT-20260506-651F-005|r1_c1|rep0,LOT-20260506-651F-005:B2:R0,germ-germinadorap-de5832,LOT-20260506-651F-005,B2,1,1,0,Hierbabuena,,,,,,,2026-05-07 12:19:20,2026-05-06 20:48:22,15.52,1,cg_1778156358428_1,3731,cam1_20260507_061920.jpg,crops/cam1_20260507_061920_r1_c1.jpg,3733,cam1_20260507_061924.jpg,crops/cam1_20260507_061924_r1_c1.jpg,7020,27.7,,52,54.5,0,0,0,0,0,0.0,0.0,74.0,0.0,5.8,5.8,0.0,0.0,,2026-05-07 12:19:25
germ-germinadorap-de5832|LOT-20260506-651F-005|r1_c1|rep0,LOT-20260506-651F-005:B2:R0,germ-germinadorap-de5832,LOT-20260506-651F-005,B2,1,1,0,Hierbabuena,,,,,,,2026-05-07 12:34:20,2026-05-06 20:48:22,15.77,1,cg_1778157258431_1,3735,cam1_20260507_063420.jpg,crops/cam1_20260507_063420_r1_c1.jpg,3737,cam1_20260507_063424.jpg,crops/cam1_20260507_063424_r1_c1.jpg,7032,27.2,,53,50,0,0,0,0,0,0.0,0.0,74.0,0.0,6.0,6.0,0.0,0.0,,2026-05-07 12:34:25
germ-germinadorap-de5832|LOT-20260506-651F-005|r1_c1|rep0,LOT-20260506-651F-005:B2:R0,germ-germinadorap-de5832,LOT-20260506-651F-005,B2,1,1,0,Hierbabuena,,,,,,,2026-05-07 12:49:20,2026-05-06 20:48:22,16.02,1,cg_1778158158436_1,3739,cam1_20260507_064920.jpg,crops/cam1_20260507_064920_r1_c1.jpg,3741,cam1_20260507_064924.jpg,crops/cam1_20260507_064924_r1_c1.jpg,7044,27.7,,53,53.6,0,0,0,0,0,0.0,0.0,74.0,0.0,6.3,6.3,0.0,0.0,,2026-05-07 12:49:25
germ-germinadorap-de5832|LOT-20260506-651F-005|r1_c1|rep0,LOT-20260506-651F-005:B2:R0,germ-germinadorap-de5832,LOT-20260506-651F-005,B2,1,1,0,Hierbabuena,,,,,,,2026-05-07 13:04:20,2026-05-06 20:48:22,16.27,1,cg_1778159058437_1,3743,cam1_20260507_070420.jpg,crops/cam1_20260507_070420_r1_c1.jpg,3745,cam1_20260507_070424.jpg,crops/cam1_20260507_070424_r1_c1.jpg,7056,27.3,,54,50,0,0,0,0,0,0.0,0.0,74.0,0.0,6.5,6.5,0.0,0.0,,2026-05-07 13:04:25
germ-germinadorap-de5832|LOT-20260506-651F-005|r1_c1|rep0,LOT-20260506-651F-005:B2:R0,germ-germinadorap-de5832,LOT-20260506-651F-005,B2,1,1,0,Hierbabuena,,,,,,,2026-05-07 13:19:20,2026-05-06 20:48:22,16.52,1,cg_1778159958442_1,3747,cam1_20260507_071920.jpg,crops/cam1_20260507_071920_r1_c1.jpg,3749,cam1_20260507_071924.jpg,crops/cam1_20260507_071924_r1_c1.jpg,7068,27.7,,50,49.7,0,0,0,0,0,0.0,0.0,74.0,0.0,6.8,6.8,0.0,0.0,,2026-05-07 13:19:25
germ-germinadorap-de5832|LOT-20260506-651F-005|r1_c1|rep0,LOT-20260506-651F-005:B2:R0,germ-germinadorap-de5832,LOT-20260506-651F-005,B2,1,1,0,Hierbabuena,,,,,,,2026-05-07 13:34:20,2026-05-06 20:48:22,16.77,1,cg_1778160858444_1,3751,cam1_20260507_073420.jpg,crops/cam1_20260507_073420_r1_c1.jpg,3753,cam1_20260507_073424.jpg,crops/cam1_20260507_073424_r1_c1.jpg,7080,27.1,,55,49.5,0,0,0,0,0,0.0,0.0,74.0,0.0,7.0,7.0,0.0,0.0,,2026-05-07 13:34:25
germ-germinadorap-de5832|LOT-20260506-651F-005|r1_c1|rep0,LOT-20260506-651F-005:B2:R0,germ-germinadorap-de5832,LOT-20260506-651F-005,B2,1,1,0,Hierbabuena,,,,,,,2026-05-07 13:49:20,2026-05-06 20:48:22,17.02,1,cg_1778161758446_1,3755,cam1_20260507_074920.jpg,crops/cam1_20260507_074920_r1_c1.jpg,3757,cam1_20260507_074924.jpg,crops/cam1_20260507_074924_r1_c1.jpg,7092,27.6,,53,48.4,0,0,0,0,0,0.0,0.0,74.0,0.0,7.3,7.3,0.0,0.0,,2026-05-07 13:49:25
germ-germinadorap-de5832|LOT-20260506-651F-005|r1_c1|rep0,LOT-20260506-651F-005:B2:R0,germ-germinadorap-de5832,LOT-20260506-651F-005,B2,1,1,0,Hierbabuena,,,,,,,2026-05-07 14:04:20,2026-05-06 20:48:22,17.27,1,cg_1778162658454_1,3759,cam1_20260507_080420.jpg,crops/cam1_20260507_080420_r1_c1.jpg,3761,cam1_20260507_080426.jpg,crops/cam1_20260507_080426_r1_c1.jpg,7104,27.6,,50,47.3,0,0,0,0,0,0.0,0.0,78.0,0.0,7.5,7.5,0.0,0.0,,2026-05-07 14:04:27
germ-germinadorap-de5832|LOT-20260506-651F-005|r1_c1|rep0,LOT-20260506-651F-005:B2:R0,germ-germinadorap-de5832,LOT-20260506-651F-005,B2,1,1,0,Hierbabuena,,,,,,,2026-05-07 14:19:20,2026-05-06 20:48:22,17.52,1,cg_1778163558455_1,3763,cam1_20260507_081920.jpg,crops/cam1_20260507_081920_r1_c1.jpg,3765,cam1_20260507_081924.jpg,crops/cam1_20260507_081924_r1_c1.jpg,7116,28.1,,49,49.6,0,0,0,0,0,0.0,0.0,93.0,0.0,7.8,7.8,0.0,0.0,,2026-05-07 14:19:25
germ-germinadorap-de5832|LOT-20260506-651F-005|r1_c1|rep0,LOT-20260506-651F-005:B2:R0,germ-germinadorap-de5832,LOT-20260506-651F-005,B2,1,1,0,Hierbabuena,,,,,,,2026-05-07 14:34:20,2026-05-06 20:48:22,17.77,1,cg_1778164458459_1,3767,cam1_20260507_083420.jpg,crops/cam1_20260507_083420_r1_c1.jpg,3769,cam1_20260507_083424.jpg,crops/cam1_20260507_083424_r1_c1.jpg,7128,28.3,,49,48.7,0,0,0,0,0,0.0,0.0,108.0,0.0,8.1,8.1,0.0,0.0,,2026-05-07 14:34:25
germ-germinadorap-de5832|LOT-20260506-651F-005|r1_c1|rep0,LOT-20260506-651F-005:B2:R0,germ-germinadorap-de5832,LOT-20260506-651F-005,B2,1,1,0,Hierbabuena,,,,,,,2026-05-07 14:49:21,2026-05-06 20:48:22,18.02,1,cg_1778165358459_1,3771,cam1_20260507_084920.jpg,crops/cam1_20260507_084920_r1_c1.jpg,3773,cam1_20260507_084924.jpg,crops/cam1_20260507_084924_r1_c1.jpg,7140,28.4,,47,48.5,0,0,0,0,0,0.0,0.0,123.0,0.0,8.3,8.3,0.0,0.0,,2026-05-07 14:49:25
germ-germinadorap-de5832|LOT-20260506-651F-005|r1_c1|rep0,LOT-20260506-651F-005:B2:R0,germ-germinadorap-de5832,LOT-20260506-651F-005,B2,1,1,0,Hierbabuena,,,,,,,2026-05-07 15:04:46,2026-05-06 20:48:22,18.27,1,cg_1778166284014_1,3775,cam1_20260507_090446.jpg,crops/cam1_20260507_090446_r1_c1.jpg,3777,cam1_20260507_090452.jpg,crops/cam1_20260507_090452_r1_c1.jpg,7152,28.5,,44,49.5,0,0,0,0,0,0.0,0.0,138.0,0.0,8.6,8.6,0.0,0.0,,2026-05-07 15:04:53
germ-germinadorap-de5832|LOT-20260506-651F-005|r1_c1|rep0,LOT-20260506-651F-005:B2:R0,germ-germinadorap-de5832,LOT-20260506-651F-005,B2,1,1,0,Hierbabuena,,,,,,,2026-05-07 15:19:46,2026-05-06 20:48:22,18.52,1,cg_1778167184015_1,3779,cam1_20260507_091945.jpg,crops/cam1_20260507_091945_r1_c1.jpg,3781,cam1_20260507_091951.jpg,crops/cam1_20260507_091951_r1_c1.jpg,7164,28.7,,44,45.2,0,0,0,0,0,0.0,0.0,153.0,0.0,8.8,8.8,0.0,0.0,,2026-05-07 15:19:52
germ-germinadorap-de5832|LOT-20260506-651F-005|r1_c1|rep0,LOT-20260506-651F-005:B2:R0,germ-germinadorap-de5832,LOT-20260506-651F-005,B2,1,1,0,Hierbabuena,,,,,,,2026-05-07 15:34:46,2026-05-06 20:48:22,18.77,1,cg_1778168084021_1,3783,cam1_20260507_093445.jpg,crops/cam1_20260507_093445_r1_c1.jpg,3785,cam1_20260507_093451.jpg,crops/cam1_20260507_093451_r1_c1.jpg,7176,28.4,,39,44.8,0,0,0,0,0,0.0,0.0,168.0,0.0,9.1,9.1,0.0,0.0,,2026-05-07 15:34:52
germ-germinadorap-de5832|LOT-20260506-651F-005|r1_c1|rep0,LOT-20260506-651F-005:B2:R0,germ-germinadorap-de5832,LOT-20260506-651F-005,B2,1,1,0,Hierbabuena,,,,,,,2026-05-07 15:49:46,2026-05-06 20:48:22,19.02,1,cg_1778168984028_1,3787,cam1_20260507_094945.jpg,crops/cam1_20260507_094945_r1_c1.jpg,3789,cam1_20260507_094951.jpg,crops/cam1_20260507_094951_r1_c1.jpg,7188,28.8,,40,44.9,0,0,0,0,0,0.0,0.0,183.0,0.0,9.3,9.3,0.0,0.0,,2026-05-07 15:49:52
germ-germinadorap-de5832|LOT-20260506-651F-005|r1_c1|rep0,LOT-20260506-651F-005:B2:R0,germ-germinadorap-de5832,LOT-20260506-651F-005,B2,1,1,0,Hierbabuena,,,,,,,2026-05-07 16:04:46,2026-05-06 20:48:22,19.27,1,cg_1778169884032_1,3791,cam1_20260507_100446.jpg,crops/cam1_20260507_100446_r1_c1.jpg,3793,cam1_20260507_100451.jpg,crops/cam1_20260507_100451_r1_c1.jpg,7200,29,,40,46.1,0,0,0,0,0,0.0,0.0,198.0,0.0,9.6,9.6,0.0,0.0,,2026-05-07 16:04:52
germ-germinadorap-de5832|LOT-20260506-651F-005|r1_c1|rep0,LOT-20260506-651F-005:B2:R0,germ-germinadorap-de5832,LOT-20260506-651F-005,B2,1,1,0,Hierbabuena,,,,,,,2026-05-07 16:19:46,2026-05-06 20:48:22,19.52,1,cg_1778170784035_1,3795,cam1_20260507_101945.jpg,crops/cam1_20260507_101945_r1_c1.jpg,3797,cam1_20260507_101951.jpg,crops/cam1_20260507_101951_r1_c1.jpg,7212,28.5,,42,44.5,0,0,0,0,0,0.0,0.0,213.0,0.0,9.8,9.8,0.0,0.0,,2026-05-07 16:19:52
germ-germinadorap-de5832|LOT-20260506-651F-005|r1_c1|rep0,LOT-20260506-651F-005:B2:R0,germ-germinadorap-de5832,LOT-20260506-651F-005,B2,1,1,0,Hierbabuena,,,,,,,2026-05-07 16:34:46,2026-05-06 20:48:22,19.77,1,cg_1778171684041_1,3799,cam1_20260507_103445.jpg,crops/cam1_20260507_103445_r1_c1.jpg,3801,cam1_20260507_103451.jpg,crops/cam1_20260507_103451_r1_c1.jpg,7224,28.9,,39,43.3,0,0,0,0,0,0.0,0.0,227.0,0.0,10.1,10.1,0.0,0.0,,2026-05-07 16:34:52
germ-germinadorap-de5832|LOT-20260506-651F-005|r1_c1|rep0,LOT-20260506-651F-005:B2:R0,germ-germinadorap-de5832,LOT-20260506-651F-005,B2,1,1,0,Hierbabuena,,,,,,,2026-05-07 16:49:46,2026-05-06 20:48:22,20.02,1,cg_1778172584046_1,3803,cam1_20260507_104945.jpg,crops/cam1_20260507_104945_r1_c1.jpg,3805,cam1_20260507_104951.jpg,crops/cam1_20260507_104951_r1_c1.jpg,7236,28.8,,40,43.7,0,0,0,0,0,0.0,0.0,242.0,0.0,10.3,10.3,0.0,0.0,,2026-05-07 16:49:52
germ-germinadorap-de5832|LOT-20260506-651F-005|r1_c1|rep0,LOT-20260506-651F-005:B2:R0,germ-germinadorap-de5832,LOT-20260506-651F-005,B2,1,1,0,Hierbabuena,,,,,,,2026-05-07 17:04:46,2026-05-06 20:48:22,20.27,1,cg_1778173484048_1,3807,cam1_20260507_110445.jpg,crops/cam1_20260507_110445_r1_c1.jpg,3809,cam1_20260507_110451.jpg,crops/cam1_20260507_110451_r1_c1.jpg,7248,29.2,,42,44.6,0,0,0,0,0,0.0,0.0,257.0,0.0,10.5,10.5,0.0,0.0,,2026-05-07 17:04:52
germ-germinadorap-de5832|LOT-20260506-651F-005|r1_c1|rep0,LOT-20260506-651F-005:B2:R0,germ-germinadorap-de5832,LOT-20260506-651F-005,B2,1,1,0,Hierbabuena,,,,,,,2026-05-07 17:21:43,2026-05-06 20:48:22,20.56,1,cg_1778174499958_1,3811,cam1_20260507_112142.jpg,crops/cam1_20260507_112142_r1_c1.jpg,3813,cam1_20260507_112148.jpg,crops/cam1_20260507_112148_r1_c1.jpg,7260,28.9,,42,45.8,0,0,0,0,0,0.0,0.0,274.0,0.0,10.8,10.8,0.0,0.0,,2026-05-07 17:21:49
germ-germinadorap-de5832|LOT-20260506-651F-005|r1_c1|rep0,LOT-20260506-651F-005:B2:R0,germ-germinadorap-de5832,LOT-20260506-651F-005,B2,1,1,0,Hierbabuena,,,,,,,2026-05-07 17:37:04,2026-05-06 20:48:22,20.81,1,cg_1778175422022_1,3815,cam1_20260507_113703.jpg,crops/cam1_20260507_113703_r1_c1.jpg,3817,cam1_20260507_113708.jpg,crops/cam1_20260507_113708_r1_c1.jpg,7272,29.1,,44,47.5,0,0,0,0,0,0.0,0.0,289.0,0.0,11.1,11.1,0.0,0.0,,2026-05-07 17:37:09
germ-germinadorap-de5832|LOT-20260506-651F-005|r1_c1|rep0,LOT-20260506-651F-005:B2:R0,germ-germinadorap-de5832,LOT-20260506-651F-005,B2,1,1,0,Hierbabuena,,,,,,,2026-05-07 17:52:04,2026-05-06 20:48:22,21.06,1,cg_1778176322027_1,3819,cam1_20260507_115203.jpg,crops/cam1_20260507_115203_r1_c1.jpg,3821,cam1_20260507_115208.jpg,crops/cam1_20260507_115208_r1_c1.jpg,7284,29.3,,45,47,0,0,0,0,0,0.0,0.0,304.0,0.0,11.3,11.3,0.0,0.0,,2026-05-07 17:52:09
germ-germinadorap-de5832|LOT-20260506-651F-005|r1_c1|rep0,LOT-20260506-651F-005:B2:R0,germ-germinadorap-de5832,LOT-20260506-651F-005,B2,1,1,0,Hierbabuena,,,,,,,2026-05-07 18:07:24,2026-05-06 20:48:22,21.32,1,cg_1778177241343_1,3823,cam1_20260507_120723.jpg,crops/cam1_20260507_120723_r1_c1.jpg,3825,cam1_20260507_120728.jpg,crops/cam1_20260507_120728_r1_c1.jpg,7296,29.4,,48,46.3,0,0,0,0,0,0.0,0.0,319.0,0.0,11.6,11.6,0.0,0.0,,2026-05-07 18:07:30
germ-germinadorap-de5832|LOT-20260506-651F-005|r1_c1|rep0,LOT-20260506-651F-005:B2:R0,germ-germinadorap-de5832,LOT-20260506-651F-005,B2,1,1,0,Hierbabuena,,,,,,,2026-05-07 18:22:24,2026-05-06 20:48:22,21.57,1,cg_1778178141343_1,3827,cam1_20260507_122223.jpg,crops/cam1_20260507_122223_r1_c1.jpg,3829,cam1_20260507_122228.jpg,crops/cam1_20260507_122228_r1_c1.jpg,7308,29.6,,47,44.7,0,0,0,0,0,0.0,0.0,334.0,0.0,11.8,11.8,0.0,0.0,,2026-05-07 18:22:30
germ-germinadorap-de5832|LOT-20260506-651F-005|r1_c1|rep0,LOT-20260506-651F-005:B2:R0,germ-germinadorap-de5832,LOT-20260506-651F-005,B2,1,1,0,Hierbabuena,,,,,,,2026-05-07 18:37:40,2026-05-06 20:48:22,21.82,1,cg_1778179057867_1,3831,cam1_20260507_123739.jpg,crops/cam1_20260507_123739_r1_c1.jpg,3833,cam1_20260507_123744.jpg,crops/cam1_20260507_123744_r1_c1.jpg,7320,28.7,,37,100,0,0,0,0,0,0.0,0.0,350.0,0.0,12.1,12.1,0.0,0.0,,2026-05-07 18:37:45
germ-germinadorap-de5832|LOT-20260506-651F-005|r1_c1|rep0,LOT-20260506-651F-005:B2:R0,germ-germinadorap-de5832,LOT-20260506-651F-005,B2,1,1,0,Hierbabuena,,,,,,,2026-05-07 18:52:40,2026-05-06 20:48:22,22.07,1,cg_1778179957825_1,3835,cam1_20260507_125239.jpg,crops/cam1_20260507_125239_r1_c1.jpg,3837,cam1_20260507_125243.jpg,crops/cam1_20260507_125243_r1_c1.jpg,7332,28.2,,37,100,0,0,0,0,0,0.0,0.0,364.0,0.0,12.3,12.3,0.0,0.0,,2026-05-07 18:52:44
germ-germinadorap-de5832|LOT-20260506-651F-005|r1_c1|rep0,LOT-20260506-651F-005:B2:R0,germ-germinadorap-de5832,LOT-20260506-651F-005,B2,1,1,0,Hierbabuena,,,,,,,2026-05-07 19:07:40,2026-05-06 20:48:22,22.32,1,cg_1778180857828_1,3839,cam1_20260507_130739.jpg,crops/cam1_20260507_130739_r1_c1.jpg,3841,cam1_20260507_130744.jpg,crops/cam1_20260507_130744_r1_c1.jpg,7344,27.8,,35,100,0,0,0,0,0,0.0,0.0,379.0,0.0,12.6,12.6,0.0,0.0,,2026-05-07 19:07:44
germ-germinadorap-de5832|LOT-20260506-651F-005|r1_c1|rep0,LOT-20260506-651F-005:B2:R0,germ-germinadorap-de5832,LOT-20260506-651F-005,B2,1,1,0,Hierbabuena,,,,,,,2026-05-07 19:22:40,2026-05-06 20:48:22,22.57,1,cg_1778181757829_1,3843,cam1_20260507_132239.jpg,crops/cam1_20260507_132239_r1_c1.jpg,3845,cam1_20260507_132243.jpg,crops/cam1_20260507_132243_r1_c1.jpg,7356,27.8,,36,100,0,0,0,0,0,0.0,0.0,394.0,0.0,12.8,12.8,0.0,0.0,,2026-05-07 19:22:44
germ-germinadorap-de5832|LOT-20260506-651F-005|r1_c1|rep0,LOT-20260506-651F-005:B2:R0,germ-germinadorap-de5832,LOT-20260506-651F-005,B2,1,1,0,Hierbabuena,,,,,,,2026-05-07 19:37:40,2026-05-06 20:48:22,22.82,1,cg_1778182657834_1,3847,cam1_20260507_133739.jpg,crops/cam1_20260507_133739_r1_c1.jpg,3849,cam1_20260507_133744.jpg,crops/cam1_20260507_133744_r1_c1.jpg,7368,27.8,,35,100,0,0,0,0,0,0.0,0.0,409.0,0.0,13.1,13.1,0.0,0.0,,2026-05-07 19:37:44
germ-germinadorap-de5832|LOT-20260506-651F-005|r1_c1|rep0,LOT-20260506-651F-005:B2:R0,germ-germinadorap-de5832,LOT-20260506-651F-005,B2,1,1,0,Hierbabuena,,,,,,,2026-05-07 19:52:40,2026-05-06 20:48:22,23.07,1,cg_1778183557834_1,3851,cam1_20260507_135239.jpg,crops/cam1_20260507_135239_r1_c1.jpg,3853,cam1_20260507_135244.jpg,crops/cam1_20260507_135244_r1_c1.jpg,7380,27.6,,36,100,0,0,0,0,0,0.0,0.0,424.0,0.0,13.3,13.3,0.0,0.0,,2026-05-07 19:52:45
germ-germinadorap-de5832|LOT-20260506-651F-005|r1_c1|rep0,LOT-20260506-651F-005:B2:R0,germ-germinadorap-de5832,LOT-20260506-651F-005,B2,1,1,0,Hierbabuena,,,,,,,2026-05-07 20:07:40,2026-05-06 20:48:22,23.32,1,cg_1778184457835_1,3855,cam1_20260507_140739.jpg,crops/cam1_20260507_140739_r1_c1.jpg,3857,cam1_20260507_140743.jpg,crops/cam1_20260507_140743_r1_c1.jpg,7392,27.8,,36,100,0,0,0,0,0,0.0,0.0,439.0,0.0,13.4,13.4,0.0,0.0,,2026-05-07 20:07:44
germ-germinadorap-de5832|LOT-20260506-651F-005|r1_c1|rep0,LOT-20260506-651F-005:B2:R0,germ-germinadorap-de5832,LOT-20260506-651F-005,B2,1,1,0,Hierbabuena,,,,,,,2026-05-07 20:22:40,2026-05-06 20:48:22,23.57,1,cg_1778185357837_1,3859,cam1_20260507_142239.jpg,crops/cam1_20260507_142239_r1_c1.jpg,3861,cam1_20260507_142243.jpg,crops/cam1_20260507_142243_r1_c1.jpg,7404,27.5,,36,100,0,0,0,0,0,0.0,0.0,454.0,0.0,13.4,13.4,0.0,0.0,,2026-05-07 20:22:45
germ-germinadorap-de5832|LOT-20260506-651F-005|r1_c1|rep0,LOT-20260506-651F-005:B2:R0,germ-germinadorap-de5832,LOT-20260506-651F-005,B2,1,1,0,Hierbabuena,,,,,,,2026-05-07 20:37:39,2026-05-06 20:48:22,23.82,1,cg_1778186257837_1,3863,cam1_20260507_143739.jpg,crops/cam1_20260507_143739_r1_c1.jpg,3865,cam1_20260507_143743.jpg,crops/cam1_20260507_143743_r1_c1.jpg,7416,27.6,,34,100,0,0,0,0,0,0.0,0.0,469.0,0.0,13.4,13.4,0.0,0.0,,2026-05-07 20:37:44
germ-germinadorap-de5832|LOT-20260506-651F-005|r1_c1|rep0,LOT-20260506-651F-005:B2:R0,germ-germinadorap-de5832,LOT-20260506-651F-005,B2,1,1,0,Hierbabuena,,,,,,,2026-05-07 20:52:40,2026-05-06 20:48:22,24.07,2,cg_1778187157838_1,3867,cam1_20260507_145239.jpg,crops/cam1_20260507_145239_r1_c1.jpg,3869,cam1_20260507_145243.jpg,crops/cam1_20260507_145243_r1_c1.jpg,7428,27.3,,35,100,0,0,0,0,0,0.0,0.0,484.0,0.0,13.4,6.7,0.0,0.0,,2026-05-07 20:52:44
germ-germinadorap-de5832|LOT-20260506-651F-005|r1_c1|rep0,LOT-20260506-651F-005:B2:R0,germ-germinadorap-de5832,LOT-20260506-651F-005,B2,1,1,0,Hierbabuena,,,,,,,2026-05-07 21:07:40,2026-05-06 20:48:22,24.32,2,cg_1778188057847_1,3871,cam1_20260507_150739.jpg,crops/cam1_20260507_150739_r1_c1.jpg,3873,cam1_20260507_150743.jpg,crops/cam1_20260507_150743_r1_c1.jpg,7440,27.2,,35,100,0,0,0,0,0,0.0,0.0,499.0,0.0,13.4,6.7,0.0,0.0,,2026-05-07 21:07:44
germ-germinadorap-de5832|LOT-20260506-651F-005|r1_c1|rep0,LOT-20260506-651F-005:B2:R0,germ-germinadorap-de5832,LOT-20260506-651F-005,B2,1,1,0,Hierbabuena,,,,,,,2026-05-07 21:22:40,2026-05-06 20:48:22,24.57,2,cg_1778188957856_1,3875,cam1_20260507_152239.jpg,crops/cam1_20260507_152239_r1_c1.jpg,3877,cam1_20260507_152243.jpg,crops/cam1_20260507_152243_r1_c1.jpg,7452,27.4,,34,100,0,0,0,0,0,0.0,0.0,514.0,0.0,13.4,6.7,0.0,0.0,,2026-05-07 21:22:44
germ-germinadorap-de5832|LOT-20260506-651F-005|r1_c1|rep0,LOT-20260506-651F-005:B2:R0,germ-germinadorap-de5832,LOT-20260506-651F-005,B2,1,1,0,Hierbabuena,,,,,,,2026-05-07 21:37:40,2026-05-06 20:48:22,24.82,2,cg_1778189857868_1,3879,cam1_20260507_153739.jpg,crops/cam1_20260507_153739_r1_c1.jpg,3881,cam1_20260507_153744.jpg,crops/cam1_20260507_153744_r1_c1.jpg,7464,27.5,,36,100,0,0,0,0,0,0.0,0.0,529.0,0.0,13.4,6.7,0.0,0.0,,2026-05-07 21:37:45
germ-germinadorap-de5832|LOT-20260506-651F-005|r1_c1|rep0,LOT-20260506-651F-005:B2:R0,germ-germinadorap-de5832,LOT-20260506-651F-005,B2,1,1,0,Hierbabuena,,,,,,,2026-05-07 21:52:40,2026-05-06 20:48:22,25.07,2,cg_1778190757875_1,3883,cam1_20260507_155239.jpg,crops/cam1_20260507_155239_r1_c1.jpg,3885,cam1_20260507_155243.jpg,crops/cam1_20260507_155243_r1_c1.jpg,7476,27.2,,35,100,0,0,0,0,0,0.0,0.0,544.0,0.0,13.4,6.7,0.0,0.0,,2026-05-07 21:52:44
germ-germinadorap-de5832|LOT-20260506-651F-005|r1_c1|rep0,LOT-20260506-651F-005:B2:R0,germ-germinadorap-de5832,LOT-20260506-651F-005,B2,1,1,0,Hierbabuena,,,,,,,2026-05-07 22:07:40,2026-05-06 20:48:22,25.32,2,cg_1778191657878_1,3887,cam1_20260507_160739.jpg,crops/cam1_20260507_160739_r1_c1.jpg,3889,cam1_20260507_160744.jpg,crops/cam1_20260507_160744_r1_c1.jpg,7488,27.1,,34,100,0,0,0,0,0,0.0,0.0,559.0,0.0,13.4,6.7,0.0,0.0,,2026-05-07 22:07:44
germ-germinadorap-de5832|LOT-20260506-651F-005|r1_c1|rep0,LOT-20260506-651F-005:B2:R0,germ-germinadorap-de5832,LOT-20260506-651F-005,B2,1,1,0,Hierbabuena,,,,,,,2026-05-07 22:22:40,2026-05-06 20:48:22,25.57,2,cg_1778192557882_1,3891,cam1_20260507_162240.jpg,crops/cam1_20260507_162240_r1_c1.jpg,3893,cam1_20260507_162245.jpg,crops/cam1_20260507_162245_r1_c1.jpg,7500,27.2,,34,100,0,0,0,0,0,0.0,0.0,573.0,0.0,13.4,6.7,0.0,0.0,,2026-05-07 22:22:46
germ-germinadorap-de5832|LOT-20260506-651F-005|r1_c1|rep0,LOT-20260506-651F-005:B2:R0,germ-germinadorap-de5832,LOT-20260506-651F-005,B2,1,1,0,Hierbabuena,,,,,,,2026-05-07 22:37:42,2026-05-06 20:48:22,25.82,2,cg_1778193457885_1,3895,cam1_20260507_163741.jpg,crops/cam1_20260507_163741_r1_c1.jpg,3897,cam1_20260507_163746.jpg,crops/cam1_20260507_163746_r1_c1.jpg,7512,27.3,,36,100,0,0,0,0,0,0.0,0.0,588.0,0.0,13.4,6.7,0.0,0.0,,2026-05-07 22:37:47
germ-germinadorap-de5832|LOT-20260506-651F-005|r1_c1|rep0,LOT-20260506-651F-005:B2:R0,germ-germinadorap-de5832,LOT-20260506-651F-005,B2,1,1,0,Hierbabuena,,,,,,,2026-05-07 22:52:40,2026-05-06 20:48:22,26.07,2,cg_1778194357887_1,3899,cam1_20260507_165240.jpg,crops/cam1_20260507_165240_r1_c1.jpg,3901,cam1_20260507_165245.jpg,crops/cam1_20260507_165245_r1_c1.jpg,7524,27.5,,37,48.6,0,0,0,0,0,0.0,0.0,603.0,0.0,13.5,6.7,0.0,0.0,,2026-05-07 22:52:46
germ-germinadorap-de5832|LOT-20260506-651F-005|r1_c1|rep0,LOT-20260506-651F-005:B2:R0,germ-germinadorap-de5832,LOT-20260506-651F-005,B2,1,1,0,Hierbabuena,,,,,,,2026-05-07 23:07:40,2026-05-06 20:48:22,26.32,2,cg_1778195257889_1,3903,cam1_20260507_170740.jpg,crops/cam1_20260507_170740_r1_c1.jpg,3905,cam1_20260507_170747.jpg,crops/cam1_20260507_170747_r1_c1.jpg,7536,27.3,,37,73.2,0,0,0,0,0,0.0,0.0,618.0,0.0,13.5,6.7,0.0,0.0,,2026-05-07 23:07:49
germ-germinadorap-de5832|LOT-20260506-651F-005|r1_c1|rep0,LOT-20260506-651F-005:B2:R0,germ-germinadorap-de5832,LOT-20260506-651F-005,B2,1,1,0,Hierbabuena,,,,,,,2026-05-07 23:22:41,2026-05-06 20:48:22,26.57,2,cg_1778196157887_1,3907,cam1_20260507_172241.jpg,crops/cam1_20260507_172241_r1_c1.jpg,3909,cam1_20260507_172245.jpg,crops/cam1_20260507_172245_r1_c1.jpg,7548,27.4,,35,44.6,0,0,0,0,0,0.0,0.0,633.0,0.0,13.5,6.7,0.0,0.0,,2026-05-07 23:22:46
germ-germinadorap-de5832|LOT-20260506-651F-005|r1_c1|rep0,LOT-20260506-651F-005:B2:R0,germ-germinadorap-de5832,LOT-20260506-651F-005,B2,1,1,0,Hierbabuena,,,,,,,2026-05-07 23:37:40,2026-05-06 20:48:22,26.82,2,cg_1778197057888_1,3911,cam1_20260507_173740.jpg,crops/cam1_20260507_173740_r1_c1.jpg,3913,cam1_20260507_173745.jpg,crops/cam1_20260507_173745_r1_c1.jpg,7560,27.1,,35,70.5,0,0,0,0,0,0.0,0.0,648.0,0.0,13.5,6.7,0.0,0.0,,2026-05-07 23:37:46
germ-germinadorap-de5832|LOT-20260506-651F-005|r1_c1|rep0,LOT-20260506-651F-005:B2:R0,germ-germinadorap-de5832,LOT-20260506-651F-005,B2,1,1,0,Hierbabuena,,,,,,,2026-05-07 23:52:40,2026-05-06 20:48:22,27.07,2,cg_1778197957891_1,3915,cam1_20260507_175240.jpg,crops/cam1_20260507_175240_r1_c1.jpg,3917,cam1_20260507_175245.jpg,crops/cam1_20260507_175245_r1_c1.jpg,7572,27,,37,49.9,0,0,0,0,0,0.0,0.0,663.0,0.0,13.5,6.7,0.0,0.0,,2026-05-07 23:52:47
germ-germinadorap-de5832|LOT-20260506-651F-005|r1_c1|rep0,LOT-20260506-651F-005:B2:R0,germ-germinadorap-de5832,LOT-20260506-651F-005,B2,1,1,0,Hierbabuena,,,,,,,2026-05-08 01:13:31,2026-05-06 20:48:22,28.42,2,cg_1778202809049_1,3919,cam1_20260507_191330.jpg,crops/cam1_20260507_191330_r1_c1.jpg,3921,cam1_20260507_191335.jpg,crops/cam1_20260507_191335_r1_c1.jpg,7584,25.8,,38,58.9,0,0,0,0,0,0.0,0.0,744.0,0.0,13.5,6.7,0.0,0.0,,2026-05-08 01:13:36
germ-germinadorap-de5832|LOT-20260506-651F-005|r1_c1|rep0,LOT-20260506-651F-005:B2:R0,germ-germinadorap-de5832,LOT-20260506-651F-005,B2,1,1,0,Hierbabuena,,,,,,,2026-05-08 01:28:31,2026-05-06 20:48:22,28.67,2,cg_1778203709047_1,3923,cam1_20260507_192830.jpg,crops/cam1_20260507_192830_r1_c1.jpg,3925,cam1_20260507_192835.jpg,crops/cam1_20260507_192835_r1_c1.jpg,7596,27,,42,91.7,0,0,0,0,0,0.0,0.0,759.0,0.0,13.5,6.7,0.0,0.0,,2026-05-08 01:28:36
germ-germinadorap-de5832|LOT-20260506-651F-005|r1_c1|rep0,LOT-20260506-651F-005:B2:R0,germ-germinadorap-de5832,LOT-20260506-651F-005,B2,1,1,0,Hierbabuena,,,,,,,2026-05-08 01:43:31,2026-05-06 20:48:22,28.92,2,cg_1778204609053_1,3927,cam1_20260507_194330.jpg,crops/cam1_20260507_194330_r1_c1.jpg,3929,cam1_20260507_194335.jpg,crops/cam1_20260507_194335_r1_c1.jpg,7608,27.6,,41,97.2,0,0,0,0,0,0.0,0.0,773.0,0.0,13.5,6.7,0.0,0.0,,2026-05-08 01:43:36
germ-germinadorap-de5832|LOT-20260506-651F-005|r1_c1|rep0,LOT-20260506-651F-005:B2:R0,germ-germinadorap-de5832,LOT-20260506-651F-005,B2,1,1,0,Hierbabuena,,,,,,,2026-05-08 01:58:31,2026-05-06 20:48:22,29.17,2,cg_1778205509059_1,3931,cam1_20260507_195830.jpg,crops/cam1_20260507_195830_r1_c1.jpg,3933,cam1_20260507_195835.jpg,crops/cam1_20260507_195835_r1_c1.jpg,7620,28,,41,94.4,0,0,0,0,0,0.0,0.0,788.0,0.0,13.5,6.7,0.0,0.0,,2026-05-08 01:58:36
germ-germinadorap-de5832|LOT-20260506-651F-005|r1_c1|rep0,LOT-20260506-651F-005:B2:R0,germ-germinadorap-de5832,LOT-20260506-651F-005,B2,1,1,0,Hierbabuena,,,,,,,2026-05-08 02:13:31,2026-05-06 20:48:22,29.42,2,cg_1778206409065_1,3935,cam1_20260507_201330.jpg,crops/cam1_20260507_201330_r1_c1.jpg,3937,cam1_20260507_201335.jpg,crops/cam1_20260507_201335_r1_c1.jpg,7632,27.8,,39,91.7,0,0,0,0,0,0.0,0.0,790.0,0.0,13.5,6.7,0.0,0.0,,2026-05-08 02:13:36
germ-germinadorap-de5832|LOT-20260506-651F-005|r1_c1|rep0,LOT-20260506-651F-005:B2:R0,germ-germinadorap-de5832,LOT-20260506-651F-005,B2,1,1,0,Hierbabuena,,,,,,,2026-05-08 02:28:31,2026-05-06 20:48:22,29.67,2,cg_1778207309070_1,3939,cam1_20260507_202830.jpg,crops/cam1_20260507_202830_r1_c1.jpg,3941,cam1_20260507_202835.jpg,crops/cam1_20260507_202835_r1_c1.jpg,7644,27.7,,40,91.7,0,0,0,0,0,0.0,0.0,790.0,0.0,13.5,6.7,0.0,0.0,,2026-05-08 02:28:36
germ-germinadorap-de5832|LOT-20260506-651F-005|r1_c1|rep0,LOT-20260506-651F-005:B2:R0,germ-germinadorap-de5832,LOT-20260506-651F-005,B2,1,1,0,Hierbabuena,,,,,,,2026-05-08 02:43:31,2026-05-06 20:48:22,29.92,2,cg_1778208209075_1,3943,cam1_20260507_204330.jpg,crops/cam1_20260507_204330_r1_c1.jpg,3945,cam1_20260507_204335.jpg,crops/cam1_20260507_204335_r1_c1.jpg,7656,27.8,,43,90.7,0,0,0,0,0,0.0,0.0,790.0,0.0,13.5,6.7,0.0,0.0,,2026-05-08 02:43:36
germ-germinadorap-de5832|LOT-20260506-651F-005|r1_c1|rep0,LOT-20260506-651F-005:B2:R0,germ-germinadorap-de5832,LOT-20260506-651F-005,B2,1,1,0,Hierbabuena,,,,,,,2026-05-08 02:58:31,2026-05-06 20:48:22,30.17,2,cg_1778209109081_1,3947,cam1_20260507_205830.jpg,crops/cam1_20260507_205830_r1_c1.jpg,3949,cam1_20260507_205835.jpg,crops/cam1_20260507_205835_r1_c1.jpg,7668,27.6,,45,85.2,0,0,0,0,0,0.0,0.0,790.0,0.0,13.5,6.7,0.0,0.0,,2026-05-08 02:58:36
germ-germinadorap-de5832|LOT-20260506-651F-005|r1_c1|rep0,LOT-20260506-651F-005:B2:R0,germ-germinadorap-de5832,LOT-20260506-651F-005,B2,1,1,0,Hierbabuena,,,,,,,2026-05-08 03:13:31,2026-05-06 20:48:22,30.42,2,cg_1778210009087_1,3951,cam1_20260507_211330.jpg,crops/cam1_20260507_211330_r1_c1.jpg,3953,cam1_20260507_211335.jpg,crops/cam1_20260507_211335_r1_c1.jpg,7680,27.6,,51,90.7,0,0,0,0,0,0.0,0.0,790.0,0.0,13.5,6.7,0.0,0.0,,2026-05-08 03:13:36
germ-germinadorap-de5832|LOT-20260506-651F-005|r1_c1|rep0,LOT-20260506-651F-005:B2:R0,germ-germinadorap-de5832,LOT-20260506-651F-005,B2,1,1,0,Hierbabuena,,,,,,,2026-05-08 03:28:31,2026-05-06 20:48:22,30.67,2,cg_1778210909089_1,3955,cam1_20260507_212830.jpg,crops/cam1_20260507_212830_r1_c1.jpg,3957,cam1_20260507_212836.jpg,crops/cam1_20260507_212836_r1_c1.jpg,7692,27.5,,42,79.6,0,0,0,0,0,0.0,0.0,790.0,0.0,13.5,6.7,0.0,0.0,,2026-05-08 03:28:37
germ-germinadorap-de5832|LOT-20260506-651F-005|r1_c1|rep0,LOT-20260506-651F-005:B2:R0,germ-germinadorap-de5832,LOT-20260506-651F-005,B2,1,1,0,Hierbabuena,,,,,,,2026-05-08 04:48:45,2026-05-06 20:48:22,32.01,2,cg_1778215723174_1,3958,cam1_20260507_224844.jpg,crops/cam1_20260507_224844_r1_c1.jpg,3960,cam1_20260507_224847.jpg,crops/cam1_20260507_224847_r1_c1.jpg,7699,26.7,,50,68.8,0,0,0,0,0,0.0,0.0,791.0,0.0,13.5,6.7,0.0,0.0,,2026-05-08 04:48:48
germ-germinadorap-de5832|LOT-20260506-651F-005|r1_c1|rep0,LOT-20260506-651F-005:B2:R0,germ-germinadorap-de5832,LOT-20260506-651F-005,B2,1,1,0,Hierbabuena,,,,,,,2026-05-08 05:03:45,2026-05-06 20:48:22,32.26,2,cg_1778216623174_1,3962,cam1_20260507_230344.jpg,crops/cam1_20260507_230344_r1_c1.jpg,3964,cam1_20260507_230347.jpg,crops/cam1_20260507_230347_r1_c1.jpg,7711,27,,56,74.1,0,0,0,0,0,0.0,0.0,791.0,0.0,13.5,6.7,0.0,0.0,,2026-05-08 05:03:48
germ-germinadorap-de5832|LOT-20260506-651F-005|r1_c1|rep0,LOT-20260506-651F-005:B2:R0,germ-germinadorap-de5832,LOT-20260506-651F-005,B2,1,1,0,Hierbabuena,,,,,,,2026-05-08 05:18:45,2026-05-06 20:48:22,32.51,2,cg_1778217523180_1,3967,cam1_20260507_231844.jpg,crops/cam1_20260507_231844_r1_c1.jpg,3969,cam1_20260507_231849.jpg,crops/cam1_20260507_231849_r1_c1.jpg,7728,27.2,,55,69.6,0,0,0,0,0,0.0,0.0,791.0,0.0,13.5,6.8,0.0,0.0,,2026-05-08 05:18:50
germ-germinadorap-de5832|LOT-20260506-651F-005|r1_c1|rep0,LOT-20260506-651F-005:B2:R0,germ-germinadorap-de5832,LOT-20260506-651F-005,B2,1,1,0,Hierbabuena,,,,,,,2026-05-08 05:33:45,2026-05-06 20:48:22,32.76,2,cg_1778218423187_1,3970,cam1_20260507_233344.jpg,crops/cam1_20260507_233344_r1_c1.jpg,3972,cam1_20260507_233347.jpg,crops/cam1_20260507_233347_r1_c1.jpg,7735,27.3,,56,49,0,0,0,0,0,0.0,0.0,792.0,0.0,13.5,6.8,0.0,0.0,,2026-05-08 05:33:48
germ-germinadorap-de5832|LOT-20260506-651F-005|r1_c1|rep0,LOT-20260506-651F-005:B2:R0,germ-germinadorap-de5832,LOT-20260506-651F-005,B2,1,1,0,Hierbabuena,,,,,,,2026-05-08 05:48:45,2026-05-06 20:48:22,33.01,2,cg_1778219323193_1,3975,cam1_20260507_234844.jpg,crops/cam1_20260507_234844_r1_c1.jpg,3977,cam1_20260507_234849.jpg,crops/cam1_20260507_234849_r1_c1.jpg,7752,27.4,,56,70.5,0,0,0,0,0,0.0,0.0,792.0,0.0,13.5,6.8,0.0,0.0,,2026-05-08 05:48:50
germ-germinadorap-de5832|LOT-20260506-651F-005|r1_c1|rep0,LOT-20260506-651F-005:B2:R0,germ-germinadorap-de5832,LOT-20260506-651F-005,B2,1,1,0,Hierbabuena,,,,,,,2026-05-08 06:03:45,2026-05-06 20:48:22,33.26,2,cg_1778220223200_1,3979,cam1_20260508_000344.jpg,crops/cam1_20260508_000344_r1_c1.jpg,3981,cam1_20260508_000349.jpg,crops/cam1_20260508_000349_r1_c1.jpg,7764,27.5,,55,48.9,0,0,0,0,0,0.0,0.0,792.0,0.0,13.5,6.8,0.0,0.0,,2026-05-08 06:03:50
germ-germinadorap-de5832|LOT-20260506-651F-005|r1_c1|rep0,LOT-20260506-651F-005:B2:R0,germ-germinadorap-de5832,LOT-20260506-651F-005,B2,1,1,0,Hierbabuena,,,,,,,2026-05-08 06:18:45,2026-05-06 20:48:22,33.51,2,cg_1778221123204_1,3982,cam1_20260508_001844.jpg,crops/cam1_20260508_001844_r1_c1.jpg,3984,cam1_20260508_001847.jpg,crops/cam1_20260508_001847_r1_c1.jpg,7771,27.6,,56,48.4,0,0,0,0,0,0.0,0.0,792.0,0.0,13.5,6.8,0.0,0.0,,2026-05-08 06:18:48
germ-germinadorap-de5832|LOT-20260506-651F-005|r1_c1|rep0,LOT-20260506-651F-005:B2:R0,germ-germinadorap-de5832,LOT-20260506-651F-005,B2,1,1,0,Hierbabuena,,,,,,,2026-05-08 06:33:45,2026-05-06 20:48:22,33.76,2,cg_1778222023210_1,3987,cam1_20260508_003345.jpg,crops/cam1_20260508_003345_r1_c1.jpg,3989,cam1_20260508_003350.jpg,crops/cam1_20260508_003350_r1_c1.jpg,7788,27.6,,56,59.8,0,0,0,0,0,0.0,0.0,792.0,0.0,13.5,6.8,0.0,0.0,,2026-05-08 06:33:51
germ-germinadorap-de5832|LOT-20260506-651F-005|r1_c1|rep0,LOT-20260506-651F-005:B2:R0,germ-germinadorap-de5832,LOT-20260506-651F-005,B2,1,1,0,Hierbabuena,,,,,,,2026-05-08 06:48:45,2026-05-06 20:48:22,34.01,2,cg_1778222923211_1,3990,cam1_20260508_004844.jpg,crops/cam1_20260508_004844_r1_c1.jpg,3992,cam1_20260508_004847.jpg,crops/cam1_20260508_004847_r1_c1.jpg,7795,27.5,,57,49.4,0,0,0,0,0,0.0,0.0,792.0,0.0,13.5,6.8,0.0,0.0,,2026-05-08 06:48:48
germ-germinadorap-de5832|LOT-20260506-651F-005|r1_c1|rep0,LOT-20260506-651F-005:B2:R0,germ-germinadorap-de5832,LOT-20260506-651F-005,B2,1,1,0,Hierbabuena,,,,,,,2026-05-08 07:03:45,2026-05-06 20:48:22,34.26,2,cg_1778223823213_1,3995,cam1_20260508_010345.jpg,crops/cam1_20260508_010345_r1_c1.jpg,3997,cam1_20260508_010349.jpg,crops/cam1_20260508_010349_r1_c1.jpg,7812,27.6,,52,48.6,0,0,0,0,0,0.0,0.0,792.0,0.0,13.5,6.8,0.0,0.0,,2026-05-08 07:03:50
germ-germinadorap-de5832|LOT-20260506-651F-005|r1_c1|rep0,LOT-20260506-651F-005:B2:R0,germ-germinadorap-de5832,LOT-20260506-651F-005,B2,1,1,0,Hierbabuena,,,,,,,2026-05-08 07:18:45,2026-05-06 20:48:22,34.51,2,cg_1778224723215_1,3998,cam1_20260508_011844.jpg,crops/cam1_20260508_011844_r1_c1.jpg,4000,cam1_20260508_011847.jpg,crops/cam1_20260508_011847_r1_c1.jpg,7819,27.5,,54,56.3,0,0,0,0,0,0.0,0.0,792.0,0.0,13.5,6.8,0.0,0.0,,2026-05-08 07:18:48
germ-germinadorap-de5832|LOT-20260506-651F-005|r1_c1|rep0,LOT-20260506-651F-005:B2:R0,germ-germinadorap-de5832,LOT-20260506-651F-005,B2,1,1,0,Hierbabuena,,,,,,,2026-05-08 07:33:45,2026-05-06 20:48:22,34.76,2,cg_1778225623220_1,4002,cam1_20260508_013344.jpg,crops/cam1_20260508_013344_r1_c1.jpg,4004,cam1_20260508_013347.jpg,crops/cam1_20260508_013347_r1_c1.jpg,7831,27.6,,55,56.3,0,0,0,0,0,0.0,0.0,792.0,0.0,13.5,6.8,0.0,0.0,,2026-05-08 07:33:48
germ-germinadorap-de5832|LOT-20260506-651F-005|r1_c1|rep0,LOT-20260506-651F-005:B2:R0,germ-germinadorap-de5832,LOT-20260506-651F-005,B2,1,1,0,Hierbabuena,,,,,,,2026-05-08 07:48:45,2026-05-06 20:48:22,35.01,2,cg_1778226523222_1,4006,cam1_20260508_014844.jpg,crops/cam1_20260508_014844_r1_c1.jpg,4008,cam1_20260508_014847.jpg,crops/cam1_20260508_014847_r1_c1.jpg,7843,27.5,,56,54.5,0,0,0,0,0,0.0,0.0,792.0,0.0,13.5,6.8,0.0,0.0,,2026-05-08 07:48:48
germ-germinadorap-de5832|LOT-20260506-651F-005|r1_c1|rep0,LOT-20260506-651F-005:B2:R0,germ-germinadorap-de5832,LOT-20260506-651F-005,B2,1,1,0,Hierbabuena,,,,,,,2026-05-08 08:03:45,2026-05-06 20:48:22,35.26,2,cg_1778227423224_1,4011,cam1_20260508_020344.jpg,crops/cam1_20260508_020344_r1_c1.jpg,4013,cam1_20260508_020349.jpg,crops/cam1_20260508_020349_r1_c1.jpg,7860,27.6,,55,48,0,0,0,0,0,0.0,0.0,792.0,0.0,13.6,6.8,0.0,0.0,,2026-05-08 08:03:50
germ-germinadorap-de5832|LOT-20260506-651F-005|r1_c1|rep0,LOT-20260506-651F-005:B2:R0,germ-germinadorap-de5832,LOT-20260506-651F-005,B2,1,1,0,Hierbabuena,,,,,,,2026-05-08 08:18:45,2026-05-06 20:48:22,35.51,2,cg_1778228323228_1,4014,cam1_20260508_021844.jpg,crops/cam1_20260508_021844_r1_c1.jpg,4016,cam1_20260508_021847.jpg,crops/cam1_20260508_021847_r1_c1.jpg,7867,27.5,,53,47.5,0,0,0,0,0,0.0,0.0,792.0,0.0,13.8,6.9,0.0,0.0,,2026-05-08 08:18:48
germ-germinadorap-de5832|LOT-20260506-651F-005|r1_c1|rep0,LOT-20260506-651F-005:B2:R0,germ-germinadorap-de5832,LOT-20260506-651F-005,B2,1,1,0,Hierbabuena,,,,,,,2026-05-08 08:33:45,2026-05-06 20:48:22,35.76,2,cg_1778229223233_1,4019,cam1_20260508_023344.jpg,crops/cam1_20260508_023344_r1_c1.jpg,4021,cam1_20260508_023349.jpg,crops/cam1_20260508_023349_r1_c1.jpg,7884,27.6,,55,47.8,0,0,0,0,0,0.0,0.0,792.0,0.0,14.1,7.0,0.0,0.0,,2026-05-08 08:33:50
germ-germinadorap-de5832|LOT-20260506-651F-005|r1_c1|rep0,LOT-20260506-651F-005:B2:R0,germ-germinadorap-de5832,LOT-20260506-651F-005,B2,1,1,0,Hierbabuena,,,,,,,2026-05-08 08:48:45,2026-05-06 20:48:22,36.01,2,cg_1778230123235_1,4022,cam1_20260508_024844.jpg,crops/cam1_20260508_024844_r1_c1.jpg,4024,cam1_20260508_024847.jpg,crops/cam1_20260508_024847_r1_c1.jpg,7891,27.6,,55,51.8,0,0,0,0,0,0.0,0.0,792.0,0.0,14.3,7.2,0.0,0.0,,2026-05-08 08:48:48
germ-germinadorap-de5832|LOT-20260506-651F-005|r1_c1|rep0,LOT-20260506-651F-005:B2:R0,germ-germinadorap-de5832,LOT-20260506-651F-005,B2,1,1,0,Hierbabuena,,,,,,,2026-05-08 09:03:45,2026-05-06 20:48:22,36.26,2,cg_1778231023242_1,4026,cam1_20260508_030344.jpg,crops/cam1_20260508_030344_r1_c1.jpg,4028,cam1_20260508_030347.jpg,crops/cam1_20260508_030347_r1_c1.jpg,7903,27.6,,54,49.5,0,0,0,0,0,0.0,0.0,792.0,0.0,14.6,7.3,0.0,0.0,,2026-05-08 09:03:48
germ-germinadorap-de5832|LOT-20260506-651F-005|r1_c1|rep0,LOT-20260506-651F-005:B2:R0,germ-germinadorap-de5832,LOT-20260506-651F-005,B2,1,1,0,Hierbabuena,,,,,,,2026-05-08 09:18:45,2026-05-06 20:48:22,36.51,2,cg_1778231923242_1,4031,cam1_20260508_031844.jpg,crops/cam1_20260508_031844_r1_c1.jpg,4033,cam1_20260508_031849.jpg,crops/cam1_20260508_031849_r1_c1.jpg,7920,27.6,,53,49.6,0,0,0,0,0,0.0,0.0,792.0,0.0,14.8,7.4,0.0,0.0,,2026-05-08 09:18:50
germ-germinadorap-de5832|LOT-20260506-651F-005|r1_c1|rep0,LOT-20260506-651F-005:B2:R0,germ-germinadorap-de5832,LOT-20260506-651F-005,B2,1,1,0,Hierbabuena,,,,,,,2026-05-08 09:33:45,2026-05-06 20:48:22,36.76,2,cg_1778232823245_1,4034,cam1_20260508_033344.jpg,crops/cam1_20260508_033344_r1_c1.jpg,4036,cam1_20260508_033347.jpg,crops/cam1_20260508_033347_r1_c1.jpg,7927,27.6,,55,48.4,0,0,0,0,0,0.0,0.0,792.0,0.0,15.1,7.5,0.0,0.0,,2026-05-08 09:33:48
germ-germinadorap-de5832|LOT-20260506-651F-005|r1_c1|rep0,LOT-20260506-651F-005:B2:R0,germ-germinadorap-de5832,LOT-20260506-651F-005,B2,1,1,0,Hierbabuena,,,,,,,2026-05-08 09:48:45,2026-05-06 20:48:22,37.01,2,cg_1778233723250_1,4038,cam1_20260508_034844.jpg,crops/cam1_20260508_034844_r1_c1.jpg,4040,cam1_20260508_034847.jpg,crops/cam1_20260508_034847_r1_c1.jpg,7939,27.6,,54,48.5,0,0,0,0,0,0.0,0.0,792.0,0.0,15.3,7.7,0.0,0.0,,2026-05-08 09:48:48
germ-germinadorap-de5832|LOT-20260506-651F-005|r1_c1|rep0,LOT-20260506-651F-005:B2:R0,germ-germinadorap-de5832,LOT-20260506-651F-005,B2,1,1,0,Hierbabuena,,,,,,,2026-05-08 10:03:45,2026-05-06 20:48:22,37.26,2,cg_1778234623252_1,4043,cam1_20260508_040344.jpg,crops/cam1_20260508_040344_r1_c1.jpg,4045,cam1_20260508_040349.jpg,crops/cam1_20260508_040349_r1_c1.jpg,7956,27.5,,53,49.1,0,0,0,0,0,0.0,0.0,792.0,0.0,15.6,7.8,0.0,0.0,,2026-05-08 10:03:50
germ-germinadorap-de5832|LOT-20260506-651F-005|r1_c1|rep0,LOT-20260506-651F-005:B2:R0,germ-germinadorap-de5832,LOT-20260506-651F-005,B2,1,1,0,Hierbabuena,,,,,,,2026-05-08 10:18:45,2026-05-06 20:48:22,37.51,2,cg_1778235523253_1,4046,cam1_20260508_041844.jpg,crops/cam1_20260508_041844_r1_c1.jpg,4048,cam1_20260508_041847.jpg,crops/cam1_20260508_041847_r1_c1.jpg,7963,27.6,,54,48.2,0,0,0,0,0,0.0,0.0,792.0,0.0,15.8,7.9,0.0,0.0,,2026-05-08 10:18:48
germ-germinadorap-de5832|LOT-20260506-651F-005|r1_c1|rep0,LOT-20260506-651F-005:B2:R0,germ-germinadorap-de5832,LOT-20260506-651F-005,B2,1,1,0,Hierbabuena,,,,,,,2026-05-08 10:33:45,2026-05-06 20:48:22,37.76,2,cg_1778236423295_1,4050,cam1_20260508_043344.jpg,crops/cam1_20260508_043344_r1_c1.jpg,4052,cam1_20260508_043347.jpg,crops/cam1_20260508_043347_r1_c1.jpg,7975,27.5,,55,48.1,0,0,0,0,0,0.0,0.0,792.0,0.0,16.1,8.0,0.0,0.0,,2026-05-08 10:33:48
germ-germinadorap-de5832|LOT-20260506-651F-005|r1_c1|rep0,LOT-20260506-651F-005:B2:R0,germ-germinadorap-de5832,LOT-20260506-651F-005,B2,1,1,0,Hierbabuena,,,,,,,2026-05-08 10:48:45,2026-05-06 20:48:22,38.01,2,cg_1778237323256_1,4054,cam1_20260508_044844.jpg,crops/cam1_20260508_044844_r1_c1.jpg,4056,cam1_20260508_044847.jpg,crops/cam1_20260508_044847_r1_c1.jpg,7987,27.6,,54,47.5,0,0,0,0,0,0.0,0.0,792.0,0.0,16.3,8.2,0.0,0.0,,2026-05-08 10:48:48
germ-germinadorap-de5832|LOT-20260506-651F-005|r1_c1|rep0,LOT-20260506-651F-005:B2:R0,germ-germinadorap-de5832,LOT-20260506-651F-005,B2,1,1,0,Hierbabuena,,,,,,,2026-05-08 11:03:45,2026-05-06 20:48:22,38.26,2,cg_1778238223261_1,4058,cam1_20260508_050344.jpg,crops/cam1_20260508_050344_r1_c1.jpg,4060,cam1_20260508_050347.jpg,crops/cam1_20260508_050347_r1_c1.jpg,7999,27.5,,54,47.8,0,0,0,0,0,0.0,0.0,792.0,0.0,16.5,8.3,0.0,0.0,,2026-05-08 11:03:48
germ-germinadorap-de5832|LOT-20260506-651F-005|r1_c1|rep0,LOT-20260506-651F-005:B2:R0,germ-germinadorap-de5832,LOT-20260506-651F-005,B2,1,1,0,Hierbabuena,,,,,,,2026-05-08 11:18:45,2026-05-06 20:48:22,38.51,2,cg_1778239123262_1,4062,cam1_20260508_051844.jpg,crops/cam1_20260508_051844_r1_c1.jpg,4064,cam1_20260508_051847.jpg,crops/cam1_20260508_051847_r1_c1.jpg,8011,27.5,,53,47.9,0,0,0,0,0,0.0,0.0,793.0,0.0,16.8,8.4,0.0,0.0,,2026-05-08 11:18:48
germ-germinadorap-de5832|LOT-20260506-651F-005|r1_c1|rep0,LOT-20260506-651F-005:B2:R0,germ-germinadorap-de5832,LOT-20260506-651F-005,B2,1,1,0,Hierbabuena,,,,,,,2026-05-08 11:33:45,2026-05-06 20:48:22,38.76,2,cg_1778240023263_1,4066,cam1_20260508_053344.jpg,crops/cam1_20260508_053344_r1_c1.jpg,4068,cam1_20260508_053347.jpg,crops/cam1_20260508_053347_r1_c1.jpg,8023,27.5,,53,47.7,0,0,0,0,0,0.0,0.0,793.0,0.0,17.0,8.5,0.0,0.0,,2026-05-08 11:33:48
germ-germinadorap-de5832|LOT-20260506-651F-005|r1_c1|rep0,LOT-20260506-651F-005:B2:R0,germ-germinadorap-de5832,LOT-20260506-651F-005,B2,1,1,0,Hierbabuena,,,,,,,2026-05-08 11:48:45,2026-05-06 20:48:22,39.01,2,cg_1778240923264_1,4071,cam1_20260508_054844.jpg,crops/cam1_20260508_054844_r1_c1.jpg,4073,cam1_20260508_054849.jpg,crops/cam1_20260508_054849_r1_c1.jpg,8040,27.5,,54,47.9,0,0,0,0,0,0.0,0.0,793.0,0.0,17.3,8.6,0.0,0.0,,2026-05-08 11:48:50
germ-germinadorap-de5832|LOT-20260506-651F-005|r1_c1|rep0,LOT-20260506-651F-005:B2:R0,germ-germinadorap-de5832,LOT-20260506-651F-005,B2,1,1,0,Hierbabuena,,,,,,,2026-05-08 12:03:45,2026-05-06 20:48:22,39.26,2,cg_1778241823265_1,4075,cam1_20260508_060344.jpg,crops/cam1_20260508_060344_r1_c1.jpg,4077,cam1_20260508_060349.jpg,crops/cam1_20260508_060349_r1_c1.jpg,8052,27.5,,55,47.5,0,0,0,0,0,0.0,0.0,793.0,0.0,17.5,8.8,0.0,0.0,,2026-05-08 12:03:50
germ-germinadorap-de5832|LOT-20260506-651F-005|r1_c1|rep0,LOT-20260506-651F-005:B2:R0,germ-germinadorap-de5832,LOT-20260506-651F-005,B2,1,1,0,Hierbabuena,,,,,,,2026-05-08 12:18:45,2026-05-06 20:48:22,39.51,2,cg_1778242723270_1,4079,cam1_20260508_061844.jpg,crops/cam1_20260508_061844_r1_c1.jpg,4081,cam1_20260508_061849.jpg,crops/cam1_20260508_061849_r1_c1.jpg,8064,27.5,,54,47.5,0,0,0,0,0,0.0,0.0,793.0,0.0,17.8,8.9,0.0,0.0,,2026-05-08 12:18:50
germ-germinadorap-de5832|LOT-20260506-651F-005|r1_c1|rep0,LOT-20260506-651F-005:B2:R0,germ-germinadorap-de5832,LOT-20260506-651F-005,B2,1,1,0,Hierbabuena,,,,,,,2026-05-08 12:33:45,2026-05-06 20:48:22,39.76,2,cg_1778243623278_1,4082,cam1_20260508_063344.jpg,crops/cam1_20260508_063344_r1_c1.jpg,4084,cam1_20260508_063347.jpg,crops/cam1_20260508_063347_r1_c1.jpg,8071,27.5,,52,47.2,0,0,0,0,0,0.0,0.0,793.0,0.0,18.0,9.0,0.0,0.0,,2026-05-08 12:33:48
germ-germinadorap-de5832|LOT-20260506-651F-005|r1_c1|rep0,LOT-20260506-651F-005:B2:R0,germ-germinadorap-de5832,LOT-20260506-651F-005,B2,1,1,0,Hierbabuena,,,,,,,2026-05-08 12:48:45,2026-05-06 20:48:22,40.01,2,cg_1778244523288_1,4086,cam1_20260508_064844.jpg,crops/cam1_20260508_064844_r1_c1.jpg,4088,cam1_20260508_064847.jpg,crops/cam1_20260508_064847_r1_c1.jpg,8083,27.5,,50,46.7,0,0,0,0,0,0.0,0.0,793.0,0.0,18.3,9.1,0.0,0.0,,2026-05-08 12:48:48
germ-germinadorap-de5832|LOT-20260506-651F-005|r1_c1|rep0,LOT-20260506-651F-005:B2:R0,germ-germinadorap-de5832,LOT-20260506-651F-005,B2,1,1,0,Hierbabuena,,,,,,,2026-05-08 13:03:45,2026-05-06 20:48:22,40.26,2,cg_1778245423296_1,4091,cam1_20260508_070344.jpg,crops/cam1_20260508_070344_r1_c1.jpg,4093,cam1_20260508_070349.jpg,crops/cam1_20260508_070349_r1_c1.jpg,8100,27.3,,51,47,0,0,0,0,0,0.0,0.0,793.0,0.0,18.5,9.3,0.0,0.0,,2026-05-08 13:03:50
germ-germinadorap-de5832|LOT-20260506-651F-005|r1_c1|rep0,LOT-20260506-651F-005:B2:R0,germ-germinadorap-de5832,LOT-20260506-651F-005,B2,1,1,0,Hierbabuena,,,,,,,2026-05-08 13:18:45,2026-05-06 20:48:22,40.51,2,cg_1778246323305_1,4095,cam1_20260508_071844.jpg,crops/cam1_20260508_071844_r1_c1.jpg,4097,cam1_20260508_071849.jpg,crops/cam1_20260508_071849_r1_c1.jpg,8112,27.2,,51,46.5,0,0,0,0,0,0.0,0.0,793.0,0.0,18.8,9.4,0.0,0.0,,2026-05-08 13:18:50
germ-germinadorap-de5832|LOT-20260506-651F-005|r1_c1|rep0,LOT-20260506-651F-005:B2:R0,germ-germinadorap-de5832,LOT-20260506-651F-005,B2,1,1,0,Hierbabuena,,,,,,,2026-05-08 13:33:45,2026-05-06 20:48:22,40.76,2,cg_1778247223311_1,4099,cam1_20260508_073344.jpg,crops/cam1_20260508_073344_r1_c1.jpg,4101,cam1_20260508_073349.jpg,crops/cam1_20260508_073349_r1_c1.jpg,8124,27.2,,51,46.4,0,0,0,0,0,0.0,0.0,793.0,0.0,19.0,9.5,0.0,0.0,,2026-05-08 13:33:50
germ-germinadorap-de5832|LOT-20260506-651F-005|r1_c1|rep0,LOT-20260506-651F-005:B2:R0,germ-germinadorap-de5832,LOT-20260506-651F-005,B2,1,1,0,Hierbabuena,,,,,,,2026-05-08 13:48:45,2026-05-06 20:48:22,41.01,2,cg_1778248123314_1,4102,cam1_20260508_074844.jpg,crops/cam1_20260508_074844_r1_c1.jpg,4104,cam1_20260508_074847.jpg,crops/cam1_20260508_074847_r1_c1.jpg,8131,27.2,,53,45.7,0,0,0,0,0,0.0,0.0,793.0,0.0,19.3,9.6,0.0,0.0,,2026-05-08 13:48:48
germ-germinadorap-de5832|LOT-20260506-651F-005|r1_c1|rep0,LOT-20260506-651F-005:B2:R0,germ-germinadorap-de5832,LOT-20260506-651F-005,B2,1,1,0,Hierbabuena,,,,,,,2026-05-08 14:03:45,2026-05-06 20:48:22,41.26,2,cg_1778249023327_1,4107,cam1_20260508_080344.jpg,crops/cam1_20260508_080344_r1_c1.jpg,4109,cam1_20260508_080349.jpg,crops/cam1_20260508_080349_r1_c1.jpg,8148,27.4,,52,45.8,0,0,0,0,0,0.0,0.0,797.0,0.0,19.5,9.8,0.0,0.0,,2026-05-08 14:03:50
germ-germinadorap-de5832|LOT-20260506-651F-005|r1_c1|rep0,LOT-20260506-651F-005:B2:R0,germ-germinadorap-de5832,LOT-20260506-651F-005,B2,1,1,0,Hierbabuena,,,,,,,2026-05-08 14:18:45,2026-05-06 20:48:22,41.51,2,cg_1778249923336_1,4111,cam1_20260508_081844.jpg,crops/cam1_20260508_081844_r1_c1.jpg,4113,cam1_20260508_081849.jpg,crops/cam1_20260508_081849_r1_c1.jpg,8160,27.7,,49,44.7,0,0,0,0,0,0.0,0.0,811.0,0.0,19.8,9.9,0.0,0.0,,2026-05-08 14:18:50
germ-germinadorap-de5832|LOT-20260506-651F-005|r1_c1|rep0,LOT-20260506-651F-005:B2:R0,germ-germinadorap-de5832,LOT-20260506-651F-005,B2,1,1,0,Hierbabuena,,,,,,,2026-05-08 14:33:45,2026-05-06 20:48:22,41.76,2,cg_1778250823341_1,4115,cam1_20260508_083345.jpg,crops/cam1_20260508_083345_r1_c1.jpg,4117,cam1_20260508_083349.jpg,crops/cam1_20260508_083349_r1_c1.jpg,8172,28,,50,44.6,0,0,0,0,0,0.0,0.0,826.0,0.0,20.0,10.0,0.0,0.0,,2026-05-08 14:33:50
germ-germinadorap-de5832|LOT-20260506-651F-005|r1_c1|rep0,LOT-20260506-651F-005:B2:R0,germ-germinadorap-de5832,LOT-20260506-651F-005,B2,1,1,0,Hierbabuena,,,,,,,2026-05-08 14:48:45,2026-05-06 20:48:22,42.01,2,cg_1778251723351_1,4119,cam1_20260508_084844.jpg,crops/cam1_20260508_084844_r1_c1.jpg,4121,cam1_20260508_084849.jpg,crops/cam1_20260508_084849_r1_c1.jpg,8184,28.5,,49,44.5,0,0,0,0,0,0.0,0.0,841.0,0.0,20.3,10.1,0.0,0.0,,2026-05-08 14:48:50
germ-germinadorap-de5832|LOT-20260506-651F-005|r1_c1|rep0,LOT-20260506-651F-005:B2:R0,germ-germinadorap-de5832,LOT-20260506-651F-005,B2,1,1,0,Hierbabuena,,,,,,,2026-05-08 15:03:45,2026-05-06 20:48:22,42.26,2,cg_1778252623359_1,4123,cam1_20260508_090344.jpg,crops/cam1_20260508_090344_r1_c1.jpg,4125,cam1_20260508_090349.jpg,crops/cam1_20260508_090349_r1_c1.jpg,8196,28.8,,49,44.6,0,0,0,0,0,0.0,0.0,856.0,0.0,20.5,10.3,0.0,0.0,,2026-05-08 15:03:50
germ-germinadorap-de5832|LOT-20260506-651F-005|r1_c1|rep0,LOT-20260506-651F-005:B2:R0,germ-germinadorap-de5832,LOT-20260506-651F-005,B2,1,1,0,Hierbabuena,,,,,,,2026-05-08 15:18:45,2026-05-06 20:48:22,42.51,2,cg_1778253523369_1,4127,cam1_20260508_091845.jpg,crops/cam1_20260508_091845_r1_c1.jpg,4129,cam1_20260508_091849.jpg,crops/cam1_20260508_091849_r1_c1.jpg,8208,28.8,,42,44.3,0,0,0,0,0,0.0,0.0,871.0,0.0,20.8,10.4,0.0,0.0,,2026-05-08 15:18:50
germ-germinadorap-de5832|LOT-20260506-651F-005|r1_c1|rep0,LOT-20260506-651F-005:B2:R0,germ-germinadorap-de5832,LOT-20260506-651F-005,B2,1,1,0,Hierbabuena,,,,,,,2026-05-08 15:33:45,2026-05-06 20:48:22,42.76,2,cg_1778254423376_1,4131,cam1_20260508_093345.jpg,crops/cam1_20260508_093345_r1_c1.jpg,4133,cam1_20260508_093349.jpg,crops/cam1_20260508_093349_r1_c1.jpg,8220,28.7,,42,44.3,0,0,0,0,0,0.0,0.0,886.0,0.0,21.0,10.5,0.0,0.0,,2026-05-08 15:33:50
germ-germinadorap-de5832|LOT-20260506-651F-005|r1_c1|rep0,LOT-20260506-651F-005:B2:R0,germ-germinadorap-de5832,LOT-20260506-651F-005,B2,1,1,0,Hierbabuena,,,,,,,2026-05-08 15:48:45,2026-05-06 20:48:22,43.01,2,cg_1778255323379_1,4135,cam1_20260508_094845.jpg,crops/cam1_20260508_094845_r1_c1.jpg,4137,cam1_20260508_094849.jpg,crops/cam1_20260508_094849_r1_c1.jpg,8232,28.7,,41,43.8,0,0,0,0,0,0.0,0.0,901.0,0.0,21.3,10.6,0.0,0.0,,2026-05-08 15:48:50
germ-germinadorap-de5832|LOT-20260506-651F-005|r1_c1|rep0,LOT-20260506-651F-005:B2:R0,germ-germinadorap-de5832,LOT-20260506-651F-005,B2,1,1,0,Hierbabuena,,,,,,,2026-05-08 16:03:45,2026-05-06 20:48:22,43.26,2,cg_1778256223388_1,4139,cam1_20260508_100345.jpg,crops/cam1_20260508_100345_r1_c1.jpg,4141,cam1_20260508_100349.jpg,crops/cam1_20260508_100349_r1_c1.jpg,8244,28.8,,41,42.9,0,0,0,0,0,0.0,0.0,916.0,0.0,21.5,10.8,0.0,0.0,,2026-05-08 16:03:50
germ-germinadorap-de5832|LOT-20260506-651F-005|r1_c1|rep0,LOT-20260506-651F-005:B2:R0,germ-germinadorap-de5832,LOT-20260506-651F-005,B2,1,1,0,Hierbabuena,,,,,,,2026-05-08 16:18:45,2026-05-06 20:48:22,43.51,2,cg_1778257123396_1,4143,cam1_20260508_101845.jpg,crops/cam1_20260508_101845_r1_c1.jpg,4145,cam1_20260508_101849.jpg,crops/cam1_20260508_101849_r1_c1.jpg,8256,28.9,,42,44.1,0,0,0,0,0,0.0,0.0,931.0,0.0,21.8,10.9,0.0,0.0,,2026-05-08 16:18:50
germ-germinadorap-de5832|LOT-20260506-651F-005|r1_c1|rep0,LOT-20260506-651F-005:B2:R0,germ-germinadorap-de5832,LOT-20260506-651F-005,B2,1,1,0,Hierbabuena,,,,,,,2026-05-08 16:33:45,2026-05-06 20:48:22,43.76,2,cg_1778258023405_1,4147,cam1_20260508_103345.jpg,crops/cam1_20260508_103345_r1_c1.jpg,4149,cam1_20260508_103349.jpg,crops/cam1_20260508_103349_r1_c1.jpg,8268,28.7,,40,43.2,0,0,0,0,0,0.0,0.0,946.0,0.0,22.0,11.0,0.0,0.0,,2026-05-08 16:33:50
germ-germinadorap-de5832|LOT-20260506-651F-005|r1_c1|rep0,LOT-20260506-651F-005:B2:R0,germ-germinadorap-de5832,LOT-20260506-651F-005,B2,1,1,0,Hierbabuena,,,,,,,2026-05-08 16:48:45,2026-05-06 20:48:22,44.01,2,cg_1778258923417_1,4151,cam1_20260508_104845.jpg,crops/cam1_20260508_104845_r1_c1.jpg,4153,cam1_20260508_104849.jpg,crops/cam1_20260508_104849_r1_c1.jpg,8280,28.1,,39,42.5,0,0,0,0,0,0.0,0.0,961.0,0.0,22.3,11.1,0.0,0.0,,2026-05-08 16:48:50
germ-germinadorap-de5832|LOT-20260506-651F-005|r1_c1|rep0,LOT-20260506-651F-005:B2:R0,germ-germinadorap-de5832,LOT-20260506-651F-005,B2,1,1,0,Hierbabuena,,,,,,,2026-05-08 17:03:45,2026-05-06 20:48:22,44.26,2,cg_1778259823421_1,4155,cam1_20260508_110345.jpg,crops/cam1_20260508_110345_r1_c1.jpg,4157,cam1_20260508_110349.jpg,crops/cam1_20260508_110349_r1_c1.jpg,8292,27.8,,38,41.9,0,0,0,0,0,0.0,0.0,975.0,0.0,22.5,11.3,0.0,0.0,,2026-05-08 17:03:50
germ-germinadorap-de5832|LOT-20260506-651F-005|r1_c1|rep0,LOT-20260506-651F-005:B2:R0,germ-germinadorap-de5832,LOT-20260506-651F-005,B2,1,1,0,Hierbabuena,,,,,,,2026-05-08 17:18:45,2026-05-06 20:48:22,44.51,2,cg_1778260723427_1,4159,cam1_20260508_111845.jpg,crops/cam1_20260508_111845_r1_c1.jpg,4161,cam1_20260508_111849.jpg,crops/cam1_20260508_111849_r1_c1.jpg,8304,27.6,,36,41.7,0,0,0,0,0,0.0,0.0,990.0,0.0,22.8,11.4,0.0,0.0,,2026-05-08 17:18:50
germ-germinadorap-de5832|LOT-20260506-651F-005|r1_c1|rep0,LOT-20260506-651F-005:B2:R0,germ-germinadorap-de5832,LOT-20260506-651F-005,B2,1,1,0,Hierbabuena,,,,,,,2026-05-08 17:33:45,2026-05-06 20:48:22,44.76,2,cg_1778261623430_1,4163,cam1_20260508_113345.jpg,crops/cam1_20260508_113345_r1_c1.jpg,4165,cam1_20260508_113350.jpg,crops/cam1_20260508_113350_r1_c1.jpg,8316,27.4,,37,61.6,0,0,0,0,0,0.0,0.0,1005.0,0.0,23.0,11.5,0.0,0.0,,2026-05-08 17:33:52
germ-germinadorap-de5832|LOT-20260506-651F-005|r1_c1|rep0,LOT-20260506-651F-005:B2:R0,germ-germinadorap-de5832,LOT-20260506-651F-005,B2,1,1,0,Hierbabuena,,,,,,,2026-05-08 17:48:45,2026-05-06 20:48:22,45.01,2,cg_1778262523437_1,4166,cam1_20260508_114845.jpg,crops/cam1_20260508_114845_r1_c1.jpg,4168,cam1_20260508_114848.jpg,crops/cam1_20260508_114848_r1_c1.jpg,8323,27.3,,39,52.7,0,0,0,0,0,0.0,0.0,1020.0,0.0,23.3,11.6,0.0,0.0,,2026-05-08 17:48:49
germ-germinadorap-de5832|LOT-20260506-651F-005|r1_c1|rep0,LOT-20260506-651F-005:B2:R0,germ-germinadorap-de5832,LOT-20260506-651F-005,B2,1,1,0,Hierbabuena,,,,,,,2026-05-08 18:03:45,2026-05-06 20:48:22,45.26,2,cg_1778263423448_1,4171,cam1_20260508_120344.jpg,crops/cam1_20260508_120344_r1_c1.jpg,4173,cam1_20260508_120349.jpg,crops/cam1_20260508_120349_r1_c1.jpg,8340,27.4,,39,100,0,0,0,0,0,0.0,0.0,1035.0,0.0,23.5,11.8,0.0,0.0,,2026-05-08 18:03:50
germ-germinadorap-de5832|LOT-20260506-651F-005|r1_c1|rep0,LOT-20260506-651F-005:B2:R0,germ-germinadorap-de5832,LOT-20260506-651F-005,B2,1,1,0,Hierbabuena,,,,,,,2026-05-08 18:18:45,2026-05-06 20:48:22,45.51,2,cg_1778264323453_1,4175,cam1_20260508_121845.jpg,crops/cam1_20260508_121845_r1_c1.jpg,4177,cam1_20260508_121849.jpg,crops/cam1_20260508_121849_r1_c1.jpg,8352,27.2,,39,100,0,0,0,0,0,0.0,0.0,1050.0,0.0,23.8,11.9,0.0,0.0,,2026-05-08 18:18:50
germ-germinadorap-de5832|LOT-20260506-651F-005|r1_c1|rep0,LOT-20260506-651F-005:B2:R0,germ-germinadorap-de5832,LOT-20260506-651F-005,B2,1,1,0,Hierbabuena,,,,,,,2026-05-08 18:34:21,2026-05-06 20:48:22,45.77,2,cg_1778265259130_1,4179,cam1_20260508_123420.jpg,crops/cam1_20260508_123420_r1_c1.jpg,4181,cam1_20260508_123425.jpg,crops/cam1_20260508_123425_r1_c1.jpg,8364,27.3,,37,83.3,0,0,0,0,0,0.0,0.0,1065.0,0.0,24.0,12.0,0.0,0.0,,2026-05-08 18:34:26
germ-germinadorap-de5832|LOT-20260506-651F-005|r1_c1|rep0,LOT-20260506-651F-005:B2:R0,germ-germinadorap-de5832,LOT-20260506-651F-005,B2,1,1,0,Hierbabuena,,,,,,,2026-05-08 18:49:21,2026-05-06 20:48:22,46.02,2,cg_1778266159131_1,4183,cam1_20260508_124920.jpg,crops/cam1_20260508_124920_r1_c1.jpg,4185,cam1_20260508_124925.jpg,crops/cam1_20260508_124925_r1_c1.jpg,8376,27.5,,36,100,0,0,0,0,0,0.0,0.0,1080.0,0.0,24.3,12.1,0.0,0.0,,2026-05-08 18:49:26
germ-germinadorap-de5832|LOT-20260506-651F-005|r1_c1|rep0,LOT-20260506-651F-005:B2:R0,germ-germinadorap-de5832,LOT-20260506-651F-005,B2,1,1,0,Hierbabuena,,,,,,,2026-05-08 19:04:21,2026-05-06 20:48:22,46.27,2,cg_1778267059132_1,4187,cam1_20260508_130420.jpg,crops/cam1_20260508_130420_r1_c1.jpg,4189,cam1_20260508_130425.jpg,crops/cam1_20260508_130425_r1_c1.jpg,8388,27.4,,37,77.8,0,0,0,0,0,0.0,0.0,1095.0,0.0,24.5,12.3,0.0,0.0,,2026-05-08 19:04:26
germ-germinadorap-de5832|LOT-20260506-651F-005|r1_c1|rep0,LOT-20260506-651F-005:B2:R0,germ-germinadorap-de5832,LOT-20260506-651F-005,B2,1,1,0,Hierbabuena,,,,,,,2026-05-08 19:19:21,2026-05-06 20:48:22,46.52,2,cg_1778267959132_1,4191,cam1_20260508_131920.jpg,crops/cam1_20260508_131920_r1_c1.jpg,4193,cam1_20260508_131925.jpg,crops/cam1_20260508_131925_r1_c1.jpg,8400,27.2,,37,100,0,0,0,0,0,0.0,0.0,1110.0,0.0,24.8,12.4,0.0,0.0,,2026-05-08 19:19:26
germ-germinadorap-de5832|LOT-20260506-651F-005|r1_c1|rep0,LOT-20260506-651F-005:B2:R0,germ-germinadorap-de5832,LOT-20260506-651F-005,B2,1,1,0,Hierbabuena,,,,,,,2026-05-08 19:34:21,2026-05-06 20:48:22,46.77,2,cg_1778268859136_1,4195,cam1_20260508_133420.jpg,crops/cam1_20260508_133420_r1_c1.jpg,4197,cam1_20260508_133425.jpg,crops/cam1_20260508_133425_r1_c1.jpg,8412,27.2,,37,72.3,0,0,0,0,0,0.0,0.0,1125.0,0.0,25.0,12.5,0.0,0.0,,2026-05-08 19:34:26
germ-germinadorap-de5832|LOT-20260506-651F-005|r1_c1|rep0,LOT-20260506-651F-005:B2:R0,germ-germinadorap-de5832,LOT-20260506-651F-005,B2,1,1,0,Hierbabuena,,,,,,,2026-05-08 19:49:21,2026-05-06 20:48:22,47.02,2,cg_1778269759136_1,4199,cam1_20260508_134920.jpg,crops/cam1_20260508_134920_r1_c1.jpg,4201,cam1_20260508_134927.jpg,crops/cam1_20260508_134927_r1_c1.jpg,8424,27.3,,37,61.6,0,0,0,0,0,0.0,0.0,1140.0,0.0,25.3,12.6,0.0,0.0,,2026-05-08 19:49:28
germ-germinadorap-de5832|LOT-20260506-651F-005|r1_c1|rep0,LOT-20260506-651F-005:B2:R0,germ-germinadorap-de5832,LOT-20260506-651F-005,B2,1,1,0,Hierbabuena,,,,,,,2026-05-08 20:04:21,2026-05-06 20:48:22,47.27,2,cg_1778270659137_1,4203,cam1_20260508_140420.jpg,crops/cam1_20260508_140420_r1_c1.jpg,4205,cam1_20260508_140425.jpg,crops/cam1_20260508_140425_r1_c1.jpg,8436,27.3,,37,100,0,0,0,0,0,0.0,0.0,1155.0,0.0,25.4,12.7,0.0,0.0,,2026-05-08 20:04:26
germ-germinadorap-de5832|LOT-20260506-651F-005|r1_c1|rep0,LOT-20260506-651F-005:B2:R0,germ-germinadorap-de5832,LOT-20260506-651F-005,B2,1,1,0,Hierbabuena,,,,,,,2026-05-08 20:19:21,2026-05-06 20:48:22,47.52,2,cg_1778271559139_1,4207,cam1_20260508_141920.jpg,crops/cam1_20260508_141920_r1_c1.jpg,4209,cam1_20260508_141925.jpg,crops/cam1_20260508_141925_r1_c1.jpg,8448,27.2,,38,100,0,0,0,0,0,0.0,0.0,1170.0,0.0,25.4,12.7,0.0,0.0,,2026-05-08 20:19:26
germ-germinadorap-de5832|LOT-20260506-651F-005|r1_c1|rep0,LOT-20260506-651F-005:B2:R0,germ-germinadorap-de5832,LOT-20260506-651F-005,B2,1,1,0,Hierbabuena,,,,,,,2026-05-08 20:34:21,2026-05-06 20:48:22,47.77,2,cg_1778272459141_1,4211,cam1_20260508_143420.jpg,crops/cam1_20260508_143420_r1_c1.jpg,4213,cam1_20260508_143424.jpg,crops/cam1_20260508_143424_r1_c1.jpg,8460,27.2,,39,100,0,0,0,0,0,0.0,0.0,1185.0,0.0,25.4,12.7,0.0,0.0,,2026-05-08 20:34:25
germ-germinadorap-de5832|LOT-20260506-651F-005|r1_c1|rep0,LOT-20260506-651F-005:B2:R0,germ-germinadorap-de5832,LOT-20260506-651F-005,B2,1,1,0,Hierbabuena,,,,,,,2026-05-08 20:49:21,2026-05-06 20:48:22,48.02,3,cg_1778273359148_1,4215,cam1_20260508_144920.jpg,crops/cam1_20260508_144920_r1_c1.jpg,4217,cam1_20260508_144925.jpg,crops/cam1_20260508_144925_r1_c1.jpg,8472,27.2,,37,100,0,0,0,0,0,0.0,0.0,1200.0,0.0,25.4,8.5,0.0,0.0,,2026-05-08 20:49:26
germ-germinadorap-de5832|LOT-20260506-651F-005|r1_c1|rep0,LOT-20260506-651F-005:B2:R0,germ-germinadorap-de5832,LOT-20260506-651F-005,B2,1,1,0,Hierbabuena,,,,,,,2026-05-08 21:04:21,2026-05-06 20:48:22,48.27,3,cg_1778274259154_1,4219,cam1_20260508_150420.jpg,crops/cam1_20260508_150420_r1_c1.jpg,4221,cam1_20260508_150425.jpg,crops/cam1_20260508_150425_r1_c1.jpg,8484,27.3,,39,100,0,0,0,0,0,0.0,0.0,1215.0,0.0,25.4,8.5,0.0,0.0,,2026-05-08 21:04:26
germ-germinadorap-de5832|LOT-20260506-651F-005|r1_c1|rep0,LOT-20260506-651F-005:B2:R0,germ-germinadorap-de5832,LOT-20260506-651F-005,B2,1,1,0,Hierbabuena,,,,,,,2026-05-08 21:19:21,2026-05-06 20:48:22,48.52,3,cg_1778275159162_1,4222,cam1_20260508_151920.jpg,crops/cam1_20260508_151920_r1_c1.jpg,4224,cam1_20260508_151923.jpg,crops/cam1_20260508_151923_r1_c1.jpg,8491,27.2,,38,94.4,0,0,0,0,0,0.0,0.0,1230.0,0.0,25.4,8.5,0.0,0.0,,2026-05-08 21:19:24
germ-germinadorap-de5832|LOT-20260506-651F-005|r1_c1|rep0,LOT-20260506-651F-005:B2:R0,germ-germinadorap-de5832,LOT-20260506-651F-005,B2,1,1,0,Hierbabuena,,,,,,,2026-05-08 21:34:21,2026-05-06 20:48:22,48.77,3,cg_1778276059168_1,4227,cam1_20260508_153420.jpg,crops/cam1_20260508_153420_r1_c1.jpg,4229,cam1_20260508_153425.jpg,crops/cam1_20260508_153425_r1_c1.jpg,8508,27.1,,40,100,0,0,0,0,0,0.0,0.0,1245.0,0.0,25.4,8.5,0.0,0.0,,2026-05-08 21:34:26
germ-germinadorap-de5832|LOT-20260506-651F-005|r1_c1|rep0,LOT-20260506-651F-005:B2:R0,germ-germinadorap-de5832,LOT-20260506-651F-005,B2,1,1,0,Hierbabuena,,,,,,,2026-05-08 21:49:21,2026-05-06 20:48:22,49.02,3,cg_1778276959182_1,4231,cam1_20260508_154920.jpg,crops/cam1_20260508_154920_r1_c1.jpg,4233,cam1_20260508_154925.jpg,crops/cam1_20260508_154925_r1_c1.jpg,8520,27.2,,41,100,0,0,0,0,0,0.0,0.0,1259.0,0.0,25.4,8.5,0.0,0.0,,2026-05-08 21:49:26
germ-germinadorap-de5832|LOT-20260506-651F-005|r1_c1|rep0,LOT-20260506-651F-005:B2:R0,germ-germinadorap-de5832,LOT-20260506-651F-005,B2,1,1,0,Hierbabuena,,,,,,,2026-05-08 22:04:21,2026-05-06 20:48:22,49.27,3,cg_1778277859186_1,4235,cam1_20260508_160420.jpg,crops/cam1_20260508_160420_r1_c1.jpg,4237,cam1_20260508_160425.jpg,crops/cam1_20260508_160425_r1_c1.jpg,8532,27.1,,39,100,0,0,0,0,0,0.0,0.0,1274.0,0.0,25.4,8.5,0.0,0.0,,2026-05-08 22:04:26
germ-germinadorap-de5832|LOT-20260506-651F-005|r1_c1|rep0,LOT-20260506-651F-005:B2:R0,germ-germinadorap-de5832,LOT-20260506-651F-005,B2,1,1,0,Hierbabuena,,,,,,,2026-05-08 22:19:21,2026-05-06 20:48:22,49.52,3,cg_1778278759196_1,4239,cam1_20260508_161920.jpg,crops/cam1_20260508_161920_r1_c1.jpg,4241,cam1_20260508_161925.jpg,crops/cam1_20260508_161925_r1_c1.jpg,8544,27.2,,38,95.4,0,0,0,0,0,0.0,0.0,1289.0,0.0,25.4,8.5,0.0,0.0,,2026-05-08 22:19:26
germ-germinadorap-de5832|LOT-20260506-651F-005|r1_c1|rep0,LOT-20260506-651F-005:B2:R0,germ-germinadorap-de5832,LOT-20260506-651F-005,B2,1,1,0,Hierbabuena,,,,,,,2026-05-08 22:34:21,2026-05-06 20:48:22,49.77,3,cg_1778279659199_1,4243,cam1_20260508_163420.jpg,crops/cam1_20260508_163420_r1_c1.jpg,4245,cam1_20260508_163425.jpg,crops/cam1_20260508_163425_r1_c1.jpg,8556,27.7,,40,100,0,0,0,0,0,0.0,0.0,1304.0,0.0,25.4,8.5,0.0,0.0,,2026-05-08 22:34:26
germ-germinadorap-de5832|LOT-20260506-651F-005|r1_c1|rep0,LOT-20260506-651F-005:B2:R0,germ-germinadorap-de5832,LOT-20260506-651F-005,B2,1,1,0,Hierbabuena,,,,,,,2026-05-08 22:49:21,2026-05-06 20:48:22,50.02,3,cg_1778280559206_1,4247,cam1_20260508_164920.jpg,crops/cam1_20260508_164920_r1_c1.jpg,4249,cam1_20260508_164925.jpg,crops/cam1_20260508_164925_r1_c1.jpg,8568,28.1,,40,100,0,0,0,0,0,0.0,0.0,1319.0,0.0,25.4,8.5,0.0,0.0,,2026-05-08 22:49:26
germ-germinadorap-de5832|LOT-20260506-651F-005|r1_c1|rep0,LOT-20260506-651F-005:B2:R0,germ-germinadorap-de5832,LOT-20260506-651F-005,B2,1,1,0,Hierbabuena,,,,,,,2026-05-08 23:04:21,2026-05-06 20:48:22,50.27,3,cg_1778281459210_1,4251,cam1_20260508_170420.jpg,crops/cam1_20260508_170420_r1_c1.jpg,4253,cam1_20260508_170425.jpg,crops/cam1_20260508_170425_r1_c1.jpg,8580,28.4,,41,100,0,0,0,0,0,0.0,0.0,1334.0,0.0,25.4,8.5,0.0,0.0,,2026-05-08 23:04:26
germ-germinadorap-de5832|LOT-20260506-651F-005|r1_c1|rep0,LOT-20260506-651F-005:B2:R0,germ-germinadorap-de5832,LOT-20260506-651F-005,B2,1,1,0,Hierbabuena,,,,,,,2026-05-08 23:19:21,2026-05-06 20:48:22,50.52,3,cg_1778282359219_1,4255,cam1_20260508_171920.jpg,crops/cam1_20260508_171920_r1_c1.jpg,4257,cam1_20260508_171925.jpg,crops/cam1_20260508_171925_r1_c1.jpg,8592,28.5,,39,100,0,0,0,0,0,0.0,0.0,1349.0,0.0,25.4,8.5,0.0,0.0,,2026-05-08 23:19:26
germ-germinadorap-de5832|LOT-20260506-651F-005|r1_c1|rep0,LOT-20260506-651F-005:B2:R0,germ-germinadorap-de5832,LOT-20260506-651F-005,B2,1,1,0,Hierbabuena,,,,,,,2026-05-08 23:34:21,2026-05-06 20:48:22,50.77,3,cg_1778283259223_1,4259,cam1_20260508_173420.jpg,crops/cam1_20260508_173420_r1_c1.jpg,4261,cam1_20260508_173425.jpg,crops/cam1_20260508_173425_r1_c1.jpg,8604,28.7,,39,100,0,0,0,0,0,0.0,0.0,1364.0,0.0,25.5,8.5,0.0,0.0,,2026-05-08 23:34:26
germ-germinadorap-de5832|LOT-20260506-651F-005|r1_c1|rep0,LOT-20260506-651F-005:B2:R0,germ-germinadorap-de5832,LOT-20260506-651F-005,B2,1,1,0,Hierbabuena,,,,,,,2026-05-08 23:49:21,2026-05-06 20:48:22,51.02,3,cg_1778284159234_1,4263,cam1_20260508_174920.jpg,crops/cam1_20260508_174920_r1_c1.jpg,4265,cam1_20260508_174925.jpg,crops/cam1_20260508_174925_r1_c1.jpg,8616,28.7,,39,100,0,0,0,0,0,0.0,0.0,1379.0,0.0,25.5,8.5,0.0,0.0,,2026-05-08 23:49:26
germ-germinadorap-de5832|LOT-20260506-651F-005|r1_c1|rep0,LOT-20260506-651F-005:B2:R0,germ-germinadorap-de5832,LOT-20260506-651F-005,B2,1,1,0,Hierbabuena,,,,,,,2026-05-09 00:04:21,2026-05-06 20:48:22,51.27,3,cg_1778285059243_1,4267,cam1_20260508_180420.jpg,crops/cam1_20260508_180420_r1_c1.jpg,4269,cam1_20260508_180425.jpg,crops/cam1_20260508_180425_r1_c1.jpg,8628,28.7,,41,100,0,0,0,1,0,15.0,0.0,1394.0,0.0,25.5,8.5,0.0,0.0,,2026-05-09 00:04:26
germ-germinadorap-de5832|LOT-20260506-651F-005|r1_c1|rep0,LOT-20260506-651F-005:B2:R0,germ-germinadorap-de5832,LOT-20260506-651F-005,B2,1,1,0,Hierbabuena,,,,,,,2026-05-09 00:19:21,2026-05-06 20:48:22,51.52,3,cg_1778285959256_1,4271,cam1_20260508_181920.jpg,crops/cam1_20260508_181920_r1_c1.jpg,4273,cam1_20260508_181925.jpg,crops/cam1_20260508_181925_r1_c1.jpg,8640,28.6,,40,100,0,0,0,0,0,0.0,0.0,1409.0,0.0,25.5,8.5,0.0,0.0,,2026-05-09 00:19:26
germ-germinadorap-de5832|LOT-20260506-651F-005|r1_c1|rep0,LOT-20260506-651F-005:B2:R0,germ-germinadorap-de5832,LOT-20260506-651F-005,B2,1,1,0,Hierbabuena,,,,,,,2026-05-09 00:34:21,2026-05-06 20:48:22,51.77,3,cg_1778286859261_1,4275,cam1_20260508_183420.jpg,crops/cam1_20260508_183420_r1_c1.jpg,4277,cam1_20260508_183425.jpg,crops/cam1_20260508_183425_r1_c1.jpg,8652,28,,40,98.1,0,0,0,0,0,0.0,0.0,1424.0,0.0,25.5,8.5,0.0,0.0,,2026-05-09 00:34:26
germ-germinadorap-de5832|LOT-20260506-651F-005|r1_c1|rep0,LOT-20260506-651F-005:B2:R0,germ-germinadorap-de5832,LOT-20260506-651F-005,B2,1,1,0,Hierbabuena,,,,,,,2026-05-09 00:49:21,2026-05-06 20:48:22,52.02,3,cg_1778287759266_1,4279,cam1_20260508_184920.jpg,crops/cam1_20260508_184920_r1_c1.jpg,4281,cam1_20260508_184925.jpg,crops/cam1_20260508_184925_r1_c1.jpg,8664,27.5,,38,93.5,0,0,0,0,0,0.0,0.0,1439.0,0.0,25.5,8.5,0.0,0.0,,2026-05-09 00:49:26
germ-germinadorap-de5832|LOT-20260506-651F-005|r1_c1|rep0,LOT-20260506-651F-005:B2:R0,germ-germinadorap-de5832,LOT-20260506-651F-005,B2,1,1,0,Hierbabuena,,,,,,,2026-05-09 01:04:21,2026-05-06 20:48:22,52.27,3,cg_1778288659271_1,4283,cam1_20260508_190420.jpg,crops/cam1_20260508_190420_r1_c1.jpg,4285,cam1_20260508_190425.jpg,crops/cam1_20260508_190425_r1_c1.jpg,8676,27.7,,42,97.2,0,0,0,0,0,0.0,0.0,1453.0,0.0,25.5,8.5,0.0,0.0,,2026-05-09 01:04:26
germ-germinadorap-de5832|LOT-20260506-651F-005|r1_c1|rep0,LOT-20260506-651F-005:B2:R0,germ-germinadorap-de5832,LOT-20260506-651F-005,B2,1,1,0,Hierbabuena,,,,,,,2026-05-09 01:19:21,2026-05-06 20:48:22,52.52,3,cg_1778289559274_1,4287,cam1_20260508_191920.jpg,crops/cam1_20260508_191920_r1_c1.jpg,4289,cam1_20260508_191925.jpg,crops/cam1_20260508_191925_r1_c1.jpg,8688,28.2,,42,100,0,0,0,0,0,0.0,0.0,1468.0,0.0,25.5,8.5,0.0,0.0,,2026-05-09 01:19:26
germ-germinadorap-de5832|LOT-20260506-651F-005|r1_c1|rep0,LOT-20260506-651F-005:B2:R0,germ-germinadorap-de5832,LOT-20260506-651F-005,B2,1,1,0,Hierbabuena,,,,,,,2026-05-09 01:34:21,2026-05-06 20:48:22,52.77,3,cg_1778290459279_1,4291,cam1_20260508_193420.jpg,crops/cam1_20260508_193420_r1_c1.jpg,4293,cam1_20260508_193425.jpg,crops/cam1_20260508_193425_r1_c1.jpg,8700,28.4,,41,98.1,0,0,0,0,0,0.0,0.0,1483.0,0.0,25.5,8.5,0.0,0.0,,2026-05-09 01:34:26
germ-germinadorap-de5832|LOT-20260506-651F-005|r1_c1|rep0,LOT-20260506-651F-005:B2:R0,germ-germinadorap-de5832,LOT-20260506-651F-005,B2,1,1,0,Hierbabuena,,,,,,,2026-05-09 01:49:21,2026-05-06 20:48:22,53.02,3,cg_1778291359288_1,4295,cam1_20260508_194920.jpg,crops/cam1_20260508_194920_r1_c1.jpg,4297,cam1_20260508_194925.jpg,crops/cam1_20260508_194925_r1_c1.jpg,8712,28.5,,43,93.5,0,0,0,0,0,0.0,0.0,1498.0,0.0,25.5,8.5,0.0,0.0,,2026-05-09 01:49:26
germ-germinadorap-de5832|LOT-20260506-651F-005|r1_c1|rep0,LOT-20260506-651F-005:B2:R0,germ-germinadorap-de5832,LOT-20260506-651F-005,B2,1,1,0,Hierbabuena,,,,,,,2026-05-09 02:04:21,2026-05-06 20:48:22,53.27,3,cg_1778292259300_1,4299,cam1_20260508_200420.jpg,crops/cam1_20260508_200420_r1_c1.jpg,4301,cam1_20260508_200425.jpg,crops/cam1_20260508_200425_r1_c1.jpg,8724,28.5,,41,95.4,0,0,0,0,0,0.0,0.0,1509.0,0.0,25.5,8.5,0.0,0.0,,2026-05-09 02:04:26
germ-germinadorap-de5832|LOT-20260506-651F-005|r1_c1|rep0,LOT-20260506-651F-005:B2:R0,germ-germinadorap-de5832,LOT-20260506-651F-005,B2,1,1,0,Hierbabuena,,,,,,,2026-05-09 02:19:21,2026-05-06 20:48:22,53.52,3,cg_1778293159306_1,4303,cam1_20260508_201920.jpg,crops/cam1_20260508_201920_r1_c1.jpg,4305,cam1_20260508_201925.jpg,crops/cam1_20260508_201925_r1_c1.jpg,8736,28.1,,41,91.7,0,0,0,0,0,0.0,0.0,1509.0,0.0,25.5,8.5,0.0,0.0,,2026-05-09 02:19:26
germ-germinadorap-de5832|LOT-20260506-651F-005|r1_c1|rep0,LOT-20260506-651F-005:B2:R0,germ-germinadorap-de5832,LOT-20260506-651F-005,B2,1,1,0,Hierbabuena,,,,,,,2026-05-09 02:34:21,2026-05-06 20:48:22,53.77,3,cg_1778294059318_1,4307,cam1_20260508_203420.jpg,crops/cam1_20260508_203420_r1_c1.jpg,4309,cam1_20260508_203425.jpg,crops/cam1_20260508_203425_r1_c1.jpg,8748,28,,43,90.7,0,0,0,0,0,0.0,0.0,1509.0,0.0,25.5,8.5,0.0,0.0,,2026-05-09 02:34:26
germ-germinadorap-de5832|LOT-20260506-651F-005|r1_c1|rep0,LOT-20260506-651F-005:B2:R0,germ-germinadorap-de5832,LOT-20260506-651F-005,B2,1,1,0,Hierbabuena,,,,,,,2026-05-09 02:49:21,2026-05-06 20:48:22,54.02,3,cg_1778294959324_1,4310,cam1_20260508_204920.jpg,crops/cam1_20260508_204920_r1_c1.jpg,4312,cam1_20260508_204923.jpg,crops/cam1_20260508_204923_r1_c1.jpg,8755,27.8,,42,74.1,0,0,0,0,0,0.0,0.0,1509.0,0.0,25.5,8.5,0.0,0.0,,2026-05-09 02:49:24
germ-germinadorap-de5832|LOT-20260506-651F-005|r1_c1|rep0,LOT-20260506-651F-005:B2:R0,germ-germinadorap-de5832,LOT-20260506-651F-005,B2,1,1,0,Hierbabuena,,,,,,,2026-05-09 03:04:21,2026-05-06 20:48:22,54.27,3,cg_1778295859332_1,4314,cam1_20260508_210420.jpg,crops/cam1_20260508_210420_r1_c1.jpg,4316,cam1_20260508_210423.jpg,crops/cam1_20260508_210423_r1_c1.jpg,8767,27.8,,45,69.6,0,0,0,0,0,0.0,0.0,1509.0,0.0,25.5,8.5,0.0,0.0,,2026-05-09 03:04:24
germ-germinadorap-de5832|LOT-20260506-651F-005|r1_c1|rep0,LOT-20260506-651F-005:B2:R0,germ-germinadorap-de5832,LOT-20260506-651F-005,B2,1,1,0,Hierbabuena,,,,,,,2026-05-09 03:19:21,2026-05-06 20:48:22,54.52,3,cg_1778296759338_1,4318,cam1_20260508_211920.jpg,crops/cam1_20260508_211920_r1_c1.jpg,4320,cam1_20260508_211923.jpg,crops/cam1_20260508_211923_r1_c1.jpg,8779,27.8,,43,74.1,0,0,0,0,0,0.0,0.0,1509.0,0.0,25.5,8.5,0.0,0.0,,2026-05-09 03:19:24
germ-germinadorap-de5832|LOT-20260506-651F-005|r1_c1|rep0,LOT-20260506-651F-005:B2:R0,germ-germinadorap-de5832,LOT-20260506-651F-005,B2,1,1,0,Hierbabuena,,,,,,,2026-05-09 03:34:22,2026-05-06 20:48:22,54.77,3,cg_1778297659342_1,4323,cam1_20260508_213422.jpg,crops/cam1_20260508_213422_r1_c1.jpg,4325,cam1_20260508_213425.jpg,crops/cam1_20260508_213425_r1_c1.jpg,8796,27.7,,43,49.5,0,0,0,0,0,0.0,0.0,1509.0,0.0,25.5,8.5,0.0,0.0,,2026-05-09 03:34:26
germ-germinadorap-de5832|LOT-20260506-651F-005|r1_c1|rep0,LOT-20260506-651F-005:B2:R0,germ-germinadorap-de5832,LOT-20260506-651F-005,B2,1,1,0,Hierbabuena,,,,,,,2026-05-09 03:49:21,2026-05-06 20:48:22,55.02,3,cg_1778298559346_1,4326,cam1_20260508_214920.jpg,crops/cam1_20260508_214920_r1_c1.jpg,4328,cam1_20260508_214923.jpg,crops/cam1_20260508_214923_r1_c1.jpg,8803,27.7,,43,68.8,0,0,0,0,0,0.0,0.0,1509.0,0.0,25.5,8.5,0.0,0.0,,2026-05-09 03:49:24
germ-germinadorap-de5832|LOT-20260506-651F-005|r1_c1|rep0,LOT-20260506-651F-005:B2:R0,germ-germinadorap-de5832,LOT-20260506-651F-005,B2,1,1,0,Hierbabuena,,,,,,,2026-05-09 04:04:21,2026-05-06 20:48:22,55.27,3,cg_1778299459353_1,4331,cam1_20260508_220420.jpg,crops/cam1_20260508_220420_r1_c1.jpg,4333,cam1_20260508_220425.jpg,crops/cam1_20260508_220425_r1_c1.jpg,8820,27.8,,43,77.8,0,0,0,0,0,0.0,0.0,1510.0,0.0,25.5,8.5,0.0,0.0,,2026-05-09 04:04:26
germ-germinadorap-de5832|LOT-20260506-651F-005|r1_c1|rep0,LOT-20260506-651F-005:B2:R0,germ-germinadorap-de5832,LOT-20260506-651F-005,B2,1,1,0,Hierbabuena,,,,,,,2026-05-09 04:19:21,2026-05-06 20:48:22,55.52,3,cg_1778300359359_1,4335,cam1_20260508_221920.jpg,crops/cam1_20260508_221920_r1_c1.jpg,4337,cam1_20260508_221925.jpg,crops/cam1_20260508_221925_r1_c1.jpg,8832,27.9,,48,78.7,0,0,0,0,0,0.0,0.0,1510.0,0.0,25.5,8.5,0.0,0.0,,2026-05-09 04:19:26
germ-germinadorap-de5832|LOT-20260506-651F-005|r1_c1|rep0,LOT-20260506-651F-005:B2:R0,germ-germinadorap-de5832,LOT-20260506-651F-005,B2,1,1,0,Hierbabuena,,,,,,,2026-05-09 04:34:21,2026-05-06 20:48:22,55.77,3,cg_1778301259368_1,4338,cam1_20260508_223420.jpg,crops/cam1_20260508_223420_r1_c1.jpg,4340,cam1_20260508_223423.jpg,crops/cam1_20260508_223423_r1_c1.jpg,8839,27.9,,55,66.1,0,0,0,0,0,0.0,0.0,1510.0,0.0,25.5,8.5,0.0,0.0,,2026-05-09 04:34:24
germ-germinadorap-de5832|LOT-20260506-651F-005|r1_c1|rep0,LOT-20260506-651F-005:B2:R0,germ-germinadorap-de5832,LOT-20260506-651F-005,B2,1,1,0,Hierbabuena,,,,,,,2026-05-09 04:49:21,2026-05-06 20:48:22,56.02,3,cg_1778302159375_1,4342,cam1_20260508_224920.jpg,crops/cam1_20260508_224920_r1_c1.jpg,4344,cam1_20260508_224923.jpg,crops/cam1_20260508_224923_r1_c1.jpg,8851,27.8,,52,61.6,0,0,0,0,0,0.0,0.0,1510.0,0.0,25.5,8.5,0.0,0.0,,2026-05-09 04:49:24
germ-germinadorap-de5832|LOT-20260506-651F-005|r1_c1|rep0,LOT-20260506-651F-005:B2:R0,germ-germinadorap-de5832,LOT-20260506-651F-005,B2,1,1,0,Hierbabuena,,,,,,,2026-05-09 05:04:21,2026-05-06 20:48:22,56.27,3,cg_1778303059421_1,4346,cam1_20260508_230420.jpg,crops/cam1_20260508_230420_r1_c1.jpg,4348,cam1_20260508_230423.jpg,crops/cam1_20260508_230423_r1_c1.jpg,8863,27.8,,48,67,0,0,0,0,0,0.0,0.0,1510.0,0.0,25.5,8.5,0.0,0.0,,2026-05-09 05:04:24
germ-germinadorap-de5832|LOT-20260506-651F-005|r1_c1|rep0,LOT-20260506-651F-005:B2:R0,germ-germinadorap-de5832,LOT-20260506-651F-005,B2,1,1,0,Hierbabuena,,,,,,,2026-05-09 05:19:21,2026-05-06 20:48:22,56.52,3,cg_1778303959393_1,4350,cam1_20260508_231920.jpg,crops/cam1_20260508_231920_r1_c1.jpg,4352,cam1_20260508_231923.jpg,crops/cam1_20260508_231923_r1_c1.jpg,8875,27.8,,54,66.1,0,0,0,0,0,0.0,0.0,1510.0,0.0,25.5,8.5,0.0,0.0,,2026-05-09 05:19:24
germ-germinadorap-de5832|LOT-20260506-651F-005|r1_c1|rep0,LOT-20260506-651F-005:B2:R0,germ-germinadorap-de5832,LOT-20260506-651F-005,B2,1,1,0,Hierbabuena,,,,,,,2026-05-09 05:34:21,2026-05-06 20:48:22,56.77,3,cg_1778304859400_1,4355,cam1_20260508_233421.jpg,crops/cam1_20260508_233421_r1_c1.jpg,4357,cam1_20260508_233425.jpg,crops/cam1_20260508_233425_r1_c1.jpg,8892,27.7,,46,72.3,0,0,0,0,0,0.0,0.0,1510.0,0.0,25.5,8.5,0.0,0.0,,2026-05-09 05:34:26
germ-germinadorap-de5832|LOT-20260506-651F-005|r1_c1|rep0,LOT-20260506-651F-005:B2:R0,germ-germinadorap-de5832,LOT-20260506-651F-005,B2,1,1,0,Hierbabuena,,,,,,,2026-05-09 05:49:21,2026-05-06 20:48:22,57.02,3,cg_1778305759403_1,4358,cam1_20260508_234920.jpg,crops/cam1_20260508_234920_r1_c1.jpg,4360,cam1_20260508_234923.jpg,crops/cam1_20260508_234923_r1_c1.jpg,8899,26.9,,43,49.7,0,0,0,0,0,0.0,0.0,1511.0,0.0,25.5,8.5,0.0,0.0,,2026-05-09 05:49:24
germ-germinadorap-de5832|LOT-20260506-651F-005|r1_c1|rep0,LOT-20260506-651F-005:B2:R0,germ-germinadorap-de5832,LOT-20260506-651F-005,B2,1,1,0,Hierbabuena,,,,,,,2026-05-09 06:04:22,2026-05-06 20:48:22,57.27,3,cg_1778306659405_1,4363,cam1_20260509_000422.jpg,crops/cam1_20260509_000422_r1_c1.jpg,4365,cam1_20260509_000425.jpg,crops/cam1_20260509_000425_r1_c1.jpg,8916,26.7,,43,49.5,0,0,0,0,0,0.0,0.0,1511.0,0.0,25.5,8.5,0.0,0.0,,2026-05-09 06:04:26
germ-germinadorap-de5832|LOT-20260506-651F-005|r1_c1|rep0,LOT-20260506-651F-005:B2:R0,germ-germinadorap-de5832,LOT-20260506-651F-005,B2,1,1,0,Hierbabuena,,,,,,,2026-05-09 06:19:21,2026-05-06 20:48:22,57.52,3,cg_1778307559419_1,4367,cam1_20260509_001921.jpg,crops/cam1_20260509_001921_r1_c1.jpg,4369,cam1_20260509_001925.jpg,crops/cam1_20260509_001925_r1_c1.jpg,8928,26.6,,43,49.6,0,0,0,0,0,0.0,0.0,1511.0,0.0,25.5,8.5,0.0,0.0,,2026-05-09 06:19:26
germ-germinadorap-de5832|LOT-20260506-651F-005|r1_c1|rep0,LOT-20260506-651F-005:B2:R0,germ-germinadorap-de5832,LOT-20260506-651F-005,B2,1,1,0,Hierbabuena,,,,,,,2026-05-09 06:34:21,2026-05-06 20:48:22,57.77,3,cg_1778308459425_1,4371,cam1_20260509_003421.jpg,crops/cam1_20260509_003421_r1_c1.jpg,4373,cam1_20260509_003425.jpg,crops/cam1_20260509_003425_r1_c1.jpg,8940,26.5,,44,48.9,0,0,0,0,0,0.0,0.0,1511.0,0.0,25.5,8.5,0.0,0.0,,2026-05-09 06:34:27
germ-germinadorap-de5832|LOT-20260506-651F-005|r1_c1|rep0,LOT-20260506-651F-005:B2:R0,germ-germinadorap-de5832,LOT-20260506-651F-005,B2,1,1,0,Hierbabuena,,,,,,,2026-05-09 06:49:21,2026-05-06 20:48:22,58.02,3,cg_1778309359435_1,4374,cam1_20260509_004920.jpg,crops/cam1_20260509_004920_r1_c1.jpg,4376,cam1_20260509_004923.jpg,crops/cam1_20260509_004923_r1_c1.jpg,8947,26.1,,47,48.4,0,0,0,0,0,0.0,0.0,1511.0,0.0,25.5,8.5,0.0,0.0,,2026-05-09 06:49:24
germ-germinadorap-de5832|LOT-20260506-651F-005|r1_c1|rep0,LOT-20260506-651F-005:B2:R0,germ-germinadorap-de5832,LOT-20260506-651F-005,B2,1,1,0,Hierbabuena,,,,,,,2026-05-09 07:04:37,2026-05-06 20:48:22,58.27,3,cg_1778310275247_1,4378,cam1_20260509_010436.jpg,crops/cam1_20260509_010436_r1_c1.jpg,4380,cam1_20260509_010439.jpg,crops/cam1_20260509_010439_r1_c1.jpg,8959,26.8,,47,46.4,0,0,0,0,0,0.0,0.0,1511.0,0.0,25.5,8.5,0.0,0.0,,2026-05-09 07:04:40
germ-germinadorap-de5832|LOT-20260506-651F-005|r1_c1|rep0,LOT-20260506-651F-005:B2:R0,germ-germinadorap-de5832,LOT-20260506-651F-005,B2,1,1,0,Hierbabuena,,,,,,,2026-05-09 07:19:37,2026-05-06 20:48:22,58.52,3,cg_1778311175533_1,4382,cam1_20260509_011937.jpg,crops/cam1_20260509_011937_r1_c1.jpg,4384,cam1_20260509_011939.jpg,crops/cam1_20260509_011939_r1_c1.jpg,8971,27.3,,52,48.8,0,0,0,0,0,0.0,0.0,1511.0,0.0,25.5,8.5,0.0,0.0,,2026-05-09 07:19:40
germ-germinadorap-de5832|LOT-20260506-651F-005|r1_c1|rep0,LOT-20260506-651F-005:B2:R0,germ-germinadorap-de5832,LOT-20260506-651F-005,B2,1,1,0,Hierbabuena,,,,,,,2026-05-09 07:34:42,2026-05-06 20:48:22,58.77,3,cg_1778312079971_1,4386,cam1_20260509_013441.jpg,crops/cam1_20260509_013441_r1_c1.jpg,4388,cam1_20260509_013444.jpg,crops/cam1_20260509_013444_r1_c1.jpg,8983,27.3,,53,49,0,0,0,0,0,0.0,0.0,1511.0,0.0,25.5,8.5,0.0,0.0,,2026-05-09 07:34:45
germ-germinadorap-de5832|LOT-20260506-651F-005|r1_c1|rep0,LOT-20260506-651F-005:B2:R0,germ-germinadorap-de5832,LOT-20260506-651F-005,B2,1,1,0,Hierbabuena,,,,,,,2026-05-09 07:50:26,2026-05-06 20:48:22,59.03,3,cg_1778313024396_1,4390,cam1_20260509_015025.jpg,crops/cam1_20260509_015025_r1_c1.jpg,4392,cam1_20260509_015028.jpg,crops/cam1_20260509_015028_r1_c1.jpg,8995,27.3,,56,48.4,0,0,0,0,0,0.0,0.0,1513.0,0.0,25.5,8.5,0.0,0.0,,2026-05-09 07:50:30
germ-germinadorap-de5832|LOT-20260506-651F-005|r1_c1|rep0,LOT-20260506-651F-005:B2:R0,germ-germinadorap-de5832,LOT-20260506-651F-005,B2,1,1,0,Hierbabuena,,,,,,,2026-05-09 08:05:26,2026-05-06 20:48:22,59.28,3,cg_1778313924396_1,4394,cam1_20260509_020526.jpg,crops/cam1_20260509_020526_r1_c1.jpg,4396,cam1_20260509_020528.jpg,crops/cam1_20260509_020528_r1_c1.jpg,9007,27.5,,57,48.9,0,0,0,0,0,0.0,0.0,1513.0,0.0,25.6,8.5,0.0,0.0,,2026-05-09 08:05:29
germ-germinadorap-de5832|LOT-20260506-651F-005|r1_c1|rep0,LOT-20260506-651F-005:B2:R0,germ-germinadorap-de5832,LOT-20260506-651F-005,B2,1,1,0,Hierbabuena,,,,,,,2026-05-09 08:20:26,2026-05-06 20:48:22,59.53,3,cg_1778314824395_1,4399,cam1_20260509_022026.jpg,crops/cam1_20260509_022026_r1_c1.jpg,4401,cam1_20260509_022030.jpg,crops/cam1_20260509_022030_r1_c1.jpg,9024,27.4,,56,49.8,0,0,0,0,0,0.0,0.0,1513.0,0.0,25.9,8.6,0.0,0.0,,2026-05-09 08:20:31
germ-germinadorap-de5832|LOT-20260506-651F-005|r1_c1|rep0,LOT-20260506-651F-005:B2:R0,germ-germinadorap-de5832,LOT-20260506-651F-005,B2,1,1,0,Hierbabuena,,,,,,,2026-05-09 08:35:26,2026-05-06 20:48:22,59.78,3,cg_1778315724396_1,4403,cam1_20260509_023526.jpg,crops/cam1_20260509_023526_r1_c1.jpg,4405,cam1_20260509_023530.jpg,crops/cam1_20260509_023530_r1_c1.jpg,9036,27.5,,56,49,0,0,0,0,0,0.0,0.0,1513.0,0.0,26.1,8.7,0.0,0.0,,2026-05-09 08:35:31
germ-germinadorap-de5832|LOT-20260506-651F-005|r1_c1|rep0,LOT-20260506-651F-005:B2:R0,germ-germinadorap-de5832,LOT-20260506-651F-005,B2,1,1,0,Hierbabuena,,,,,,,2026-05-09 08:50:26,2026-05-06 20:48:22,60.03,3,cg_1778316624399_1,4407,cam1_20260509_025025.jpg,crops/cam1_20260509_025025_r1_c1.jpg,4409,cam1_20260509_025030.jpg,crops/cam1_20260509_025030_r1_c1.jpg,9048,27.4,,56,48.6,0,0,0,0,0,0.0,0.0,1513.0,0.0,26.4,8.8,0.0,0.0,,2026-05-09 08:50:31
germ-germinadorap-de5832|LOT-20260506-651F-005|r1_c1|rep0,LOT-20260506-651F-005:B2:R0,germ-germinadorap-de5832,LOT-20260506-651F-005,B2,1,1,0,Hierbabuena,,,,,,,2026-05-09 09:05:26,2026-05-06 20:48:22,60.28,3,cg_1778317524399_1,4411,cam1_20260509_030526.jpg,crops/cam1_20260509_030526_r1_c1.jpg,4413,cam1_20260509_030530.jpg,crops/cam1_20260509_030530_r1_c1.jpg,9060,27.3,,54,48.6,0,0,0,0,0,0.0,0.0,1513.0,0.0,26.6,8.9,0.0,0.0,,2026-05-09 09:05:31
germ-germinadorap-de5832|LOT-20260506-651F-005|r1_c1|rep0,LOT-20260506-651F-005:B2:R0,germ-germinadorap-de5832,LOT-20260506-651F-005,B2,1,1,0,Hierbabuena,,,,,,,2026-05-09 09:20:26,2026-05-06 20:48:22,60.53,3,cg_1778318424399_1,4415,cam1_20260509_032026.jpg,crops/cam1_20260509_032026_r1_c1.jpg,4417,cam1_20260509_032030.jpg,crops/cam1_20260509_032030_r1_c1.jpg,9072,27.5,,55,48.6,0,0,0,0,0,0.0,0.0,1513.0,0.0,26.9,9.0,0.0,0.0,,2026-05-09 09:20:31
germ-germinadorap-de5832|LOT-20260506-651F-005|r1_c1|rep0,LOT-20260506-651F-005:B2:R0,germ-germinadorap-de5832,LOT-20260506-651F-005,B2,1,1,0,Hierbabuena,,,,,,,2026-05-09 09:35:26,2026-05-06 20:48:22,60.78,3,cg_1778319324402_1,4418,cam1_20260509_033525.jpg,crops/cam1_20260509_033525_r1_c1.jpg,4420,cam1_20260509_033528.jpg,crops/cam1_20260509_033528_r1_c1.jpg,9079,27.2,,54,47.6,0,0,0,0,0,0.0,0.0,1513.0,0.0,27.1,9.0,0.0,0.0,,2026-05-09 09:35:29
germ-germinadorap-de5832|LOT-20260506-651F-005|r1_c1|rep0,LOT-20260506-651F-005:B2:R0,germ-germinadorap-de5832,LOT-20260506-651F-005,B2,1,1,0,Hierbabuena,,,,,,,2026-05-09 10:05:26,2026-05-06 20:48:22,61.28,3,cg_1778321124403_1,4424,cam1_20260509_040525.jpg,crops/cam1_20260509_040525_r1_c1.jpg,4426,cam1_20260509_040528.jpg,crops/cam1_20260509_040528_r1_c1.jpg,9096,27.3,,55,47.8,0,0,0,0,0,0.0,0.0,1513.0,0.0,27.6,9.2,0.0,0.0,,2026-05-09 10:05:29
germ-germinadorap-de5832|LOT-20260506-651F-005|r1_c1|rep0,LOT-20260506-651F-005:B2:R0,germ-germinadorap-de5832,LOT-20260506-651F-005,B2,1,1,0,Hierbabuena,,,,,,,2026-05-09 10:20:27,2026-05-06 20:48:22,61.53,3,cg_1778322024402_1,4429,cam1_20260509_042027.jpg,crops/cam1_20260509_042027_r1_c1.jpg,4431,cam1_20260509_042030.jpg,crops/cam1_20260509_042030_r1_c1.jpg,9113,27.3,,55,47.7,0,0,0,0,0,0.0,0.0,1513.0,0.0,27.9,9.3,0.0,0.0,,2026-05-09 10:20:31
germ-germinadorap-de5832|LOT-20260506-651F-005|r1_c1|rep0,LOT-20260506-651F-005:B2:R0,germ-germinadorap-de5832,LOT-20260506-651F-005,B2,1,1,0,Hierbabuena,,,,,,,2026-05-09 10:35:26,2026-05-06 20:48:22,61.78,3,cg_1778322924406_1,4433,cam1_20260509_043526.jpg,crops/cam1_20260509_043526_r1_c1.jpg,4435,cam1_20260509_043530.jpg,crops/cam1_20260509_043530_r1_c1.jpg,9125,27.2,,55,47.6,0,0,0,0,0,0.0,0.0,1513.0,0.0,28.1,9.4,0.0,0.0,,2026-05-09 10:35:31
germ-germinadorap-de5832|LOT-20260506-651F-005|r1_c1|rep0,LOT-20260506-651F-005:B2:R0,germ-germinadorap-de5832,LOT-20260506-651F-005,B2,1,1,0,Hierbabuena,,,,,,,2026-05-09 10:50:26,2026-05-06 20:48:22,62.03,3,cg_1778323824409_1,4437,cam1_20260509_045025.jpg,crops/cam1_20260509_045025_r1_c1.jpg,4439,cam1_20260509_045030.jpg,crops/cam1_20260509_045030_r1_c1.jpg,9137,27.3,,54,47.4,0,0,0,0,0,0.0,0.0,1513.0,0.0,28.4,9.5,0.0,0.0,,2026-05-09 10:50:31
germ-germinadorap-de5832|LOT-20260506-651F-005|r1_c1|rep0,LOT-20260506-651F-005:B2:R0,germ-germinadorap-de5832,LOT-20260506-651F-005,B2,1,1,0,Hierbabuena,,,,,,,2026-05-09 11:05:26,2026-05-06 20:48:22,62.28,3,cg_1778324724411_1,4440,cam1_20260509_050525.jpg,crops/cam1_20260509_050525_r1_c1.jpg,4442,cam1_20260509_050528.jpg,crops/cam1_20260509_050528_r1_c1.jpg,9144,27.2,,54,47.2,0,0,0,0,0,0.0,0.0,1513.0,0.0,28.6,9.5,0.0,0.0,,2026-05-09 11:05:29
germ-germinadorap-de5832|LOT-20260506-651F-005|r1_c1|rep0,LOT-20260506-651F-005:B2:R0,germ-germinadorap-de5832,LOT-20260506-651F-005,B2,1,1,0,Hierbabuena,,,,,,,2026-05-09 11:20:26,2026-05-06 20:48:22,62.53,3,cg_1778325624414_1,4444,cam1_20260509_052025.jpg,crops/cam1_20260509_052025_r1_c1.jpg,4446,cam1_20260509_052028.jpg,crops/cam1_20260509_052028_r1_c1.jpg,9156,27.3,,54,46.9,0,0,0,0,0,0.0,0.0,1513.0,0.0,28.9,9.6,0.0,0.0,,2026-05-09 11:20:29
germ-germinadorap-de5832|LOT-20260506-651F-005|r1_c1|rep0,LOT-20260506-651F-005:B2:R0,germ-germinadorap-de5832,LOT-20260506-651F-005,B2,1,1,0,Hierbabuena,,,,,,,2026-05-09 11:35:26,2026-05-06 20:48:22,62.78,3,cg_1778326524415_1,4449,cam1_20260509_053525.jpg,crops/cam1_20260509_053525_r1_c1.jpg,4451,cam1_20260509_053530.jpg,crops/cam1_20260509_053530_r1_c1.jpg,9173,27.2,,55,47,0,0,0,0,0,0.0,0.0,1514.0,0.0,29.1,9.7,0.0,0.0,,2026-05-09 11:35:31
germ-germinadorap-de5832|LOT-20260506-651F-005|r1_c1|rep0,LOT-20260506-651F-005:B2:R0,germ-germinadorap-de5832,LOT-20260506-651F-005,B2,1,1,0,Hierbabuena,,,,,,,2026-05-09 11:50:26,2026-05-06 20:48:22,63.03,3,cg_1778327424420_1,4452,cam1_20260509_055026.jpg,crops/cam1_20260509_055026_r1_c1.jpg,4454,cam1_20260509_055028.jpg,crops/cam1_20260509_055028_r1_c1.jpg,9180,27.2,,56,46.6,0,0,0,0,0,0.0,0.0,1514.0,0.0,29.4,9.8,0.0,0.0,,2026-05-09 11:50:29
germ-germinadorap-de5832|LOT-20260506-651F-005|r1_c1|rep0,LOT-20260506-651F-005:B2:R0,germ-germinadorap-de5832,LOT-20260506-651F-005,B2,1,1,0,Hierbabuena,,,,,,,2026-05-09 12:05:26,2026-05-06 20:48:22,63.28,3,cg_1778328324420_1,4456,cam1_20260509_060525.jpg,crops/cam1_20260509_060525_r1_c1.jpg,4458,cam1_20260509_060528.jpg,crops/cam1_20260509_060528_r1_c1.jpg,9192,27.2,,55,46.7,0,0,0,0,0,0.0,0.0,1514.0,0.0,29.6,9.9,0.0,0.0,,2026-05-09 12:05:29
germ-germinadorap-de5832|LOT-20260506-651F-005|r1_c1|rep0,LOT-20260506-651F-005:B2:R0,germ-germinadorap-de5832,LOT-20260506-651F-005,B2,1,1,0,Hierbabuena,,,,,,,2026-05-09 12:20:26,2026-05-06 20:48:22,63.53,3,cg_1778329224420_1,4461,cam1_20260509_062025.jpg,crops/cam1_20260509_062025_r1_c1.jpg,4463,cam1_20260509_062030.jpg,crops/cam1_20260509_062030_r1_c1.jpg,9209,27.1,,55,46.9,0,0,0,0,0,0.0,0.0,1514.0,0.0,29.9,10.0,0.0,0.0,,2026-05-09 12:20:31
germ-germinadorap-de5832|LOT-20260506-651F-005|r1_c1|rep0,LOT-20260506-651F-005:B2:R0,germ-germinadorap-de5832,LOT-20260506-651F-005,B2,1,1,0,Hierbabuena,,,,,,,2026-05-09 12:35:26,2026-05-06 20:48:22,63.78,3,cg_1778330124421_1,4465,cam1_20260509_063526.jpg,crops/cam1_20260509_063526_r1_c1.jpg,4467,cam1_20260509_063530.jpg,crops/cam1_20260509_063530_r1_c1.jpg,9221,27.2,,53,46.8,0,0,0,0,0,0.0,0.0,1514.0,0.0,30.1,10.0,0.0,0.0,,2026-05-09 12:35:31
germ-germinadorap-de5832|LOT-20260506-651F-005|r1_c1|rep0,LOT-20260506-651F-005:B2:R0,germ-germinadorap-de5832,LOT-20260506-651F-005,B2,1,1,0,Hierbabuena,,,,,,,2026-05-09 12:50:26,2026-05-06 20:48:22,64.03,3,cg_1778331024423_1,4469,cam1_20260509_065025.jpg,crops/cam1_20260509_065025_r1_c1.jpg,4471,cam1_20260509_065030.jpg,crops/cam1_20260509_065030_r1_c1.jpg,9233,27.3,,56,46,0,0,0,0,0,0.0,0.0,1514.0,0.0,30.4,10.1,0.0,0.0,,2026-05-09 12:50:31
germ-germinadorap-de5832|LOT-20260506-651F-005|r1_c1|rep0,LOT-20260506-651F-005:B2:R0,germ-germinadorap-de5832,LOT-20260506-651F-005,B2,1,1,0,Hierbabuena,,,,,,,2026-05-09 13:05:26,2026-05-06 20:48:22,64.28,3,cg_1778331924423_1,4472,cam1_20260509_070525.jpg,crops/cam1_20260509_070525_r1_c1.jpg,4474,cam1_20260509_070528.jpg,crops/cam1_20260509_070528_r1_c1.jpg,9240,27.1,,52,46.1,0,0,0,0,0,0.0,0.0,1514.0,0.0,30.6,10.2,0.0,0.0,,2026-05-09 13:05:29
germ-germinadorap-de5832|LOT-20260506-651F-005|r1_c1|rep0,LOT-20260506-651F-005:B2:R0,germ-germinadorap-de5832,LOT-20260506-651F-005,B2,1,1,0,Hierbabuena,,,,,,,2026-05-09 13:20:26,2026-05-06 20:48:22,64.53,3,cg_1778332824428_1,4476,cam1_20260509_072026.jpg,crops/cam1_20260509_072026_r1_c1.jpg,4478,cam1_20260509_072028.jpg,crops/cam1_20260509_072028_r1_c1.jpg,9252,27.1,,54,45.9,0,0,0,0,0,0.0,0.0,1514.0,0.0,30.9,10.3,0.0,0.0,,2026-05-09 13:20:29
germ-germinadorap-de5832|LOT-20260506-651F-005|r1_c1|rep0,LOT-20260506-651F-005:B2:R0,germ-germinadorap-de5832,LOT-20260506-651F-005,B2,1,1,0,Hierbabuena,,,,,,,2026-05-09 13:35:26,2026-05-06 20:48:22,64.78,3,cg_1778333724428_1,4481,cam1_20260509_073525.jpg,crops/cam1_20260509_073525_r1_c1.jpg,4483,cam1_20260509_073530.jpg,crops/cam1_20260509_073530_r1_c1.jpg,9269,27.1,,54,44.9,0,0,0,0,0,0.0,0.0,1514.0,0.0,31.1,10.4,0.0,0.0,,2026-05-09 13:35:31
germ-germinadorap-de5832|LOT-20260506-651F-005|r1_c1|rep0,LOT-20260506-651F-005:B2:R0,germ-germinadorap-de5832,LOT-20260506-651F-005,B2,1,1,0,Hierbabuena,,,,,,,2026-05-09 13:50:26,2026-05-06 20:48:22,65.03,3,cg_1778334624429_1,4484,cam1_20260509_075025.jpg,crops/cam1_20260509_075025_r1_c1.jpg,4486,cam1_20260509_075028.jpg,crops/cam1_20260509_075028_r1_c1.jpg,9276,27,,55,45.1,0,0,0,0,0,0.0,0.0,1514.0,0.0,31.4,10.5,0.0,0.0,,2026-05-09 13:50:29
germ-germinadorap-de5832|LOT-20260506-651F-005|r1_c1|rep0,LOT-20260506-651F-005:B2:R0,germ-germinadorap-de5832,LOT-20260506-651F-005,B2,1,1,0,Hierbabuena,,,,,,,2026-05-09 14:05:26,2026-05-06 20:48:22,65.28,3,cg_1778335524435_1,4489,cam1_20260509_080525.jpg,crops/cam1_20260509_080525_r1_c1.jpg,4491,cam1_20260509_080530.jpg,crops/cam1_20260509_080530_r1_c1.jpg,9293,27.3,,52,45.5,0,0,0,0,0,0.0,0.0,1519.0,0.0,31.6,10.5,0.0,0.0,,2026-05-09 14:05:31
germ-germinadorap-de5832|LOT-20260506-651F-005|r1_c1|rep0,LOT-20260506-651F-005:B2:R0,germ-germinadorap-de5832,LOT-20260506-651F-005,B2,1,1,0,Hierbabuena,,,,,,,2026-05-09 14:20:26,2026-05-06 20:48:22,65.53,3,cg_1778336424441_1,4493,cam1_20260509_082025.jpg,crops/cam1_20260509_082025_r1_c1.jpg,4495,cam1_20260509_082030.jpg,crops/cam1_20260509_082030_r1_c1.jpg,9305,27.5,,50,44.7,0,0,0,0,0,0.0,0.0,1534.0,0.0,31.9,10.6,0.0,0.0,,2026-05-09 14:20:31
germ-germinadorap-de5832|LOT-20260506-651F-005|r1_c1|rep0,LOT-20260506-651F-005:B2:R0,germ-germinadorap-de5832,LOT-20260506-651F-005,B2,1,1,0,Hierbabuena,,,,,,,2026-05-09 14:35:26,2026-05-06 20:48:22,65.78,3,cg_1778337324470_1,4497,cam1_20260509_083525.jpg,crops/cam1_20260509_083525_r1_c1.jpg,4499,cam1_20260509_083530.jpg,crops/cam1_20260509_083530_r1_c1.jpg,9317,27.8,,50,44.9,0,0,0,0,0,0.0,0.0,1549.0,0.0,32.1,10.7,0.0,0.0,,2026-05-09 14:35:31
germ-germinadorap-de5832|LOT-20260506-651F-005|r1_c1|rep0,LOT-20260506-651F-005:B2:R0,germ-germinadorap-de5832,LOT-20260506-651F-005,B2,1,1,0,Hierbabuena,,,,,,,2026-05-09 14:50:26,2026-05-06 20:48:22,66.03,3,cg_1778338224472_1,4501,cam1_20260509_085025.jpg,crops/cam1_20260509_085025_r1_c1.jpg,4503,cam1_20260509_085030.jpg,crops/cam1_20260509_085030_r1_c1.jpg,9329,27.9,,50,42.3,0,0,0,0,0,0.0,0.0,1564.0,0.0,32.4,10.8,0.0,0.0,,2026-05-09 14:50:31
germ-germinadorap-de5832|LOT-20260506-651F-005|r1_c1|rep0,LOT-20260506-651F-005:B2:R0,germ-germinadorap-de5832,LOT-20260506-651F-005,B2,1,1,0,Hierbabuena,,,,,,,2026-05-09 15:05:29,2026-05-06 20:48:22,66.29,3,cg_1778339124473_1,4504,cam1_20260509_090529.jpg,crops/cam1_20260509_090529_r1_c1.jpg,4506,cam1_20260509_090531.jpg,crops/cam1_20260509_090531_r1_c1.jpg,9336,28,,49,42.9,0,0,0,0,0,0.0,0.0,1579.0,0.0,32.6,10.9,0.0,0.0,,2026-05-09 15:05:32
germ-germinadorap-de5832|LOT-20260506-651F-005|r1_c1|rep0,LOT-20260506-651F-005:B2:R0,germ-germinadorap-de5832,LOT-20260506-651F-005,B2,1,1,0,Hierbabuena,,,,,,,2026-05-09 22:54:44,2026-05-06 20:48:22,74.11,4,cg_1778367281963_1,4508,cam1_20260509_165443.jpg,crops/cam1_20260509_165443_r1_c1.jpg,4510,cam1_20260509_165446.jpg,crops/cam1_20260509_165446_r1_c1.jpg,9348,26.5,,48,0,0,0,0,0,0,0.0,0.0,2048.0,0.0,37.6,9.4,0.0,0.0,,2026-05-09 22:54:49
germ-germinadorap-de5832|LOT-20260506-651F-005|r1_c1|rep0,LOT-20260506-651F-005:B2:R0,germ-germinadorap-de5832,LOT-20260506-651F-005,B2,1,1,0,Hierbabuena,,,,,,,2026-05-09 23:09:45,2026-05-06 20:48:22,74.36,4,cg_1778368181978_1,4513,cam1_20260509_170945.jpg,crops/cam1_20260509_170945_r1_c1.jpg,4515,cam1_20260509_170948.jpg,crops/cam1_20260509_170948_r1_c1.jpg,9365,26.9,,59,0,0,0,0,0,0,0.0,0.0,2063.0,0.0,37.7,9.4,0.0,0.0,,2026-05-09 23:09:49
germ-germinadorap-de5832|LOT-20260506-651F-005|r1_c1|rep0,LOT-20260506-651F-005:B2:R0,germ-germinadorap-de5832,LOT-20260506-651F-005,B2,1,1,0,Hierbabuena,,,,,,,2026-05-09 23:24:44,2026-05-06 20:48:22,74.61,4,cg_1778369081979_1,4517,cam1_20260509_172443.jpg,crops/cam1_20260509_172443_r1_c1.jpg,4519,cam1_20260509_172448.jpg,crops/cam1_20260509_172448_r1_c1.jpg,9377,27.4,,53,0,0,0,0,0,0,0.0,0.0,2078.0,0.0,37.7,9.4,0.0,0.0,,2026-05-09 23:24:49
germ-germinadorap-de5832|LOT-20260506-651F-005|r1_c1|rep0,LOT-20260506-651F-005:B2:R0,germ-germinadorap-de5832,LOT-20260506-651F-005,B2,1,1,0,Hierbabuena,,,,,,,2026-05-09 23:39:46,2026-05-06 20:48:22,74.86,4,cg_1778369981983_1,4521,cam1_20260509_173945.jpg,crops/cam1_20260509_173945_r1_c1.jpg,4523,cam1_20260509_173948.jpg,crops/cam1_20260509_173948_r1_c1.jpg,9389,27.6,,51,0,0,0,0,0,0,0.0,0.0,2093.0,0.0,37.7,9.4,0.0,0.0,,2026-05-09 23:39:49
germ-germinadorap-de5832|LOT-20260506-651F-005|r1_c1|rep0,LOT-20260506-651F-005:B2:R0,germ-germinadorap-de5832,LOT-20260506-651F-005,B2,1,1,0,Hierbabuena,,,,,,,2026-05-09 23:54:45,2026-05-06 20:48:22,75.11,4,cg_1778370881988_1,4525,cam1_20260509_175445.jpg,crops/cam1_20260509_175445_r1_c1.jpg,4527,cam1_20260509_175448.jpg,crops/cam1_20260509_175448_r1_c1.jpg,9401,27.8,,50,0,0,0,0,0,0,0.0,0.0,2108.0,0.0,37.7,9.4,0.0,0.0,,2026-05-09 23:54:49
germ-germinadorap-de5832|LOT-20260506-651F-005|r1_c1|rep0,LOT-20260506-651F-005:B2:R0,germ-germinadorap-de5832,LOT-20260506-651F-005,B2,1,1,0,Hierbabuena,,,,,,,2026-05-10 00:09:44,2026-05-06 20:48:22,75.36,4,cg_1778371781989_1,4529,cam1_20260509_180943.jpg,crops/cam1_20260509_180943_r1_c1.jpg,4531,cam1_20260509_180948.jpg,crops/cam1_20260509_180948_r1_c1.jpg,9413,28.2,,50,0,0,0,0,1,0,15.0,0.0,2123.0,0.0,37.7,9.4,0.0,0.0,,2026-05-10 00:09:49
germ-germinadorap-de5832|LOT-20260506-651F-005|r1_c1|rep0,LOT-20260506-651F-005:B2:R0,germ-germinadorap-de5832,LOT-20260506-651F-005,B2,1,1,0,Hierbabuena,,,,,,,2026-05-10 00:24:44,2026-05-06 20:48:22,75.61,4,cg_1778372681994_1,4533,cam1_20260509_182444.jpg,crops/cam1_20260509_182444_r1_c1.jpg,4535,cam1_20260509_182448.jpg,crops/cam1_20260509_182448_r1_c1.jpg,9425,28.2,,50,0,0,0,0,0,0,0.0,0.0,2138.0,0.0,37.7,9.4,0.0,0.0,,2026-05-10 00:24:50
germ-germinadorap-de5832|LOT-20260506-651F-005|r1_c1|rep0,LOT-20260506-651F-005:B2:R0,germ-germinadorap-de5832,LOT-20260506-651F-005,B2,1,1,0,Hierbabuena,,,,,,,2026-05-10 00:39:44,2026-05-06 20:48:22,75.86,4,cg_1778373581999_1,4537,cam1_20260509_183943.jpg,crops/cam1_20260509_183943_r1_c1.jpg,4539,cam1_20260509_183948.jpg,crops/cam1_20260509_183948_r1_c1.jpg,9437,28.2,,50,0,0,0,0,0,0,0.0,0.0,2153.0,0.0,37.7,9.4,0.0,0.0,,2026-05-10 00:39:49
germ-germinadorap-de5832|LOT-20260506-651F-005|r1_c1|rep0,LOT-20260506-651F-005:B2:R0,germ-germinadorap-de5832,LOT-20260506-651F-005,B2,1,1,0,Hierbabuena,,,,,,,2026-05-10 00:54:44,2026-05-06 20:48:22,76.11,4,cg_1778374481999_1,4541,cam1_20260509_185444.jpg,crops/cam1_20260509_185444_r1_c1.jpg,4543,cam1_20260509_185448.jpg,crops/cam1_20260509_185448_r1_c1.jpg,9449,28.2,,50,0,0,0,0,0,0,0.0,0.0,2168.0,0.0,37.7,9.4,0.0,0.0,,2026-05-10 00:54:49
germ-germinadorap-de5832|LOT-20260506-651F-005|r1_c1|rep0,LOT-20260506-651F-005:B2:R0,germ-germinadorap-de5832,LOT-20260506-651F-005,B2,1,1,0,Hierbabuena,,,,,,,2026-05-10 01:09:46,2026-05-06 20:48:22,76.36,4,cg_1778375382000_1,4545,cam1_20260509_190945.jpg,crops/cam1_20260509_190945_r1_c1.jpg,4547,cam1_20260509_190948.jpg,crops/cam1_20260509_190948_r1_c1.jpg,9461,28.5,,50,0,0,0,0,0,0,0.0,0.0,2182.0,0.0,37.7,9.4,0.0,0.0,,2026-05-10 01:09:50
germ-germinadorap-de5832|LOT-20260506-651F-005|r1_c1|rep0,LOT-20260506-651F-005:B2:R0,germ-germinadorap-de5832,LOT-20260506-651F-005,B2,1,1,0,Hierbabuena,,,,,,,2026-05-10 01:24:46,2026-05-06 20:48:22,76.61,4,cg_1778376282004_1,4549,cam1_20260509_192445.jpg,crops/cam1_20260509_192445_r1_c1.jpg,4551,cam1_20260509_192450.jpg,crops/cam1_20260509_192450_r1_c1.jpg,9473,28.5,,50,0,0,0,0,0,0,0.0,0.0,2197.0,0.0,37.7,9.4,0.0,0.0,,2026-05-10 01:24:51
germ-germinadorap-de5832|LOT-20260506-651F-005|r1_c1|rep0,LOT-20260506-651F-005:B2:R0,germ-germinadorap-de5832,LOT-20260506-651F-005,B2,1,1,0,Hierbabuena,,,,,,,2026-05-10 01:39:44,2026-05-06 20:48:22,76.86,4,cg_1778377182004_1,4553,cam1_20260509_193943.jpg,crops/cam1_20260509_193943_r1_c1.jpg,4555,cam1_20260509_193948.jpg,crops/cam1_20260509_193948_r1_c1.jpg,9485,28.6,,51,0,0,0,0,0,0,0.0,0.0,2212.0,0.0,37.7,9.4,0.0,0.0,,2026-05-10 01:39:50
germ-germinadorap-de5832|LOT-20260506-651F-005|r1_c1|rep0,LOT-20260506-651F-005:B2:R0,germ-germinadorap-de5832,LOT-20260506-651F-005,B2,1,1,0,Hierbabuena,,,,,,,2026-05-10 01:54:44,2026-05-06 20:48:22,77.11,4,cg_1778378082009_1,4557,cam1_20260509_195443.jpg,crops/cam1_20260509_195443_r1_c1.jpg,4559,cam1_20260509_195448.jpg,crops/cam1_20260509_195448_r1_c1.jpg,9497,28.4,,51,0,0,0,0,0,0,0.0,0.0,2227.0,0.0,37.7,9.4,0.0,0.0,,2026-05-10 01:54:49
germ-germinadorap-de5832|LOT-20260506-651F-005|r1_c1|rep0,LOT-20260506-651F-005:B2:R0,germ-germinadorap-de5832,LOT-20260506-651F-005,B2,1,1,0,Hierbabuena,,,,,,,2026-05-10 02:09:44,2026-05-06 20:48:22,77.36,4,cg_1778378982011_1,4561,cam1_20260509_200943.jpg,crops/cam1_20260509_200943_r1_c1.jpg,4563,cam1_20260509_200948.jpg,crops/cam1_20260509_200948_r1_c1.jpg,9509,28.4,,51,0,0,0,0,0,0,0.0,0.0,2232.0,0.0,37.7,9.4,0.0,0.0,,2026-05-10 02:09:49
germ-germinadorap-de5832|LOT-20260506-651F-005|r1_c1|rep0,LOT-20260506-651F-005:B2:R0,germ-germinadorap-de5832,LOT-20260506-651F-005,B2,1,1,0,Hierbabuena,,,,,,,2026-05-10 02:24:44,2026-05-06 20:48:22,77.61,4,cg_1778379882013_1,4565,cam1_20260509_202443.jpg,crops/cam1_20260509_202443_r1_c1.jpg,4567,cam1_20260509_202448.jpg,crops/cam1_20260509_202448_r1_c1.jpg,9521,28.5,,53,0,0,0,0,0,0,0.0,0.0,2232.0,0.0,37.7,9.4,0.0,0.0,,2026-05-10 02:24:49
germ-germinadorap-de5832|LOT-20260506-651F-005|r1_c1|rep0,LOT-20260506-651F-005:B2:R0,germ-germinadorap-de5832,LOT-20260506-651F-005,B2,1,1,0,Hierbabuena,,,,,,,2026-05-10 02:39:44,2026-05-06 20:48:22,77.86,4,cg_1778380782015_1,4569,cam1_20260509_203943.jpg,crops/cam1_20260509_203943_r1_c1.jpg,4571,cam1_20260509_203948.jpg,crops/cam1_20260509_203948_r1_c1.jpg,9533,28.2,,54,0,0,0,0,0,0,0.0,0.0,2233.0,0.0,37.7,9.4,0.0,0.0,,2026-05-10 02:39:49
germ-germinadorap-de5832|LOT-20260506-651F-005|r1_c1|rep0,LOT-20260506-651F-005:B2:R0,germ-germinadorap-de5832,LOT-20260506-651F-005,B2,1,1,0,Hierbabuena,,,,,,,2026-05-10 02:54:44,2026-05-06 20:48:22,78.11,4,cg_1778381682015_1,4573,cam1_20260509_205443.jpg,crops/cam1_20260509_205443_r1_c1.jpg,4575,cam1_20260509_205448.jpg,crops/cam1_20260509_205448_r1_c1.jpg,9545,28.1,,55,0,0,0,0,0,0,0.0,0.0,2233.0,0.0,37.7,9.4,0.0,0.0,,2026-05-10 02:54:49
germ-germinadorap-de5832|LOT-20260506-651F-005|r1_c1|rep0,LOT-20260506-651F-005:B2:R0,germ-germinadorap-de5832,LOT-20260506-651F-005,B2,1,1,0,Hierbabuena,,,,,,,2026-05-10 03:09:44,2026-05-06 20:48:22,78.36,4,cg_1778382582015_1,4577,cam1_20260509_210943.jpg,crops/cam1_20260509_210943_r1_c1.jpg,4579,cam1_20260509_210948.jpg,crops/cam1_20260509_210948_r1_c1.jpg,9557,28,,56,0,0,0,0,0,0,0.0,0.0,2233.0,0.0,37.7,9.4,0.0,0.0,,2026-05-10 03:09:49
germ-germinadorap-de5832|LOT-20260506-651F-005|r1_c1|rep0,LOT-20260506-651F-005:B2:R0,germ-germinadorap-de5832,LOT-20260506-651F-005,B2,1,1,0,Hierbabuena,,,,,,,2026-05-10 03:24:44,2026-05-06 20:48:22,78.61,4,cg_1778383482016_1,4581,cam1_20260509_212443.jpg,crops/cam1_20260509_212443_r1_c1.jpg,4583,cam1_20260509_212448.jpg,crops/cam1_20260509_212448_r1_c1.jpg,9569,27.8,,55,0,0,0,0,0,0,0.0,0.0,2233.0,0.0,37.7,9.4,0.0,0.0,,2026-05-10 03:24:49
germ-germinadorap-de5832|LOT-20260506-651F-005|r1_c1|rep0,LOT-20260506-651F-005:B2:R0,germ-germinadorap-de5832,LOT-20260506-651F-005,B2,1,1,0,Hierbabuena,,,,,,,2026-05-10 03:39:44,2026-05-06 20:48:22,78.86,4,cg_1778384382021_1,4585,cam1_20260509_213943.jpg,crops/cam1_20260509_213943_r1_c1.jpg,4587,cam1_20260509_213948.jpg,crops/cam1_20260509_213948_r1_c1.jpg,9581,27.8,,55,0,0,0,0,0,0,0.0,0.0,2233.0,0.0,37.7,9.4,0.0,0.0,,2026-05-10 03:39:49
germ-germinadorap-de5832|LOT-20260506-651F-005|r1_c1|rep0,LOT-20260506-651F-005:B2:R0,germ-germinadorap-de5832,LOT-20260506-651F-005,B2,1,1,0,Hierbabuena,,,,,,,2026-05-10 03:54:44,2026-05-06 20:48:22,79.11,4,cg_1778385282027_1,4589,cam1_20260509_215443.jpg,crops/cam1_20260509_215443_r1_c1.jpg,4591,cam1_20260509_215448.jpg,crops/cam1_20260509_215448_r1_c1.jpg,9593,27.8,,55,0,0,0,0,0,0,0.0,0.0,2233.0,0.0,37.7,9.4,0.0,0.0,,2026-05-10 03:54:49
germ-germinadorap-de5832|LOT-20260506-651F-005|r1_c1|rep0,LOT-20260506-651F-005:B2:R0,germ-germinadorap-de5832,LOT-20260506-651F-005,B2,1,1,0,Hierbabuena,,,,,,,2026-05-10 04:09:45,2026-05-06 20:48:22,79.36,4,cg_1778386182025_1,4593,cam1_20260509_220945.jpg,crops/cam1_20260509_220945_r1_c1.jpg,4595,cam1_20260509_220948.jpg,crops/cam1_20260509_220948_r1_c1.jpg,9605,27.9,,56,0,0,0,0,0,0,0.0,0.0,2233.0,0.0,37.7,9.4,0.0,0.0,,2026-05-10 04:09:49
germ-germinadorap-de5832|LOT-20260506-651F-005|r1_c1|rep0,LOT-20260506-651F-005:B2:R0,germ-germinadorap-de5832,LOT-20260506-651F-005,B2,1,1,0,Hierbabuena,,,,,,,2026-05-10 04:24:44,2026-05-06 20:48:22,79.61,4,cg_1778387082025_1,4597,cam1_20260509_222444.jpg,crops/cam1_20260509_222444_r1_c1.jpg,4599,cam1_20260509_222448.jpg,crops/cam1_20260509_222448_r1_c1.jpg,9617,27.8,,56,0,0,0,0,0,0,0.0,0.0,2233.0,0.0,37.7,9.4,0.0,0.0,,2026-05-10 04:24:49
germ-germinadorap-de5832|LOT-20260506-651F-005|r1_c1|rep0,LOT-20260506-651F-005:B2:R0,germ-germinadorap-de5832,LOT-20260506-651F-005,B2,1,1,0,Hierbabuena,,,,,,,2026-05-10 04:39:44,2026-05-06 20:48:22,79.86,4,cg_1778387982024_1,4600,cam1_20260509_223943.jpg,crops/cam1_20260509_223943_r1_c1.jpg,4602,cam1_20260509_223946.jpg,crops/cam1_20260509_223946_r1_c1.jpg,9624,27.8,,56,0,0,0,0,0,0,0.0,0.0,2233.0,0.0,37.7,9.4,0.0,0.0,,2026-05-10 04:39:47
germ-germinadorap-de5832|LOT-20260506-651F-005|r1_c1|rep0,LOT-20260506-651F-005:B2:R0,germ-germinadorap-de5832,LOT-20260506-651F-005,B2,1,1,0,Hierbabuena,,,,,,,2026-05-10 04:55:33,2026-05-06 20:48:22,80.12,4,cg_1778388930019_1,4605,cam1_20260509_225532.jpg,crops/cam1_20260509_225532_r1_c1.jpg,4607,cam1_20260509_225536.jpg,crops/cam1_20260509_225536_r1_c1.jpg,9641,28.2,,50,77.8,0,0,0,0,0,0.0,0.0,2239.0,0.0,37.7,9.4,0.0,0.0,,2026-05-10 04:55:38
germ-germinadorap-de5832|LOT-20260506-651F-005|r1_c1|rep0,LOT-20260506-651F-005:B2:R0,germ-germinadorap-de5832,LOT-20260506-651F-005,B2,1,1,0,Hierbabuena,,,,,,,2026-05-10 05:10:32,2026-05-06 20:48:22,80.37,4,cg_1778389830172_1,4609,cam1_20260509_231032.jpg,crops/cam1_20260509_231032_r1_c1.jpg,4611,cam1_20260509_231036.jpg,crops/cam1_20260509_231036_r1_c1.jpg,9653,28.6,,49,100,0,0,0,0,0,0.0,0.0,2245.0,0.0,37.7,9.4,0.0,0.0,,2026-05-10 05:10:38
germ-germinadorap-de5832|LOT-20260506-651F-005|r1_c1|rep0,LOT-20260506-651F-005:B2:R0,germ-germinadorap-de5832,LOT-20260506-651F-005,B2,1,1,0,Hierbabuena,,,,,,,2026-05-10 05:25:37,2026-05-06 20:48:22,80.62,4,cg_1778390735086_1,4613,cam1_20260509_232536.jpg,crops/cam1_20260509_232536_r1_c1.jpg,4615,cam1_20260509_232543.jpg,crops/cam1_20260509_232543_r1_c1.jpg,9665,28.6,,49,95.4,0,0,0,0,0,0.0,0.0,2246.0,0.0,37.7,9.4,0.0,0.0,,2026-05-10 05:25:45
germ-germinadorap-de5832|LOT-20260506-651F-005|r1_c1|rep0,LOT-20260506-651F-005:B2:R0,germ-germinadorap-de5832,LOT-20260506-651F-005,B2,1,1,0,Hierbabuena,,,,,,,2026-05-10 05:41:28,2026-05-06 20:48:22,80.89,4,cg_1778391684927_1,4616,cam1_20260509_234127.jpg,crops/cam1_20260509_234127_r1_c1.jpg,4618,cam1_20260509_234131.jpg,crops/cam1_20260509_234131_r1_c1.jpg,9672,28.4,,49,100,0,0,0,0,0,0.0,0.0,2246.0,0.0,37.7,9.4,0.0,0.0,,2026-05-10 05:41:33
germ-germinadorap-de5832|LOT-20260506-651F-005|r1_c1|rep0,LOT-20260506-651F-005:B2:R0,germ-germinadorap-de5832,LOT-20260506-651F-005,B2,1,1,0,Hierbabuena,,,,,,,2026-05-10 05:56:28,2026-05-06 20:48:22,81.14,4,cg_1778392584925_1,4621,cam1_20260509_235628.jpg,crops/cam1_20260509_235628_r1_c1.jpg,4623,cam1_20260509_235632.jpg,crops/cam1_20260509_235632_r1_c1.jpg,9689,28.7,,48,100,0,0,0,0,0,0.0,0.0,2246.0,0.0,37.7,9.4,0.0,0.0,,2026-05-10 05:56:33
germ-germinadorap-de5832|LOT-20260506-651F-005|r1_c1|rep0,LOT-20260506-651F-005:B2:R0,germ-germinadorap-de5832,LOT-20260506-651F-005,B2,1,1,0,Hierbabuena,,,,,,,2026-05-10 06:11:28,2026-05-06 20:48:22,81.39,4,cg_1778393484925_1,4628,cam1_20260510_001127.jpg,crops/cam1_20260510_001127_r1_c1.jpg,4630,cam1_20260510_001136.jpg,crops/cam1_20260510_001136_r1_c1.jpg,9696,28.6,,48,100,0,0,0,0,0,0.0,0.0,2246.0,0.0,37.7,9.4,0.0,0.0,,2026-05-10 06:11:37
germ-germinadorap-de5832|LOT-20260506-651F-005|r1_c1|rep0,LOT-20260506-651F-005:B2:R0,germ-germinadorap-de5832,LOT-20260506-651F-005,B2,1,1,0,Hierbabuena,,,,,,,2026-05-10 06:26:29,2026-05-06 20:48:22,81.64,4,cg_1778394384926_1,4633,cam1_20260510_002629.jpg,crops/cam1_20260510_002629_r1_c1.jpg,4635,cam1_20260510_002640.jpg,crops/cam1_20260510_002640_r1_c1.jpg,9713,28.4,,49,100,0,0,0,0,0,0.0,0.0,2246.0,0.0,37.7,9.4,0.0,0.0,,2026-05-10 06:26:41
germ-germinadorap-de5832|LOT-20260506-651F-005|r1_c1|rep0,LOT-20260506-651F-005:B2:R0,germ-germinadorap-de5832,LOT-20260506-651F-005,B2,1,1,0,Hierbabuena,,,,,,,2026-05-10 06:41:29,2026-05-06 20:48:22,81.89,4,cg_1778395284927_1,4637,cam1_20260510_004128.jpg,crops/cam1_20260510_004128_r1_c1.jpg,4639,cam1_20260510_004139.jpg,crops/cam1_20260510_004139_r1_c1.jpg,9725,28.3,,49,100,0,0,0,0,0,0.0,0.0,2246.0,0.0,37.7,9.4,0.0,0.0,,2026-05-10 06:41:41
germ-germinadorap-de5832|LOT-20260506-651F-005|r1_c1|rep0,LOT-20260506-651F-005:B2:R0,germ-germinadorap-de5832,LOT-20260506-651F-005,B2,1,1,0,Hierbabuena,,,,,,,2026-05-10 06:56:28,2026-05-06 20:48:22,82.14,4,cg_1778396184928_1,4640,cam1_20260510_005628.jpg,crops/cam1_20260510_005628_r1_c1.jpg,4642,cam1_20260510_005634.jpg,crops/cam1_20260510_005634_r1_c1.jpg,9732,28.3,,50,100,0,0,0,0,0,0.0,0.0,2246.0,0.0,37.7,9.4,0.0,0.0,,2026-05-10 06:56:36
germ-germinadorap-de5832|LOT-20260506-651F-005|r1_c1|rep0,LOT-20260506-651F-005:B2:R0,germ-germinadorap-de5832,LOT-20260506-651F-005,B2,1,1,0,Hierbabuena,,,,,,,2026-05-10 07:11:28,2026-05-06 20:48:22,82.39,4,cg_1778397084929_1,4645,cam1_20260510_011128.jpg,crops/cam1_20260510_011128_r1_c1.jpg,4647,cam1_20260510_011137.jpg,crops/cam1_20260510_011137_r1_c1.jpg,9749,28.4,,50,100,0,0,0,0,0,0.0,0.0,2247.0,0.0,37.7,9.4,0.0,0.0,,2026-05-10 07:11:39
germ-germinadorap-de5832|LOT-20260506-651F-005|r1_c1|rep0,LOT-20260506-651F-005:B2:R0,germ-germinadorap-de5832,LOT-20260506-651F-005,B2,1,1,0,Hierbabuena,,,,,,,2026-05-10 07:26:28,2026-05-06 20:48:22,82.64,4,cg_1778397984929_1,4648,cam1_20260510_012627.jpg,crops/cam1_20260510_012627_r1_c1.jpg,4650,cam1_20260510_012634.jpg,crops/cam1_20260510_012634_r1_c1.jpg,9756,28.3,,50,100,0,0,0,0,0,0.0,0.0,2247.0,0.0,37.7,9.4,0.0,0.0,,2026-05-10 07:26:36
germ-germinadorap-de5832|LOT-20260506-651F-005|r1_c1|rep0,LOT-20260506-651F-005:B2:R0,germ-germinadorap-de5832,LOT-20260506-651F-005,B2,1,1,0,Hierbabuena,,,,,,,2026-05-10 07:42:28,2026-05-06 20:48:22,82.90,4,cg_1778398944929_1,4653,cam1_20260510_014228.jpg,crops/cam1_20260510_014228_r1_c1.jpg,4655,cam1_20260510_014237.jpg,crops/cam1_20260510_014237_r1_c1.jpg,9773,28.4,,51,100,0,0,0,0,0,0.0,0.0,2247.0,0.0,37.7,9.4,0.0,0.0,,2026-05-10 07:42:39
germ-germinadorap-de5832|LOT-20260506-651F-005|r1_c1|rep0,LOT-20260506-651F-005:B2:R0,germ-germinadorap-de5832,LOT-20260506-651F-005,B2,1,1,0,Hierbabuena,,,,,,,2026-05-10 07:57:27,2026-05-06 20:48:22,83.15,4,cg_1778399844929_1,4657,cam1_20260510_015727.jpg,crops/cam1_20260510_015727_r1_c1.jpg,4659,cam1_20260510_015731.jpg,crops/cam1_20260510_015731_r1_c1.jpg,9785,28.4,,50,100,0,0,0,0,0,0.0,0.0,2247.0,0.0,37.7,9.4,0.0,0.0,,2026-05-10 07:57:33
germ-germinadorap-de5832|LOT-20260506-651F-005|r1_c1|rep0,LOT-20260506-651F-005:B2:R0,germ-germinadorap-de5832,LOT-20260506-651F-005,B2,1,1,0,Hierbabuena,,,,,,,2026-05-10 15:09:40,2026-05-06 20:48:22,90.36,4,cg_1778425778437_1,4661,cam1_20260510_090940.jpg,crops/cam1_20260510_090940_r1_c1.jpg,4663,cam1_20260510_090944.jpg,crops/cam1_20260510_090944_r1_c1.jpg,9797,27.2,,51,46.9,0,0,0,0,0,0.0,0.0,2248.0,0.0,43.7,10.9,0.6,0.2,,2026-05-10 15:09:45
germ-germinadorap-de5832|LOT-20260506-651F-005|r1_c1|rep0,LOT-20260506-651F-005:B2:R0,germ-germinadorap-de5832,LOT-20260506-651F-005,B2,1,1,0,Hierbabuena,,,,,,,2026-05-10 15:24:40,2026-05-06 20:48:22,90.61,4,cg_1778426678438_1,4665,cam1_20260510_092440.jpg,crops/cam1_20260510_092440_r1_c1.jpg,4667,cam1_20260510_092444.jpg,crops/cam1_20260510_092444_r1_c1.jpg,9809,27.6,,47,46.6,0,0,0,0,0,0.0,0.0,2263.0,0.0,44.0,11.0,0.7,0.2,,2026-05-10 15:24:45
germ-germinadorap-de5832|LOT-20260506-651F-005|r1_c1|rep0,LOT-20260506-651F-005:B2:R0,germ-germinadorap-de5832,LOT-20260506-651F-005,B2,1,1,0,Hierbabuena,,,,,,,2026-05-10 15:39:40,2026-05-06 20:48:22,90.86,4,cg_1778427578435_1,4669,cam1_20260510_093940.jpg,crops/cam1_20260510_093940_r1_c1.jpg,4671,cam1_20260510_093944.jpg,crops/cam1_20260510_093944_r1_c1.jpg,9821,28.4,,46,47.8,0,0,0,0,0,0.0,0.0,2278.0,0.0,44.2,11.1,0.8,0.2,,2026-05-10 15:39:45
germ-germinadorap-de5832|LOT-20260506-651F-005|r1_c1|rep0,LOT-20260506-651F-005:B2:R0,germ-germinadorap-de5832,LOT-20260506-651F-005,B2,1,1,0,Hierbabuena,,,,,,,2026-05-10 15:54:42,2026-05-06 20:48:22,91.11,4,cg_1778428478436_1,4673,cam1_20260510_095441.jpg,crops/cam1_20260510_095441_r1_c1.jpg,4675,cam1_20260510_095444.jpg,crops/cam1_20260510_095444_r1_c1.jpg,9833,28.8,,45,49.5,0,0,0,0,0,0.0,0.0,2293.0,0.0,44.5,11.1,0.8,0.2,,2026-05-10 15:54:46
germ-germinadorap-de5832|LOT-20260506-651F-005|r1_c1|rep0,LOT-20260506-651F-005:B2:R0,germ-germinadorap-de5832,LOT-20260506-651F-005,B2,1,1,0,Hierbabuena,,,,,,,2026-05-10 16:09:41,2026-05-06 20:48:22,91.36,4,cg_1778429378438_1,4677,cam1_20260510_100940.jpg,crops/cam1_20260510_100940_r1_c1.jpg,4679,cam1_20260510_100944.jpg,crops/cam1_20260510_100944_r1_c1.jpg,9845,28.8,,44,69.6,0,0,0,0,0,0.0,0.0,2307.0,0.0,44.7,11.2,0.9,0.2,,2026-05-10 16:09:46
germ-germinadorap-de5832|LOT-20260506-651F-005|r1_c1|rep0,LOT-20260506-651F-005:B2:R0,germ-germinadorap-de5832,LOT-20260506-651F-005,B2,1,1,0,Hierbabuena,,,,,,,2026-05-10 16:24:40,2026-05-06 20:48:22,91.61,4,cg_1778430278438_1,4681,cam1_20260510_102440.jpg,crops/cam1_20260510_102440_r1_c1.jpg,4683,cam1_20260510_102445.jpg,crops/cam1_20260510_102445_r1_c1.jpg,9857,28.9,,44,50,0,0,0,0,0,0.0,0.0,2322.0,0.0,44.9,11.2,1.0,0.3,,2026-05-10 16:24:46
germ-germinadorap-de5832|LOT-20260506-651F-005|r1_c1|rep0,LOT-20260506-651F-005:B2:R0,germ-germinadorap-de5832,LOT-20260506-651F-005,B2,1,1,0,Hierbabuena,,,,,,,2026-05-10 16:39:40,2026-05-06 20:48:22,91.86,4,cg_1778431178439_1,4685,cam1_20260510_103940.jpg,crops/cam1_20260510_103940_r1_c1.jpg,4687,cam1_20260510_103944.jpg,crops/cam1_20260510_103944_r1_c1.jpg,9869,29.4,,46,67.9,0,0,0,0,0,0.0,0.0,2337.0,0.0,45.2,11.3,1.1,0.3,,2026-05-10 16:39:45
germ-germinadorap-de5832|LOT-20260506-651F-005|r1_c1|rep0,LOT-20260506-651F-005:B2:R0,germ-germinadorap-de5832,LOT-20260506-651F-005,B2,1,1,0,Hierbabuena,,,,,,,2026-05-10 16:54:41,2026-05-06 20:48:22,92.11,4,cg_1778432078441_1,4689,cam1_20260510_105440.jpg,crops/cam1_20260510_105440_r1_c1.jpg,4691,cam1_20260510_105445.jpg,crops/cam1_20260510_105445_r1_c1.jpg,9881,29.2,,46,49.6,0,0,0,0,0,0.0,0.0,2352.0,0.0,45.4,11.4,1.1,0.3,,2026-05-10 16:54:46
germ-germinadorap-de5832|LOT-20260506-651F-005|r1_c1|rep0,LOT-20260506-651F-005:B2:R0,germ-germinadorap-de5832,LOT-20260506-651F-005,B2,1,1,0,Hierbabuena,,,,,,,2026-05-10 17:09:41,2026-05-06 20:48:22,92.36,4,cg_1778432978444_1,4693,cam1_20260510_110941.jpg,crops/cam1_20260510_110941_r1_c1.jpg,4695,cam1_20260510_110946.jpg,crops/cam1_20260510_110946_r1_c1.jpg,9893,29.3,,46,73.2,0,0,0,0,0,0.0,0.0,2367.0,0.0,45.7,11.4,1.2,0.3,,2026-05-10 17:09:48
germ-germinadorap-de5832|LOT-20260506-651F-005|r1_c1|rep0,LOT-20260506-651F-005:B2:R0,germ-germinadorap-de5832,LOT-20260506-651F-005,B2,1,1,0,Hierbabuena,,,,,,,2026-05-10 17:24:40,2026-05-06 20:48:22,92.61,4,cg_1778433878445_1,4697,cam1_20260510_112440.jpg,crops/cam1_20260510_112440_r1_c1.jpg,4699,cam1_20260510_112444.jpg,crops/cam1_20260510_112444_r1_c1.jpg,9905,29.3,,47,76.9,0,0,0,0,0,0.0,0.0,2382.0,0.0,45.9,11.5,1.2,0.3,,2026-05-10 17:24:45
germ-germinadorap-de5832|LOT-20260506-651F-005|r1_c1|rep0,LOT-20260506-651F-005:B2:R0,germ-germinadorap-de5832,LOT-20260506-651F-005,B2,1,1,0,Hierbabuena,,,,,,,2026-05-10 17:39:40,2026-05-06 20:48:22,92.86,4,cg_1778434778446_1,4701,cam1_20260510_113940.jpg,crops/cam1_20260510_113940_r1_c1.jpg,4703,cam1_20260510_113944.jpg,crops/cam1_20260510_113944_r1_c1.jpg,9917,29.4,,46,49.8,0,0,0,0,0,0.0,0.0,2397.0,0.0,46.2,11.5,1.3,0.3,,2026-05-10 17:39:46
germ-germinadorap-de5832|LOT-20260506-651F-005|r1_c1|rep0,LOT-20260506-651F-005:B2:R0,germ-germinadorap-de5832,LOT-20260506-651F-005,B2,1,1,0,Hierbabuena,,,,,,,2026-05-10 17:55:30,2026-05-06 20:48:22,93.12,4,cg_1778435727204_1,4705,cam1_20260510_115530.jpg,crops/cam1_20260510_115530_r1_c1.jpg,4707,cam1_20260510_115534.jpg,crops/cam1_20260510_115534_r1_c1.jpg,9929,29.6,,46,67.9,0,0,0,0,0,0.0,0.0,2413.0,0.0,46.5,11.6,1.3,0.3,,2026-05-10 17:55:35
germ-germinadorap-de5832|LOT-20260506-651F-005|r1_c1|rep0,LOT-20260506-651F-005:B2:R0,germ-germinadorap-de5832,LOT-20260506-651F-005,B2,1,1,0,Hierbabuena,,,,,,,2026-05-10 18:10:29,2026-05-06 20:48:22,93.37,4,cg_1778436627209_1,4709,cam1_20260510_121029.jpg,crops/cam1_20260510_121029_r1_c1.jpg,4711,cam1_20260510_121040.jpg,crops/cam1_20260510_121040_r1_c1.jpg,9941,29.7,,45,78.7,0,0,0,0,0,0.0,0.0,2428.0,0.0,46.7,11.7,1.4,0.3,,2026-05-10 18:10:41
germ-germinadorap-de5832|LOT-20260506-651F-005|r1_c1|rep0,LOT-20260506-651F-005:B2:R0,germ-germinadorap-de5832,LOT-20260506-651F-005,B2,1,1,0,Hierbabuena,,,,,,,2026-05-10 18:25:30,2026-05-06 20:48:22,93.62,4,cg_1778437527211_1,4713,cam1_20260510_122529.jpg,crops/cam1_20260510_122529_r1_c1.jpg,4715,cam1_20260510_122533.jpg,crops/cam1_20260510_122533_r1_c1.jpg,9953,29.7,,44,62.5,0,0,0,0,0,0.0,0.0,2442.0,0.0,46.9,11.7,1.4,0.4,,2026-05-10 18:25:35
germ-germinadorap-de5832|LOT-20260506-651F-005|r1_c1|rep0,LOT-20260506-651F-005:B2:R0,germ-germinadorap-de5832,LOT-20260506-651F-005,B2,1,1,0,Hierbabuena,,,,,,,2026-05-10 18:40:30,2026-05-06 20:48:22,93.87,4,cg_1778438427212_1,4717,cam1_20260510_124029.jpg,crops/cam1_20260510_124029_r1_c1.jpg,4719,cam1_20260510_124033.jpg,crops/cam1_20260510_124033_r1_c1.jpg,9965,29.8,,44,67.9,0,0,0,0,0,0.0,0.0,2457.0,0.0,47.2,11.8,1.5,0.4,,2026-05-10 18:40:35
germ-germinadorap-de5832|LOT-20260506-651F-005|r1_c1|rep0,LOT-20260506-651F-005:B2:R0,germ-germinadorap-de5832,LOT-20260506-651F-005,B2,1,1,0,Hierbabuena,,,,,,,2026-05-10 18:55:30,2026-05-06 20:48:22,94.12,4,cg_1778439327214_1,4721,cam1_20260510_125529.jpg,crops/cam1_20260510_125529_r1_c1.jpg,4723,cam1_20260510_125533.jpg,crops/cam1_20260510_125533_r1_c1.jpg,9977,29.8,,44,65.2,0,0,0,0,0,0.0,0.0,2472.0,0.0,47.4,11.9,1.5,0.4,,2026-05-10 18:55:35
germ-germinadorap-de5832|LOT-20260506-651F-005|r1_c1|rep0,LOT-20260506-651F-005:B2:R0,germ-germinadorap-de5832,LOT-20260506-651F-005,B2,1,1,0,Hierbabuena,,,,,,,2026-05-10 19:10:29,2026-05-06 20:48:22,94.37,4,cg_1778440227221_1,4729,cam1_20260510_131029.jpg,crops/cam1_20260510_131029_r1_c1.jpg,4731,cam1_20260510_131034.jpg,crops/cam1_20260510_131034_r1_c1.jpg,9989,29.9,,45,47.4,0,0,0,0,0,0.0,0.0,2487.0,4.0,47.7,11.9,1.6,0.4,,2026-05-10 19:10:35
germ-germinadorap-de5832|LOT-20260506-651F-005|r1_c1|rep0,LOT-20260506-651F-005:B2:R0,germ-germinadorap-de5832,LOT-20260506-651F-005,B2,1,1,0,Hierbabuena,,,,,,,2026-05-10 19:25:29,2026-05-06 20:48:22,94.62,4,cg_1778441127254_1,4733,cam1_20260510_132528.jpg,crops/cam1_20260510_132528_r1_c1.jpg,4735,cam1_20260510_132534.jpg,crops/cam1_20260510_132534_r1_c1.jpg,10001,29.7,,46,49.7,0,0,0,0,0,0.0,0.0,2502.0,8.0,47.9,12.0,1.6,0.4,,2026-05-10 19:25:35
germ-germinadorap-de5832|LOT-20260506-651F-005|r1_c1|rep0,LOT-20260506-651F-005:B2:R0,germ-germinadorap-de5832,LOT-20260506-651F-005,B2,1,1,0,Hierbabuena,,,,,,,2026-05-10 19:40:29,2026-05-06 20:48:22,94.87,4,cg_1778442027256_1,4737,cam1_20260510_134029.jpg,crops/cam1_20260510_134029_r1_c1.jpg,4739,cam1_20260510_134033.jpg,crops/cam1_20260510_134033_r1_c1.jpg,10013,29.9,,45,68.8,0,0,0,0,0,0.0,0.0,2517.0,11.0,48.2,12.0,1.6,0.4,,2026-05-10 19:40:35
germ-germinadorap-de5832|LOT-20260506-651F-005|r1_c1|rep0,LOT-20260506-651F-005:B2:R0,germ-germinadorap-de5832,LOT-20260506-651F-005,B2,1,1,0,Hierbabuena,,,,,,,2026-05-10 19:55:38,2026-05-06 20:48:22,95.12,4,cg_1778442935744_1,4749,cam1_20260510_135538.jpg,crops/cam1_20260510_135538_r1_c1.jpg,4751,cam1_20260510_135543.jpg,crops/cam1_20260510_135543_r1_c1.jpg,10025,29.9,,54,46.2,0,0,0,0,0,0.0,0.0,2532.0,14.0,48.4,12.1,1.7,0.4,,2026-05-10 19:55:45
germ-germinadorap-de5832|LOT-20260506-651F-005|r1_c1|rep0,LOT-20260506-651F-005:B2:R0,germ-germinadorap-de5832,LOT-20260506-651F-005,B2,1,1,0,Hierbabuena,,,,,,,2026-05-10 20:10:38,2026-05-06 20:48:22,95.37,4,cg_1778443835805_1,4753,cam1_20260510_141038.jpg,crops/cam1_20260510_141038_r1_c1.jpg,4755,cam1_20260510_141042.jpg,crops/cam1_20260510_141042_r1_c1.jpg,10037,29.9,,48,51.8,0,0,0,0,0,0.0,0.0,2546.0,19.0,48.5,12.1,1.7,0.4,,2026-05-10 20:10:44
germ-germinadorap-de5832|LOT-20260506-651F-005|r1_c1|rep0,LOT-20260506-651F-005:B2:R0,germ-germinadorap-de5832,LOT-20260506-651F-005,B2,1,1,0,Hierbabuena,,,,,,,2026-05-10 20:25:48,2026-05-06 20:48:22,95.62,4,cg_1778444745348_1,4761,cam1_20260510_142547.jpg,crops/cam1_20260510_142547_r1_c1.jpg,4763,cam1_20260510_142553.jpg,crops/cam1_20260510_142553_r1_c1.jpg,10049,29.7,,62,47.1,0,0,1,0,0,0.0,1.0,2562.0,23.0,48.5,12.1,1.7,0.4,,2026-05-10 20:25:55
germ-germinadorap-de5832|LOT-20260506-651F-005|r1_c1|rep0,LOT-20260506-651F-005:B2:R0,germ-germinadorap-de5832,LOT-20260506-651F-005,B2,1,1,0,Hierbabuena,,,,,,,2026-05-10 20:41:00,2026-05-06 20:48:22,95.88,4,cg_1778445655056_1,4770,cam1_20260510_144100.jpg,crops/cam1_20260510_144100_r1_c1.jpg,4771,cam1_20260510_144102.jpg,crops/cam1_20260510_144102_r1_c1.jpg,10061,29.7,,47,47.6,0,0,0,0,0,0.0,0.0,2576.0,29.0,48.5,12.1,1.7,0.4,,2026-05-10 20:41:04
germ-germinadorap-de5832|LOT-20260506-651F-005|r1_c1|rep0,LOT-20260506-651F-005:B2:R0,germ-germinadorap-de5832,LOT-20260506-651F-005,B2,1,1,0,Hierbabuena,,,,,,,2026-05-10 20:55:57,2026-05-06 20:48:22,96.13,5,cg_1778446555253_1,4777,cam1_20260510_145557.jpg,crops/cam1_20260510_145557_r1_c1.jpg,4779,cam1_20260510_145602.jpg,crops/cam1_20260510_145602_r1_c1.jpg,10073,29.9,,58,47.7,0,0,0,0,0,0.0,0.0,2591.0,34.0,48.5,9.7,1.7,0.3,,2026-05-10 20:56:03
germ-germinadorap-de5832|LOT-20260506-651F-005|r1_c1|rep0,LOT-20260506-651F-005:B2:R0,germ-germinadorap-de5832,LOT-20260506-651F-005,B2,1,1,0,Hierbabuena,,,,,,,2026-05-10 21:10:57,2026-05-06 20:48:22,96.38,5,cg_1778447455410_1,4781,cam1_20260510_151057.jpg,crops/cam1_20260510_151057_r1_c1.jpg,4783,cam1_20260510_151102.jpg,crops/cam1_20260510_151102_r1_c1.jpg,10085,29.8,,58,47.2,0,0,0,0,0,0.0,0.0,2606.0,39.0,48.7,9.7,1.7,0.3,,2026-05-10 21:11:03
germ-germinadorap-de5832|LOT-20260506-651F-005|r1_c1|rep0,LOT-20260506-651F-005:B2:R0,germ-germinadorap-de5832,LOT-20260506-651F-005,B2,1,1,0,Hierbabuena,,,,,,,2026-05-10 21:25:58,2026-05-06 20:48:22,96.63,5,cg_1778448355541_1,4789,cam1_20260510_152557.jpg,crops/cam1_20260510_152557_r1_c1.jpg,4791,cam1_20260510_152602.jpg,crops/cam1_20260510_152602_r1_c1.jpg,10097,29.8,,63,45.7,0,0,1,0,0,0.0,1.0,2621.0,42.0,48.9,9.8,1.7,0.3,,2026-05-10 21:26:03
germ-germinadorap-de5832|LOT-20260506-651F-005|r1_c1|rep0,LOT-20260506-651F-005:B2:R0,germ-germinadorap-de5832,LOT-20260506-651F-005,B2,1,1,0,Hierbabuena,,,,,,,2026-05-10 21:40:58,2026-05-06 20:48:22,96.88,5,cg_1778449255738_1,4793,cam1_20260510_154057.jpg,crops/cam1_20260510_154057_r1_c1.jpg,4795,cam1_20260510_154102.jpg,crops/cam1_20260510_154102_r1_c1.jpg,10109,29.7,,49,47.6,0,0,0,0,0,0.0,0.0,2636.0,47.0,49.2,9.8,1.7,0.3,,2026-05-10 21:41:04
germ-germinadorap-de5832|LOT-20260506-651F-005|r1_c1|rep0,LOT-20260506-651F-005:B2:R0,germ-germinadorap-de5832,LOT-20260506-651F-005,B2,1,1,0,Hierbabuena,,,,,,,2026-05-10 21:55:58,2026-05-06 20:48:22,97.13,5,cg_1778450155740_1,4797,cam1_20260510_155558.jpg,crops/cam1_20260510_155558_r1_c1.jpg,4799,cam1_20260510_155602.jpg,crops/cam1_20260510_155602_r1_c1.jpg,10121,29.8,,47,47.5,0,0,0,0,0,0.0,0.0,2651.0,50.0,49.4,9.9,1.7,0.3,,2026-05-10 21:56:03
germ-germinadorap-de5832|LOT-20260506-651F-005|r1_c1|rep0,LOT-20260506-651F-005:B2:R0,germ-germinadorap-de5832,LOT-20260506-651F-005,B2,1,1,0,Hierbabuena,,,,,,,2026-05-10 22:11:01,2026-05-06 20:48:22,97.38,5,cg_1778451055742_1,4802,cam1_20260510_161100.jpg,crops/cam1_20260510_161100_r1_c1.jpg,4803,cam1_20260510_161103.jpg,crops/cam1_20260510_161103_r1_c1.jpg,10133,29.9,,59,48.1,0,0,0,0,0,0.0,0.0,2666.0,54.0,49.7,9.9,1.7,0.3,,2026-05-10 22:11:05
germ-germinadorap-de5832|LOT-20260506-651F-005|r1_c1|rep0,LOT-20260506-651F-005:B2:R0,germ-germinadorap-de5832,LOT-20260506-651F-005,B2,1,1,0,Hierbabuena,,,,,,,2026-05-10 22:25:59,2026-05-06 20:48:22,97.63,5,cg_1778451955814_1,4805,cam1_20260510_162558.jpg,crops/cam1_20260510_162558_r1_c1.jpg,4807,cam1_20260510_162602.jpg,crops/cam1_20260510_162602_r1_c1.jpg,10145,29.6,,51,46.7,0,0,0,0,0,0.0,0.0,2681.0,60.0,49.9,10.0,1.7,0.3,,2026-05-10 22:26:04
germ-germinadorap-de5832|LOT-20260506-651F-005|r1_c1|rep0,LOT-20260506-651F-005:B2:R0,germ-germinadorap-de5832,LOT-20260506-651F-005,B2,1,1,0,Hierbabuena,,,,,,,2026-05-10 22:40:58,2026-05-06 20:48:22,97.88,5,cg_1778452855819_1,4813,cam1_20260510_164057.jpg,crops/cam1_20260510_164057_r1_c1.jpg,4815,cam1_20260510_164102.jpg,crops/cam1_20260510_164102_r1_c1.jpg,10157,29.7,,49,46.5,0,0,0,0,0,0.0,0.0,2695.0,64.0,50.2,10.0,1.7,0.3,,2026-05-10 22:41:03
germ-germinadorap-de5832|LOT-20260506-651F-005|r1_c1|rep0,LOT-20260506-651F-005:B2:R0,germ-germinadorap-de5832,LOT-20260506-651F-005,B2,1,1,0,Hierbabuena,,,,,,,2026-05-10 22:55:58,2026-05-06 20:48:22,98.13,5,cg_1778453755862_1,4817,cam1_20260510_165557.jpg,crops/cam1_20260510_165557_r1_c1.jpg,4819,cam1_20260510_165603.jpg,crops/cam1_20260510_165603_r1_c1.jpg,10169,29.7,,48,44,0,0,0,0,0,0.0,0.0,2710.0,67.0,50.4,10.1,1.7,0.3,,2026-05-10 22:56:04
germ-germinadorap-de5832|LOT-20260506-651F-005|r1_c1|rep0,LOT-20260506-651F-005:B2:R0,germ-germinadorap-de5832,LOT-20260506-651F-005,B2,1,1,0,Hierbabuena,,,,,,,2026-05-10 23:10:58,2026-05-06 20:48:22,98.38,5,cg_1778454655866_1,4821,cam1_20260510_171057.jpg,crops/cam1_20260510_171057_r1_c1.jpg,4823,cam1_20260510_171103.jpg,crops/cam1_20260510_171103_r1_c1.jpg,10181,29.8,,46,47.5,0,0,0,0,0,0.0,0.0,2725.0,70.0,50.7,10.1,1.7,0.3,,2026-05-10 23:11:04
germ-germinadorap-de5832|LOT-20260506-651F-005|r1_c1|rep0,LOT-20260506-651F-005:B2:R0,germ-germinadorap-de5832,LOT-20260506-651F-005,B2,1,1,0,Hierbabuena,,,,,,,2026-05-10 23:25:59,2026-05-06 20:48:22,98.63,5,cg_1778455555867_1,4825,cam1_20260510_172558.jpg,crops/cam1_20260510_172558_r1_c1.jpg,4827,cam1_20260510_172602.jpg,crops/cam1_20260510_172602_r1_c1.jpg,10193,29.8,,47,45.9,0,0,0,0,0,0.0,0.0,2740.0,74.0,50.9,10.2,1.7,0.3,,2026-05-10 23:26:04
germ-germinadorap-de5832|LOT-20260506-651F-005|r1_c1|rep0,LOT-20260506-651F-005:B2:R0,germ-germinadorap-de5832,LOT-20260506-651F-005,B2,1,1,0,Hierbabuena,,,,,,,2026-05-10 23:40:58,2026-05-06 20:48:22,98.88,5,cg_1778456455869_1,4829,cam1_20260510_174058.jpg,crops/cam1_20260510_174058_r1_c1.jpg,4831,cam1_20260510_174102.jpg,crops/cam1_20260510_174102_r1_c1.jpg,10205,29.8,,47,46.4,0,0,0,0,0,0.0,0.0,2755.0,77.0,51.1,10.2,1.7,0.3,,2026-05-10 23:41:04
germ-germinadorap-de5832|LOT-20260506-651F-005|r1_c1|rep0,LOT-20260506-651F-005:B2:R0,germ-germinadorap-de5832,LOT-20260506-651F-005,B2,1,1,0,Hierbabuena,,,,,,,2026-05-10 23:55:58,2026-05-06 20:48:22,99.13,5,cg_1778457355898_1,4833,cam1_20260510_175557.jpg,crops/cam1_20260510_175557_r1_c1.jpg,4835,cam1_20260510_175602.jpg,crops/cam1_20260510_175602_r1_c1.jpg,10217,29.8,,45,45.5,0,0,0,0,0,0.0,0.0,2770.0,80.0,51.4,10.3,1.7,0.3,,2026-05-10 23:56:03
germ-germinadorap-de5832|LOT-20260506-651F-005|r1_c1|rep0,LOT-20260506-651F-005:B2:R0,germ-germinadorap-de5832,LOT-20260506-651F-005,B2,1,1,0,Hierbabuena,,,,,,,2026-05-11 00:10:59,2026-05-06 20:48:22,99.38,5,cg_1778458255953_1,4837,cam1_20260510_181059.jpg,crops/cam1_20260510_181059_r1_c1.jpg,4839,cam1_20260510_181103.jpg,crops/cam1_20260510_181103_r1_c1.jpg,10229,29.7,,48,45.4,0,0,0,1,0,15.0,3.0,2785.0,84.0,51.6,10.3,1.7,0.3,,2026-05-11 00:11:05
germ-germinadorap-de5832|LOT-20260506-651F-005|r1_c1|rep0,LOT-20260506-651F-005:B2:R0,germ-germinadorap-de5832,LOT-20260506-651F-005,B2,1,1,0,Hierbabuena,,,,,,,2026-05-11 00:25:59,2026-05-06 20:48:22,99.63,5,cg_1778459155971_1,4841,cam1_20260510_182559.jpg,crops/cam1_20260510_182559_r1_c1.jpg,4843,cam1_20260510_182602.jpg,crops/cam1_20260510_182602_r1_c1.jpg,10241,29.7,,58,44.8,0,0,0,0,0,0.0,0.0,2800.0,87.0,51.8,10.4,1.7,0.3,,2026-05-11 00:26:04
germ-germinadorap-de5832|LOT-20260506-651F-005|r1_c1|rep0,LOT-20260506-651F-005:B2:R0,germ-germinadorap-de5832,LOT-20260506-651F-005,B2,1,1,0,Hierbabuena,,,,,,,2026-05-11 00:40:58,2026-05-06 20:48:22,99.88,5,cg_1778460055976_1,4845,cam1_20260510_184057.jpg,crops/cam1_20260510_184057_r1_c1.jpg,4847,cam1_20260510_184102.jpg,crops/cam1_20260510_184102_r1_c1.jpg,10253,29.8,,57,45.3,0,0,0,0,0,0.0,0.0,2815.0,88.0,51.8,10.4,1.7,0.3,,2026-05-11 00:41:03
germ-germinadorap-de5832|LOT-20260506-651F-005|r1_c1|rep0,LOT-20260506-651F-005:B2:R0,germ-germinadorap-de5832,LOT-20260506-651F-005,B2,1,1,0,Hierbabuena,,,,,,,2026-05-11 00:56:00,2026-05-06 20:48:22,100.13,5,cg_1778460955982_1,4849,cam1_20260510_185559.jpg,crops/cam1_20260510_185559_r1_c1.jpg,4851,cam1_20260510_185602.jpg,crops/cam1_20260510_185602_r1_c1.jpg,10265,29.9,,44,44.5,0,0,0,0,0,0.0,0.0,2830.0,91.0,51.8,10.4,1.7,0.3,,2026-05-11 00:56:04
germ-germinadorap-de5832|LOT-20260506-651F-005|r1_c1|rep0,LOT-20260506-651F-005:B2:R0,germ-germinadorap-de5832,LOT-20260506-651F-005,B2,1,1,0,Hierbabuena,,,,,,,2026-05-11 01:10:58,2026-05-06 20:48:22,100.38,5,cg_1778461855986_1,4853,cam1_20260510_191057.jpg,crops/cam1_20260510_191057_r1_c1.jpg,4855,cam1_20260510_191103.jpg,crops/cam1_20260510_191103_r1_c1.jpg,10277,29.8,,45,44.1,0,0,0,0,0,0.0,0.0,2845.0,94.0,51.8,10.4,1.7,0.3,,2026-05-11 01:11:04
germ-germinadorap-de5832|LOT-20260506-651F-005|r1_c1|rep0,LOT-20260506-651F-005:B2:R0,germ-germinadorap-de5832,LOT-20260506-651F-005,B2,1,1,0,Hierbabuena,,,,,,,2026-05-11 01:25:58,2026-05-06 20:48:22,100.63,5,cg_1778462756075_1,4857,cam1_20260510_192557.jpg,crops/cam1_20260510_192557_r1_c1.jpg,4859,cam1_20260510_192603.jpg,crops/cam1_20260510_192603_r1_c1.jpg,10289,30,,57,43.9,0,0,1,0,0,0.0,0.0,2859.0,95.0,51.8,10.4,1.7,0.3,,2026-05-11 01:26:04
germ-germinadorap-de5832|LOT-20260506-651F-005|r1_c1|rep0,LOT-20260506-651F-005:B2:R0,germ-germinadorap-de5832,LOT-20260506-651F-005,B2,1,1,0,Hierbabuena,,,,,,,2026-05-11 01:40:58,2026-05-06 20:48:22,100.88,5,cg_1778463656078_1,4861,cam1_20260510_194057.jpg,crops/cam1_20260510_194057_r1_c1.jpg,4863,cam1_20260510_194103.jpg,crops/cam1_20260510_194103_r1_c1.jpg,10301,29.8,,46,43.8,0,0,0,0,0,0.0,0.0,2874.0,98.0,51.8,10.4,1.7,0.3,,2026-05-11 01:41:05
germ-germinadorap-de5832|LOT-20260506-651F-005|r1_c1|rep0,LOT-20260506-651F-005:B2:R0,germ-germinadorap-de5832,LOT-20260506-651F-005,B2,1,1,0,Hierbabuena,,,,,,,2026-05-11 01:55:58,2026-05-06 20:48:22,101.13,5,cg_1778464556086_1,4865,cam1_20260510_195557.jpg,crops/cam1_20260510_195557_r1_c1.jpg,4867,cam1_20260510_195602.jpg,crops/cam1_20260510_195602_r1_c1.jpg,10313,29.6,,48,43.2,0,0,0,0,0,0.0,0.0,2889.0,101.0,51.8,10.4,1.7,0.3,,2026-05-11 01:56:04
germ-germinadorap-de5832|LOT-20260506-651F-005|r1_c1|rep0,LOT-20260506-651F-005:B2:R0,germ-germinadorap-de5832,LOT-20260506-651F-005,B2,1,1,0,Hierbabuena,,,,,,,2026-05-11 02:10:58,2026-05-06 20:48:22,101.38,5,cg_1778465456090_1,4869,cam1_20260510_201057.jpg,crops/cam1_20260510_201057_r1_c1.jpg,4871,cam1_20260510_201102.jpg,crops/cam1_20260510_201102_r1_c1.jpg,10325,29.6,,45,43.4,0,0,0,0,0,0.0,0.0,2894.0,101.0,51.8,10.4,1.7,0.3,,2026-05-11 02:11:04
germ-germinadorap-de5832|LOT-20260506-651F-005|r1_c1|rep0,LOT-20260506-651F-005:B2:R0,germ-germinadorap-de5832,LOT-20260506-651F-005,B2,1,1,0,Hierbabuena,,,,,,,2026-05-11 02:25:58,2026-05-06 20:48:22,101.63,5,cg_1778466356093_1,4873,cam1_20260510_202558.jpg,crops/cam1_20260510_202558_r1_c1.jpg,4875,cam1_20260510_202602.jpg,crops/cam1_20260510_202602_r1_c1.jpg,10337,29.2,,45,43.6,0,0,0,0,0,0.0,0.0,2894.0,101.0,51.8,10.4,1.7,0.3,,2026-05-11 02:26:04
germ-germinadorap-de5832|LOT-20260506-651F-005|r1_c1|rep0,LOT-20260506-651F-005:B2:R0,germ-germinadorap-de5832,LOT-20260506-651F-005,B2,1,1,0,Hierbabuena,,,,,,,2026-05-11 02:40:58,2026-05-06 20:48:22,101.88,5,cg_1778467256099_1,4877,cam1_20260510_204057.jpg,crops/cam1_20260510_204057_r1_c1.jpg,4879,cam1_20260510_204102.jpg,crops/cam1_20260510_204102_r1_c1.jpg,10349,29,,46,42.8,0,0,0,0,0,0.0,0.0,2894.0,101.0,51.8,10.4,1.7,0.3,,2026-05-11 02:41:04
germ-germinadorap-de5832|LOT-20260506-651F-005|r1_c1|rep0,LOT-20260506-651F-005:B2:R0,germ-germinadorap-de5832,LOT-20260506-651F-005,B2,1,1,0,Hierbabuena,,,,,,,2026-05-11 02:55:58,2026-05-06 20:48:22,102.13,5,cg_1778468156102_1,4881,cam1_20260510_205557.jpg,crops/cam1_20260510_205557_r1_c1.jpg,4883,cam1_20260510_205602.jpg,crops/cam1_20260510_205602_r1_c1.jpg,10361,28.8,,45,42.5,0,0,0,0,0,0.0,0.0,2894.0,101.0,51.8,10.4,1.7,0.3,,2026-05-11 02:56:04
germ-germinadorap-de5832|LOT-20260506-651F-005|r1_c1|rep0,LOT-20260506-651F-005:B2:R0,germ-germinadorap-de5832,LOT-20260506-651F-005,B2,1,1,0,Hierbabuena,,,,,,,2026-05-11 03:11:00,2026-05-06 20:48:22,102.38,5,cg_1778469056109_1,4885,cam1_20260510_211059.jpg,crops/cam1_20260510_211059_r1_c1.jpg,4887,cam1_20260510_211104.jpg,crops/cam1_20260510_211104_r1_c1.jpg,10373,29,,46,40.2,0,0,0,0,0,0.0,0.0,2904.0,101.0,51.8,10.4,1.7,0.3,,2026-05-11 03:11:07
germ-germinadorap-de5832|LOT-20260506-651F-005|r1_c1|rep0,LOT-20260506-651F-005:B2:R0,germ-germinadorap-de5832,LOT-20260506-651F-005,B2,1,1,0,Hierbabuena,,,,,,,2026-05-11 03:25:58,2026-05-06 20:48:22,102.63,5,cg_1778469956111_1,4889,cam1_20260510_212558.jpg,crops/cam1_20260510_212558_r1_c1.jpg,4891,cam1_20260510_212603.jpg,crops/cam1_20260510_212603_r1_c1.jpg,10385,29.1,,47,41.3,0,0,0,0,0,0.0,0.0,2918.0,101.0,51.8,10.4,1.7,0.3,,2026-05-11 03:26:04
germ-germinadorap-de5832|LOT-20260506-651F-005|r1_c1|rep0,LOT-20260506-651F-005:B2:R0,germ-germinadorap-de5832,LOT-20260506-651F-005,B2,1,1,0,Hierbabuena,,,,,,,2026-05-11 03:40:58,2026-05-06 20:48:22,102.88,5,cg_1778470856120_1,4893,cam1_20260510_214058.jpg,crops/cam1_20260510_214058_r1_c1.jpg,4895,cam1_20260510_214103.jpg,crops/cam1_20260510_214103_r1_c1.jpg,10397,27.6,,45,37.5,0,0,0,0,0,0.0,0.0,2933.0,101.0,51.8,10.4,1.7,0.3,,2026-05-11 03:41:04
germ-germinadorap-de5832|LOT-20260506-651F-005|r1_c1|rep0,LOT-20260506-651F-005:B2:R0,germ-germinadorap-de5832,LOT-20260506-651F-005,B2,1,1,0,Hierbabuena,,,,,,,2026-05-11 03:55:58,2026-05-06 20:48:22,103.13,5,cg_1778471756121_1,4897,cam1_20260510_215557.jpg,crops/cam1_20260510_215557_r1_c1.jpg,4899,cam1_20260510_215604.jpg,crops/cam1_20260510_215604_r1_c1.jpg,10409,27.3,,47,34.1,0,0,0,0,0,0.0,0.0,2948.0,101.0,51.8,10.4,1.7,0.3,,2026-05-11 03:56:06
germ-germinadorap-de5832|LOT-20260506-651F-005|r1_c1|rep0,LOT-20260506-651F-005:B2:R0,germ-germinadorap-de5832,LOT-20260506-651F-005,B2,1,1,0,Hierbabuena,,,,,,,2026-05-11 04:10:58,2026-05-06 20:48:22,103.38,5,cg_1778472656125_1,4901,cam1_20260510_221058.jpg,crops/cam1_20260510_221058_r1_c1.jpg,4903,cam1_20260510_221103.jpg,crops/cam1_20260510_221103_r1_c1.jpg,10421,26.8,,42,35.2,0,0,0,0,0,0.0,0.0,2963.0,101.0,51.8,10.4,1.7,0.3,,2026-05-11 04:11:05
germ-germinadorap-de5832|LOT-20260506-651F-005|r1_c1|rep0,LOT-20260506-651F-005:B2:R0,germ-germinadorap-de5832,LOT-20260506-651F-005,B2,1,1,0,Hierbabuena,,,,,,,2026-05-11 04:26:00,2026-05-06 20:48:22,103.63,5,cg_1778473556137_1,4905,cam1_20260510_222559.jpg,crops/cam1_20260510_222559_r1_c1.jpg,4907,cam1_20260510_222603.jpg,crops/cam1_20260510_222603_r1_c1.jpg,10433,26.2,,40,35.6,0,0,0,0,0,0.0,0.0,2978.0,101.0,51.8,10.4,1.7,0.3,,2026-05-11 04:26:04
germ-germinadorap-de5832|LOT-20260506-651F-005|r1_c1|rep0,LOT-20260506-651F-005:B2:R0,germ-germinadorap-de5832,LOT-20260506-651F-005,B2,1,1,0,Hierbabuena,,,,,,,2026-05-11 04:40:58,2026-05-06 20:48:22,103.88,5,cg_1778474456151_1,4909,cam1_20260510_224058.jpg,crops/cam1_20260510_224058_r1_c1.jpg,4911,cam1_20260510_224103.jpg,crops/cam1_20260510_224103_r1_c1.jpg,10445,26.8,,40,35.8,0,0,0,0,0,0.0,0.0,2993.0,101.0,51.8,10.4,1.7,0.3,,2026-05-11 04:41:05
germ-germinadorap-de5832|LOT-20260506-651F-005|r1_c1|rep0,LOT-20260506-651F-005:B2:R0,germ-germinadorap-de5832,LOT-20260506-651F-005,B2,1,1,0,Hierbabuena,,,,,,,2026-05-11 04:55:58,2026-05-06 20:48:22,104.13,5,cg_1778475356171_1,4913,cam1_20260510_225558.jpg,crops/cam1_20260510_225558_r1_c1.jpg,4915,cam1_20260510_225603.jpg,crops/cam1_20260510_225603_r1_c1.jpg,10457,28,,46,33.7,0,0,0,0,0,0.0,0.0,3008.0,101.0,51.8,10.4,1.7,0.3,,2026-05-11 04:56:05
germ-germinadorap-de5832|LOT-20260506-651F-005|r1_c1|rep0,LOT-20260506-651F-005:B2:R0,germ-germinadorap-de5832,LOT-20260506-651F-005,B2,1,1,0,Hierbabuena,,,,,,,2026-05-11 05:10:58,2026-05-06 20:48:22,104.38,5,cg_1778476256192_1,4917,cam1_20260510_231058.jpg,crops/cam1_20260510_231058_r1_c1.jpg,4919,cam1_20260510_231103.jpg,crops/cam1_20260510_231103_r1_c1.jpg,10469,28.2,,47,35.8,0,0,0,0,0,0.0,0.0,3023.0,101.0,51.8,10.4,1.7,0.3,,2026-05-11 05:11:05
germ-germinadorap-de5832|LOT-20260506-651F-005|r1_c1|rep0,LOT-20260506-651F-005:B2:R0,germ-germinadorap-de5832,LOT-20260506-651F-005,B2,1,1,0,Hierbabuena,,,,,,,2026-05-11 05:25:58,2026-05-06 20:48:22,104.63,5,cg_1778477156203_1,4921,cam1_20260510_232557.jpg,crops/cam1_20260510_232557_r1_c1.jpg,4923,cam1_20260510_232603.jpg,crops/cam1_20260510_232603_r1_c1.jpg,10481,28.2,,48,35.9,0,0,0,0,0,0.0,0.0,3038.0,101.0,51.8,10.4,1.7,0.3,,2026-05-11 05:26:05
germ-germinadorap-de5832|LOT-20260506-651F-005|r1_c1|rep0,LOT-20260506-651F-005:B2:R0,germ-germinadorap-de5832,LOT-20260506-651F-005,B2,1,1,0,Hierbabuena,,,,,,,2026-05-11 05:40:58,2026-05-06 20:48:22,104.88,5,cg_1778478056227_1,4925,cam1_20260510_234058.jpg,crops/cam1_20260510_234058_r1_c1.jpg,4927,cam1_20260510_234103.jpg,crops/cam1_20260510_234103_r1_c1.jpg,10493,28.4,,48,37.3,0,0,0,0,0,0.0,0.0,3052.0,101.0,51.8,10.4,1.7,0.3,,2026-05-11 05:41:05
germ-germinadorap-de5832|LOT-20260506-651F-005|r1_c1|rep0,LOT-20260506-651F-005:B2:R0,germ-germinadorap-de5832,LOT-20260506-651F-005,B2,1,1,0,Hierbabuena,,,,,,,2026-05-11 05:55:58,2026-05-06 20:48:22,105.13,5,cg_1778478956239_1,4929,cam1_20260510_235558.jpg,crops/cam1_20260510_235558_r1_c1.jpg,4931,cam1_20260510_235603.jpg,crops/cam1_20260510_235603_r1_c1.jpg,10505,28.4,,50,35.6,0,0,0,0,0,0.0,0.0,3067.0,101.0,51.8,10.4,1.7,0.3,,2026-05-11 05:56:05
germ-germinadorap-de5832|LOT-20260506-651F-005|r1_c1|rep0,LOT-20260506-651F-005:B2:R0,germ-germinadorap-de5832,LOT-20260506-651F-005,B2,1,1,0,Hierbabuena,,,,,,,2026-05-11 06:10:59,2026-05-06 20:48:22,105.38,5,cg_1778479856257_1,4933,cam1_20260511_001058.jpg,crops/cam1_20260511_001058_r1_c1.jpg,4935,cam1_20260511_001103.jpg,crops/cam1_20260511_001103_r1_c1.jpg,10517,28.5,,48,34.1,0,0,0,0,0,0.0,0.0,3082.0,101.0,51.8,10.4,1.7,0.3,,2026-05-11 06:11:05
germ-germinadorap-de5832|LOT-20260506-651F-005|r1_c1|rep0,LOT-20260506-651F-005:B2:R0,germ-germinadorap-de5832,LOT-20260506-651F-005,B2,1,1,0,Hierbabuena,,,,,,,2026-05-11 06:25:58,2026-05-06 20:48:22,105.63,5,cg_1778480756264_1,4937,cam1_20260511_002558.jpg,crops/cam1_20260511_002558_r1_c1.jpg,4939,cam1_20260511_002603.jpg,crops/cam1_20260511_002603_r1_c1.jpg,10529,28.6,,51,36.3,0,0,0,0,0,0.0,0.0,3093.0,101.0,51.8,10.4,1.7,0.3,,2026-05-11 06:26:05
germ-germinadorap-de5832|LOT-20260506-651F-005|r1_c1|rep0,LOT-20260506-651F-005:B2:R0,germ-germinadorap-de5832,LOT-20260506-651F-005,B2,1,1,0,Hierbabuena,,,,,,,2026-05-11 06:41:00,2026-05-06 20:48:22,105.88,5,cg_1778481656276_1,4941,cam1_20260511_004059.jpg,crops/cam1_20260511_004059_r1_c1.jpg,4943,cam1_20260511_004103.jpg,crops/cam1_20260511_004103_r1_c1.jpg,10541,28.7,,51,35.8,0,0,0,0,0,0.0,0.0,3093.0,101.0,51.8,10.4,1.7,0.3,,2026-05-11 06:41:05
germ-germinadorap-de5832|LOT-20260506-651F-005|r1_c1|rep0,LOT-20260506-651F-005:B2:R0,germ-germinadorap-de5832,LOT-20260506-651F-005,B2,1,1,0,Hierbabuena,,,,,,,2026-05-11 06:55:58,2026-05-06 20:48:22,106.13,5,cg_1778482556275_1,4945,cam1_20260511_005557.jpg,crops/cam1_20260511_005557_r1_c1.jpg,4947,cam1_20260511_005603.jpg,crops/cam1_20260511_005603_r1_c1.jpg,10553,28.5,,53,34.3,0,0,0,0,0,0.0,0.0,3093.0,101.0,51.8,10.4,1.7,0.3,,2026-05-11 06:56:05
germ-germinadorap-de5832|LOT-20260506-651F-005|r1_c1|rep0,LOT-20260506-651F-005:B2:R0,germ-germinadorap-de5832,LOT-20260506-651F-005,B2,1,1,0,Hierbabuena,,,,,,,2026-05-11 14:35:50,2026-05-06 20:48:22,113.79,5,cg_1778510148197_1,4948,cam1_20260511_083549.jpg,crops/cam1_20260511_083549_r1_c1.jpg,4950,cam1_20260511_083552.jpg,crops/cam1_20260511_083552_r1_c1.jpg,10560,26.6,,53,14.3,0,0,0,0,0,0.0,0.0,3094.0,101.0,57.8,11.6,1.7,0.3,,2026-05-11 14:35:54
germ-germinadorap-de5832|LOT-20260506-651F-005|r1_c1|rep0,LOT-20260506-651F-005:B2:R0,germ-germinadorap-de5832,LOT-20260506-651F-005,B2,1,1,0,Hierbabuena,,,,,,,2026-05-11 14:50:50,2026-05-06 20:48:22,114.04,5,cg_1778511048195_1,4953,cam1_20260511_085050.jpg,crops/cam1_20260511_085050_r1_c1.jpg,4955,cam1_20260511_085055.jpg,crops/cam1_20260511_085055_r1_c1.jpg,10577,27.2,,52,14.9,0,0,0,0,0,0.0,0.0,3109.0,101.0,58.0,11.6,1.7,0.3,,2026-05-11 14:50:56
germ-germinadorap-de5832|LOT-20260506-651F-005|r1_c1|rep0,LOT-20260506-651F-005:B2:R0,germ-germinadorap-de5832,LOT-20260506-651F-005,B2,1,1,0,Hierbabuena,,,,,,,2026-05-11 15:05:50,2026-05-06 20:48:22,114.29,5,cg_1778511948201_1,4957,cam1_20260511_090549.jpg,crops/cam1_20260511_090549_r1_c1.jpg,4959,cam1_20260511_090555.jpg,crops/cam1_20260511_090555_r1_c1.jpg,10589,27.8,,50,15.7,0,0,0,0,0,0.0,0.0,3124.0,101.0,58.3,11.7,1.7,0.3,,2026-05-11 15:05:56
germ-germinadorap-de5832|LOT-20260506-651F-005|r1_c1|rep0,LOT-20260506-651F-005:B2:R0,germ-germinadorap-de5832,LOT-20260506-651F-005,B2,1,1,0,Hierbabuena,,,,,,,2026-05-11 15:20:50,2026-05-06 20:48:22,114.54,5,cg_1778512848200_1,4961,cam1_20260511_092050.jpg,crops/cam1_20260511_092050_r1_c1.jpg,4963,cam1_20260511_092055.jpg,crops/cam1_20260511_092055_r1_c1.jpg,10601,28.2,,50,15.9,0,0,0,0,0,0.0,0.0,3139.0,101.0,58.5,11.7,1.7,0.3,,2026-05-11 15:20:56
germ-germinadorap-de5832|LOT-20260506-651F-005|r1_c1|rep0,LOT-20260506-651F-005:B2:R0,germ-germinadorap-de5832,LOT-20260506-651F-005,B2,1,1,0,Hierbabuena,,,,,,,2026-05-11 15:35:51,2026-05-06 20:48:22,114.79,5,cg_1778513748202_1,4973,cam1_20260511_093550.jpg,crops/cam1_20260511_093550_r1_c1.jpg,4975,cam1_20260511_093555.jpg,crops/cam1_20260511_093555_r1_c1.jpg,10613,28.3,,49,16.1,0,0,0,0,0,0.0,0.0,3153.0,101.0,58.8,11.8,1.7,0.3,,2026-05-11 15:35:56
germ-germinadorap-de5832|LOT-20260506-651F-005|r1_c1|rep0,LOT-20260506-651F-005:B2:R0,germ-germinadorap-de5832,LOT-20260506-651F-005,B2,1,1,0,Hierbabuena,,,,,,,2026-05-11 15:50:51,2026-05-06 20:48:22,115.04,5,cg_1778514648205_1,4977,cam1_20260511_095050.jpg,crops/cam1_20260511_095050_r1_c1.jpg,4979,cam1_20260511_095055.jpg,crops/cam1_20260511_095055_r1_c1.jpg,10625,28.4,,49,16.3,0,0,0,0,0,0.0,0.0,3168.0,101.0,59.0,11.8,1.7,0.3,,2026-05-11 15:50:56
germ-germinadorap-de5832|LOT-20260506-651F-005|r1_c1|rep0,LOT-20260506-651F-005:B2:R0,germ-germinadorap-de5832,LOT-20260506-651F-005,B2,1,1,0,Hierbabuena,,,,,,,2026-05-11 16:05:50,2026-05-06 20:48:22,115.29,5,cg_1778515548207_1,4981,cam1_20260511_100549.jpg,crops/cam1_20260511_100549_r1_c1.jpg,4983,cam1_20260511_100555.jpg,crops/cam1_20260511_100555_r1_c1.jpg,10637,28.6,,48,16.2,0,0,0,0,0,0.0,0.0,3183.0,101.0,59.3,11.9,1.7,0.3,,2026-05-11 16:05:56
germ-germinadorap-de5832|LOT-20260506-651F-005|r1_c1|rep0,LOT-20260506-651F-005:B2:R0,germ-germinadorap-de5832,LOT-20260506-651F-005,B2,1,1,0,Hierbabuena,,,,,,,2026-05-11 16:20:50,2026-05-06 20:48:22,115.54,5,cg_1778516448208_1,4985,cam1_20260511_102050.jpg,crops/cam1_20260511_102050_r1_c1.jpg,4987,cam1_20260511_102056.jpg,crops/cam1_20260511_102056_r1_c1.jpg,10649,28.6,,48,16.6,0,0,0,0,0,0.0,0.0,3198.0,101.0,59.5,11.9,1.7,0.3,,2026-05-11 16:20:57
germ-germinadorap-de5832|LOT-20260506-651F-005|r1_c1|rep0,LOT-20260506-651F-005:B2:R0,germ-germinadorap-de5832,LOT-20260506-651F-005,B2,1,1,0,Hierbabuena,,,,,,,2026-05-11 16:35:53,2026-05-06 20:48:22,115.79,5,cg_1778517348280_1,4989,cam1_20260511_103552.jpg,crops/cam1_20260511_103552_r1_c1.jpg,4991,cam1_20260511_103600.jpg,crops/cam1_20260511_103600_r1_c1.jpg,10661,28.5,,48,16.5,0,0,0,0,0,0.0,0.0,3213.0,101.0,59.8,12.0,1.7,0.3,,2026-05-11 16:36:02
germ-germinadorap-de5832|LOT-20260506-651F-005|r1_c1|rep0,LOT-20260506-651F-005:B2:R0,germ-germinadorap-de5832,LOT-20260506-651F-005,B2,1,1,0,Hierbabuena,,,,,,,2026-05-11 16:50:50,2026-05-06 20:48:22,116.04,5,cg_1778518248285_1,4993,cam1_20260511_105050.jpg,crops/cam1_20260511_105050_r1_c1.jpg,4995,cam1_20260511_105055.jpg,crops/cam1_20260511_105055_r1_c1.jpg,10673,28.7,,47,16.7,0,0,0,0,0,0.0,0.0,3228.0,102.0,60.0,12.0,1.7,0.3,,2026-05-11 16:50:57
germ-germinadorap-de5832|LOT-20260506-651F-005|r1_c1|rep0,LOT-20260506-651F-005:B2:R0,germ-germinadorap-de5832,LOT-20260506-651F-005,B2,1,1,0,Hierbabuena,,,,,,,2026-05-11 17:05:50,2026-05-06 20:48:22,116.29,5,cg_1778519148289_1,4997,cam1_20260511_110550.jpg,crops/cam1_20260511_110550_r1_c1.jpg,4999,cam1_20260511_110555.jpg,crops/cam1_20260511_110555_r1_c1.jpg,10685,28.9,,47,16.9,0,0,0,0,0,0.0,0.0,3243.0,102.0,60.3,12.1,1.7,0.3,,2026-05-11 17:05:56
germ-germinadorap-de5832|LOT-20260506-651F-005|r1_c1|rep0,LOT-20260506-651F-005:B2:R0,germ-germinadorap-de5832,LOT-20260506-651F-005,B2,1,1,0,Hierbabuena,,,,,,,2026-05-11 17:21:51,2026-05-06 20:48:22,116.56,5,cg_1778520108289_1,5001,cam1_20260511_112150.jpg,crops/cam1_20260511_112150_r1_c1.jpg,5003,cam1_20260511_112155.jpg,crops/cam1_20260511_112155_r1_c1.jpg,10697,29.1,,48,17,0,0,0,0,0,0.0,0.0,3258.0,102.0,60.5,12.1,1.7,0.3,,2026-05-11 17:21:56
germ-germinadorap-de5832|LOT-20260506-651F-005|r1_c1|rep0,LOT-20260506-651F-005:B2:R0,germ-germinadorap-de5832,LOT-20260506-651F-005,B2,1,1,0,Hierbabuena,,,,,,,2026-05-11 17:36:51,2026-05-06 20:48:22,116.81,5,cg_1778521008290_1,5005,cam1_20260511_113650.jpg,crops/cam1_20260511_113650_r1_c1.jpg,5007,cam1_20260511_113657.jpg,crops/cam1_20260511_113657_r1_c1.jpg,10709,29.2,,48,16.5,0,0,0,0,0,0.0,0.0,3273.0,102.0,60.8,12.2,1.7,0.3,,2026-05-11 17:36:58
germ-germinadorap-de5832|LOT-20260506-651F-005|r1_c1|rep0,LOT-20260506-651F-005:B2:R0,germ-germinadorap-de5832,LOT-20260506-651F-005,B2,1,1,0,Hierbabuena,,,,,,,2026-05-11 17:51:50,2026-05-06 20:48:22,117.06,5,cg_1778521908292_1,5009,cam1_20260511_115150.jpg,crops/cam1_20260511_115150_r1_c1.jpg,5011,cam1_20260511_115155.jpg,crops/cam1_20260511_115155_r1_c1.jpg,10721,29.2,,48,18.3,0,0,0,0,0,0.0,0.0,3288.0,102.0,61.0,12.2,1.7,0.3,,2026-05-11 17:51:57
germ-germinadorap-de5832|LOT-20260506-651F-005|r1_c1|rep0,LOT-20260506-651F-005:B2:R0,germ-germinadorap-de5832,LOT-20260506-651F-005,B2,1,1,0,Hierbabuena,,,,,,,2026-05-11 18:06:50,2026-05-06 20:48:22,117.31,5,cg_1778522808295_1,5013,cam1_20260511_120650.jpg,crops/cam1_20260511_120650_r1_c1.jpg,5015,cam1_20260511_120655.jpg,crops/cam1_20260511_120655_r1_c1.jpg,10733,29.3,,47,16.9,0,0,0,0,0,0.0,0.0,3303.0,102.0,61.3,12.3,1.7,0.3,,2026-05-11 18:06:56
germ-germinadorap-de5832|LOT-20260506-651F-005|r1_c1|rep0,LOT-20260506-651F-005:B2:R0,germ-germinadorap-de5832,LOT-20260506-651F-005,B2,1,1,0,Hierbabuena,,,,,,,2026-05-11 18:21:50,2026-05-06 20:48:22,117.56,5,cg_1778523708300_1,5017,cam1_20260511_122150.jpg,crops/cam1_20260511_122150_r1_c1.jpg,5019,cam1_20260511_122154.jpg,crops/cam1_20260511_122154_r1_c1.jpg,10745,29.4,,46,17.6,0,0,0,0,0,0.0,0.0,3318.0,102.0,61.5,12.3,1.7,0.3,,2026-05-11 18:21:56
germ-germinadorap-de5832|LOT-20260506-651F-005|r1_c1|rep0,LOT-20260506-651F-005:B2:R0,germ-germinadorap-de5832,LOT-20260506-651F-005,B2,1,1,0,Hierbabuena,,,,,,,2026-05-11 18:36:54,2026-05-06 20:48:22,117.81,5,cg_1778524612071_1,5021,cam1_20260511_123653.jpg,crops/cam1_20260511_123653_r1_c1.jpg,5023,cam1_20260511_123658.jpg,crops/cam1_20260511_123658_r1_c1.jpg,10757,29.4,,46,19.3,0,0,0,0,0,0.0,0.0,3333.0,102.0,61.8,12.4,1.7,0.3,,2026-05-11 18:37:00
germ-germinadorap-de5832|LOT-20260506-651F-005|r1_c1|rep0,LOT-20260506-651F-005:B2:R0,germ-germinadorap-de5832,LOT-20260506-651F-005,B2,1,1,0,Hierbabuena,,,,,,,2026-05-11 18:51:54,2026-05-06 20:48:22,118.06,5,cg_1778525512075_1,5025,cam1_20260511_125153.jpg,crops/cam1_20260511_125153_r1_c1.jpg,5027,cam1_20260511_125158.jpg,crops/cam1_20260511_125158_r1_c1.jpg,10769,29.6,,45,17,0,0,0,0,0,0.0,0.0,3348.0,102.0,62.0,12.4,1.7,0.3,,2026-05-11 18:52:00
germ-germinadorap-de5832|LOT-20260506-651F-005|r1_c1|rep0,LOT-20260506-651F-005:B2:R0,germ-germinadorap-de5832,LOT-20260506-651F-005,B2,1,1,0,Hierbabuena,,,,,,,2026-05-11 19:06:54,2026-05-06 20:48:22,118.31,5,cg_1778526412113_1,5033,cam1_20260511_130654.jpg,crops/cam1_20260511_130654_r1_c1.jpg,5035,cam1_20260511_130659.jpg,crops/cam1_20260511_130659_r1_c1.jpg,10781,29.6,,48,55.4,0,0,0,0,0,0.0,0.0,3363.0,102.0,62.3,12.5,1.7,0.3,,2026-05-11 19:07:00
germ-germinadorap-de5832|LOT-20260506-651F-005|r1_c1|rep0,LOT-20260506-651F-005:B2:R0,germ-germinadorap-de5832,LOT-20260506-651F-005,B2,1,1,0,Hierbabuena,,,,,,,2026-05-11 19:21:54,2026-05-06 20:48:22,118.56,5,cg_1778527312113_1,5037,cam1_20260511_132154.jpg,crops/cam1_20260511_132154_r1_c1.jpg,5039,cam1_20260511_132158.jpg,crops/cam1_20260511_132158_r1_c1.jpg,10793,29.5,,44,53.6,0,0,0,0,0,0.0,0.0,3377.0,102.0,62.5,12.5,1.7,0.3,,2026-05-11 19:22:00
germ-germinadorap-de5832|LOT-20260506-651F-005|r1_c1|rep0,LOT-20260506-651F-005:B2:R0,germ-germinadorap-de5832,LOT-20260506-651F-005,B2,1,1,0,Hierbabuena,,,,,,,2026-05-11 19:36:54,2026-05-06 20:48:22,118.81,5,cg_1778528212112_1,5041,cam1_20260511_133654.jpg,crops/cam1_20260511_133654_r1_c1.jpg,5043,cam1_20260511_133658.jpg,crops/cam1_20260511_133658_r1_c1.jpg,10805,29.5,,44,49.7,0,0,0,0,0,0.0,0.0,3392.0,102.0,62.8,12.6,1.7,0.3,,2026-05-11 19:37:00
germ-germinadorap-de5832|LOT-20260506-651F-005|r1_c1|rep0,LOT-20260506-651F-005:B2:R0,germ-germinadorap-de5832,LOT-20260506-651F-005,B2,1,1,0,Hierbabuena,,,,,,,2026-05-11 19:52:26,2026-05-06 20:48:22,119.07,5,cg_1778529144212_1,5049,cam1_20260511_135226.jpg,crops/cam1_20260511_135226_r1_c1.jpg,5051,cam1_20260511_135231.jpg,crops/cam1_20260511_135231_r1_c1.jpg,10817,29.5,,44,48.9,0,0,0,0,0,0.0,0.0,3408.0,102.0,63.0,12.6,1.7,0.3,,2026-05-11 19:52:32
germ-germinadorap-de5832|LOT-20260506-651F-005|r1_c1|rep0,LOT-20260506-651F-005:B2:R0,germ-germinadorap-de5832,LOT-20260506-651F-005,B2,1,1,0,Hierbabuena,,,,,,,2026-05-11 20:08:16,2026-05-06 20:48:22,119.33,5,cg_1778530093120_1,5053,cam1_20260511_140815.jpg,crops/cam1_20260511_140815_r1_c1.jpg,5055,cam1_20260511_140821.jpg,crops/cam1_20260511_140821_r1_c1.jpg,10829,29.5,,52,38.3,0,0,0,0,0,0.0,0.0,3424.0,102.0,63.3,12.7,1.7,0.3,,2026-05-11 20:08:23
germ-germinadorap-de5832|LOT-20260506-651F-005|r1_c1|rep0,LOT-20260506-651F-005:B2:R0,germ-germinadorap-de5832,LOT-20260506-651F-005,B2,1,1,0,Hierbabuena,,,,,,,2026-05-11 20:23:15,2026-05-06 20:48:22,119.58,5,cg_1778530993122_1,5057,cam1_20260511_142315.jpg,crops/cam1_20260511_142315_r1_c1.jpg,5059,cam1_20260511_142319.jpg,crops/cam1_20260511_142319_r1_c1.jpg,10841,29.6,,44,40.1,0,0,0,0,0,0.0,0.0,3438.0,102.0,63.6,12.7,1.7,0.3,,2026-05-11 20:23:21
germ-germinadorap-de5832|LOT-20260506-651F-005|r1_c1|rep0,LOT-20260506-651F-005:B2:R0,germ-germinadorap-de5832,LOT-20260506-651F-005,B2,1,1,0,Hierbabuena,,,,,,,2026-05-11 20:38:16,2026-05-06 20:48:22,119.83,5,cg_1778531893135_1,5061,cam1_20260511_143815.jpg,crops/cam1_20260511_143815_r1_c1.jpg,5063,cam1_20260511_143820.jpg,crops/cam1_20260511_143820_r1_c1.jpg,10853,29.5,,44,40.5,0,0,0,0,0,0.0,0.0,3453.0,102.0,63.6,12.7,1.7,0.3,,2026-05-11 20:38:21
germ-germinadorap-de5832|LOT-20260506-651F-005|r1_c1|rep0,LOT-20260506-651F-005:B2:R0,germ-germinadorap-de5832,LOT-20260506-651F-005,B2,1,1,0,Hierbabuena,,,,,,,2026-05-11 20:53:15,2026-05-06 20:48:22,120.08,6,cg_1778532793143_1,5065,cam1_20260511_145315.jpg,crops/cam1_20260511_145315_r1_c1.jpg,5067,cam1_20260511_145320.jpg,crops/cam1_20260511_145320_r1_c1.jpg,10865,29.6,,45,40.1,0,0,0,0,0,0.0,0.0,3468.0,102.0,63.6,10.6,1.7,0.3,,2026-05-11 20:53:21
germ-germinadorap-de5832|LOT-20260506-651F-005|r1_c1|rep0,LOT-20260506-651F-005:B2:R0,germ-germinadorap-de5832,LOT-20260506-651F-005,B2,1,1,0,Hierbabuena,,,,,,,2026-05-11 21:08:17,2026-05-06 20:48:22,120.33,6,cg_1778533693148_1,5069,cam1_20260511_150816.jpg,crops/cam1_20260511_150816_r1_c1.jpg,5071,cam1_20260511_150819.jpg,crops/cam1_20260511_150819_r1_c1.jpg,10877,29.5,,44,40.5,0,0,0,0,0,0.0,0.0,3483.0,102.0,63.6,10.6,1.8,0.3,,2026-05-11 21:08:21
germ-germinadorap-de5832|LOT-20260506-651F-005|r1_c1|rep0,LOT-20260506-651F-005:B2:R0,germ-germinadorap-de5832,LOT-20260506-651F-005,B2,1,1,0,Hierbabuena,,,,,,,2026-05-11 21:23:16,2026-05-06 20:48:22,120.58,6,cg_1778534593148_1,5073,cam1_20260511_152316.jpg,crops/cam1_20260511_152316_r1_c1.jpg,5075,cam1_20260511_152320.jpg,crops/cam1_20260511_152320_r1_c1.jpg,10889,29.7,,46,41.1,0,0,0,0,0,0.0,0.0,3498.0,102.0,63.6,10.6,1.8,0.3,,2026-05-11 21:23:21
germ-germinadorap-de5832|LOT-20260506-651F-005|r1_c1|rep0,LOT-20260506-651F-005:B2:R0,germ-germinadorap-de5832,LOT-20260506-651F-005,B2,1,1,0,Hierbabuena,,,,,,,2026-05-11 22:23:48,2026-05-06 20:48:22,121.59,6,cg_1778538226397_1,5076,cam1_20260511_162348.jpg,crops/cam1_20260511_162348_r1_c1.jpg,5078,cam1_20260511_162351.jpg,crops/cam1_20260511_162351_r1_c1.jpg,10896,28.4,,54,30.4,0,0,0,0,0,0.0,0.0,3558.0,102.0,64.1,10.7,1.8,0.3,,2026-05-11 22:23:52
germ-germinadorap-de5832|LOT-20260506-651F-005|r1_c1|rep0,LOT-20260506-651F-005:B2:R0,germ-germinadorap-de5832,LOT-20260506-651F-005,B2,1,1,0,Hierbabuena,,,,,,,2026-05-11 22:38:48,2026-05-06 20:48:22,121.84,6,cg_1778539126397_1,5085,cam1_20260511_163848.jpg,crops/cam1_20260511_163848_r1_c1.jpg,5087,cam1_20260511_163853.jpg,crops/cam1_20260511_163853_r1_c1.jpg,10913,28.9,,52,41.9,0,0,0,0,0,0.0,0.0,3573.0,102.0,64.3,10.7,1.8,0.3,,2026-05-11 22:38:54
germ-germinadorap-de5832|LOT-20260506-651F-005|r1_c1|rep0,LOT-20260506-651F-005:B2:R0,germ-germinadorap-de5832,LOT-20260506-651F-005,B2,1,1,0,Hierbabuena,,,,,,,2026-05-11 22:53:49,2026-05-06 20:48:22,122.09,6,cg_1778540026397_1,5089,cam1_20260511_165348.jpg,crops/cam1_20260511_165348_r1_c1.jpg,5091,cam1_20260511_165353.jpg,crops/cam1_20260511_165353_r1_c1.jpg,10925,29.3,,50,41.7,0,0,0,0,0,0.0,0.0,3588.0,102.0,64.4,10.7,1.8,0.3,,2026-05-11 22:53:54
germ-germinadorap-de5832|LOT-20260506-651F-005|r1_c1|rep0,LOT-20260506-651F-005:B2:R0,germ-germinadorap-de5832,LOT-20260506-651F-005,B2,1,1,0,Hierbabuena,,,,,,,2026-05-11 23:08:48,2026-05-06 20:48:22,122.34,6,cg_1778540926403_1,5093,cam1_20260511_170848.jpg,crops/cam1_20260511_170848_r1_c1.jpg,5095,cam1_20260511_170853.jpg,crops/cam1_20260511_170853_r1_c1.jpg,10937,29.5,,46,41.6,0,0,0,0,0,0.0,0.0,3603.0,102.0,64.4,10.7,1.8,0.3,,2026-05-11 23:08:54
germ-germinadorap-de5832|LOT-20260506-651F-005|r1_c1|rep0,LOT-20260506-651F-005:B2:R0,germ-germinadorap-de5832,LOT-20260506-651F-005,B2,1,1,0,Hierbabuena,,,,,,,2026-05-11 23:23:49,2026-05-06 20:48:22,122.59,6,cg_1778541826404_1,5097,cam1_20260511_172348.jpg,crops/cam1_20260511_172348_r1_c1.jpg,5099,cam1_20260511_172353.jpg,crops/cam1_20260511_172353_r1_c1.jpg,10949,28.7,,43,41.4,0,0,0,0,0,0.0,0.0,3618.0,102.0,64.4,10.7,1.8,0.3,,2026-05-11 23:23:55
germ-germinadorap-de5832|LOT-20260506-651F-005|r1_c1|rep0,LOT-20260506-651F-005:B2:R0,germ-germinadorap-de5832,LOT-20260506-651F-005,B2,1,1,0,Hierbabuena,,,,,,,2026-05-11 23:40:06,2026-05-06 20:48:22,122.86,6,cg_1778542803434_1,5101,cam1_20260511_174005.jpg,crops/cam1_20260511_174005_r1_c1.jpg,5103,cam1_20260511_174012.jpg,crops/cam1_20260511_174012_r1_c1.jpg,10961,28.3,,42,40.1,0,0,0,0,0,0.0,0.0,3634.0,102.0,64.7,10.8,1.8,0.3,,2026-05-11 23:40:14
germ-germinadorap-de5832|LOT-20260506-651F-005|r1_c1|rep0,LOT-20260506-651F-005:B2:R0,germ-germinadorap-de5832,LOT-20260506-651F-005,B2,1,1,0,Hierbabuena,,,,,,,2026-05-11 23:55:07,2026-05-06 20:48:22,123.11,6,cg_1778543703433_1,5105,cam1_20260511_175506.jpg,crops/cam1_20260511_175506_r1_c1.jpg,5107,cam1_20260511_175510.jpg,crops/cam1_20260511_175510_r1_c1.jpg,10973,28,,42,39.9,0,0,0,0,0,0.0,0.0,3649.0,102.0,64.9,10.8,1.8,0.3,,2026-05-11 23:55:12
germ-germinadorap-de5832|LOT-20260506-651F-005|r1_c1|rep0,LOT-20260506-651F-005:B2:R0,germ-germinadorap-de5832,LOT-20260506-651F-005,B2,1,1,0,Hierbabuena,,,,,,,2026-05-12 00:10:06,2026-05-06 20:48:22,123.36,6,cg_1778544603456_1,5109,cam1_20260511_181005.jpg,crops/cam1_20260511_181005_r1_c1.jpg,5111,cam1_20260511_181011.jpg,crops/cam1_20260511_181011_r1_c1.jpg,10985,28.7,,44,44.1,0,0,0,1,0,15.0,0.0,3664.0,102.0,65.1,10.9,1.8,0.3,,2026-05-12 00:10:13
germ-germinadorap-de5832|LOT-20260506-651F-005|r1_c1|rep0,LOT-20260506-651F-005:B2:R0,germ-germinadorap-de5832,LOT-20260506-651F-005,B2,1,1,0,Hierbabuena,,,,,,,2026-05-12 06:17:12,2026-05-06 20:48:22,129.48,6,cg_1778566630522_1,5120,cam1_20260512_001712.jpg,crops/cam1_20260512_001712_r1_c1.jpg,5122,cam1_20260512_001715.jpg,crops/cam1_20260512_001715_r1_c1.jpg,10992,29,,50,1.5,0,0,0,0,0,0.0,0.0,3898.0,106.0,65.5,10.9,1.8,0.3,,2026-05-12 06:17:17
germ-germinadorap-de5832|LOT-20260506-651F-005|r1_c1|rep0,LOT-20260506-651F-005:B2:R0,germ-germinadorap-de5832,LOT-20260506-651F-005,B2,1,1,0,Hierbabuena,,,,,,,2026-05-12 06:32:32,2026-05-06 20:48:22,129.74,6,cg_1778567549603_1,5129,cam1_20260512_003231.jpg,crops/cam1_20260512_003231_r1_c1.jpg,5131,cam1_20260512_003236.jpg,crops/cam1_20260512_003236_r1_c1.jpg,11009,29,,50,1.4,0,0,0,0,0,0.0,0.0,3909.0,106.0,65.5,10.9,1.8,0.3,,2026-05-12 06:32:38
germ-germinadorap-de5832|LOT-20260506-651F-005|r1_c1|rep0,LOT-20260506-651F-005:B2:R0,germ-germinadorap-de5832,LOT-20260506-651F-005,B2,1,1,0,Hierbabuena,,,,,,,2026-05-12 06:47:32,2026-05-06 20:48:22,129.99,6,cg_1778568449607_1,5133,cam1_20260512_004731.jpg,crops/cam1_20260512_004731_r1_c1.jpg,5135,cam1_20260512_004736.jpg,crops/cam1_20260512_004736_r1_c1.jpg,11021,29,,50,1.4,0,0,0,0,0,0.0,0.0,3909.0,106.0,65.5,10.9,1.8,0.3,,2026-05-12 06:47:38
germ-germinadorap-de5832|LOT-20260506-651F-005|r1_c1|rep0,LOT-20260506-651F-005:B2:R0,germ-germinadorap-de5832,LOT-20260506-651F-005,B2,1,1,0,Hierbabuena,,,,,,,2026-05-12 07:02:32,2026-05-06 20:48:22,130.24,6,cg_1778569349616_1,5137,cam1_20260512_010231.jpg,crops/cam1_20260512_010231_r1_c1.jpg,5139,cam1_20260512_010236.jpg,crops/cam1_20260512_010236_r1_c1.jpg,11033,29,,50,1.4,0,0,0,0,0,0.0,0.0,3909.0,106.0,65.5,10.9,1.8,0.3,,2026-05-12 07:02:38
germ-germinadorap-de5832|LOT-20260506-651F-005|r1_c1|rep0,LOT-20260506-651F-005:B2:R0,germ-germinadorap-de5832,LOT-20260506-651F-005,B2,1,1,0,Hierbabuena,,,,,,,2026-05-12 07:17:32,2026-05-06 20:48:22,130.49,6,cg_1778570249627_1,5141,cam1_20260512_011731.jpg,crops/cam1_20260512_011731_r1_c1.jpg,5143,cam1_20260512_011736.jpg,crops/cam1_20260512_011736_r1_c1.jpg,11045,29,,50,1.3,0,0,0,0,0,0.0,0.0,3909.0,106.0,65.5,10.9,1.8,0.3,,2026-05-12 07:17:38
germ-germinadorap-de5832|LOT-20260506-651F-005|r1_c1|rep0,LOT-20260506-651F-005:B2:R0,germ-germinadorap-de5832,LOT-20260506-651F-005,B2,1,1,0,Hierbabuena,,,,,,,2026-05-12 07:32:32,2026-05-06 20:48:22,130.74,6,cg_1778571149648_1,5145,cam1_20260512_013231.jpg,crops/cam1_20260512_013231_r1_c1.jpg,5147,cam1_20260512_013236.jpg,crops/cam1_20260512_013236_r1_c1.jpg,11057,29,,50,1.3,0,0,0,0,0,0.0,0.0,3909.0,106.0,65.5,10.9,1.8,0.3,,2026-05-12 07:32:38
germ-germinadorap-de5832|LOT-20260506-651F-005|r1_c1|rep0,LOT-20260506-651F-005:B2:R0,germ-germinadorap-de5832,LOT-20260506-651F-005,B2,1,1,0,Hierbabuena,,,,,,,2026-05-12 07:48:41,2026-05-06 20:48:22,131.01,6,cg_1778572119478_1,5148,cam1_20260512_014841.jpg,crops/cam1_20260512_014841_r1_c1.jpg,5150,cam1_20260512_014844.jpg,crops/cam1_20260512_014844_r1_c1.jpg,11064,29,,50,1.2,0,0,0,0,0,0.0,0.0,3909.0,106.0,65.5,10.9,1.8,0.3,,2026-05-12 07:48:45
germ-germinadorap-de5832|LOT-20260506-651F-005|r1_c1|rep0,LOT-20260506-651F-005:B2:R0,germ-germinadorap-de5832,LOT-20260506-651F-005,B2,1,1,0,Hierbabuena,,,,,,,2026-05-12 08:04:29,2026-05-06 20:48:22,131.27,6,cg_1778573066922_1,5153,cam1_20260512_020428.jpg,crops/cam1_20260512_020428_r1_c1.jpg,5155,cam1_20260512_020433.jpg,crops/cam1_20260512_020433_r1_c1.jpg,11081,29,,50,1.2,0,0,0,0,0,0.0,0.0,3909.0,106.0,65.5,10.9,1.8,0.3,,2026-05-12 08:04:35
germ-germinadorap-de5832|LOT-20260506-651F-005|r1_c1|rep0,LOT-20260506-651F-005:B2:R0,germ-germinadorap-de5832,LOT-20260506-651F-005,B2,1,1,0,Hierbabuena,,,,,,,2026-05-12 08:19:29,2026-05-06 20:48:22,131.52,6,cg_1778573966918_1,5157,cam1_20260512_021928.jpg,crops/cam1_20260512_021928_r1_c1.jpg,5159,cam1_20260512_021933.jpg,crops/cam1_20260512_021933_r1_c1.jpg,11093,29,,50,1.2,0,0,0,0,0,0.0,0.0,3909.0,106.0,65.8,11.0,1.8,0.3,,2026-05-12 08:19:35
germ-germinadorap-de5832|LOT-20260506-651F-005|r1_c1|rep0,LOT-20260506-651F-005:B2:R0,germ-germinadorap-de5832,LOT-20260506-651F-005,B2,1,1,0,Hierbabuena,,,,,,,2026-05-12 08:34:29,2026-05-06 20:48:22,131.77,6,cg_1778574866921_1,5161,cam1_20260512_023428.jpg,crops/cam1_20260512_023428_r1_c1.jpg,5163,cam1_20260512_023434.jpg,crops/cam1_20260512_023434_r1_c1.jpg,11105,29,,50,1.1,0,0,0,0,0,0.0,0.0,3909.0,106.0,66.0,11.0,1.8,0.3,,2026-05-12 08:34:35
germ-germinadorap-de5832|LOT-20260506-651F-005|r1_c1|rep0,LOT-20260506-651F-005:B2:R0,germ-germinadorap-de5832,LOT-20260506-651F-005,B2,1,1,0,Hierbabuena,,,,,,,2026-05-12 08:49:29,2026-05-06 20:48:22,132.02,6,cg_1778575766926_1,5165,cam1_20260512_024928.jpg,crops/cam1_20260512_024928_r1_c1.jpg,5167,cam1_20260512_024934.jpg,crops/cam1_20260512_024934_r1_c1.jpg,11117,29,,50,1.1,0,0,0,0,0,0.0,0.0,3910.0,106.0,66.3,11.0,1.8,0.3,,2026-05-12 08:49:35
germ-germinadorap-de5832|LOT-20260506-651F-005|r1_c1|rep0,LOT-20260506-651F-005:B2:R0,germ-germinadorap-de5832,LOT-20260506-651F-005,B2,1,1,0,Hierbabuena,,,,,,,2026-05-12 09:04:29,2026-05-06 20:48:22,132.27,6,cg_1778576666928_1,5169,cam1_20260512_030428.jpg,crops/cam1_20260512_030428_r1_c1.jpg,5171,cam1_20260512_030433.jpg,crops/cam1_20260512_030433_r1_c1.jpg,11129,29,,50,1,0,0,0,0,0,0.0,0.0,3910.0,106.0,66.5,11.1,1.8,0.3,,2026-05-12 09:04:35
germ-germinadorap-de5832|LOT-20260506-651F-005|r1_c1|rep0,LOT-20260506-651F-005:B2:R0,germ-germinadorap-de5832,LOT-20260506-651F-005,B2,1,1,0,Hierbabuena,,,,,,,2026-05-12 09:19:29,2026-05-06 20:48:22,132.52,6,cg_1778577566933_1,5173,cam1_20260512_031928.jpg,crops/cam1_20260512_031928_r1_c1.jpg,5175,cam1_20260512_031933.jpg,crops/cam1_20260512_031933_r1_c1.jpg,11141,29,,50,1,0,0,0,0,0,0.0,0.0,3910.0,106.0,66.8,11.1,1.8,0.3,,2026-05-12 09:19:35
germ-germinadorap-de5832|LOT-20260506-651F-005|r1_c1|rep0,LOT-20260506-651F-005:B2:R0,germ-germinadorap-de5832,LOT-20260506-651F-005,B2,1,1,0,Hierbabuena,,,,,,,2026-05-12 09:34:29,2026-05-06 20:48:22,132.77,6,cg_1778578466936_1,5176,cam1_20260512_033428.jpg,crops/cam1_20260512_033428_r1_c1.jpg,5178,cam1_20260512_033431.jpg,crops/cam1_20260512_033431_r1_c1.jpg,11148,29,,50,0.9,0,0,0,0,0,0.0,0.0,3910.0,106.0,67.0,11.2,1.8,0.3,,2026-05-12 09:34:33
germ-germinadorap-de5832|LOT-20260506-651F-005|r1_c1|rep0,LOT-20260506-651F-005:B2:R0,germ-germinadorap-de5832,LOT-20260506-651F-005,B2,1,1,0,Hierbabuena,,,,,,,2026-05-12 09:49:29,2026-05-06 20:48:22,133.02,6,cg_1778579366940_1,5181,cam1_20260512_034928.jpg,crops/cam1_20260512_034928_r1_c1.jpg,5183,cam1_20260512_034933.jpg,crops/cam1_20260512_034933_r1_c1.jpg,11165,29,,50,0.9,0,0,0,0,0,0.0,0.0,3910.0,106.0,67.3,11.2,1.8,0.3,,2026-05-12 09:49:35
germ-germinadorap-de5832|LOT-20260506-651F-005|r1_c1|rep0,LOT-20260506-651F-005:B2:R0,germ-germinadorap-de5832,LOT-20260506-651F-005,B2,1,1,0,Hierbabuena,,,,,,,2026-05-12 10:04:29,2026-05-06 20:48:22,133.27,6,cg_1778580266942_1,5185,cam1_20260512_040428.jpg,crops/cam1_20260512_040428_r1_c1.jpg,5187,cam1_20260512_040433.jpg,crops/cam1_20260512_040433_r1_c1.jpg,11177,29,,50,0.9,0,0,0,0,0,0.0,0.0,3910.0,106.0,67.5,11.3,1.8,0.3,,2026-05-12 10:04:35
germ-germinadorap-de5832|LOT-20260506-651F-005|r1_c1|rep0,LOT-20260506-651F-005:B2:R0,germ-germinadorap-de5832,LOT-20260506-651F-005,B2,1,1,0,Hierbabuena,,,,,,,2026-05-12 10:19:29,2026-05-06 20:48:22,133.52,6,cg_1778581166946_1,5189,cam1_20260512_041929.jpg,crops/cam1_20260512_041929_r1_c1.jpg,5191,cam1_20260512_041934.jpg,crops/cam1_20260512_041934_r1_c1.jpg,11189,29,,50,0.8,0,0,0,0,0,0.0,0.0,3910.0,106.0,67.8,11.3,1.8,0.3,,2026-05-12 10:19:35
germ-germinadorap-de5832|LOT-20260506-651F-005|r1_c1|rep0,LOT-20260506-651F-005:B2:R0,germ-germinadorap-de5832,LOT-20260506-651F-005,B2,1,1,0,Hierbabuena,,,,,,,2026-05-12 10:34:29,2026-05-06 20:48:22,133.77,6,cg_1778582066951_1,5193,cam1_20260512_043428.jpg,crops/cam1_20260512_043428_r1_c1.jpg,5195,cam1_20260512_043433.jpg,crops/cam1_20260512_043433_r1_c1.jpg,11201,29,,50,0.9,0,0,0,0,0,0.0,0.0,3910.0,106.0,68.0,11.3,1.8,0.3,,2026-05-12 10:34:35
germ-germinadorap-de5832|LOT-20260506-651F-005|r1_c1|rep0,LOT-20260506-651F-005:B2:R0,germ-germinadorap-de5832,LOT-20260506-651F-005,B2,1,1,0,Hierbabuena,,,,,,,2026-05-12 10:49:29,2026-05-06 20:48:22,134.02,6,cg_1778582966957_1,5197,cam1_20260512_044928.jpg,crops/cam1_20260512_044928_r1_c1.jpg,5199,cam1_20260512_044933.jpg,crops/cam1_20260512_044933_r1_c1.jpg,11213,29,,50,0.8,0,0,0,0,0,0.0,0.0,3910.0,106.0,68.3,11.4,1.8,0.3,,2026-05-12 10:49:35
germ-germinadorap-de5832|LOT-20260506-651F-005|r1_c1|rep0,LOT-20260506-651F-005:B2:R0,germ-germinadorap-de5832,LOT-20260506-651F-005,B2,1,1,0,Hierbabuena,,,,,,,2026-05-12 11:04:29,2026-05-06 20:48:22,134.27,6,cg_1778583866959_1,5201,cam1_20260512_050428.jpg,crops/cam1_20260512_050428_r1_c1.jpg,5203,cam1_20260512_050433.jpg,crops/cam1_20260512_050433_r1_c1.jpg,11225,29,,50,0.8,0,0,0,0,0,0.0,0.0,3910.0,106.0,68.5,11.4,1.8,0.3,,2026-05-12 11:04:35
germ-germinadorap-de5832|LOT-20260506-651F-005|r1_c1|rep0,LOT-20260506-651F-005:B2:R0,germ-germinadorap-de5832,LOT-20260506-651F-005,B2,1,1,0,Hierbabuena,,,,,,,2026-05-12 11:19:29,2026-05-06 20:48:22,134.52,6,cg_1778584766963_1,5205,cam1_20260512_051928.jpg,crops/cam1_20260512_051928_r1_c1.jpg,5207,cam1_20260512_051933.jpg,crops/cam1_20260512_051933_r1_c1.jpg,11237,29,,50,0.7,0,0,0,0,0,0.0,0.0,3910.0,106.0,68.8,11.5,1.8,0.3,,2026-05-12 11:19:35
germ-germinadorap-de5832|LOT-20260506-651F-005|r1_c1|rep0,LOT-20260506-651F-005:B2:R0,germ-germinadorap-de5832,LOT-20260506-651F-005,B2,1,1,0,Hierbabuena,,,,,,,2026-05-12 11:34:29,2026-05-06 20:48:22,134.77,6,cg_1778585666966_1,5209,cam1_20260512_053428.jpg,crops/cam1_20260512_053428_r1_c1.jpg,5211,cam1_20260512_053433.jpg,crops/cam1_20260512_053433_r1_c1.jpg,11249,29,,50,0.7,0,0,0,0,0,0.0,0.0,3910.0,106.0,69.0,11.5,1.8,0.3,,2026-05-12 11:34:35
germ-germinadorap-de5832|LOT-20260506-651F-005|r1_c1|rep0,LOT-20260506-651F-005:B2:R0,germ-germinadorap-de5832,LOT-20260506-651F-005,B2,1,1,0,Hierbabuena,,,,,,,2026-05-12 11:49:29,2026-05-06 20:48:22,135.02,6,cg_1778586566974_1,5213,cam1_20260512_054928.jpg,crops/cam1_20260512_054928_r1_c1.jpg,5215,cam1_20260512_054933.jpg,crops/cam1_20260512_054933_r1_c1.jpg,11261,29,,50,0.8,0,0,0,0,0,0.0,0.0,3910.0,106.0,69.3,11.5,1.8,0.3,,2026-05-12 11:49:35
germ-germinadorap-de5832|LOT-20260506-651F-005|r1_c1|rep0,LOT-20260506-651F-005:B2:R0,germ-germinadorap-de5832,LOT-20260506-651F-005,B2,1,1,0,Hierbabuena,,,,,,,2026-05-12 12:04:29,2026-05-06 20:48:22,135.27,6,cg_1778587466973_1,5217,cam1_20260512_060428.jpg,crops/cam1_20260512_060428_r1_c1.jpg,5219,cam1_20260512_060434.jpg,crops/cam1_20260512_060434_r1_c1.jpg,11273,29,,50,0.7,0,0,0,0,0,0.0,0.0,3910.0,106.0,69.5,11.6,1.8,0.3,,2026-05-12 12:04:35
germ-germinadorap-de5832|LOT-20260506-651F-005|r1_c1|rep0,LOT-20260506-651F-005:B2:R0,germ-germinadorap-de5832,LOT-20260506-651F-005,B2,1,1,0,Hierbabuena,,,,,,,2026-05-12 12:19:29,2026-05-06 20:48:22,135.52,6,cg_1778588366980_1,5221,cam1_20260512_061928.jpg,crops/cam1_20260512_061928_r1_c1.jpg,5223,cam1_20260512_061933.jpg,crops/cam1_20260512_061933_r1_c1.jpg,11285,29,,50,0.7,0,0,0,0,0,0.0,0.0,3910.0,106.0,69.8,11.6,1.8,0.3,,2026-05-12 12:19:35
germ-germinadorap-de5832|LOT-20260506-651F-005|r1_c1|rep0,LOT-20260506-651F-005:B2:R0,germ-germinadorap-de5832,LOT-20260506-651F-005,B2,1,1,0,Hierbabuena,,,,,,,2026-05-12 12:34:29,2026-05-06 20:48:22,135.77,6,cg_1778589266977_1,5225,cam1_20260512_063428.jpg,crops/cam1_20260512_063428_r1_c1.jpg,5227,cam1_20260512_063433.jpg,crops/cam1_20260512_063433_r1_c1.jpg,11297,29,,50,0.6,0,0,0,0,0,0.0,0.0,3910.0,106.0,70.0,11.7,1.8,0.3,,2026-05-12 12:34:35
germ-germinadorap-de5832|LOT-20260506-651F-005|r1_c1|rep0,LOT-20260506-651F-005:B2:R0,germ-germinadorap-de5832,LOT-20260506-651F-005,B2,1,1,0,Hierbabuena,,,,,,,2026-05-12 12:49:29,2026-05-06 20:48:22,136.02,6,cg_1778590166981_1,5229,cam1_20260512_064928.jpg,crops/cam1_20260512_064928_r1_c1.jpg,5231,cam1_20260512_064933.jpg,crops/cam1_20260512_064933_r1_c1.jpg,11309,29,,50,0.7,0,0,0,0,0,0.0,0.0,3911.0,106.0,70.3,11.7,1.8,0.3,,2026-05-12 12:49:35
germ-germinadorap-de5832|LOT-20260506-651F-005|r1_c1|rep0,LOT-20260506-651F-005:B2:R0,germ-germinadorap-de5832,LOT-20260506-651F-005,B2,1,1,0,Hierbabuena,,,,,,,2026-05-12 13:04:29,2026-05-06 20:48:22,136.27,6,cg_1778591066985_1,5233,cam1_20260512_070428.jpg,crops/cam1_20260512_070428_r1_c1.jpg,5235,cam1_20260512_070433.jpg,crops/cam1_20260512_070433_r1_c1.jpg,11321,29,,50,0.6,0,0,0,0,0,0.0,0.0,3911.0,106.0,70.5,11.8,1.8,0.3,,2026-05-12 13:04:35
germ-germinadorap-de5832|LOT-20260506-651F-005|r1_c1|rep0,LOT-20260506-651F-005:B2:R0,germ-germinadorap-de5832,LOT-20260506-651F-005,B2,1,1,0,Hierbabuena,,,,,,,2026-05-12 13:19:29,2026-05-06 20:48:22,136.52,6,cg_1778591966990_1,5237,cam1_20260512_071928.jpg,crops/cam1_20260512_071928_r1_c1.jpg,5239,cam1_20260512_071933.jpg,crops/cam1_20260512_071933_r1_c1.jpg,11333,29,,50,0.6,0,0,0,0,0,0.0,0.0,3911.0,106.0,70.8,11.8,1.8,0.3,,2026-05-12 13:19:35
germ-germinadorap-de5832|LOT-20260506-651F-005|r1_c1|rep0,LOT-20260506-651F-005:B2:R0,germ-germinadorap-de5832,LOT-20260506-651F-005,B2,1,1,0,Hierbabuena,,,,,,,2026-05-12 13:34:29,2026-05-06 20:48:22,136.77,6,cg_1778592866993_1,5241,cam1_20260512_073428.jpg,crops/cam1_20260512_073428_r1_c1.jpg,5243,cam1_20260512_073433.jpg,crops/cam1_20260512_073433_r1_c1.jpg,11345,29,,50,0.6,0,0,0,0,0,0.0,0.0,3911.0,106.0,71.0,11.8,1.8,0.3,,2026-05-12 13:34:35
germ-germinadorap-de5832|LOT-20260506-651F-005|r1_c1|rep0,LOT-20260506-651F-005:B2:R0,germ-germinadorap-de5832,LOT-20260506-651F-005,B2,1,1,0,Hierbabuena,,,,,,,2026-05-12 13:49:29,2026-05-06 20:48:22,137.02,6,cg_1778593766996_1,5245,cam1_20260512_074928.jpg,crops/cam1_20260512_074928_r1_c1.jpg,5247,cam1_20260512_074933.jpg,crops/cam1_20260512_074933_r1_c1.jpg,11357,29,,50,0.6,0,0,0,0,0,0.0,0.0,3911.0,106.0,71.3,11.9,1.8,0.3,,2026-05-12 13:49:35
germ-germinadorap-de5832|LOT-20260506-651F-005|r1_c1|rep0,LOT-20260506-651F-005:B2:R0,germ-germinadorap-de5832,LOT-20260506-651F-005,B2,1,1,0,Hierbabuena,,,,,,,2026-05-12 14:04:31,2026-05-06 20:48:22,137.27,6,cg_1778594669247_1,5253,cam1_20260512_080430.jpg,crops/cam1_20260512_080430_r1_c1.jpg,5255,cam1_20260512_080436.jpg,crops/cam1_20260512_080436_r1_c1.jpg,11369,29,,50,0.6,0,0,0,0,0,0.0,0.0,3915.0,106.0,71.5,11.9,1.8,0.3,,2026-05-12 14:04:37
germ-germinadorap-de5832|LOT-20260506-651F-005|r1_c1|rep0,LOT-20260506-651F-005:B2:R0,germ-germinadorap-de5832,LOT-20260506-651F-005,B2,1,1,0,Hierbabuena,,,,,,,2026-05-12 14:19:31,2026-05-06 20:48:22,137.52,6,cg_1778595569271_1,5257,cam1_20260512_081930.jpg,crops/cam1_20260512_081930_r1_c1.jpg,5259,cam1_20260512_081936.jpg,crops/cam1_20260512_081936_r1_c1.jpg,11381,29,,50,0.5,0,0,0,0,0,0.0,0.0,3930.0,106.0,71.8,12.0,1.8,0.3,,2026-05-12 14:19:37
germ-germinadorap-de5832|LOT-20260506-651F-005|r1_c1|rep0,LOT-20260506-651F-005:B2:R0,germ-germinadorap-de5832,LOT-20260506-651F-005,B2,1,1,0,Hierbabuena,,,,,,,2026-05-12 14:34:31,2026-05-06 20:48:22,137.77,6,cg_1778596469286_1,5261,cam1_20260512_083431.jpg,crops/cam1_20260512_083431_r1_c1.jpg,5263,cam1_20260512_083436.jpg,crops/cam1_20260512_083436_r1_c1.jpg,11393,29,,50,0.6,0,0,0,0,0,0.0,0.0,3945.0,106.0,72.0,12.0,1.8,0.3,,2026-05-12 14:34:38
germ-germinadorap-de5832|LOT-20260506-651F-005|r1_c1|rep0,LOT-20260506-651F-005:B2:R0,germ-germinadorap-de5832,LOT-20260506-651F-005,B2,1,1,0,Hierbabuena,,,,,,,2026-05-12 14:49:31,2026-05-06 20:48:22,138.02,6,cg_1778597369291_1,5265,cam1_20260512_084930.jpg,crops/cam1_20260512_084930_r1_c1.jpg,5267,cam1_20260512_084936.jpg,crops/cam1_20260512_084936_r1_c1.jpg,11405,29,,50,0.6,0,0,0,0,0,0.0,0.0,3960.0,106.0,72.2,12.0,1.8,0.3,,2026-05-12 14:49:37
germ-germinadorap-de5832|LOT-20260506-651F-005|r1_c1|rep0,LOT-20260506-651F-005:B2:R0,germ-germinadorap-de5832,LOT-20260506-651F-005,B2,1,1,0,Hierbabuena,,,,,,,2026-05-12 15:04:31,2026-05-06 20:48:22,138.27,6,cg_1778598269393_1,5269,cam1_20260512_090431.jpg,crops/cam1_20260512_090431_r1_c1.jpg,5271,cam1_20260512_090436.jpg,crops/cam1_20260512_090436_r1_c1.jpg,11417,29,,50,0.6,0,0,0,0,0,0.0,0.0,3974.0,106.0,72.5,12.1,1.8,0.3,,2026-05-12 15:04:38
germ-germinadorap-de5832|LOT-20260506-651F-005|r1_c1|rep0,LOT-20260506-651F-005:B2:R0,germ-germinadorap-de5832,LOT-20260506-651F-005,B2,1,1,0,Hierbabuena,,,,,,,2026-05-12 15:19:31,2026-05-06 20:48:22,138.52,6,cg_1778599169461_1,5273,cam1_20260512_091931.jpg,crops/cam1_20260512_091931_r1_c1.jpg,5275,cam1_20260512_091936.jpg,crops/cam1_20260512_091936_r1_c1.jpg,11429,29,,50,0.5,0,0,0,0,0,0.0,0.0,3989.0,106.0,72.7,12.1,1.8,0.3,,2026-05-12 15:19:38
germ-germinadorap-de5832|LOT-20260506-651F-005|r1_c1|rep0,LOT-20260506-651F-005:B2:R0,germ-germinadorap-de5832,LOT-20260506-651F-005,B2,1,1,0,Hierbabuena,,,,,,,2026-05-12 15:34:32,2026-05-06 20:48:22,138.77,6,cg_1778600069557_1,5277,cam1_20260512_093431.jpg,crops/cam1_20260512_093431_r1_c1.jpg,5279,cam1_20260512_093436.jpg,crops/cam1_20260512_093436_r1_c1.jpg,11441,29,,50,0.5,0,0,0,0,0,0.0,0.0,4004.0,106.0,73.0,12.2,1.8,0.3,,2026-05-12 15:34:38
germ-germinadorap-de5832|LOT-20260506-651F-005|r1_c1|rep0,LOT-20260506-651F-005:B2:R0,germ-germinadorap-de5832,LOT-20260506-651F-005,B2,1,1,0,Hierbabuena,,,,,,,2026-05-12 15:49:32,2026-05-06 20:48:22,139.02,6,cg_1778600969558_1,5281,cam1_20260512_094931.jpg,crops/cam1_20260512_094931_r1_c1.jpg,5283,cam1_20260512_094936.jpg,crops/cam1_20260512_094936_r1_c1.jpg,11453,29,,50,0.5,0,0,0,0,0,0.0,0.0,4019.0,106.0,73.2,12.2,1.8,0.3,,2026-05-12 15:49:38
germ-germinadorap-de5832|LOT-20260506-651F-005|r1_c1|rep0,LOT-20260506-651F-005:B2:R0,germ-germinadorap-de5832,LOT-20260506-651F-005,B2,1,1,0,Hierbabuena,,,,,,,2026-05-12 16:04:32,2026-05-06 20:48:22,139.27,6,cg_1778601869564_1,5285,cam1_20260512_100431.jpg,crops/cam1_20260512_100431_r1_c1.jpg,5287,cam1_20260512_100436.jpg,crops/cam1_20260512_100436_r1_c1.jpg,11465,29,,50,0.5,0,0,0,0,0,0.0,0.0,4034.0,106.0,73.5,12.2,1.8,0.3,,2026-05-12 16:04:38
germ-germinadorap-de5832|LOT-20260506-651F-005|r1_c1|rep0,LOT-20260506-651F-005:B2:R0,germ-germinadorap-de5832,LOT-20260506-651F-005,B2,1,1,0,Hierbabuena,,,,,,,2026-05-12 16:19:31,2026-05-06 20:48:22,139.52,6,cg_1778602769566_1,5289,cam1_20260512_101931.jpg,crops/cam1_20260512_101931_r1_c1.jpg,5291,cam1_20260512_101936.jpg,crops/cam1_20260512_101936_r1_c1.jpg,11477,29,,50,0.5,0,0,0,0,0,0.0,0.0,4049.0,106.0,73.7,12.3,1.8,0.3,,2026-05-12 16:19:38
germ-germinadorap-de5832|LOT-20260506-651F-005|r1_c1|rep0,LOT-20260506-651F-005:B2:R0,germ-germinadorap-de5832,LOT-20260506-651F-005,B2,1,1,0,Hierbabuena,,,,,,,2026-05-12 16:34:31,2026-05-06 20:48:22,139.77,6,cg_1778603669569_1,5292,cam1_20260512_103431.jpg,crops/cam1_20260512_103431_r1_c1.jpg,5294,cam1_20260512_103434.jpg,crops/cam1_20260512_103434_r1_c1.jpg,11484,29,,50,0.5,0,0,0,0,0,0.0,0.0,4064.0,106.0,74.0,12.3,1.8,0.3,,2026-05-12 16:34:35
germ-germinadorap-de5832|LOT-20260506-651F-005|r1_c1|rep0,LOT-20260506-651F-005:B2:R0,germ-germinadorap-de5832,LOT-20260506-651F-005,B2,1,1,0,Hierbabuena,,,,,,,2026-05-12 16:49:32,2026-05-06 20:48:22,140.02,6,cg_1778604569571_1,5297,cam1_20260512_104931.jpg,crops/cam1_20260512_104931_r1_c1.jpg,5299,cam1_20260512_104936.jpg,crops/cam1_20260512_104936_r1_c1.jpg,11501,29,,50,0.5,0,0,0,0,0,0.0,0.0,4079.0,106.0,74.2,12.4,1.8,0.3,,2026-05-12 16:49:38
germ-germinadorap-de5832|LOT-20260506-651F-005|r1_c1|rep0,LOT-20260506-651F-005:B2:R0,germ-germinadorap-de5832,LOT-20260506-651F-005,B2,1,1,0,Hierbabuena,,,,,,,2026-05-12 17:04:32,2026-05-06 20:48:22,140.27,6,cg_1778605469574_1,5301,cam1_20260512_110431.jpg,crops/cam1_20260512_110431_r1_c1.jpg,5303,cam1_20260512_110436.jpg,crops/cam1_20260512_110436_r1_c1.jpg,11513,29,,50,0.5,0,0,0,0,0,0.0,0.0,4094.0,106.0,74.5,12.4,1.8,0.3,,2026-05-12 17:04:38
germ-germinadorap-de5832|LOT-20260506-651F-005|r1_c1|rep0,LOT-20260506-651F-005:B2:R0,germ-germinadorap-de5832,LOT-20260506-651F-005,B2,1,1,0,Hierbabuena,,,,,,,2026-05-12 17:19:32,2026-05-06 20:48:22,140.52,6,cg_1778606369578_1,5305,cam1_20260512_111931.jpg,crops/cam1_20260512_111931_r1_c1.jpg,5307,cam1_20260512_111936.jpg,crops/cam1_20260512_111936_r1_c1.jpg,11525,29,,50,0.4,0,0,0,0,0,0.0,0.0,4109.0,106.0,74.7,12.5,1.8,0.3,,2026-05-12 17:19:38
germ-germinadorap-de5832|LOT-20260506-651F-005|r1_c1|rep0,LOT-20260506-651F-005:B2:R0,germ-germinadorap-de5832,LOT-20260506-651F-005,B2,1,1,0,Hierbabuena,,,,,,,2026-05-12 17:34:32,2026-05-06 20:48:22,140.77,6,cg_1778607269578_1,5309,cam1_20260512_113431.jpg,crops/cam1_20260512_113431_r1_c1.jpg,5311,cam1_20260512_113436.jpg,crops/cam1_20260512_113436_r1_c1.jpg,11537,29,,50,0.4,0,0,0,0,0,0.0,0.0,4124.0,106.0,75.0,12.5,1.8,0.3,,2026-05-12 17:34:38
germ-germinadorap-de5832|LOT-20260506-651F-005|r1_c1|rep0,LOT-20260506-651F-005:B2:R0,germ-germinadorap-de5832,LOT-20260506-651F-005,B2,1,1,0,Hierbabuena,,,,,,,2026-05-12 17:49:32,2026-05-06 20:48:22,141.02,6,cg_1778608169579_1,5313,cam1_20260512_114931.jpg,crops/cam1_20260512_114931_r1_c1.jpg,5315,cam1_20260512_114936.jpg,crops/cam1_20260512_114936_r1_c1.jpg,11549,29,,50,0.4,0,0,0,0,0,0.0,0.0,4138.0,106.0,75.2,12.5,1.8,0.3,,2026-05-12 17:49:38
germ-germinadorap-de5832|LOT-20260506-651F-005|r1_c1|rep0,LOT-20260506-651F-005:B2:R0,germ-germinadorap-de5832,LOT-20260506-651F-005,B2,1,1,0,Hierbabuena,,,,,,,2026-05-12 18:04:32,2026-05-06 20:48:22,141.27,6,cg_1778609069584_1,5317,cam1_20260512_120431.jpg,crops/cam1_20260512_120431_r1_c1.jpg,5319,cam1_20260512_120436.jpg,crops/cam1_20260512_120436_r1_c1.jpg,11561,29,,50,0.4,0,0,0,0,0,0.0,0.0,4153.0,106.0,75.5,12.6,1.8,0.3,,2026-05-12 18:04:38
germ-germinadorap-de5832|LOT-20260506-651F-005|r1_c1|rep0,LOT-20260506-651F-005:B2:R0,germ-germinadorap-de5832,LOT-20260506-651F-005,B2,1,1,0,Hierbabuena,,,,,,,2026-05-12 18:19:32,2026-05-06 20:48:22,141.52,6,cg_1778609969588_1,5321,cam1_20260512_121931.jpg,crops/cam1_20260512_121931_r1_c1.jpg,5323,cam1_20260512_121936.jpg,crops/cam1_20260512_121936_r1_c1.jpg,11573,29,,50,0.4,0,0,0,0,0,0.0,0.0,4168.0,106.0,75.7,12.6,1.8,0.3,,2026-05-12 18:19:38
germ-germinadorap-de5832|LOT-20260506-651F-005|r1_c1|rep0,LOT-20260506-651F-005:B2:R0,germ-germinadorap-de5832,LOT-20260506-651F-005,B2,1,1,0,Hierbabuena,,,,,,,2026-05-12 18:34:32,2026-05-06 20:48:22,141.77,6,cg_1778610869594_1,5325,cam1_20260512_123431.jpg,crops/cam1_20260512_123431_r1_c1.jpg,5327,cam1_20260512_123436.jpg,crops/cam1_20260512_123436_r1_c1.jpg,11585,29,,50,0.4,0,0,0,0,0,0.0,0.0,4183.0,106.0,76.0,12.7,1.8,0.3,,2026-05-12 18:34:38
germ-germinadorap-de5832|LOT-20260506-651F-005|r1_c1|rep0,LOT-20260506-651F-005:B2:R0,germ-germinadorap-de5832,LOT-20260506-651F-005,B2,1,1,0,Hierbabuena,,,,,,,2026-05-12 18:49:32,2026-05-06 20:48:22,142.02,6,cg_1778611769607_1,5329,cam1_20260512_124931.jpg,crops/cam1_20260512_124931_r1_c1.jpg,5331,cam1_20260512_124936.jpg,crops/cam1_20260512_124936_r1_c1.jpg,11597,29,,50,0.4,0,0,0,0,0,0.0,0.0,4198.0,106.0,76.2,12.7,1.8,0.3,,2026-05-12 18:49:38
germ-germinadorap-de5832|LOT-20260506-651F-005|r1_c1|rep0,LOT-20260506-651F-005:B2:R0,germ-germinadorap-de5832,LOT-20260506-651F-005,B2,1,1,0,Hierbabuena,,,,,,,2026-05-12 19:04:32,2026-05-06 20:48:22,142.27,6,cg_1778612669607_1,5333,cam1_20260512_130431.jpg,crops/cam1_20260512_130431_r1_c1.jpg,5335,cam1_20260512_130436.jpg,crops/cam1_20260512_130436_r1_c1.jpg,11609,29,,50,0.4,0,0,0,0,0,0.0,0.0,4213.0,106.0,76.5,12.7,1.8,0.3,,2026-05-12 19:04:38
germ-germinadorap-de5832|LOT-20260506-651F-005|r1_c1|rep0,LOT-20260506-651F-005:B2:R0,germ-germinadorap-de5832,LOT-20260506-651F-005,B2,1,1,0,Hierbabuena,,,,,,,2026-05-12 19:19:32,2026-05-06 20:48:22,142.52,6,cg_1778613569614_1,5337,cam1_20260512_131931.jpg,crops/cam1_20260512_131931_r1_c1.jpg,5339,cam1_20260512_131936.jpg,crops/cam1_20260512_131936_r1_c1.jpg,11621,29,,50,0.3,0,0,0,0,0,0.0,0.0,4228.0,106.0,76.7,12.8,1.8,0.3,,2026-05-12 19:19:38
germ-germinadorap-de5832|LOT-20260506-651F-005|r1_c1|rep0,LOT-20260506-651F-005:B2:R0,germ-germinadorap-de5832,LOT-20260506-651F-005,B2,1,1,0,Hierbabuena,,,,,,,2026-05-12 19:34:32,2026-05-06 20:48:22,142.77,6,cg_1778614469630_1,5341,cam1_20260512_133431.jpg,crops/cam1_20260512_133431_r1_c1.jpg,5343,cam1_20260512_133436.jpg,crops/cam1_20260512_133436_r1_c1.jpg,11633,29,,50,0.3,0,0,0,0,0,0.0,0.0,4243.0,106.0,77.0,12.8,1.8,0.3,,2026-05-12 19:34:38
germ-germinadorap-de5832|LOT-20260506-651F-005|r1_c1|rep0,LOT-20260506-651F-005:B2:R0,germ-germinadorap-de5832,LOT-20260506-651F-005,B2,1,1,0,Hierbabuena,,,,,,,2026-05-12 19:49:32,2026-05-06 20:48:22,143.02,6,cg_1778615369643_1,5345,cam1_20260512_134931.jpg,crops/cam1_20260512_134931_r1_c1.jpg,5347,cam1_20260512_134936.jpg,crops/cam1_20260512_134936_r1_c1.jpg,11645,29,,50,0.3,0,0,0,0,0,0.0,0.0,4258.0,106.0,77.2,12.9,1.8,0.3,,2026-05-12 19:49:38
germ-germinadorap-de5832|LOT-20260506-651F-005|r1_c1|rep0,LOT-20260506-651F-005:B2:R0,germ-germinadorap-de5832,LOT-20260506-651F-005,B2,1,1,0,Hierbabuena,,,,,,,2026-05-12 20:04:32,2026-05-06 20:48:22,143.27,6,cg_1778616269653_1,5349,cam1_20260512_140431.jpg,crops/cam1_20260512_140431_r1_c1.jpg,5351,cam1_20260512_140436.jpg,crops/cam1_20260512_140436_r1_c1.jpg,11657,29,,50,0.3,0,0,0,0,0,0.0,0.0,4273.0,106.0,77.4,12.9,1.8,0.3,,2026-05-12 20:04:38
germ-germinadorap-de5832|LOT-20260506-651F-005|r1_c1|rep0,LOT-20260506-651F-005:B2:R0,germ-germinadorap-de5832,LOT-20260506-651F-005,B2,1,1,0,Hierbabuena,,,,,,,2026-05-12 20:19:32,2026-05-06 20:48:22,143.52,6,cg_1778617169656_1,5353,cam1_20260512_141931.jpg,crops/cam1_20260512_141931_r1_c1.jpg,5355,cam1_20260512_141936.jpg,crops/cam1_20260512_141936_r1_c1.jpg,11669,29,,50,0.2,0,0,0,0,0,0.0,0.0,4288.0,106.0,77.4,12.9,1.8,0.3,,2026-05-12 20:19:38
germ-germinadorap-de5832|LOT-20260506-651F-005|r1_c1|rep0,LOT-20260506-651F-005:B2:R0,germ-germinadorap-de5832,LOT-20260506-651F-005,B2,1,1,0,Hierbabuena,,,,,,,2026-05-12 20:34:32,2026-05-06 20:48:22,143.77,6,cg_1778618069665_1,5357,cam1_20260512_143431.jpg,crops/cam1_20260512_143431_r1_c1.jpg,5359,cam1_20260512_143436.jpg,crops/cam1_20260512_143436_r1_c1.jpg,11681,29,,50,0.2,0,0,0,0,0,0.0,0.0,4302.0,106.0,77.4,12.9,1.8,0.3,,2026-05-12 20:34:38
germ-germinadorap-de5832|LOT-20260506-651F-005|r1_c1|rep0,LOT-20260506-651F-005:B2:R0,germ-germinadorap-de5832,LOT-20260506-651F-005,B2,1,1,0,Hierbabuena,,,,,,,2026-05-12 20:49:32,2026-05-06 20:48:22,144.02,7,cg_1778618969682_1,5361,cam1_20260512_144931.jpg,crops/cam1_20260512_144931_r1_c1.jpg,5363,cam1_20260512_144936.jpg,crops/cam1_20260512_144936_r1_c1.jpg,11693,29,,50,0.2,0,0,0,0,0,0.0,0.0,4317.0,106.0,77.4,11.1,1.8,0.3,,2026-05-12 20:49:38
germ-germinadorap-de5832|LOT-20260506-651F-005|r1_c1|rep0,LOT-20260506-651F-005:B2:R0,germ-germinadorap-de5832,LOT-20260506-651F-005,B2,1,1,0,Hierbabuena,,,,,,,2026-05-12 21:04:32,2026-05-06 20:48:22,144.27,7,cg_1778619869688_1,5365,cam1_20260512_150431.jpg,crops/cam1_20260512_150431_r1_c1.jpg,5367,cam1_20260512_150436.jpg,crops/cam1_20260512_150436_r1_c1.jpg,11705,29,,50,0.1,0,0,0,0,0,0.0,0.0,4332.0,106.0,77.4,11.1,1.8,0.3,,2026-05-12 21:04:38
germ-germinadorap-de5832|LOT-20260506-651F-005|r1_c1|rep0,LOT-20260506-651F-005:B2:R0,germ-germinadorap-de5832,LOT-20260506-651F-005,B2,1,1,0,Hierbabuena,,,,,,,2026-05-12 21:19:32,2026-05-06 20:48:22,144.52,7,cg_1778620769704_1,5369,cam1_20260512_151931.jpg,crops/cam1_20260512_151931_r1_c1.jpg,5371,cam1_20260512_151936.jpg,crops/cam1_20260512_151936_r1_c1.jpg,11717,29,,50,0.2,0,0,0,0,0,0.0,0.0,4347.0,106.0,77.4,11.1,1.8,0.3,,2026-05-12 21:19:38
germ-germinadorap-de5832|LOT-20260506-651F-005|r1_c1|rep0,LOT-20260506-651F-005:B2:R0,germ-germinadorap-de5832,LOT-20260506-651F-005,B2,1,1,0,Hierbabuena,,,,,,,2026-05-12 21:34:32,2026-05-06 20:48:22,144.77,7,cg_1778621669705_1,5373,cam1_20260512_153431.jpg,crops/cam1_20260512_153431_r1_c1.jpg,5375,cam1_20260512_153436.jpg,crops/cam1_20260512_153436_r1_c1.jpg,11729,29,,50,0.1,0,0,0,0,0,0.0,0.0,4362.0,106.0,77.4,11.1,1.8,0.3,,2026-05-12 21:34:38
germ-germinadorap-de5832|LOT-20260506-651F-005|r1_c1|rep0,LOT-20260506-651F-005:B2:R0,germ-germinadorap-de5832,LOT-20260506-651F-005,B2,1,1,0,Hierbabuena,,,,,,,2026-05-12 21:49:32,2026-05-06 20:48:22,145.02,7,cg_1778622569712_1,5377,cam1_20260512_154931.jpg,crops/cam1_20260512_154931_r1_c1.jpg,5379,cam1_20260512_154936.jpg,crops/cam1_20260512_154936_r1_c1.jpg,11741,29,,50,0.1,0,0,0,0,0,0.0,0.0,4377.0,106.0,77.4,11.1,1.8,0.3,,2026-05-12 21:49:38
germ-germinadorap-de5832|LOT-20260506-651F-005|r1_c1|rep0,LOT-20260506-651F-005:B2:R0,germ-germinadorap-de5832,LOT-20260506-651F-005,B2,1,1,0,Hierbabuena,,,,,,,2026-05-12 22:04:32,2026-05-06 20:48:22,145.27,7,cg_1778623469722_1,5381,cam1_20260512_160431.jpg,crops/cam1_20260512_160431_r1_c1.jpg,5383,cam1_20260512_160436.jpg,crops/cam1_20260512_160436_r1_c1.jpg,11753,29,,50,0.1,0,0,0,0,0,0.0,0.0,4392.0,106.0,77.4,11.1,1.8,0.3,,2026-05-12 22:04:38
germ-germinadorap-de5832|LOT-20260506-651F-005|r1_c1|rep0,LOT-20260506-651F-005:B2:R0,germ-germinadorap-de5832,LOT-20260506-651F-005,B2,1,1,0,Hierbabuena,,,,,,,2026-05-12 22:19:32,2026-05-06 20:48:22,145.52,7,cg_1778624369732_1,5385,cam1_20260512_161931.jpg,crops/cam1_20260512_161931_r1_c1.jpg,5387,cam1_20260512_161936.jpg,crops/cam1_20260512_161936_r1_c1.jpg,11765,29,,50,0.1,0,0,0,0,0,0.0,0.0,4407.0,106.0,77.4,11.1,1.8,0.3,,2026-05-12 22:19:38
germ-germinadorap-de5832|LOT-20260506-651F-005|r1_c1|rep0,LOT-20260506-651F-005:B2:R0,germ-germinadorap-de5832,LOT-20260506-651F-005,B2,1,1,0,Hierbabuena,,,,,,,2026-05-12 22:34:32,2026-05-06 20:48:22,145.77,7,cg_1778625269746_1,5389,cam1_20260512_163431.jpg,crops/cam1_20260512_163431_r1_c1.jpg,5391,cam1_20260512_163436.jpg,crops/cam1_20260512_163436_r1_c1.jpg,11777,29,,50,0,0,0,0,0,0,0.0,0.0,4422.0,106.0,77.4,11.1,1.8,0.3,,2026-05-12 22:34:38
germ-germinadorap-de5832|LOT-20260506-651F-005|r1_c1|rep0,LOT-20260506-651F-005:B2:R0,germ-germinadorap-de5832,LOT-20260506-651F-005,B2,1,1,0,Hierbabuena,,,,,,,2026-05-12 22:49:33,2026-05-06 20:48:22,146.02,7,cg_1778626169804_1,5393,cam1_20260512_164932.jpg,crops/cam1_20260512_164932_r1_c1.jpg,5395,cam1_20260512_164937.jpg,crops/cam1_20260512_164937_r1_c1.jpg,11789,29,,50,0.1,0,0,0,0,0,0.0,0.0,4437.0,106.0,77.4,11.1,1.8,0.3,,2026-05-12 22:49:39
germ-germinadorap-de5832|LOT-20260506-651F-005|r1_c1|rep0,LOT-20260506-651F-005:B2:R0,germ-germinadorap-de5832,LOT-20260506-651F-005,B2,1,1,0,Hierbabuena,,,,,,,2026-05-12 23:04:32,2026-05-06 20:48:22,146.27,7,cg_1778627069851_1,5397,cam1_20260512_170431.jpg,crops/cam1_20260512_170431_r1_c1.jpg,5399,cam1_20260512_170436.jpg,crops/cam1_20260512_170436_r1_c1.jpg,11801,29,,50,0.1,0,0,0,0,0,0.0,0.0,4452.0,106.0,77.4,11.1,1.8,0.3,,2026-05-12 23:04:38
germ-germinadorap-de5832|LOT-20260506-651F-005|r1_c1|rep0,LOT-20260506-651F-005:B2:R0,germ-germinadorap-de5832,LOT-20260506-651F-005,B2,1,1,0,Hierbabuena,,,,,,,2026-05-12 23:19:32,2026-05-06 20:48:22,146.52,7,cg_1778627969827_1,5401,cam1_20260512_171931.jpg,crops/cam1_20260512_171931_r1_c1.jpg,5403,cam1_20260512_171936.jpg,crops/cam1_20260512_171936_r1_c1.jpg,11813,29,,50,0.1,0,0,0,0,0,0.0,0.0,4467.0,106.0,77.4,11.1,1.8,0.3,,2026-05-12 23:19:38
germ-germinadorap-de5832|LOT-20260506-651F-005|r1_c1|rep0,LOT-20260506-651F-005:B2:R0,germ-germinadorap-de5832,LOT-20260506-651F-005,B2,1,1,0,Hierbabuena,,,,,,,2026-05-12 23:34:32,2026-05-06 20:48:22,146.77,7,cg_1778628869834_1,5405,cam1_20260512_173431.jpg,crops/cam1_20260512_173431_r1_c1.jpg,5407,cam1_20260512_173436.jpg,crops/cam1_20260512_173436_r1_c1.jpg,11825,29,,50,0.1,0,0,0,0,0,0.0,0.0,4481.0,106.0,77.4,11.1,1.8,0.3,,2026-05-12 23:34:38
germ-germinadorap-de5832|LOT-20260506-651F-005|r1_c1|rep0,LOT-20260506-651F-005:B2:R0,germ-germinadorap-de5832,LOT-20260506-651F-005,B2,1,1,0,Hierbabuena,,,,,,,2026-05-12 23:49:32,2026-05-06 20:48:22,147.02,7,cg_1778629769850_1,5409,cam1_20260512_174931.jpg,crops/cam1_20260512_174931_r1_c1.jpg,5411,cam1_20260512_174936.jpg,crops/cam1_20260512_174936_r1_c1.jpg,11837,29,,50,0.1,0,0,0,0,0,0.0,0.0,4496.0,106.0,77.4,11.1,1.8,0.3,,2026-05-12 23:49:38
germ-germinadorap-de5832|LOT-20260506-651F-005|r1_c1|rep0,LOT-20260506-651F-005:B2:R0,germ-germinadorap-de5832,LOT-20260506-651F-005,B2,1,1,0,Hierbabuena,,,,,,,2026-05-13 00:04:32,2026-05-06 20:48:22,147.27,7,cg_1778630669861_1,5413,cam1_20260512_180431.jpg,crops/cam1_20260512_180431_r1_c1.jpg,5415,cam1_20260512_180436.jpg,crops/cam1_20260512_180436_r1_c1.jpg,11849,29,,50,0.1,0,0,0,1,0,15.0,0.0,4511.0,106.0,77.4,11.1,1.8,0.3,,2026-05-13 00:04:38
germ-germinadorap-de5832|LOT-20260506-651F-005|r1_c1|rep0,LOT-20260506-651F-005:B2:R0,germ-germinadorap-de5832,LOT-20260506-651F-005,B2,1,1,0,Hierbabuena,,,,,,,2026-05-13 00:19:32,2026-05-06 20:48:22,147.52,7,cg_1778631569882_1,5417,cam1_20260512_181931.jpg,crops/cam1_20260512_181931_r1_c1.jpg,5419,cam1_20260512_181936.jpg,crops/cam1_20260512_181936_r1_c1.jpg,11861,29,,50,0.1,0,0,0,0,0,0.0,0.0,4526.0,106.0,77.4,11.1,1.8,0.3,,2026-05-13 00:19:38
germ-germinadorap-de5832|LOT-20260506-651F-005|r1_c1|rep0,LOT-20260506-651F-005:B2:R0,germ-germinadorap-de5832,LOT-20260506-651F-005,B2,1,1,0,Hierbabuena,,,,,,,2026-05-13 00:34:32,2026-05-06 20:48:22,147.77,7,cg_1778632469897_1,5421,cam1_20260512_183431.jpg,crops/cam1_20260512_183431_r1_c1.jpg,5423,cam1_20260512_183436.jpg,crops/cam1_20260512_183436_r1_c1.jpg,11873,29,,50,0.1,0,0,0,0,0,0.0,0.0,4541.0,106.0,77.4,11.1,1.8,0.3,,2026-05-13 00:34:38
germ-germinadorap-de5832|LOT-20260506-651F-005|r1_c1|rep0,LOT-20260506-651F-005:B2:R0,germ-germinadorap-de5832,LOT-20260506-651F-005,B2,1,1,0,Hierbabuena,,,,,,,2026-05-13 00:49:32,2026-05-06 20:48:22,148.02,7,cg_1778633369908_1,5425,cam1_20260512_184931.jpg,crops/cam1_20260512_184931_r1_c1.jpg,5427,cam1_20260512_184936.jpg,crops/cam1_20260512_184936_r1_c1.jpg,11885,29,,50,0.1,0,0,0,0,0,0.0,0.0,4556.0,106.0,77.4,11.1,1.8,0.3,,2026-05-13 00:49:38
germ-germinadorap-de5832|LOT-20260506-651F-005|r1_c1|rep0,LOT-20260506-651F-005:B2:R0,germ-germinadorap-de5832,LOT-20260506-651F-005,B2,1,1,0,Hierbabuena,,,,,,,2026-05-13 01:04:32,2026-05-06 20:48:22,148.27,7,cg_1778634269926_1,5429,cam1_20260512_190431.jpg,crops/cam1_20260512_190431_r1_c1.jpg,5431,cam1_20260512_190436.jpg,crops/cam1_20260512_190436_r1_c1.jpg,11897,29,,50,0.1,0,0,0,0,0,0.0,0.0,4571.0,106.0,77.4,11.1,1.8,0.3,,2026-05-13 01:04:38
germ-germinadorap-de5832|LOT-20260506-651F-005|r1_c1|rep0,LOT-20260506-651F-005:B2:R0,germ-germinadorap-de5832,LOT-20260506-651F-005,B2,1,1,0,Hierbabuena,,,,,,,2026-05-13 01:19:32,2026-05-06 20:48:22,148.52,7,cg_1778635169930_1,5433,cam1_20260512_191931.jpg,crops/cam1_20260512_191931_r1_c1.jpg,5435,cam1_20260512_191936.jpg,crops/cam1_20260512_191936_r1_c1.jpg,11909,29,,50,0,0,0,0,0,0,0.0,0.0,4586.0,106.0,77.4,11.1,1.8,0.3,,2026-05-13 01:19:38
germ-germinadorap-de5832|LOT-20260506-651F-005|r1_c1|rep0,LOT-20260506-651F-005:B2:R0,germ-germinadorap-de5832,LOT-20260506-651F-005,B2,1,1,0,Hierbabuena,,,,,,,2026-05-13 01:34:32,2026-05-06 20:48:22,148.77,7,cg_1778636069939_1,5437,cam1_20260512_193431.jpg,crops/cam1_20260512_193431_r1_c1.jpg,5439,cam1_20260512_193436.jpg,crops/cam1_20260512_193436_r1_c1.jpg,11921,29,,50,0,0,0,0,0,0,0.0,0.0,4601.0,106.0,77.4,11.1,1.8,0.3,,2026-05-13 01:34:38
germ-germinadorap-de5832|LOT-20260506-651F-005|r1_c1|rep0,LOT-20260506-651F-005:B2:R0,germ-germinadorap-de5832,LOT-20260506-651F-005,B2,1,1,0,Hierbabuena,,,,,,,2026-05-13 01:49:32,2026-05-06 20:48:22,149.02,7,cg_1778636969944_1,5445,cam1_20260512_194931.jpg,crops/cam1_20260512_194931_r1_c1.jpg,5447,cam1_20260512_194936.jpg,crops/cam1_20260512_194936_r1_c1.jpg,11933,29,,50,0.1,0,0,0,0,0,0.0,0.0,4616.0,106.0,77.6,11.1,1.8,0.3,,2026-05-13 01:49:38
germ-germinadorap-de5832|LOT-20260506-651F-005|r1_c1|rep0,LOT-20260506-651F-005:B2:R0,germ-germinadorap-de5832,LOT-20260506-651F-005,B2,1,1,0,Hierbabuena,,,,,,,2026-05-13 02:04:32,2026-05-06 20:48:22,149.27,7,cg_1778637869992_1,5449,cam1_20260512_200431.jpg,crops/cam1_20260512_200431_r1_c1.jpg,5451,cam1_20260512_200436.jpg,crops/cam1_20260512_200436_r1_c1.jpg,11945,29,,50,0,0,0,0,0,0,0.0,0.0,4626.0,106.0,77.8,11.1,1.8,0.3,,2026-05-13 02:04:38
germ-germinadorap-de5832|LOT-20260506-651F-005|r1_c1|rep0,LOT-20260506-651F-005:B2:R0,germ-germinadorap-de5832,LOT-20260506-651F-005,B2,1,1,0,Hierbabuena,,,,,,,2026-05-13 02:19:32,2026-05-06 20:48:22,149.52,7,cg_1778638769995_1,5453,cam1_20260512_201931.jpg,crops/cam1_20260512_201931_r1_c1.jpg,5455,cam1_20260512_201936.jpg,crops/cam1_20260512_201936_r1_c1.jpg,11957,29,,50,0,0,0,0,0,0,0.0,0.0,4626.0,106.0,78.1,11.2,1.8,0.3,,2026-05-13 02:19:38
germ-germinadorap-de5832|LOT-20260506-651F-005|r1_c1|rep0,LOT-20260506-651F-005:B2:R0,germ-germinadorap-de5832,LOT-20260506-651F-005,B2,1,1,0,Hierbabuena,,,,,,,2026-05-13 02:34:32,2026-05-06 20:48:22,149.77,7,cg_1778639670008_1,5457,cam1_20260512_203431.jpg,crops/cam1_20260512_203431_r1_c1.jpg,5459,cam1_20260512_203436.jpg,crops/cam1_20260512_203436_r1_c1.jpg,11969,29,,50,0,0,0,0,0,0,0.0,0.0,4627.0,106.0,78.3,11.2,1.8,0.3,,2026-05-13 02:34:38
germ-germinadorap-de5832|LOT-20260506-651F-005|r1_c1|rep0,LOT-20260506-651F-005:B2:R0,germ-germinadorap-de5832,LOT-20260506-651F-005,B2,1,1,0,Hierbabuena,,,,,,,2026-05-13 02:49:32,2026-05-06 20:48:22,150.02,7,cg_1778640570018_1,5465,cam1_20260512_204931.jpg,crops/cam1_20260512_204931_r1_c1.jpg,5467,cam1_20260512_204937.jpg,crops/cam1_20260512_204937_r1_c1.jpg,11981,29,,50,0,0,0,0,0,0,0.0,0.0,4627.0,106.0,78.6,11.2,1.8,0.3,,2026-05-13 02:49:38
germ-germinadorap-de5832|LOT-20260506-651F-005|r1_c1|rep0,LOT-20260506-651F-005:B2:R0,germ-germinadorap-de5832,LOT-20260506-651F-005,B2,1,1,0,Hierbabuena,,,,,,,2026-05-13 03:04:32,2026-05-06 20:48:22,150.27,7,cg_1778641470026_1,5469,cam1_20260512_210431.jpg,crops/cam1_20260512_210431_r1_c1.jpg,5471,cam1_20260512_210438.jpg,crops/cam1_20260512_210438_r1_c1.jpg,11993,29,,50,0,0,0,0,0,0,0.0,0.0,4627.0,106.0,78.8,11.3,1.8,0.3,,2026-05-13 03:04:39
germ-germinadorap-de5832|LOT-20260506-651F-005|r1_c1|rep0,LOT-20260506-651F-005:B2:R0,germ-germinadorap-de5832,LOT-20260506-651F-005,B2,1,1,0,Hierbabuena,,,,,,,2026-05-13 03:19:32,2026-05-06 20:48:22,150.52,7,cg_1778642370043_1,5473,cam1_20260512_211931.jpg,crops/cam1_20260512_211931_r1_c1.jpg,5475,cam1_20260512_211937.jpg,crops/cam1_20260512_211937_r1_c1.jpg,12005,29,,50,0,0,0,0,0,0,0.0,0.0,4627.0,106.0,79.1,11.3,1.8,0.3,,2026-05-13 03:19:38
germ-germinadorap-de5832|LOT-20260506-651F-005|r1_c1|rep0,LOT-20260506-651F-005:B2:R0,germ-germinadorap-de5832,LOT-20260506-651F-005,B2,1,1,0,Hierbabuena,,,,,,,2026-05-13 03:34:32,2026-05-06 20:48:22,150.77,7,cg_1778643270056_1,5477,cam1_20260512_213431.jpg,crops/cam1_20260512_213431_r1_c1.jpg,5479,cam1_20260512_213437.jpg,crops/cam1_20260512_213437_r1_c1.jpg,12017,29,,50,0,0,0,0,0,0,0.0,0.0,4627.0,106.0,79.3,11.3,1.8,0.3,,2026-05-13 03:34:38
germ-germinadorap-de5832|LOT-20260506-651F-005|r1_c1|rep0,LOT-20260506-651F-005:B2:R0,germ-germinadorap-de5832,LOT-20260506-651F-005,B2,1,1,0,Hierbabuena,,,,,,,2026-05-13 03:49:32,2026-05-06 20:48:22,151.02,7,cg_1778644170065_1,5481,cam1_20260512_214931.jpg,crops/cam1_20260512_214931_r1_c1.jpg,5483,cam1_20260512_214936.jpg,crops/cam1_20260512_214936_r1_c1.jpg,12029,29,,50,0,0,0,0,0,0,0.0,0.0,4627.0,106.0,79.6,11.4,1.8,0.3,,2026-05-13 03:49:38
germ-germinadorap-de5832|LOT-20260506-651F-005|r1_c1|rep0,LOT-20260506-651F-005:B2:R0,germ-germinadorap-de5832,LOT-20260506-651F-005,B2,1,1,0,Hierbabuena,,,,,,,2026-05-13 04:04:32,2026-05-06 20:48:22,151.27,7,cg_1778645070068_1,5485,cam1_20260512_220431.jpg,crops/cam1_20260512_220431_r1_c1.jpg,5487,cam1_20260512_220436.jpg,crops/cam1_20260512_220436_r1_c1.jpg,12041,29,,50,0,0,0,0,0,0,0.0,0.0,4627.0,106.0,79.8,11.4,1.8,0.3,,2026-05-13 04:04:38
germ-germinadorap-de5832|LOT-20260506-651F-005|r1_c1|rep0,LOT-20260506-651F-005:B2:R0,germ-germinadorap-de5832,LOT-20260506-651F-005,B2,1,1,0,Hierbabuena,,,,,,,2026-05-13 04:19:32,2026-05-06 20:48:22,151.52,7,cg_1778645970082_1,5489,cam1_20260512_221931.jpg,crops/cam1_20260512_221931_r1_c1.jpg,5491,cam1_20260512_221936.jpg,crops/cam1_20260512_221936_r1_c1.jpg,12053,29,,50,0,0,0,0,0,0,0.0,0.0,4627.0,106.0,80.1,11.4,1.8,0.3,,2026-05-13 04:19:38
germ-germinadorap-de5832|LOT-20260506-651F-005|r1_c1|rep0,LOT-20260506-651F-005:B2:R0,germ-germinadorap-de5832,LOT-20260506-651F-005,B2,1,1,0,Hierbabuena,,,,,,,2026-05-13 04:34:32,2026-05-06 20:48:22,151.77,7,cg_1778646870102_1,5493,cam1_20260512_223431.jpg,crops/cam1_20260512_223431_r1_c1.jpg,5495,cam1_20260512_223437.jpg,crops/cam1_20260512_223437_r1_c1.jpg,12065,29,,50,0,0,0,0,0,0,0.0,0.0,4627.0,106.0,80.3,11.5,1.8,0.3,,2026-05-13 04:34:38
germ-germinadorap-de5832|LOT-20260506-651F-005|r1_c1|rep0,LOT-20260506-651F-005:B2:R0,germ-germinadorap-de5832,LOT-20260506-651F-005,B2,1,1,0,Hierbabuena,,,,,,,2026-05-13 04:49:32,2026-05-06 20:48:22,152.02,7,cg_1778647770106_1,5496,cam1_20260512_224931.jpg,crops/cam1_20260512_224931_r1_c1.jpg,5498,cam1_20260512_224934.jpg,crops/cam1_20260512_224934_r1_c1.jpg,12072,29,,50,0,0,0,0,0,0,0.0,0.0,4627.0,106.0,80.6,11.5,1.8,0.3,,2026-05-13 04:49:36
germ-germinadorap-de5832|LOT-20260506-651F-005|r1_c1|rep0,LOT-20260506-651F-005:B2:R0,germ-germinadorap-de5832,LOT-20260506-651F-005,B2,1,1,0,Hierbabuena,,,,,,,2026-05-13 05:04:36,2026-05-06 20:48:22,152.27,7,cg_1778648670113_1,5501,cam1_20260512_230435.jpg,crops/cam1_20260512_230435_r1_c1.jpg,5503,cam1_20260512_230440.jpg,crops/cam1_20260512_230440_r1_c1.jpg,12089,29,,50,0,0,0,0,0,0,0.0,0.0,4627.0,106.0,80.8,11.5,1.8,0.3,,2026-05-13 05:04:41
germ-germinadorap-de5832|LOT-20260506-651F-005|r1_c1|rep0,LOT-20260506-651F-005:B2:R0,germ-germinadorap-de5832,LOT-20260506-651F-005,B2,1,1,0,Hierbabuena,,,,,,,2026-05-13 05:19:32,2026-05-06 20:48:22,152.52,7,cg_1778649570122_1,5505,cam1_20260512_231931.jpg,crops/cam1_20260512_231931_r1_c1.jpg,5507,cam1_20260512_231937.jpg,crops/cam1_20260512_231937_r1_c1.jpg,12101,29,,50,0,0,0,0,0,0,0.0,0.0,4627.0,106.0,81.1,11.6,1.8,0.3,,2026-05-13 05:19:38
germ-germinadorap-de5832|LOT-20260506-651F-005|r1_c1|rep0,LOT-20260506-651F-005:B2:R0,germ-germinadorap-de5832,LOT-20260506-651F-005,B2,1,1,0,Hierbabuena,,,,,,,2026-05-13 05:34:32,2026-05-06 20:48:22,152.77,7,cg_1778650470125_1,5509,cam1_20260512_233431.jpg,crops/cam1_20260512_233431_r1_c1.jpg,5511,cam1_20260512_233437.jpg,crops/cam1_20260512_233437_r1_c1.jpg,12113,29,,50,0,0,0,0,0,0,0.0,0.0,4627.0,106.0,81.3,11.6,1.8,0.3,,2026-05-13 05:34:38
germ-germinadorap-de5832|LOT-20260506-651F-005|r1_c1|rep0,LOT-20260506-651F-005:B2:R0,germ-germinadorap-de5832,LOT-20260506-651F-005,B2,1,1,0,Hierbabuena,,,,,,,2026-05-13 05:49:32,2026-05-06 20:48:22,153.02,7,cg_1778651370133_1,5513,cam1_20260512_234931.jpg,crops/cam1_20260512_234931_r1_c1.jpg,5515,cam1_20260512_234937.jpg,crops/cam1_20260512_234937_r1_c1.jpg,12125,29,,50,0,0,0,0,0,0,0.0,0.0,4627.0,106.0,81.6,11.7,1.8,0.3,,2026-05-13 05:49:38
germ-germinadorap-de5832|LOT-20260506-651F-005|r1_c1|rep0,LOT-20260506-651F-005:B2:R0,germ-germinadorap-de5832,LOT-20260506-651F-005,B2,1,1,0,Hierbabuena,,,,,,,2026-05-13 06:04:32,2026-05-06 20:48:22,153.27,7,cg_1778652270144_1,5517,cam1_20260513_000431.jpg,crops/cam1_20260513_000431_r1_c1.jpg,5519,cam1_20260513_000437.jpg,crops/cam1_20260513_000437_r1_c1.jpg,12137,29,,50,0,0,0,0,0,0,0.0,0.0,4627.0,106.0,81.8,11.7,1.8,0.3,,2026-05-13 06:04:38
germ-germinadorap-de5832|LOT-20260506-651F-005|r1_c1|rep0,LOT-20260506-651F-005:B2:R0,germ-germinadorap-de5832,LOT-20260506-651F-005,B2,1,1,0,Hierbabuena,,,,,,,2026-05-13 06:19:32,2026-05-06 20:48:22,153.52,7,cg_1778653170153_1,5521,cam1_20260513_001931.jpg,crops/cam1_20260513_001931_r1_c1.jpg,5523,cam1_20260513_001937.jpg,crops/cam1_20260513_001937_r1_c1.jpg,12149,29,,50,0,0,0,0,0,0,0.0,0.0,4627.0,106.0,82.1,11.7,1.8,0.3,,2026-05-13 06:19:38
germ-germinadorap-de5832|LOT-20260506-651F-005|r1_c1|rep0,LOT-20260506-651F-005:B2:R0,germ-germinadorap-de5832,LOT-20260506-651F-005,B2,1,1,0,Hierbabuena,,,,,,,2026-05-13 06:34:32,2026-05-06 20:48:22,153.77,7,cg_1778654070159_1,5525,cam1_20260513_003431.jpg,crops/cam1_20260513_003431_r1_c1.jpg,5527,cam1_20260513_003437.jpg,crops/cam1_20260513_003437_r1_c1.jpg,12161,29,,50,0,0,0,0,0,0,0.0,0.0,4627.0,106.0,82.3,11.8,1.8,0.3,,2026-05-13 06:34:38
germ-germinadorap-de5832|LOT-20260506-651F-005|r1_c1|rep0,LOT-20260506-651F-005:B2:R0,germ-germinadorap-de5832,LOT-20260506-651F-005,B2,1,1,0,Hierbabuena,,,,,,,2026-05-13 06:49:32,2026-05-06 20:48:22,154.02,7,cg_1778654970168_1,5529,cam1_20260513_004931.jpg,crops/cam1_20260513_004931_r1_c1.jpg,5531,cam1_20260513_004936.jpg,crops/cam1_20260513_004936_r1_c1.jpg,12173,29,,50,0,0,0,0,0,0,0.0,0.0,4627.0,106.0,82.6,11.8,1.8,0.3,,2026-05-13 06:49:38
germ-germinadorap-de5832|LOT-20260506-651F-005|r1_c1|rep0,LOT-20260506-651F-005:B2:R0,germ-germinadorap-de5832,LOT-20260506-651F-005,B2,1,1,0,Hierbabuena,,,,,,,2026-05-13 07:04:32,2026-05-06 20:48:22,154.27,7,cg_1778655870180_1,5533,cam1_20260513_010431.jpg,crops/cam1_20260513_010431_r1_c1.jpg,5535,cam1_20260513_010436.jpg,crops/cam1_20260513_010436_r1_c1.jpg,12185,29,,50,0,0,0,0,0,0,0.0,0.0,4627.0,106.0,82.8,11.8,1.8,0.3,,2026-05-13 07:04:38
germ-germinadorap-de5832|LOT-20260506-651F-005|r1_c1|rep0,LOT-20260506-651F-005:B2:R0,germ-germinadorap-de5832,LOT-20260506-651F-005,B2,1,1,0,Hierbabuena,,,,,,,2026-05-13 07:19:32,2026-05-06 20:48:22,154.52,7,cg_1778656770207_1,5537,cam1_20260513_011931.jpg,crops/cam1_20260513_011931_r1_c1.jpg,5539,cam1_20260513_011937.jpg,crops/cam1_20260513_011937_r1_c1.jpg,12197,29,,50,0,0,0,0,0,0,0.0,0.0,4627.0,106.0,82.8,11.8,1.8,0.3,,2026-05-13 07:19:38
germ-germinadorap-de5832|LOT-20260506-651F-005|r1_c1|rep0,LOT-20260506-651F-005:B2:R0,germ-germinadorap-de5832,LOT-20260506-651F-005,B2,1,1,0,Hierbabuena,,,,,,,2026-05-13 07:34:32,2026-05-06 20:48:22,154.77,7,cg_1778657670211_1,5541,cam1_20260513_013431.jpg,crops/cam1_20260513_013431_r1_c1.jpg,5543,cam1_20260513_013437.jpg,crops/cam1_20260513_013437_r1_c1.jpg,12209,29,,50,0,0,0,0,0,0,0.0,0.0,4627.0,106.0,82.8,11.8,1.8,0.3,,2026-05-13 07:34:38
germ-germinadorap-de5832|LOT-20260506-651F-005|r1_c1|rep0,LOT-20260506-651F-005:B2:R0,germ-germinadorap-de5832,LOT-20260506-651F-005,B2,1,1,0,Hierbabuena,,,,,,,2026-05-13 07:49:32,2026-05-06 20:48:22,155.02,7,cg_1778658570229_1,5545,cam1_20260513_014931.jpg,crops/cam1_20260513_014931_r1_c1.jpg,5547,cam1_20260513_014937.jpg,crops/cam1_20260513_014937_r1_c1.jpg,12221,29,,50,0,0,0,0,0,0,0.0,0.0,4639.0,106.0,82.8,11.8,1.8,0.3,,2026-05-13 07:49:38
germ-germinadorap-de5832|LOT-20260506-651F-005|r1_c1|rep0,LOT-20260506-651F-005:B2:R0,germ-germinadorap-de5832,LOT-20260506-651F-005,B2,1,1,0,Hierbabuena,,,,,,,2026-05-13 08:04:32,2026-05-06 20:48:22,155.27,7,cg_1778659470235_1,5549,cam1_20260513_020431.jpg,crops/cam1_20260513_020431_r1_c1.jpg,5551,cam1_20260513_020437.jpg,crops/cam1_20260513_020437_r1_c1.jpg,12233,29,,50,0,0,0,0,0,0,0.0,0.0,4654.0,106.0,82.8,11.8,1.8,0.3,,2026-05-13 08:04:38
germ-germinadorap-de5832|LOT-20260506-651F-005|r1_c1|rep0,LOT-20260506-651F-005:B2:R0,germ-germinadorap-de5832,LOT-20260506-651F-005,B2,1,1,0,Hierbabuena,,,,,,,2026-05-13 08:19:32,2026-05-06 20:48:22,155.52,7,cg_1778660370344_1,5553,cam1_20260513_021932.jpg,crops/cam1_20260513_021932_r1_c1.jpg,5555,cam1_20260513_021937.jpg,crops/cam1_20260513_021937_r1_c1.jpg,12245,29,,50,0,0,0,0,0,0,0.0,0.0,4669.0,106.0,82.8,11.8,1.8,0.3,,2026-05-13 08:19:38
germ-germinadorap-de5832|LOT-20260506-651F-005|r1_c1|rep0,LOT-20260506-651F-005:B2:R0,germ-germinadorap-de5832,LOT-20260506-651F-005,B2,1,1,0,Hierbabuena,,,,,,,2026-05-13 08:34:32,2026-05-06 20:48:22,155.77,7,cg_1778661270345_1,5557,cam1_20260513_023431.jpg,crops/cam1_20260513_023431_r1_c1.jpg,5559,cam1_20260513_023437.jpg,crops/cam1_20260513_023437_r1_c1.jpg,12257,29,,50,0.1,0,0,0,0,0,0.0,0.0,4684.0,106.0,82.8,11.8,1.8,0.3,,2026-05-13 08:34:38
germ-germinadorap-de5832|LOT-20260506-651F-005|r1_c1|rep0,LOT-20260506-651F-005:B2:R0,germ-germinadorap-de5832,LOT-20260506-651F-005,B2,1,1,0,Hierbabuena,,,,,,,2026-05-13 08:49:32,2026-05-06 20:48:22,156.02,7,cg_1778662170347_1,5561,cam1_20260513_024932.jpg,crops/cam1_20260513_024932_r1_c1.jpg,5563,cam1_20260513_024937.jpg,crops/cam1_20260513_024937_r1_c1.jpg,12269,29,,50,0,0,0,0,0,0,0.0,0.0,4699.0,106.0,82.8,11.8,1.8,0.3,,2026-05-13 08:49:38
germ-germinadorap-de5832|LOT-20260506-651F-005|r1_c1|rep0,LOT-20260506-651F-005:B2:R0,germ-germinadorap-de5832,LOT-20260506-651F-005,B2,1,1,0,Hierbabuena,,,,,,,2026-05-13 09:04:32,2026-05-06 20:48:22,156.27,7,cg_1778663070350_1,5565,cam1_20260513_030432.jpg,crops/cam1_20260513_030432_r1_c1.jpg,5567,cam1_20260513_030437.jpg,crops/cam1_20260513_030437_r1_c1.jpg,12281,29,,50,0,0,0,0,0,0,0.0,0.0,4714.0,106.0,82.8,11.8,1.8,0.3,,2026-05-13 09:04:39
germ-germinadorap-de5832|LOT-20260506-651F-005|r1_c1|rep0,LOT-20260506-651F-005:B2:R0,germ-germinadorap-de5832,LOT-20260506-651F-005,B2,1,1,0,Hierbabuena,,,,,,,2026-05-13 09:19:33,2026-05-06 20:48:22,156.52,7,cg_1778663970352_1,5569,cam1_20260513_031932.jpg,crops/cam1_20260513_031932_r1_c1.jpg,5571,cam1_20260513_031938.jpg,crops/cam1_20260513_031938_r1_c1.jpg,12293,29,,50,0,0,0,0,0,0,0.0,0.0,4729.0,106.0,82.8,11.8,1.8,0.3,,2026-05-13 09:19:39
germ-germinadorap-de5832|LOT-20260506-651F-005|r1_c1|rep0,LOT-20260506-651F-005:B2:R0,germ-germinadorap-de5832,LOT-20260506-651F-005,B2,1,1,0,Hierbabuena,,,,,,,2026-05-13 09:34:32,2026-05-06 20:48:22,156.77,7,cg_1778664870355_1,5573,cam1_20260513_033432.jpg,crops/cam1_20260513_033432_r1_c1.jpg,5575,cam1_20260513_033437.jpg,crops/cam1_20260513_033437_r1_c1.jpg,12305,29,,50,0,0,0,0,0,0,0.0,0.0,4744.0,106.0,82.8,11.8,1.8,0.3,,2026-05-13 09:34:39
germ-germinadorap-de5832|LOT-20260506-651F-005|r1_c1|rep0,LOT-20260506-651F-005:B2:R0,germ-germinadorap-de5832,LOT-20260506-651F-005,B2,1,1,0,Hierbabuena,,,,,,,2026-05-13 09:49:32,2026-05-06 20:48:22,157.02,7,cg_1778665770356_1,5577,cam1_20260513_034931.jpg,crops/cam1_20260513_034931_r1_c1.jpg,5579,cam1_20260513_034937.jpg,crops/cam1_20260513_034937_r1_c1.jpg,12317,29,,50,0,0,0,0,0,0,0.0,0.0,4759.0,106.0,82.8,11.8,1.8,0.3,,2026-05-13 09:49:38
germ-germinadorap-de5832|LOT-20260506-651F-005|r1_c1|rep0,LOT-20260506-651F-005:B2:R0,germ-germinadorap-de5832,LOT-20260506-651F-005,B2,1,1,0,Hierbabuena,,,,,,,2026-05-13 10:04:32,2026-05-06 20:48:22,157.27,7,cg_1778666670360_1,5581,cam1_20260513_040431.jpg,crops/cam1_20260513_040431_r1_c1.jpg,5583,cam1_20260513_040437.jpg,crops/cam1_20260513_040437_r1_c1.jpg,12329,29,,50,0,0,0,0,0,0,0.0,0.0,4774.0,106.0,82.8,11.8,1.8,0.3,,2026-05-13 10:04:38
germ-germinadorap-de5832|LOT-20260506-651F-005|r1_c1|rep0,LOT-20260506-651F-005:B2:R0,germ-germinadorap-de5832,LOT-20260506-651F-005,B2,1,1,0,Hierbabuena,,,,,,,2026-05-13 10:19:32,2026-05-06 20:48:22,157.52,7,cg_1778667570365_1,5585,cam1_20260513_041932.jpg,crops/cam1_20260513_041932_r1_c1.jpg,5587,cam1_20260513_041937.jpg,crops/cam1_20260513_041937_r1_c1.jpg,12341,29,,50,0,0,0,0,0,0,0.0,0.0,4788.0,106.0,82.8,11.8,1.8,0.3,,2026-05-13 10:19:39
germ-germinadorap-de5832|LOT-20260506-651F-005|r1_c1|rep0,LOT-20260506-651F-005:B2:R0,germ-germinadorap-de5832,LOT-20260506-651F-005,B2,1,1,0,Hierbabuena,,,,,,,2026-05-13 10:34:32,2026-05-06 20:48:22,157.77,7,cg_1778668470369_1,5589,cam1_20260513_043432.jpg,crops/cam1_20260513_043432_r1_c1.jpg,5591,cam1_20260513_043437.jpg,crops/cam1_20260513_043437_r1_c1.jpg,12353,29,,50,0,0,0,0,0,0,0.0,0.0,4803.0,106.0,82.8,11.8,1.8,0.3,,2026-05-13 10:34:38
germ-germinadorap-de5832|LOT-20260506-651F-005|r1_c1|rep0,LOT-20260506-651F-005:B2:R0,germ-germinadorap-de5832,LOT-20260506-651F-005,B2,1,1,0,Hierbabuena,,,,,,,2026-05-13 10:49:32,2026-05-06 20:48:22,158.02,7,cg_1778669370369_1,5593,cam1_20260513_044931.jpg,crops/cam1_20260513_044931_r1_c1.jpg,5595,cam1_20260513_044937.jpg,crops/cam1_20260513_044937_r1_c1.jpg,12365,29,,50,0,0,0,0,0,0,0.0,0.0,4818.0,106.0,82.8,11.8,1.8,0.3,,2026-05-13 10:49:38
germ-germinadorap-de5832|LOT-20260506-651F-005|r1_c1|rep0,LOT-20260506-651F-005:B2:R0,germ-germinadorap-de5832,LOT-20260506-651F-005,B2,1,1,0,Hierbabuena,,,,,,,2026-05-13 11:04:32,2026-05-06 20:48:22,158.27,7,cg_1778670270371_1,5597,cam1_20260513_050432.jpg,crops/cam1_20260513_050432_r1_c1.jpg,5599,cam1_20260513_050437.jpg,crops/cam1_20260513_050437_r1_c1.jpg,12377,29,,50,0,0,0,0,0,0,0.0,0.0,4833.0,106.0,82.8,11.8,1.8,0.3,,2026-05-13 11:04:38
germ-germinadorap-de5832|LOT-20260506-651F-005|r1_c1|rep0,LOT-20260506-651F-005:B2:R0,germ-germinadorap-de5832,LOT-20260506-651F-005,B2,1,1,0,Hierbabuena,,,,,,,2026-05-13 11:19:32,2026-05-06 20:48:22,158.52,7,cg_1778671170375_1,5601,cam1_20260513_051932.jpg,crops/cam1_20260513_051932_r1_c1.jpg,5603,cam1_20260513_051938.jpg,crops/cam1_20260513_051938_r1_c1.jpg,12389,29,,50,0,0,0,0,0,0,0.0,0.0,4848.0,106.0,82.8,11.8,1.8,0.3,,2026-05-13 11:19:39
germ-germinadorap-de5832|LOT-20260506-651F-005|r1_c1|rep0,LOT-20260506-651F-005:B2:R0,germ-germinadorap-de5832,LOT-20260506-651F-005,B2,1,1,0,Hierbabuena,,,,,,,2026-05-13 11:34:32,2026-05-06 20:48:22,158.77,7,cg_1778672070379_1,5605,cam1_20260513_053432.jpg,crops/cam1_20260513_053432_r1_c1.jpg,5607,cam1_20260513_053437.jpg,crops/cam1_20260513_053437_r1_c1.jpg,12401,29,,50,0,0,0,0,0,0,0.0,0.0,4863.0,106.0,82.8,11.8,1.8,0.3,,2026-05-13 11:34:38
