plant_key,plant_instance_id,device_id,lot_id,position_tag,row_index,col_index,replacement_index,species,variety,classification,sub_classification,germinated_at,germinated_at_image_id,germinated_at_source,captured_at,lot_started_at,hours_from_start,lot_day,capture_group,ambient_image_id,ambient_image_filename,ambient_crop_path,flash_image_id,flash_image_filename,flash_crop_path,observation_id,temperature,temperature_ext,humidity,water_level,relay_light,relay_irrigation,relay_ventilation,had_light,had_ventilation,light_minutes_in_period,ventilation_minutes_in_period,light_minutes,ventilation_minutes,light_hours_accumulated,light_hours_per_day,vent_hours_accumulated,vent_hours_per_day,local_status,observed_at
germ-germinadorap-de5832|LOT-20260425-651F-001|r0_c0|rep0,LOT-20260425-651F-001:A1:R0,germ-germinadorap-de5832,LOT-20260425-651F-001,A1,0,0,0,Rabano,Bola,c1,no_emergio,,,,2026-04-25 23:35:28,2026-04-25 23:34:37,0.01,1,cg_1777160126808_2,1,cam2_20260425_173528.jpg,crops/cam2_20260425_173528_r0_c0.jpg,2,cam2_20260425_173531.jpg,crops/cam2_20260425_173531_r0_c0.jpg,1,25.8,,36,0,0,0,1,0,1,0.0,15.0,0.0,0.0,0.0,0.0,0.0,0.0,,2026-04-25 23:35:31
germ-germinadorap-de5832|LOT-20260425-651F-001|r0_c0|rep0,LOT-20260425-651F-001:A1:R0,germ-germinadorap-de5832,LOT-20260425-651F-001,A1,0,0,0,Rabano,Bola,c1,no_emergio,,,,2026-04-26 02:37:56,2026-04-25 23:34:37,3.06,1,cg_1777171073113_2,5,cam2_20260425_203755.jpg,crops/cam2_20260425_203755_r0_c0.jpg,6,cam2_20260425_203758.jpg,crops/cam2_20260425_203758_r0_c0.jpg,5,26.2,,43,100,0,0,0,0,0,0.0,0.0,0.0,0.0,0.0,0.0,0.0,0.0,,2026-04-26 02:37:59
germ-germinadorap-de5832|LOT-20260425-651F-001|r0_c0|rep0,LOT-20260425-651F-001:A1:R0,germ-germinadorap-de5832,LOT-20260425-651F-001,A1,0,0,0,Rabano,Bola,c1,no_emergio,,,,2026-04-26 02:52:54,2026-04-25 23:34:37,3.30,1,cg_1777171973115_2,15,cam2_20260425_205254.jpg,crops/cam2_20260425_205254_r0_c0.jpg,16,cam2_20260425_205256.jpg,crops/cam2_20260425_205256_r0_c0.jpg,13,26.2,,43,100,0,0,0,0,0,0.0,0.0,0.0,0.0,0.0,0.0,0.0,0.0,,2026-04-26 02:52:57
germ-germinadorap-de5832|LOT-20260425-651F-001|r0_c0|rep0,LOT-20260425-651F-001:A1:R0,germ-germinadorap-de5832,LOT-20260425-651F-001,A1,0,0,0,Rabano,Bola,c1,no_emergio,,,,2026-04-26 08:07:55,2026-04-25 23:34:37,8.55,1,cg_1777190873243_2,183,cam2_20260426_020754.jpg,crops/cam2_20260426_020754_r0_c0.jpg,184,cam2_20260426_020757.jpg,crops/cam2_20260426_020757_r0_c0.jpg,181,26.2,,43,100,0,0,0,0,0,0.0,0.0,2.0,0.0,0.0,0.0,0.0,0.0,,2026-04-26 08:07:57
germ-germinadorap-de5832|LOT-20260425-651F-001|r0_c0|rep0,LOT-20260425-651F-001:A1:R0,germ-germinadorap-de5832,LOT-20260425-651F-001,A1,0,0,0,Rabano,Bola,c1,no_emergio,,,,2026-04-26 08:22:55,2026-04-25 23:34:37,8.80,1,cg_1777191773248_2,191,cam2_20260426_022254.jpg,crops/cam2_20260426_022254_r0_c0.jpg,192,cam2_20260426_022257.jpg,crops/cam2_20260426_022257_r0_c0.jpg,189,26.2,,43,100,0,0,0,0,0,0.0,0.0,2.0,0.0,0.0,0.0,0.0,0.0,,2026-04-26 08:22:57
germ-germinadorap-de5832|LOT-20260425-651F-001|r0_c0|rep0,LOT-20260425-651F-001:A1:R0,germ-germinadorap-de5832,LOT-20260425-651F-001,A1,0,0,0,Rabano,Bola,c1,no_emergio,,,,2026-04-26 08:37:54,2026-04-25 23:34:37,9.05,1,cg_1777192673252_2,199,cam2_20260426_023754.jpg,crops/cam2_20260426_023754_r0_c0.jpg,200,cam2_20260426_023757.jpg,crops/cam2_20260426_023757_r0_c0.jpg,197,26.2,,43,100,0,0,0,0,0,0.0,0.0,2.0,0.0,0.0,0.0,0.0,0.0,,2026-04-26 08:37:57
germ-germinadorap-de5832|LOT-20260425-651F-001|r0_c0|rep0,LOT-20260425-651F-001:A1:R0,germ-germinadorap-de5832,LOT-20260425-651F-001,A1,0,0,0,Rabano,Bola,c1,no_emergio,,,,2026-04-26 08:52:54,2026-04-25 23:34:37,9.30,1,cg_1777193573257_2,207,cam2_20260426_025254.jpg,crops/cam2_20260426_025254_r0_c0.jpg,208,cam2_20260426_025256.jpg,crops/cam2_20260426_025256_r0_c0.jpg,205,26.2,,43,100,0,0,0,0,0,0.0,0.0,2.0,0.0,0.0,0.0,0.0,0.0,,2026-04-26 08:52:57
germ-germinadorap-de5832|LOT-20260425-651F-001|r0_c0|rep0,LOT-20260425-651F-001:A1:R0,germ-germinadorap-de5832,LOT-20260425-651F-001,A1,0,0,0,Rabano,Bola,c1,no_emergio,,,,2026-04-26 09:07:54,2026-04-25 23:34:37,9.55,1,cg_1777194473265_2,215,cam2_20260426_030754.jpg,crops/cam2_20260426_030754_r0_c0.jpg,216,cam2_20260426_030756.jpg,crops/cam2_20260426_030756_r0_c0.jpg,213,26.2,,43,100,0,0,0,0,0,0.0,0.0,2.0,0.0,0.0,0.0,0.0,0.0,,2026-04-26 09:07:57
germ-germinadorap-de5832|LOT-20260425-651F-001|r0_c0|rep0,LOT-20260425-651F-001:A1:R0,germ-germinadorap-de5832,LOT-20260425-651F-001,A1,0,0,0,Rabano,Bola,c1,no_emergio,,,,2026-04-26 09:22:55,2026-04-25 23:34:37,9.80,1,cg_1777195373278_2,223,cam2_20260426_032254.jpg,crops/cam2_20260426_032254_r0_c0.jpg,224,cam2_20260426_032257.jpg,crops/cam2_20260426_032257_r0_c0.jpg,221,26.2,,43,100,0,0,0,0,0,0.0,0.0,2.0,0.0,0.0,0.0,0.0,0.0,,2026-04-26 09:22:57
germ-germinadorap-de5832|LOT-20260425-651F-001|r0_c0|rep0,LOT-20260425-651F-001:A1:R0,germ-germinadorap-de5832,LOT-20260425-651F-001,A1,0,0,0,Rabano,Bola,c1,no_emergio,,,,2026-04-26 09:37:55,2026-04-25 23:34:37,10.05,1,cg_1777196273288_2,231,cam2_20260426_033754.jpg,crops/cam2_20260426_033754_r0_c0.jpg,232,cam2_20260426_033757.jpg,crops/cam2_20260426_033757_r0_c0.jpg,229,26.2,,43,100,0,0,0,0,0,0.0,0.0,2.0,0.0,0.0,0.0,0.0,0.0,,2026-04-26 09:37:57
germ-germinadorap-de5832|LOT-20260425-651F-001|r0_c0|rep0,LOT-20260425-651F-001:A1:R0,germ-germinadorap-de5832,LOT-20260425-651F-001,A1,0,0,0,Rabano,Bola,c1,no_emergio,,,,2026-04-26 09:52:55,2026-04-25 23:34:37,10.30,1,cg_1777197173301_2,239,cam2_20260426_035254.jpg,crops/cam2_20260426_035254_r0_c0.jpg,240,cam2_20260426_035257.jpg,crops/cam2_20260426_035257_r0_c0.jpg,237,26.2,,43,100,0,0,0,0,0,0.0,0.0,2.0,0.0,0.0,0.0,0.0,0.0,,2026-04-26 09:52:57
germ-germinadorap-de5832|LOT-20260425-651F-001|r0_c0|rep0,LOT-20260425-651F-001:A1:R0,germ-germinadorap-de5832,LOT-20260425-651F-001,A1,0,0,0,Rabano,Bola,c1,no_emergio,,,,2026-04-26 10:07:55,2026-04-25 23:34:37,10.55,1,cg_1777198073307_2,247,cam2_20260426_040754.jpg,crops/cam2_20260426_040754_r0_c0.jpg,248,cam2_20260426_040757.jpg,crops/cam2_20260426_040757_r0_c0.jpg,245,26.2,,43,100,0,0,0,0,0,0.0,0.0,3.0,0.0,0.1,0.1,0.0,0.0,,2026-04-26 10:07:57
germ-germinadorap-de5832|LOT-20260425-651F-001|r0_c0|rep0,LOT-20260425-651F-001:A1:R0,germ-germinadorap-de5832,LOT-20260425-651F-001,A1,0,0,0,Rabano,Bola,c1,no_emergio,,,,2026-04-26 10:22:55,2026-04-25 23:34:37,10.80,1,cg_1777198973312_2,255,cam2_20260426_042254.jpg,crops/cam2_20260426_042254_r0_c0.jpg,256,cam2_20260426_042257.jpg,crops/cam2_20260426_042257_r0_c0.jpg,253,26.2,,43,100,0,0,0,0,0,0.0,0.0,3.0,0.0,0.1,0.1,0.0,0.0,,2026-04-26 10:22:57
germ-germinadorap-de5832|LOT-20260425-651F-001|r0_c0|rep0,LOT-20260425-651F-001:A1:R0,germ-germinadorap-de5832,LOT-20260425-651F-001,A1,0,0,0,Rabano,Bola,c1,no_emergio,,,,2026-04-26 10:37:55,2026-04-25 23:34:37,11.05,1,cg_1777199873314_2,263,cam2_20260426_043754.jpg,crops/cam2_20260426_043754_r0_c0.jpg,264,cam2_20260426_043757.jpg,crops/cam2_20260426_043757_r0_c0.jpg,261,26.2,,43,100,0,0,0,0,0,0.0,0.0,3.0,0.0,0.1,0.1,0.0,0.0,,2026-04-26 10:37:57
germ-germinadorap-de5832|LOT-20260425-651F-001|r0_c0|rep0,LOT-20260425-651F-001:A1:R0,germ-germinadorap-de5832,LOT-20260425-651F-001,A1,0,0,0,Rabano,Bola,c1,no_emergio,,,,2026-04-26 10:52:55,2026-04-25 23:34:37,11.30,1,cg_1777200773321_2,271,cam2_20260426_045254.jpg,crops/cam2_20260426_045254_r0_c0.jpg,272,cam2_20260426_045257.jpg,crops/cam2_20260426_045257_r0_c0.jpg,269,26.2,,43,100,0,0,0,0,0,0.0,0.0,3.0,0.0,0.1,0.1,0.0,0.0,,2026-04-26 10:52:57
germ-germinadorap-de5832|LOT-20260425-651F-001|r0_c0|rep0,LOT-20260425-651F-001:A1:R0,germ-germinadorap-de5832,LOT-20260425-651F-001,A1,0,0,0,Rabano,Bola,c1,no_emergio,,,,2026-04-26 11:07:55,2026-04-25 23:34:37,11.55,1,cg_1777201673335_2,279,cam2_20260426_050754.jpg,crops/cam2_20260426_050754_r0_c0.jpg,280,cam2_20260426_050757.jpg,crops/cam2_20260426_050757_r0_c0.jpg,277,26.2,,43,100,0,0,0,0,0,0.0,0.0,3.0,0.0,0.1,0.1,0.0,0.0,,2026-04-26 11:07:57
germ-germinadorap-de5832|LOT-20260425-651F-001|r0_c0|rep0,LOT-20260425-651F-001:A1:R0,germ-germinadorap-de5832,LOT-20260425-651F-001,A1,0,0,0,Rabano,Bola,c1,no_emergio,,,,2026-04-26 11:22:55,2026-04-25 23:34:37,11.80,1,cg_1777202573347_2,287,cam2_20260426_052254.jpg,crops/cam2_20260426_052254_r0_c0.jpg,288,cam2_20260426_052257.jpg,crops/cam2_20260426_052257_r0_c0.jpg,285,26.2,,43,100,0,0,0,0,0,0.0,0.0,3.0,0.0,0.1,0.1,0.0,0.0,,2026-04-26 11:22:59
germ-germinadorap-de5832|LOT-20260425-651F-001|r0_c0|rep0,LOT-20260425-651F-001:A1:R0,germ-germinadorap-de5832,LOT-20260425-651F-001,A1,0,0,0,Rabano,Bola,c1,no_emergio,,,,2026-04-26 11:37:55,2026-04-25 23:34:37,12.05,1,cg_1777203473354_2,295,cam2_20260426_053754.jpg,crops/cam2_20260426_053754_r0_c0.jpg,296,cam2_20260426_053757.jpg,crops/cam2_20260426_053757_r0_c0.jpg,293,26.2,,43,100,0,0,0,0,0,0.0,0.0,3.0,0.0,0.1,0.1,0.0,0.0,,2026-04-26 11:37:57
germ-germinadorap-de5832|LOT-20260425-651F-001|r0_c0|rep0,LOT-20260425-651F-001:A1:R0,germ-germinadorap-de5832,LOT-20260425-651F-001,A1,0,0,0,Rabano,Bola,c1,no_emergio,,,,2026-04-26 11:52:55,2026-04-25 23:34:37,12.30,1,cg_1777204373361_2,303,cam2_20260426_055254.jpg,crops/cam2_20260426_055254_r0_c0.jpg,304,cam2_20260426_055257.jpg,crops/cam2_20260426_055257_r0_c0.jpg,301,26.2,,43,100,0,0,0,0,0,0.0,0.0,3.0,0.0,0.1,0.1,0.0,0.0,,2026-04-26 11:52:57
germ-germinadorap-de5832|LOT-20260425-651F-001|r0_c0|rep0,LOT-20260425-651F-001:A1:R0,germ-germinadorap-de5832,LOT-20260425-651F-001,A1,0,0,0,Rabano,Bola,c1,no_emergio,,,,2026-04-26 12:07:55,2026-04-25 23:34:37,12.55,1,cg_1777205273371_2,311,cam2_20260426_060754.jpg,crops/cam2_20260426_060754_r0_c0.jpg,312,cam2_20260426_060757.jpg,crops/cam2_20260426_060757_r0_c0.jpg,309,26.2,,43,100,0,0,0,0,0,0.0,0.0,4.0,0.0,0.1,0.1,0.0,0.0,,2026-04-26 12:07:57
germ-germinadorap-de5832|LOT-20260425-651F-001|r0_c0|rep0,LOT-20260425-651F-001:A1:R0,germ-germinadorap-de5832,LOT-20260425-651F-001,A1,0,0,0,Rabano,Bola,c1,no_emergio,,,,2026-04-26 12:22:55,2026-04-25 23:34:37,12.80,1,cg_1777206173378_2,319,cam2_20260426_062254.jpg,crops/cam2_20260426_062254_r0_c0.jpg,320,cam2_20260426_062257.jpg,crops/cam2_20260426_062257_r0_c0.jpg,317,26.2,,43,100,0,0,0,0,0,0.0,0.0,4.0,0.0,0.1,0.1,0.0,0.0,,2026-04-26 12:22:57
germ-germinadorap-de5832|LOT-20260425-651F-001|r0_c0|rep0,LOT-20260425-651F-001:A1:R0,germ-germinadorap-de5832,LOT-20260425-651F-001,A1,0,0,0,Rabano,Bola,c1,no_emergio,,,,2026-04-26 12:37:55,2026-04-25 23:34:37,13.05,1,cg_1777207073382_2,327,cam2_20260426_063754.jpg,crops/cam2_20260426_063754_r0_c0.jpg,328,cam2_20260426_063757.jpg,crops/cam2_20260426_063757_r0_c0.jpg,325,26.2,,43,100,0,0,0,0,0,0.0,0.0,4.0,0.0,0.1,0.1,0.0,0.0,,2026-04-26 12:37:57
germ-germinadorap-de5832|LOT-20260425-651F-001|r0_c0|rep0,LOT-20260425-651F-001:A1:R0,germ-germinadorap-de5832,LOT-20260425-651F-001,A1,0,0,0,Rabano,Bola,c1,no_emergio,,,,2026-04-26 12:52:55,2026-04-25 23:34:37,13.30,1,cg_1777207973387_2,335,cam2_20260426_065254.jpg,crops/cam2_20260426_065254_r0_c0.jpg,336,cam2_20260426_065257.jpg,crops/cam2_20260426_065257_r0_c0.jpg,333,26.2,,43,100,0,0,0,0,0,0.0,0.0,4.0,0.0,0.1,0.1,0.0,0.0,,2026-04-26 12:52:57
germ-germinadorap-de5832|LOT-20260425-651F-001|r0_c0|rep0,LOT-20260425-651F-001:A1:R0,germ-germinadorap-de5832,LOT-20260425-651F-001,A1,0,0,0,Rabano,Bola,c1,no_emergio,,,,2026-04-26 13:07:55,2026-04-25 23:34:37,13.55,1,cg_1777208873397_2,343,cam2_20260426_070754.jpg,crops/cam2_20260426_070754_r0_c0.jpg,344,cam2_20260426_070757.jpg,crops/cam2_20260426_070757_r0_c0.jpg,341,26.2,,43,100,0,0,0,0,0,0.0,0.0,4.0,0.0,0.1,0.1,0.0,0.0,,2026-04-26 13:07:57
germ-germinadorap-de5832|LOT-20260425-651F-001|r0_c0|rep0,LOT-20260425-651F-001:A1:R0,germ-germinadorap-de5832,LOT-20260425-651F-001,A1,0,0,0,Rabano,Bola,c1,no_emergio,,,,2026-04-26 13:22:55,2026-04-25 23:34:37,13.80,1,cg_1777209773410_2,351,cam2_20260426_072254.jpg,crops/cam2_20260426_072254_r0_c0.jpg,352,cam2_20260426_072257.jpg,crops/cam2_20260426_072257_r0_c0.jpg,349,26.2,,43,100,0,0,0,0,0,0.0,0.0,4.0,0.0,0.1,0.1,0.0,0.0,,2026-04-26 13:22:57
germ-germinadorap-de5832|LOT-20260425-651F-001|r0_c0|rep0,LOT-20260425-651F-001:A1:R0,germ-germinadorap-de5832,LOT-20260425-651F-001,A1,0,0,0,Rabano,Bola,c1,no_emergio,,,,2026-04-26 13:37:55,2026-04-25 23:34:37,14.05,1,cg_1777210673416_2,359,cam2_20260426_073754.jpg,crops/cam2_20260426_073754_r0_c0.jpg,360,cam2_20260426_073757.jpg,crops/cam2_20260426_073757_r0_c0.jpg,357,26.2,,43,100,0,0,0,0,0,0.0,0.0,4.0,0.0,0.1,0.1,0.0,0.0,,2026-04-26 13:37:57
germ-germinadorap-de5832|LOT-20260425-651F-001|r0_c0|rep0,LOT-20260425-651F-001:A1:R0,germ-germinadorap-de5832,LOT-20260425-651F-001,A1,0,0,0,Rabano,Bola,c1,no_emergio,,,,2026-04-26 13:52:55,2026-04-25 23:34:37,14.30,1,cg_1777211573423_2,367,cam2_20260426_075254.jpg,crops/cam2_20260426_075254_r0_c0.jpg,368,cam2_20260426_075257.jpg,crops/cam2_20260426_075257_r0_c0.jpg,365,26.2,,43,100,0,0,0,0,0,0.0,0.0,4.0,0.0,0.1,0.1,0.0,0.0,,2026-04-26 13:52:57
germ-germinadorap-de5832|LOT-20260425-651F-001|r0_c0|rep0,LOT-20260425-651F-001:A1:R0,germ-germinadorap-de5832,LOT-20260425-651F-001,A1,0,0,0,Rabano,Bola,c1,no_emergio,,,,2026-04-26 14:07:55,2026-04-25 23:34:37,14.55,1,cg_1777212473429_2,375,cam2_20260426_080754.jpg,crops/cam2_20260426_080754_r0_c0.jpg,376,cam2_20260426_080757.jpg,crops/cam2_20260426_080757_r0_c0.jpg,373,26.2,,43,100,0,0,0,0,0,0.0,0.0,12.0,0.0,0.2,0.2,0.0,0.0,,2026-04-26 14:07:57
germ-germinadorap-de5832|LOT-20260425-651F-001|r0_c0|rep0,LOT-20260425-651F-001:A1:R0,germ-germinadorap-de5832,LOT-20260425-651F-001,A1,0,0,0,Rabano,Bola,c1,no_emergio,,,,2026-04-26 14:22:55,2026-04-25 23:34:37,14.80,1,cg_1777213373436_2,383,cam2_20260426_082254.jpg,crops/cam2_20260426_082254_r0_c0.jpg,384,cam2_20260426_082257.jpg,crops/cam2_20260426_082257_r0_c0.jpg,381,26.2,,43,100,0,0,0,0,0,0.0,0.0,27.0,0.0,0.5,0.5,0.0,0.0,,2026-04-26 14:22:57
germ-germinadorap-de5832|LOT-20260425-651F-001|r0_c0|rep0,LOT-20260425-651F-001:A1:R0,germ-germinadorap-de5832,LOT-20260425-651F-001,A1,0,0,0,Rabano,Bola,c1,no_emergio,,,,2026-04-26 14:37:55,2026-04-25 23:34:37,15.05,1,cg_1777214273437_2,391,cam2_20260426_083754.jpg,crops/cam2_20260426_083754_r0_c0.jpg,392,cam2_20260426_083757.jpg,crops/cam2_20260426_083757_r0_c0.jpg,389,26.2,,43,100,0,0,0,0,0,0.0,0.0,42.0,0.0,0.7,0.7,0.0,0.0,,2026-04-26 14:37:57
germ-germinadorap-de5832|LOT-20260425-651F-001|r0_c0|rep0,LOT-20260425-651F-001:A1:R0,germ-germinadorap-de5832,LOT-20260425-651F-001,A1,0,0,0,Rabano,Bola,c1,no_emergio,,,,2026-04-26 14:52:55,2026-04-25 23:34:37,15.30,1,cg_1777215173442_2,399,cam2_20260426_085254.jpg,crops/cam2_20260426_085254_r0_c0.jpg,400,cam2_20260426_085257.jpg,crops/cam2_20260426_085257_r0_c0.jpg,397,26.2,,43,100,0,0,0,0,0,0.0,0.0,57.0,0.0,0.9,0.9,0.0,0.0,,2026-04-26 14:52:57
germ-germinadorap-de5832|LOT-20260425-651F-001|r0_c0|rep0,LOT-20260425-651F-001:A1:R0,germ-germinadorap-de5832,LOT-20260425-651F-001,A1,0,0,0,Rabano,Bola,c1,no_emergio,,,,2026-04-26 15:07:55,2026-04-25 23:34:37,15.55,1,cg_1777216073451_2,407,cam2_20260426_090754.jpg,crops/cam2_20260426_090754_r0_c0.jpg,408,cam2_20260426_090757.jpg,crops/cam2_20260426_090757_r0_c0.jpg,405,26.2,,43,100,0,0,0,0,0,0.0,0.0,71.0,0.0,1.2,1.2,0.0,0.0,,2026-04-26 15:07:57
germ-germinadorap-de5832|LOT-20260425-651F-001|r0_c0|rep0,LOT-20260425-651F-001:A1:R0,germ-germinadorap-de5832,LOT-20260425-651F-001,A1,0,0,0,Rabano,Bola,c1,no_emergio,,,,2026-04-26 15:22:55,2026-04-25 23:34:37,15.80,1,cg_1777216973463_2,415,cam2_20260426_092254.jpg,crops/cam2_20260426_092254_r0_c0.jpg,416,cam2_20260426_092257.jpg,crops/cam2_20260426_092257_r0_c0.jpg,413,26.2,,43,100,0,0,0,0,0,0.0,0.0,86.0,0.0,1.4,1.4,0.0,0.0,,2026-04-26 15:22:57
germ-germinadorap-de5832|LOT-20260425-651F-001|r0_c0|rep0,LOT-20260425-651F-001:A1:R0,germ-germinadorap-de5832,LOT-20260425-651F-001,A1,0,0,0,Rabano,Bola,c1,no_emergio,,,,2026-04-26 15:37:55,2026-04-25 23:34:37,16.05,1,cg_1777217873471_2,423,cam2_20260426_093754.jpg,crops/cam2_20260426_093754_r0_c0.jpg,424,cam2_20260426_093757.jpg,crops/cam2_20260426_093757_r0_c0.jpg,421,26.2,,43,100,0,0,0,0,0,0.0,0.0,101.0,0.0,1.7,1.7,0.0,0.0,,2026-04-26 15:37:57
germ-germinadorap-de5832|LOT-20260425-651F-001|r0_c0|rep0,LOT-20260425-651F-001:A1:R0,germ-germinadorap-de5832,LOT-20260425-651F-001,A1,0,0,0,Rabano,Bola,c1,no_emergio,,,,2026-04-26 15:52:55,2026-04-25 23:34:37,16.30,1,cg_1777218773482_2,431,cam2_20260426_095254.jpg,crops/cam2_20260426_095254_r0_c0.jpg,432,cam2_20260426_095257.jpg,crops/cam2_20260426_095257_r0_c0.jpg,429,26.2,,43,100,0,0,0,0,0,0.0,0.0,116.0,0.0,1.9,1.9,0.0,0.0,,2026-04-26 15:52:57
germ-germinadorap-de5832|LOT-20260425-651F-001|r0_c0|rep0,LOT-20260425-651F-001:A1:R0,germ-germinadorap-de5832,LOT-20260425-651F-001,A1,0,0,0,Rabano,Bola,c1,no_emergio,,,,2026-04-26 16:07:55,2026-04-25 23:34:37,16.55,1,cg_1777219673493_2,439,cam2_20260426_100754.jpg,crops/cam2_20260426_100754_r0_c0.jpg,440,cam2_20260426_100757.jpg,crops/cam2_20260426_100757_r0_c0.jpg,437,26.2,,43,100,0,0,0,0,0,0.0,0.0,131.0,0.0,2.2,2.2,0.0,0.0,,2026-04-26 16:07:57
germ-germinadorap-de5832|LOT-20260425-651F-001|r0_c0|rep0,LOT-20260425-651F-001:A1:R0,germ-germinadorap-de5832,LOT-20260425-651F-001,A1,0,0,0,Rabano,Bola,c1,no_emergio,,,,2026-04-26 16:22:55,2026-04-25 23:34:37,16.80,1,cg_1777220573499_2,447,cam2_20260426_102254.jpg,crops/cam2_20260426_102254_r0_c0.jpg,448,cam2_20260426_102257.jpg,crops/cam2_20260426_102257_r0_c0.jpg,445,26.2,,43,100,0,0,0,0,0,0.0,0.0,146.0,0.0,2.4,2.4,0.0,0.0,,2026-04-26 16:22:57
germ-germinadorap-de5832|LOT-20260425-651F-001|r0_c0|rep0,LOT-20260425-651F-001:A1:R0,germ-germinadorap-de5832,LOT-20260425-651F-001,A1,0,0,0,Rabano,Bola,c1,no_emergio,,,,2026-04-26 16:37:55,2026-04-25 23:34:37,17.05,1,cg_1777221473504_2,455,cam2_20260426_103754.jpg,crops/cam2_20260426_103754_r0_c0.jpg,456,cam2_20260426_103757.jpg,crops/cam2_20260426_103757_r0_c0.jpg,453,26.2,,43,100,0,0,0,0,0,0.0,0.0,160.0,0.0,2.7,2.7,0.0,0.0,,2026-04-26 16:37:57
germ-germinadorap-de5832|LOT-20260425-651F-001|r0_c0|rep0,LOT-20260425-651F-001:A1:R0,germ-germinadorap-de5832,LOT-20260425-651F-001,A1,0,0,0,Rabano,Bola,c1,no_emergio,,,,2026-04-26 16:53:15,2026-04-25 23:34:37,17.31,1,cg_1777222393252_2,463,cam2_20260426_105314.jpg,crops/cam2_20260426_105314_r0_c0.jpg,464,cam2_20260426_105317.jpg,crops/cam2_20260426_105317_r0_c0.jpg,461,26.2,,43,100,0,0,0,0,0,0.0,0.0,176.0,0.0,2.9,2.9,0.0,0.0,,2026-04-26 16:53:18
germ-germinadorap-de5832|LOT-20260425-651F-001|r0_c0|rep0,LOT-20260425-651F-001:A1:R0,germ-germinadorap-de5832,LOT-20260425-651F-001,A1,0,0,0,Rabano,Bola,c1,no_emergio,,,,2026-04-26 17:08:19,2026-04-25 23:34:37,17.56,1,cg_1777223296772_2,469,cam2_20260426_110818.jpg,crops/cam2_20260426_110818_r0_c0.jpg,470,cam2_20260426_110821.jpg,crops/cam2_20260426_110821_r0_c0.jpg,469,26.2,,43,100,0,0,0,0,0,0.0,0.0,191.0,0.0,3.2,3.2,0.0,0.0,,2026-04-26 17:08:22
germ-germinadorap-de5832|LOT-20260425-651F-001|r0_c0|rep0,LOT-20260425-651F-001:A1:R0,germ-germinadorap-de5832,LOT-20260425-651F-001,A1,0,0,0,Rabano,Bola,c1,no_emergio,,,,2026-04-26 17:23:19,2026-04-25 23:34:37,17.81,1,cg_1777224196780_2,475,cam2_20260426_112318.jpg,crops/cam2_20260426_112318_r0_c0.jpg,476,cam2_20260426_112321.jpg,crops/cam2_20260426_112321_r0_c0.jpg,477,26.2,,43,100,0,0,0,0,0,0.0,0.0,205.0,0.0,3.4,3.4,0.0,0.0,,2026-04-26 17:23:22
germ-germinadorap-de5832|LOT-20260425-651F-001|r0_c0|rep0,LOT-20260425-651F-001:A1:R0,germ-germinadorap-de5832,LOT-20260425-651F-001,A1,0,0,0,Rabano,Bola,c1,no_emergio,,,,2026-04-26 17:38:19,2026-04-25 23:34:37,18.06,1,cg_1777225096788_2,481,cam2_20260426_113818.jpg,crops/cam2_20260426_113818_r0_c0.jpg,482,cam2_20260426_113821.jpg,crops/cam2_20260426_113821_r0_c0.jpg,485,26.2,,43,100,0,0,0,0,0,0.0,0.0,220.0,0.0,3.7,3.7,0.0,0.0,,2026-04-26 17:38:22
germ-germinadorap-de5832|LOT-20260425-651F-001|r0_c0|rep0,LOT-20260425-651F-001:A1:R0,germ-germinadorap-de5832,LOT-20260425-651F-001,A1,0,0,0,Rabano,Bola,c1,no_emergio,,,,2026-04-26 17:53:19,2026-04-25 23:34:37,18.31,1,cg_1777225996793_2,487,cam2_20260426_115318.jpg,crops/cam2_20260426_115318_r0_c0.jpg,488,cam2_20260426_115322.jpg,crops/cam2_20260426_115322_r0_c0.jpg,493,26.2,,43,100,0,0,0,0,0,0.0,0.0,235.0,0.0,3.9,3.9,0.0,0.0,,2026-04-26 17:53:24
germ-germinadorap-de5832|LOT-20260425-651F-001|r0_c0|rep0,LOT-20260425-651F-001:A1:R0,germ-germinadorap-de5832,LOT-20260425-651F-001,A1,0,0,0,Rabano,Bola,c1,no_emergio,,,,2026-04-26 18:08:19,2026-04-25 23:34:37,18.56,1,cg_1777226896803_2,493,cam2_20260426_120818.jpg,crops/cam2_20260426_120818_r0_c0.jpg,494,cam2_20260426_120822.jpg,crops/cam2_20260426_120822_r0_c0.jpg,501,26.2,,43,100,0,0,0,0,0,0.0,0.0,250.0,0.0,4.2,4.2,0.0,0.0,,2026-04-26 18:08:22
germ-germinadorap-de5832|LOT-20260425-651F-001|r0_c0|rep0,LOT-20260425-651F-001:A1:R0,germ-germinadorap-de5832,LOT-20260425-651F-001,A1,0,0,0,Rabano,Bola,c1,no_emergio,,,,2026-04-26 18:23:19,2026-04-25 23:34:37,18.81,1,cg_1777227796807_2,499,cam2_20260426_122318.jpg,crops/cam2_20260426_122318_r0_c0.jpg,500,cam2_20260426_122321.jpg,crops/cam2_20260426_122321_r0_c0.jpg,509,26.2,,43,100,0,0,0,0,0,0.0,0.0,265.0,0.0,4.4,4.4,0.0,0.0,,2026-04-26 18:23:22
germ-germinadorap-de5832|LOT-20260425-651F-001|r0_c0|rep0,LOT-20260425-651F-001:A1:R0,germ-germinadorap-de5832,LOT-20260425-651F-001,A1,0,0,0,Rabano,Bola,c1,no_emergio,,,,2026-04-26 18:38:19,2026-04-25 23:34:37,19.06,1,cg_1777228696815_2,505,cam2_20260426_123818.jpg,crops/cam2_20260426_123818_r0_c0.jpg,506,cam2_20260426_123821.jpg,crops/cam2_20260426_123821_r0_c0.jpg,517,26.2,,43,100,0,0,0,0,0,0.0,0.0,280.0,0.0,4.7,4.7,0.0,0.0,,2026-04-26 18:38:22
germ-germinadorap-de5832|LOT-20260425-651F-001|r0_c0|rep0,LOT-20260425-651F-001:A1:R0,germ-germinadorap-de5832,LOT-20260425-651F-001,A1,0,0,0,Rabano,Bola,c1,no_emergio,,,,2026-04-26 18:53:19,2026-04-25 23:34:37,19.31,1,cg_1777229596818_2,511,cam2_20260426_125318.jpg,crops/cam2_20260426_125318_r0_c0.jpg,512,cam2_20260426_125323.jpg,crops/cam2_20260426_125323_r0_c0.jpg,525,26.2,,43,100,0,0,0,0,0,0.0,0.0,295.0,0.0,4.9,4.9,0.0,0.0,,2026-04-26 18:53:24
germ-germinadorap-de5832|LOT-20260425-651F-001|r0_c0|rep0,LOT-20260425-651F-001:A1:R0,germ-germinadorap-de5832,LOT-20260425-651F-001,A1,0,0,0,Rabano,Bola,c1,no_emergio,,,,2026-04-26 19:08:19,2026-04-25 23:34:37,19.56,1,cg_1777230496824_2,517,cam2_20260426_130818.jpg,crops/cam2_20260426_130818_r0_c0.jpg,518,cam2_20260426_130821.jpg,crops/cam2_20260426_130821_r0_c0.jpg,533,26.2,,43,100,0,0,0,0,0,0.0,0.0,310.0,0.0,5.2,5.2,0.0,0.0,,2026-04-26 19:08:22
germ-germinadorap-de5832|LOT-20260425-651F-001|r0_c0|rep0,LOT-20260425-651F-001:A1:R0,germ-germinadorap-de5832,LOT-20260425-651F-001,A1,0,0,0,Rabano,Bola,c1,no_emergio,,,,2026-04-27 05:45:03,2026-04-25 23:34:37,30.17,2,cg_1777268701285_2,642,cam2_20260426_234502.jpg,crops/cam2_20260426_234502_r0_c0.jpg,644,cam2_20260426_234508.jpg,crops/cam2_20260426_234508_r0_c0.jpg,709,26.2,,43,100,0,0,0,0,0,0.0,0.0,718.0,0.0,12.0,6.0,0.0,0.0,,2026-04-27 05:45:08
germ-germinadorap-de5832|LOT-20260425-651F-001|r0_c0|rep0,LOT-20260425-651F-001:A1:R0,germ-germinadorap-de5832,LOT-20260425-651F-001,A1,0,0,0,Rabano,Bola,c1,no_emergio,,,,2026-04-27 06:00:06,2026-04-25 23:34:37,30.42,2,cg_1777269604070_2,646,cam2_20260427_000005.jpg,crops/cam2_20260427_000005_r0_c0.jpg,648,cam2_20260427_000010.jpg,crops/cam2_20260427_000010_r0_c0.jpg,717,26.2,,43,100,0,0,0,0,0,0.0,0.0,721.0,0.0,12.0,6.0,0.0,0.0,,2026-04-27 06:00:11
germ-germinadorap-de5832|LOT-20260425-651F-001|r0_c0|rep0,LOT-20260425-651F-001:A1:R0,germ-germinadorap-de5832,LOT-20260425-651F-001,A1,0,0,0,Rabano,Bola,c1,no_emergio,,,,2026-04-27 06:15:06,2026-04-25 23:34:37,30.67,2,cg_1777270504068_2,650,cam2_20260427_001505.jpg,crops/cam2_20260427_001505_r0_c0.jpg,652,cam2_20260427_001510.jpg,crops/cam2_20260427_001510_r0_c0.jpg,725,26.2,,43,100,0,0,0,0,0,0.0,0.0,722.0,0.0,12.0,6.0,0.0,0.0,,2026-04-27 06:15:10
germ-germinadorap-de5832|LOT-20260425-651F-001|r0_c0|rep0,LOT-20260425-651F-001:A1:R0,germ-germinadorap-de5832,LOT-20260425-651F-001,A1,0,0,0,Rabano,Bola,c1,no_emergio,,,,2026-04-27 06:30:06,2026-04-25 23:34:37,30.92,2,cg_1777271404070_2,654,cam2_20260427_003005.jpg,crops/cam2_20260427_003005_r0_c0.jpg,656,cam2_20260427_003008.jpg,crops/cam2_20260427_003008_r0_c0.jpg,733,26.2,,43,100,0,0,0,0,0,0.0,0.0,722.0,0.0,12.0,6.0,0.0,0.0,,2026-04-27 06:30:09
germ-germinadorap-de5832|LOT-20260425-651F-001|r0_c0|rep0,LOT-20260425-651F-001:A1:R0,germ-germinadorap-de5832,LOT-20260425-651F-001,A1,0,0,0,Rabano,Bola,c1,no_emergio,,,,2026-04-27 06:45:06,2026-04-25 23:34:37,31.17,2,cg_1777272304074_2,658,cam2_20260427_004505.jpg,crops/cam2_20260427_004505_r0_c0.jpg,660,cam2_20260427_004508.jpg,crops/cam2_20260427_004508_r0_c0.jpg,741,26.2,,43,100,0,0,0,0,0,0.0,0.0,722.0,0.0,12.0,6.0,0.0,0.0,,2026-04-27 06:45:09
germ-germinadorap-de5832|LOT-20260425-651F-001|r0_c0|rep0,LOT-20260425-651F-001:A1:R0,germ-germinadorap-de5832,LOT-20260425-651F-001,A1,0,0,0,Rabano,Bola,c1,no_emergio,,,,2026-04-27 07:00:06,2026-04-25 23:34:37,31.42,2,cg_1777273204079_2,662,cam2_20260427_010005.jpg,crops/cam2_20260427_010005_r0_c0.jpg,664,cam2_20260427_010008.jpg,crops/cam2_20260427_010008_r0_c0.jpg,749,26.2,,43,100,0,0,0,0,0,0.0,0.0,722.0,0.0,12.0,6.0,0.0,0.0,,2026-04-27 07:00:09
germ-germinadorap-de5832|LOT-20260425-651F-001|r0_c0|rep0,LOT-20260425-651F-001:A1:R0,germ-germinadorap-de5832,LOT-20260425-651F-001,A1,0,0,0,Rabano,Bola,c1,no_emergio,,,,2026-04-27 07:15:06,2026-04-25 23:34:37,31.67,2,cg_1777274104082_2,666,cam2_20260427_011505.jpg,crops/cam2_20260427_011505_r0_c0.jpg,668,cam2_20260427_011508.jpg,crops/cam2_20260427_011508_r0_c0.jpg,757,26.2,,43,100,0,0,0,0,0,0.0,0.0,722.0,0.0,12.0,6.0,0.0,0.0,,2026-04-27 07:15:09
germ-germinadorap-de5832|LOT-20260425-651F-001|r0_c0|rep0,LOT-20260425-651F-001:A1:R0,germ-germinadorap-de5832,LOT-20260425-651F-001,A1,0,0,0,Rabano,Bola,c1,no_emergio,,,,2026-04-27 07:30:06,2026-04-25 23:34:37,31.92,2,cg_1777275004083_2,670,cam2_20260427_013005.jpg,crops/cam2_20260427_013005_r0_c0.jpg,672,cam2_20260427_013008.jpg,crops/cam2_20260427_013008_r0_c0.jpg,765,26.2,,43,100,0,0,0,0,0,0.0,0.0,722.0,0.0,12.0,6.0,0.0,0.0,,2026-04-27 07:30:08
germ-germinadorap-de5832|LOT-20260425-651F-001|r0_c0|rep0,LOT-20260425-651F-001:A1:R0,germ-germinadorap-de5832,LOT-20260425-651F-001,A1,0,0,0,Rabano,Bola,c1,no_emergio,,,,2026-04-27 07:45:06,2026-04-25 23:34:37,32.17,2,cg_1777275904087_2,674,cam2_20260427_014505.jpg,crops/cam2_20260427_014505_r0_c0.jpg,676,cam2_20260427_014508.jpg,crops/cam2_20260427_014508_r0_c0.jpg,773,26.2,,43,100,0,0,0,0,0,0.0,0.0,722.0,0.0,12.0,6.0,0.0,0.0,,2026-04-27 07:45:09
germ-germinadorap-de5832|LOT-20260425-651F-001|r0_c0|rep0,LOT-20260425-651F-001:A1:R0,germ-germinadorap-de5832,LOT-20260425-651F-001,A1,0,0,0,Rabano,Bola,c1,no_emergio,,,,2026-04-27 08:00:06,2026-04-25 23:34:37,32.42,2,cg_1777276804092_2,678,cam2_20260427_020005.jpg,crops/cam2_20260427_020005_r0_c0.jpg,680,cam2_20260427_020008.jpg,crops/cam2_20260427_020008_r0_c0.jpg,781,26.2,,43,100,0,0,0,0,0,0.0,0.0,722.0,0.0,12.0,6.0,0.0,0.0,,2026-04-27 08:00:09
germ-germinadorap-de5832|LOT-20260425-651F-001|r0_c0|rep0,LOT-20260425-651F-001:A1:R0,germ-germinadorap-de5832,LOT-20260425-651F-001,A1,0,0,0,Rabano,Bola,c1,no_emergio,,,,2026-04-27 08:15:06,2026-04-25 23:34:37,32.67,2,cg_1777277704100_2,682,cam2_20260427_021505.jpg,crops/cam2_20260427_021505_r0_c0.jpg,684,cam2_20260427_021508.jpg,crops/cam2_20260427_021508_r0_c0.jpg,789,26.2,,43,100,0,0,0,0,0,0.0,0.0,722.0,0.0,12.0,6.0,0.0,0.0,,2026-04-27 08:15:09
germ-germinadorap-de5832|LOT-20260425-651F-001|r0_c0|rep0,LOT-20260425-651F-001:A1:R0,germ-germinadorap-de5832,LOT-20260425-651F-001,A1,0,0,0,Rabano,Bola,c1,no_emergio,,,,2026-04-27 08:30:06,2026-04-25 23:34:37,32.92,2,cg_1777278604107_2,686,cam2_20260427_023005.jpg,crops/cam2_20260427_023005_r0_c0.jpg,688,cam2_20260427_023008.jpg,crops/cam2_20260427_023008_r0_c0.jpg,797,26.2,,43,100,0,0,0,0,0,0.0,0.0,722.0,0.0,12.0,6.0,0.0,0.0,,2026-04-27 08:30:09
germ-germinadorap-de5832|LOT-20260425-651F-001|r0_c0|rep0,LOT-20260425-651F-001:A1:R0,germ-germinadorap-de5832,LOT-20260425-651F-001,A1,0,0,0,Rabano,Bola,c1,no_emergio,,,,2026-04-27 08:45:06,2026-04-25 23:34:37,33.17,2,cg_1777279504118_2,690,cam2_20260427_024505.jpg,crops/cam2_20260427_024505_r0_c0.jpg,692,cam2_20260427_024508.jpg,crops/cam2_20260427_024508_r0_c0.jpg,805,26.2,,43,100,0,0,0,0,0,0.0,0.0,722.0,0.0,12.0,6.0,0.0,0.0,,2026-04-27 08:45:09
germ-germinadorap-de5832|LOT-20260425-651F-001|r0_c0|rep0,LOT-20260425-651F-001:A1:R0,germ-germinadorap-de5832,LOT-20260425-651F-001,A1,0,0,0,Rabano,Bola,c1,no_emergio,,,,2026-04-27 09:00:06,2026-04-25 23:34:37,33.42,2,cg_1777280404128_2,694,cam2_20260427_030005.jpg,crops/cam2_20260427_030005_r0_c0.jpg,696,cam2_20260427_030008.jpg,crops/cam2_20260427_030008_r0_c0.jpg,813,26.2,,43,100,0,0,0,0,0,0.0,0.0,722.0,0.0,12.0,6.0,0.0,0.0,,2026-04-27 09:00:09
germ-germinadorap-de5832|LOT-20260425-651F-001|r0_c0|rep0,LOT-20260425-651F-001:A1:R0,germ-germinadorap-de5832,LOT-20260425-651F-001,A1,0,0,0,Rabano,Bola,c1,no_emergio,,,,2026-04-27 09:15:06,2026-04-25 23:34:37,33.67,2,cg_1777281304138_2,698,cam2_20260427_031505.jpg,crops/cam2_20260427_031505_r0_c0.jpg,700,cam2_20260427_031508.jpg,crops/cam2_20260427_031508_r0_c0.jpg,821,26.2,,43,100,0,0,0,0,0,0.0,0.0,722.0,0.0,12.0,6.0,0.0,0.0,,2026-04-27 09:15:09
germ-germinadorap-de5832|LOT-20260425-651F-001|r0_c0|rep0,LOT-20260425-651F-001:A1:R0,germ-germinadorap-de5832,LOT-20260425-651F-001,A1,0,0,0,Rabano,Bola,c1,no_emergio,,,,2026-04-27 09:30:06,2026-04-25 23:34:37,33.92,2,cg_1777282204142_2,702,cam2_20260427_033005.jpg,crops/cam2_20260427_033005_r0_c0.jpg,704,cam2_20260427_033008.jpg,crops/cam2_20260427_033008_r0_c0.jpg,829,26.2,,43,100,0,0,0,0,0,0.0,0.0,722.0,0.0,12.0,6.0,0.0,0.0,,2026-04-27 09:30:09
germ-germinadorap-de5832|LOT-20260425-651F-001|r0_c0|rep0,LOT-20260425-651F-001:A1:R0,germ-germinadorap-de5832,LOT-20260425-651F-001,A1,0,0,0,Rabano,Bola,c1,no_emergio,,,,2026-04-27 09:45:06,2026-04-25 23:34:37,34.17,2,cg_1777283104146_2,706,cam2_20260427_034505.jpg,crops/cam2_20260427_034505_r0_c0.jpg,708,cam2_20260427_034508.jpg,crops/cam2_20260427_034508_r0_c0.jpg,837,26.2,,43,100,0,0,0,0,0,0.0,0.0,722.0,0.0,12.0,6.0,0.0,0.0,,2026-04-27 09:45:09
germ-germinadorap-de5832|LOT-20260425-651F-001|r0_c0|rep0,LOT-20260425-651F-001:A1:R0,germ-germinadorap-de5832,LOT-20260425-651F-001,A1,0,0,0,Rabano,Bola,c1,no_emergio,,,,2026-04-27 10:00:06,2026-04-25 23:34:37,34.42,2,cg_1777284004157_2,710,cam2_20260427_040005.jpg,crops/cam2_20260427_040005_r0_c0.jpg,712,cam2_20260427_040008.jpg,crops/cam2_20260427_040008_r0_c0.jpg,845,26.2,,43,100,0,0,0,0,0,0.0,0.0,722.0,0.0,12.0,6.0,0.0,0.0,,2026-04-27 10:00:09
germ-germinadorap-de5832|LOT-20260425-651F-001|r0_c0|rep0,LOT-20260425-651F-001:A1:R0,germ-germinadorap-de5832,LOT-20260425-651F-001,A1,0,0,0,Rabano,Bola,c1,no_emergio,,,,2026-04-27 10:15:06,2026-04-25 23:34:37,34.67,2,cg_1777284904165_2,714,cam2_20260427_041505.jpg,crops/cam2_20260427_041505_r0_c0.jpg,716,cam2_20260427_041508.jpg,crops/cam2_20260427_041508_r0_c0.jpg,853,26.2,,43,100,0,0,0,0,0,0.0,0.0,722.0,0.0,12.0,6.0,0.0,0.0,,2026-04-27 10:15:09
germ-germinadorap-de5832|LOT-20260425-651F-001|r0_c0|rep0,LOT-20260425-651F-001:A1:R0,germ-germinadorap-de5832,LOT-20260425-651F-001,A1,0,0,0,Rabano,Bola,c1,no_emergio,,,,2026-04-27 10:30:06,2026-04-25 23:34:37,34.92,2,cg_1777285804174_2,719,cam2_20260427_043005.jpg,crops/cam2_20260427_043005_r0_c0.jpg,721,cam2_20260427_043010.jpg,crops/cam2_20260427_043010_r0_c0.jpg,865,26.2,,43,100,0,0,0,0,0,0.0,0.0,722.0,0.0,12.0,6.0,0.0,0.0,,2026-04-27 10:30:11
germ-germinadorap-de5832|LOT-20260425-651F-001|r0_c0|rep0,LOT-20260425-651F-001:A1:R0,germ-germinadorap-de5832,LOT-20260425-651F-001,A1,0,0,0,Rabano,Bola,c1,no_emergio,,,,2026-04-27 10:45:06,2026-04-25 23:34:37,35.17,2,cg_1777286704188_2,722,cam2_20260427_044505.jpg,crops/cam2_20260427_044505_r0_c0.jpg,724,cam2_20260427_044509.jpg,crops/cam2_20260427_044509_r0_c0.jpg,869,26.2,,43,100,0,0,0,0,0,0.0,0.0,722.0,0.0,12.0,6.0,0.0,0.0,,2026-04-27 10:45:10
germ-germinadorap-de5832|LOT-20260425-651F-001|r0_c0|rep0,LOT-20260425-651F-001:A1:R0,germ-germinadorap-de5832,LOT-20260425-651F-001,A1,0,0,0,Rabano,Bola,c1,no_emergio,,,,2026-04-27 11:00:06,2026-04-25 23:34:37,35.42,2,cg_1777287604196_2,726,cam2_20260427_050005.jpg,crops/cam2_20260427_050005_r0_c0.jpg,728,cam2_20260427_050008.jpg,crops/cam2_20260427_050008_r0_c0.jpg,877,26.2,,43,100,0,0,0,0,0,0.0,0.0,722.0,0.0,12.0,6.0,0.0,0.0,,2026-04-27 11:00:09
germ-germinadorap-de5832|LOT-20260425-651F-001|r0_c0|rep0,LOT-20260425-651F-001:A1:R0,germ-germinadorap-de5832,LOT-20260425-651F-001,A1,0,0,0,Rabano,Bola,c1,no_emergio,,,,2026-04-27 11:15:06,2026-04-25 23:34:37,35.67,2,cg_1777288504205_2,730,cam2_20260427_051505.jpg,crops/cam2_20260427_051505_r0_c0.jpg,732,cam2_20260427_051509.jpg,crops/cam2_20260427_051509_r0_c0.jpg,885,26.2,,43,100,0,0,0,0,0,0.0,0.0,722.0,0.0,12.0,6.0,0.0,0.0,,2026-04-27 11:15:10
germ-germinadorap-de5832|LOT-20260425-651F-001|r0_c0|rep0,LOT-20260425-651F-001:A1:R0,germ-germinadorap-de5832,LOT-20260425-651F-001,A1,0,0,0,Rabano,Bola,c1,no_emergio,,,,2026-04-27 11:30:06,2026-04-25 23:34:37,35.92,2,cg_1777289404207_2,734,cam2_20260427_053005.jpg,crops/cam2_20260427_053005_r0_c0.jpg,736,cam2_20260427_053008.jpg,crops/cam2_20260427_053008_r0_c0.jpg,893,26.2,,43,100,0,0,0,0,0,0.0,0.0,722.0,0.0,12.0,6.0,0.0,0.0,,2026-04-27 11:30:09
germ-germinadorap-de5832|LOT-20260425-651F-001|r0_c0|rep0,LOT-20260425-651F-001:A1:R0,germ-germinadorap-de5832,LOT-20260425-651F-001,A1,0,0,0,Rabano,Bola,c1,no_emergio,,,,2026-04-27 11:45:06,2026-04-25 23:34:37,36.17,2,cg_1777290304213_2,738,cam2_20260427_054505.jpg,crops/cam2_20260427_054505_r0_c0.jpg,740,cam2_20260427_054508.jpg,crops/cam2_20260427_054508_r0_c0.jpg,901,26.2,,43,100,0,0,0,0,0,0.0,0.0,722.0,0.0,12.1,6.0,0.0,0.0,,2026-04-27 11:45:09
germ-germinadorap-de5832|LOT-20260425-651F-001|r0_c0|rep0,LOT-20260425-651F-001:A1:R0,germ-germinadorap-de5832,LOT-20260425-651F-001,A1,0,0,0,Rabano,Bola,c1,no_emergio,,,,2026-04-27 12:00:06,2026-04-25 23:34:37,36.42,2,cg_1777291204227_2,742,cam2_20260427_060005.jpg,crops/cam2_20260427_060005_r0_c0.jpg,744,cam2_20260427_060008.jpg,crops/cam2_20260427_060008_r0_c0.jpg,909,26.2,,43,100,0,0,0,0,0,0.0,0.0,723.0,0.0,12.1,6.0,0.0,0.0,,2026-04-27 12:00:09
germ-germinadorap-de5832|LOT-20260425-651F-001|r0_c0|rep0,LOT-20260425-651F-001:A1:R0,germ-germinadorap-de5832,LOT-20260425-651F-001,A1,0,0,0,Rabano,Bola,c1,no_emergio,,,,2026-04-27 12:15:06,2026-04-25 23:34:37,36.67,2,cg_1777292104236_2,746,cam2_20260427_061505.jpg,crops/cam2_20260427_061505_r0_c0.jpg,748,cam2_20260427_061509.jpg,crops/cam2_20260427_061509_r0_c0.jpg,917,26.2,,43,100,0,0,0,0,0,0.0,0.0,723.0,0.0,12.1,6.0,0.0,0.0,,2026-04-27 12:15:09
germ-germinadorap-de5832|LOT-20260425-651F-001|r0_c0|rep0,LOT-20260425-651F-001:A1:R0,germ-germinadorap-de5832,LOT-20260425-651F-001,A1,0,0,0,Rabano,Bola,c1,no_emergio,,,,2026-04-27 12:30:06,2026-04-25 23:34:37,36.92,2,cg_1777293004247_2,750,cam2_20260427_063005.jpg,crops/cam2_20260427_063005_r0_c0.jpg,752,cam2_20260427_063009.jpg,crops/cam2_20260427_063009_r0_c0.jpg,925,26.2,,43,100,0,0,0,0,0,0.0,0.0,723.0,0.0,12.1,6.0,0.0,0.0,,2026-04-27 12:30:10
germ-germinadorap-de5832|LOT-20260425-651F-001|r0_c0|rep0,LOT-20260425-651F-001:A1:R0,germ-germinadorap-de5832,LOT-20260425-651F-001,A1,0,0,0,Rabano,Bola,c1,no_emergio,,,,2026-04-27 12:45:06,2026-04-25 23:34:37,37.17,2,cg_1777293904255_2,754,cam2_20260427_064505.jpg,crops/cam2_20260427_064505_r0_c0.jpg,756,cam2_20260427_064508.jpg,crops/cam2_20260427_064508_r0_c0.jpg,933,26.2,,43,100,0,0,0,0,0,0.0,0.0,723.0,0.0,12.1,6.0,0.0,0.0,,2026-04-27 12:45:09
germ-germinadorap-de5832|LOT-20260425-651F-001|r0_c0|rep0,LOT-20260425-651F-001:A1:R0,germ-germinadorap-de5832,LOT-20260425-651F-001,A1,0,0,0,Rabano,Bola,c1,no_emergio,,,,2026-04-27 13:00:06,2026-04-25 23:34:37,37.42,2,cg_1777294804263_2,758,cam2_20260427_070005.jpg,crops/cam2_20260427_070005_r0_c0.jpg,760,cam2_20260427_070008.jpg,crops/cam2_20260427_070008_r0_c0.jpg,941,26.2,,43,100,0,0,0,0,0,0.0,0.0,723.0,0.0,12.1,6.0,0.0,0.0,,2026-04-27 13:00:09
germ-germinadorap-de5832|LOT-20260425-651F-001|r0_c0|rep0,LOT-20260425-651F-001:A1:R0,germ-germinadorap-de5832,LOT-20260425-651F-001,A1,0,0,0,Rabano,Bola,c1,no_emergio,,,,2026-04-27 13:15:06,2026-04-25 23:34:37,37.67,2,cg_1777295704268_2,762,cam2_20260427_071505.jpg,crops/cam2_20260427_071505_r0_c0.jpg,764,cam2_20260427_071508.jpg,crops/cam2_20260427_071508_r0_c0.jpg,949,26.2,,43,100,0,0,0,0,0,0.0,0.0,723.0,0.0,12.1,6.0,0.0,0.0,,2026-04-27 13:15:09
germ-germinadorap-de5832|LOT-20260425-651F-001|r0_c0|rep0,LOT-20260425-651F-001:A1:R0,germ-germinadorap-de5832,LOT-20260425-651F-001,A1,0,0,0,Rabano,Bola,c1,no_emergio,,,,2026-04-27 13:30:06,2026-04-25 23:34:37,37.92,2,cg_1777296604272_2,766,cam2_20260427_073005.jpg,crops/cam2_20260427_073005_r0_c0.jpg,768,cam2_20260427_073008.jpg,crops/cam2_20260427_073008_r0_c0.jpg,957,26.2,,43,100,0,0,0,0,0,0.0,0.0,723.0,0.0,12.1,6.0,0.0,0.0,,2026-04-27 13:30:09
germ-germinadorap-de5832|LOT-20260425-651F-001|r0_c0|rep0,LOT-20260425-651F-001:A1:R0,germ-germinadorap-de5832,LOT-20260425-651F-001,A1,0,0,0,Rabano,Bola,c1,no_emergio,,,,2026-04-27 13:45:06,2026-04-25 23:34:37,38.17,2,cg_1777297504283_2,770,cam2_20260427_074505.jpg,crops/cam2_20260427_074505_r0_c0.jpg,772,cam2_20260427_074508.jpg,crops/cam2_20260427_074508_r0_c0.jpg,965,26.2,,43,100,0,0,0,0,0,0.0,0.0,723.0,0.0,12.1,6.0,0.0,0.0,,2026-04-27 13:45:09
germ-germinadorap-de5832|LOT-20260425-651F-001|r0_c0|rep0,LOT-20260425-651F-001:A1:R0,germ-germinadorap-de5832,LOT-20260425-651F-001,A1,0,0,0,Rabano,Bola,c1,no_emergio,,,,2026-04-27 14:00:06,2026-04-25 23:34:37,38.42,2,cg_1777298404293_2,774,cam2_20260427_080005.jpg,crops/cam2_20260427_080005_r0_c0.jpg,776,cam2_20260427_080008.jpg,crops/cam2_20260427_080008_r0_c0.jpg,973,26.2,,43,100,0,0,0,0,0,0.0,0.0,723.0,0.0,12.1,6.0,0.0,0.0,,2026-04-27 14:00:09
germ-germinadorap-de5832|LOT-20260425-651F-001|r0_c0|rep0,LOT-20260425-651F-001:A1:R0,germ-germinadorap-de5832,LOT-20260425-651F-001,A1,0,0,0,Rabano,Bola,c1,no_emergio,,,,2026-04-27 14:15:06,2026-04-25 23:34:37,38.67,2,cg_1777299304330_2,778,cam2_20260427_081506.jpg,crops/cam2_20260427_081506_r0_c0.jpg,780,cam2_20260427_081508.jpg,crops/cam2_20260427_081508_r0_c0.jpg,981,26.2,,43,100,0,0,0,0,0,0.0,0.0,738.0,0.0,12.3,6.2,0.0,0.0,,2026-04-27 14:15:09
germ-germinadorap-de5832|LOT-20260425-651F-001|r0_c0|rep0,LOT-20260425-651F-001:A1:R0,germ-germinadorap-de5832,LOT-20260425-651F-001,A1,0,0,0,Rabano,Bola,c1,no_emergio,,,,2026-04-27 14:30:06,2026-04-25 23:34:37,38.92,2,cg_1777300204311_2,782,cam2_20260427_083005.jpg,crops/cam2_20260427_083005_r0_c0.jpg,784,cam2_20260427_083008.jpg,crops/cam2_20260427_083008_r0_c0.jpg,989,26.2,,43,100,0,0,0,0,0,0.0,0.0,753.0,0.0,12.6,6.3,0.0,0.0,,2026-04-27 14:30:08
germ-germinadorap-de5832|LOT-20260425-651F-001|r0_c0|rep0,LOT-20260425-651F-001:A1:R0,germ-germinadorap-de5832,LOT-20260425-651F-001,A1,0,0,0,Rabano,Bola,c1,no_emergio,,,,2026-04-27 14:45:06,2026-04-25 23:34:37,39.17,2,cg_1777301104321_2,786,cam2_20260427_084505.jpg,crops/cam2_20260427_084505_r0_c0.jpg,788,cam2_20260427_084508.jpg,crops/cam2_20260427_084508_r0_c0.jpg,997,26.2,,43,100,0,0,0,0,0,0.0,0.0,768.0,0.0,12.8,6.4,0.0,0.0,,2026-04-27 14:45:08
germ-germinadorap-de5832|LOT-20260425-651F-001|r0_c0|rep0,LOT-20260425-651F-001:A1:R0,germ-germinadorap-de5832,LOT-20260425-651F-001,A1,0,0,0,Rabano,Bola,c1,no_emergio,,,,2026-04-27 15:00:06,2026-04-25 23:34:37,39.42,2,cg_1777302004330_2,790,cam2_20260427_090005.jpg,crops/cam2_20260427_090005_r0_c0.jpg,792,cam2_20260427_090008.jpg,crops/cam2_20260427_090008_r0_c0.jpg,1005,26.2,,43,100,0,0,0,0,0,0.0,0.0,783.0,0.0,13.1,6.5,0.0,0.0,,2026-04-27 15:00:09
germ-germinadorap-de5832|LOT-20260425-651F-001|r0_c0|rep0,LOT-20260425-651F-001:A1:R0,germ-germinadorap-de5832,LOT-20260425-651F-001,A1,0,0,0,Rabano,Bola,c1,no_emergio,,,,2026-04-27 15:15:06,2026-04-25 23:34:37,39.67,2,cg_1777302904336_2,794,cam2_20260427_091505.jpg,crops/cam2_20260427_091505_r0_c0.jpg,796,cam2_20260427_091509.jpg,crops/cam2_20260427_091509_r0_c0.jpg,1013,26.2,,43,100,0,0,0,0,0,0.0,0.0,797.0,0.0,13.3,6.7,0.0,0.0,,2026-04-27 15:15:10
germ-germinadorap-de5832|LOT-20260425-651F-001|r0_c0|rep0,LOT-20260425-651F-001:A1:R0,germ-germinadorap-de5832,LOT-20260425-651F-001,A1,0,0,0,Rabano,Bola,c1,no_emergio,,,,2026-04-27 15:30:06,2026-04-25 23:34:37,39.92,2,cg_1777303804337_2,798,cam2_20260427_093005.jpg,crops/cam2_20260427_093005_r0_c0.jpg,800,cam2_20260427_093009.jpg,crops/cam2_20260427_093009_r0_c0.jpg,1021,26.2,,43,100,0,0,0,0,0,0.0,0.0,812.0,0.0,13.5,6.8,0.0,0.0,,2026-04-27 15:30:10
germ-germinadorap-de5832|LOT-20260425-651F-001|r0_c0|rep0,LOT-20260425-651F-001:A1:R0,germ-germinadorap-de5832,LOT-20260425-651F-001,A1,0,0,0,Rabano,Bola,c1,no_emergio,,,,2026-04-27 15:45:06,2026-04-25 23:34:37,40.17,2,cg_1777304704347_2,802,cam2_20260427_094505.jpg,crops/cam2_20260427_094505_r0_c0.jpg,804,cam2_20260427_094508.jpg,crops/cam2_20260427_094508_r0_c0.jpg,1029,26.2,,43,100,0,0,0,0,0,0.0,0.0,827.0,0.0,13.8,6.9,0.0,0.0,,2026-04-27 15:45:08
germ-germinadorap-de5832|LOT-20260425-651F-001|r0_c0|rep0,LOT-20260425-651F-001:A1:R0,germ-germinadorap-de5832,LOT-20260425-651F-001,A1,0,0,0,Rabano,Bola,c1,no_emergio,,,,2026-04-27 16:00:06,2026-04-25 23:34:37,40.42,2,cg_1777305604356_2,806,cam2_20260427_100005.jpg,crops/cam2_20260427_100005_r0_c0.jpg,808,cam2_20260427_100008.jpg,crops/cam2_20260427_100008_r0_c0.jpg,1037,26.2,,43,100,0,0,0,0,0,0.0,0.0,842.0,0.0,14.0,7.0,0.0,0.0,,2026-04-27 16:00:08
germ-germinadorap-de5832|LOT-20260425-651F-001|r0_c0|rep0,LOT-20260425-651F-001:A1:R0,germ-germinadorap-de5832,LOT-20260425-651F-001,A1,0,0,0,Rabano,Bola,c1,no_emergio,,,,2026-04-27 16:15:06,2026-04-25 23:34:37,40.67,2,cg_1777306504373_2,810,cam2_20260427_101505.jpg,crops/cam2_20260427_101505_r0_c0.jpg,812,cam2_20260427_101508.jpg,crops/cam2_20260427_101508_r0_c0.jpg,1045,26.2,,43,100,0,0,0,0,0,0.0,0.0,857.0,0.0,14.3,7.1,0.0,0.0,,2026-04-27 16:15:08
germ-germinadorap-de5832|LOT-20260425-651F-001|r0_c0|rep0,LOT-20260425-651F-001:A1:R0,germ-germinadorap-de5832,LOT-20260425-651F-001,A1,0,0,0,Rabano,Bola,c1,no_emergio,,,,2026-04-27 16:30:06,2026-04-25 23:34:37,40.92,2,cg_1777307404379_2,814,cam2_20260427_103005.jpg,crops/cam2_20260427_103005_r0_c0.jpg,816,cam2_20260427_103008.jpg,crops/cam2_20260427_103008_r0_c0.jpg,1053,26.2,,43,100,0,0,0,0,0,0.0,0.0,872.0,0.0,14.5,7.3,0.0,0.0,,2026-04-27 16:30:08
germ-germinadorap-de5832|LOT-20260425-651F-001|r0_c0|rep0,LOT-20260425-651F-001:A1:R0,germ-germinadorap-de5832,LOT-20260425-651F-001,A1,0,0,0,Rabano,Bola,c1,no_emergio,,,,2026-04-27 16:45:06,2026-04-25 23:34:37,41.17,2,cg_1777308304391_2,818,cam2_20260427_104505.jpg,crops/cam2_20260427_104505_r0_c0.jpg,820,cam2_20260427_104508.jpg,crops/cam2_20260427_104508_r0_c0.jpg,1061,26.2,,43,100,0,0,0,0,0,0.0,0.0,887.0,0.0,14.8,7.4,0.0,0.0,,2026-04-27 16:45:08
germ-germinadorap-de5832|LOT-20260425-651F-001|r1_c0|rep0,LOT-20260425-651F-001:A2:R0,germ-germinadorap-de5832,LOT-20260425-651F-001,A2,1,0,0,Rabano,Bola,c1,no_emergio,,,,2026-04-25 23:35:28,2026-04-25 23:34:37,0.01,1,cg_1777160126808_2,1,cam2_20260425_173528.jpg,crops/cam2_20260425_173528_r1_c0.jpg,2,cam2_20260425_173531.jpg,crops/cam2_20260425_173531_r1_c0.jpg,1,25.8,,36,0,0,0,1,0,1,0.0,15.0,0.0,0.0,0.0,0.0,0.0,0.0,,2026-04-25 23:35:31
germ-germinadorap-de5832|LOT-20260425-651F-001|r1_c0|rep0,LOT-20260425-651F-001:A2:R0,germ-germinadorap-de5832,LOT-20260425-651F-001,A2,1,0,0,Rabano,Bola,c1,no_emergio,,,,2026-04-26 02:37:56,2026-04-25 23:34:37,3.06,1,cg_1777171073113_2,5,cam2_20260425_203755.jpg,crops/cam2_20260425_203755_r1_c0.jpg,6,cam2_20260425_203758.jpg,crops/cam2_20260425_203758_r1_c0.jpg,5,26.2,,43,100,0,0,0,0,0,0.0,0.0,0.0,0.0,0.0,0.0,0.0,0.0,,2026-04-26 02:37:59
germ-germinadorap-de5832|LOT-20260425-651F-001|r1_c0|rep0,LOT-20260425-651F-001:A2:R0,germ-germinadorap-de5832,LOT-20260425-651F-001,A2,1,0,0,Rabano,Bola,c1,no_emergio,,,,2026-04-26 02:52:54,2026-04-25 23:34:37,3.30,1,cg_1777171973115_2,15,cam2_20260425_205254.jpg,crops/cam2_20260425_205254_r1_c0.jpg,16,cam2_20260425_205256.jpg,crops/cam2_20260425_205256_r1_c0.jpg,13,26.2,,43,100,0,0,0,0,0,0.0,0.0,0.0,0.0,0.0,0.0,0.0,0.0,,2026-04-26 02:52:57
germ-germinadorap-de5832|LOT-20260425-651F-001|r1_c0|rep0,LOT-20260425-651F-001:A2:R0,germ-germinadorap-de5832,LOT-20260425-651F-001,A2,1,0,0,Rabano,Bola,c1,no_emergio,,,,2026-04-26 08:07:55,2026-04-25 23:34:37,8.55,1,cg_1777190873243_2,183,cam2_20260426_020754.jpg,crops/cam2_20260426_020754_r1_c0.jpg,184,cam2_20260426_020757.jpg,crops/cam2_20260426_020757_r1_c0.jpg,181,26.2,,43,100,0,0,0,0,0,0.0,0.0,2.0,0.0,0.0,0.0,0.0,0.0,,2026-04-26 08:07:57
germ-germinadorap-de5832|LOT-20260425-651F-001|r1_c0|rep0,LOT-20260425-651F-001:A2:R0,germ-germinadorap-de5832,LOT-20260425-651F-001,A2,1,0,0,Rabano,Bola,c1,no_emergio,,,,2026-04-26 08:22:55,2026-04-25 23:34:37,8.80,1,cg_1777191773248_2,191,cam2_20260426_022254.jpg,crops/cam2_20260426_022254_r1_c0.jpg,192,cam2_20260426_022257.jpg,crops/cam2_20260426_022257_r1_c0.jpg,189,26.2,,43,100,0,0,0,0,0,0.0,0.0,2.0,0.0,0.0,0.0,0.0,0.0,,2026-04-26 08:22:57
germ-germinadorap-de5832|LOT-20260425-651F-001|r1_c0|rep0,LOT-20260425-651F-001:A2:R0,germ-germinadorap-de5832,LOT-20260425-651F-001,A2,1,0,0,Rabano,Bola,c1,no_emergio,,,,2026-04-26 08:37:54,2026-04-25 23:34:37,9.05,1,cg_1777192673252_2,199,cam2_20260426_023754.jpg,crops/cam2_20260426_023754_r1_c0.jpg,200,cam2_20260426_023757.jpg,crops/cam2_20260426_023757_r1_c0.jpg,197,26.2,,43,100,0,0,0,0,0,0.0,0.0,2.0,0.0,0.0,0.0,0.0,0.0,,2026-04-26 08:37:57
germ-germinadorap-de5832|LOT-20260425-651F-001|r1_c0|rep0,LOT-20260425-651F-001:A2:R0,germ-germinadorap-de5832,LOT-20260425-651F-001,A2,1,0,0,Rabano,Bola,c1,no_emergio,,,,2026-04-26 08:52:54,2026-04-25 23:34:37,9.30,1,cg_1777193573257_2,207,cam2_20260426_025254.jpg,crops/cam2_20260426_025254_r1_c0.jpg,208,cam2_20260426_025256.jpg,crops/cam2_20260426_025256_r1_c0.jpg,205,26.2,,43,100,0,0,0,0,0,0.0,0.0,2.0,0.0,0.0,0.0,0.0,0.0,,2026-04-26 08:52:57
germ-germinadorap-de5832|LOT-20260425-651F-001|r1_c0|rep0,LOT-20260425-651F-001:A2:R0,germ-germinadorap-de5832,LOT-20260425-651F-001,A2,1,0,0,Rabano,Bola,c1,no_emergio,,,,2026-04-26 09:07:54,2026-04-25 23:34:37,9.55,1,cg_1777194473265_2,215,cam2_20260426_030754.jpg,crops/cam2_20260426_030754_r1_c0.jpg,216,cam2_20260426_030756.jpg,crops/cam2_20260426_030756_r1_c0.jpg,213,26.2,,43,100,0,0,0,0,0,0.0,0.0,2.0,0.0,0.0,0.0,0.0,0.0,,2026-04-26 09:07:57
germ-germinadorap-de5832|LOT-20260425-651F-001|r1_c0|rep0,LOT-20260425-651F-001:A2:R0,germ-germinadorap-de5832,LOT-20260425-651F-001,A2,1,0,0,Rabano,Bola,c1,no_emergio,,,,2026-04-26 09:22:55,2026-04-25 23:34:37,9.80,1,cg_1777195373278_2,223,cam2_20260426_032254.jpg,crops/cam2_20260426_032254_r1_c0.jpg,224,cam2_20260426_032257.jpg,crops/cam2_20260426_032257_r1_c0.jpg,221,26.2,,43,100,0,0,0,0,0,0.0,0.0,2.0,0.0,0.0,0.0,0.0,0.0,,2026-04-26 09:22:57
germ-germinadorap-de5832|LOT-20260425-651F-001|r1_c0|rep0,LOT-20260425-651F-001:A2:R0,germ-germinadorap-de5832,LOT-20260425-651F-001,A2,1,0,0,Rabano,Bola,c1,no_emergio,,,,2026-04-26 09:37:55,2026-04-25 23:34:37,10.05,1,cg_1777196273288_2,231,cam2_20260426_033754.jpg,crops/cam2_20260426_033754_r1_c0.jpg,232,cam2_20260426_033757.jpg,crops/cam2_20260426_033757_r1_c0.jpg,229,26.2,,43,100,0,0,0,0,0,0.0,0.0,2.0,0.0,0.0,0.0,0.0,0.0,,2026-04-26 09:37:57
germ-germinadorap-de5832|LOT-20260425-651F-001|r1_c0|rep0,LOT-20260425-651F-001:A2:R0,germ-germinadorap-de5832,LOT-20260425-651F-001,A2,1,0,0,Rabano,Bola,c1,no_emergio,,,,2026-04-26 09:52:55,2026-04-25 23:34:37,10.30,1,cg_1777197173301_2,239,cam2_20260426_035254.jpg,crops/cam2_20260426_035254_r1_c0.jpg,240,cam2_20260426_035257.jpg,crops/cam2_20260426_035257_r1_c0.jpg,237,26.2,,43,100,0,0,0,0,0,0.0,0.0,2.0,0.0,0.0,0.0,0.0,0.0,,2026-04-26 09:52:57
germ-germinadorap-de5832|LOT-20260425-651F-001|r1_c0|rep0,LOT-20260425-651F-001:A2:R0,germ-germinadorap-de5832,LOT-20260425-651F-001,A2,1,0,0,Rabano,Bola,c1,no_emergio,,,,2026-04-26 10:07:55,2026-04-25 23:34:37,10.55,1,cg_1777198073307_2,247,cam2_20260426_040754.jpg,crops/cam2_20260426_040754_r1_c0.jpg,248,cam2_20260426_040757.jpg,crops/cam2_20260426_040757_r1_c0.jpg,245,26.2,,43,100,0,0,0,0,0,0.0,0.0,3.0,0.0,0.1,0.1,0.0,0.0,,2026-04-26 10:07:57
germ-germinadorap-de5832|LOT-20260425-651F-001|r1_c0|rep0,LOT-20260425-651F-001:A2:R0,germ-germinadorap-de5832,LOT-20260425-651F-001,A2,1,0,0,Rabano,Bola,c1,no_emergio,,,,2026-04-26 10:22:55,2026-04-25 23:34:37,10.80,1,cg_1777198973312_2,255,cam2_20260426_042254.jpg,crops/cam2_20260426_042254_r1_c0.jpg,256,cam2_20260426_042257.jpg,crops/cam2_20260426_042257_r1_c0.jpg,253,26.2,,43,100,0,0,0,0,0,0.0,0.0,3.0,0.0,0.1,0.1,0.0,0.0,,2026-04-26 10:22:57
germ-germinadorap-de5832|LOT-20260425-651F-001|r1_c0|rep0,LOT-20260425-651F-001:A2:R0,germ-germinadorap-de5832,LOT-20260425-651F-001,A2,1,0,0,Rabano,Bola,c1,no_emergio,,,,2026-04-26 10:37:55,2026-04-25 23:34:37,11.05,1,cg_1777199873314_2,263,cam2_20260426_043754.jpg,crops/cam2_20260426_043754_r1_c0.jpg,264,cam2_20260426_043757.jpg,crops/cam2_20260426_043757_r1_c0.jpg,261,26.2,,43,100,0,0,0,0,0,0.0,0.0,3.0,0.0,0.1,0.1,0.0,0.0,,2026-04-26 10:37:57
germ-germinadorap-de5832|LOT-20260425-651F-001|r1_c0|rep0,LOT-20260425-651F-001:A2:R0,germ-germinadorap-de5832,LOT-20260425-651F-001,A2,1,0,0,Rabano,Bola,c1,no_emergio,,,,2026-04-26 10:52:55,2026-04-25 23:34:37,11.30,1,cg_1777200773321_2,271,cam2_20260426_045254.jpg,crops/cam2_20260426_045254_r1_c0.jpg,272,cam2_20260426_045257.jpg,crops/cam2_20260426_045257_r1_c0.jpg,269,26.2,,43,100,0,0,0,0,0,0.0,0.0,3.0,0.0,0.1,0.1,0.0,0.0,,2026-04-26 10:52:57
germ-germinadorap-de5832|LOT-20260425-651F-001|r1_c0|rep0,LOT-20260425-651F-001:A2:R0,germ-germinadorap-de5832,LOT-20260425-651F-001,A2,1,0,0,Rabano,Bola,c1,no_emergio,,,,2026-04-26 11:07:55,2026-04-25 23:34:37,11.55,1,cg_1777201673335_2,279,cam2_20260426_050754.jpg,crops/cam2_20260426_050754_r1_c0.jpg,280,cam2_20260426_050757.jpg,crops/cam2_20260426_050757_r1_c0.jpg,277,26.2,,43,100,0,0,0,0,0,0.0,0.0,3.0,0.0,0.1,0.1,0.0,0.0,,2026-04-26 11:07:57
germ-germinadorap-de5832|LOT-20260425-651F-001|r1_c0|rep0,LOT-20260425-651F-001:A2:R0,germ-germinadorap-de5832,LOT-20260425-651F-001,A2,1,0,0,Rabano,Bola,c1,no_emergio,,,,2026-04-26 11:22:55,2026-04-25 23:34:37,11.80,1,cg_1777202573347_2,287,cam2_20260426_052254.jpg,crops/cam2_20260426_052254_r1_c0.jpg,288,cam2_20260426_052257.jpg,crops/cam2_20260426_052257_r1_c0.jpg,285,26.2,,43,100,0,0,0,0,0,0.0,0.0,3.0,0.0,0.1,0.1,0.0,0.0,,2026-04-26 11:22:59
germ-germinadorap-de5832|LOT-20260425-651F-001|r1_c0|rep0,LOT-20260425-651F-001:A2:R0,germ-germinadorap-de5832,LOT-20260425-651F-001,A2,1,0,0,Rabano,Bola,c1,no_emergio,,,,2026-04-26 11:37:55,2026-04-25 23:34:37,12.05,1,cg_1777203473354_2,295,cam2_20260426_053754.jpg,crops/cam2_20260426_053754_r1_c0.jpg,296,cam2_20260426_053757.jpg,crops/cam2_20260426_053757_r1_c0.jpg,293,26.2,,43,100,0,0,0,0,0,0.0,0.0,3.0,0.0,0.1,0.1,0.0,0.0,,2026-04-26 11:37:57
germ-germinadorap-de5832|LOT-20260425-651F-001|r1_c0|rep0,LOT-20260425-651F-001:A2:R0,germ-germinadorap-de5832,LOT-20260425-651F-001,A2,1,0,0,Rabano,Bola,c1,no_emergio,,,,2026-04-26 11:52:55,2026-04-25 23:34:37,12.30,1,cg_1777204373361_2,303,cam2_20260426_055254.jpg,crops/cam2_20260426_055254_r1_c0.jpg,304,cam2_20260426_055257.jpg,crops/cam2_20260426_055257_r1_c0.jpg,301,26.2,,43,100,0,0,0,0,0,0.0,0.0,3.0,0.0,0.1,0.1,0.0,0.0,,2026-04-26 11:52:57
germ-germinadorap-de5832|LOT-20260425-651F-001|r1_c0|rep0,LOT-20260425-651F-001:A2:R0,germ-germinadorap-de5832,LOT-20260425-651F-001,A2,1,0,0,Rabano,Bola,c1,no_emergio,,,,2026-04-26 12:07:55,2026-04-25 23:34:37,12.55,1,cg_1777205273371_2,311,cam2_20260426_060754.jpg,crops/cam2_20260426_060754_r1_c0.jpg,312,cam2_20260426_060757.jpg,crops/cam2_20260426_060757_r1_c0.jpg,309,26.2,,43,100,0,0,0,0,0,0.0,0.0,4.0,0.0,0.1,0.1,0.0,0.0,,2026-04-26 12:07:57
germ-germinadorap-de5832|LOT-20260425-651F-001|r1_c0|rep0,LOT-20260425-651F-001:A2:R0,germ-germinadorap-de5832,LOT-20260425-651F-001,A2,1,0,0,Rabano,Bola,c1,no_emergio,,,,2026-04-26 12:22:55,2026-04-25 23:34:37,12.80,1,cg_1777206173378_2,319,cam2_20260426_062254.jpg,crops/cam2_20260426_062254_r1_c0.jpg,320,cam2_20260426_062257.jpg,crops/cam2_20260426_062257_r1_c0.jpg,317,26.2,,43,100,0,0,0,0,0,0.0,0.0,4.0,0.0,0.1,0.1,0.0,0.0,,2026-04-26 12:22:57
germ-germinadorap-de5832|LOT-20260425-651F-001|r1_c0|rep0,LOT-20260425-651F-001:A2:R0,germ-germinadorap-de5832,LOT-20260425-651F-001,A2,1,0,0,Rabano,Bola,c1,no_emergio,,,,2026-04-26 12:37:55,2026-04-25 23:34:37,13.05,1,cg_1777207073382_2,327,cam2_20260426_063754.jpg,crops/cam2_20260426_063754_r1_c0.jpg,328,cam2_20260426_063757.jpg,crops/cam2_20260426_063757_r1_c0.jpg,325,26.2,,43,100,0,0,0,0,0,0.0,0.0,4.0,0.0,0.1,0.1,0.0,0.0,,2026-04-26 12:37:57
germ-germinadorap-de5832|LOT-20260425-651F-001|r1_c0|rep0,LOT-20260425-651F-001:A2:R0,germ-germinadorap-de5832,LOT-20260425-651F-001,A2,1,0,0,Rabano,Bola,c1,no_emergio,,,,2026-04-26 12:52:55,2026-04-25 23:34:37,13.30,1,cg_1777207973387_2,335,cam2_20260426_065254.jpg,crops/cam2_20260426_065254_r1_c0.jpg,336,cam2_20260426_065257.jpg,crops/cam2_20260426_065257_r1_c0.jpg,333,26.2,,43,100,0,0,0,0,0,0.0,0.0,4.0,0.0,0.1,0.1,0.0,0.0,,2026-04-26 12:52:57
germ-germinadorap-de5832|LOT-20260425-651F-001|r1_c0|rep0,LOT-20260425-651F-001:A2:R0,germ-germinadorap-de5832,LOT-20260425-651F-001,A2,1,0,0,Rabano,Bola,c1,no_emergio,,,,2026-04-26 13:07:55,2026-04-25 23:34:37,13.55,1,cg_1777208873397_2,343,cam2_20260426_070754.jpg,crops/cam2_20260426_070754_r1_c0.jpg,344,cam2_20260426_070757.jpg,crops/cam2_20260426_070757_r1_c0.jpg,341,26.2,,43,100,0,0,0,0,0,0.0,0.0,4.0,0.0,0.1,0.1,0.0,0.0,,2026-04-26 13:07:57
germ-germinadorap-de5832|LOT-20260425-651F-001|r1_c0|rep0,LOT-20260425-651F-001:A2:R0,germ-germinadorap-de5832,LOT-20260425-651F-001,A2,1,0,0,Rabano,Bola,c1,no_emergio,,,,2026-04-26 13:22:55,2026-04-25 23:34:37,13.80,1,cg_1777209773410_2,351,cam2_20260426_072254.jpg,crops/cam2_20260426_072254_r1_c0.jpg,352,cam2_20260426_072257.jpg,crops/cam2_20260426_072257_r1_c0.jpg,349,26.2,,43,100,0,0,0,0,0,0.0,0.0,4.0,0.0,0.1,0.1,0.0,0.0,,2026-04-26 13:22:57
germ-germinadorap-de5832|LOT-20260425-651F-001|r1_c0|rep0,LOT-20260425-651F-001:A2:R0,germ-germinadorap-de5832,LOT-20260425-651F-001,A2,1,0,0,Rabano,Bola,c1,no_emergio,,,,2026-04-26 13:37:55,2026-04-25 23:34:37,14.05,1,cg_1777210673416_2,359,cam2_20260426_073754.jpg,crops/cam2_20260426_073754_r1_c0.jpg,360,cam2_20260426_073757.jpg,crops/cam2_20260426_073757_r1_c0.jpg,357,26.2,,43,100,0,0,0,0,0,0.0,0.0,4.0,0.0,0.1,0.1,0.0,0.0,,2026-04-26 13:37:57
germ-germinadorap-de5832|LOT-20260425-651F-001|r1_c0|rep0,LOT-20260425-651F-001:A2:R0,germ-germinadorap-de5832,LOT-20260425-651F-001,A2,1,0,0,Rabano,Bola,c1,no_emergio,,,,2026-04-26 13:52:55,2026-04-25 23:34:37,14.30,1,cg_1777211573423_2,367,cam2_20260426_075254.jpg,crops/cam2_20260426_075254_r1_c0.jpg,368,cam2_20260426_075257.jpg,crops/cam2_20260426_075257_r1_c0.jpg,365,26.2,,43,100,0,0,0,0,0,0.0,0.0,4.0,0.0,0.1,0.1,0.0,0.0,,2026-04-26 13:52:57
germ-germinadorap-de5832|LOT-20260425-651F-001|r1_c0|rep0,LOT-20260425-651F-001:A2:R0,germ-germinadorap-de5832,LOT-20260425-651F-001,A2,1,0,0,Rabano,Bola,c1,no_emergio,,,,2026-04-26 14:07:55,2026-04-25 23:34:37,14.55,1,cg_1777212473429_2,375,cam2_20260426_080754.jpg,crops/cam2_20260426_080754_r1_c0.jpg,376,cam2_20260426_080757.jpg,crops/cam2_20260426_080757_r1_c0.jpg,373,26.2,,43,100,0,0,0,0,0,0.0,0.0,12.0,0.0,0.2,0.2,0.0,0.0,,2026-04-26 14:07:57
germ-germinadorap-de5832|LOT-20260425-651F-001|r1_c0|rep0,LOT-20260425-651F-001:A2:R0,germ-germinadorap-de5832,LOT-20260425-651F-001,A2,1,0,0,Rabano,Bola,c1,no_emergio,,,,2026-04-26 14:22:55,2026-04-25 23:34:37,14.80,1,cg_1777213373436_2,383,cam2_20260426_082254.jpg,crops/cam2_20260426_082254_r1_c0.jpg,384,cam2_20260426_082257.jpg,crops/cam2_20260426_082257_r1_c0.jpg,381,26.2,,43,100,0,0,0,0,0,0.0,0.0,27.0,0.0,0.5,0.5,0.0,0.0,,2026-04-26 14:22:57
germ-germinadorap-de5832|LOT-20260425-651F-001|r1_c0|rep0,LOT-20260425-651F-001:A2:R0,germ-germinadorap-de5832,LOT-20260425-651F-001,A2,1,0,0,Rabano,Bola,c1,no_emergio,,,,2026-04-26 14:37:55,2026-04-25 23:34:37,15.05,1,cg_1777214273437_2,391,cam2_20260426_083754.jpg,crops/cam2_20260426_083754_r1_c0.jpg,392,cam2_20260426_083757.jpg,crops/cam2_20260426_083757_r1_c0.jpg,389,26.2,,43,100,0,0,0,0,0,0.0,0.0,42.0,0.0,0.7,0.7,0.0,0.0,,2026-04-26 14:37:57
germ-germinadorap-de5832|LOT-20260425-651F-001|r1_c0|rep0,LOT-20260425-651F-001:A2:R0,germ-germinadorap-de5832,LOT-20260425-651F-001,A2,1,0,0,Rabano,Bola,c1,no_emergio,,,,2026-04-26 14:52:55,2026-04-25 23:34:37,15.30,1,cg_1777215173442_2,399,cam2_20260426_085254.jpg,crops/cam2_20260426_085254_r1_c0.jpg,400,cam2_20260426_085257.jpg,crops/cam2_20260426_085257_r1_c0.jpg,397,26.2,,43,100,0,0,0,0,0,0.0,0.0,57.0,0.0,0.9,0.9,0.0,0.0,,2026-04-26 14:52:57
germ-germinadorap-de5832|LOT-20260425-651F-001|r1_c0|rep0,LOT-20260425-651F-001:A2:R0,germ-germinadorap-de5832,LOT-20260425-651F-001,A2,1,0,0,Rabano,Bola,c1,no_emergio,,,,2026-04-26 15:07:55,2026-04-25 23:34:37,15.55,1,cg_1777216073451_2,407,cam2_20260426_090754.jpg,crops/cam2_20260426_090754_r1_c0.jpg,408,cam2_20260426_090757.jpg,crops/cam2_20260426_090757_r1_c0.jpg,405,26.2,,43,100,0,0,0,0,0,0.0,0.0,71.0,0.0,1.2,1.2,0.0,0.0,,2026-04-26 15:07:57
germ-germinadorap-de5832|LOT-20260425-651F-001|r1_c0|rep0,LOT-20260425-651F-001:A2:R0,germ-germinadorap-de5832,LOT-20260425-651F-001,A2,1,0,0,Rabano,Bola,c1,no_emergio,,,,2026-04-26 15:22:55,2026-04-25 23:34:37,15.80,1,cg_1777216973463_2,415,cam2_20260426_092254.jpg,crops/cam2_20260426_092254_r1_c0.jpg,416,cam2_20260426_092257.jpg,crops/cam2_20260426_092257_r1_c0.jpg,413,26.2,,43,100,0,0,0,0,0,0.0,0.0,86.0,0.0,1.4,1.4,0.0,0.0,,2026-04-26 15:22:57
germ-germinadorap-de5832|LOT-20260425-651F-001|r1_c0|rep0,LOT-20260425-651F-001:A2:R0,germ-germinadorap-de5832,LOT-20260425-651F-001,A2,1,0,0,Rabano,Bola,c1,no_emergio,,,,2026-04-26 15:37:55,2026-04-25 23:34:37,16.05,1,cg_1777217873471_2,423,cam2_20260426_093754.jpg,crops/cam2_20260426_093754_r1_c0.jpg,424,cam2_20260426_093757.jpg,crops/cam2_20260426_093757_r1_c0.jpg,421,26.2,,43,100,0,0,0,0,0,0.0,0.0,101.0,0.0,1.7,1.7,0.0,0.0,,2026-04-26 15:37:57
germ-germinadorap-de5832|LOT-20260425-651F-001|r1_c0|rep0,LOT-20260425-651F-001:A2:R0,germ-germinadorap-de5832,LOT-20260425-651F-001,A2,1,0,0,Rabano,Bola,c1,no_emergio,,,,2026-04-26 15:52:55,2026-04-25 23:34:37,16.30,1,cg_1777218773482_2,431,cam2_20260426_095254.jpg,crops/cam2_20260426_095254_r1_c0.jpg,432,cam2_20260426_095257.jpg,crops/cam2_20260426_095257_r1_c0.jpg,429,26.2,,43,100,0,0,0,0,0,0.0,0.0,116.0,0.0,1.9,1.9,0.0,0.0,,2026-04-26 15:52:57
germ-germinadorap-de5832|LOT-20260425-651F-001|r1_c0|rep0,LOT-20260425-651F-001:A2:R0,germ-germinadorap-de5832,LOT-20260425-651F-001,A2,1,0,0,Rabano,Bola,c1,no_emergio,,,,2026-04-26 16:07:55,2026-04-25 23:34:37,16.55,1,cg_1777219673493_2,439,cam2_20260426_100754.jpg,crops/cam2_20260426_100754_r1_c0.jpg,440,cam2_20260426_100757.jpg,crops/cam2_20260426_100757_r1_c0.jpg,437,26.2,,43,100,0,0,0,0,0,0.0,0.0,131.0,0.0,2.2,2.2,0.0,0.0,,2026-04-26 16:07:57
germ-germinadorap-de5832|LOT-20260425-651F-001|r1_c0|rep0,LOT-20260425-651F-001:A2:R0,germ-germinadorap-de5832,LOT-20260425-651F-001,A2,1,0,0,Rabano,Bola,c1,no_emergio,,,,2026-04-26 16:22:55,2026-04-25 23:34:37,16.80,1,cg_1777220573499_2,447,cam2_20260426_102254.jpg,crops/cam2_20260426_102254_r1_c0.jpg,448,cam2_20260426_102257.jpg,crops/cam2_20260426_102257_r1_c0.jpg,445,26.2,,43,100,0,0,0,0,0,0.0,0.0,146.0,0.0,2.4,2.4,0.0,0.0,,2026-04-26 16:22:57
germ-germinadorap-de5832|LOT-20260425-651F-001|r1_c0|rep0,LOT-20260425-651F-001:A2:R0,germ-germinadorap-de5832,LOT-20260425-651F-001,A2,1,0,0,Rabano,Bola,c1,no_emergio,,,,2026-04-26 16:37:55,2026-04-25 23:34:37,17.05,1,cg_1777221473504_2,455,cam2_20260426_103754.jpg,crops/cam2_20260426_103754_r1_c0.jpg,456,cam2_20260426_103757.jpg,crops/cam2_20260426_103757_r1_c0.jpg,453,26.2,,43,100,0,0,0,0,0,0.0,0.0,160.0,0.0,2.7,2.7,0.0,0.0,,2026-04-26 16:37:57
germ-germinadorap-de5832|LOT-20260425-651F-001|r1_c0|rep0,LOT-20260425-651F-001:A2:R0,germ-germinadorap-de5832,LOT-20260425-651F-001,A2,1,0,0,Rabano,Bola,c1,no_emergio,,,,2026-04-26 16:53:15,2026-04-25 23:34:37,17.31,1,cg_1777222393252_2,463,cam2_20260426_105314.jpg,crops/cam2_20260426_105314_r1_c0.jpg,464,cam2_20260426_105317.jpg,crops/cam2_20260426_105317_r1_c0.jpg,461,26.2,,43,100,0,0,0,0,0,0.0,0.0,176.0,0.0,2.9,2.9,0.0,0.0,,2026-04-26 16:53:18
germ-germinadorap-de5832|LOT-20260425-651F-001|r1_c0|rep0,LOT-20260425-651F-001:A2:R0,germ-germinadorap-de5832,LOT-20260425-651F-001,A2,1,0,0,Rabano,Bola,c1,no_emergio,,,,2026-04-26 17:08:19,2026-04-25 23:34:37,17.56,1,cg_1777223296772_2,469,cam2_20260426_110818.jpg,crops/cam2_20260426_110818_r1_c0.jpg,470,cam2_20260426_110821.jpg,crops/cam2_20260426_110821_r1_c0.jpg,469,26.2,,43,100,0,0,0,0,0,0.0,0.0,191.0,0.0,3.2,3.2,0.0,0.0,,2026-04-26 17:08:22
germ-germinadorap-de5832|LOT-20260425-651F-001|r1_c0|rep0,LOT-20260425-651F-001:A2:R0,germ-germinadorap-de5832,LOT-20260425-651F-001,A2,1,0,0,Rabano,Bola,c1,no_emergio,,,,2026-04-26 17:23:19,2026-04-25 23:34:37,17.81,1,cg_1777224196780_2,475,cam2_20260426_112318.jpg,crops/cam2_20260426_112318_r1_c0.jpg,476,cam2_20260426_112321.jpg,crops/cam2_20260426_112321_r1_c0.jpg,477,26.2,,43,100,0,0,0,0,0,0.0,0.0,205.0,0.0,3.4,3.4,0.0,0.0,,2026-04-26 17:23:22
germ-germinadorap-de5832|LOT-20260425-651F-001|r1_c0|rep0,LOT-20260425-651F-001:A2:R0,germ-germinadorap-de5832,LOT-20260425-651F-001,A2,1,0,0,Rabano,Bola,c1,no_emergio,,,,2026-04-26 17:38:19,2026-04-25 23:34:37,18.06,1,cg_1777225096788_2,481,cam2_20260426_113818.jpg,crops/cam2_20260426_113818_r1_c0.jpg,482,cam2_20260426_113821.jpg,crops/cam2_20260426_113821_r1_c0.jpg,485,26.2,,43,100,0,0,0,0,0,0.0,0.0,220.0,0.0,3.7,3.7,0.0,0.0,,2026-04-26 17:38:22
germ-germinadorap-de5832|LOT-20260425-651F-001|r1_c0|rep0,LOT-20260425-651F-001:A2:R0,germ-germinadorap-de5832,LOT-20260425-651F-001,A2,1,0,0,Rabano,Bola,c1,no_emergio,,,,2026-04-26 17:53:19,2026-04-25 23:34:37,18.31,1,cg_1777225996793_2,487,cam2_20260426_115318.jpg,crops/cam2_20260426_115318_r1_c0.jpg,488,cam2_20260426_115322.jpg,crops/cam2_20260426_115322_r1_c0.jpg,493,26.2,,43,100,0,0,0,0,0,0.0,0.0,235.0,0.0,3.9,3.9,0.0,0.0,,2026-04-26 17:53:24
germ-germinadorap-de5832|LOT-20260425-651F-001|r1_c0|rep0,LOT-20260425-651F-001:A2:R0,germ-germinadorap-de5832,LOT-20260425-651F-001,A2,1,0,0,Rabano,Bola,c1,no_emergio,,,,2026-04-26 18:08:19,2026-04-25 23:34:37,18.56,1,cg_1777226896803_2,493,cam2_20260426_120818.jpg,crops/cam2_20260426_120818_r1_c0.jpg,494,cam2_20260426_120822.jpg,crops/cam2_20260426_120822_r1_c0.jpg,501,26.2,,43,100,0,0,0,0,0,0.0,0.0,250.0,0.0,4.2,4.2,0.0,0.0,,2026-04-26 18:08:22
germ-germinadorap-de5832|LOT-20260425-651F-001|r1_c0|rep0,LOT-20260425-651F-001:A2:R0,germ-germinadorap-de5832,LOT-20260425-651F-001,A2,1,0,0,Rabano,Bola,c1,no_emergio,,,,2026-04-26 18:23:19,2026-04-25 23:34:37,18.81,1,cg_1777227796807_2,499,cam2_20260426_122318.jpg,crops/cam2_20260426_122318_r1_c0.jpg,500,cam2_20260426_122321.jpg,crops/cam2_20260426_122321_r1_c0.jpg,509,26.2,,43,100,0,0,0,0,0,0.0,0.0,265.0,0.0,4.4,4.4,0.0,0.0,,2026-04-26 18:23:22
germ-germinadorap-de5832|LOT-20260425-651F-001|r1_c0|rep0,LOT-20260425-651F-001:A2:R0,germ-germinadorap-de5832,LOT-20260425-651F-001,A2,1,0,0,Rabano,Bola,c1,no_emergio,,,,2026-04-26 18:38:19,2026-04-25 23:34:37,19.06,1,cg_1777228696815_2,505,cam2_20260426_123818.jpg,crops/cam2_20260426_123818_r1_c0.jpg,506,cam2_20260426_123821.jpg,crops/cam2_20260426_123821_r1_c0.jpg,517,26.2,,43,100,0,0,0,0,0,0.0,0.0,280.0,0.0,4.7,4.7,0.0,0.0,,2026-04-26 18:38:22
germ-germinadorap-de5832|LOT-20260425-651F-001|r1_c0|rep0,LOT-20260425-651F-001:A2:R0,germ-germinadorap-de5832,LOT-20260425-651F-001,A2,1,0,0,Rabano,Bola,c1,no_emergio,,,,2026-04-26 18:53:19,2026-04-25 23:34:37,19.31,1,cg_1777229596818_2,511,cam2_20260426_125318.jpg,crops/cam2_20260426_125318_r1_c0.jpg,512,cam2_20260426_125323.jpg,crops/cam2_20260426_125323_r1_c0.jpg,525,26.2,,43,100,0,0,0,0,0,0.0,0.0,295.0,0.0,4.9,4.9,0.0,0.0,,2026-04-26 18:53:24
germ-germinadorap-de5832|LOT-20260425-651F-001|r1_c0|rep0,LOT-20260425-651F-001:A2:R0,germ-germinadorap-de5832,LOT-20260425-651F-001,A2,1,0,0,Rabano,Bola,c1,no_emergio,,,,2026-04-26 19:08:19,2026-04-25 23:34:37,19.56,1,cg_1777230496824_2,517,cam2_20260426_130818.jpg,crops/cam2_20260426_130818_r1_c0.jpg,518,cam2_20260426_130821.jpg,crops/cam2_20260426_130821_r1_c0.jpg,533,26.2,,43,100,0,0,0,0,0,0.0,0.0,310.0,0.0,5.2,5.2,0.0,0.0,,2026-04-26 19:08:22
germ-germinadorap-de5832|LOT-20260425-651F-001|r1_c0|rep0,LOT-20260425-651F-001:A2:R0,germ-germinadorap-de5832,LOT-20260425-651F-001,A2,1,0,0,Rabano,Bola,c1,no_emergio,,,,2026-04-27 05:45:03,2026-04-25 23:34:37,30.17,2,cg_1777268701285_2,642,cam2_20260426_234502.jpg,crops/cam2_20260426_234502_r1_c0.jpg,644,cam2_20260426_234508.jpg,crops/cam2_20260426_234508_r1_c0.jpg,709,26.2,,43,100,0,0,0,0,0,0.0,0.0,718.0,0.0,12.0,6.0,0.0,0.0,,2026-04-27 05:45:08
germ-germinadorap-de5832|LOT-20260425-651F-001|r1_c0|rep0,LOT-20260425-651F-001:A2:R0,germ-germinadorap-de5832,LOT-20260425-651F-001,A2,1,0,0,Rabano,Bola,c1,no_emergio,,,,2026-04-27 06:00:06,2026-04-25 23:34:37,30.42,2,cg_1777269604070_2,646,cam2_20260427_000005.jpg,crops/cam2_20260427_000005_r1_c0.jpg,648,cam2_20260427_000010.jpg,crops/cam2_20260427_000010_r1_c0.jpg,717,26.2,,43,100,0,0,0,0,0,0.0,0.0,721.0,0.0,12.0,6.0,0.0,0.0,,2026-04-27 06:00:11
germ-germinadorap-de5832|LOT-20260425-651F-001|r1_c0|rep0,LOT-20260425-651F-001:A2:R0,germ-germinadorap-de5832,LOT-20260425-651F-001,A2,1,0,0,Rabano,Bola,c1,no_emergio,,,,2026-04-27 06:15:06,2026-04-25 23:34:37,30.67,2,cg_1777270504068_2,650,cam2_20260427_001505.jpg,crops/cam2_20260427_001505_r1_c0.jpg,652,cam2_20260427_001510.jpg,crops/cam2_20260427_001510_r1_c0.jpg,725,26.2,,43,100,0,0,0,0,0,0.0,0.0,722.0,0.0,12.0,6.0,0.0,0.0,,2026-04-27 06:15:10
germ-germinadorap-de5832|LOT-20260425-651F-001|r1_c0|rep0,LOT-20260425-651F-001:A2:R0,germ-germinadorap-de5832,LOT-20260425-651F-001,A2,1,0,0,Rabano,Bola,c1,no_emergio,,,,2026-04-27 06:30:06,2026-04-25 23:34:37,30.92,2,cg_1777271404070_2,654,cam2_20260427_003005.jpg,crops/cam2_20260427_003005_r1_c0.jpg,656,cam2_20260427_003008.jpg,crops/cam2_20260427_003008_r1_c0.jpg,733,26.2,,43,100,0,0,0,0,0,0.0,0.0,722.0,0.0,12.0,6.0,0.0,0.0,,2026-04-27 06:30:09
germ-germinadorap-de5832|LOT-20260425-651F-001|r1_c0|rep0,LOT-20260425-651F-001:A2:R0,germ-germinadorap-de5832,LOT-20260425-651F-001,A2,1,0,0,Rabano,Bola,c1,no_emergio,,,,2026-04-27 06:45:06,2026-04-25 23:34:37,31.17,2,cg_1777272304074_2,658,cam2_20260427_004505.jpg,crops/cam2_20260427_004505_r1_c0.jpg,660,cam2_20260427_004508.jpg,crops/cam2_20260427_004508_r1_c0.jpg,741,26.2,,43,100,0,0,0,0,0,0.0,0.0,722.0,0.0,12.0,6.0,0.0,0.0,,2026-04-27 06:45:09
germ-germinadorap-de5832|LOT-20260425-651F-001|r1_c0|rep0,LOT-20260425-651F-001:A2:R0,germ-germinadorap-de5832,LOT-20260425-651F-001,A2,1,0,0,Rabano,Bola,c1,no_emergio,,,,2026-04-27 07:00:06,2026-04-25 23:34:37,31.42,2,cg_1777273204079_2,662,cam2_20260427_010005.jpg,crops/cam2_20260427_010005_r1_c0.jpg,664,cam2_20260427_010008.jpg,crops/cam2_20260427_010008_r1_c0.jpg,749,26.2,,43,100,0,0,0,0,0,0.0,0.0,722.0,0.0,12.0,6.0,0.0,0.0,,2026-04-27 07:00:09
germ-germinadorap-de5832|LOT-20260425-651F-001|r1_c0|rep0,LOT-20260425-651F-001:A2:R0,germ-germinadorap-de5832,LOT-20260425-651F-001,A2,1,0,0,Rabano,Bola,c1,no_emergio,,,,2026-04-27 07:15:06,2026-04-25 23:34:37,31.67,2,cg_1777274104082_2,666,cam2_20260427_011505.jpg,crops/cam2_20260427_011505_r1_c0.jpg,668,cam2_20260427_011508.jpg,crops/cam2_20260427_011508_r1_c0.jpg,757,26.2,,43,100,0,0,0,0,0,0.0,0.0,722.0,0.0,12.0,6.0,0.0,0.0,,2026-04-27 07:15:09
germ-germinadorap-de5832|LOT-20260425-651F-001|r1_c0|rep0,LOT-20260425-651F-001:A2:R0,germ-germinadorap-de5832,LOT-20260425-651F-001,A2,1,0,0,Rabano,Bola,c1,no_emergio,,,,2026-04-27 07:30:06,2026-04-25 23:34:37,31.92,2,cg_1777275004083_2,670,cam2_20260427_013005.jpg,crops/cam2_20260427_013005_r1_c0.jpg,672,cam2_20260427_013008.jpg,crops/cam2_20260427_013008_r1_c0.jpg,765,26.2,,43,100,0,0,0,0,0,0.0,0.0,722.0,0.0,12.0,6.0,0.0,0.0,,2026-04-27 07:30:08
germ-germinadorap-de5832|LOT-20260425-651F-001|r1_c0|rep0,LOT-20260425-651F-001:A2:R0,germ-germinadorap-de5832,LOT-20260425-651F-001,A2,1,0,0,Rabano,Bola,c1,no_emergio,,,,2026-04-27 07:45:06,2026-04-25 23:34:37,32.17,2,cg_1777275904087_2,674,cam2_20260427_014505.jpg,crops/cam2_20260427_014505_r1_c0.jpg,676,cam2_20260427_014508.jpg,crops/cam2_20260427_014508_r1_c0.jpg,773,26.2,,43,100,0,0,0,0,0,0.0,0.0,722.0,0.0,12.0,6.0,0.0,0.0,,2026-04-27 07:45:09
germ-germinadorap-de5832|LOT-20260425-651F-001|r1_c0|rep0,LOT-20260425-651F-001:A2:R0,germ-germinadorap-de5832,LOT-20260425-651F-001,A2,1,0,0,Rabano,Bola,c1,no_emergio,,,,2026-04-27 08:00:06,2026-04-25 23:34:37,32.42,2,cg_1777276804092_2,678,cam2_20260427_020005.jpg,crops/cam2_20260427_020005_r1_c0.jpg,680,cam2_20260427_020008.jpg,crops/cam2_20260427_020008_r1_c0.jpg,781,26.2,,43,100,0,0,0,0,0,0.0,0.0,722.0,0.0,12.0,6.0,0.0,0.0,,2026-04-27 08:00:09
germ-germinadorap-de5832|LOT-20260425-651F-001|r1_c0|rep0,LOT-20260425-651F-001:A2:R0,germ-germinadorap-de5832,LOT-20260425-651F-001,A2,1,0,0,Rabano,Bola,c1,no_emergio,,,,2026-04-27 08:15:06,2026-04-25 23:34:37,32.67,2,cg_1777277704100_2,682,cam2_20260427_021505.jpg,crops/cam2_20260427_021505_r1_c0.jpg,684,cam2_20260427_021508.jpg,crops/cam2_20260427_021508_r1_c0.jpg,789,26.2,,43,100,0,0,0,0,0,0.0,0.0,722.0,0.0,12.0,6.0,0.0,0.0,,2026-04-27 08:15:09
germ-germinadorap-de5832|LOT-20260425-651F-001|r1_c0|rep0,LOT-20260425-651F-001:A2:R0,germ-germinadorap-de5832,LOT-20260425-651F-001,A2,1,0,0,Rabano,Bola,c1,no_emergio,,,,2026-04-27 08:30:06,2026-04-25 23:34:37,32.92,2,cg_1777278604107_2,686,cam2_20260427_023005.jpg,crops/cam2_20260427_023005_r1_c0.jpg,688,cam2_20260427_023008.jpg,crops/cam2_20260427_023008_r1_c0.jpg,797,26.2,,43,100,0,0,0,0,0,0.0,0.0,722.0,0.0,12.0,6.0,0.0,0.0,,2026-04-27 08:30:09
germ-germinadorap-de5832|LOT-20260425-651F-001|r1_c0|rep0,LOT-20260425-651F-001:A2:R0,germ-germinadorap-de5832,LOT-20260425-651F-001,A2,1,0,0,Rabano,Bola,c1,no_emergio,,,,2026-04-27 08:45:06,2026-04-25 23:34:37,33.17,2,cg_1777279504118_2,690,cam2_20260427_024505.jpg,crops/cam2_20260427_024505_r1_c0.jpg,692,cam2_20260427_024508.jpg,crops/cam2_20260427_024508_r1_c0.jpg,805,26.2,,43,100,0,0,0,0,0,0.0,0.0,722.0,0.0,12.0,6.0,0.0,0.0,,2026-04-27 08:45:09
germ-germinadorap-de5832|LOT-20260425-651F-001|r1_c0|rep0,LOT-20260425-651F-001:A2:R0,germ-germinadorap-de5832,LOT-20260425-651F-001,A2,1,0,0,Rabano,Bola,c1,no_emergio,,,,2026-04-27 09:00:06,2026-04-25 23:34:37,33.42,2,cg_1777280404128_2,694,cam2_20260427_030005.jpg,crops/cam2_20260427_030005_r1_c0.jpg,696,cam2_20260427_030008.jpg,crops/cam2_20260427_030008_r1_c0.jpg,813,26.2,,43,100,0,0,0,0,0,0.0,0.0,722.0,0.0,12.0,6.0,0.0,0.0,,2026-04-27 09:00:09
germ-germinadorap-de5832|LOT-20260425-651F-001|r1_c0|rep0,LOT-20260425-651F-001:A2:R0,germ-germinadorap-de5832,LOT-20260425-651F-001,A2,1,0,0,Rabano,Bola,c1,no_emergio,,,,2026-04-27 09:15:06,2026-04-25 23:34:37,33.67,2,cg_1777281304138_2,698,cam2_20260427_031505.jpg,crops/cam2_20260427_031505_r1_c0.jpg,700,cam2_20260427_031508.jpg,crops/cam2_20260427_031508_r1_c0.jpg,821,26.2,,43,100,0,0,0,0,0,0.0,0.0,722.0,0.0,12.0,6.0,0.0,0.0,,2026-04-27 09:15:09
germ-germinadorap-de5832|LOT-20260425-651F-001|r1_c0|rep0,LOT-20260425-651F-001:A2:R0,germ-germinadorap-de5832,LOT-20260425-651F-001,A2,1,0,0,Rabano,Bola,c1,no_emergio,,,,2026-04-27 09:30:06,2026-04-25 23:34:37,33.92,2,cg_1777282204142_2,702,cam2_20260427_033005.jpg,crops/cam2_20260427_033005_r1_c0.jpg,704,cam2_20260427_033008.jpg,crops/cam2_20260427_033008_r1_c0.jpg,829,26.2,,43,100,0,0,0,0,0,0.0,0.0,722.0,0.0,12.0,6.0,0.0,0.0,,2026-04-27 09:30:09
germ-germinadorap-de5832|LOT-20260425-651F-001|r1_c0|rep0,LOT-20260425-651F-001:A2:R0,germ-germinadorap-de5832,LOT-20260425-651F-001,A2,1,0,0,Rabano,Bola,c1,no_emergio,,,,2026-04-27 09:45:06,2026-04-25 23:34:37,34.17,2,cg_1777283104146_2,706,cam2_20260427_034505.jpg,crops/cam2_20260427_034505_r1_c0.jpg,708,cam2_20260427_034508.jpg,crops/cam2_20260427_034508_r1_c0.jpg,837,26.2,,43,100,0,0,0,0,0,0.0,0.0,722.0,0.0,12.0,6.0,0.0,0.0,,2026-04-27 09:45:09
germ-germinadorap-de5832|LOT-20260425-651F-001|r1_c0|rep0,LOT-20260425-651F-001:A2:R0,germ-germinadorap-de5832,LOT-20260425-651F-001,A2,1,0,0,Rabano,Bola,c1,no_emergio,,,,2026-04-27 10:00:06,2026-04-25 23:34:37,34.42,2,cg_1777284004157_2,710,cam2_20260427_040005.jpg,crops/cam2_20260427_040005_r1_c0.jpg,712,cam2_20260427_040008.jpg,crops/cam2_20260427_040008_r1_c0.jpg,845,26.2,,43,100,0,0,0,0,0,0.0,0.0,722.0,0.0,12.0,6.0,0.0,0.0,,2026-04-27 10:00:09
germ-germinadorap-de5832|LOT-20260425-651F-001|r1_c0|rep0,LOT-20260425-651F-001:A2:R0,germ-germinadorap-de5832,LOT-20260425-651F-001,A2,1,0,0,Rabano,Bola,c1,no_emergio,,,,2026-04-27 10:15:06,2026-04-25 23:34:37,34.67,2,cg_1777284904165_2,714,cam2_20260427_041505.jpg,crops/cam2_20260427_041505_r1_c0.jpg,716,cam2_20260427_041508.jpg,crops/cam2_20260427_041508_r1_c0.jpg,853,26.2,,43,100,0,0,0,0,0,0.0,0.0,722.0,0.0,12.0,6.0,0.0,0.0,,2026-04-27 10:15:09
germ-germinadorap-de5832|LOT-20260425-651F-001|r1_c0|rep0,LOT-20260425-651F-001:A2:R0,germ-germinadorap-de5832,LOT-20260425-651F-001,A2,1,0,0,Rabano,Bola,c1,no_emergio,,,,2026-04-27 10:30:06,2026-04-25 23:34:37,34.92,2,cg_1777285804174_2,719,cam2_20260427_043005.jpg,crops/cam2_20260427_043005_r1_c0.jpg,721,cam2_20260427_043010.jpg,crops/cam2_20260427_043010_r1_c0.jpg,865,26.2,,43,100,0,0,0,0,0,0.0,0.0,722.0,0.0,12.0,6.0,0.0,0.0,,2026-04-27 10:30:11
germ-germinadorap-de5832|LOT-20260425-651F-001|r1_c0|rep0,LOT-20260425-651F-001:A2:R0,germ-germinadorap-de5832,LOT-20260425-651F-001,A2,1,0,0,Rabano,Bola,c1,no_emergio,,,,2026-04-27 10:45:06,2026-04-25 23:34:37,35.17,2,cg_1777286704188_2,722,cam2_20260427_044505.jpg,crops/cam2_20260427_044505_r1_c0.jpg,724,cam2_20260427_044509.jpg,crops/cam2_20260427_044509_r1_c0.jpg,869,26.2,,43,100,0,0,0,0,0,0.0,0.0,722.0,0.0,12.0,6.0,0.0,0.0,,2026-04-27 10:45:10
germ-germinadorap-de5832|LOT-20260425-651F-001|r1_c0|rep0,LOT-20260425-651F-001:A2:R0,germ-germinadorap-de5832,LOT-20260425-651F-001,A2,1,0,0,Rabano,Bola,c1,no_emergio,,,,2026-04-27 11:00:06,2026-04-25 23:34:37,35.42,2,cg_1777287604196_2,726,cam2_20260427_050005.jpg,crops/cam2_20260427_050005_r1_c0.jpg,728,cam2_20260427_050008.jpg,crops/cam2_20260427_050008_r1_c0.jpg,877,26.2,,43,100,0,0,0,0,0,0.0,0.0,722.0,0.0,12.0,6.0,0.0,0.0,,2026-04-27 11:00:09
germ-germinadorap-de5832|LOT-20260425-651F-001|r1_c0|rep0,LOT-20260425-651F-001:A2:R0,germ-germinadorap-de5832,LOT-20260425-651F-001,A2,1,0,0,Rabano,Bola,c1,no_emergio,,,,2026-04-27 11:15:06,2026-04-25 23:34:37,35.67,2,cg_1777288504205_2,730,cam2_20260427_051505.jpg,crops/cam2_20260427_051505_r1_c0.jpg,732,cam2_20260427_051509.jpg,crops/cam2_20260427_051509_r1_c0.jpg,885,26.2,,43,100,0,0,0,0,0,0.0,0.0,722.0,0.0,12.0,6.0,0.0,0.0,,2026-04-27 11:15:10
germ-germinadorap-de5832|LOT-20260425-651F-001|r1_c0|rep0,LOT-20260425-651F-001:A2:R0,germ-germinadorap-de5832,LOT-20260425-651F-001,A2,1,0,0,Rabano,Bola,c1,no_emergio,,,,2026-04-27 11:30:06,2026-04-25 23:34:37,35.92,2,cg_1777289404207_2,734,cam2_20260427_053005.jpg,crops/cam2_20260427_053005_r1_c0.jpg,736,cam2_20260427_053008.jpg,crops/cam2_20260427_053008_r1_c0.jpg,893,26.2,,43,100,0,0,0,0,0,0.0,0.0,722.0,0.0,12.0,6.0,0.0,0.0,,2026-04-27 11:30:09
germ-germinadorap-de5832|LOT-20260425-651F-001|r1_c0|rep0,LOT-20260425-651F-001:A2:R0,germ-germinadorap-de5832,LOT-20260425-651F-001,A2,1,0,0,Rabano,Bola,c1,no_emergio,,,,2026-04-27 11:45:06,2026-04-25 23:34:37,36.17,2,cg_1777290304213_2,738,cam2_20260427_054505.jpg,crops/cam2_20260427_054505_r1_c0.jpg,740,cam2_20260427_054508.jpg,crops/cam2_20260427_054508_r1_c0.jpg,901,26.2,,43,100,0,0,0,0,0,0.0,0.0,722.0,0.0,12.1,6.0,0.0,0.0,,2026-04-27 11:45:09
germ-germinadorap-de5832|LOT-20260425-651F-001|r1_c0|rep0,LOT-20260425-651F-001:A2:R0,germ-germinadorap-de5832,LOT-20260425-651F-001,A2,1,0,0,Rabano,Bola,c1,no_emergio,,,,2026-04-27 12:00:06,2026-04-25 23:34:37,36.42,2,cg_1777291204227_2,742,cam2_20260427_060005.jpg,crops/cam2_20260427_060005_r1_c0.jpg,744,cam2_20260427_060008.jpg,crops/cam2_20260427_060008_r1_c0.jpg,909,26.2,,43,100,0,0,0,0,0,0.0,0.0,723.0,0.0,12.1,6.0,0.0,0.0,,2026-04-27 12:00:09
germ-germinadorap-de5832|LOT-20260425-651F-001|r1_c0|rep0,LOT-20260425-651F-001:A2:R0,germ-germinadorap-de5832,LOT-20260425-651F-001,A2,1,0,0,Rabano,Bola,c1,no_emergio,,,,2026-04-27 12:15:06,2026-04-25 23:34:37,36.67,2,cg_1777292104236_2,746,cam2_20260427_061505.jpg,crops/cam2_20260427_061505_r1_c0.jpg,748,cam2_20260427_061509.jpg,crops/cam2_20260427_061509_r1_c0.jpg,917,26.2,,43,100,0,0,0,0,0,0.0,0.0,723.0,0.0,12.1,6.0,0.0,0.0,,2026-04-27 12:15:09
germ-germinadorap-de5832|LOT-20260425-651F-001|r1_c0|rep0,LOT-20260425-651F-001:A2:R0,germ-germinadorap-de5832,LOT-20260425-651F-001,A2,1,0,0,Rabano,Bola,c1,no_emergio,,,,2026-04-27 12:30:06,2026-04-25 23:34:37,36.92,2,cg_1777293004247_2,750,cam2_20260427_063005.jpg,crops/cam2_20260427_063005_r1_c0.jpg,752,cam2_20260427_063009.jpg,crops/cam2_20260427_063009_r1_c0.jpg,925,26.2,,43,100,0,0,0,0,0,0.0,0.0,723.0,0.0,12.1,6.0,0.0,0.0,,2026-04-27 12:30:10
germ-germinadorap-de5832|LOT-20260425-651F-001|r1_c0|rep0,LOT-20260425-651F-001:A2:R0,germ-germinadorap-de5832,LOT-20260425-651F-001,A2,1,0,0,Rabano,Bola,c1,no_emergio,,,,2026-04-27 12:45:06,2026-04-25 23:34:37,37.17,2,cg_1777293904255_2,754,cam2_20260427_064505.jpg,crops/cam2_20260427_064505_r1_c0.jpg,756,cam2_20260427_064508.jpg,crops/cam2_20260427_064508_r1_c0.jpg,933,26.2,,43,100,0,0,0,0,0,0.0,0.0,723.0,0.0,12.1,6.0,0.0,0.0,,2026-04-27 12:45:09
germ-germinadorap-de5832|LOT-20260425-651F-001|r1_c0|rep0,LOT-20260425-651F-001:A2:R0,germ-germinadorap-de5832,LOT-20260425-651F-001,A2,1,0,0,Rabano,Bola,c1,no_emergio,,,,2026-04-27 13:00:06,2026-04-25 23:34:37,37.42,2,cg_1777294804263_2,758,cam2_20260427_070005.jpg,crops/cam2_20260427_070005_r1_c0.jpg,760,cam2_20260427_070008.jpg,crops/cam2_20260427_070008_r1_c0.jpg,941,26.2,,43,100,0,0,0,0,0,0.0,0.0,723.0,0.0,12.1,6.0,0.0,0.0,,2026-04-27 13:00:09
germ-germinadorap-de5832|LOT-20260425-651F-001|r1_c0|rep0,LOT-20260425-651F-001:A2:R0,germ-germinadorap-de5832,LOT-20260425-651F-001,A2,1,0,0,Rabano,Bola,c1,no_emergio,,,,2026-04-27 13:15:06,2026-04-25 23:34:37,37.67,2,cg_1777295704268_2,762,cam2_20260427_071505.jpg,crops/cam2_20260427_071505_r1_c0.jpg,764,cam2_20260427_071508.jpg,crops/cam2_20260427_071508_r1_c0.jpg,949,26.2,,43,100,0,0,0,0,0,0.0,0.0,723.0,0.0,12.1,6.0,0.0,0.0,,2026-04-27 13:15:09
germ-germinadorap-de5832|LOT-20260425-651F-001|r1_c0|rep0,LOT-20260425-651F-001:A2:R0,germ-germinadorap-de5832,LOT-20260425-651F-001,A2,1,0,0,Rabano,Bola,c1,no_emergio,,,,2026-04-27 13:30:06,2026-04-25 23:34:37,37.92,2,cg_1777296604272_2,766,cam2_20260427_073005.jpg,crops/cam2_20260427_073005_r1_c0.jpg,768,cam2_20260427_073008.jpg,crops/cam2_20260427_073008_r1_c0.jpg,957,26.2,,43,100,0,0,0,0,0,0.0,0.0,723.0,0.0,12.1,6.0,0.0,0.0,,2026-04-27 13:30:09
germ-germinadorap-de5832|LOT-20260425-651F-001|r1_c0|rep0,LOT-20260425-651F-001:A2:R0,germ-germinadorap-de5832,LOT-20260425-651F-001,A2,1,0,0,Rabano,Bola,c1,no_emergio,,,,2026-04-27 13:45:06,2026-04-25 23:34:37,38.17,2,cg_1777297504283_2,770,cam2_20260427_074505.jpg,crops/cam2_20260427_074505_r1_c0.jpg,772,cam2_20260427_074508.jpg,crops/cam2_20260427_074508_r1_c0.jpg,965,26.2,,43,100,0,0,0,0,0,0.0,0.0,723.0,0.0,12.1,6.0,0.0,0.0,,2026-04-27 13:45:09
germ-germinadorap-de5832|LOT-20260425-651F-001|r1_c0|rep0,LOT-20260425-651F-001:A2:R0,germ-germinadorap-de5832,LOT-20260425-651F-001,A2,1,0,0,Rabano,Bola,c1,no_emergio,,,,2026-04-27 14:00:06,2026-04-25 23:34:37,38.42,2,cg_1777298404293_2,774,cam2_20260427_080005.jpg,crops/cam2_20260427_080005_r1_c0.jpg,776,cam2_20260427_080008.jpg,crops/cam2_20260427_080008_r1_c0.jpg,973,26.2,,43,100,0,0,0,0,0,0.0,0.0,723.0,0.0,12.1,6.0,0.0,0.0,,2026-04-27 14:00:09
germ-germinadorap-de5832|LOT-20260425-651F-001|r1_c0|rep0,LOT-20260425-651F-001:A2:R0,germ-germinadorap-de5832,LOT-20260425-651F-001,A2,1,0,0,Rabano,Bola,c1,no_emergio,,,,2026-04-27 14:15:06,2026-04-25 23:34:37,38.67,2,cg_1777299304330_2,778,cam2_20260427_081506.jpg,crops/cam2_20260427_081506_r1_c0.jpg,780,cam2_20260427_081508.jpg,crops/cam2_20260427_081508_r1_c0.jpg,981,26.2,,43,100,0,0,0,0,0,0.0,0.0,738.0,0.0,12.3,6.2,0.0,0.0,,2026-04-27 14:15:09
germ-germinadorap-de5832|LOT-20260425-651F-001|r1_c0|rep0,LOT-20260425-651F-001:A2:R0,germ-germinadorap-de5832,LOT-20260425-651F-001,A2,1,0,0,Rabano,Bola,c1,no_emergio,,,,2026-04-27 14:30:06,2026-04-25 23:34:37,38.92,2,cg_1777300204311_2,782,cam2_20260427_083005.jpg,crops/cam2_20260427_083005_r1_c0.jpg,784,cam2_20260427_083008.jpg,crops/cam2_20260427_083008_r1_c0.jpg,989,26.2,,43,100,0,0,0,0,0,0.0,0.0,753.0,0.0,12.6,6.3,0.0,0.0,,2026-04-27 14:30:08
germ-germinadorap-de5832|LOT-20260425-651F-001|r1_c0|rep0,LOT-20260425-651F-001:A2:R0,germ-germinadorap-de5832,LOT-20260425-651F-001,A2,1,0,0,Rabano,Bola,c1,no_emergio,,,,2026-04-27 14:45:06,2026-04-25 23:34:37,39.17,2,cg_1777301104321_2,786,cam2_20260427_084505.jpg,crops/cam2_20260427_084505_r1_c0.jpg,788,cam2_20260427_084508.jpg,crops/cam2_20260427_084508_r1_c0.jpg,997,26.2,,43,100,0,0,0,0,0,0.0,0.0,768.0,0.0,12.8,6.4,0.0,0.0,,2026-04-27 14:45:08
germ-germinadorap-de5832|LOT-20260425-651F-001|r1_c0|rep0,LOT-20260425-651F-001:A2:R0,germ-germinadorap-de5832,LOT-20260425-651F-001,A2,1,0,0,Rabano,Bola,c1,no_emergio,,,,2026-04-27 15:00:06,2026-04-25 23:34:37,39.42,2,cg_1777302004330_2,790,cam2_20260427_090005.jpg,crops/cam2_20260427_090005_r1_c0.jpg,792,cam2_20260427_090008.jpg,crops/cam2_20260427_090008_r1_c0.jpg,1005,26.2,,43,100,0,0,0,0,0,0.0,0.0,783.0,0.0,13.1,6.5,0.0,0.0,,2026-04-27 15:00:09
germ-germinadorap-de5832|LOT-20260425-651F-001|r1_c0|rep0,LOT-20260425-651F-001:A2:R0,germ-germinadorap-de5832,LOT-20260425-651F-001,A2,1,0,0,Rabano,Bola,c1,no_emergio,,,,2026-04-27 15:15:06,2026-04-25 23:34:37,39.67,2,cg_1777302904336_2,794,cam2_20260427_091505.jpg,crops/cam2_20260427_091505_r1_c0.jpg,796,cam2_20260427_091509.jpg,crops/cam2_20260427_091509_r1_c0.jpg,1013,26.2,,43,100,0,0,0,0,0,0.0,0.0,797.0,0.0,13.3,6.7,0.0,0.0,,2026-04-27 15:15:10
germ-germinadorap-de5832|LOT-20260425-651F-001|r1_c0|rep0,LOT-20260425-651F-001:A2:R0,germ-germinadorap-de5832,LOT-20260425-651F-001,A2,1,0,0,Rabano,Bola,c1,no_emergio,,,,2026-04-27 15:30:06,2026-04-25 23:34:37,39.92,2,cg_1777303804337_2,798,cam2_20260427_093005.jpg,crops/cam2_20260427_093005_r1_c0.jpg,800,cam2_20260427_093009.jpg,crops/cam2_20260427_093009_r1_c0.jpg,1021,26.2,,43,100,0,0,0,0,0,0.0,0.0,812.0,0.0,13.5,6.8,0.0,0.0,,2026-04-27 15:30:10
germ-germinadorap-de5832|LOT-20260425-651F-001|r1_c0|rep0,LOT-20260425-651F-001:A2:R0,germ-germinadorap-de5832,LOT-20260425-651F-001,A2,1,0,0,Rabano,Bola,c1,no_emergio,,,,2026-04-27 15:45:06,2026-04-25 23:34:37,40.17,2,cg_1777304704347_2,802,cam2_20260427_094505.jpg,crops/cam2_20260427_094505_r1_c0.jpg,804,cam2_20260427_094508.jpg,crops/cam2_20260427_094508_r1_c0.jpg,1029,26.2,,43,100,0,0,0,0,0,0.0,0.0,827.0,0.0,13.8,6.9,0.0,0.0,,2026-04-27 15:45:08
germ-germinadorap-de5832|LOT-20260425-651F-001|r1_c0|rep0,LOT-20260425-651F-001:A2:R0,germ-germinadorap-de5832,LOT-20260425-651F-001,A2,1,0,0,Rabano,Bola,c1,no_emergio,,,,2026-04-27 16:00:06,2026-04-25 23:34:37,40.42,2,cg_1777305604356_2,806,cam2_20260427_100005.jpg,crops/cam2_20260427_100005_r1_c0.jpg,808,cam2_20260427_100008.jpg,crops/cam2_20260427_100008_r1_c0.jpg,1037,26.2,,43,100,0,0,0,0,0,0.0,0.0,842.0,0.0,14.0,7.0,0.0,0.0,,2026-04-27 16:00:08
germ-germinadorap-de5832|LOT-20260425-651F-001|r1_c0|rep0,LOT-20260425-651F-001:A2:R0,germ-germinadorap-de5832,LOT-20260425-651F-001,A2,1,0,0,Rabano,Bola,c1,no_emergio,,,,2026-04-27 16:15:06,2026-04-25 23:34:37,40.67,2,cg_1777306504373_2,810,cam2_20260427_101505.jpg,crops/cam2_20260427_101505_r1_c0.jpg,812,cam2_20260427_101508.jpg,crops/cam2_20260427_101508_r1_c0.jpg,1045,26.2,,43,100,0,0,0,0,0,0.0,0.0,857.0,0.0,14.3,7.1,0.0,0.0,,2026-04-27 16:15:08
germ-germinadorap-de5832|LOT-20260425-651F-001|r1_c0|rep0,LOT-20260425-651F-001:A2:R0,germ-germinadorap-de5832,LOT-20260425-651F-001,A2,1,0,0,Rabano,Bola,c1,no_emergio,,,,2026-04-27 16:30:06,2026-04-25 23:34:37,40.92,2,cg_1777307404379_2,814,cam2_20260427_103005.jpg,crops/cam2_20260427_103005_r1_c0.jpg,816,cam2_20260427_103008.jpg,crops/cam2_20260427_103008_r1_c0.jpg,1053,26.2,,43,100,0,0,0,0,0,0.0,0.0,872.0,0.0,14.5,7.3,0.0,0.0,,2026-04-27 16:30:08
germ-germinadorap-de5832|LOT-20260425-651F-001|r1_c0|rep0,LOT-20260425-651F-001:A2:R0,germ-germinadorap-de5832,LOT-20260425-651F-001,A2,1,0,0,Rabano,Bola,c1,no_emergio,,,,2026-04-27 16:45:06,2026-04-25 23:34:37,41.17,2,cg_1777308304391_2,818,cam2_20260427_104505.jpg,crops/cam2_20260427_104505_r1_c0.jpg,820,cam2_20260427_104508.jpg,crops/cam2_20260427_104508_r1_c0.jpg,1061,26.2,,43,100,0,0,0,0,0,0.0,0.0,887.0,0.0,14.8,7.4,0.0,0.0,,2026-04-27 16:45:08
germ-germinadorap-de5832|LOT-20260425-651F-001|r0_c1|rep0,LOT-20260425-651F-001:B1:R0,germ-germinadorap-de5832,LOT-20260425-651F-001,B1,0,1,0,Rabano,Bola,c4,desarrollo_normal,2026-05-01 13:25:26,2260,manual,2026-04-25 23:35:28,2026-04-25 23:34:37,0.01,1,cg_1777160126808_2,1,cam2_20260425_173528.jpg,crops/cam2_20260425_173528_r0_c1.jpg,2,cam2_20260425_173531.jpg,crops/cam2_20260425_173531_r0_c1.jpg,1,25.8,,36,0,0,0,1,0,1,0.0,15.0,0.0,0.0,0.0,0.0,0.0,0.0,,2026-04-25 23:35:31
germ-germinadorap-de5832|LOT-20260425-651F-001|r0_c1|rep0,LOT-20260425-651F-001:B1:R0,germ-germinadorap-de5832,LOT-20260425-651F-001,B1,0,1,0,Rabano,Bola,c4,desarrollo_normal,2026-05-01 13:25:26,2260,manual,2026-04-26 02:37:56,2026-04-25 23:34:37,3.06,1,cg_1777171073113_2,5,cam2_20260425_203755.jpg,crops/cam2_20260425_203755_r0_c1.jpg,6,cam2_20260425_203758.jpg,crops/cam2_20260425_203758_r0_c1.jpg,5,26.2,,43,100,0,0,0,0,0,0.0,0.0,0.0,0.0,0.0,0.0,0.0,0.0,,2026-04-26 02:37:59
germ-germinadorap-de5832|LOT-20260425-651F-001|r0_c1|rep0,LOT-20260425-651F-001:B1:R0,germ-germinadorap-de5832,LOT-20260425-651F-001,B1,0,1,0,Rabano,Bola,c4,desarrollo_normal,2026-05-01 13:25:26,2260,manual,2026-04-26 02:52:54,2026-04-25 23:34:37,3.30,1,cg_1777171973115_2,15,cam2_20260425_205254.jpg,crops/cam2_20260425_205254_r0_c1.jpg,16,cam2_20260425_205256.jpg,crops/cam2_20260425_205256_r0_c1.jpg,13,26.2,,43,100,0,0,0,0,0,0.0,0.0,0.0,0.0,0.0,0.0,0.0,0.0,,2026-04-26 02:52:57
germ-germinadorap-de5832|LOT-20260425-651F-001|r0_c1|rep0,LOT-20260425-651F-001:B1:R0,germ-germinadorap-de5832,LOT-20260425-651F-001,B1,0,1,0,Rabano,Bola,c4,desarrollo_normal,2026-05-01 13:25:26,2260,manual,2026-04-26 08:07:55,2026-04-25 23:34:37,8.55,1,cg_1777190873243_2,183,cam2_20260426_020754.jpg,crops/cam2_20260426_020754_r0_c1.jpg,184,cam2_20260426_020757.jpg,crops/cam2_20260426_020757_r0_c1.jpg,181,26.2,,43,100,0,0,0,0,0,0.0,0.0,2.0,0.0,0.0,0.0,0.0,0.0,,2026-04-26 08:07:57
germ-germinadorap-de5832|LOT-20260425-651F-001|r0_c1|rep0,LOT-20260425-651F-001:B1:R0,germ-germinadorap-de5832,LOT-20260425-651F-001,B1,0,1,0,Rabano,Bola,c4,desarrollo_normal,2026-05-01 13:25:26,2260,manual,2026-04-26 08:22:55,2026-04-25 23:34:37,8.80,1,cg_1777191773248_2,191,cam2_20260426_022254.jpg,crops/cam2_20260426_022254_r0_c1.jpg,192,cam2_20260426_022257.jpg,crops/cam2_20260426_022257_r0_c1.jpg,189,26.2,,43,100,0,0,0,0,0,0.0,0.0,2.0,0.0,0.0,0.0,0.0,0.0,,2026-04-26 08:22:57
germ-germinadorap-de5832|LOT-20260425-651F-001|r0_c1|rep0,LOT-20260425-651F-001:B1:R0,germ-germinadorap-de5832,LOT-20260425-651F-001,B1,0,1,0,Rabano,Bola,c4,desarrollo_normal,2026-05-01 13:25:26,2260,manual,2026-04-26 08:37:54,2026-04-25 23:34:37,9.05,1,cg_1777192673252_2,199,cam2_20260426_023754.jpg,crops/cam2_20260426_023754_r0_c1.jpg,200,cam2_20260426_023757.jpg,crops/cam2_20260426_023757_r0_c1.jpg,197,26.2,,43,100,0,0,0,0,0,0.0,0.0,2.0,0.0,0.0,0.0,0.0,0.0,,2026-04-26 08:37:57
germ-germinadorap-de5832|LOT-20260425-651F-001|r0_c1|rep0,LOT-20260425-651F-001:B1:R0,germ-germinadorap-de5832,LOT-20260425-651F-001,B1,0,1,0,Rabano,Bola,c4,desarrollo_normal,2026-05-01 13:25:26,2260,manual,2026-04-26 08:52:54,2026-04-25 23:34:37,9.30,1,cg_1777193573257_2,207,cam2_20260426_025254.jpg,crops/cam2_20260426_025254_r0_c1.jpg,208,cam2_20260426_025256.jpg,crops/cam2_20260426_025256_r0_c1.jpg,205,26.2,,43,100,0,0,0,0,0,0.0,0.0,2.0,0.0,0.0,0.0,0.0,0.0,,2026-04-26 08:52:57
germ-germinadorap-de5832|LOT-20260425-651F-001|r0_c1|rep0,LOT-20260425-651F-001:B1:R0,germ-germinadorap-de5832,LOT-20260425-651F-001,B1,0,1,0,Rabano,Bola,c4,desarrollo_normal,2026-05-01 13:25:26,2260,manual,2026-04-26 09:07:54,2026-04-25 23:34:37,9.55,1,cg_1777194473265_2,215,cam2_20260426_030754.jpg,crops/cam2_20260426_030754_r0_c1.jpg,216,cam2_20260426_030756.jpg,crops/cam2_20260426_030756_r0_c1.jpg,213,26.2,,43,100,0,0,0,0,0,0.0,0.0,2.0,0.0,0.0,0.0,0.0,0.0,,2026-04-26 09:07:57
germ-germinadorap-de5832|LOT-20260425-651F-001|r0_c1|rep0,LOT-20260425-651F-001:B1:R0,germ-germinadorap-de5832,LOT-20260425-651F-001,B1,0,1,0,Rabano,Bola,c4,desarrollo_normal,2026-05-01 13:25:26,2260,manual,2026-04-26 09:22:55,2026-04-25 23:34:37,9.80,1,cg_1777195373278_2,223,cam2_20260426_032254.jpg,crops/cam2_20260426_032254_r0_c1.jpg,224,cam2_20260426_032257.jpg,crops/cam2_20260426_032257_r0_c1.jpg,221,26.2,,43,100,0,0,0,0,0,0.0,0.0,2.0,0.0,0.0,0.0,0.0,0.0,,2026-04-26 09:22:57
germ-germinadorap-de5832|LOT-20260425-651F-001|r0_c1|rep0,LOT-20260425-651F-001:B1:R0,germ-germinadorap-de5832,LOT-20260425-651F-001,B1,0,1,0,Rabano,Bola,c4,desarrollo_normal,2026-05-01 13:25:26,2260,manual,2026-04-26 09:37:55,2026-04-25 23:34:37,10.05,1,cg_1777196273288_2,231,cam2_20260426_033754.jpg,crops/cam2_20260426_033754_r0_c1.jpg,232,cam2_20260426_033757.jpg,crops/cam2_20260426_033757_r0_c1.jpg,229,26.2,,43,100,0,0,0,0,0,0.0,0.0,2.0,0.0,0.0,0.0,0.0,0.0,,2026-04-26 09:37:57
germ-germinadorap-de5832|LOT-20260425-651F-001|r0_c1|rep0,LOT-20260425-651F-001:B1:R0,germ-germinadorap-de5832,LOT-20260425-651F-001,B1,0,1,0,Rabano,Bola,c4,desarrollo_normal,2026-05-01 13:25:26,2260,manual,2026-04-26 09:52:55,2026-04-25 23:34:37,10.30,1,cg_1777197173301_2,239,cam2_20260426_035254.jpg,crops/cam2_20260426_035254_r0_c1.jpg,240,cam2_20260426_035257.jpg,crops/cam2_20260426_035257_r0_c1.jpg,237,26.2,,43,100,0,0,0,0,0,0.0,0.0,2.0,0.0,0.0,0.0,0.0,0.0,,2026-04-26 09:52:57
germ-germinadorap-de5832|LOT-20260425-651F-001|r0_c1|rep0,LOT-20260425-651F-001:B1:R0,germ-germinadorap-de5832,LOT-20260425-651F-001,B1,0,1,0,Rabano,Bola,c4,desarrollo_normal,2026-05-01 13:25:26,2260,manual,2026-04-26 10:07:55,2026-04-25 23:34:37,10.55,1,cg_1777198073307_2,247,cam2_20260426_040754.jpg,crops/cam2_20260426_040754_r0_c1.jpg,248,cam2_20260426_040757.jpg,crops/cam2_20260426_040757_r0_c1.jpg,245,26.2,,43,100,0,0,0,0,0,0.0,0.0,3.0,0.0,0.1,0.1,0.0,0.0,,2026-04-26 10:07:57
germ-germinadorap-de5832|LOT-20260425-651F-001|r0_c1|rep0,LOT-20260425-651F-001:B1:R0,germ-germinadorap-de5832,LOT-20260425-651F-001,B1,0,1,0,Rabano,Bola,c4,desarrollo_normal,2026-05-01 13:25:26,2260,manual,2026-04-26 10:22:55,2026-04-25 23:34:37,10.80,1,cg_1777198973312_2,255,cam2_20260426_042254.jpg,crops/cam2_20260426_042254_r0_c1.jpg,256,cam2_20260426_042257.jpg,crops/cam2_20260426_042257_r0_c1.jpg,253,26.2,,43,100,0,0,0,0,0,0.0,0.0,3.0,0.0,0.1,0.1,0.0,0.0,,2026-04-26 10:22:57
germ-germinadorap-de5832|LOT-20260425-651F-001|r0_c1|rep0,LOT-20260425-651F-001:B1:R0,germ-germinadorap-de5832,LOT-20260425-651F-001,B1,0,1,0,Rabano,Bola,c4,desarrollo_normal,2026-05-01 13:25:26,2260,manual,2026-04-26 10:37:55,2026-04-25 23:34:37,11.05,1,cg_1777199873314_2,263,cam2_20260426_043754.jpg,crops/cam2_20260426_043754_r0_c1.jpg,264,cam2_20260426_043757.jpg,crops/cam2_20260426_043757_r0_c1.jpg,261,26.2,,43,100,0,0,0,0,0,0.0,0.0,3.0,0.0,0.1,0.1,0.0,0.0,,2026-04-26 10:37:57
germ-germinadorap-de5832|LOT-20260425-651F-001|r0_c1|rep0,LOT-20260425-651F-001:B1:R0,germ-germinadorap-de5832,LOT-20260425-651F-001,B1,0,1,0,Rabano,Bola,c4,desarrollo_normal,2026-05-01 13:25:26,2260,manual,2026-04-26 10:52:55,2026-04-25 23:34:37,11.30,1,cg_1777200773321_2,271,cam2_20260426_045254.jpg,crops/cam2_20260426_045254_r0_c1.jpg,272,cam2_20260426_045257.jpg,crops/cam2_20260426_045257_r0_c1.jpg,269,26.2,,43,100,0,0,0,0,0,0.0,0.0,3.0,0.0,0.1,0.1,0.0,0.0,,2026-04-26 10:52:57
germ-germinadorap-de5832|LOT-20260425-651F-001|r0_c1|rep0,LOT-20260425-651F-001:B1:R0,germ-germinadorap-de5832,LOT-20260425-651F-001,B1,0,1,0,Rabano,Bola,c4,desarrollo_normal,2026-05-01 13:25:26,2260,manual,2026-04-26 11:07:55,2026-04-25 23:34:37,11.55,1,cg_1777201673335_2,279,cam2_20260426_050754.jpg,crops/cam2_20260426_050754_r0_c1.jpg,280,cam2_20260426_050757.jpg,crops/cam2_20260426_050757_r0_c1.jpg,277,26.2,,43,100,0,0,0,0,0,0.0,0.0,3.0,0.0,0.1,0.1,0.0,0.0,,2026-04-26 11:07:57
germ-germinadorap-de5832|LOT-20260425-651F-001|r0_c1|rep0,LOT-20260425-651F-001:B1:R0,germ-germinadorap-de5832,LOT-20260425-651F-001,B1,0,1,0,Rabano,Bola,c4,desarrollo_normal,2026-05-01 13:25:26,2260,manual,2026-04-26 11:22:55,2026-04-25 23:34:37,11.80,1,cg_1777202573347_2,287,cam2_20260426_052254.jpg,crops/cam2_20260426_052254_r0_c1.jpg,288,cam2_20260426_052257.jpg,crops/cam2_20260426_052257_r0_c1.jpg,285,26.2,,43,100,0,0,0,0,0,0.0,0.0,3.0,0.0,0.1,0.1,0.0,0.0,,2026-04-26 11:22:59
germ-germinadorap-de5832|LOT-20260425-651F-001|r0_c1|rep0,LOT-20260425-651F-001:B1:R0,germ-germinadorap-de5832,LOT-20260425-651F-001,B1,0,1,0,Rabano,Bola,c4,desarrollo_normal,2026-05-01 13:25:26,2260,manual,2026-04-26 11:37:55,2026-04-25 23:34:37,12.05,1,cg_1777203473354_2,295,cam2_20260426_053754.jpg,crops/cam2_20260426_053754_r0_c1.jpg,296,cam2_20260426_053757.jpg,crops/cam2_20260426_053757_r0_c1.jpg,293,26.2,,43,100,0,0,0,0,0,0.0,0.0,3.0,0.0,0.1,0.1,0.0,0.0,,2026-04-26 11:37:57
germ-germinadorap-de5832|LOT-20260425-651F-001|r0_c1|rep0,LOT-20260425-651F-001:B1:R0,germ-germinadorap-de5832,LOT-20260425-651F-001,B1,0,1,0,Rabano,Bola,c4,desarrollo_normal,2026-05-01 13:25:26,2260,manual,2026-04-26 11:52:55,2026-04-25 23:34:37,12.30,1,cg_1777204373361_2,303,cam2_20260426_055254.jpg,crops/cam2_20260426_055254_r0_c1.jpg,304,cam2_20260426_055257.jpg,crops/cam2_20260426_055257_r0_c1.jpg,301,26.2,,43,100,0,0,0,0,0,0.0,0.0,3.0,0.0,0.1,0.1,0.0,0.0,,2026-04-26 11:52:57
germ-germinadorap-de5832|LOT-20260425-651F-001|r0_c1|rep0,LOT-20260425-651F-001:B1:R0,germ-germinadorap-de5832,LOT-20260425-651F-001,B1,0,1,0,Rabano,Bola,c4,desarrollo_normal,2026-05-01 13:25:26,2260,manual,2026-04-26 12:07:55,2026-04-25 23:34:37,12.55,1,cg_1777205273371_2,311,cam2_20260426_060754.jpg,crops/cam2_20260426_060754_r0_c1.jpg,312,cam2_20260426_060757.jpg,crops/cam2_20260426_060757_r0_c1.jpg,309,26.2,,43,100,0,0,0,0,0,0.0,0.0,4.0,0.0,0.1,0.1,0.0,0.0,,2026-04-26 12:07:57
germ-germinadorap-de5832|LOT-20260425-651F-001|r0_c1|rep0,LOT-20260425-651F-001:B1:R0,germ-germinadorap-de5832,LOT-20260425-651F-001,B1,0,1,0,Rabano,Bola,c4,desarrollo_normal,2026-05-01 13:25:26,2260,manual,2026-04-26 12:22:55,2026-04-25 23:34:37,12.80,1,cg_1777206173378_2,319,cam2_20260426_062254.jpg,crops/cam2_20260426_062254_r0_c1.jpg,320,cam2_20260426_062257.jpg,crops/cam2_20260426_062257_r0_c1.jpg,317,26.2,,43,100,0,0,0,0,0,0.0,0.0,4.0,0.0,0.1,0.1,0.0,0.0,,2026-04-26 12:22:57
germ-germinadorap-de5832|LOT-20260425-651F-001|r0_c1|rep0,LOT-20260425-651F-001:B1:R0,germ-germinadorap-de5832,LOT-20260425-651F-001,B1,0,1,0,Rabano,Bola,c4,desarrollo_normal,2026-05-01 13:25:26,2260,manual,2026-04-26 12:37:55,2026-04-25 23:34:37,13.05,1,cg_1777207073382_2,327,cam2_20260426_063754.jpg,crops/cam2_20260426_063754_r0_c1.jpg,328,cam2_20260426_063757.jpg,crops/cam2_20260426_063757_r0_c1.jpg,325,26.2,,43,100,0,0,0,0,0,0.0,0.0,4.0,0.0,0.1,0.1,0.0,0.0,,2026-04-26 12:37:57
germ-germinadorap-de5832|LOT-20260425-651F-001|r0_c1|rep0,LOT-20260425-651F-001:B1:R0,germ-germinadorap-de5832,LOT-20260425-651F-001,B1,0,1,0,Rabano,Bola,c4,desarrollo_normal,2026-05-01 13:25:26,2260,manual,2026-04-26 12:52:55,2026-04-25 23:34:37,13.30,1,cg_1777207973387_2,335,cam2_20260426_065254.jpg,crops/cam2_20260426_065254_r0_c1.jpg,336,cam2_20260426_065257.jpg,crops/cam2_20260426_065257_r0_c1.jpg,333,26.2,,43,100,0,0,0,0,0,0.0,0.0,4.0,0.0,0.1,0.1,0.0,0.0,,2026-04-26 12:52:57
germ-germinadorap-de5832|LOT-20260425-651F-001|r0_c1|rep0,LOT-20260425-651F-001:B1:R0,germ-germinadorap-de5832,LOT-20260425-651F-001,B1,0,1,0,Rabano,Bola,c4,desarrollo_normal,2026-05-01 13:25:26,2260,manual,2026-04-26 13:07:55,2026-04-25 23:34:37,13.55,1,cg_1777208873397_2,343,cam2_20260426_070754.jpg,crops/cam2_20260426_070754_r0_c1.jpg,344,cam2_20260426_070757.jpg,crops/cam2_20260426_070757_r0_c1.jpg,341,26.2,,43,100,0,0,0,0,0,0.0,0.0,4.0,0.0,0.1,0.1,0.0,0.0,,2026-04-26 13:07:57
germ-germinadorap-de5832|LOT-20260425-651F-001|r0_c1|rep0,LOT-20260425-651F-001:B1:R0,germ-germinadorap-de5832,LOT-20260425-651F-001,B1,0,1,0,Rabano,Bola,c4,desarrollo_normal,2026-05-01 13:25:26,2260,manual,2026-04-26 13:22:55,2026-04-25 23:34:37,13.80,1,cg_1777209773410_2,351,cam2_20260426_072254.jpg,crops/cam2_20260426_072254_r0_c1.jpg,352,cam2_20260426_072257.jpg,crops/cam2_20260426_072257_r0_c1.jpg,349,26.2,,43,100,0,0,0,0,0,0.0,0.0,4.0,0.0,0.1,0.1,0.0,0.0,,2026-04-26 13:22:57
germ-germinadorap-de5832|LOT-20260425-651F-001|r0_c1|rep0,LOT-20260425-651F-001:B1:R0,germ-germinadorap-de5832,LOT-20260425-651F-001,B1,0,1,0,Rabano,Bola,c4,desarrollo_normal,2026-05-01 13:25:26,2260,manual,2026-04-26 13:37:55,2026-04-25 23:34:37,14.05,1,cg_1777210673416_2,359,cam2_20260426_073754.jpg,crops/cam2_20260426_073754_r0_c1.jpg,360,cam2_20260426_073757.jpg,crops/cam2_20260426_073757_r0_c1.jpg,357,26.2,,43,100,0,0,0,0,0,0.0,0.0,4.0,0.0,0.1,0.1,0.0,0.0,,2026-04-26 13:37:57
germ-germinadorap-de5832|LOT-20260425-651F-001|r0_c1|rep0,LOT-20260425-651F-001:B1:R0,germ-germinadorap-de5832,LOT-20260425-651F-001,B1,0,1,0,Rabano,Bola,c4,desarrollo_normal,2026-05-01 13:25:26,2260,manual,2026-04-26 13:52:55,2026-04-25 23:34:37,14.30,1,cg_1777211573423_2,367,cam2_20260426_075254.jpg,crops/cam2_20260426_075254_r0_c1.jpg,368,cam2_20260426_075257.jpg,crops/cam2_20260426_075257_r0_c1.jpg,365,26.2,,43,100,0,0,0,0,0,0.0,0.0,4.0,0.0,0.1,0.1,0.0,0.0,,2026-04-26 13:52:57
germ-germinadorap-de5832|LOT-20260425-651F-001|r0_c1|rep0,LOT-20260425-651F-001:B1:R0,germ-germinadorap-de5832,LOT-20260425-651F-001,B1,0,1,0,Rabano,Bola,c4,desarrollo_normal,2026-05-01 13:25:26,2260,manual,2026-04-26 14:07:55,2026-04-25 23:34:37,14.55,1,cg_1777212473429_2,375,cam2_20260426_080754.jpg,crops/cam2_20260426_080754_r0_c1.jpg,376,cam2_20260426_080757.jpg,crops/cam2_20260426_080757_r0_c1.jpg,373,26.2,,43,100,0,0,0,0,0,0.0,0.0,12.0,0.0,0.2,0.2,0.0,0.0,,2026-04-26 14:07:57
germ-germinadorap-de5832|LOT-20260425-651F-001|r0_c1|rep0,LOT-20260425-651F-001:B1:R0,germ-germinadorap-de5832,LOT-20260425-651F-001,B1,0,1,0,Rabano,Bola,c4,desarrollo_normal,2026-05-01 13:25:26,2260,manual,2026-04-26 14:22:55,2026-04-25 23:34:37,14.80,1,cg_1777213373436_2,383,cam2_20260426_082254.jpg,crops/cam2_20260426_082254_r0_c1.jpg,384,cam2_20260426_082257.jpg,crops/cam2_20260426_082257_r0_c1.jpg,381,26.2,,43,100,0,0,0,0,0,0.0,0.0,27.0,0.0,0.5,0.5,0.0,0.0,,2026-04-26 14:22:57
germ-germinadorap-de5832|LOT-20260425-651F-001|r0_c1|rep0,LOT-20260425-651F-001:B1:R0,germ-germinadorap-de5832,LOT-20260425-651F-001,B1,0,1,0,Rabano,Bola,c4,desarrollo_normal,2026-05-01 13:25:26,2260,manual,2026-04-26 14:37:55,2026-04-25 23:34:37,15.05,1,cg_1777214273437_2,391,cam2_20260426_083754.jpg,crops/cam2_20260426_083754_r0_c1.jpg,392,cam2_20260426_083757.jpg,crops/cam2_20260426_083757_r0_c1.jpg,389,26.2,,43,100,0,0,0,0,0,0.0,0.0,42.0,0.0,0.7,0.7,0.0,0.0,,2026-04-26 14:37:57
germ-germinadorap-de5832|LOT-20260425-651F-001|r0_c1|rep0,LOT-20260425-651F-001:B1:R0,germ-germinadorap-de5832,LOT-20260425-651F-001,B1,0,1,0,Rabano,Bola,c4,desarrollo_normal,2026-05-01 13:25:26,2260,manual,2026-04-26 14:52:55,2026-04-25 23:34:37,15.30,1,cg_1777215173442_2,399,cam2_20260426_085254.jpg,crops/cam2_20260426_085254_r0_c1.jpg,400,cam2_20260426_085257.jpg,crops/cam2_20260426_085257_r0_c1.jpg,397,26.2,,43,100,0,0,0,0,0,0.0,0.0,57.0,0.0,0.9,0.9,0.0,0.0,,2026-04-26 14:52:57
germ-germinadorap-de5832|LOT-20260425-651F-001|r0_c1|rep0,LOT-20260425-651F-001:B1:R0,germ-germinadorap-de5832,LOT-20260425-651F-001,B1,0,1,0,Rabano,Bola,c4,desarrollo_normal,2026-05-01 13:25:26,2260,manual,2026-04-26 15:07:55,2026-04-25 23:34:37,15.55,1,cg_1777216073451_2,407,cam2_20260426_090754.jpg,crops/cam2_20260426_090754_r0_c1.jpg,408,cam2_20260426_090757.jpg,crops/cam2_20260426_090757_r0_c1.jpg,405,26.2,,43,100,0,0,0,0,0,0.0,0.0,71.0,0.0,1.2,1.2,0.0,0.0,,2026-04-26 15:07:57
germ-germinadorap-de5832|LOT-20260425-651F-001|r0_c1|rep0,LOT-20260425-651F-001:B1:R0,germ-germinadorap-de5832,LOT-20260425-651F-001,B1,0,1,0,Rabano,Bola,c4,desarrollo_normal,2026-05-01 13:25:26,2260,manual,2026-04-26 15:22:55,2026-04-25 23:34:37,15.80,1,cg_1777216973463_2,415,cam2_20260426_092254.jpg,crops/cam2_20260426_092254_r0_c1.jpg,416,cam2_20260426_092257.jpg,crops/cam2_20260426_092257_r0_c1.jpg,413,26.2,,43,100,0,0,0,0,0,0.0,0.0,86.0,0.0,1.4,1.4,0.0,0.0,,2026-04-26 15:22:57
germ-germinadorap-de5832|LOT-20260425-651F-001|r0_c1|rep0,LOT-20260425-651F-001:B1:R0,germ-germinadorap-de5832,LOT-20260425-651F-001,B1,0,1,0,Rabano,Bola,c4,desarrollo_normal,2026-05-01 13:25:26,2260,manual,2026-04-26 15:37:55,2026-04-25 23:34:37,16.05,1,cg_1777217873471_2,423,cam2_20260426_093754.jpg,crops/cam2_20260426_093754_r0_c1.jpg,424,cam2_20260426_093757.jpg,crops/cam2_20260426_093757_r0_c1.jpg,421,26.2,,43,100,0,0,0,0,0,0.0,0.0,101.0,0.0,1.7,1.7,0.0,0.0,,2026-04-26 15:37:57
germ-germinadorap-de5832|LOT-20260425-651F-001|r0_c1|rep0,LOT-20260425-651F-001:B1:R0,germ-germinadorap-de5832,LOT-20260425-651F-001,B1,0,1,0,Rabano,Bola,c4,desarrollo_normal,2026-05-01 13:25:26,2260,manual,2026-04-26 15:52:55,2026-04-25 23:34:37,16.30,1,cg_1777218773482_2,431,cam2_20260426_095254.jpg,crops/cam2_20260426_095254_r0_c1.jpg,432,cam2_20260426_095257.jpg,crops/cam2_20260426_095257_r0_c1.jpg,429,26.2,,43,100,0,0,0,0,0,0.0,0.0,116.0,0.0,1.9,1.9,0.0,0.0,,2026-04-26 15:52:57
germ-germinadorap-de5832|LOT-20260425-651F-001|r0_c1|rep0,LOT-20260425-651F-001:B1:R0,germ-germinadorap-de5832,LOT-20260425-651F-001,B1,0,1,0,Rabano,Bola,c4,desarrollo_normal,2026-05-01 13:25:26,2260,manual,2026-04-26 16:07:55,2026-04-25 23:34:37,16.55,1,cg_1777219673493_2,439,cam2_20260426_100754.jpg,crops/cam2_20260426_100754_r0_c1.jpg,440,cam2_20260426_100757.jpg,crops/cam2_20260426_100757_r0_c1.jpg,437,26.2,,43,100,0,0,0,0,0,0.0,0.0,131.0,0.0,2.2,2.2,0.0,0.0,,2026-04-26 16:07:57
germ-germinadorap-de5832|LOT-20260425-651F-001|r0_c1|rep0,LOT-20260425-651F-001:B1:R0,germ-germinadorap-de5832,LOT-20260425-651F-001,B1,0,1,0,Rabano,Bola,c4,desarrollo_normal,2026-05-01 13:25:26,2260,manual,2026-04-26 16:22:55,2026-04-25 23:34:37,16.80,1,cg_1777220573499_2,447,cam2_20260426_102254.jpg,crops/cam2_20260426_102254_r0_c1.jpg,448,cam2_20260426_102257.jpg,crops/cam2_20260426_102257_r0_c1.jpg,445,26.2,,43,100,0,0,0,0,0,0.0,0.0,146.0,0.0,2.4,2.4,0.0,0.0,,2026-04-26 16:22:57
germ-germinadorap-de5832|LOT-20260425-651F-001|r0_c1|rep0,LOT-20260425-651F-001:B1:R0,germ-germinadorap-de5832,LOT-20260425-651F-001,B1,0,1,0,Rabano,Bola,c4,desarrollo_normal,2026-05-01 13:25:26,2260,manual,2026-04-26 16:37:55,2026-04-25 23:34:37,17.05,1,cg_1777221473504_2,455,cam2_20260426_103754.jpg,crops/cam2_20260426_103754_r0_c1.jpg,456,cam2_20260426_103757.jpg,crops/cam2_20260426_103757_r0_c1.jpg,453,26.2,,43,100,0,0,0,0,0,0.0,0.0,160.0,0.0,2.7,2.7,0.0,0.0,,2026-04-26 16:37:57
germ-germinadorap-de5832|LOT-20260425-651F-001|r0_c1|rep0,LOT-20260425-651F-001:B1:R0,germ-germinadorap-de5832,LOT-20260425-651F-001,B1,0,1,0,Rabano,Bola,c4,desarrollo_normal,2026-05-01 13:25:26,2260,manual,2026-04-26 16:53:15,2026-04-25 23:34:37,17.31,1,cg_1777222393252_2,463,cam2_20260426_105314.jpg,crops/cam2_20260426_105314_r0_c1.jpg,464,cam2_20260426_105317.jpg,crops/cam2_20260426_105317_r0_c1.jpg,461,26.2,,43,100,0,0,0,0,0,0.0,0.0,176.0,0.0,2.9,2.9,0.0,0.0,,2026-04-26 16:53:18
germ-germinadorap-de5832|LOT-20260425-651F-001|r0_c1|rep0,LOT-20260425-651F-001:B1:R0,germ-germinadorap-de5832,LOT-20260425-651F-001,B1,0,1,0,Rabano,Bola,c4,desarrollo_normal,2026-05-01 13:25:26,2260,manual,2026-04-26 17:08:19,2026-04-25 23:34:37,17.56,1,cg_1777223296772_2,469,cam2_20260426_110818.jpg,crops/cam2_20260426_110818_r0_c1.jpg,470,cam2_20260426_110821.jpg,crops/cam2_20260426_110821_r0_c1.jpg,469,26.2,,43,100,0,0,0,0,0,0.0,0.0,191.0,0.0,3.2,3.2,0.0,0.0,,2026-04-26 17:08:22
germ-germinadorap-de5832|LOT-20260425-651F-001|r0_c1|rep0,LOT-20260425-651F-001:B1:R0,germ-germinadorap-de5832,LOT-20260425-651F-001,B1,0,1,0,Rabano,Bola,c4,desarrollo_normal,2026-05-01 13:25:26,2260,manual,2026-04-26 17:23:19,2026-04-25 23:34:37,17.81,1,cg_1777224196780_2,475,cam2_20260426_112318.jpg,crops/cam2_20260426_112318_r0_c1.jpg,476,cam2_20260426_112321.jpg,crops/cam2_20260426_112321_r0_c1.jpg,477,26.2,,43,100,0,0,0,0,0,0.0,0.0,205.0,0.0,3.4,3.4,0.0,0.0,,2026-04-26 17:23:22
germ-germinadorap-de5832|LOT-20260425-651F-001|r0_c1|rep0,LOT-20260425-651F-001:B1:R0,germ-germinadorap-de5832,LOT-20260425-651F-001,B1,0,1,0,Rabano,Bola,c4,desarrollo_normal,2026-05-01 13:25:26,2260,manual,2026-04-26 17:38:19,2026-04-25 23:34:37,18.06,1,cg_1777225096788_2,481,cam2_20260426_113818.jpg,crops/cam2_20260426_113818_r0_c1.jpg,482,cam2_20260426_113821.jpg,crops/cam2_20260426_113821_r0_c1.jpg,485,26.2,,43,100,0,0,0,0,0,0.0,0.0,220.0,0.0,3.7,3.7,0.0,0.0,,2026-04-26 17:38:22
germ-germinadorap-de5832|LOT-20260425-651F-001|r0_c1|rep0,LOT-20260425-651F-001:B1:R0,germ-germinadorap-de5832,LOT-20260425-651F-001,B1,0,1,0,Rabano,Bola,c4,desarrollo_normal,2026-05-01 13:25:26,2260,manual,2026-04-26 17:53:19,2026-04-25 23:34:37,18.31,1,cg_1777225996793_2,487,cam2_20260426_115318.jpg,crops/cam2_20260426_115318_r0_c1.jpg,488,cam2_20260426_115322.jpg,crops/cam2_20260426_115322_r0_c1.jpg,493,26.2,,43,100,0,0,0,0,0,0.0,0.0,235.0,0.0,3.9,3.9,0.0,0.0,,2026-04-26 17:53:24
germ-germinadorap-de5832|LOT-20260425-651F-001|r0_c1|rep0,LOT-20260425-651F-001:B1:R0,germ-germinadorap-de5832,LOT-20260425-651F-001,B1,0,1,0,Rabano,Bola,c4,desarrollo_normal,2026-05-01 13:25:26,2260,manual,2026-04-26 18:08:19,2026-04-25 23:34:37,18.56,1,cg_1777226896803_2,493,cam2_20260426_120818.jpg,crops/cam2_20260426_120818_r0_c1.jpg,494,cam2_20260426_120822.jpg,crops/cam2_20260426_120822_r0_c1.jpg,501,26.2,,43,100,0,0,0,0,0,0.0,0.0,250.0,0.0,4.2,4.2,0.0,0.0,,2026-04-26 18:08:22
germ-germinadorap-de5832|LOT-20260425-651F-001|r0_c1|rep0,LOT-20260425-651F-001:B1:R0,germ-germinadorap-de5832,LOT-20260425-651F-001,B1,0,1,0,Rabano,Bola,c4,desarrollo_normal,2026-05-01 13:25:26,2260,manual,2026-04-26 18:23:19,2026-04-25 23:34:37,18.81,1,cg_1777227796807_2,499,cam2_20260426_122318.jpg,crops/cam2_20260426_122318_r0_c1.jpg,500,cam2_20260426_122321.jpg,crops/cam2_20260426_122321_r0_c1.jpg,509,26.2,,43,100,0,0,0,0,0,0.0,0.0,265.0,0.0,4.4,4.4,0.0,0.0,,2026-04-26 18:23:22
germ-germinadorap-de5832|LOT-20260425-651F-001|r0_c1|rep0,LOT-20260425-651F-001:B1:R0,germ-germinadorap-de5832,LOT-20260425-651F-001,B1,0,1,0,Rabano,Bola,c4,desarrollo_normal,2026-05-01 13:25:26,2260,manual,2026-04-26 18:38:19,2026-04-25 23:34:37,19.06,1,cg_1777228696815_2,505,cam2_20260426_123818.jpg,crops/cam2_20260426_123818_r0_c1.jpg,506,cam2_20260426_123821.jpg,crops/cam2_20260426_123821_r0_c1.jpg,517,26.2,,43,100,0,0,0,0,0,0.0,0.0,280.0,0.0,4.7,4.7,0.0,0.0,,2026-04-26 18:38:22
germ-germinadorap-de5832|LOT-20260425-651F-001|r0_c1|rep0,LOT-20260425-651F-001:B1:R0,germ-germinadorap-de5832,LOT-20260425-651F-001,B1,0,1,0,Rabano,Bola,c4,desarrollo_normal,2026-05-01 13:25:26,2260,manual,2026-04-26 18:53:19,2026-04-25 23:34:37,19.31,1,cg_1777229596818_2,511,cam2_20260426_125318.jpg,crops/cam2_20260426_125318_r0_c1.jpg,512,cam2_20260426_125323.jpg,crops/cam2_20260426_125323_r0_c1.jpg,525,26.2,,43,100,0,0,0,0,0,0.0,0.0,295.0,0.0,4.9,4.9,0.0,0.0,,2026-04-26 18:53:24
germ-germinadorap-de5832|LOT-20260425-651F-001|r0_c1|rep0,LOT-20260425-651F-001:B1:R0,germ-germinadorap-de5832,LOT-20260425-651F-001,B1,0,1,0,Rabano,Bola,c4,desarrollo_normal,2026-05-01 13:25:26,2260,manual,2026-04-26 19:08:19,2026-04-25 23:34:37,19.56,1,cg_1777230496824_2,517,cam2_20260426_130818.jpg,crops/cam2_20260426_130818_r0_c1.jpg,518,cam2_20260426_130821.jpg,crops/cam2_20260426_130821_r0_c1.jpg,533,26.2,,43,100,0,0,0,0,0,0.0,0.0,310.0,0.0,5.2,5.2,0.0,0.0,,2026-04-26 19:08:22
germ-germinadorap-de5832|LOT-20260425-651F-001|r0_c1|rep0,LOT-20260425-651F-001:B1:R0,germ-germinadorap-de5832,LOT-20260425-651F-001,B1,0,1,0,Rabano,Bola,c4,desarrollo_normal,2026-05-01 13:25:26,2260,manual,2026-04-27 05:45:03,2026-04-25 23:34:37,30.17,2,cg_1777268701285_2,642,cam2_20260426_234502.jpg,crops/cam2_20260426_234502_r0_c1.jpg,644,cam2_20260426_234508.jpg,crops/cam2_20260426_234508_r0_c1.jpg,709,26.2,,43,100,0,0,0,0,0,0.0,0.0,718.0,0.0,12.0,6.0,0.0,0.0,,2026-04-27 05:45:08
germ-germinadorap-de5832|LOT-20260425-651F-001|r0_c1|rep0,LOT-20260425-651F-001:B1:R0,germ-germinadorap-de5832,LOT-20260425-651F-001,B1,0,1,0,Rabano,Bola,c4,desarrollo_normal,2026-05-01 13:25:26,2260,manual,2026-04-27 06:00:06,2026-04-25 23:34:37,30.42,2,cg_1777269604070_2,646,cam2_20260427_000005.jpg,crops/cam2_20260427_000005_r0_c1.jpg,648,cam2_20260427_000010.jpg,crops/cam2_20260427_000010_r0_c1.jpg,717,26.2,,43,100,0,0,0,0,0,0.0,0.0,721.0,0.0,12.0,6.0,0.0,0.0,,2026-04-27 06:00:11
germ-germinadorap-de5832|LOT-20260425-651F-001|r0_c1|rep0,LOT-20260425-651F-001:B1:R0,germ-germinadorap-de5832,LOT-20260425-651F-001,B1,0,1,0,Rabano,Bola,c4,desarrollo_normal,2026-05-01 13:25:26,2260,manual,2026-04-27 06:15:06,2026-04-25 23:34:37,30.67,2,cg_1777270504068_2,650,cam2_20260427_001505.jpg,crops/cam2_20260427_001505_r0_c1.jpg,652,cam2_20260427_001510.jpg,crops/cam2_20260427_001510_r0_c1.jpg,725,26.2,,43,100,0,0,0,0,0,0.0,0.0,722.0,0.0,12.0,6.0,0.0,0.0,,2026-04-27 06:15:10
germ-germinadorap-de5832|LOT-20260425-651F-001|r0_c1|rep0,LOT-20260425-651F-001:B1:R0,germ-germinadorap-de5832,LOT-20260425-651F-001,B1,0,1,0,Rabano,Bola,c4,desarrollo_normal,2026-05-01 13:25:26,2260,manual,2026-04-27 06:30:06,2026-04-25 23:34:37,30.92,2,cg_1777271404070_2,654,cam2_20260427_003005.jpg,crops/cam2_20260427_003005_r0_c1.jpg,656,cam2_20260427_003008.jpg,crops/cam2_20260427_003008_r0_c1.jpg,733,26.2,,43,100,0,0,0,0,0,0.0,0.0,722.0,0.0,12.0,6.0,0.0,0.0,,2026-04-27 06:30:09
germ-germinadorap-de5832|LOT-20260425-651F-001|r0_c1|rep0,LOT-20260425-651F-001:B1:R0,germ-germinadorap-de5832,LOT-20260425-651F-001,B1,0,1,0,Rabano,Bola,c4,desarrollo_normal,2026-05-01 13:25:26,2260,manual,2026-04-27 06:45:06,2026-04-25 23:34:37,31.17,2,cg_1777272304074_2,658,cam2_20260427_004505.jpg,crops/cam2_20260427_004505_r0_c1.jpg,660,cam2_20260427_004508.jpg,crops/cam2_20260427_004508_r0_c1.jpg,741,26.2,,43,100,0,0,0,0,0,0.0,0.0,722.0,0.0,12.0,6.0,0.0,0.0,,2026-04-27 06:45:09
germ-germinadorap-de5832|LOT-20260425-651F-001|r0_c1|rep0,LOT-20260425-651F-001:B1:R0,germ-germinadorap-de5832,LOT-20260425-651F-001,B1,0,1,0,Rabano,Bola,c4,desarrollo_normal,2026-05-01 13:25:26,2260,manual,2026-04-27 07:00:06,2026-04-25 23:34:37,31.42,2,cg_1777273204079_2,662,cam2_20260427_010005.jpg,crops/cam2_20260427_010005_r0_c1.jpg,664,cam2_20260427_010008.jpg,crops/cam2_20260427_010008_r0_c1.jpg,749,26.2,,43,100,0,0,0,0,0,0.0,0.0,722.0,0.0,12.0,6.0,0.0,0.0,,2026-04-27 07:00:09
germ-germinadorap-de5832|LOT-20260425-651F-001|r0_c1|rep0,LOT-20260425-651F-001:B1:R0,germ-germinadorap-de5832,LOT-20260425-651F-001,B1,0,1,0,Rabano,Bola,c4,desarrollo_normal,2026-05-01 13:25:26,2260,manual,2026-04-27 07:15:06,2026-04-25 23:34:37,31.67,2,cg_1777274104082_2,666,cam2_20260427_011505.jpg,crops/cam2_20260427_011505_r0_c1.jpg,668,cam2_20260427_011508.jpg,crops/cam2_20260427_011508_r0_c1.jpg,757,26.2,,43,100,0,0,0,0,0,0.0,0.0,722.0,0.0,12.0,6.0,0.0,0.0,,2026-04-27 07:15:09
germ-germinadorap-de5832|LOT-20260425-651F-001|r0_c1|rep0,LOT-20260425-651F-001:B1:R0,germ-germinadorap-de5832,LOT-20260425-651F-001,B1,0,1,0,Rabano,Bola,c4,desarrollo_normal,2026-05-01 13:25:26,2260,manual,2026-04-27 07:30:06,2026-04-25 23:34:37,31.92,2,cg_1777275004083_2,670,cam2_20260427_013005.jpg,crops/cam2_20260427_013005_r0_c1.jpg,672,cam2_20260427_013008.jpg,crops/cam2_20260427_013008_r0_c1.jpg,765,26.2,,43,100,0,0,0,0,0,0.0,0.0,722.0,0.0,12.0,6.0,0.0,0.0,,2026-04-27 07:30:08
germ-germinadorap-de5832|LOT-20260425-651F-001|r0_c1|rep0,LOT-20260425-651F-001:B1:R0,germ-germinadorap-de5832,LOT-20260425-651F-001,B1,0,1,0,Rabano,Bola,c4,desarrollo_normal,2026-05-01 13:25:26,2260,manual,2026-04-27 07:45:06,2026-04-25 23:34:37,32.17,2,cg_1777275904087_2,674,cam2_20260427_014505.jpg,crops/cam2_20260427_014505_r0_c1.jpg,676,cam2_20260427_014508.jpg,crops/cam2_20260427_014508_r0_c1.jpg,773,26.2,,43,100,0,0,0,0,0,0.0,0.0,722.0,0.0,12.0,6.0,0.0,0.0,,2026-04-27 07:45:09
germ-germinadorap-de5832|LOT-20260425-651F-001|r0_c1|rep0,LOT-20260425-651F-001:B1:R0,germ-germinadorap-de5832,LOT-20260425-651F-001,B1,0,1,0,Rabano,Bola,c4,desarrollo_normal,2026-05-01 13:25:26,2260,manual,2026-04-27 08:00:06,2026-04-25 23:34:37,32.42,2,cg_1777276804092_2,678,cam2_20260427_020005.jpg,crops/cam2_20260427_020005_r0_c1.jpg,680,cam2_20260427_020008.jpg,crops/cam2_20260427_020008_r0_c1.jpg,781,26.2,,43,100,0,0,0,0,0,0.0,0.0,722.0,0.0,12.0,6.0,0.0,0.0,,2026-04-27 08:00:09
germ-germinadorap-de5832|LOT-20260425-651F-001|r0_c1|rep0,LOT-20260425-651F-001:B1:R0,germ-germinadorap-de5832,LOT-20260425-651F-001,B1,0,1,0,Rabano,Bola,c4,desarrollo_normal,2026-05-01 13:25:26,2260,manual,2026-04-27 08:15:06,2026-04-25 23:34:37,32.67,2,cg_1777277704100_2,682,cam2_20260427_021505.jpg,crops/cam2_20260427_021505_r0_c1.jpg,684,cam2_20260427_021508.jpg,crops/cam2_20260427_021508_r0_c1.jpg,789,26.2,,43,100,0,0,0,0,0,0.0,0.0,722.0,0.0,12.0,6.0,0.0,0.0,,2026-04-27 08:15:09
germ-germinadorap-de5832|LOT-20260425-651F-001|r0_c1|rep0,LOT-20260425-651F-001:B1:R0,germ-germinadorap-de5832,LOT-20260425-651F-001,B1,0,1,0,Rabano,Bola,c4,desarrollo_normal,2026-05-01 13:25:26,2260,manual,2026-04-27 08:30:06,2026-04-25 23:34:37,32.92,2,cg_1777278604107_2,686,cam2_20260427_023005.jpg,crops/cam2_20260427_023005_r0_c1.jpg,688,cam2_20260427_023008.jpg,crops/cam2_20260427_023008_r0_c1.jpg,797,26.2,,43,100,0,0,0,0,0,0.0,0.0,722.0,0.0,12.0,6.0,0.0,0.0,,2026-04-27 08:30:09
germ-germinadorap-de5832|LOT-20260425-651F-001|r0_c1|rep0,LOT-20260425-651F-001:B1:R0,germ-germinadorap-de5832,LOT-20260425-651F-001,B1,0,1,0,Rabano,Bola,c4,desarrollo_normal,2026-05-01 13:25:26,2260,manual,2026-04-27 08:45:06,2026-04-25 23:34:37,33.17,2,cg_1777279504118_2,690,cam2_20260427_024505.jpg,crops/cam2_20260427_024505_r0_c1.jpg,692,cam2_20260427_024508.jpg,crops/cam2_20260427_024508_r0_c1.jpg,805,26.2,,43,100,0,0,0,0,0,0.0,0.0,722.0,0.0,12.0,6.0,0.0,0.0,,2026-04-27 08:45:09
germ-germinadorap-de5832|LOT-20260425-651F-001|r0_c1|rep0,LOT-20260425-651F-001:B1:R0,germ-germinadorap-de5832,LOT-20260425-651F-001,B1,0,1,0,Rabano,Bola,c4,desarrollo_normal,2026-05-01 13:25:26,2260,manual,2026-04-27 09:00:06,2026-04-25 23:34:37,33.42,2,cg_1777280404128_2,694,cam2_20260427_030005.jpg,crops/cam2_20260427_030005_r0_c1.jpg,696,cam2_20260427_030008.jpg,crops/cam2_20260427_030008_r0_c1.jpg,813,26.2,,43,100,0,0,0,0,0,0.0,0.0,722.0,0.0,12.0,6.0,0.0,0.0,,2026-04-27 09:00:09
germ-germinadorap-de5832|LOT-20260425-651F-001|r0_c1|rep0,LOT-20260425-651F-001:B1:R0,germ-germinadorap-de5832,LOT-20260425-651F-001,B1,0,1,0,Rabano,Bola,c4,desarrollo_normal,2026-05-01 13:25:26,2260,manual,2026-04-27 09:15:06,2026-04-25 23:34:37,33.67,2,cg_1777281304138_2,698,cam2_20260427_031505.jpg,crops/cam2_20260427_031505_r0_c1.jpg,700,cam2_20260427_031508.jpg,crops/cam2_20260427_031508_r0_c1.jpg,821,26.2,,43,100,0,0,0,0,0,0.0,0.0,722.0,0.0,12.0,6.0,0.0,0.0,,2026-04-27 09:15:09
germ-germinadorap-de5832|LOT-20260425-651F-001|r0_c1|rep0,LOT-20260425-651F-001:B1:R0,germ-germinadorap-de5832,LOT-20260425-651F-001,B1,0,1,0,Rabano,Bola,c4,desarrollo_normal,2026-05-01 13:25:26,2260,manual,2026-04-27 09:30:06,2026-04-25 23:34:37,33.92,2,cg_1777282204142_2,702,cam2_20260427_033005.jpg,crops/cam2_20260427_033005_r0_c1.jpg,704,cam2_20260427_033008.jpg,crops/cam2_20260427_033008_r0_c1.jpg,829,26.2,,43,100,0,0,0,0,0,0.0,0.0,722.0,0.0,12.0,6.0,0.0,0.0,,2026-04-27 09:30:09
germ-germinadorap-de5832|LOT-20260425-651F-001|r0_c1|rep0,LOT-20260425-651F-001:B1:R0,germ-germinadorap-de5832,LOT-20260425-651F-001,B1,0,1,0,Rabano,Bola,c4,desarrollo_normal,2026-05-01 13:25:26,2260,manual,2026-04-27 09:45:06,2026-04-25 23:34:37,34.17,2,cg_1777283104146_2,706,cam2_20260427_034505.jpg,crops/cam2_20260427_034505_r0_c1.jpg,708,cam2_20260427_034508.jpg,crops/cam2_20260427_034508_r0_c1.jpg,837,26.2,,43,100,0,0,0,0,0,0.0,0.0,722.0,0.0,12.0,6.0,0.0,0.0,,2026-04-27 09:45:09
germ-germinadorap-de5832|LOT-20260425-651F-001|r0_c1|rep0,LOT-20260425-651F-001:B1:R0,germ-germinadorap-de5832,LOT-20260425-651F-001,B1,0,1,0,Rabano,Bola,c4,desarrollo_normal,2026-05-01 13:25:26,2260,manual,2026-04-27 10:00:06,2026-04-25 23:34:37,34.42,2,cg_1777284004157_2,710,cam2_20260427_040005.jpg,crops/cam2_20260427_040005_r0_c1.jpg,712,cam2_20260427_040008.jpg,crops/cam2_20260427_040008_r0_c1.jpg,845,26.2,,43,100,0,0,0,0,0,0.0,0.0,722.0,0.0,12.0,6.0,0.0,0.0,,2026-04-27 10:00:09
germ-germinadorap-de5832|LOT-20260425-651F-001|r0_c1|rep0,LOT-20260425-651F-001:B1:R0,germ-germinadorap-de5832,LOT-20260425-651F-001,B1,0,1,0,Rabano,Bola,c4,desarrollo_normal,2026-05-01 13:25:26,2260,manual,2026-04-27 10:15:06,2026-04-25 23:34:37,34.67,2,cg_1777284904165_2,714,cam2_20260427_041505.jpg,crops/cam2_20260427_041505_r0_c1.jpg,716,cam2_20260427_041508.jpg,crops/cam2_20260427_041508_r0_c1.jpg,853,26.2,,43,100,0,0,0,0,0,0.0,0.0,722.0,0.0,12.0,6.0,0.0,0.0,,2026-04-27 10:15:09
germ-germinadorap-de5832|LOT-20260425-651F-001|r0_c1|rep0,LOT-20260425-651F-001:B1:R0,germ-germinadorap-de5832,LOT-20260425-651F-001,B1,0,1,0,Rabano,Bola,c4,desarrollo_normal,2026-05-01 13:25:26,2260,manual,2026-04-27 10:30:06,2026-04-25 23:34:37,34.92,2,cg_1777285804174_2,719,cam2_20260427_043005.jpg,crops/cam2_20260427_043005_r0_c1.jpg,721,cam2_20260427_043010.jpg,crops/cam2_20260427_043010_r0_c1.jpg,865,26.2,,43,100,0,0,0,0,0,0.0,0.0,722.0,0.0,12.0,6.0,0.0,0.0,,2026-04-27 10:30:11
germ-germinadorap-de5832|LOT-20260425-651F-001|r0_c1|rep0,LOT-20260425-651F-001:B1:R0,germ-germinadorap-de5832,LOT-20260425-651F-001,B1,0,1,0,Rabano,Bola,c4,desarrollo_normal,2026-05-01 13:25:26,2260,manual,2026-04-27 10:45:06,2026-04-25 23:34:37,35.17,2,cg_1777286704188_2,722,cam2_20260427_044505.jpg,crops/cam2_20260427_044505_r0_c1.jpg,724,cam2_20260427_044509.jpg,crops/cam2_20260427_044509_r0_c1.jpg,869,26.2,,43,100,0,0,0,0,0,0.0,0.0,722.0,0.0,12.0,6.0,0.0,0.0,,2026-04-27 10:45:10
germ-germinadorap-de5832|LOT-20260425-651F-001|r0_c1|rep0,LOT-20260425-651F-001:B1:R0,germ-germinadorap-de5832,LOT-20260425-651F-001,B1,0,1,0,Rabano,Bola,c4,desarrollo_normal,2026-05-01 13:25:26,2260,manual,2026-04-27 11:00:06,2026-04-25 23:34:37,35.42,2,cg_1777287604196_2,726,cam2_20260427_050005.jpg,crops/cam2_20260427_050005_r0_c1.jpg,728,cam2_20260427_050008.jpg,crops/cam2_20260427_050008_r0_c1.jpg,877,26.2,,43,100,0,0,0,0,0,0.0,0.0,722.0,0.0,12.0,6.0,0.0,0.0,,2026-04-27 11:00:09
germ-germinadorap-de5832|LOT-20260425-651F-001|r0_c1|rep0,LOT-20260425-651F-001:B1:R0,germ-germinadorap-de5832,LOT-20260425-651F-001,B1,0,1,0,Rabano,Bola,c4,desarrollo_normal,2026-05-01 13:25:26,2260,manual,2026-04-27 11:15:06,2026-04-25 23:34:37,35.67,2,cg_1777288504205_2,730,cam2_20260427_051505.jpg,crops/cam2_20260427_051505_r0_c1.jpg,732,cam2_20260427_051509.jpg,crops/cam2_20260427_051509_r0_c1.jpg,885,26.2,,43,100,0,0,0,0,0,0.0,0.0,722.0,0.0,12.0,6.0,0.0,0.0,,2026-04-27 11:15:10
germ-germinadorap-de5832|LOT-20260425-651F-001|r0_c1|rep0,LOT-20260425-651F-001:B1:R0,germ-germinadorap-de5832,LOT-20260425-651F-001,B1,0,1,0,Rabano,Bola,c4,desarrollo_normal,2026-05-01 13:25:26,2260,manual,2026-04-27 11:30:06,2026-04-25 23:34:37,35.92,2,cg_1777289404207_2,734,cam2_20260427_053005.jpg,crops/cam2_20260427_053005_r0_c1.jpg,736,cam2_20260427_053008.jpg,crops/cam2_20260427_053008_r0_c1.jpg,893,26.2,,43,100,0,0,0,0,0,0.0,0.0,722.0,0.0,12.0,6.0,0.0,0.0,,2026-04-27 11:30:09
germ-germinadorap-de5832|LOT-20260425-651F-001|r0_c1|rep0,LOT-20260425-651F-001:B1:R0,germ-germinadorap-de5832,LOT-20260425-651F-001,B1,0,1,0,Rabano,Bola,c4,desarrollo_normal,2026-05-01 13:25:26,2260,manual,2026-04-27 11:45:06,2026-04-25 23:34:37,36.17,2,cg_1777290304213_2,738,cam2_20260427_054505.jpg,crops/cam2_20260427_054505_r0_c1.jpg,740,cam2_20260427_054508.jpg,crops/cam2_20260427_054508_r0_c1.jpg,901,26.2,,43,100,0,0,0,0,0,0.0,0.0,722.0,0.0,12.1,6.0,0.0,0.0,,2026-04-27 11:45:09
germ-germinadorap-de5832|LOT-20260425-651F-001|r0_c1|rep0,LOT-20260425-651F-001:B1:R0,germ-germinadorap-de5832,LOT-20260425-651F-001,B1,0,1,0,Rabano,Bola,c4,desarrollo_normal,2026-05-01 13:25:26,2260,manual,2026-04-27 12:00:06,2026-04-25 23:34:37,36.42,2,cg_1777291204227_2,742,cam2_20260427_060005.jpg,crops/cam2_20260427_060005_r0_c1.jpg,744,cam2_20260427_060008.jpg,crops/cam2_20260427_060008_r0_c1.jpg,909,26.2,,43,100,0,0,0,0,0,0.0,0.0,723.0,0.0,12.1,6.0,0.0,0.0,,2026-04-27 12:00:09
germ-germinadorap-de5832|LOT-20260425-651F-001|r0_c1|rep0,LOT-20260425-651F-001:B1:R0,germ-germinadorap-de5832,LOT-20260425-651F-001,B1,0,1,0,Rabano,Bola,c4,desarrollo_normal,2026-05-01 13:25:26,2260,manual,2026-04-27 12:15:06,2026-04-25 23:34:37,36.67,2,cg_1777292104236_2,746,cam2_20260427_061505.jpg,crops/cam2_20260427_061505_r0_c1.jpg,748,cam2_20260427_061509.jpg,crops/cam2_20260427_061509_r0_c1.jpg,917,26.2,,43,100,0,0,0,0,0,0.0,0.0,723.0,0.0,12.1,6.0,0.0,0.0,,2026-04-27 12:15:09
germ-germinadorap-de5832|LOT-20260425-651F-001|r0_c1|rep0,LOT-20260425-651F-001:B1:R0,germ-germinadorap-de5832,LOT-20260425-651F-001,B1,0,1,0,Rabano,Bola,c4,desarrollo_normal,2026-05-01 13:25:26,2260,manual,2026-04-27 12:30:06,2026-04-25 23:34:37,36.92,2,cg_1777293004247_2,750,cam2_20260427_063005.jpg,crops/cam2_20260427_063005_r0_c1.jpg,752,cam2_20260427_063009.jpg,crops/cam2_20260427_063009_r0_c1.jpg,925,26.2,,43,100,0,0,0,0,0,0.0,0.0,723.0,0.0,12.1,6.0,0.0,0.0,,2026-04-27 12:30:10
germ-germinadorap-de5832|LOT-20260425-651F-001|r0_c1|rep0,LOT-20260425-651F-001:B1:R0,germ-germinadorap-de5832,LOT-20260425-651F-001,B1,0,1,0,Rabano,Bola,c4,desarrollo_normal,2026-05-01 13:25:26,2260,manual,2026-04-27 12:45:06,2026-04-25 23:34:37,37.17,2,cg_1777293904255_2,754,cam2_20260427_064505.jpg,crops/cam2_20260427_064505_r0_c1.jpg,756,cam2_20260427_064508.jpg,crops/cam2_20260427_064508_r0_c1.jpg,933,26.2,,43,100,0,0,0,0,0,0.0,0.0,723.0,0.0,12.1,6.0,0.0,0.0,,2026-04-27 12:45:09
germ-germinadorap-de5832|LOT-20260425-651F-001|r0_c1|rep0,LOT-20260425-651F-001:B1:R0,germ-germinadorap-de5832,LOT-20260425-651F-001,B1,0,1,0,Rabano,Bola,c4,desarrollo_normal,2026-05-01 13:25:26,2260,manual,2026-04-27 13:00:06,2026-04-25 23:34:37,37.42,2,cg_1777294804263_2,758,cam2_20260427_070005.jpg,crops/cam2_20260427_070005_r0_c1.jpg,760,cam2_20260427_070008.jpg,crops/cam2_20260427_070008_r0_c1.jpg,941,26.2,,43,100,0,0,0,0,0,0.0,0.0,723.0,0.0,12.1,6.0,0.0,0.0,,2026-04-27 13:00:09
germ-germinadorap-de5832|LOT-20260425-651F-001|r0_c1|rep0,LOT-20260425-651F-001:B1:R0,germ-germinadorap-de5832,LOT-20260425-651F-001,B1,0,1,0,Rabano,Bola,c4,desarrollo_normal,2026-05-01 13:25:26,2260,manual,2026-04-27 13:15:06,2026-04-25 23:34:37,37.67,2,cg_1777295704268_2,762,cam2_20260427_071505.jpg,crops/cam2_20260427_071505_r0_c1.jpg,764,cam2_20260427_071508.jpg,crops/cam2_20260427_071508_r0_c1.jpg,949,26.2,,43,100,0,0,0,0,0,0.0,0.0,723.0,0.0,12.1,6.0,0.0,0.0,,2026-04-27 13:15:09
germ-germinadorap-de5832|LOT-20260425-651F-001|r0_c1|rep0,LOT-20260425-651F-001:B1:R0,germ-germinadorap-de5832,LOT-20260425-651F-001,B1,0,1,0,Rabano,Bola,c4,desarrollo_normal,2026-05-01 13:25:26,2260,manual,2026-04-27 13:30:06,2026-04-25 23:34:37,37.92,2,cg_1777296604272_2,766,cam2_20260427_073005.jpg,crops/cam2_20260427_073005_r0_c1.jpg,768,cam2_20260427_073008.jpg,crops/cam2_20260427_073008_r0_c1.jpg,957,26.2,,43,100,0,0,0,0,0,0.0,0.0,723.0,0.0,12.1,6.0,0.0,0.0,,2026-04-27 13:30:09
germ-germinadorap-de5832|LOT-20260425-651F-001|r0_c1|rep0,LOT-20260425-651F-001:B1:R0,germ-germinadorap-de5832,LOT-20260425-651F-001,B1,0,1,0,Rabano,Bola,c4,desarrollo_normal,2026-05-01 13:25:26,2260,manual,2026-04-27 13:45:06,2026-04-25 23:34:37,38.17,2,cg_1777297504283_2,770,cam2_20260427_074505.jpg,crops/cam2_20260427_074505_r0_c1.jpg,772,cam2_20260427_074508.jpg,crops/cam2_20260427_074508_r0_c1.jpg,965,26.2,,43,100,0,0,0,0,0,0.0,0.0,723.0,0.0,12.1,6.0,0.0,0.0,,2026-04-27 13:45:09
germ-germinadorap-de5832|LOT-20260425-651F-001|r0_c1|rep0,LOT-20260425-651F-001:B1:R0,germ-germinadorap-de5832,LOT-20260425-651F-001,B1,0,1,0,Rabano,Bola,c4,desarrollo_normal,2026-05-01 13:25:26,2260,manual,2026-04-27 14:00:06,2026-04-25 23:34:37,38.42,2,cg_1777298404293_2,774,cam2_20260427_080005.jpg,crops/cam2_20260427_080005_r0_c1.jpg,776,cam2_20260427_080008.jpg,crops/cam2_20260427_080008_r0_c1.jpg,973,26.2,,43,100,0,0,0,0,0,0.0,0.0,723.0,0.0,12.1,6.0,0.0,0.0,,2026-04-27 14:00:09
germ-germinadorap-de5832|LOT-20260425-651F-001|r0_c1|rep0,LOT-20260425-651F-001:B1:R0,germ-germinadorap-de5832,LOT-20260425-651F-001,B1,0,1,0,Rabano,Bola,c4,desarrollo_normal,2026-05-01 13:25:26,2260,manual,2026-04-27 14:15:06,2026-04-25 23:34:37,38.67,2,cg_1777299304330_2,778,cam2_20260427_081506.jpg,crops/cam2_20260427_081506_r0_c1.jpg,780,cam2_20260427_081508.jpg,crops/cam2_20260427_081508_r0_c1.jpg,981,26.2,,43,100,0,0,0,0,0,0.0,0.0,738.0,0.0,12.3,6.2,0.0,0.0,,2026-04-27 14:15:09
germ-germinadorap-de5832|LOT-20260425-651F-001|r0_c1|rep0,LOT-20260425-651F-001:B1:R0,germ-germinadorap-de5832,LOT-20260425-651F-001,B1,0,1,0,Rabano,Bola,c4,desarrollo_normal,2026-05-01 13:25:26,2260,manual,2026-04-27 14:30:06,2026-04-25 23:34:37,38.92,2,cg_1777300204311_2,782,cam2_20260427_083005.jpg,crops/cam2_20260427_083005_r0_c1.jpg,784,cam2_20260427_083008.jpg,crops/cam2_20260427_083008_r0_c1.jpg,989,26.2,,43,100,0,0,0,0,0,0.0,0.0,753.0,0.0,12.6,6.3,0.0,0.0,,2026-04-27 14:30:08
germ-germinadorap-de5832|LOT-20260425-651F-001|r0_c1|rep0,LOT-20260425-651F-001:B1:R0,germ-germinadorap-de5832,LOT-20260425-651F-001,B1,0,1,0,Rabano,Bola,c4,desarrollo_normal,2026-05-01 13:25:26,2260,manual,2026-04-27 14:45:06,2026-04-25 23:34:37,39.17,2,cg_1777301104321_2,786,cam2_20260427_084505.jpg,crops/cam2_20260427_084505_r0_c1.jpg,788,cam2_20260427_084508.jpg,crops/cam2_20260427_084508_r0_c1.jpg,997,26.2,,43,100,0,0,0,0,0,0.0,0.0,768.0,0.0,12.8,6.4,0.0,0.0,,2026-04-27 14:45:08
germ-germinadorap-de5832|LOT-20260425-651F-001|r0_c1|rep0,LOT-20260425-651F-001:B1:R0,germ-germinadorap-de5832,LOT-20260425-651F-001,B1,0,1,0,Rabano,Bola,c4,desarrollo_normal,2026-05-01 13:25:26,2260,manual,2026-04-27 15:00:06,2026-04-25 23:34:37,39.42,2,cg_1777302004330_2,790,cam2_20260427_090005.jpg,crops/cam2_20260427_090005_r0_c1.jpg,792,cam2_20260427_090008.jpg,crops/cam2_20260427_090008_r0_c1.jpg,1005,26.2,,43,100,0,0,0,0,0,0.0,0.0,783.0,0.0,13.1,6.5,0.0,0.0,,2026-04-27 15:00:09
germ-germinadorap-de5832|LOT-20260425-651F-001|r0_c1|rep0,LOT-20260425-651F-001:B1:R0,germ-germinadorap-de5832,LOT-20260425-651F-001,B1,0,1,0,Rabano,Bola,c4,desarrollo_normal,2026-05-01 13:25:26,2260,manual,2026-04-27 15:15:06,2026-04-25 23:34:37,39.67,2,cg_1777302904336_2,794,cam2_20260427_091505.jpg,crops/cam2_20260427_091505_r0_c1.jpg,796,cam2_20260427_091509.jpg,crops/cam2_20260427_091509_r0_c1.jpg,1013,26.2,,43,100,0,0,0,0,0,0.0,0.0,797.0,0.0,13.3,6.7,0.0,0.0,,2026-04-27 15:15:10
germ-germinadorap-de5832|LOT-20260425-651F-001|r0_c1|rep0,LOT-20260425-651F-001:B1:R0,germ-germinadorap-de5832,LOT-20260425-651F-001,B1,0,1,0,Rabano,Bola,c4,desarrollo_normal,2026-05-01 13:25:26,2260,manual,2026-04-27 15:30:06,2026-04-25 23:34:37,39.92,2,cg_1777303804337_2,798,cam2_20260427_093005.jpg,crops/cam2_20260427_093005_r0_c1.jpg,800,cam2_20260427_093009.jpg,crops/cam2_20260427_093009_r0_c1.jpg,1021,26.2,,43,100,0,0,0,0,0,0.0,0.0,812.0,0.0,13.5,6.8,0.0,0.0,,2026-04-27 15:30:10
germ-germinadorap-de5832|LOT-20260425-651F-001|r0_c1|rep0,LOT-20260425-651F-001:B1:R0,germ-germinadorap-de5832,LOT-20260425-651F-001,B1,0,1,0,Rabano,Bola,c4,desarrollo_normal,2026-05-01 13:25:26,2260,manual,2026-04-27 15:45:06,2026-04-25 23:34:37,40.17,2,cg_1777304704347_2,802,cam2_20260427_094505.jpg,crops/cam2_20260427_094505_r0_c1.jpg,804,cam2_20260427_094508.jpg,crops/cam2_20260427_094508_r0_c1.jpg,1029,26.2,,43,100,0,0,0,0,0,0.0,0.0,827.0,0.0,13.8,6.9,0.0,0.0,,2026-04-27 15:45:08
germ-germinadorap-de5832|LOT-20260425-651F-001|r0_c1|rep0,LOT-20260425-651F-001:B1:R0,germ-germinadorap-de5832,LOT-20260425-651F-001,B1,0,1,0,Rabano,Bola,c4,desarrollo_normal,2026-05-01 13:25:26,2260,manual,2026-04-27 16:00:06,2026-04-25 23:34:37,40.42,2,cg_1777305604356_2,806,cam2_20260427_100005.jpg,crops/cam2_20260427_100005_r0_c1.jpg,808,cam2_20260427_100008.jpg,crops/cam2_20260427_100008_r0_c1.jpg,1037,26.2,,43,100,0,0,0,0,0,0.0,0.0,842.0,0.0,14.0,7.0,0.0,0.0,,2026-04-27 16:00:08
germ-germinadorap-de5832|LOT-20260425-651F-001|r0_c1|rep0,LOT-20260425-651F-001:B1:R0,germ-germinadorap-de5832,LOT-20260425-651F-001,B1,0,1,0,Rabano,Bola,c4,desarrollo_normal,2026-05-01 13:25:26,2260,manual,2026-04-27 16:15:06,2026-04-25 23:34:37,40.67,2,cg_1777306504373_2,810,cam2_20260427_101505.jpg,crops/cam2_20260427_101505_r0_c1.jpg,812,cam2_20260427_101508.jpg,crops/cam2_20260427_101508_r0_c1.jpg,1045,26.2,,43,100,0,0,0,0,0,0.0,0.0,857.0,0.0,14.3,7.1,0.0,0.0,,2026-04-27 16:15:08
germ-germinadorap-de5832|LOT-20260425-651F-001|r0_c1|rep0,LOT-20260425-651F-001:B1:R0,germ-germinadorap-de5832,LOT-20260425-651F-001,B1,0,1,0,Rabano,Bola,c4,desarrollo_normal,2026-05-01 13:25:26,2260,manual,2026-04-27 16:30:06,2026-04-25 23:34:37,40.92,2,cg_1777307404379_2,814,cam2_20260427_103005.jpg,crops/cam2_20260427_103005_r0_c1.jpg,816,cam2_20260427_103008.jpg,crops/cam2_20260427_103008_r0_c1.jpg,1053,26.2,,43,100,0,0,0,0,0,0.0,0.0,872.0,0.0,14.5,7.3,0.0,0.0,,2026-04-27 16:30:08
germ-germinadorap-de5832|LOT-20260425-651F-001|r0_c1|rep0,LOT-20260425-651F-001:B1:R0,germ-germinadorap-de5832,LOT-20260425-651F-001,B1,0,1,0,Rabano,Bola,c4,desarrollo_normal,2026-05-01 13:25:26,2260,manual,2026-04-27 16:45:06,2026-04-25 23:34:37,41.17,2,cg_1777308304391_2,818,cam2_20260427_104505.jpg,crops/cam2_20260427_104505_r0_c1.jpg,820,cam2_20260427_104508.jpg,crops/cam2_20260427_104508_r0_c1.jpg,1061,26.2,,43,100,0,0,0,0,0,0.0,0.0,887.0,0.0,14.8,7.4,0.0,0.0,,2026-04-27 16:45:08
germ-germinadorap-de5832|LOT-20260425-651F-001|r1_c1|rep0,LOT-20260425-651F-001:B2:R0,germ-germinadorap-de5832,LOT-20260425-651F-001,B2,1,1,0,Rabano,Bola,c4,desarrollo_normal,2026-05-02 22:43:56,2439,manual,2026-04-25 23:35:28,2026-04-25 23:34:37,0.01,1,cg_1777160126808_2,1,cam2_20260425_173528.jpg,crops/cam2_20260425_173528_r1_c1.jpg,2,cam2_20260425_173531.jpg,crops/cam2_20260425_173531_r1_c1.jpg,1,25.8,,36,0,0,0,1,0,1,0.0,15.0,0.0,0.0,0.0,0.0,0.0,0.0,,2026-04-25 23:35:31
germ-germinadorap-de5832|LOT-20260425-651F-001|r1_c1|rep0,LOT-20260425-651F-001:B2:R0,germ-germinadorap-de5832,LOT-20260425-651F-001,B2,1,1,0,Rabano,Bola,c4,desarrollo_normal,2026-05-02 22:43:56,2439,manual,2026-04-26 02:37:56,2026-04-25 23:34:37,3.06,1,cg_1777171073113_2,5,cam2_20260425_203755.jpg,crops/cam2_20260425_203755_r1_c1.jpg,6,cam2_20260425_203758.jpg,crops/cam2_20260425_203758_r1_c1.jpg,5,26.2,,43,100,0,0,0,0,0,0.0,0.0,0.0,0.0,0.0,0.0,0.0,0.0,,2026-04-26 02:37:59
germ-germinadorap-de5832|LOT-20260425-651F-001|r1_c1|rep0,LOT-20260425-651F-001:B2:R0,germ-germinadorap-de5832,LOT-20260425-651F-001,B2,1,1,0,Rabano,Bola,c4,desarrollo_normal,2026-05-02 22:43:56,2439,manual,2026-04-26 02:52:54,2026-04-25 23:34:37,3.30,1,cg_1777171973115_2,15,cam2_20260425_205254.jpg,crops/cam2_20260425_205254_r1_c1.jpg,16,cam2_20260425_205256.jpg,crops/cam2_20260425_205256_r1_c1.jpg,13,26.2,,43,100,0,0,0,0,0,0.0,0.0,0.0,0.0,0.0,0.0,0.0,0.0,,2026-04-26 02:52:57
germ-germinadorap-de5832|LOT-20260425-651F-001|r1_c1|rep0,LOT-20260425-651F-001:B2:R0,germ-germinadorap-de5832,LOT-20260425-651F-001,B2,1,1,0,Rabano,Bola,c4,desarrollo_normal,2026-05-02 22:43:56,2439,manual,2026-04-26 08:07:55,2026-04-25 23:34:37,8.55,1,cg_1777190873243_2,183,cam2_20260426_020754.jpg,crops/cam2_20260426_020754_r1_c1.jpg,184,cam2_20260426_020757.jpg,crops/cam2_20260426_020757_r1_c1.jpg,181,26.2,,43,100,0,0,0,0,0,0.0,0.0,2.0,0.0,0.0,0.0,0.0,0.0,,2026-04-26 08:07:57
germ-germinadorap-de5832|LOT-20260425-651F-001|r1_c1|rep0,LOT-20260425-651F-001:B2:R0,germ-germinadorap-de5832,LOT-20260425-651F-001,B2,1,1,0,Rabano,Bola,c4,desarrollo_normal,2026-05-02 22:43:56,2439,manual,2026-04-26 08:22:55,2026-04-25 23:34:37,8.80,1,cg_1777191773248_2,191,cam2_20260426_022254.jpg,crops/cam2_20260426_022254_r1_c1.jpg,192,cam2_20260426_022257.jpg,crops/cam2_20260426_022257_r1_c1.jpg,189,26.2,,43,100,0,0,0,0,0,0.0,0.0,2.0,0.0,0.0,0.0,0.0,0.0,,2026-04-26 08:22:57
germ-germinadorap-de5832|LOT-20260425-651F-001|r1_c1|rep0,LOT-20260425-651F-001:B2:R0,germ-germinadorap-de5832,LOT-20260425-651F-001,B2,1,1,0,Rabano,Bola,c4,desarrollo_normal,2026-05-02 22:43:56,2439,manual,2026-04-26 08:37:54,2026-04-25 23:34:37,9.05,1,cg_1777192673252_2,199,cam2_20260426_023754.jpg,crops/cam2_20260426_023754_r1_c1.jpg,200,cam2_20260426_023757.jpg,crops/cam2_20260426_023757_r1_c1.jpg,197,26.2,,43,100,0,0,0,0,0,0.0,0.0,2.0,0.0,0.0,0.0,0.0,0.0,,2026-04-26 08:37:57
germ-germinadorap-de5832|LOT-20260425-651F-001|r1_c1|rep0,LOT-20260425-651F-001:B2:R0,germ-germinadorap-de5832,LOT-20260425-651F-001,B2,1,1,0,Rabano,Bola,c4,desarrollo_normal,2026-05-02 22:43:56,2439,manual,2026-04-26 08:52:54,2026-04-25 23:34:37,9.30,1,cg_1777193573257_2,207,cam2_20260426_025254.jpg,crops/cam2_20260426_025254_r1_c1.jpg,208,cam2_20260426_025256.jpg,crops/cam2_20260426_025256_r1_c1.jpg,205,26.2,,43,100,0,0,0,0,0,0.0,0.0,2.0,0.0,0.0,0.0,0.0,0.0,,2026-04-26 08:52:57
germ-germinadorap-de5832|LOT-20260425-651F-001|r1_c1|rep0,LOT-20260425-651F-001:B2:R0,germ-germinadorap-de5832,LOT-20260425-651F-001,B2,1,1,0,Rabano,Bola,c4,desarrollo_normal,2026-05-02 22:43:56,2439,manual,2026-04-26 09:07:54,2026-04-25 23:34:37,9.55,1,cg_1777194473265_2,215,cam2_20260426_030754.jpg,crops/cam2_20260426_030754_r1_c1.jpg,216,cam2_20260426_030756.jpg,crops/cam2_20260426_030756_r1_c1.jpg,213,26.2,,43,100,0,0,0,0,0,0.0,0.0,2.0,0.0,0.0,0.0,0.0,0.0,,2026-04-26 09:07:57
germ-germinadorap-de5832|LOT-20260425-651F-001|r1_c1|rep0,LOT-20260425-651F-001:B2:R0,germ-germinadorap-de5832,LOT-20260425-651F-001,B2,1,1,0,Rabano,Bola,c4,desarrollo_normal,2026-05-02 22:43:56,2439,manual,2026-04-26 09:22:55,2026-04-25 23:34:37,9.80,1,cg_1777195373278_2,223,cam2_20260426_032254.jpg,crops/cam2_20260426_032254_r1_c1.jpg,224,cam2_20260426_032257.jpg,crops/cam2_20260426_032257_r1_c1.jpg,221,26.2,,43,100,0,0,0,0,0,0.0,0.0,2.0,0.0,0.0,0.0,0.0,0.0,,2026-04-26 09:22:57
germ-germinadorap-de5832|LOT-20260425-651F-001|r1_c1|rep0,LOT-20260425-651F-001:B2:R0,germ-germinadorap-de5832,LOT-20260425-651F-001,B2,1,1,0,Rabano,Bola,c4,desarrollo_normal,2026-05-02 22:43:56,2439,manual,2026-04-26 09:37:55,2026-04-25 23:34:37,10.05,1,cg_1777196273288_2,231,cam2_20260426_033754.jpg,crops/cam2_20260426_033754_r1_c1.jpg,232,cam2_20260426_033757.jpg,crops/cam2_20260426_033757_r1_c1.jpg,229,26.2,,43,100,0,0,0,0,0,0.0,0.0,2.0,0.0,0.0,0.0,0.0,0.0,,2026-04-26 09:37:57
germ-germinadorap-de5832|LOT-20260425-651F-001|r1_c1|rep0,LOT-20260425-651F-001:B2:R0,germ-germinadorap-de5832,LOT-20260425-651F-001,B2,1,1,0,Rabano,Bola,c4,desarrollo_normal,2026-05-02 22:43:56,2439,manual,2026-04-26 09:52:55,2026-04-25 23:34:37,10.30,1,cg_1777197173301_2,239,cam2_20260426_035254.jpg,crops/cam2_20260426_035254_r1_c1.jpg,240,cam2_20260426_035257.jpg,crops/cam2_20260426_035257_r1_c1.jpg,237,26.2,,43,100,0,0,0,0,0,0.0,0.0,2.0,0.0,0.0,0.0,0.0,0.0,,2026-04-26 09:52:57
germ-germinadorap-de5832|LOT-20260425-651F-001|r1_c1|rep0,LOT-20260425-651F-001:B2:R0,germ-germinadorap-de5832,LOT-20260425-651F-001,B2,1,1,0,Rabano,Bola,c4,desarrollo_normal,2026-05-02 22:43:56,2439,manual,2026-04-26 10:07:55,2026-04-25 23:34:37,10.55,1,cg_1777198073307_2,247,cam2_20260426_040754.jpg,crops/cam2_20260426_040754_r1_c1.jpg,248,cam2_20260426_040757.jpg,crops/cam2_20260426_040757_r1_c1.jpg,245,26.2,,43,100,0,0,0,0,0,0.0,0.0,3.0,0.0,0.1,0.1,0.0,0.0,,2026-04-26 10:07:57
germ-germinadorap-de5832|LOT-20260425-651F-001|r1_c1|rep0,LOT-20260425-651F-001:B2:R0,germ-germinadorap-de5832,LOT-20260425-651F-001,B2,1,1,0,Rabano,Bola,c4,desarrollo_normal,2026-05-02 22:43:56,2439,manual,2026-04-26 10:22:55,2026-04-25 23:34:37,10.80,1,cg_1777198973312_2,255,cam2_20260426_042254.jpg,crops/cam2_20260426_042254_r1_c1.jpg,256,cam2_20260426_042257.jpg,crops/cam2_20260426_042257_r1_c1.jpg,253,26.2,,43,100,0,0,0,0,0,0.0,0.0,3.0,0.0,0.1,0.1,0.0,0.0,,2026-04-26 10:22:57
germ-germinadorap-de5832|LOT-20260425-651F-001|r1_c1|rep0,LOT-20260425-651F-001:B2:R0,germ-germinadorap-de5832,LOT-20260425-651F-001,B2,1,1,0,Rabano,Bola,c4,desarrollo_normal,2026-05-02 22:43:56,2439,manual,2026-04-26 10:37:55,2026-04-25 23:34:37,11.05,1,cg_1777199873314_2,263,cam2_20260426_043754.jpg,crops/cam2_20260426_043754_r1_c1.jpg,264,cam2_20260426_043757.jpg,crops/cam2_20260426_043757_r1_c1.jpg,261,26.2,,43,100,0,0,0,0,0,0.0,0.0,3.0,0.0,0.1,0.1,0.0,0.0,,2026-04-26 10:37:57
germ-germinadorap-de5832|LOT-20260425-651F-001|r1_c1|rep0,LOT-20260425-651F-001:B2:R0,germ-germinadorap-de5832,LOT-20260425-651F-001,B2,1,1,0,Rabano,Bola,c4,desarrollo_normal,2026-05-02 22:43:56,2439,manual,2026-04-26 10:52:55,2026-04-25 23:34:37,11.30,1,cg_1777200773321_2,271,cam2_20260426_045254.jpg,crops/cam2_20260426_045254_r1_c1.jpg,272,cam2_20260426_045257.jpg,crops/cam2_20260426_045257_r1_c1.jpg,269,26.2,,43,100,0,0,0,0,0,0.0,0.0,3.0,0.0,0.1,0.1,0.0,0.0,,2026-04-26 10:52:57
germ-germinadorap-de5832|LOT-20260425-651F-001|r1_c1|rep0,LOT-20260425-651F-001:B2:R0,germ-germinadorap-de5832,LOT-20260425-651F-001,B2,1,1,0,Rabano,Bola,c4,desarrollo_normal,2026-05-02 22:43:56,2439,manual,2026-04-26 11:07:55,2026-04-25 23:34:37,11.55,1,cg_1777201673335_2,279,cam2_20260426_050754.jpg,crops/cam2_20260426_050754_r1_c1.jpg,280,cam2_20260426_050757.jpg,crops/cam2_20260426_050757_r1_c1.jpg,277,26.2,,43,100,0,0,0,0,0,0.0,0.0,3.0,0.0,0.1,0.1,0.0,0.0,,2026-04-26 11:07:57
germ-germinadorap-de5832|LOT-20260425-651F-001|r1_c1|rep0,LOT-20260425-651F-001:B2:R0,germ-germinadorap-de5832,LOT-20260425-651F-001,B2,1,1,0,Rabano,Bola,c4,desarrollo_normal,2026-05-02 22:43:56,2439,manual,2026-04-26 11:22:55,2026-04-25 23:34:37,11.80,1,cg_1777202573347_2,287,cam2_20260426_052254.jpg,crops/cam2_20260426_052254_r1_c1.jpg,288,cam2_20260426_052257.jpg,crops/cam2_20260426_052257_r1_c1.jpg,285,26.2,,43,100,0,0,0,0,0,0.0,0.0,3.0,0.0,0.1,0.1,0.0,0.0,,2026-04-26 11:22:59
germ-germinadorap-de5832|LOT-20260425-651F-001|r1_c1|rep0,LOT-20260425-651F-001:B2:R0,germ-germinadorap-de5832,LOT-20260425-651F-001,B2,1,1,0,Rabano,Bola,c4,desarrollo_normal,2026-05-02 22:43:56,2439,manual,2026-04-26 11:37:55,2026-04-25 23:34:37,12.05,1,cg_1777203473354_2,295,cam2_20260426_053754.jpg,crops/cam2_20260426_053754_r1_c1.jpg,296,cam2_20260426_053757.jpg,crops/cam2_20260426_053757_r1_c1.jpg,293,26.2,,43,100,0,0,0,0,0,0.0,0.0,3.0,0.0,0.1,0.1,0.0,0.0,,2026-04-26 11:37:57
germ-germinadorap-de5832|LOT-20260425-651F-001|r1_c1|rep0,LOT-20260425-651F-001:B2:R0,germ-germinadorap-de5832,LOT-20260425-651F-001,B2,1,1,0,Rabano,Bola,c4,desarrollo_normal,2026-05-02 22:43:56,2439,manual,2026-04-26 11:52:55,2026-04-25 23:34:37,12.30,1,cg_1777204373361_2,303,cam2_20260426_055254.jpg,crops/cam2_20260426_055254_r1_c1.jpg,304,cam2_20260426_055257.jpg,crops/cam2_20260426_055257_r1_c1.jpg,301,26.2,,43,100,0,0,0,0,0,0.0,0.0,3.0,0.0,0.1,0.1,0.0,0.0,,2026-04-26 11:52:57
germ-germinadorap-de5832|LOT-20260425-651F-001|r1_c1|rep0,LOT-20260425-651F-001:B2:R0,germ-germinadorap-de5832,LOT-20260425-651F-001,B2,1,1,0,Rabano,Bola,c4,desarrollo_normal,2026-05-02 22:43:56,2439,manual,2026-04-26 12:07:55,2026-04-25 23:34:37,12.55,1,cg_1777205273371_2,311,cam2_20260426_060754.jpg,crops/cam2_20260426_060754_r1_c1.jpg,312,cam2_20260426_060757.jpg,crops/cam2_20260426_060757_r1_c1.jpg,309,26.2,,43,100,0,0,0,0,0,0.0,0.0,4.0,0.0,0.1,0.1,0.0,0.0,,2026-04-26 12:07:57
germ-germinadorap-de5832|LOT-20260425-651F-001|r1_c1|rep0,LOT-20260425-651F-001:B2:R0,germ-germinadorap-de5832,LOT-20260425-651F-001,B2,1,1,0,Rabano,Bola,c4,desarrollo_normal,2026-05-02 22:43:56,2439,manual,2026-04-26 12:22:55,2026-04-25 23:34:37,12.80,1,cg_1777206173378_2,319,cam2_20260426_062254.jpg,crops/cam2_20260426_062254_r1_c1.jpg,320,cam2_20260426_062257.jpg,crops/cam2_20260426_062257_r1_c1.jpg,317,26.2,,43,100,0,0,0,0,0,0.0,0.0,4.0,0.0,0.1,0.1,0.0,0.0,,2026-04-26 12:22:57
germ-germinadorap-de5832|LOT-20260425-651F-001|r1_c1|rep0,LOT-20260425-651F-001:B2:R0,germ-germinadorap-de5832,LOT-20260425-651F-001,B2,1,1,0,Rabano,Bola,c4,desarrollo_normal,2026-05-02 22:43:56,2439,manual,2026-04-26 12:37:55,2026-04-25 23:34:37,13.05,1,cg_1777207073382_2,327,cam2_20260426_063754.jpg,crops/cam2_20260426_063754_r1_c1.jpg,328,cam2_20260426_063757.jpg,crops/cam2_20260426_063757_r1_c1.jpg,325,26.2,,43,100,0,0,0,0,0,0.0,0.0,4.0,0.0,0.1,0.1,0.0,0.0,,2026-04-26 12:37:57
germ-germinadorap-de5832|LOT-20260425-651F-001|r1_c1|rep0,LOT-20260425-651F-001:B2:R0,germ-germinadorap-de5832,LOT-20260425-651F-001,B2,1,1,0,Rabano,Bola,c4,desarrollo_normal,2026-05-02 22:43:56,2439,manual,2026-04-26 12:52:55,2026-04-25 23:34:37,13.30,1,cg_1777207973387_2,335,cam2_20260426_065254.jpg,crops/cam2_20260426_065254_r1_c1.jpg,336,cam2_20260426_065257.jpg,crops/cam2_20260426_065257_r1_c1.jpg,333,26.2,,43,100,0,0,0,0,0,0.0,0.0,4.0,0.0,0.1,0.1,0.0,0.0,,2026-04-26 12:52:57
germ-germinadorap-de5832|LOT-20260425-651F-001|r1_c1|rep0,LOT-20260425-651F-001:B2:R0,germ-germinadorap-de5832,LOT-20260425-651F-001,B2,1,1,0,Rabano,Bola,c4,desarrollo_normal,2026-05-02 22:43:56,2439,manual,2026-04-26 13:07:55,2026-04-25 23:34:37,13.55,1,cg_1777208873397_2,343,cam2_20260426_070754.jpg,crops/cam2_20260426_070754_r1_c1.jpg,344,cam2_20260426_070757.jpg,crops/cam2_20260426_070757_r1_c1.jpg,341,26.2,,43,100,0,0,0,0,0,0.0,0.0,4.0,0.0,0.1,0.1,0.0,0.0,,2026-04-26 13:07:57
germ-germinadorap-de5832|LOT-20260425-651F-001|r1_c1|rep0,LOT-20260425-651F-001:B2:R0,germ-germinadorap-de5832,LOT-20260425-651F-001,B2,1,1,0,Rabano,Bola,c4,desarrollo_normal,2026-05-02 22:43:56,2439,manual,2026-04-26 13:22:55,2026-04-25 23:34:37,13.80,1,cg_1777209773410_2,351,cam2_20260426_072254.jpg,crops/cam2_20260426_072254_r1_c1.jpg,352,cam2_20260426_072257.jpg,crops/cam2_20260426_072257_r1_c1.jpg,349,26.2,,43,100,0,0,0,0,0,0.0,0.0,4.0,0.0,0.1,0.1,0.0,0.0,,2026-04-26 13:22:57
germ-germinadorap-de5832|LOT-20260425-651F-001|r1_c1|rep0,LOT-20260425-651F-001:B2:R0,germ-germinadorap-de5832,LOT-20260425-651F-001,B2,1,1,0,Rabano,Bola,c4,desarrollo_normal,2026-05-02 22:43:56,2439,manual,2026-04-26 13:37:55,2026-04-25 23:34:37,14.05,1,cg_1777210673416_2,359,cam2_20260426_073754.jpg,crops/cam2_20260426_073754_r1_c1.jpg,360,cam2_20260426_073757.jpg,crops/cam2_20260426_073757_r1_c1.jpg,357,26.2,,43,100,0,0,0,0,0,0.0,0.0,4.0,0.0,0.1,0.1,0.0,0.0,,2026-04-26 13:37:57
germ-germinadorap-de5832|LOT-20260425-651F-001|r1_c1|rep0,LOT-20260425-651F-001:B2:R0,germ-germinadorap-de5832,LOT-20260425-651F-001,B2,1,1,0,Rabano,Bola,c4,desarrollo_normal,2026-05-02 22:43:56,2439,manual,2026-04-26 13:52:55,2026-04-25 23:34:37,14.30,1,cg_1777211573423_2,367,cam2_20260426_075254.jpg,crops/cam2_20260426_075254_r1_c1.jpg,368,cam2_20260426_075257.jpg,crops/cam2_20260426_075257_r1_c1.jpg,365,26.2,,43,100,0,0,0,0,0,0.0,0.0,4.0,0.0,0.1,0.1,0.0,0.0,,2026-04-26 13:52:57
germ-germinadorap-de5832|LOT-20260425-651F-001|r1_c1|rep0,LOT-20260425-651F-001:B2:R0,germ-germinadorap-de5832,LOT-20260425-651F-001,B2,1,1,0,Rabano,Bola,c4,desarrollo_normal,2026-05-02 22:43:56,2439,manual,2026-04-26 14:07:55,2026-04-25 23:34:37,14.55,1,cg_1777212473429_2,375,cam2_20260426_080754.jpg,crops/cam2_20260426_080754_r1_c1.jpg,376,cam2_20260426_080757.jpg,crops/cam2_20260426_080757_r1_c1.jpg,373,26.2,,43,100,0,0,0,0,0,0.0,0.0,12.0,0.0,0.2,0.2,0.0,0.0,,2026-04-26 14:07:57
germ-germinadorap-de5832|LOT-20260425-651F-001|r1_c1|rep0,LOT-20260425-651F-001:B2:R0,germ-germinadorap-de5832,LOT-20260425-651F-001,B2,1,1,0,Rabano,Bola,c4,desarrollo_normal,2026-05-02 22:43:56,2439,manual,2026-04-26 14:22:55,2026-04-25 23:34:37,14.80,1,cg_1777213373436_2,383,cam2_20260426_082254.jpg,crops/cam2_20260426_082254_r1_c1.jpg,384,cam2_20260426_082257.jpg,crops/cam2_20260426_082257_r1_c1.jpg,381,26.2,,43,100,0,0,0,0,0,0.0,0.0,27.0,0.0,0.5,0.5,0.0,0.0,,2026-04-26 14:22:57
germ-germinadorap-de5832|LOT-20260425-651F-001|r1_c1|rep0,LOT-20260425-651F-001:B2:R0,germ-germinadorap-de5832,LOT-20260425-651F-001,B2,1,1,0,Rabano,Bola,c4,desarrollo_normal,2026-05-02 22:43:56,2439,manual,2026-04-26 14:37:55,2026-04-25 23:34:37,15.05,1,cg_1777214273437_2,391,cam2_20260426_083754.jpg,crops/cam2_20260426_083754_r1_c1.jpg,392,cam2_20260426_083757.jpg,crops/cam2_20260426_083757_r1_c1.jpg,389,26.2,,43,100,0,0,0,0,0,0.0,0.0,42.0,0.0,0.7,0.7,0.0,0.0,,2026-04-26 14:37:57
germ-germinadorap-de5832|LOT-20260425-651F-001|r1_c1|rep0,LOT-20260425-651F-001:B2:R0,germ-germinadorap-de5832,LOT-20260425-651F-001,B2,1,1,0,Rabano,Bola,c4,desarrollo_normal,2026-05-02 22:43:56,2439,manual,2026-04-26 14:52:55,2026-04-25 23:34:37,15.30,1,cg_1777215173442_2,399,cam2_20260426_085254.jpg,crops/cam2_20260426_085254_r1_c1.jpg,400,cam2_20260426_085257.jpg,crops/cam2_20260426_085257_r1_c1.jpg,397,26.2,,43,100,0,0,0,0,0,0.0,0.0,57.0,0.0,0.9,0.9,0.0,0.0,,2026-04-26 14:52:57
germ-germinadorap-de5832|LOT-20260425-651F-001|r1_c1|rep0,LOT-20260425-651F-001:B2:R0,germ-germinadorap-de5832,LOT-20260425-651F-001,B2,1,1,0,Rabano,Bola,c4,desarrollo_normal,2026-05-02 22:43:56,2439,manual,2026-04-26 15:07:55,2026-04-25 23:34:37,15.55,1,cg_1777216073451_2,407,cam2_20260426_090754.jpg,crops/cam2_20260426_090754_r1_c1.jpg,408,cam2_20260426_090757.jpg,crops/cam2_20260426_090757_r1_c1.jpg,405,26.2,,43,100,0,0,0,0,0,0.0,0.0,71.0,0.0,1.2,1.2,0.0,0.0,,2026-04-26 15:07:57
germ-germinadorap-de5832|LOT-20260425-651F-001|r1_c1|rep0,LOT-20260425-651F-001:B2:R0,germ-germinadorap-de5832,LOT-20260425-651F-001,B2,1,1,0,Rabano,Bola,c4,desarrollo_normal,2026-05-02 22:43:56,2439,manual,2026-04-26 15:22:55,2026-04-25 23:34:37,15.80,1,cg_1777216973463_2,415,cam2_20260426_092254.jpg,crops/cam2_20260426_092254_r1_c1.jpg,416,cam2_20260426_092257.jpg,crops/cam2_20260426_092257_r1_c1.jpg,413,26.2,,43,100,0,0,0,0,0,0.0,0.0,86.0,0.0,1.4,1.4,0.0,0.0,,2026-04-26 15:22:57
germ-germinadorap-de5832|LOT-20260425-651F-001|r1_c1|rep0,LOT-20260425-651F-001:B2:R0,germ-germinadorap-de5832,LOT-20260425-651F-001,B2,1,1,0,Rabano,Bola,c4,desarrollo_normal,2026-05-02 22:43:56,2439,manual,2026-04-26 15:37:55,2026-04-25 23:34:37,16.05,1,cg_1777217873471_2,423,cam2_20260426_093754.jpg,crops/cam2_20260426_093754_r1_c1.jpg,424,cam2_20260426_093757.jpg,crops/cam2_20260426_093757_r1_c1.jpg,421,26.2,,43,100,0,0,0,0,0,0.0,0.0,101.0,0.0,1.7,1.7,0.0,0.0,,2026-04-26 15:37:57
germ-germinadorap-de5832|LOT-20260425-651F-001|r1_c1|rep0,LOT-20260425-651F-001:B2:R0,germ-germinadorap-de5832,LOT-20260425-651F-001,B2,1,1,0,Rabano,Bola,c4,desarrollo_normal,2026-05-02 22:43:56,2439,manual,2026-04-26 15:52:55,2026-04-25 23:34:37,16.30,1,cg_1777218773482_2,431,cam2_20260426_095254.jpg,crops/cam2_20260426_095254_r1_c1.jpg,432,cam2_20260426_095257.jpg,crops/cam2_20260426_095257_r1_c1.jpg,429,26.2,,43,100,0,0,0,0,0,0.0,0.0,116.0,0.0,1.9,1.9,0.0,0.0,,2026-04-26 15:52:57
germ-germinadorap-de5832|LOT-20260425-651F-001|r1_c1|rep0,LOT-20260425-651F-001:B2:R0,germ-germinadorap-de5832,LOT-20260425-651F-001,B2,1,1,0,Rabano,Bola,c4,desarrollo_normal,2026-05-02 22:43:56,2439,manual,2026-04-26 16:07:55,2026-04-25 23:34:37,16.55,1,cg_1777219673493_2,439,cam2_20260426_100754.jpg,crops/cam2_20260426_100754_r1_c1.jpg,440,cam2_20260426_100757.jpg,crops/cam2_20260426_100757_r1_c1.jpg,437,26.2,,43,100,0,0,0,0,0,0.0,0.0,131.0,0.0,2.2,2.2,0.0,0.0,,2026-04-26 16:07:57
germ-germinadorap-de5832|LOT-20260425-651F-001|r1_c1|rep0,LOT-20260425-651F-001:B2:R0,germ-germinadorap-de5832,LOT-20260425-651F-001,B2,1,1,0,Rabano,Bola,c4,desarrollo_normal,2026-05-02 22:43:56,2439,manual,2026-04-26 16:22:55,2026-04-25 23:34:37,16.80,1,cg_1777220573499_2,447,cam2_20260426_102254.jpg,crops/cam2_20260426_102254_r1_c1.jpg,448,cam2_20260426_102257.jpg,crops/cam2_20260426_102257_r1_c1.jpg,445,26.2,,43,100,0,0,0,0,0,0.0,0.0,146.0,0.0,2.4,2.4,0.0,0.0,,2026-04-26 16:22:57
germ-germinadorap-de5832|LOT-20260425-651F-001|r1_c1|rep0,LOT-20260425-651F-001:B2:R0,germ-germinadorap-de5832,LOT-20260425-651F-001,B2,1,1,0,Rabano,Bola,c4,desarrollo_normal,2026-05-02 22:43:56,2439,manual,2026-04-26 16:37:55,2026-04-25 23:34:37,17.05,1,cg_1777221473504_2,455,cam2_20260426_103754.jpg,crops/cam2_20260426_103754_r1_c1.jpg,456,cam2_20260426_103757.jpg,crops/cam2_20260426_103757_r1_c1.jpg,453,26.2,,43,100,0,0,0,0,0,0.0,0.0,160.0,0.0,2.7,2.7,0.0,0.0,,2026-04-26 16:37:57
germ-germinadorap-de5832|LOT-20260425-651F-001|r1_c1|rep0,LOT-20260425-651F-001:B2:R0,germ-germinadorap-de5832,LOT-20260425-651F-001,B2,1,1,0,Rabano,Bola,c4,desarrollo_normal,2026-05-02 22:43:56,2439,manual,2026-04-26 16:53:15,2026-04-25 23:34:37,17.31,1,cg_1777222393252_2,463,cam2_20260426_105314.jpg,crops/cam2_20260426_105314_r1_c1.jpg,464,cam2_20260426_105317.jpg,crops/cam2_20260426_105317_r1_c1.jpg,461,26.2,,43,100,0,0,0,0,0,0.0,0.0,176.0,0.0,2.9,2.9,0.0,0.0,,2026-04-26 16:53:18
germ-germinadorap-de5832|LOT-20260425-651F-001|r1_c1|rep0,LOT-20260425-651F-001:B2:R0,germ-germinadorap-de5832,LOT-20260425-651F-001,B2,1,1,0,Rabano,Bola,c4,desarrollo_normal,2026-05-02 22:43:56,2439,manual,2026-04-26 17:08:19,2026-04-25 23:34:37,17.56,1,cg_1777223296772_2,469,cam2_20260426_110818.jpg,crops/cam2_20260426_110818_r1_c1.jpg,470,cam2_20260426_110821.jpg,crops/cam2_20260426_110821_r1_c1.jpg,469,26.2,,43,100,0,0,0,0,0,0.0,0.0,191.0,0.0,3.2,3.2,0.0,0.0,,2026-04-26 17:08:22
germ-germinadorap-de5832|LOT-20260425-651F-001|r1_c1|rep0,LOT-20260425-651F-001:B2:R0,germ-germinadorap-de5832,LOT-20260425-651F-001,B2,1,1,0,Rabano,Bola,c4,desarrollo_normal,2026-05-02 22:43:56,2439,manual,2026-04-26 17:23:19,2026-04-25 23:34:37,17.81,1,cg_1777224196780_2,475,cam2_20260426_112318.jpg,crops/cam2_20260426_112318_r1_c1.jpg,476,cam2_20260426_112321.jpg,crops/cam2_20260426_112321_r1_c1.jpg,477,26.2,,43,100,0,0,0,0,0,0.0,0.0,205.0,0.0,3.4,3.4,0.0,0.0,,2026-04-26 17:23:22
germ-germinadorap-de5832|LOT-20260425-651F-001|r1_c1|rep0,LOT-20260425-651F-001:B2:R0,germ-germinadorap-de5832,LOT-20260425-651F-001,B2,1,1,0,Rabano,Bola,c4,desarrollo_normal,2026-05-02 22:43:56,2439,manual,2026-04-26 17:38:19,2026-04-25 23:34:37,18.06,1,cg_1777225096788_2,481,cam2_20260426_113818.jpg,crops/cam2_20260426_113818_r1_c1.jpg,482,cam2_20260426_113821.jpg,crops/cam2_20260426_113821_r1_c1.jpg,485,26.2,,43,100,0,0,0,0,0,0.0,0.0,220.0,0.0,3.7,3.7,0.0,0.0,,2026-04-26 17:38:22
germ-germinadorap-de5832|LOT-20260425-651F-001|r1_c1|rep0,LOT-20260425-651F-001:B2:R0,germ-germinadorap-de5832,LOT-20260425-651F-001,B2,1,1,0,Rabano,Bola,c4,desarrollo_normal,2026-05-02 22:43:56,2439,manual,2026-04-26 17:53:19,2026-04-25 23:34:37,18.31,1,cg_1777225996793_2,487,cam2_20260426_115318.jpg,crops/cam2_20260426_115318_r1_c1.jpg,488,cam2_20260426_115322.jpg,crops/cam2_20260426_115322_r1_c1.jpg,493,26.2,,43,100,0,0,0,0,0,0.0,0.0,235.0,0.0,3.9,3.9,0.0,0.0,,2026-04-26 17:53:24
germ-germinadorap-de5832|LOT-20260425-651F-001|r1_c1|rep0,LOT-20260425-651F-001:B2:R0,germ-germinadorap-de5832,LOT-20260425-651F-001,B2,1,1,0,Rabano,Bola,c4,desarrollo_normal,2026-05-02 22:43:56,2439,manual,2026-04-26 18:08:19,2026-04-25 23:34:37,18.56,1,cg_1777226896803_2,493,cam2_20260426_120818.jpg,crops/cam2_20260426_120818_r1_c1.jpg,494,cam2_20260426_120822.jpg,crops/cam2_20260426_120822_r1_c1.jpg,501,26.2,,43,100,0,0,0,0,0,0.0,0.0,250.0,0.0,4.2,4.2,0.0,0.0,,2026-04-26 18:08:22
germ-germinadorap-de5832|LOT-20260425-651F-001|r1_c1|rep0,LOT-20260425-651F-001:B2:R0,germ-germinadorap-de5832,LOT-20260425-651F-001,B2,1,1,0,Rabano,Bola,c4,desarrollo_normal,2026-05-02 22:43:56,2439,manual,2026-04-26 18:23:19,2026-04-25 23:34:37,18.81,1,cg_1777227796807_2,499,cam2_20260426_122318.jpg,crops/cam2_20260426_122318_r1_c1.jpg,500,cam2_20260426_122321.jpg,crops/cam2_20260426_122321_r1_c1.jpg,509,26.2,,43,100,0,0,0,0,0,0.0,0.0,265.0,0.0,4.4,4.4,0.0,0.0,,2026-04-26 18:23:22
germ-germinadorap-de5832|LOT-20260425-651F-001|r1_c1|rep0,LOT-20260425-651F-001:B2:R0,germ-germinadorap-de5832,LOT-20260425-651F-001,B2,1,1,0,Rabano,Bola,c4,desarrollo_normal,2026-05-02 22:43:56,2439,manual,2026-04-26 18:38:19,2026-04-25 23:34:37,19.06,1,cg_1777228696815_2,505,cam2_20260426_123818.jpg,crops/cam2_20260426_123818_r1_c1.jpg,506,cam2_20260426_123821.jpg,crops/cam2_20260426_123821_r1_c1.jpg,517,26.2,,43,100,0,0,0,0,0,0.0,0.0,280.0,0.0,4.7,4.7,0.0,0.0,,2026-04-26 18:38:22
germ-germinadorap-de5832|LOT-20260425-651F-001|r1_c1|rep0,LOT-20260425-651F-001:B2:R0,germ-germinadorap-de5832,LOT-20260425-651F-001,B2,1,1,0,Rabano,Bola,c4,desarrollo_normal,2026-05-02 22:43:56,2439,manual,2026-04-26 18:53:19,2026-04-25 23:34:37,19.31,1,cg_1777229596818_2,511,cam2_20260426_125318.jpg,crops/cam2_20260426_125318_r1_c1.jpg,512,cam2_20260426_125323.jpg,crops/cam2_20260426_125323_r1_c1.jpg,525,26.2,,43,100,0,0,0,0,0,0.0,0.0,295.0,0.0,4.9,4.9,0.0,0.0,,2026-04-26 18:53:24
germ-germinadorap-de5832|LOT-20260425-651F-001|r1_c1|rep0,LOT-20260425-651F-001:B2:R0,germ-germinadorap-de5832,LOT-20260425-651F-001,B2,1,1,0,Rabano,Bola,c4,desarrollo_normal,2026-05-02 22:43:56,2439,manual,2026-04-26 19:08:19,2026-04-25 23:34:37,19.56,1,cg_1777230496824_2,517,cam2_20260426_130818.jpg,crops/cam2_20260426_130818_r1_c1.jpg,518,cam2_20260426_130821.jpg,crops/cam2_20260426_130821_r1_c1.jpg,533,26.2,,43,100,0,0,0,0,0,0.0,0.0,310.0,0.0,5.2,5.2,0.0,0.0,,2026-04-26 19:08:22
germ-germinadorap-de5832|LOT-20260425-651F-001|r1_c1|rep0,LOT-20260425-651F-001:B2:R0,germ-germinadorap-de5832,LOT-20260425-651F-001,B2,1,1,0,Rabano,Bola,c4,desarrollo_normal,2026-05-02 22:43:56,2439,manual,2026-04-27 05:45:03,2026-04-25 23:34:37,30.17,2,cg_1777268701285_2,642,cam2_20260426_234502.jpg,crops/cam2_20260426_234502_r1_c1.jpg,644,cam2_20260426_234508.jpg,crops/cam2_20260426_234508_r1_c1.jpg,709,26.2,,43,100,0,0,0,0,0,0.0,0.0,718.0,0.0,12.0,6.0,0.0,0.0,,2026-04-27 05:45:08
germ-germinadorap-de5832|LOT-20260425-651F-001|r1_c1|rep0,LOT-20260425-651F-001:B2:R0,germ-germinadorap-de5832,LOT-20260425-651F-001,B2,1,1,0,Rabano,Bola,c4,desarrollo_normal,2026-05-02 22:43:56,2439,manual,2026-04-27 06:00:06,2026-04-25 23:34:37,30.42,2,cg_1777269604070_2,646,cam2_20260427_000005.jpg,crops/cam2_20260427_000005_r1_c1.jpg,648,cam2_20260427_000010.jpg,crops/cam2_20260427_000010_r1_c1.jpg,717,26.2,,43,100,0,0,0,0,0,0.0,0.0,721.0,0.0,12.0,6.0,0.0,0.0,,2026-04-27 06:00:11
germ-germinadorap-de5832|LOT-20260425-651F-001|r1_c1|rep0,LOT-20260425-651F-001:B2:R0,germ-germinadorap-de5832,LOT-20260425-651F-001,B2,1,1,0,Rabano,Bola,c4,desarrollo_normal,2026-05-02 22:43:56,2439,manual,2026-04-27 06:15:06,2026-04-25 23:34:37,30.67,2,cg_1777270504068_2,650,cam2_20260427_001505.jpg,crops/cam2_20260427_001505_r1_c1.jpg,652,cam2_20260427_001510.jpg,crops/cam2_20260427_001510_r1_c1.jpg,725,26.2,,43,100,0,0,0,0,0,0.0,0.0,722.0,0.0,12.0,6.0,0.0,0.0,,2026-04-27 06:15:10
germ-germinadorap-de5832|LOT-20260425-651F-001|r1_c1|rep0,LOT-20260425-651F-001:B2:R0,germ-germinadorap-de5832,LOT-20260425-651F-001,B2,1,1,0,Rabano,Bola,c4,desarrollo_normal,2026-05-02 22:43:56,2439,manual,2026-04-27 06:30:06,2026-04-25 23:34:37,30.92,2,cg_1777271404070_2,654,cam2_20260427_003005.jpg,crops/cam2_20260427_003005_r1_c1.jpg,656,cam2_20260427_003008.jpg,crops/cam2_20260427_003008_r1_c1.jpg,733,26.2,,43,100,0,0,0,0,0,0.0,0.0,722.0,0.0,12.0,6.0,0.0,0.0,,2026-04-27 06:30:09
germ-germinadorap-de5832|LOT-20260425-651F-001|r1_c1|rep0,LOT-20260425-651F-001:B2:R0,germ-germinadorap-de5832,LOT-20260425-651F-001,B2,1,1,0,Rabano,Bola,c4,desarrollo_normal,2026-05-02 22:43:56,2439,manual,2026-04-27 06:45:06,2026-04-25 23:34:37,31.17,2,cg_1777272304074_2,658,cam2_20260427_004505.jpg,crops/cam2_20260427_004505_r1_c1.jpg,660,cam2_20260427_004508.jpg,crops/cam2_20260427_004508_r1_c1.jpg,741,26.2,,43,100,0,0,0,0,0,0.0,0.0,722.0,0.0,12.0,6.0,0.0,0.0,,2026-04-27 06:45:09
germ-germinadorap-de5832|LOT-20260425-651F-001|r1_c1|rep0,LOT-20260425-651F-001:B2:R0,germ-germinadorap-de5832,LOT-20260425-651F-001,B2,1,1,0,Rabano,Bola,c4,desarrollo_normal,2026-05-02 22:43:56,2439,manual,2026-04-27 07:00:06,2026-04-25 23:34:37,31.42,2,cg_1777273204079_2,662,cam2_20260427_010005.jpg,crops/cam2_20260427_010005_r1_c1.jpg,664,cam2_20260427_010008.jpg,crops/cam2_20260427_010008_r1_c1.jpg,749,26.2,,43,100,0,0,0,0,0,0.0,0.0,722.0,0.0,12.0,6.0,0.0,0.0,,2026-04-27 07:00:09
germ-germinadorap-de5832|LOT-20260425-651F-001|r1_c1|rep0,LOT-20260425-651F-001:B2:R0,germ-germinadorap-de5832,LOT-20260425-651F-001,B2,1,1,0,Rabano,Bola,c4,desarrollo_normal,2026-05-02 22:43:56,2439,manual,2026-04-27 07:15:06,2026-04-25 23:34:37,31.67,2,cg_1777274104082_2,666,cam2_20260427_011505.jpg,crops/cam2_20260427_011505_r1_c1.jpg,668,cam2_20260427_011508.jpg,crops/cam2_20260427_011508_r1_c1.jpg,757,26.2,,43,100,0,0,0,0,0,0.0,0.0,722.0,0.0,12.0,6.0,0.0,0.0,,2026-04-27 07:15:09
germ-germinadorap-de5832|LOT-20260425-651F-001|r1_c1|rep0,LOT-20260425-651F-001:B2:R0,germ-germinadorap-de5832,LOT-20260425-651F-001,B2,1,1,0,Rabano,Bola,c4,desarrollo_normal,2026-05-02 22:43:56,2439,manual,2026-04-27 07:30:06,2026-04-25 23:34:37,31.92,2,cg_1777275004083_2,670,cam2_20260427_013005.jpg,crops/cam2_20260427_013005_r1_c1.jpg,672,cam2_20260427_013008.jpg,crops/cam2_20260427_013008_r1_c1.jpg,765,26.2,,43,100,0,0,0,0,0,0.0,0.0,722.0,0.0,12.0,6.0,0.0,0.0,,2026-04-27 07:30:08
germ-germinadorap-de5832|LOT-20260425-651F-001|r1_c1|rep0,LOT-20260425-651F-001:B2:R0,germ-germinadorap-de5832,LOT-20260425-651F-001,B2,1,1,0,Rabano,Bola,c4,desarrollo_normal,2026-05-02 22:43:56,2439,manual,2026-04-27 07:45:06,2026-04-25 23:34:37,32.17,2,cg_1777275904087_2,674,cam2_20260427_014505.jpg,crops/cam2_20260427_014505_r1_c1.jpg,676,cam2_20260427_014508.jpg,crops/cam2_20260427_014508_r1_c1.jpg,773,26.2,,43,100,0,0,0,0,0,0.0,0.0,722.0,0.0,12.0,6.0,0.0,0.0,,2026-04-27 07:45:09
germ-germinadorap-de5832|LOT-20260425-651F-001|r1_c1|rep0,LOT-20260425-651F-001:B2:R0,germ-germinadorap-de5832,LOT-20260425-651F-001,B2,1,1,0,Rabano,Bola,c4,desarrollo_normal,2026-05-02 22:43:56,2439,manual,2026-04-27 08:00:06,2026-04-25 23:34:37,32.42,2,cg_1777276804092_2,678,cam2_20260427_020005.jpg,crops/cam2_20260427_020005_r1_c1.jpg,680,cam2_20260427_020008.jpg,crops/cam2_20260427_020008_r1_c1.jpg,781,26.2,,43,100,0,0,0,0,0,0.0,0.0,722.0,0.0,12.0,6.0,0.0,0.0,,2026-04-27 08:00:09
germ-germinadorap-de5832|LOT-20260425-651F-001|r1_c1|rep0,LOT-20260425-651F-001:B2:R0,germ-germinadorap-de5832,LOT-20260425-651F-001,B2,1,1,0,Rabano,Bola,c4,desarrollo_normal,2026-05-02 22:43:56,2439,manual,2026-04-27 08:15:06,2026-04-25 23:34:37,32.67,2,cg_1777277704100_2,682,cam2_20260427_021505.jpg,crops/cam2_20260427_021505_r1_c1.jpg,684,cam2_20260427_021508.jpg,crops/cam2_20260427_021508_r1_c1.jpg,789,26.2,,43,100,0,0,0,0,0,0.0,0.0,722.0,0.0,12.0,6.0,0.0,0.0,,2026-04-27 08:15:09
germ-germinadorap-de5832|LOT-20260425-651F-001|r1_c1|rep0,LOT-20260425-651F-001:B2:R0,germ-germinadorap-de5832,LOT-20260425-651F-001,B2,1,1,0,Rabano,Bola,c4,desarrollo_normal,2026-05-02 22:43:56,2439,manual,2026-04-27 08:30:06,2026-04-25 23:34:37,32.92,2,cg_1777278604107_2,686,cam2_20260427_023005.jpg,crops/cam2_20260427_023005_r1_c1.jpg,688,cam2_20260427_023008.jpg,crops/cam2_20260427_023008_r1_c1.jpg,797,26.2,,43,100,0,0,0,0,0,0.0,0.0,722.0,0.0,12.0,6.0,0.0,0.0,,2026-04-27 08:30:09
germ-germinadorap-de5832|LOT-20260425-651F-001|r1_c1|rep0,LOT-20260425-651F-001:B2:R0,germ-germinadorap-de5832,LOT-20260425-651F-001,B2,1,1,0,Rabano,Bola,c4,desarrollo_normal,2026-05-02 22:43:56,2439,manual,2026-04-27 08:45:06,2026-04-25 23:34:37,33.17,2,cg_1777279504118_2,690,cam2_20260427_024505.jpg,crops/cam2_20260427_024505_r1_c1.jpg,692,cam2_20260427_024508.jpg,crops/cam2_20260427_024508_r1_c1.jpg,805,26.2,,43,100,0,0,0,0,0,0.0,0.0,722.0,0.0,12.0,6.0,0.0,0.0,,2026-04-27 08:45:09
germ-germinadorap-de5832|LOT-20260425-651F-001|r1_c1|rep0,LOT-20260425-651F-001:B2:R0,germ-germinadorap-de5832,LOT-20260425-651F-001,B2,1,1,0,Rabano,Bola,c4,desarrollo_normal,2026-05-02 22:43:56,2439,manual,2026-04-27 09:00:06,2026-04-25 23:34:37,33.42,2,cg_1777280404128_2,694,cam2_20260427_030005.jpg,crops/cam2_20260427_030005_r1_c1.jpg,696,cam2_20260427_030008.jpg,crops/cam2_20260427_030008_r1_c1.jpg,813,26.2,,43,100,0,0,0,0,0,0.0,0.0,722.0,0.0,12.0,6.0,0.0,0.0,,2026-04-27 09:00:09
germ-germinadorap-de5832|LOT-20260425-651F-001|r1_c1|rep0,LOT-20260425-651F-001:B2:R0,germ-germinadorap-de5832,LOT-20260425-651F-001,B2,1,1,0,Rabano,Bola,c4,desarrollo_normal,2026-05-02 22:43:56,2439,manual,2026-04-27 09:15:06,2026-04-25 23:34:37,33.67,2,cg_1777281304138_2,698,cam2_20260427_031505.jpg,crops/cam2_20260427_031505_r1_c1.jpg,700,cam2_20260427_031508.jpg,crops/cam2_20260427_031508_r1_c1.jpg,821,26.2,,43,100,0,0,0,0,0,0.0,0.0,722.0,0.0,12.0,6.0,0.0,0.0,,2026-04-27 09:15:09
germ-germinadorap-de5832|LOT-20260425-651F-001|r1_c1|rep0,LOT-20260425-651F-001:B2:R0,germ-germinadorap-de5832,LOT-20260425-651F-001,B2,1,1,0,Rabano,Bola,c4,desarrollo_normal,2026-05-02 22:43:56,2439,manual,2026-04-27 09:30:06,2026-04-25 23:34:37,33.92,2,cg_1777282204142_2,702,cam2_20260427_033005.jpg,crops/cam2_20260427_033005_r1_c1.jpg,704,cam2_20260427_033008.jpg,crops/cam2_20260427_033008_r1_c1.jpg,829,26.2,,43,100,0,0,0,0,0,0.0,0.0,722.0,0.0,12.0,6.0,0.0,0.0,,2026-04-27 09:30:09
germ-germinadorap-de5832|LOT-20260425-651F-001|r1_c1|rep0,LOT-20260425-651F-001:B2:R0,germ-germinadorap-de5832,LOT-20260425-651F-001,B2,1,1,0,Rabano,Bola,c4,desarrollo_normal,2026-05-02 22:43:56,2439,manual,2026-04-27 09:45:06,2026-04-25 23:34:37,34.17,2,cg_1777283104146_2,706,cam2_20260427_034505.jpg,crops/cam2_20260427_034505_r1_c1.jpg,708,cam2_20260427_034508.jpg,crops/cam2_20260427_034508_r1_c1.jpg,837,26.2,,43,100,0,0,0,0,0,0.0,0.0,722.0,0.0,12.0,6.0,0.0,0.0,,2026-04-27 09:45:09
germ-germinadorap-de5832|LOT-20260425-651F-001|r1_c1|rep0,LOT-20260425-651F-001:B2:R0,germ-germinadorap-de5832,LOT-20260425-651F-001,B2,1,1,0,Rabano,Bola,c4,desarrollo_normal,2026-05-02 22:43:56,2439,manual,2026-04-27 10:00:06,2026-04-25 23:34:37,34.42,2,cg_1777284004157_2,710,cam2_20260427_040005.jpg,crops/cam2_20260427_040005_r1_c1.jpg,712,cam2_20260427_040008.jpg,crops/cam2_20260427_040008_r1_c1.jpg,845,26.2,,43,100,0,0,0,0,0,0.0,0.0,722.0,0.0,12.0,6.0,0.0,0.0,,2026-04-27 10:00:09
germ-germinadorap-de5832|LOT-20260425-651F-001|r1_c1|rep0,LOT-20260425-651F-001:B2:R0,germ-germinadorap-de5832,LOT-20260425-651F-001,B2,1,1,0,Rabano,Bola,c4,desarrollo_normal,2026-05-02 22:43:56,2439,manual,2026-04-27 10:15:06,2026-04-25 23:34:37,34.67,2,cg_1777284904165_2,714,cam2_20260427_041505.jpg,crops/cam2_20260427_041505_r1_c1.jpg,716,cam2_20260427_041508.jpg,crops/cam2_20260427_041508_r1_c1.jpg,853,26.2,,43,100,0,0,0,0,0,0.0,0.0,722.0,0.0,12.0,6.0,0.0,0.0,,2026-04-27 10:15:09
germ-germinadorap-de5832|LOT-20260425-651F-001|r1_c1|rep0,LOT-20260425-651F-001:B2:R0,germ-germinadorap-de5832,LOT-20260425-651F-001,B2,1,1,0,Rabano,Bola,c4,desarrollo_normal,2026-05-02 22:43:56,2439,manual,2026-04-27 10:30:06,2026-04-25 23:34:37,34.92,2,cg_1777285804174_2,719,cam2_20260427_043005.jpg,crops/cam2_20260427_043005_r1_c1.jpg,721,cam2_20260427_043010.jpg,crops/cam2_20260427_043010_r1_c1.jpg,865,26.2,,43,100,0,0,0,0,0,0.0,0.0,722.0,0.0,12.0,6.0,0.0,0.0,,2026-04-27 10:30:11
germ-germinadorap-de5832|LOT-20260425-651F-001|r1_c1|rep0,LOT-20260425-651F-001:B2:R0,germ-germinadorap-de5832,LOT-20260425-651F-001,B2,1,1,0,Rabano,Bola,c4,desarrollo_normal,2026-05-02 22:43:56,2439,manual,2026-04-27 10:45:06,2026-04-25 23:34:37,35.17,2,cg_1777286704188_2,722,cam2_20260427_044505.jpg,crops/cam2_20260427_044505_r1_c1.jpg,724,cam2_20260427_044509.jpg,crops/cam2_20260427_044509_r1_c1.jpg,869,26.2,,43,100,0,0,0,0,0,0.0,0.0,722.0,0.0,12.0,6.0,0.0,0.0,,2026-04-27 10:45:10
germ-germinadorap-de5832|LOT-20260425-651F-001|r1_c1|rep0,LOT-20260425-651F-001:B2:R0,germ-germinadorap-de5832,LOT-20260425-651F-001,B2,1,1,0,Rabano,Bola,c4,desarrollo_normal,2026-05-02 22:43:56,2439,manual,2026-04-27 11:00:06,2026-04-25 23:34:37,35.42,2,cg_1777287604196_2,726,cam2_20260427_050005.jpg,crops/cam2_20260427_050005_r1_c1.jpg,728,cam2_20260427_050008.jpg,crops/cam2_20260427_050008_r1_c1.jpg,877,26.2,,43,100,0,0,0,0,0,0.0,0.0,722.0,0.0,12.0,6.0,0.0,0.0,,2026-04-27 11:00:09
germ-germinadorap-de5832|LOT-20260425-651F-001|r1_c1|rep0,LOT-20260425-651F-001:B2:R0,germ-germinadorap-de5832,LOT-20260425-651F-001,B2,1,1,0,Rabano,Bola,c4,desarrollo_normal,2026-05-02 22:43:56,2439,manual,2026-04-27 11:15:06,2026-04-25 23:34:37,35.67,2,cg_1777288504205_2,730,cam2_20260427_051505.jpg,crops/cam2_20260427_051505_r1_c1.jpg,732,cam2_20260427_051509.jpg,crops/cam2_20260427_051509_r1_c1.jpg,885,26.2,,43,100,0,0,0,0,0,0.0,0.0,722.0,0.0,12.0,6.0,0.0,0.0,,2026-04-27 11:15:10
germ-germinadorap-de5832|LOT-20260425-651F-001|r1_c1|rep0,LOT-20260425-651F-001:B2:R0,germ-germinadorap-de5832,LOT-20260425-651F-001,B2,1,1,0,Rabano,Bola,c4,desarrollo_normal,2026-05-02 22:43:56,2439,manual,2026-04-27 11:30:06,2026-04-25 23:34:37,35.92,2,cg_1777289404207_2,734,cam2_20260427_053005.jpg,crops/cam2_20260427_053005_r1_c1.jpg,736,cam2_20260427_053008.jpg,crops/cam2_20260427_053008_r1_c1.jpg,893,26.2,,43,100,0,0,0,0,0,0.0,0.0,722.0,0.0,12.0,6.0,0.0,0.0,,2026-04-27 11:30:09
germ-germinadorap-de5832|LOT-20260425-651F-001|r1_c1|rep0,LOT-20260425-651F-001:B2:R0,germ-germinadorap-de5832,LOT-20260425-651F-001,B2,1,1,0,Rabano,Bola,c4,desarrollo_normal,2026-05-02 22:43:56,2439,manual,2026-04-27 11:45:06,2026-04-25 23:34:37,36.17,2,cg_1777290304213_2,738,cam2_20260427_054505.jpg,crops/cam2_20260427_054505_r1_c1.jpg,740,cam2_20260427_054508.jpg,crops/cam2_20260427_054508_r1_c1.jpg,901,26.2,,43,100,0,0,0,0,0,0.0,0.0,722.0,0.0,12.1,6.0,0.0,0.0,,2026-04-27 11:45:09
germ-germinadorap-de5832|LOT-20260425-651F-001|r1_c1|rep0,LOT-20260425-651F-001:B2:R0,germ-germinadorap-de5832,LOT-20260425-651F-001,B2,1,1,0,Rabano,Bola,c4,desarrollo_normal,2026-05-02 22:43:56,2439,manual,2026-04-27 12:00:06,2026-04-25 23:34:37,36.42,2,cg_1777291204227_2,742,cam2_20260427_060005.jpg,crops/cam2_20260427_060005_r1_c1.jpg,744,cam2_20260427_060008.jpg,crops/cam2_20260427_060008_r1_c1.jpg,909,26.2,,43,100,0,0,0,0,0,0.0,0.0,723.0,0.0,12.1,6.0,0.0,0.0,,2026-04-27 12:00:09
germ-germinadorap-de5832|LOT-20260425-651F-001|r1_c1|rep0,LOT-20260425-651F-001:B2:R0,germ-germinadorap-de5832,LOT-20260425-651F-001,B2,1,1,0,Rabano,Bola,c4,desarrollo_normal,2026-05-02 22:43:56,2439,manual,2026-04-27 12:15:06,2026-04-25 23:34:37,36.67,2,cg_1777292104236_2,746,cam2_20260427_061505.jpg,crops/cam2_20260427_061505_r1_c1.jpg,748,cam2_20260427_061509.jpg,crops/cam2_20260427_061509_r1_c1.jpg,917,26.2,,43,100,0,0,0,0,0,0.0,0.0,723.0,0.0,12.1,6.0,0.0,0.0,,2026-04-27 12:15:09
germ-germinadorap-de5832|LOT-20260425-651F-001|r1_c1|rep0,LOT-20260425-651F-001:B2:R0,germ-germinadorap-de5832,LOT-20260425-651F-001,B2,1,1,0,Rabano,Bola,c4,desarrollo_normal,2026-05-02 22:43:56,2439,manual,2026-04-27 12:30:06,2026-04-25 23:34:37,36.92,2,cg_1777293004247_2,750,cam2_20260427_063005.jpg,crops/cam2_20260427_063005_r1_c1.jpg,752,cam2_20260427_063009.jpg,crops/cam2_20260427_063009_r1_c1.jpg,925,26.2,,43,100,0,0,0,0,0,0.0,0.0,723.0,0.0,12.1,6.0,0.0,0.0,,2026-04-27 12:30:10
germ-germinadorap-de5832|LOT-20260425-651F-001|r1_c1|rep0,LOT-20260425-651F-001:B2:R0,germ-germinadorap-de5832,LOT-20260425-651F-001,B2,1,1,0,Rabano,Bola,c4,desarrollo_normal,2026-05-02 22:43:56,2439,manual,2026-04-27 12:45:06,2026-04-25 23:34:37,37.17,2,cg_1777293904255_2,754,cam2_20260427_064505.jpg,crops/cam2_20260427_064505_r1_c1.jpg,756,cam2_20260427_064508.jpg,crops/cam2_20260427_064508_r1_c1.jpg,933,26.2,,43,100,0,0,0,0,0,0.0,0.0,723.0,0.0,12.1,6.0,0.0,0.0,,2026-04-27 12:45:09
germ-germinadorap-de5832|LOT-20260425-651F-001|r1_c1|rep0,LOT-20260425-651F-001:B2:R0,germ-germinadorap-de5832,LOT-20260425-651F-001,B2,1,1,0,Rabano,Bola,c4,desarrollo_normal,2026-05-02 22:43:56,2439,manual,2026-04-27 13:00:06,2026-04-25 23:34:37,37.42,2,cg_1777294804263_2,758,cam2_20260427_070005.jpg,crops/cam2_20260427_070005_r1_c1.jpg,760,cam2_20260427_070008.jpg,crops/cam2_20260427_070008_r1_c1.jpg,941,26.2,,43,100,0,0,0,0,0,0.0,0.0,723.0,0.0,12.1,6.0,0.0,0.0,,2026-04-27 13:00:09
germ-germinadorap-de5832|LOT-20260425-651F-001|r1_c1|rep0,LOT-20260425-651F-001:B2:R0,germ-germinadorap-de5832,LOT-20260425-651F-001,B2,1,1,0,Rabano,Bola,c4,desarrollo_normal,2026-05-02 22:43:56,2439,manual,2026-04-27 13:15:06,2026-04-25 23:34:37,37.67,2,cg_1777295704268_2,762,cam2_20260427_071505.jpg,crops/cam2_20260427_071505_r1_c1.jpg,764,cam2_20260427_071508.jpg,crops/cam2_20260427_071508_r1_c1.jpg,949,26.2,,43,100,0,0,0,0,0,0.0,0.0,723.0,0.0,12.1,6.0,0.0,0.0,,2026-04-27 13:15:09
germ-germinadorap-de5832|LOT-20260425-651F-001|r1_c1|rep0,LOT-20260425-651F-001:B2:R0,germ-germinadorap-de5832,LOT-20260425-651F-001,B2,1,1,0,Rabano,Bola,c4,desarrollo_normal,2026-05-02 22:43:56,2439,manual,2026-04-27 13:30:06,2026-04-25 23:34:37,37.92,2,cg_1777296604272_2,766,cam2_20260427_073005.jpg,crops/cam2_20260427_073005_r1_c1.jpg,768,cam2_20260427_073008.jpg,crops/cam2_20260427_073008_r1_c1.jpg,957,26.2,,43,100,0,0,0,0,0,0.0,0.0,723.0,0.0,12.1,6.0,0.0,0.0,,2026-04-27 13:30:09
germ-germinadorap-de5832|LOT-20260425-651F-001|r1_c1|rep0,LOT-20260425-651F-001:B2:R0,germ-germinadorap-de5832,LOT-20260425-651F-001,B2,1,1,0,Rabano,Bola,c4,desarrollo_normal,2026-05-02 22:43:56,2439,manual,2026-04-27 13:45:06,2026-04-25 23:34:37,38.17,2,cg_1777297504283_2,770,cam2_20260427_074505.jpg,crops/cam2_20260427_074505_r1_c1.jpg,772,cam2_20260427_074508.jpg,crops/cam2_20260427_074508_r1_c1.jpg,965,26.2,,43,100,0,0,0,0,0,0.0,0.0,723.0,0.0,12.1,6.0,0.0,0.0,,2026-04-27 13:45:09
germ-germinadorap-de5832|LOT-20260425-651F-001|r1_c1|rep0,LOT-20260425-651F-001:B2:R0,germ-germinadorap-de5832,LOT-20260425-651F-001,B2,1,1,0,Rabano,Bola,c4,desarrollo_normal,2026-05-02 22:43:56,2439,manual,2026-04-27 14:00:06,2026-04-25 23:34:37,38.42,2,cg_1777298404293_2,774,cam2_20260427_080005.jpg,crops/cam2_20260427_080005_r1_c1.jpg,776,cam2_20260427_080008.jpg,crops/cam2_20260427_080008_r1_c1.jpg,973,26.2,,43,100,0,0,0,0,0,0.0,0.0,723.0,0.0,12.1,6.0,0.0,0.0,,2026-04-27 14:00:09
germ-germinadorap-de5832|LOT-20260425-651F-001|r1_c1|rep0,LOT-20260425-651F-001:B2:R0,germ-germinadorap-de5832,LOT-20260425-651F-001,B2,1,1,0,Rabano,Bola,c4,desarrollo_normal,2026-05-02 22:43:56,2439,manual,2026-04-27 14:15:06,2026-04-25 23:34:37,38.67,2,cg_1777299304330_2,778,cam2_20260427_081506.jpg,crops/cam2_20260427_081506_r1_c1.jpg,780,cam2_20260427_081508.jpg,crops/cam2_20260427_081508_r1_c1.jpg,981,26.2,,43,100,0,0,0,0,0,0.0,0.0,738.0,0.0,12.3,6.2,0.0,0.0,,2026-04-27 14:15:09
germ-germinadorap-de5832|LOT-20260425-651F-001|r1_c1|rep0,LOT-20260425-651F-001:B2:R0,germ-germinadorap-de5832,LOT-20260425-651F-001,B2,1,1,0,Rabano,Bola,c4,desarrollo_normal,2026-05-02 22:43:56,2439,manual,2026-04-27 14:30:06,2026-04-25 23:34:37,38.92,2,cg_1777300204311_2,782,cam2_20260427_083005.jpg,crops/cam2_20260427_083005_r1_c1.jpg,784,cam2_20260427_083008.jpg,crops/cam2_20260427_083008_r1_c1.jpg,989,26.2,,43,100,0,0,0,0,0,0.0,0.0,753.0,0.0,12.6,6.3,0.0,0.0,,2026-04-27 14:30:08
germ-germinadorap-de5832|LOT-20260425-651F-001|r1_c1|rep0,LOT-20260425-651F-001:B2:R0,germ-germinadorap-de5832,LOT-20260425-651F-001,B2,1,1,0,Rabano,Bola,c4,desarrollo_normal,2026-05-02 22:43:56,2439,manual,2026-04-27 14:45:06,2026-04-25 23:34:37,39.17,2,cg_1777301104321_2,786,cam2_20260427_084505.jpg,crops/cam2_20260427_084505_r1_c1.jpg,788,cam2_20260427_084508.jpg,crops/cam2_20260427_084508_r1_c1.jpg,997,26.2,,43,100,0,0,0,0,0,0.0,0.0,768.0,0.0,12.8,6.4,0.0,0.0,,2026-04-27 14:45:08
germ-germinadorap-de5832|LOT-20260425-651F-001|r1_c1|rep0,LOT-20260425-651F-001:B2:R0,germ-germinadorap-de5832,LOT-20260425-651F-001,B2,1,1,0,Rabano,Bola,c4,desarrollo_normal,2026-05-02 22:43:56,2439,manual,2026-04-27 15:00:06,2026-04-25 23:34:37,39.42,2,cg_1777302004330_2,790,cam2_20260427_090005.jpg,crops/cam2_20260427_090005_r1_c1.jpg,792,cam2_20260427_090008.jpg,crops/cam2_20260427_090008_r1_c1.jpg,1005,26.2,,43,100,0,0,0,0,0,0.0,0.0,783.0,0.0,13.1,6.5,0.0,0.0,,2026-04-27 15:00:09
germ-germinadorap-de5832|LOT-20260425-651F-001|r1_c1|rep0,LOT-20260425-651F-001:B2:R0,germ-germinadorap-de5832,LOT-20260425-651F-001,B2,1,1,0,Rabano,Bola,c4,desarrollo_normal,2026-05-02 22:43:56,2439,manual,2026-04-27 15:15:06,2026-04-25 23:34:37,39.67,2,cg_1777302904336_2,794,cam2_20260427_091505.jpg,crops/cam2_20260427_091505_r1_c1.jpg,796,cam2_20260427_091509.jpg,crops/cam2_20260427_091509_r1_c1.jpg,1013,26.2,,43,100,0,0,0,0,0,0.0,0.0,797.0,0.0,13.3,6.7,0.0,0.0,,2026-04-27 15:15:10
germ-germinadorap-de5832|LOT-20260425-651F-001|r1_c1|rep0,LOT-20260425-651F-001:B2:R0,germ-germinadorap-de5832,LOT-20260425-651F-001,B2,1,1,0,Rabano,Bola,c4,desarrollo_normal,2026-05-02 22:43:56,2439,manual,2026-04-27 15:30:06,2026-04-25 23:34:37,39.92,2,cg_1777303804337_2,798,cam2_20260427_093005.jpg,crops/cam2_20260427_093005_r1_c1.jpg,800,cam2_20260427_093009.jpg,crops/cam2_20260427_093009_r1_c1.jpg,1021,26.2,,43,100,0,0,0,0,0,0.0,0.0,812.0,0.0,13.5,6.8,0.0,0.0,,2026-04-27 15:30:10
germ-germinadorap-de5832|LOT-20260425-651F-001|r1_c1|rep0,LOT-20260425-651F-001:B2:R0,germ-germinadorap-de5832,LOT-20260425-651F-001,B2,1,1,0,Rabano,Bola,c4,desarrollo_normal,2026-05-02 22:43:56,2439,manual,2026-04-27 15:45:06,2026-04-25 23:34:37,40.17,2,cg_1777304704347_2,802,cam2_20260427_094505.jpg,crops/cam2_20260427_094505_r1_c1.jpg,804,cam2_20260427_094508.jpg,crops/cam2_20260427_094508_r1_c1.jpg,1029,26.2,,43,100,0,0,0,0,0,0.0,0.0,827.0,0.0,13.8,6.9,0.0,0.0,,2026-04-27 15:45:08
germ-germinadorap-de5832|LOT-20260425-651F-001|r1_c1|rep0,LOT-20260425-651F-001:B2:R0,germ-germinadorap-de5832,LOT-20260425-651F-001,B2,1,1,0,Rabano,Bola,c4,desarrollo_normal,2026-05-02 22:43:56,2439,manual,2026-04-27 16:00:06,2026-04-25 23:34:37,40.42,2,cg_1777305604356_2,806,cam2_20260427_100005.jpg,crops/cam2_20260427_100005_r1_c1.jpg,808,cam2_20260427_100008.jpg,crops/cam2_20260427_100008_r1_c1.jpg,1037,26.2,,43,100,0,0,0,0,0,0.0,0.0,842.0,0.0,14.0,7.0,0.0,0.0,,2026-04-27 16:00:08
germ-germinadorap-de5832|LOT-20260425-651F-001|r1_c1|rep0,LOT-20260425-651F-001:B2:R0,germ-germinadorap-de5832,LOT-20260425-651F-001,B2,1,1,0,Rabano,Bola,c4,desarrollo_normal,2026-05-02 22:43:56,2439,manual,2026-04-27 16:15:06,2026-04-25 23:34:37,40.67,2,cg_1777306504373_2,810,cam2_20260427_101505.jpg,crops/cam2_20260427_101505_r1_c1.jpg,812,cam2_20260427_101508.jpg,crops/cam2_20260427_101508_r1_c1.jpg,1045,26.2,,43,100,0,0,0,0,0,0.0,0.0,857.0,0.0,14.3,7.1,0.0,0.0,,2026-04-27 16:15:08
germ-germinadorap-de5832|LOT-20260425-651F-001|r1_c1|rep0,LOT-20260425-651F-001:B2:R0,germ-germinadorap-de5832,LOT-20260425-651F-001,B2,1,1,0,Rabano,Bola,c4,desarrollo_normal,2026-05-02 22:43:56,2439,manual,2026-04-27 16:30:06,2026-04-25 23:34:37,40.92,2,cg_1777307404379_2,814,cam2_20260427_103005.jpg,crops/cam2_20260427_103005_r1_c1.jpg,816,cam2_20260427_103008.jpg,crops/cam2_20260427_103008_r1_c1.jpg,1053,26.2,,43,100,0,0,0,0,0,0.0,0.0,872.0,0.0,14.5,7.3,0.0,0.0,,2026-04-27 16:30:08
germ-germinadorap-de5832|LOT-20260425-651F-001|r1_c1|rep0,LOT-20260425-651F-001:B2:R0,germ-germinadorap-de5832,LOT-20260425-651F-001,B2,1,1,0,Rabano,Bola,c4,desarrollo_normal,2026-05-02 22:43:56,2439,manual,2026-04-27 16:45:06,2026-04-25 23:34:37,41.17,2,cg_1777308304391_2,818,cam2_20260427_104505.jpg,crops/cam2_20260427_104505_r1_c1.jpg,820,cam2_20260427_104508.jpg,crops/cam2_20260427_104508_r1_c1.jpg,1061,26.2,,43,100,0,0,0,0,0,0.0,0.0,887.0,0.0,14.8,7.4,0.0,0.0,,2026-04-27 16:45:08
