observation_id,plant_instance_id,lot_id,position_tag,replacement_index,classification,species,variety,image_id,image_filename,image_light_type,flash_image_id,flash_image_filename,crop_path,capture_camera_id,temperature,humidity,water_level,light_minutes,had_light,capture_interval_min,light_minutes_in_period,ventilation_minutes,had_ventilation,ventilation_minutes_in_period,lot_day,light_hours_accumulated,light_hours_per_day,vent_hours_accumulated,vent_hours_per_day,relay_light,relay_irrigation,relay_ventilation,local_status,observed_at
5,,LOT-20260425-651F-004,,,,Ejote,,5,cam2_20260425_203755.jpg,ambient,6,cam2_20260425_203758.jpg,,2,26.2,43,100,0,0,15,0.0,0.0,0,0.0,1,0.0,0.0,0.0,0.0,0,0,0,,2026-04-26 02:37:59
7,,LOT-20260425-651F-004,,,,Ejote,,7,cam2_20260425_203854.jpg,ambient,9,cam2_20260425_203858.jpg,,2,26.2,43,100,0,0,15,0.0,0.0,0,0.0,1,0.0,0.0,0.0,0.0,0,0,0,,2026-04-26 02:38:59
15,,LOT-20260425-651F-004,,,,Ejote,,17,cam2_20260425_205354.jpg,ambient,19,cam2_20260425_205358.jpg,,2,26.2,43,100,0,0,15,0.0,0.0,0,0.0,1,0.0,0.0,0.0,0.0,0,0,0,,2026-04-26 02:53:58
23,,LOT-20260425-651F-004,,,,Ejote,,25,cam2_20260425_210854.jpg,ambient,27,cam2_20260425_210857.jpg,,2,26.2,43,100,0,0,15,0.0,0.0,0,0.0,1,0.0,0.0,0.0,0.0,0,0,0,,2026-04-26 03:08:57
34,,LOT-20260425-651F-004,,,,Ejote,,34,cam2_20260425_212355.jpg,ambient,36,cam2_20260425_212400.jpg,,2,26.2,43,100,0,0,15,0.0,0.0,0,0.0,1,0.0,0.0,0.0,0.0,0,0,0,,2026-04-26 03:24:01
39,,LOT-20260425-651F-004,,,,Ejote,,41,cam2_20260425_213854.jpg,ambient,43,cam2_20260425_213857.jpg,,2,26.2,43,100,0,0,15,0.0,0.0,0,0.0,1,0.0,0.0,0.0,0.0,0,0,0,,2026-04-26 03:38:57
47,,LOT-20260425-651F-004,,,,Ejote,,49,cam2_20260425_215354.jpg,ambient,51,cam2_20260425_215357.jpg,,2,26.2,43,100,0,0,15,0.0,0.0,0,0.0,1,0.0,0.0,0.0,0.0,0,0,0,,2026-04-26 03:53:57
55,,LOT-20260425-651F-004,,,,Ejote,,57,cam2_20260425_220854.jpg,ambient,59,cam2_20260425_220858.jpg,,2,26.2,43,100,0,0,15,0.0,0.0,0,0.0,1,0.0,0.0,0.0,0.0,0,0,0,,2026-04-26 04:08:59
63,,LOT-20260425-651F-004,,,,Ejote,,65,cam2_20260425_222354.jpg,ambient,67,cam2_20260425_222357.jpg,,2,26.2,43,100,0,0,15,0.0,0.0,0,0.0,1,0.0,0.0,0.0,0.0,0,0,0,,2026-04-26 04:23:57
71,,LOT-20260425-651F-004,,,,Ejote,,73,cam2_20260425_223854.jpg,ambient,75,cam2_20260425_223858.jpg,,2,26.2,43,100,0,0,15,0.0,0.0,0,0.0,1,0.0,0.0,0.0,0.0,0,0,0,,2026-04-26 04:38:59
79,,LOT-20260425-651F-004,,,,Ejote,,81,cam2_20260425_225354.jpg,ambient,83,cam2_20260425_225357.jpg,,2,26.2,43,100,0,0,15,0.0,0.0,0,0.0,1,0.0,0.0,0.0,0.0,0,0,0,,2026-04-26 04:53:57
87,,LOT-20260425-651F-004,,,,Ejote,,89,cam2_20260425_230854.jpg,ambient,91,cam2_20260425_230857.jpg,,2,26.2,43,100,0,0,15,0.0,0.0,0,0.0,1,0.0,0.0,0.0,0.0,0,0,0,,2026-04-26 05:08:57
95,,LOT-20260425-651F-004,,,,Ejote,,97,cam2_20260425_232354.jpg,ambient,99,cam2_20260425_232357.jpg,,2,26.2,43,100,0,0,15,0.0,0.0,0,0.0,1,0.0,0.0,0.0,0.0,0,0,0,,2026-04-26 05:23:57
103,,LOT-20260425-651F-004,,,,Ejote,,105,cam2_20260425_233854.jpg,ambient,107,cam2_20260425_233857.jpg,,2,26.2,43,100,0,0,15,0.0,0.0,0,0.0,1,0.0,0.0,0.0,0.0,0,0,0,,2026-04-26 05:38:57
114,,LOT-20260425-651F-004,,,,Ejote,,114,cam2_20260425_235355.jpg,ambient,116,cam2_20260425_235359.jpg,,2,26.2,43,100,0,0,15,0.0,0.0,0,0.0,1,0.0,0.0,0.0,0.0,0,0,0,,2026-04-26 05:53:59
119,,LOT-20260425-651F-004,,,,Ejote,,121,cam2_20260426_000854.jpg,ambient,123,cam2_20260426_000857.jpg,,2,26.2,43,100,0,0,15,0.0,0.0,0,0.0,1,0.0,0.0,0.0,0.0,0,0,0,,2026-04-26 06:08:57
127,,LOT-20260425-651F-004,,,,Ejote,,129,cam2_20260426_002354.jpg,ambient,131,cam2_20260426_002359.jpg,,2,26.2,43,100,0,0,15,0.0,0.0,0,0.0,1,0.0,0.0,0.0,0.0,0,0,0,,2026-04-26 06:23:59
135,,LOT-20260425-651F-004,,,,Ejote,,137,cam2_20260426_003854.jpg,ambient,139,cam2_20260426_003859.jpg,,2,26.2,43,100,1,0,15,0.0,0.0,0,0.0,1,0.0,0.0,0.0,0.0,0,0,0,,2026-04-26 06:38:59
143,,LOT-20260425-651F-004,,,,Ejote,,145,cam2_20260426_005355.jpg,ambient,147,cam2_20260426_005359.jpg,,2,26.2,43,100,1,0,15,0.0,0.0,0,0.0,1,0.0,0.0,0.0,0.0,0,0,0,,2026-04-26 06:54:00
151,,LOT-20260425-651F-004,,,,Ejote,,153,cam2_20260426_010854.jpg,ambient,155,cam2_20260426_010857.jpg,,2,26.2,43,100,1,0,15,0.0,0.0,0,0.0,1,0.0,0.0,0.0,0.0,0,0,0,,2026-04-26 07:08:57
159,,LOT-20260425-651F-004,,,,Ejote,,161,cam2_20260426_012354.jpg,ambient,163,cam2_20260426_012357.jpg,,2,26.2,43,100,1,0,15,0.0,0.0,0,0.0,1,0.0,0.0,0.0,0.0,0,0,0,,2026-04-26 07:23:57
167,,LOT-20260425-651F-004,,,,Ejote,,169,cam2_20260426_013854.jpg,ambient,171,cam2_20260426_013857.jpg,,2,26.2,43,100,1,0,15,0.0,0.0,0,0.0,1,0.0,0.0,0.0,0.0,0,0,0,,2026-04-26 07:38:58
175,,LOT-20260425-651F-004,,,,Ejote,,177,cam2_20260426_015354.jpg,ambient,179,cam2_20260426_015357.jpg,,2,26.2,43,100,1,0,15,0.0,0.0,0,0.0,1,0.0,0.0,0.0,0.0,0,0,0,,2026-04-26 07:53:57
183,,LOT-20260425-651F-004,,,,Ejote,,185,cam2_20260426_020854.jpg,ambient,187,cam2_20260426_020858.jpg,,2,26.2,43,100,2,0,15,0.0,0.0,0,0.0,1,0.0,0.0,0.0,0.0,0,0,0,,2026-04-26 08:08:59
191,,LOT-20260425-651F-004,,,,Ejote,,193,cam2_20260426_022354.jpg,ambient,195,cam2_20260426_022357.jpg,,2,26.2,43,100,2,0,15,0.0,0.0,0,0.0,1,0.0,0.0,0.0,0.0,0,0,0,,2026-04-26 08:23:57
199,,LOT-20260425-651F-004,,,,Ejote,,201,cam2_20260426_023854.jpg,ambient,203,cam2_20260426_023857.jpg,,2,26.2,43,100,2,0,15,0.0,0.0,0,0.0,1,0.0,0.0,0.0,0.0,0,0,0,,2026-04-26 08:38:57
207,,LOT-20260425-651F-004,,,,Ejote,,209,cam2_20260426_025354.jpg,ambient,211,cam2_20260426_025357.jpg,,2,26.2,43,100,2,0,15,0.0,0.0,0,0.0,1,0.0,0.0,0.0,0.0,0,0,0,,2026-04-26 08:53:57
215,,LOT-20260425-651F-004,,,,Ejote,,217,cam2_20260426_030854.jpg,ambient,219,cam2_20260426_030857.jpg,,2,26.2,43,100,2,0,15,0.0,0.0,0,0.0,1,0.0,0.0,0.0,0.0,0,0,0,,2026-04-26 09:08:57
223,,LOT-20260425-651F-004,,,,Ejote,,225,cam2_20260426_032354.jpg,ambient,227,cam2_20260426_032357.jpg,,2,26.2,43,100,2,0,15,0.0,0.0,0,0.0,1,0.0,0.0,0.0,0.0,0,0,0,,2026-04-26 09:23:57
231,,LOT-20260425-651F-004,,,,Ejote,,233,cam2_20260426_033854.jpg,ambient,235,cam2_20260426_033857.jpg,,2,26.2,43,100,2,0,15,0.0,0.0,0,0.0,1,0.0,0.0,0.0,0.0,0,0,0,,2026-04-26 09:38:57
239,,LOT-20260425-651F-004,,,,Ejote,,241,cam2_20260426_035354.jpg,ambient,243,cam2_20260426_035357.jpg,,2,26.2,43,100,2,0,15,0.0,0.0,0,0.0,1,0.0,0.0,0.0,0.0,0,0,0,,2026-04-26 09:53:57
247,,LOT-20260425-651F-004,,,,Ejote,,249,cam2_20260426_040854.jpg,ambient,251,cam2_20260426_040857.jpg,,2,26.2,43,100,3,0,15,0.0,0.0,0,0.0,1,0.1,0.1,0.0,0.0,0,0,0,,2026-04-26 10:08:57
255,,LOT-20260425-651F-004,,,,Ejote,,257,cam2_20260426_042354.jpg,ambient,259,cam2_20260426_042357.jpg,,2,26.2,43,100,3,0,15,0.0,0.0,0,0.0,1,0.1,0.1,0.0,0.0,0,0,0,,2026-04-26 10:23:57
263,,LOT-20260425-651F-004,,,,Ejote,,265,cam2_20260426_043854.jpg,ambient,267,cam2_20260426_043857.jpg,,2,26.2,43,100,3,0,15,0.0,0.0,0,0.0,1,0.1,0.1,0.0,0.0,0,0,0,,2026-04-26 10:38:57
271,,LOT-20260425-651F-004,,,,Ejote,,273,cam2_20260426_045354.jpg,ambient,275,cam2_20260426_045357.jpg,,2,26.2,43,100,3,0,15,0.0,0.0,0,0.0,1,0.1,0.1,0.0,0.0,0,0,0,,2026-04-26 10:53:57
279,,LOT-20260425-651F-004,,,,Ejote,,281,cam2_20260426_050854.jpg,ambient,283,cam2_20260426_050857.jpg,,2,26.2,43,100,3,0,15,0.0,0.0,0,0.0,1,0.1,0.1,0.0,0.0,0,0,0,,2026-04-26 11:08:57
287,,LOT-20260425-651F-004,,,,Ejote,,289,cam2_20260426_052354.jpg,ambient,291,cam2_20260426_052357.jpg,,2,26.2,43,100,3,0,15,0.0,0.0,0,0.0,1,0.1,0.1,0.0,0.0,0,0,0,,2026-04-26 11:23:57
295,,LOT-20260425-651F-004,,,,Ejote,,297,cam2_20260426_053854.jpg,ambient,299,cam2_20260426_053857.jpg,,2,26.2,43,100,3,0,15,0.0,0.0,0,0.0,1,0.1,0.1,0.0,0.0,0,0,0,,2026-04-26 11:38:57
303,,LOT-20260425-651F-004,,,,Ejote,,305,cam2_20260426_055354.jpg,ambient,307,cam2_20260426_055357.jpg,,2,26.2,43,100,3,0,15,0.0,0.0,0,0.0,1,0.1,0.1,0.0,0.0,0,0,0,,2026-04-26 11:53:57
311,,LOT-20260425-651F-004,,,,Ejote,,313,cam2_20260426_060854.jpg,ambient,315,cam2_20260426_060857.jpg,,2,26.2,43,100,4,0,15,0.0,0.0,0,0.0,1,0.1,0.1,0.0,0.0,0,0,0,,2026-04-26 12:08:57
319,,LOT-20260425-651F-004,,,,Ejote,,321,cam2_20260426_062354.jpg,ambient,323,cam2_20260426_062357.jpg,,2,26.2,43,100,4,0,15,0.0,0.0,0,0.0,1,0.1,0.1,0.0,0.0,0,0,0,,2026-04-26 12:23:57
327,,LOT-20260425-651F-004,,,,Ejote,,329,cam2_20260426_063854.jpg,ambient,331,cam2_20260426_063857.jpg,,2,26.2,43,100,4,0,15,0.0,0.0,0,0.0,1,0.1,0.1,0.0,0.0,0,0,0,,2026-04-26 12:38:57
335,,LOT-20260425-651F-004,,,,Ejote,,337,cam2_20260426_065354.jpg,ambient,339,cam2_20260426_065357.jpg,,2,26.2,43,100,4,0,15,0.0,0.0,0,0.0,1,0.1,0.1,0.0,0.0,0,0,0,,2026-04-26 12:53:57
343,,LOT-20260425-651F-004,,,,Ejote,,345,cam2_20260426_070854.jpg,ambient,347,cam2_20260426_070857.jpg,,2,26.2,43,100,4,0,15,0.0,0.0,0,0.0,1,0.1,0.1,0.0,0.0,0,0,0,,2026-04-26 13:08:57
351,,LOT-20260425-651F-004,,,,Ejote,,353,cam2_20260426_072354.jpg,ambient,355,cam2_20260426_072357.jpg,,2,26.2,43,100,4,0,15,0.0,0.0,0,0.0,1,0.1,0.1,0.0,0.0,0,0,0,,2026-04-26 13:23:57
359,,LOT-20260425-651F-004,,,,Ejote,,361,cam2_20260426_073854.jpg,ambient,363,cam2_20260426_073857.jpg,,2,26.2,43,100,4,0,15,0.0,0.0,0,0.0,1,0.1,0.1,0.0,0.0,0,0,0,,2026-04-26 13:38:57
367,,LOT-20260425-651F-004,,,,Ejote,,369,cam2_20260426_075354.jpg,ambient,371,cam2_20260426_075357.jpg,,2,26.2,43,100,4,0,15,0.0,0.0,0,0.0,1,0.1,0.1,0.0,0.0,0,0,0,,2026-04-26 13:53:57
375,,LOT-20260425-651F-004,,,,Ejote,,377,cam2_20260426_080854.jpg,ambient,379,cam2_20260426_080857.jpg,,2,26.2,43,100,13,0,15,0.0,0.0,0,0.0,1,0.2,0.2,0.0,0.0,0,0,0,,2026-04-26 14:08:57
383,,LOT-20260425-651F-004,,,,Ejote,,385,cam2_20260426_082354.jpg,ambient,387,cam2_20260426_082357.jpg,,2,26.2,43,100,28,0,15,0.0,0.0,0,0.0,1,0.5,0.5,0.0,0.0,0,0,0,,2026-04-26 14:23:57
391,,LOT-20260425-651F-004,,,,Ejote,,393,cam2_20260426_083854.jpg,ambient,395,cam2_20260426_083857.jpg,,2,26.2,43,100,43,0,15,0.0,0.0,0,0.0,1,0.7,0.7,0.0,0.0,0,0,0,,2026-04-26 14:38:57
399,,LOT-20260425-651F-004,,,,Ejote,,401,cam2_20260426_085354.jpg,ambient,403,cam2_20260426_085357.jpg,,2,26.2,43,100,57,0,15,0.0,0.0,0,0.0,1,0.9,0.9,0.0,0.0,0,0,0,,2026-04-26 14:53:57
407,,LOT-20260425-651F-004,,,,Ejote,,409,cam2_20260426_090854.jpg,ambient,411,cam2_20260426_090857.jpg,,2,26.2,43,100,72,0,15,0.0,0.0,0,0.0,1,1.2,1.2,0.0,0.0,0,0,0,,2026-04-26 15:08:58
415,,LOT-20260425-651F-004,,,,Ejote,,417,cam2_20260426_092354.jpg,ambient,419,cam2_20260426_092357.jpg,,2,26.2,43,100,87,0,15,0.0,0.0,0,0.0,1,1.4,1.4,0.0,0.0,0,0,0,,2026-04-26 15:23:57
423,,LOT-20260425-651F-004,,,,Ejote,,425,cam2_20260426_093854.jpg,ambient,427,cam2_20260426_093857.jpg,,2,26.2,43,100,102,0,15,0.0,0.0,0,0.0,1,1.7,1.7,0.0,0.0,0,0,0,,2026-04-26 15:38:57
431,,LOT-20260425-651F-004,,,,Ejote,,433,cam2_20260426_095354.jpg,ambient,435,cam2_20260426_095357.jpg,,2,26.2,43,100,117,0,15,0.0,0.0,0,0.0,1,1.9,1.9,0.0,0.0,0,0,0,,2026-04-26 15:53:57
439,,LOT-20260425-651F-004,,,,Ejote,,441,cam2_20260426_100854.jpg,ambient,443,cam2_20260426_100857.jpg,,2,26.2,43,100,132,0,15,0.0,0.0,0,0.0,1,2.2,2.2,0.0,0.0,0,0,0,,2026-04-26 16:08:57
447,,LOT-20260425-651F-004,,,,Ejote,,449,cam2_20260426_102354.jpg,ambient,451,cam2_20260426_102357.jpg,,2,26.2,43,100,146,0,15,0.0,0.0,0,0.0,1,2.4,2.4,0.0,0.0,0,0,0,,2026-04-26 16:23:57
455,,LOT-20260425-651F-004,,,,Ejote,,457,cam2_20260426_103854.jpg,ambient,459,cam2_20260426_103857.jpg,,2,26.2,43,100,161,0,15,0.0,0.0,0,0.0,1,2.7,2.7,0.0,0.0,0,0,0,,2026-04-26 16:38:57
463,,LOT-20260425-651F-004,,,,Ejote,,465,cam2_20260426_105619.jpg,ambient,467,cam2_20260426_105622.jpg,,2,26.2,43,100,179,0,15,0.0,0.0,0,0.0,1,3.0,3.0,0.0,0.0,0,0,0,,2026-04-26 16:56:22
471,,LOT-20260425-651F-004,,,,Ejote,,471,cam2_20260426_111118.jpg,ambient,473,cam2_20260426_111121.jpg,,2,26.2,43,100,194,0,15,0.0,0.0,0,0.0,1,3.2,3.2,0.0,0.0,0,0,0,,2026-04-26 17:11:22
479,,LOT-20260425-651F-004,,,,Ejote,,477,cam2_20260426_112618.jpg,ambient,479,cam2_20260426_112622.jpg,,2,26.2,43,100,208,0,15,0.0,0.0,0,0.0,1,3.5,3.5,0.0,0.0,0,0,0,,2026-04-26 17:26:22
487,,LOT-20260425-651F-004,,,,Ejote,,483,cam2_20260426_114118.jpg,ambient,485,cam2_20260426_114122.jpg,,2,26.2,43,100,223,0,15,0.0,0.0,0,0.0,1,3.7,3.7,0.0,0.0,0,0,0,,2026-04-26 17:41:22
495,,LOT-20260425-651F-004,,,,Ejote,,489,cam2_20260426_115618.jpg,ambient,491,cam2_20260426_115622.jpg,,2,26.2,43,100,238,0,15,0.0,0.0,0,0.0,1,4.0,4.0,0.0,0.0,0,0,0,,2026-04-26 17:56:22
503,,LOT-20260425-651F-004,,,,Ejote,,495,cam2_20260426_121119.jpg,ambient,497,cam2_20260426_121122.jpg,,2,26.2,43,100,253,0,15,0.0,0.0,0,0.0,1,4.2,4.2,0.0,0.0,0,0,0,,2026-04-26 18:11:23
511,,LOT-20260425-651F-004,,,,Ejote,,501,cam2_20260426_122619.jpg,ambient,503,cam2_20260426_122623.jpg,,2,26.2,43,100,268,0,15,0.0,0.0,0,0.0,1,4.5,4.5,0.0,0.0,0,0,0,,2026-04-26 18:26:23
519,,LOT-20260425-651F-004,,,,Ejote,,507,cam2_20260426_124119.jpg,ambient,509,cam2_20260426_124122.jpg,,2,26.2,43,100,283,0,15,0.0,0.0,0,0.0,1,4.7,4.7,0.0,0.0,0,0,0,,2026-04-26 18:41:23
527,,LOT-20260425-651F-004,,,,Ejote,,513,cam2_20260426_125619.jpg,ambient,515,cam2_20260426_125623.jpg,,2,26.2,43,100,298,0,15,0.0,0.0,0,0.0,1,5.0,5.0,0.0,0.0,0,0,0,,2026-04-26 18:56:23
709,,LOT-20260425-651F-004,,,,Ejote,,642,cam2_20260426_234502.jpg,ambient,644,cam2_20260426_234508.jpg,,2,26.2,43,100,718,0,15,0.0,0.0,0,0.0,2,12.0,6.0,0.0,0.0,0,0,0,,2026-04-27 05:45:08
717,,LOT-20260425-651F-004,,,,Ejote,,646,cam2_20260427_000005.jpg,ambient,648,cam2_20260427_000010.jpg,,2,26.2,43,100,721,0,15,0.0,0.0,0,0.0,2,12.0,6.0,0.0,0.0,0,0,0,,2026-04-27 06:00:11
725,,LOT-20260425-651F-004,,,,Ejote,,650,cam2_20260427_001505.jpg,ambient,652,cam2_20260427_001510.jpg,,2,26.2,43,100,722,0,15,0.0,0.0,0,0.0,2,12.0,6.0,0.0,0.0,0,0,0,,2026-04-27 06:15:10
733,,LOT-20260425-651F-004,,,,Ejote,,654,cam2_20260427_003005.jpg,ambient,656,cam2_20260427_003008.jpg,,2,26.2,43,100,722,0,15,0.0,0.0,0,0.0,2,12.0,6.0,0.0,0.0,0,0,0,,2026-04-27 06:30:09
741,,LOT-20260425-651F-004,,,,Ejote,,658,cam2_20260427_004505.jpg,ambient,660,cam2_20260427_004508.jpg,,2,26.2,43,100,722,0,15,0.0,0.0,0,0.0,2,12.0,6.0,0.0,0.0,0,0,0,,2026-04-27 06:45:09
749,,LOT-20260425-651F-004,,,,Ejote,,662,cam2_20260427_010005.jpg,ambient,664,cam2_20260427_010008.jpg,,2,26.2,43,100,722,0,15,0.0,0.0,0,0.0,2,12.0,6.0,0.0,0.0,0,0,0,,2026-04-27 07:00:09
757,,LOT-20260425-651F-004,,,,Ejote,,666,cam2_20260427_011505.jpg,ambient,668,cam2_20260427_011508.jpg,,2,26.2,43,100,722,0,15,0.0,0.0,0,0.0,2,12.0,6.0,0.0,0.0,0,0,0,,2026-04-27 07:15:09
765,,LOT-20260425-651F-004,,,,Ejote,,670,cam2_20260427_013005.jpg,ambient,672,cam2_20260427_013008.jpg,,2,26.2,43,100,722,0,15,0.0,0.0,0,0.0,2,12.0,6.0,0.0,0.0,0,0,0,,2026-04-27 07:30:08
773,,LOT-20260425-651F-004,,,,Ejote,,674,cam2_20260427_014505.jpg,ambient,676,cam2_20260427_014508.jpg,,2,26.2,43,100,722,0,15,0.0,0.0,0,0.0,2,12.0,6.0,0.0,0.0,0,0,0,,2026-04-27 07:45:09
781,,LOT-20260425-651F-004,,,,Ejote,,678,cam2_20260427_020005.jpg,ambient,680,cam2_20260427_020008.jpg,,2,26.2,43,100,722,0,15,0.0,0.0,0,0.0,2,12.0,6.0,0.0,0.0,0,0,0,,2026-04-27 08:00:09
789,,LOT-20260425-651F-004,,,,Ejote,,682,cam2_20260427_021505.jpg,ambient,684,cam2_20260427_021508.jpg,,2,26.2,43,100,722,0,15,0.0,0.0,0,0.0,2,12.0,6.0,0.0,0.0,0,0,0,,2026-04-27 08:15:09
797,,LOT-20260425-651F-004,,,,Ejote,,686,cam2_20260427_023005.jpg,ambient,688,cam2_20260427_023008.jpg,,2,26.2,43,100,722,0,15,0.0,0.0,0,0.0,2,12.0,6.0,0.0,0.0,0,0,0,,2026-04-27 08:30:09
805,,LOT-20260425-651F-004,,,,Ejote,,690,cam2_20260427_024505.jpg,ambient,692,cam2_20260427_024508.jpg,,2,26.2,43,100,722,0,15,0.0,0.0,0,0.0,2,12.0,6.0,0.0,0.0,0,0,0,,2026-04-27 08:45:09
813,,LOT-20260425-651F-004,,,,Ejote,,694,cam2_20260427_030005.jpg,ambient,696,cam2_20260427_030008.jpg,,2,26.2,43,100,722,0,15,0.0,0.0,0,0.0,2,12.0,6.0,0.0,0.0,0,0,0,,2026-04-27 09:00:09
821,,LOT-20260425-651F-004,,,,Ejote,,698,cam2_20260427_031505.jpg,ambient,700,cam2_20260427_031508.jpg,,2,26.2,43,100,722,0,15,0.0,0.0,0,0.0,2,12.0,6.0,0.0,0.0,0,0,0,,2026-04-27 09:15:09
829,,LOT-20260425-651F-004,,,,Ejote,,702,cam2_20260427_033005.jpg,ambient,704,cam2_20260427_033008.jpg,,2,26.2,43,100,722,0,15,0.0,0.0,0,0.0,2,12.0,6.0,0.0,0.0,0,0,0,,2026-04-27 09:30:09
837,,LOT-20260425-651F-004,,,,Ejote,,706,cam2_20260427_034505.jpg,ambient,708,cam2_20260427_034508.jpg,,2,26.2,43,100,722,0,15,0.0,0.0,0,0.0,2,12.0,6.0,0.0,0.0,0,0,0,,2026-04-27 09:45:09
845,,LOT-20260425-651F-004,,,,Ejote,,710,cam2_20260427_040005.jpg,ambient,712,cam2_20260427_040008.jpg,,2,26.2,43,100,722,0,15,0.0,0.0,0,0.0,2,12.0,6.0,0.0,0.0,0,0,0,,2026-04-27 10:00:09
853,,LOT-20260425-651F-004,,,,Ejote,,714,cam2_20260427_041505.jpg,ambient,716,cam2_20260427_041508.jpg,,2,26.2,43,100,722,0,15,0.0,0.0,0,0.0,2,12.0,6.0,0.0,0.0,0,0,0,,2026-04-27 10:15:09
865,,LOT-20260425-651F-004,,,,Ejote,,719,cam2_20260427_043005.jpg,ambient,721,cam2_20260427_043010.jpg,,2,26.2,43,100,722,0,15,0.0,0.0,0,0.0,2,12.0,6.0,0.0,0.0,0,0,0,,2026-04-27 10:30:11
869,,LOT-20260425-651F-004,,,,Ejote,,722,cam2_20260427_044505.jpg,ambient,724,cam2_20260427_044509.jpg,,2,26.2,43,100,722,0,15,0.0,0.0,0,0.0,2,12.0,6.0,0.0,0.0,0,0,0,,2026-04-27 10:45:10
877,,LOT-20260425-651F-004,,,,Ejote,,726,cam2_20260427_050005.jpg,ambient,728,cam2_20260427_050008.jpg,,2,26.2,43,100,722,0,15,0.0,0.0,0,0.0,2,12.0,6.0,0.0,0.0,0,0,0,,2026-04-27 11:00:09
885,,LOT-20260425-651F-004,,,,Ejote,,730,cam2_20260427_051505.jpg,ambient,732,cam2_20260427_051509.jpg,,2,26.2,43,100,722,0,15,0.0,0.0,0,0.0,2,12.0,6.0,0.0,0.0,0,0,0,,2026-04-27 11:15:10
893,,LOT-20260425-651F-004,,,,Ejote,,734,cam2_20260427_053005.jpg,ambient,736,cam2_20260427_053008.jpg,,2,26.2,43,100,722,0,15,0.0,0.0,0,0.0,2,12.0,6.0,0.0,0.0,0,0,0,,2026-04-27 11:30:09
901,,LOT-20260425-651F-004,,,,Ejote,,738,cam2_20260427_054505.jpg,ambient,740,cam2_20260427_054508.jpg,,2,26.2,43,100,722,0,15,0.0,0.0,0,0.0,2,12.0,6.0,0.0,0.0,0,0,0,,2026-04-27 11:45:09
909,,LOT-20260425-651F-004,,,,Ejote,,742,cam2_20260427_060005.jpg,ambient,744,cam2_20260427_060008.jpg,,2,26.2,43,100,723,0,15,0.0,0.0,0,0.0,2,12.1,6.0,0.0,0.0,0,0,0,,2026-04-27 12:00:09
917,,LOT-20260425-651F-004,,,,Ejote,,746,cam2_20260427_061505.jpg,ambient,748,cam2_20260427_061509.jpg,,2,26.2,43,100,723,0,15,0.0,0.0,0,0.0,2,12.1,6.0,0.0,0.0,0,0,0,,2026-04-27 12:15:09
925,,LOT-20260425-651F-004,,,,Ejote,,750,cam2_20260427_063005.jpg,ambient,752,cam2_20260427_063009.jpg,,2,26.2,43,100,723,0,15,0.0,0.0,0,0.0,2,12.1,6.0,0.0,0.0,0,0,0,,2026-04-27 12:30:10
933,,LOT-20260425-651F-004,,,,Ejote,,754,cam2_20260427_064505.jpg,ambient,756,cam2_20260427_064508.jpg,,2,26.2,43,100,723,0,15,0.0,0.0,0,0.0,2,12.1,6.0,0.0,0.0,0,0,0,,2026-04-27 12:45:09
941,,LOT-20260425-651F-004,,,,Ejote,,758,cam2_20260427_070005.jpg,ambient,760,cam2_20260427_070008.jpg,,2,26.2,43,100,723,0,15,0.0,0.0,0,0.0,2,12.1,6.0,0.0,0.0,0,0,0,,2026-04-27 13:00:09
949,,LOT-20260425-651F-004,,,,Ejote,,762,cam2_20260427_071505.jpg,ambient,764,cam2_20260427_071508.jpg,,2,26.2,43,100,723,0,15,0.0,0.0,0,0.0,2,12.1,6.0,0.0,0.0,0,0,0,,2026-04-27 13:15:09
957,,LOT-20260425-651F-004,,,,Ejote,,766,cam2_20260427_073005.jpg,ambient,768,cam2_20260427_073008.jpg,,2,26.2,43,100,723,0,15,0.0,0.0,0,0.0,2,12.1,6.0,0.0,0.0,0,0,0,,2026-04-27 13:30:09
965,,LOT-20260425-651F-004,,,,Ejote,,770,cam2_20260427_074505.jpg,ambient,772,cam2_20260427_074508.jpg,,2,26.2,43,100,723,0,15,0.0,0.0,0,0.0,2,12.1,6.0,0.0,0.0,0,0,0,,2026-04-27 13:45:09
973,,LOT-20260425-651F-004,,,,Ejote,,774,cam2_20260427_080005.jpg,ambient,776,cam2_20260427_080008.jpg,,2,26.2,43,100,723,0,15,0.0,0.0,0,0.0,2,12.1,6.0,0.0,0.0,0,0,0,,2026-04-27 14:00:09
981,,LOT-20260425-651F-004,,,,Ejote,,778,cam2_20260427_081506.jpg,ambient,780,cam2_20260427_081508.jpg,,2,26.2,43,100,738,0,15,0.0,0.0,0,0.0,2,12.3,6.2,0.0,0.0,0,0,0,,2026-04-27 14:15:09
989,,LOT-20260425-651F-004,,,,Ejote,,782,cam2_20260427_083005.jpg,ambient,784,cam2_20260427_083008.jpg,,2,26.2,43,100,753,0,15,0.0,0.0,0,0.0,2,12.6,6.3,0.0,0.0,0,0,0,,2026-04-27 14:30:08
997,,LOT-20260425-651F-004,,,,Ejote,,786,cam2_20260427_084505.jpg,ambient,788,cam2_20260427_084508.jpg,,2,26.2,43,100,768,0,15,0.0,0.0,0,0.0,2,12.8,6.4,0.0,0.0,0,0,0,,2026-04-27 14:45:08
1005,,LOT-20260425-651F-004,,,,Ejote,,790,cam2_20260427_090005.jpg,ambient,792,cam2_20260427_090008.jpg,,2,26.2,43,100,783,0,15,0.0,0.0,0,0.0,2,13.1,6.5,0.0,0.0,0,0,0,,2026-04-27 15:00:09
1013,,LOT-20260425-651F-004,,,,Ejote,,794,cam2_20260427_091505.jpg,ambient,796,cam2_20260427_091509.jpg,,2,26.2,43,100,797,0,15,0.0,0.0,0,0.0,2,13.3,6.6,0.0,0.0,0,0,0,,2026-04-27 15:15:10
1021,,LOT-20260425-651F-004,,,,Ejote,,798,cam2_20260427_093005.jpg,ambient,800,cam2_20260427_093009.jpg,,2,26.2,43,100,812,0,15,0.0,0.0,0,0.0,2,13.5,6.8,0.0,0.0,0,0,0,,2026-04-27 15:30:10
1029,,LOT-20260425-651F-004,,,,Ejote,,802,cam2_20260427_094505.jpg,ambient,804,cam2_20260427_094508.jpg,,2,26.2,43,100,827,0,15,0.0,0.0,0,0.0,2,13.8,6.9,0.0,0.0,0,0,0,,2026-04-27 15:45:08
1037,,LOT-20260425-651F-004,,,,Ejote,,806,cam2_20260427_100005.jpg,ambient,808,cam2_20260427_100008.jpg,,2,26.2,43,100,842,0,15,0.0,0.0,0,0.0,2,14.0,7.0,0.0,0.0,0,0,0,,2026-04-27 16:00:08
1045,,LOT-20260425-651F-004,,,,Ejote,,810,cam2_20260427_101505.jpg,ambient,812,cam2_20260427_101508.jpg,,2,26.2,43,100,857,0,15,0.0,0.0,0,0.0,2,14.3,7.1,0.0,0.0,0,0,0,,2026-04-27 16:15:08
1053,,LOT-20260425-651F-004,,,,Ejote,,814,cam2_20260427_103005.jpg,ambient,816,cam2_20260427_103008.jpg,,2,26.2,43,100,872,0,15,0.0,0.0,0,0.0,2,14.5,7.3,0.0,0.0,0,0,0,,2026-04-27 16:30:08
1061,,LOT-20260425-651F-004,,,,Ejote,,818,cam2_20260427_104505.jpg,ambient,820,cam2_20260427_104508.jpg,,2,26.2,43,100,887,0,15,0.0,0.0,0,0.0,2,14.8,7.4,0.0,0.0,0,0,0,,2026-04-27 16:45:08
1397,,LOT-20260425-651F-004,,,,Ejote,,985,cam2_20260427_211506.jpg,ambient,987,cam2_20260427_211508.jpg,,2,26.2,43,100,1444,0,15,0.0,0.0,0,0.0,3,24.1,8.0,0.0,0.0,0,0,0,,2026-04-28 03:15:09
1405,,LOT-20260425-651F-004,,,,Ejote,,989,cam2_20260427_213006.jpg,ambient,991,cam2_20260427_213008.jpg,,2,26.2,43,100,1446,0,15,0.0,0.0,0,0.0,3,24.1,8.0,0.0,0.0,0,0,0,,2026-04-28 03:30:09
1413,,LOT-20260425-651F-004,,,,Ejote,,993,cam2_20260427_214506.jpg,ambient,995,cam2_20260427_214508.jpg,,2,26.2,43,100,1446,0,15,0.0,0.0,0,0.0,3,24.1,8.0,0.0,0.0,0,0,0,,2026-04-28 03:45:09
1421,,LOT-20260425-651F-004,,,,Ejote,,997,cam2_20260427_220006.jpg,ambient,999,cam2_20260427_220008.jpg,,2,26.2,43,100,1446,0,15,0.0,0.0,0,0.0,3,24.1,8.0,0.0,0.0,0,0,0,,2026-04-28 04:00:09
1429,,LOT-20260425-651F-004,,,,Ejote,,1001,cam2_20260427_221506.jpg,ambient,1003,cam2_20260427_221508.jpg,,2,26.2,43,100,1446,0,15,0.0,0.0,0,0.0,3,24.1,8.0,0.0,0.0,0,0,0,,2026-04-28 04:15:09
1437,,LOT-20260425-651F-004,,,,Ejote,,1005,cam2_20260427_223042.jpg,ambient,1007,cam2_20260427_223047.jpg,,2,26.2,43,100,1446,0,15,0.0,0.0,0,0.0,3,24.1,8.0,0.0,0.0,0,0,0,,2026-04-28 04:30:48
1445,,LOT-20260425-651F-004,,,,Ejote,,1009,cam2_20260427_224542.jpg,ambient,1011,cam2_20260427_224545.jpg,,2,26.2,43,100,1446,0,15,0.0,0.0,0,0.0,3,24.1,8.0,0.0,0.0,0,0,0,,2026-04-28 04:45:45
1453,,LOT-20260425-651F-004,,,,Ejote,,1013,cam2_20260427_230042.jpg,ambient,1015,cam2_20260427_230045.jpg,,2,26.2,43,100,1446,0,15,0.0,0.0,0,0.0,3,24.1,8.0,0.0,0.0,0,0,0,,2026-04-28 05:00:45
1461,,LOT-20260425-651F-004,,,,Ejote,,1017,cam2_20260427_231542.jpg,ambient,1019,cam2_20260427_231545.jpg,,2,26.2,43,100,1446,0,15,0.0,0.0,0,0.0,3,24.1,8.0,0.0,0.0,0,0,0,,2026-04-28 05:15:45
1469,,LOT-20260425-651F-004,,,,Ejote,,1021,cam2_20260427_233042.jpg,ambient,1023,cam2_20260427_233045.jpg,,2,26.2,43,100,1446,0,15,0.0,0.0,0,0.0,3,24.1,8.0,0.0,0.0,0,0,0,,2026-04-28 05:30:45
1477,,LOT-20260425-651F-004,,,,Ejote,,1025,cam2_20260427_234542.jpg,ambient,1027,cam2_20260427_234545.jpg,,2,26.2,43,100,1446,0,15,0.0,0.0,0,0.0,3,24.1,8.0,0.0,0.0,0,0,0,,2026-04-28 05:45:45
1485,,LOT-20260425-651F-004,,,,Ejote,,1029,cam2_20260428_000042.jpg,ambient,1031,cam2_20260428_000045.jpg,,2,26.2,43,100,1446,0,15,0.0,0.0,0,0.0,3,24.1,8.0,0.0,0.0,0,0,0,,2026-04-28 06:00:45
1493,,LOT-20260425-651F-004,,,,Ejote,,1033,cam2_20260428_001542.jpg,ambient,1035,cam2_20260428_001547.jpg,,2,26.2,43,100,1446,0,15,0.0,0.0,0,0.0,3,24.1,8.0,0.0,0.0,0,0,0,,2026-04-28 06:15:48
1501,,LOT-20260425-651F-004,,,,Ejote,,1037,cam2_20260428_003042.jpg,ambient,1039,cam2_20260428_003045.jpg,,2,26.2,43,100,1447,0,15,0.0,0.0,0,0.0,3,24.1,8.0,0.0,0.0,0,0,0,,2026-04-28 06:30:45
1509,,LOT-20260425-651F-004,,,,Ejote,,1041,cam2_20260428_004542.jpg,ambient,1043,cam2_20260428_004545.jpg,,2,26.2,43,100,1447,0,15,0.0,0.0,0,0.0,3,24.1,8.0,0.0,0.0,0,0,0,,2026-04-28 06:45:45
1517,,LOT-20260425-651F-004,,,,Ejote,,1045,cam2_20260428_010042.jpg,ambient,1047,cam2_20260428_010045.jpg,,2,26.2,43,100,1447,0,15,0.0,0.0,0,0.0,3,24.1,8.0,0.0,0.0,0,0,0,,2026-04-28 07:00:45
1525,,LOT-20260425-651F-004,,,,Ejote,,1049,cam2_20260428_011542.jpg,ambient,1051,cam2_20260428_011545.jpg,,2,26.2,43,100,1447,0,15,0.0,0.0,0,0.0,3,24.1,8.0,0.0,0.0,0,0,0,,2026-04-28 07:15:45
1533,,LOT-20260425-651F-004,,,,Ejote,,1053,cam2_20260428_013042.jpg,ambient,1055,cam2_20260428_013045.jpg,,2,26.2,43,100,1447,0,15,0.0,0.0,0,0.0,3,24.1,8.0,0.0,0.0,0,0,0,,2026-04-28 07:30:45
1541,,LOT-20260425-651F-004,,,,Ejote,,1057,cam2_20260428_014542.jpg,ambient,1059,cam2_20260428_014545.jpg,,2,26.2,43,100,1447,0,15,0.0,0.0,0,0.0,3,24.1,8.0,0.0,0.0,0,0,0,,2026-04-28 07:45:45
1549,,LOT-20260425-651F-004,,,,Ejote,,1061,cam2_20260428_020042.jpg,ambient,1063,cam2_20260428_020045.jpg,,2,26.2,43,100,1447,0,15,0.0,0.0,0,0.0,3,24.1,8.0,0.0,0.0,0,0,0,,2026-04-28 08:00:45
1557,,LOT-20260425-651F-004,,,,Ejote,,1065,cam2_20260428_021542.jpg,ambient,1067,cam2_20260428_021545.jpg,,2,26.2,43,100,1447,0,15,0.0,0.0,0,0.0,3,24.1,8.0,0.0,0.0,0,0,0,,2026-04-28 08:15:45
1565,,LOT-20260425-651F-004,,,,Ejote,,1069,cam2_20260428_023042.jpg,ambient,1071,cam2_20260428_023045.jpg,,2,26.2,43,100,1447,0,15,0.0,0.0,0,0.0,3,24.1,8.0,0.0,0.0,0,0,0,,2026-04-28 08:30:45
1573,,LOT-20260425-651F-004,,,,Ejote,,1073,cam2_20260428_024542.jpg,ambient,1075,cam2_20260428_024545.jpg,,2,26.2,43,100,1447,0,15,0.0,0.0,0,0.0,3,24.1,8.0,0.0,0.0,0,0,0,,2026-04-28 08:45:45
1581,,LOT-20260425-651F-004,,,,Ejote,,1077,cam2_20260428_030042.jpg,ambient,1079,cam2_20260428_030045.jpg,,2,26.2,43,100,1447,0,15,0.0,0.0,0,0.0,3,24.1,8.0,0.0,0.0,0,0,0,,2026-04-28 09:00:45
1589,,LOT-20260425-651F-004,,,,Ejote,,1081,cam2_20260428_031542.jpg,ambient,1083,cam2_20260428_031545.jpg,,2,26.2,43,100,1447,0,15,0.0,0.0,0,0.0,3,24.1,8.0,0.0,0.0,0,0,0,,2026-04-28 09:15:45
1597,,LOT-20260425-651F-004,,,,Ejote,,1085,cam2_20260428_033042.jpg,ambient,1087,cam2_20260428_033045.jpg,,2,26.2,43,100,1447,0,15,0.0,0.0,0,0.0,3,24.1,8.0,0.0,0.0,0,0,0,,2026-04-28 09:30:45
1605,,LOT-20260425-651F-004,,,,Ejote,,1089,cam2_20260428_034542.jpg,ambient,1091,cam2_20260428_034546.jpg,,2,26.2,43,100,1447,0,15,0.0,0.0,0,0.0,3,24.1,8.0,0.0,0.0,0,0,0,,2026-04-28 09:45:46
1613,,LOT-20260425-651F-004,,,,Ejote,,1093,cam2_20260428_040042.jpg,ambient,1095,cam2_20260428_040045.jpg,,2,26.2,43,100,1447,0,15,0.0,0.0,0,0.0,3,24.1,8.0,0.0,0.0,0,0,0,,2026-04-28 10:00:45
1621,,LOT-20260425-651F-004,,,,Ejote,,1097,cam2_20260428_041542.jpg,ambient,1099,cam2_20260428_041545.jpg,,2,26.2,43,100,1447,0,15,0.0,0.0,0,0.0,3,24.1,8.0,0.0,0.0,0,0,0,,2026-04-28 10:15:45
1629,,LOT-20260425-651F-004,,,,Ejote,,1101,cam2_20260428_043042.jpg,ambient,1103,cam2_20260428_043045.jpg,,2,26.2,43,100,1447,0,15,0.0,0.0,0,0.0,3,24.1,8.0,0.0,0.0,0,0,0,,2026-04-28 10:30:45
1637,,LOT-20260425-651F-004,,,,Ejote,,1105,cam2_20260428_044542.jpg,ambient,1107,cam2_20260428_044545.jpg,,2,26.2,43,100,1447,0,15,0.0,0.0,0,0.0,3,24.1,8.0,0.0,0.0,0,0,0,,2026-04-28 10:45:45
1645,,LOT-20260425-651F-004,,,,Ejote,,1109,cam2_20260428_050042.jpg,ambient,1111,cam2_20260428_050045.jpg,,2,26.2,43,100,1447,0,15,0.0,0.0,0,0.0,3,24.1,8.0,0.0,0.0,0,0,0,,2026-04-28 11:00:45
1653,,LOT-20260425-651F-004,,,,Ejote,,1113,cam2_20260428_051542.jpg,ambient,1115,cam2_20260428_051545.jpg,,2,26.2,43,100,1447,0,15,0.0,0.0,0,0.0,3,24.1,8.0,0.0,0.0,0,0,0,,2026-04-28 11:15:45
1661,,LOT-20260425-651F-004,,,,Ejote,,1117,cam2_20260428_053042.jpg,ambient,1119,cam2_20260428_053045.jpg,,2,26.2,43,100,1447,0,15,0.0,0.0,0,0.0,3,24.1,8.0,0.0,0.0,0,0,0,,2026-04-28 11:30:45
1669,,LOT-20260425-651F-004,,,,Ejote,,1121,cam2_20260428_054542.jpg,ambient,1123,cam2_20260428_054545.jpg,,2,26.2,43,100,1447,0,15,0.0,0.0,0,0.0,3,24.1,8.0,0.0,0.0,0,0,0,,2026-04-28 11:45:45
1677,,LOT-20260425-651F-004,,,,Ejote,,1125,cam2_20260428_060042.jpg,ambient,1127,cam2_20260428_060045.jpg,,2,26.2,43,100,1447,0,15,0.0,0.0,0,0.0,3,24.1,8.0,0.0,0.0,0,0,0,,2026-04-28 12:00:45
1685,,LOT-20260425-651F-004,,,,Ejote,,1129,cam2_20260428_061542.jpg,ambient,1131,cam2_20260428_061545.jpg,,2,26.2,43,100,1447,0,15,0.0,0.0,0,0.0,3,24.1,8.0,0.0,0.0,0,0,0,,2026-04-28 12:15:45
1693,,LOT-20260425-651F-004,,,,Ejote,,1133,cam2_20260428_063042.jpg,ambient,1135,cam2_20260428_063045.jpg,,2,26.2,43,100,1447,0,15,0.0,0.0,0,0.0,3,24.1,8.0,0.0,0.0,0,0,0,,2026-04-28 12:30:45
1701,,LOT-20260425-651F-004,,,,Ejote,,1137,cam2_20260428_064542.jpg,ambient,1139,cam2_20260428_064545.jpg,,2,26.2,43,100,1448,0,15,0.0,0.0,0,0.0,3,24.1,8.0,0.0,0.0,0,0,0,,2026-04-28 12:45:45
1709,,LOT-20260425-651F-004,,,,Ejote,,1141,cam2_20260428_070042.jpg,ambient,1143,cam2_20260428_070045.jpg,,2,26.2,43,100,1448,0,15,0.0,0.0,0,0.0,3,24.1,8.0,0.0,0.0,0,0,0,,2026-04-28 13:00:45
1717,,LOT-20260425-651F-004,,,,Ejote,,1145,cam2_20260428_071542.jpg,ambient,1147,cam2_20260428_071545.jpg,,2,26.2,43,100,1448,0,15,0.0,0.0,0,0.0,3,24.1,8.0,0.0,0.0,0,0,0,,2026-04-28 13:15:45
1725,,LOT-20260425-651F-004,,,,Ejote,,1149,cam2_20260428_073042.jpg,ambient,1151,cam2_20260428_073045.jpg,,2,26.2,43,100,1448,0,15,0.0,0.0,0,0.0,3,24.1,8.0,0.0,0.0,0,0,0,,2026-04-28 13:30:45
1733,,LOT-20260425-651F-004,,,,Ejote,,1153,cam2_20260428_074542.jpg,ambient,1155,cam2_20260428_074545.jpg,,2,26.2,43,100,1448,0,15,0.0,0.0,0,0.0,3,24.1,8.0,0.0,0.0,0,0,0,,2026-04-28 13:45:45
1741,,LOT-20260425-651F-004,,,,Ejote,,1157,cam2_20260428_080042.jpg,ambient,1159,cam2_20260428_080045.jpg,,2,26.2,43,100,1448,0,15,0.0,0.0,0,0.0,3,24.1,8.0,0.0,0.0,0,0,0,,2026-04-28 14:00:45
1749,,LOT-20260425-651F-004,,,,Ejote,,1161,cam2_20260428_081542.jpg,ambient,1163,cam2_20260428_081545.jpg,,2,26.2,43,100,1463,0,15,0.0,0.0,0,0.0,3,24.4,8.1,0.0,0.0,0,0,0,,2026-04-28 14:15:45
1757,,LOT-20260425-651F-004,,,,Ejote,,1165,cam2_20260428_083042.jpg,ambient,1167,cam2_20260428_083045.jpg,,2,26.2,43,100,1478,0,15,0.0,0.0,0,0.0,3,24.6,8.2,0.0,0.0,0,0,0,,2026-04-28 14:30:45
1769,,LOT-20260425-651F-004,,,,Ejote,,1170,cam2_20260428_084543.jpg,ambient,1172,cam2_20260428_084549.jpg,,2,26.2,43,100,1493,0,15,0.0,0.0,0,0.0,3,24.9,8.3,0.0,0.0,0,0,0,,2026-04-28 14:45:49
1773,,LOT-20260425-651F-004,,,,Ejote,,1173,cam2_20260428_090042.jpg,ambient,1175,cam2_20260428_090046.jpg,,2,26.2,43,100,1508,0,15,0.0,0.0,0,0.0,3,25.1,8.4,0.0,0.0,0,0,0,,2026-04-28 15:00:46
1785,,LOT-20260425-651F-004,,,,Ejote,,1178,cam2_20260428_091543.jpg,ambient,1180,cam2_20260428_091548.jpg,,2,26.2,43,100,1523,0,15,0.0,0.0,0,0.0,3,25.4,8.5,0.0,0.0,0,0,0,,2026-04-28 15:15:49
1789,,LOT-20260425-651F-004,,,,Ejote,,1181,cam2_20260428_093042.jpg,ambient,1183,cam2_20260428_093046.jpg,,2,26.2,43,100,1538,0,15,0.0,0.0,0,0.0,3,25.6,8.5,0.0,0.0,0,0,0,,2026-04-28 15:30:46
1797,,LOT-20260425-651F-004,,,,Ejote,,1185,cam2_20260428_103828.jpg,ambient,1187,cam2_20260428_103831.jpg,,2,26.2,43,100,1605,0,15,0.0,0.0,0,0.0,3,26.8,8.9,0.0,0.0,0,0,0,,2026-04-28 16:38:31
1805,,LOT-20260425-651F-004,,,,Ejote,,1189,cam2_20260428_105328.jpg,ambient,1191,cam2_20260428_105330.jpg,,2,26.2,43,100,1620,0,15,0.0,0.0,0,0.0,3,27.0,9.0,0.0,0.0,0,0,0,,2026-04-28 16:53:31
1813,,LOT-20260425-651F-004,,,,Ejote,,1193,cam2_20260428_110828.jpg,ambient,1195,cam2_20260428_110831.jpg,,2,26.2,43,100,1635,0,15,0.0,0.0,0,0.0,3,27.3,9.1,0.0,0.0,0,0,0,,2026-04-28 17:08:31
1821,,LOT-20260425-651F-004,,,,Ejote,,1197,cam2_20260428_112328.jpg,ambient,1199,cam2_20260428_112332.jpg,,2,26.2,43,100,1650,0,15,0.0,0.0,0,0.0,3,27.5,9.2,0.0,0.0,0,0,0,,2026-04-28 17:23:32
1829,,LOT-20260425-651F-004,,,,Ejote,,1201,cam2_20260428_113828.jpg,ambient,1203,cam2_20260428_113830.jpg,,2,26.2,43,100,1665,0,15,0.0,0.0,0,0.0,3,27.8,9.3,0.0,0.0,0,0,0,,2026-04-28 17:38:31
1841,,LOT-20260425-651F-004,,,,Ejote,,1207,cam2_20260428_115332.jpg,ambient,1208,cam2_20260428_115334.jpg,,2,26.2,43,100,1680,0,15,0.0,0.0,0,0.0,3,28.0,9.3,0.0,0.0,0,0,0,,2026-04-28 17:53:34
1845,,LOT-20260425-651F-004,,,,Ejote,,1209,cam2_20260428_120828.jpg,ambient,1211,cam2_20260428_120830.jpg,,2,26.2,43,100,1695,0,15,0.0,0.0,0,0.0,3,28.3,9.4,0.0,0.0,0,0,0,,2026-04-28 18:08:31
1853,,LOT-20260425-651F-004,,,,Ejote,,1213,cam2_20260428_122328.jpg,ambient,1215,cam2_20260428_122331.jpg,,2,26.2,43,100,1710,0,15,0.0,0.0,0,0.0,3,28.5,9.5,0.0,0.0,0,0,0,,2026-04-28 18:23:32
1865,,LOT-20260425-651F-004,,,,Ejote,,1218,cam2_20260428_123830.jpg,ambient,1220,cam2_20260428_123833.jpg,,2,26.2,43,100,1725,0,15,0.0,0.0,0,0.0,3,28.8,9.6,0.0,0.0,0,0,0,,2026-04-28 18:38:34
1869,,LOT-20260425-651F-004,,,,Ejote,,1221,cam2_20260428_125328.jpg,ambient,1223,cam2_20260428_125330.jpg,,2,26.2,43,100,1740,0,15,0.0,0.0,0,0.0,3,29.0,9.7,0.0,0.0,0,0,0,,2026-04-28 18:53:31
1877,,LOT-20260425-651F-004,,,,Ejote,,1225,cam2_20260428_130829.jpg,ambient,1227,cam2_20260428_130831.jpg,,2,26.2,43,100,1755,0,15,0.0,0.0,0,0.0,3,29.3,9.8,0.0,0.0,0,0,0,,2026-04-28 19:08:32
1889,,LOT-20260425-651F-004,,,,Ejote,,1230,cam2_20260428_132330.jpg,ambient,1232,cam2_20260428_132333.jpg,,2,26.2,43,100,1770,0,15,0.0,0.0,0,0.0,3,29.5,9.8,0.0,0.0,0,0,0,,2026-04-28 19:23:33
1897,,LOT-20260425-651F-004,,,,Ejote,,1234,cam2_20260428_133918.jpg,ambient,1236,cam2_20260428_133922.jpg,,2,26.2,43,100,1785,0,15,0.0,0.0,0,0.0,3,29.8,9.9,0.0,0.0,0,0,0,,2026-04-28 19:39:22
1901,,LOT-20260425-651F-004,,,,Ejote,,1237,cam2_20260428_135550.jpg,ambient,1239,cam2_20260428_135553.jpg,,2,30,43,28.9,1801,0,15,0.0,0.0,0,0.0,3,30.0,10.0,0.0,0.0,0,0,0,,2026-04-28 19:55:53
1909,,LOT-20260425-651F-004,,,,Ejote,,1241,cam2_20260428_141050.jpg,ambient,1243,cam2_20260428_141052.jpg,,2,30,41,30.2,1816,0,15,0.0,0.0,0,0.0,3,30.3,10.1,0.0,0.0,0,0,0,,2026-04-28 20:10:53
1917,,LOT-20260425-651F-004,,,,Ejote,,1245,cam2_20260428_142646.jpg,ambient,1247,cam2_20260428_142650.jpg,,2,30.2,37,23.8,1832,0,15,0.0,0.0,0,0.0,3,30.5,10.2,0.0,0.0,0,0,0,,2026-04-28 20:26:51
1925,,LOT-20260425-651F-004,,,,Ejote,,1249,cam2_20260428_144148.jpg,ambient,1251,cam2_20260428_144150.jpg,,2,30.2,39,28.9,1847,0,15,0.0,0.0,0,0.0,3,30.8,10.3,0.0,0.0,0,0,0,,2026-04-28 20:41:51
1933,,LOT-20260425-651F-004,,,,Ejote,,1253,cam2_20260428_145648.jpg,ambient,1255,cam2_20260428_145650.jpg,,2,30.2,39,29.3,1862,0,15,0.0,0.0,0,0.0,3,31.0,10.3,0.0,0.0,0,0,0,,2026-04-28 20:56:51
1941,,LOT-20260425-651F-004,,,,Ejote,,1257,cam2_20260428_151148.jpg,ambient,1259,cam2_20260428_151150.jpg,,2,30.3,39,30,1877,0,15,0.0,0.0,0,0.0,3,31.3,10.4,0.0,0.0,0,0,0,,2026-04-28 21:11:51
1949,,LOT-20260425-651F-004,,,,Ejote,,1261,cam2_20260428_152648.jpg,ambient,1263,cam2_20260428_152650.jpg,,2,30.3,38,29.2,1892,0,15,0.0,0.0,0,0.0,3,31.5,10.5,0.0,0.0,0,0,0,,2026-04-28 21:26:51
1957,,LOT-20260425-651F-004,,,,Ejote,,1265,cam2_20260428_154148.jpg,ambient,1267,cam2_20260428_154150.jpg,,2,30.2,37,29.7,1907,0,15,0.0,0.0,0,0.0,3,31.8,10.6,0.0,0.0,0,0,0,,2026-04-28 21:41:51
1965,,LOT-20260425-651F-004,,,,Ejote,,1269,cam2_20260428_155648.jpg,ambient,1271,cam2_20260428_155650.jpg,,2,30.6,38,28.3,1922,0,15,0.0,0.0,0,0.0,3,32.0,10.7,0.0,0.0,0,0,0,,2026-04-28 21:56:51
1973,,LOT-20260425-651F-004,,,,Ejote,,1273,cam2_20260428_161148.jpg,ambient,1275,cam2_20260428_161152.jpg,,2,30.5,40,30,1937,0,15,0.0,0.0,0,0.0,3,32.3,10.8,0.0,0.0,0,0,0,,2026-04-28 22:11:52
1981,,LOT-20260425-651F-004,,,,Ejote,,1277,cam2_20260428_162710.jpg,ambient,1279,cam2_20260428_162712.jpg,,2,30.5,35,27.8,1952,0,15,0.0,0.0,0,0.0,3,32.5,10.8,0.0,0.0,0,0,0,,2026-04-28 22:27:13
1989,,LOT-20260425-651F-004,,,,Ejote,,1281,cam2_20260428_164210.jpg,ambient,1283,cam2_20260428_164214.jpg,,2,28.2,33,28.2,1967,0,15,0.0,0.0,0,0.0,3,32.8,10.9,0.0,0.0,0,0,0,,2026-04-28 22:42:14
1997,,LOT-20260425-651F-004,,,,Ejote,,1285,cam2_20260428_165756.jpg,ambient,1287,cam2_20260428_165759.jpg,,2,27.6,33,23.4,1983,0,15,0.0,0.0,0,0.0,3,33.0,11.0,0.0,0.0,0,0,0,,2026-04-28 22:57:59
2005,,LOT-20260425-651F-004,,,,Ejote,,1289,cam2_20260428_171256.jpg,ambient,1291,cam2_20260428_171259.jpg,,2,27.3,34,22.1,1997,0,15,0.0,0.0,0,0.0,3,33.3,11.1,0.0,0.0,0,0,0,,2026-04-28 23:12:59
2013,,LOT-20260425-651F-004,,,,Ejote,,1293,cam2_20260428_172756.jpg,ambient,1295,cam2_20260428_172759.jpg,,2,27.2,35,19.8,2012,0,15,0.0,0.0,0,0.0,3,33.5,11.2,0.0,0.0,0,0,0,,2026-04-28 23:27:59
2021,,LOT-20260425-651F-004,,,,Ejote,,1297,cam2_20260428_174256.jpg,ambient,1299,cam2_20260428_174259.jpg,,2,28.2,40,20.6,2027,0,15,0.0,0.0,0,0.0,4,33.8,8.4,0.0,0.0,0,0,0,,2026-04-28 23:42:59
2029,,LOT-20260425-651F-004,,,,Ejote,,1301,cam2_20260428_175756.jpg,ambient,1303,cam2_20260428_175759.jpg,,2,28.8,40,19.8,2042,0,15,0.0,0.0,0,0.0,4,34.0,8.5,0.0,0.0,0,0,0,,2026-04-28 23:57:59
2037,,LOT-20260425-651F-004,,,,Ejote,,1305,cam2_20260428_181256.jpg,ambient,1307,cam2_20260428_181259.jpg,,2,29.2,43,20.1,2057,1,15,15.0,0.0,0,0.0,4,34.3,8.6,0.0,0.0,0,0,0,,2026-04-29 00:12:59
2045,,LOT-20260425-651F-004,,,,Ejote,,1309,cam2_20260428_182756.jpg,ambient,1311,cam2_20260428_182759.jpg,,2,29.5,43,20.1,2072,0,15,0.0,0.0,0,0.0,4,34.5,8.6,0.0,0.0,0,0,0,,2026-04-29 00:27:59
2053,,LOT-20260425-651F-004,,,,Ejote,,1313,cam2_20260428_184256.jpg,ambient,1315,cam2_20260428_184259.jpg,,2,29.6,43,20.5,2087,0,15,0.0,0.0,0,0.0,4,34.8,8.7,0.0,0.0,0,0,0,,2026-04-29 00:42:59
2061,,LOT-20260425-651F-004,,,,Ejote,,1317,cam2_20260428_185757.jpg,ambient,1319,cam2_20260428_185759.jpg,,2,29.5,44,20.9,2102,0,15,0.0,0.0,0,0.0,4,35.0,8.8,0.0,0.0,0,0,0,,2026-04-29 00:58:00
2069,,LOT-20260425-651F-004,,,,Ejote,,1321,cam2_20260428_191256.jpg,ambient,1323,cam2_20260428_191259.jpg,,2,29.7,44,18.2,2117,0,15,0.0,0.0,0,0.0,4,35.3,8.8,0.0,0.0,0,0,0,,2026-04-29 01:12:59
2077,,LOT-20260425-651F-004,,,,Ejote,,1325,cam2_20260428_192757.jpg,ambient,1327,cam2_20260428_192759.jpg,,2,29.6,42,20.3,2132,0,15,0.0,0.0,0,0.0,4,35.5,8.9,0.0,0.0,0,0,0,,2026-04-29 01:28:00
2101,,LOT-20260425-651F-004,,,,Ejote,,1337,cam2_20260428_202756.jpg,ambient,1339,cam2_20260428_202759.jpg,,2,29.5,46,100,2168,0,15,0.0,0.0,0,0.0,4,36.1,9.0,0.0,0.0,0,0,0,,2026-04-29 02:27:59
2109,,LOT-20260425-651F-004,,,,Ejote,,1341,cam2_20260428_204256.jpg,ambient,1343,cam2_20260428_204259.jpg,,2,29.2,48,100,2168,0,15,0.0,0.0,0,0.0,4,36.1,9.0,0.0,0.0,0,0,0,,2026-04-29 02:42:59
2117,,LOT-20260425-651F-004,,,,Ejote,,1345,cam2_20260428_205756.jpg,ambient,1347,cam2_20260428_205759.jpg,,2,29,51,100,2168,0,15,0.0,0.0,0,0.0,4,36.1,9.0,0.0,0.0,0,0,0,,2026-04-29 02:57:59
2125,,LOT-20260425-651F-004,,,,Ejote,,1349,cam2_20260428_211256.jpg,ambient,1351,cam2_20260428_211259.jpg,,2,29,48,100,2168,0,15,0.0,0.0,0,0.0,4,36.1,9.0,0.0,0.0,0,0,0,,2026-04-29 03:12:59
2133,,LOT-20260425-651F-004,,,,Ejote,,1353,cam2_20260428_212756.jpg,ambient,1355,cam2_20260428_212759.jpg,,2,29,50,100,2168,0,15,0.0,0.0,0,0.0,4,36.1,9.0,0.0,0.0,0,0,0,,2026-04-29 03:27:59
2141,,LOT-20260425-651F-004,,,,Ejote,,1357,cam2_20260428_214256.jpg,ambient,1359,cam2_20260428_214259.jpg,,2,29,55,100,2168,0,15,0.0,0.0,0,0.0,4,36.1,9.0,0.0,0.0,0,0,0,,2026-04-29 03:42:59
2149,,LOT-20260425-651F-004,,,,Ejote,,1361,cam2_20260428_215757.jpg,ambient,1363,cam2_20260428_215759.jpg,,2,29,55,100,2168,0,15,0.0,0.0,0,0.0,4,36.1,9.0,0.0,0.0,0,0,0,,2026-04-29 03:57:59
2157,,LOT-20260425-651F-004,,,,Ejote,,1365,cam2_20260428_221256.jpg,ambient,1367,cam2_20260428_221259.jpg,,2,29.1,54,100,2168,0,15,0.0,0.0,0,0.0,4,36.1,9.0,0.0,0.0,0,0,0,,2026-04-29 04:12:59
2165,,LOT-20260425-651F-004,,,,Ejote,,1369,cam2_20260428_222756.jpg,ambient,1371,cam2_20260428_222759.jpg,,2,29.1,58,100,2169,0,15,0.0,0.0,0,0.0,4,36.1,9.0,0.0,0.0,0,0,0,,2026-04-29 04:27:59
2173,,LOT-20260425-651F-004,,,,Ejote,,1373,cam2_20260428_224256.jpg,ambient,1375,cam2_20260428_224259.jpg,,2,29.7,55,100,2184,0,15,0.0,0.0,0,0.0,4,36.4,9.1,0.0,0.0,0,0,0,,2026-04-29 04:42:59
2181,,LOT-20260425-651F-004,,,,Ejote,,1377,cam2_20260428_225756.jpg,ambient,1379,cam2_20260428_225759.jpg,,2,29.8,52,100,2199,0,15,0.0,0.0,0,0.0,4,36.6,9.2,0.0,0.0,0,0,0,,2026-04-29 04:57:59
2189,,LOT-20260425-651F-004,,,,Ejote,,1381,cam2_20260428_231257.jpg,ambient,1383,cam2_20260428_231259.jpg,,2,30.1,51,100,2214,0,15,0.0,0.0,0,0.0,4,36.9,9.2,0.0,0.0,0,0,0,,2026-04-29 05:13:00
2197,,LOT-20260425-651F-004,,,,Ejote,,1385,cam2_20260428_232756.jpg,ambient,1387,cam2_20260428_232759.jpg,,2,30.2,50,100,2229,0,15,0.0,0.0,0,0.0,4,37.1,9.3,0.0,0.0,0,0,0,,2026-04-29 05:27:59
2205,,LOT-20260425-651F-004,,,,Ejote,,1389,cam2_20260428_234257.jpg,ambient,1391,cam2_20260428_234259.jpg,,2,30.1,49,100,2244,0,15,0.0,0.0,0,0.0,4,37.4,9.3,0.0,0.0,0,0,0,,2026-04-29 05:42:59
2213,,LOT-20260425-651F-004,,,,Ejote,,1393,cam2_20260428_235756.jpg,ambient,1395,cam2_20260428_235759.jpg,,2,30,48,100,2258,0,15,0.0,0.0,0,0.0,4,37.6,9.4,0.0,0.0,0,0,0,,2026-04-29 05:57:59
2225,,LOT-20260425-651F-004,,,,Ejote,,1398,cam2_20260429_001257.jpg,ambient,1400,cam2_20260429_001301.jpg,,2,30,48,100,2273,0,15,0.0,0.0,0,0.0,4,37.9,9.5,0.0,0.0,0,0,0,,2026-04-29 06:13:02
2229,,LOT-20260425-651F-004,,,,Ejote,,1401,cam2_20260429_002756.jpg,ambient,1403,cam2_20260429_002759.jpg,,2,30,46,100,2288,0,15,0.0,0.0,0,0.0,4,38.1,9.5,0.0,0.0,0,0,0,,2026-04-29 06:27:59
2237,,LOT-20260425-651F-004,,,,Ejote,,1405,cam2_20260429_004256.jpg,ambient,1407,cam2_20260429_004259.jpg,,2,29.8,46,100,2303,0,15,0.0,0.0,0,0.0,4,38.4,9.6,0.0,0.0,0,0,0,,2026-04-29 06:42:59
2245,,LOT-20260425-651F-004,,,,Ejote,,1409,cam2_20260429_005756.jpg,ambient,1411,cam2_20260429_005759.jpg,,2,29.8,45,100,2318,0,15,0.0,0.0,0,0.0,4,38.6,9.7,0.0,0.0,0,0,0,,2026-04-29 06:57:59
2253,,LOT-20260425-651F-004,,,,Ejote,,1413,cam2_20260429_011256.jpg,ambient,1415,cam2_20260429_011259.jpg,,2,29.8,45,100,2333,0,15,0.0,0.0,0,0.0,4,38.9,9.7,0.0,0.0,0,0,0,,2026-04-29 07:12:59
2261,,LOT-20260425-651F-004,,,,Ejote,,1417,cam2_20260429_012757.jpg,ambient,1419,cam2_20260429_012759.jpg,,2,29.8,45,100,2348,0,15,0.0,0.0,0,0.0,4,39.1,9.8,0.0,0.0,0,0,0,,2026-04-29 07:28:00
2269,,LOT-20260425-651F-004,,,,Ejote,,1421,cam2_20260429_014257.jpg,ambient,1423,cam2_20260429_014300.jpg,,2,29.7,45,100,2363,0,15,0.0,0.0,0,0.0,4,39.4,9.8,0.0,0.0,0,0,0,,2026-04-29 07:43:00
2277,,LOT-20260425-651F-004,,,,Ejote,,1425,cam2_20260429_015757.jpg,ambient,1427,cam2_20260429_015759.jpg,,2,29.8,45,100,2378,0,15,0.0,0.0,0,0.0,4,39.6,9.9,0.0,0.0,0,0,0,,2026-04-29 07:57:59
2285,,LOT-20260425-651F-004,,,,Ejote,,1429,cam2_20260429_021256.jpg,ambient,1431,cam2_20260429_021259.jpg,,2,29.7,44,100,2393,0,15,0.0,0.0,0,0.0,4,39.9,10.0,0.0,0.0,0,0,0,,2026-04-29 08:13:00
2293,,LOT-20260425-651F-004,,,,Ejote,,1433,cam2_20260429_022757.jpg,ambient,1435,cam2_20260429_022759.jpg,,2,29.7,44,100,2408,0,15,0.0,0.0,0,0.0,4,40.1,10.0,0.0,0.0,0,0,0,,2026-04-29 08:28:00
2301,,LOT-20260425-651F-004,,,,Ejote,,1437,cam2_20260429_024257.jpg,ambient,1439,cam2_20260429_024259.jpg,,2,29.6,43,100,2423,0,15,0.0,0.0,0,0.0,4,40.4,10.1,0.0,0.0,0,0,0,,2026-04-29 08:43:00
2309,,LOT-20260425-651F-004,,,,Ejote,,1441,cam2_20260429_025757.jpg,ambient,1443,cam2_20260429_025759.jpg,,2,29.6,44,100,2438,0,15,0.0,0.0,0,0.0,4,40.6,10.2,0.0,0.0,0,0,0,,2026-04-29 08:58:00
2317,,LOT-20260425-651F-004,,,,Ejote,,1445,cam2_20260429_031257.jpg,ambient,1447,cam2_20260429_031259.jpg,,2,29.6,44,100,2453,0,15,0.0,0.0,0,0.0,4,40.9,10.2,0.0,0.0,0,0,0,,2026-04-29 09:13:00
2325,,LOT-20260425-651F-004,,,,Ejote,,1449,cam2_20260429_032757.jpg,ambient,1451,cam2_20260429_032759.jpg,,2,29.5,42,100,2468,0,15,0.0,0.0,0,0.0,4,41.1,10.3,0.0,0.0,0,0,0,,2026-04-29 09:28:00
2333,,LOT-20260425-651F-004,,,,Ejote,,1453,cam2_20260429_034257.jpg,ambient,1455,cam2_20260429_034259.jpg,,2,29.5,43,100,2483,0,15,0.0,0.0,0,0.0,4,41.4,10.3,0.0,0.0,0,0,0,,2026-04-29 09:43:00
2341,,LOT-20260425-651F-004,,,,Ejote,,1457,cam2_20260429_035757.jpg,ambient,1459,cam2_20260429_035759.jpg,,2,29.6,42,100,2497,0,15,0.0,0.0,0,0.0,4,41.6,10.4,0.0,0.0,0,0,0,,2026-04-29 09:58:00
2349,,LOT-20260425-651F-004,,,,Ejote,,1461,cam2_20260429_041256.jpg,ambient,1463,cam2_20260429_041259.jpg,,2,29.6,41,100,2512,0,15,0.0,0.0,0,0.0,4,41.9,10.5,0.0,0.0,0,0,0,,2026-04-29 10:13:00
2357,,LOT-20260425-651F-004,,,,Ejote,,1465,cam2_20260429_042757.jpg,ambient,1467,cam2_20260429_042759.jpg,,2,29.5,41,100,2527,0,15,0.0,0.0,0,0.0,4,42.1,10.5,0.0,0.0,0,0,0,,2026-04-29 10:28:00
2365,,LOT-20260425-651F-004,,,,Ejote,,1469,cam2_20260429_044257.jpg,ambient,1471,cam2_20260429_044259.jpg,,2,29.5,41,100,2542,0,15,0.0,0.0,0,0.0,4,42.4,10.6,0.0,0.0,0,0,0,,2026-04-29 10:43:00
2373,,LOT-20260425-651F-004,,,,Ejote,,1473,cam2_20260429_045757.jpg,ambient,1475,cam2_20260429_045801.jpg,,2,29.3,41,100,2557,0,15,0.0,0.0,0,0.0,4,42.6,10.7,0.0,0.0,0,0,0,,2026-04-29 10:58:01
2381,,LOT-20260425-651F-004,,,,Ejote,,1477,cam2_20260429_051257.jpg,ambient,1479,cam2_20260429_051259.jpg,,2,29.3,42,100,2572,0,15,0.0,0.0,0,0.0,4,42.9,10.7,0.0,0.0,0,0,0,,2026-04-29 11:13:00
2389,,LOT-20260425-651F-004,,,,Ejote,,1481,cam2_20260429_052757.jpg,ambient,1483,cam2_20260429_052759.jpg,,2,29.3,42,100,2587,0,15,0.0,0.0,0,0.0,4,43.1,10.8,0.0,0.0,0,0,0,,2026-04-29 11:28:00
2397,,LOT-20260425-651F-004,,,,Ejote,,1485,cam2_20260429_054257.jpg,ambient,1487,cam2_20260429_054259.jpg,,2,29.3,42,100,2602,0,15,0.0,0.0,0,0.0,4,43.4,10.8,0.0,0.0,0,0,0,,2026-04-29 11:43:00
2405,,LOT-20260425-651F-004,,,,Ejote,,1489,cam2_20260429_055757.jpg,ambient,1491,cam2_20260429_055759.jpg,,2,29.3,42,100,2617,0,15,0.0,0.0,0,0.0,4,43.6,10.9,0.0,0.0,0,0,0,,2026-04-29 11:58:00
2413,,LOT-20260425-651F-004,,,,Ejote,,1493,cam2_20260429_061257.jpg,ambient,1495,cam2_20260429_061259.jpg,,2,29.3,43,100,2632,0,15,0.0,0.0,0,0.0,4,43.9,11.0,0.0,0.0,0,0,0,,2026-04-29 12:12:59
2421,,LOT-20260425-651F-004,,,,Ejote,,1497,cam2_20260429_062757.jpg,ambient,1499,cam2_20260429_062759.jpg,,2,29.3,43,100,2647,0,15,0.0,0.0,0,0.0,4,44.1,11.0,0.0,0.0,0,0,0,,2026-04-29 12:28:00
2429,,LOT-20260425-651F-004,,,,Ejote,,1501,cam2_20260429_064257.jpg,ambient,1503,cam2_20260429_064259.jpg,,2,29.2,44,100,2662,0,15,0.0,0.0,0,0.0,4,44.4,11.1,0.0,0.0,0,0,0,,2026-04-29 12:43:00
2437,,LOT-20260425-651F-004,,,,Ejote,,1505,cam2_20260429_065757.jpg,ambient,1507,cam2_20260429_065759.jpg,,2,29.3,42,100,2677,0,15,0.0,0.0,0,0.0,4,44.6,11.2,0.0,0.0,0,0,0,,2026-04-29 12:58:00
2445,,LOT-20260425-651F-004,,,,Ejote,,1509,cam2_20260429_071257.jpg,ambient,1511,cam2_20260429_071259.jpg,,2,29.1,42,100,2692,0,15,0.0,0.0,0,0.0,4,44.9,11.2,0.0,0.0,0,0,0,,2026-04-29 13:13:00
2453,,LOT-20260425-651F-004,,,,Ejote,,1513,cam2_20260429_072757.jpg,ambient,1515,cam2_20260429_072759.jpg,,2,29.1,42,100,2707,0,15,0.0,0.0,0,0.0,4,45.1,11.3,0.0,0.0,0,0,0,,2026-04-29 13:28:00
2461,,LOT-20260425-651F-004,,,,Ejote,,1517,cam2_20260429_074257.jpg,ambient,1519,cam2_20260429_074259.jpg,,2,29.1,41,100,2722,0,15,0.0,0.0,0,0.0,4,45.4,11.3,0.0,0.0,0,0,0,,2026-04-29 13:43:00
2489,,LOT-20260425-651F-004,,,,Ejote,,1530,cam2_20260429_082758.jpg,ambient,1532,cam2_20260429_082803.jpg,,2,29.2,41,100,2766,0,15,0.0,0.0,0,0.0,4,46.1,11.5,0.0,0.0,0,0,0,,2026-04-29 14:28:03
2497,,LOT-20260425-651F-004,,,,Ejote,,1534,cam2_20260429_084258.jpg,ambient,1536,cam2_20260429_084301.jpg,,2,29.3,43,100,2781,0,15,0.0,0.0,0,0.0,4,46.4,11.6,0.0,0.0,0,0,0,,2026-04-29 14:43:02
2501,,LOT-20260425-651F-004,,,,Ejote,,1537,cam2_20260429_085757.jpg,ambient,1539,cam2_20260429_085759.jpg,,2,29.3,43,100,2796,0,15,0.0,0.0,0,0.0,4,46.6,11.7,0.0,0.0,0,0,0,,2026-04-29 14:58:00
2509,,LOT-20260425-651F-004,,,,Ejote,,1541,cam2_20260429_091257.jpg,ambient,1543,cam2_20260429_091259.jpg,,2,29.4,42,100,2811,0,15,0.0,0.0,0,0.0,4,46.9,11.7,0.0,0.0,0,0,0,,2026-04-29 15:13:00
2517,,LOT-20260425-651F-004,,,,Ejote,,1545,cam2_20260429_092757.jpg,ambient,1547,cam2_20260429_092759.jpg,,2,29.4,43,100,2826,0,15,0.0,0.0,0,0.0,4,47.1,11.8,0.0,0.0,0,0,0,,2026-04-29 15:28:00
2525,,LOT-20260425-651F-004,,,,Ejote,,1549,cam2_20260429_094257.jpg,ambient,1551,cam2_20260429_094259.jpg,,2,29.6,44,100,2841,0,15,0.0,0.0,0,0.0,4,47.4,11.8,0.0,0.0,0,0,0,,2026-04-29 15:43:00
2533,,LOT-20260425-651F-004,,,,Ejote,,1553,cam2_20260429_095757.jpg,ambient,1555,cam2_20260429_095759.jpg,,2,29.8,46,100,2856,0,15,0.0,0.0,0,0.0,4,47.6,11.9,0.0,0.0,0,0,0,,2026-04-29 15:58:00
2545,,LOT-20260425-651F-004,,,,Ejote,,1558,cam2_20260429_101258.jpg,ambient,1560,cam2_20260429_101301.jpg,,2,29.8,45,100,2871,0,15,0.0,0.0,0,0.0,4,47.9,12.0,0.0,0.0,0,0,0,,2026-04-29 16:13:02
2549,,LOT-20260425-651F-004,,,,Ejote,,1561,cam2_20260429_102757.jpg,ambient,1563,cam2_20260429_102759.jpg,,2,29.8,43,100,2886,0,15,0.0,0.0,0,0.0,4,48.1,12.0,0.0,0.0,0,0,0,,2026-04-29 16:28:00
2557,,LOT-20260425-651F-004,,,,Ejote,,1565,cam2_20260429_104257.jpg,ambient,1567,cam2_20260429_104259.jpg,,2,30,43,100,2901,0,15,0.0,0.0,0,0.0,4,48.4,12.1,0.0,0.0,0,0,0,,2026-04-29 16:43:00
2565,,LOT-20260425-651F-004,,,,Ejote,,1569,cam2_20260429_105757.jpg,ambient,1571,cam2_20260429_105759.jpg,,2,29.1,39,100,2916,0,15,0.0,0.0,0,0.0,4,48.6,12.2,0.0,0.0,0,0,0,,2026-04-29 16:58:00
2573,,LOT-20260425-651F-004,,,,Ejote,,1573,cam2_20260429_111257.jpg,ambient,1575,cam2_20260429_111259.jpg,,2,29,44,100,2931,0,15,0.0,0.0,0,0.0,4,48.9,12.2,0.0,0.0,0,0,0,,2026-04-29 17:13:00
2581,,LOT-20260425-651F-004,,,,Ejote,,1577,cam2_20260429_112757.jpg,ambient,1579,cam2_20260429_112800.jpg,,2,28.8,42,100,2945,0,15,0.0,0.0,0,0.0,4,49.1,12.3,0.0,0.0,0,0,0,,2026-04-29 17:28:01
2589,,LOT-20260425-651F-004,,,,Ejote,,1581,cam2_20260429_114333.jpg,ambient,1583,cam2_20260429_114336.jpg,,2,28.7,43,100,2961,0,15,0.0,0.0,0,0.0,4,49.4,12.3,0.0,0.0,0,0,0,,2026-04-29 17:43:36
2597,,LOT-20260425-651F-004,,,,Ejote,,1585,cam2_20260429_115833.jpg,ambient,1587,cam2_20260429_115836.jpg,,2,28.6,44,100,2976,0,15,0.0,0.0,0,0.0,4,49.6,12.4,0.0,0.0,0,0,0,,2026-04-29 17:58:36
2605,,LOT-20260425-651F-004,,,,Ejote,,1589,cam2_20260429_121333.jpg,ambient,1591,cam2_20260429_121336.jpg,,2,28.6,42,100,2991,0,15,0.0,0.0,0,0.0,4,49.9,12.5,0.0,0.0,0,0,0,,2026-04-29 18:13:36
2613,,LOT-20260425-651F-004,,,,Ejote,,1593,cam2_20260429_122833.jpg,ambient,1595,cam2_20260429_122836.jpg,,2,28.5,41,100,3006,0,15,0.0,0.0,0,0.0,4,50.1,12.5,0.0,0.0,0,0,0,,2026-04-29 18:28:37
2621,,LOT-20260425-651F-004,,,,Ejote,,1597,cam2_20260429_124334.jpg,ambient,1599,cam2_20260429_124338.jpg,,2,28.7,44,100,3021,0,15,0.0,0.0,0,0.0,4,50.4,12.6,0.0,0.0,0,0,0,,2026-04-29 18:43:39
2629,,LOT-20260425-651F-004,,,,Ejote,,1601,cam2_20260429_125834.jpg,ambient,1603,cam2_20260429_125838.jpg,,2,28.6,42,100,3036,0,15,0.0,0.0,0,0.0,4,50.6,12.7,0.0,0.0,0,0,0,,2026-04-29 18:58:38
2637,,LOT-20260425-651F-004,,,,Ejote,,1605,cam2_20260429_131334.jpg,ambient,1607,cam2_20260429_131337.jpg,,2,28.5,43,100,3051,0,15,0.0,0.0,0,0.0,4,50.9,12.7,0.0,0.0,0,0,0,,2026-04-29 19:13:37
2645,,LOT-20260425-651F-004,,,,Ejote,,1609,cam2_20260429_132918.jpg,ambient,1611,cam2_20260429_132921.jpg,,2,28.4,39,100,3066,0,15,0.0,0.0,0,0.0,4,51.1,12.8,0.0,0.0,0,0,0,,2026-04-29 19:29:21
2653,,LOT-20260425-651F-004,,,,Ejote,,1613,cam2_20260429_134514.jpg,ambient,1615,cam2_20260429_134516.jpg,,2,28.2,38,100,3082,0,15,0.0,0.0,0,0.0,4,51.4,12.8,0.0,0.0,0,0,0,,2026-04-29 19:45:17
2661,,LOT-20260425-651F-004,,,,Ejote,,1617,cam2_20260429_140014.jpg,ambient,1619,cam2_20260429_140018.jpg,,2,28.3,40,100,3097,0,15,0.0,0.0,0,0.0,4,51.6,12.9,0.0,0.0,0,0,0,,2026-04-29 20:00:19
2669,,LOT-20260425-651F-004,,,,Ejote,,1621,cam2_20260429_141514.jpg,ambient,1623,cam2_20260429_141517.jpg,,2,28.1,40,100,3112,0,15,0.0,0.0,0,0.0,4,51.9,13.0,0.0,0.0,0,0,0,,2026-04-29 20:15:18
2681,,LOT-20260425-651F-004,,,,Ejote,,1626,cam2_20260429_143014.jpg,ambient,1628,cam2_20260429_143019.jpg,,2,28.2,39,100,3127,0,15,0.0,0.0,0,0.0,4,52.1,13.0,0.0,0.0,0,0,0,,2026-04-29 20:30:20
2685,,LOT-20260425-651F-004,,,,Ejote,,1629,cam2_20260429_144514.jpg,ambient,1631,cam2_20260429_144517.jpg,,2,28.1,41,100,3142,0,15,0.0,0.0,0,0.0,4,52.4,13.1,0.0,0.0,0,0,0,,2026-04-29 20:45:18
2697,,LOT-20260425-651F-004,,,,Ejote,,1634,cam2_20260429_150015.jpg,ambient,1636,cam2_20260429_150022.jpg,,2,28.3,41,100,3157,0,15,0.0,0.0,0,0.0,4,52.6,13.2,0.0,0.0,0,0,0,,2026-04-29 21:00:23
2701,,LOT-20260425-651F-004,,,,Ejote,,1637,cam2_20260429_152753.jpg,ambient,1639,cam2_20260429_152755.jpg,,2,27.5,39,100,3184,0,15,0.0,0.0,0,0.0,4,53.1,13.3,0.0,0.0,0,0,0,,2026-04-29 21:27:56
2709,,LOT-20260425-651F-004,,,,Ejote,,1641,cam2_20260429_154253.jpg,ambient,1643,cam2_20260429_154256.jpg,,2,27.8,38,100,3199,0,15,0.0,0.0,0,0.0,4,53.3,13.3,0.0,0.0,0,0,0,,2026-04-29 21:42:57
2717,,LOT-20260425-651F-004,,,,Ejote,,1645,cam2_20260429_155753.jpg,ambient,1647,cam2_20260429_155755.jpg,,2,28,40,100,3214,0,15,0.0,0.0,0,0.0,4,53.6,13.4,0.0,0.0,0,0,0,,2026-04-29 21:57:56
2725,,LOT-20260425-651F-004,,,,Ejote,,1649,cam2_20260429_161253.jpg,ambient,1650,cam2_20260429_161255.jpg,,2,28,39,100,3229,0,15,0.0,0.0,0,0.0,4,53.8,13.5,0.0,0.0,0,0,0,,2026-04-29 22:12:56
2737,,LOT-20260425-651F-004,,,,Ejote,,1654,cam2_20260429_162754.jpg,ambient,1656,cam2_20260429_162757.jpg,,2,28.2,41,100,3244,0,15,0.0,0.0,0,0.0,4,54.1,13.5,0.0,0.0,0,0,0,,2026-04-29 22:27:58
2741,,LOT-20260425-651F-004,,,,Ejote,,1657,cam2_20260429_164253.jpg,ambient,1659,cam2_20260429_164255.jpg,,2,28.2,37,100,3259,0,15,0.0,0.0,0,0.0,4,54.3,13.6,0.0,0.0,0,0,0,,2026-04-29 22:42:56
2753,,LOT-20260425-651F-004,,,,Ejote,,1662,cam2_20260429_165754.jpg,ambient,1664,cam2_20260429_165759.jpg,,2,28.2,38,100,3274,0,15,0.0,0.0,0,0.0,4,54.6,13.6,0.0,0.0,0,0,0,,2026-04-29 22:57:59
2757,,LOT-20260425-651F-004,,,,Ejote,,1665,cam2_20260429_171254.jpg,ambient,1667,cam2_20260429_171257.jpg,,2,28.2,38,100,3289,0,15,0.0,0.0,0,0.0,4,54.8,13.7,0.0,0.0,0,0,0,,2026-04-29 23:12:57
2769,,LOT-20260425-651F-004,,,,Ejote,,1670,cam2_20260429_172754.jpg,ambient,1672,cam2_20260429_172758.jpg,,2,28.2,37,100,3304,0,15,0.0,0.0,0,0.0,4,55.1,13.8,0.0,0.0,0,0,0,,2026-04-29 23:27:58
2777,,LOT-20260425-651F-004,,,,Ejote,,1674,cam2_20260429_174254.jpg,ambient,1676,cam2_20260429_174300.jpg,,2,28,38,100,3319,0,15,0.0,0.0,0,0.0,5,55.3,11.1,0.0,0.0,0,0,0,,2026-04-29 23:43:00
2781,,LOT-20260425-651F-004,,,,Ejote,,1677,cam2_20260429_175753.jpg,ambient,1679,cam2_20260429_175755.jpg,,2,27.7,37,100,3334,0,15,0.0,0.0,0,0.0,5,55.6,11.1,0.0,0.0,0,0,0,,2026-04-29 23:57:56
2789,,LOT-20260425-651F-004,,,,Ejote,,1681,cam2_20260429_181253.jpg,ambient,1683,cam2_20260429_181257.jpg,,2,27.7,37,100,3349,1,15,15.0,0.0,0,0.0,5,55.8,11.2,0.0,0.0,0,0,0,,2026-04-30 00:12:57
2797,,LOT-20260425-651F-004,,,,Ejote,,1685,cam2_20260429_182753.jpg,ambient,1687,cam2_20260429_182800.jpg,,2,27.7,39,100,3363,0,15,0.0,0.0,0,0.0,5,56.0,11.2,0.0,0.0,0,0,0,,2026-04-30 00:28:00
2805,,LOT-20260425-651F-004,,,,Ejote,,1689,cam2_20260429_184253.jpg,ambient,1691,cam2_20260429_184255.jpg,,2,27.8,38,100,3378,0,15,0.0,0.0,0,0.0,5,56.3,11.3,0.0,0.0,0,0,0,,2026-04-30 00:42:56
2813,,LOT-20260425-651F-004,,,,Ejote,,1693,cam2_20260429_185753.jpg,ambient,1695,cam2_20260429_185758.jpg,,2,28,39,100,3393,0,15,0.0,0.0,0,0.0,5,56.5,11.3,0.0,0.0,0,0,0,,2026-04-30 00:57:58
2821,,LOT-20260425-651F-004,,,,Ejote,,1697,cam2_20260429_191344.jpg,ambient,1699,cam2_20260429_191346.jpg,,2,28,40,100,3409,0,15,0.0,0.0,0,0.0,5,56.8,11.4,0.0,0.0,0,0,0,,2026-04-30 01:13:47
2829,,LOT-20260425-651F-004,,,,Ejote,,1701,cam2_20260429_192844.jpg,ambient,,,,2,27.8,39,100,3424,0,15,0.0,0.0,0,0.0,5,57.1,11.4,0.0,0.0,0,0,0,,2026-04-30 01:29:01
2837,,LOT-20260425-651F-004,,,,Ejote,,1704,cam2_20260429_194344.jpg,ambient,1706,cam2_20260429_194348.jpg,,2,27.8,40,89.8,3439,0,15,0.0,0.0,0,0.0,5,57.3,11.5,0.0,0.0,0,0,0,,2026-04-30 01:43:48
2845,,LOT-20260425-651F-004,,,,Ejote,,1708,cam2_20260429_195844.jpg,ambient,1710,cam2_20260429_195847.jpg,,2,28,42,100,3454,0,15,0.0,0.0,0,0.0,5,57.6,11.5,0.0,0.0,0,0,0,,2026-04-30 01:58:47
2853,,LOT-20260425-651F-004,,,,Ejote,,1712,cam2_20260429_201344.jpg,ambient,1714,cam2_20260429_201347.jpg,,2,27.4,43,100,3455,0,15,0.0,0.0,0,0.0,5,57.6,11.5,0.0,0.0,0,0,0,,2026-04-30 02:13:47
2861,,LOT-20260425-651F-004,,,,Ejote,,1716,cam2_20260429_202844.jpg,ambient,1718,cam2_20260429_202846.jpg,,2,27.3,42,72.3,3455,0,15,0.0,0.0,0,0.0,5,57.6,11.5,0.0,0.0,0,0,0,,2026-04-30 02:28:47
2869,,LOT-20260425-651F-004,,,,Ejote,,1720,cam2_20260429_204344.jpg,ambient,1722,cam2_20260429_204346.jpg,,2,27,44,63.4,3455,0,15,0.0,0.0,0,0.0,5,57.6,11.5,0.0,0.0,0,0,0,,2026-04-30 02:43:47
2877,,LOT-20260425-651F-004,,,,Ejote,,1724,cam2_20260429_205844.jpg,ambient,1726,cam2_20260429_205848.jpg,,2,27.1,44,80.6,3455,0,15,0.0,0.0,0,0.0,5,57.6,11.5,0.0,0.0,0,0,0,,2026-04-30 02:58:48
2885,,LOT-20260425-651F-004,,,,Ejote,,1728,cam2_20260429_211344.jpg,ambient,1730,cam2_20260429_211346.jpg,,2,27,44,58.9,3455,0,15,0.0,0.0,0,0.0,5,57.6,11.5,0.0,0.0,0,0,0,,2026-04-30 03:13:47
2893,,LOT-20260425-651F-004,,,,Ejote,,1732,cam2_20260429_212844.jpg,ambient,1734,cam2_20260429_212846.jpg,,2,26.9,44,49.9,3455,0,15,0.0,0.0,0,0.0,5,57.6,11.5,0.0,0.0,0,0,0,,2026-04-30 03:28:47
2901,,LOT-20260425-651F-004,,,,Ejote,,1736,cam2_20260429_214344.jpg,ambient,1738,cam2_20260429_214346.jpg,,2,26.8,45,49.8,3455,0,15,0.0,0.0,0,0.0,5,57.6,11.5,0.0,0.0,0,0,0,,2026-04-30 03:43:47
2909,,LOT-20260425-651F-004,,,,Ejote,,1740,cam2_20260429_215844.jpg,ambient,1742,cam2_20260429_215846.jpg,,2,27,45,49.9,3455,0,15,0.0,0.0,0,0.0,5,57.6,11.5,0.0,0.0,0,0,0,,2026-04-30 03:58:47
2917,,LOT-20260425-651F-004,,,,Ejote,,1744,cam2_20260429_221344.jpg,ambient,1746,cam2_20260429_221349.jpg,,2,27.1,51,100,3455,0,15,0.0,0.0,0,0.0,5,57.6,11.5,0.0,0.0,0,0,0,,2026-04-30 04:13:50
2925,,LOT-20260425-651F-004,,,,Ejote,,1748,cam2_20260429_222844.jpg,ambient,1750,cam2_20260429_222847.jpg,,2,26.8,43,57.1,3455,0,15,0.0,0.0,0,0.0,5,57.6,11.5,0.0,0.0,0,0,0,,2026-04-30 04:28:47
2933,,LOT-20260425-651F-004,,,,Ejote,,1752,cam2_20260429_224344.jpg,ambient,1754,cam2_20260429_224347.jpg,,2,27,47,49.7,3455,0,15,0.0,0.0,0,0.0,5,57.6,11.5,0.0,0.0,0,0,0,,2026-04-30 04:43:47
2941,,LOT-20260425-651F-004,,,,Ejote,,1756,cam2_20260429_225844.jpg,ambient,1758,cam2_20260429_225849.jpg,,2,27.5,50,55.4,3455,0,15,0.0,0.0,0,0.0,5,57.6,11.5,0.0,0.0,0,0,0,,2026-04-30 04:58:49
2949,,LOT-20260425-651F-004,,,,Ejote,,1760,cam2_20260429_231344.jpg,ambient,1762,cam2_20260429_231347.jpg,,2,27.7,48,49.9,3455,0,15,0.0,0.0,0,0.0,5,57.6,11.5,0.0,0.0,0,0,0,,2026-04-30 05:13:47
2957,,LOT-20260425-651F-004,,,,Ejote,,1764,cam2_20260429_232844.jpg,ambient,1766,cam2_20260429_232847.jpg,,2,28,47,49.4,3455,0,15,0.0,0.0,0,0.0,5,57.6,11.5,0.0,0.0,0,0,0,,2026-04-30 05:28:47
2965,,LOT-20260425-651F-004,,,,Ejote,,1768,cam2_20260429_234344.jpg,ambient,1770,cam2_20260429_234347.jpg,,2,28.1,48,49.7,3456,0,15,0.0,0.0,0,0.0,5,57.6,11.5,0.0,0.0,0,0,0,,2026-04-30 05:43:47
2973,,LOT-20260425-651F-004,,,,Ejote,,1772,cam2_20260429_235844.jpg,ambient,1774,cam2_20260429_235847.jpg,,2,27.8,47,55.4,3456,0,15,0.0,0.0,0,0.0,5,57.6,11.5,0.0,0.0,0,0,0,,2026-04-30 05:58:47
2981,,LOT-20260425-651F-004,,,,Ejote,,1776,cam2_20260430_001344.jpg,ambient,1778,cam2_20260430_001347.jpg,,2,28.1,50,49.5,3456,0,15,0.0,0.0,0,0.0,5,57.6,11.5,0.0,0.0,0,0,0,,2026-04-30 06:13:47
2989,,LOT-20260425-651F-004,,,,Ejote,,1780,cam2_20260430_002844.jpg,ambient,1782,cam2_20260430_002847.jpg,,2,28.1,51,49.9,3456,0,15,0.0,0.0,0,0.0,5,57.6,11.5,0.0,0.0,0,0,0,,2026-04-30 06:28:47
2997,,LOT-20260425-651F-004,,,,Ejote,,1784,cam2_20260430_004344.jpg,ambient,1786,cam2_20260430_004347.jpg,,2,28.1,50,50,3456,0,15,0.0,0.0,0,0.0,5,57.6,11.5,0.0,0.0,0,0,0,,2026-04-30 06:43:47
3005,,LOT-20260425-651F-004,,,,Ejote,,1788,cam2_20260430_005844.jpg,ambient,1790,cam2_20260430_005847.jpg,,2,28.2,49,48.9,3456,0,15,0.0,0.0,0,0.0,5,57.6,11.5,0.0,0.0,0,0,0,,2026-04-30 06:58:48
3013,,LOT-20260425-651F-004,,,,Ejote,,1792,cam2_20260430_011344.jpg,ambient,1794,cam2_20260430_011347.jpg,,2,28.2,48,49.3,3456,0,15,0.0,0.0,0,0.0,5,57.6,11.5,0.0,0.0,0,0,0,,2026-04-30 07:13:48
3021,,LOT-20260425-651F-004,,,,Ejote,,1796,cam2_20260430_012844.jpg,ambient,1798,cam2_20260430_012847.jpg,,2,28.2,45,49,3456,0,15,0.0,0.0,0,0.0,5,57.6,11.5,0.0,0.0,0,0,0,,2026-04-30 07:28:47
3029,,LOT-20260425-651F-004,,,,Ejote,,1800,cam2_20260430_014344.jpg,ambient,1802,cam2_20260430_014347.jpg,,2,28.3,46,53.6,3456,0,15,0.0,0.0,0,0.0,5,57.6,11.5,0.0,0.0,0,0,0,,2026-04-30 07:43:47
3037,,LOT-20260425-651F-004,,,,Ejote,,1804,cam2_20260430_015844.jpg,ambient,1806,cam2_20260430_015847.jpg,,2,28.1,46,49.1,3456,0,15,0.0,0.0,0,0.0,5,57.6,11.5,0.0,0.0,0,0,0,,2026-04-30 07:58:47
3045,,LOT-20260425-651F-004,,,,Ejote,,1808,cam2_20260430_021344.jpg,ambient,1810,cam2_20260430_021347.jpg,,2,28.1,48,48.5,3456,0,15,0.0,0.0,0,0.0,5,57.6,11.5,0.0,0.0,0,0,0,,2026-04-30 08:13:47
3053,,LOT-20260425-651F-004,,,,Ejote,,1812,cam2_20260430_022844.jpg,ambient,1814,cam2_20260430_022847.jpg,,2,28.1,48,48.5,3456,0,15,0.0,0.0,0,0.0,5,57.6,11.5,0.0,0.0,0,0,0,,2026-04-30 08:28:47
3061,,LOT-20260425-651F-004,,,,Ejote,,1816,cam2_20260430_024344.jpg,ambient,1818,cam2_20260430_024347.jpg,,2,28.1,45,47.5,3457,0,15,0.0,0.0,0,0.0,5,57.6,11.5,0.0,0.0,0,0,0,,2026-04-30 08:43:47
3069,,LOT-20260425-651F-004,,,,Ejote,,1820,cam2_20260430_025844.jpg,ambient,1822,cam2_20260430_025847.jpg,,2,28.2,46,47.7,3457,0,15,0.0,0.0,0,0.0,5,57.6,11.5,0.0,0.0,0,0,0,,2026-04-30 08:58:48
3077,,LOT-20260425-651F-004,,,,Ejote,,1824,cam2_20260430_031344.jpg,ambient,1826,cam2_20260430_031347.jpg,,2,28.1,47,47.8,3457,0,15,0.0,0.0,0,0.0,5,57.6,11.5,0.0,0.0,0,0,0,,2026-04-30 09:13:47
3085,,LOT-20260425-651F-004,,,,Ejote,,1828,cam2_20260430_032844.jpg,ambient,1830,cam2_20260430_032847.jpg,,2,28,47,48.6,3457,0,15,0.0,0.0,0,0.0,5,57.6,11.5,0.0,0.0,0,0,0,,2026-04-30 09:28:48
3093,,LOT-20260425-651F-004,,,,Ejote,,1832,cam2_20260430_034344.jpg,ambient,1834,cam2_20260430_034347.jpg,,2,28.1,46,47.5,3457,0,15,0.0,0.0,0,0.0,5,57.6,11.5,0.0,0.0,0,0,0,,2026-04-30 09:43:47
3101,,LOT-20260425-651F-004,,,,Ejote,,1836,cam2_20260430_035844.jpg,ambient,1838,cam2_20260430_035847.jpg,,2,28.1,45,47.9,3457,0,15,0.0,0.0,0,0.0,5,57.6,11.5,0.0,0.0,0,0,0,,2026-04-30 09:58:47
3109,,LOT-20260425-651F-004,,,,Ejote,,1840,cam2_20260430_041344.jpg,ambient,1842,cam2_20260430_041347.jpg,,2,28.1,44,47.4,3457,0,15,0.0,0.0,0,0.0,5,57.6,11.5,0.0,0.0,0,0,0,,2026-04-30 10:13:47
3117,,LOT-20260425-651F-004,,,,Ejote,,1844,cam2_20260430_042844.jpg,ambient,1846,cam2_20260430_042847.jpg,,2,28.1,46,46.7,3457,0,15,0.0,0.0,0,0.0,5,57.6,11.5,0.0,0.0,0,0,0,,2026-04-30 10:28:47
3125,,LOT-20260425-651F-004,,,,Ejote,,1848,cam2_20260430_044344.jpg,ambient,1850,cam2_20260430_044347.jpg,,2,28.1,46,47.5,3457,0,15,0.0,0.0,0,0.0,5,57.6,11.5,0.0,0.0,0,0,0,,2026-04-30 10:43:47
3133,,LOT-20260425-651F-004,,,,Ejote,,1852,cam2_20260430_045844.jpg,ambient,1854,cam2_20260430_045847.jpg,,2,28.1,46,45.3,3457,0,15,0.0,0.0,0,0.0,5,57.6,11.5,0.0,0.0,0,0,0,,2026-04-30 10:58:47
3141,,LOT-20260425-651F-004,,,,Ejote,,1856,cam2_20260430_051344.jpg,ambient,1858,cam2_20260430_051347.jpg,,2,28.1,48,46.3,3457,0,15,0.0,0.0,0,0.0,5,57.6,11.5,0.0,0.0,0,0,0,,2026-04-30 11:13:47
3149,,LOT-20260425-651F-004,,,,Ejote,,1860,cam2_20260430_052844.jpg,ambient,1862,cam2_20260430_052847.jpg,,2,27.9,46,46.6,3457,0,15,0.0,0.0,0,0.0,5,57.6,11.5,0.0,0.0,0,0,0,,2026-04-30 11:28:47
3157,,LOT-20260425-651F-004,,,,Ejote,,1864,cam2_20260430_054344.jpg,ambient,1866,cam2_20260430_054347.jpg,,2,28,45,47.2,3457,0,15,0.0,0.0,0,0.0,5,57.6,11.5,0.0,0.0,0,0,0,,2026-04-30 11:43:47
3165,,LOT-20260425-651F-004,,,,Ejote,,1868,cam2_20260430_055844.jpg,ambient,1870,cam2_20260430_055847.jpg,,2,27.9,44,46.2,3457,0,15,0.0,0.0,0,0.0,5,57.6,11.5,0.0,0.0,0,0,0,,2026-04-30 11:58:47
3173,,LOT-20260425-651F-004,,,,Ejote,,1872,cam2_20260430_061344.jpg,ambient,1874,cam2_20260430_061347.jpg,,2,27.9,44,46.5,3457,0,15,0.0,0.0,0,0.0,5,57.6,11.5,0.0,0.0,0,0,0,,2026-04-30 12:13:47
3181,,LOT-20260425-651F-004,,,,Ejote,,1876,cam2_20260430_062844.jpg,ambient,1878,cam2_20260430_062847.jpg,,2,28,46,47.1,3457,0,15,0.0,0.0,0,0.0,5,57.6,11.5,0.0,0.0,0,0,0,,2026-04-30 12:28:47
3189,,LOT-20260425-651F-004,,,,Ejote,,1880,cam2_20260430_064344.jpg,ambient,1882,cam2_20260430_064347.jpg,,2,27.7,44,48.1,3457,0,15,0.0,0.0,0,0.0,5,57.6,11.5,0.0,0.0,0,0,0,,2026-04-30 12:43:47
3197,,LOT-20260425-651F-004,,,,Ejote,,1884,cam2_20260430_065844.jpg,ambient,1886,cam2_20260430_065847.jpg,,2,27.6,42,46.9,3457,0,15,0.0,0.0,0,0.0,5,57.6,11.5,0.0,0.0,0,0,0,,2026-04-30 12:58:47
3205,,LOT-20260425-651F-004,,,,Ejote,,1888,cam2_20260430_071344.jpg,ambient,1890,cam2_20260430_071347.jpg,,2,27.5,42,46.1,3457,0,15,0.0,0.0,0,0.0,5,57.6,11.5,0.0,0.0,0,0,0,,2026-04-30 13:13:48
3213,,LOT-20260425-651F-004,,,,Ejote,,1892,cam2_20260430_072844.jpg,ambient,1894,cam2_20260430_072847.jpg,,2,27.3,42,45.3,3457,0,15,0.0,0.0,0,0.0,5,57.6,11.5,0.0,0.0,0,0,0,,2026-04-30 13:28:47
3221,,LOT-20260425-651F-004,,,,Ejote,,1896,cam2_20260430_074344.jpg,ambient,1898,cam2_20260430_074347.jpg,,2,27.5,44,46.5,3457,0,15,0.0,0.0,0,0.0,5,57.6,11.5,0.0,0.0,0,0,0,,2026-04-30 13:43:47
3229,,LOT-20260425-651F-004,,,,Ejote,,1900,cam2_20260430_075844.jpg,ambient,1902,cam2_20260430_075848.jpg,,2,27.3,44,45.5,3458,0,15,0.0,0.0,0,0.0,5,57.6,11.5,0.0,0.0,0,0,0,,2026-04-30 13:58:48
3245,,LOT-20260425-651F-004,,,,Ejote,,1908,cam2_20260430_092425.jpg,ambient,1910,cam2_20260430_092431.jpg,,2,27.6,50,45.6,3542,0,15,0.0,0.0,0,0.0,5,59.0,11.8,0.0,0.0,0,0,0,,2026-04-30 15:24:31
3257,,LOT-20260425-651F-004,,,,Ejote,,1913,cam2_20260430_093927.jpg,ambient,1915,cam2_20260430_093930.jpg,,2,28.4,48,46.6,3557,0,15,0.0,0.0,0,0.0,5,59.3,11.9,0.0,0.0,0,0,0,,2026-04-30 15:39:31
3261,,LOT-20260425-651F-004,,,,Ejote,,1916,cam2_20260430_095425.jpg,ambient,1918,cam2_20260430_095429.jpg,,2,28.7,47,47.6,3572,0,15,0.0,0.0,0,0.0,5,59.5,11.9,0.0,0.0,0,0,0,,2026-04-30 15:54:30
3273,,LOT-20260425-651F-004,,,,Ejote,,1921,cam2_20260430_100927.jpg,ambient,1923,cam2_20260430_100930.jpg,,2,28.2,40,45.7,3586,0,15,0.0,0.0,0,0.0,5,59.8,12.0,0.0,0.0,0,0,0,,2026-04-30 16:09:31
3277,,LOT-20260425-651F-004,,,,Ejote,,1924,cam2_20260430_102425.jpg,ambient,1926,cam2_20260430_102429.jpg,,2,28.2,42,45.5,3601,0,15,0.0,0.0,0,0.0,5,60.0,12.0,0.0,0.0,0,0,0,,2026-04-30 16:24:30
3285,,LOT-20260425-651F-004,,,,Ejote,,1928,cam2_20260430_103925.jpg,ambient,1930,cam2_20260430_103928.jpg,,2,28.5,45,45.6,3616,0,15,0.0,0.0,0,0.0,5,60.3,12.1,0.0,0.0,0,0,0,,2026-04-30 16:39:29
3293,,LOT-20260425-651F-004,,,,Ejote,,1932,cam2_20260430_105425.jpg,ambient,1934,cam2_20260430_105429.jpg,,2,28.2,45,45.3,3631,0,15,0.0,0.0,0,0.0,5,60.5,12.1,0.0,0.0,0,0,0,,2026-04-30 16:54:30
3301,,LOT-20260425-651F-004,,,,Ejote,,1936,cam2_20260430_110925.jpg,ambient,1938,cam2_20260430_110930.jpg,,2,28.2,46,45.1,3646,0,15,0.0,0.0,0,0.0,5,60.8,12.2,0.0,0.0,0,0,0,,2026-04-30 17:09:31
3309,,LOT-20260425-651F-004,,,,Ejote,,1940,cam2_20260430_112426.jpg,ambient,1942,cam2_20260430_112428.jpg,,2,28.1,45,43.1,3661,0,15,0.0,0.0,0,0.0,5,61.0,12.2,0.0,0.0,0,0,0,,2026-04-30 17:24:29
3317,,LOT-20260425-651F-004,,,,Ejote,,1944,cam2_20260430_113925.jpg,ambient,1946,cam2_20260430_113928.jpg,,2,28.2,45,43.8,3676,0,15,0.0,0.0,0,0.0,5,61.3,12.3,0.0,0.0,0,0,0,,2026-04-30 17:39:29
3325,,LOT-20260425-651F-004,,,,Ejote,,1948,cam2_20260430_115425.jpg,ambient,1950,cam2_20260430_115428.jpg,,2,28.1,45,43.9,3691,0,15,0.0,0.0,0,0.0,5,61.5,12.3,0.0,0.0,0,0,0,,2026-04-30 17:54:28
3333,,LOT-20260425-651F-004,,,,Ejote,,1952,cam2_20260430_120926.jpg,ambient,1954,cam2_20260430_120929.jpg,,2,28.2,46,42.4,3706,0,15,0.0,0.0,0,0.0,5,61.8,12.4,0.0,0.0,0,0,0,,2026-04-30 18:09:30
3341,,LOT-20260425-651F-004,,,,Ejote,,1956,cam2_20260430_122425.jpg,ambient,1958,cam2_20260430_122428.jpg,,2,28.1,47,42.7,3721,0,15,0.0,0.0,0,0.0,5,62.0,12.4,0.0,0.0,0,0,0,,2026-04-30 18:24:28
3349,,LOT-20260425-651F-004,,,,Ejote,,1960,cam2_20260430_123925.jpg,ambient,1962,cam2_20260430_123928.jpg,,2,28.1,47,43.7,3736,0,15,0.0,0.0,0,0.0,5,62.3,12.5,0.0,0.0,0,0,0,,2026-04-30 18:39:28
3357,,LOT-20260425-651F-004,,,,Ejote,,1964,cam2_20260430_125425.jpg,ambient,1966,cam2_20260430_125428.jpg,,2,28.1,47,42.2,3751,0,15,0.0,0.0,0,0.0,5,62.5,12.5,0.0,0.0,0,0,0,,2026-04-30 18:54:29
3365,,LOT-20260425-651F-004,,,,Ejote,,1968,cam2_20260430_130925.jpg,ambient,1970,cam2_20260430_130928.jpg,,2,28.1,47,42.6,3765,0,15,0.0,0.0,0,0.0,5,62.8,12.6,0.0,0.0,0,0,0,,2026-04-30 19:09:28
3373,,LOT-20260425-651F-004,,,,Ejote,,1972,cam2_20260430_132425.jpg,ambient,1974,cam2_20260430_132428.jpg,,2,28.1,45,41.8,3780,0,15,0.0,0.0,0,0.0,5,63.0,12.6,0.0,0.0,0,0,0,,2026-04-30 19:24:29
3381,,LOT-20260425-651F-004,,,,Ejote,,1976,cam2_20260430_133925.jpg,ambient,1978,cam2_20260430_133928.jpg,,2,28.1,44,41,3795,0,15,0.0,0.0,0,0.0,5,63.3,12.7,0.0,0.0,0,0,0,,2026-04-30 19:39:29
3389,,LOT-20260425-651F-004,,,,Ejote,,1980,cam2_20260430_135427.jpg,ambient,1982,cam2_20260430_135430.jpg,,2,28.1,45,41,3810,0,15,0.0,0.0,0,0.0,5,63.5,12.7,0.0,0.0,0,0,0,,2026-04-30 19:54:31
3397,,LOT-20260425-651F-004,,,,Ejote,,1984,cam2_20260430_140925.jpg,ambient,1986,cam2_20260430_140928.jpg,,2,28.2,45,40.8,3825,0,15,0.0,0.0,0,0.0,5,63.8,12.8,0.0,0.0,0,0,0,,2026-04-30 20:09:29
3405,,LOT-20260425-651F-004,,,,Ejote,,1988,cam2_20260430_142425.jpg,ambient,1990,cam2_20260430_142429.jpg,,2,28.3,47,38.9,3840,0,15,0.0,0.0,0,0.0,5,64.0,12.8,0.0,0.0,0,0,0,,2026-04-30 20:24:30
3413,,LOT-20260425-651F-004,,,,Ejote,,1992,cam2_20260430_143925.jpg,ambient,1994,cam2_20260430_143928.jpg,,2,28.2,47,40,3855,0,15,0.0,0.0,0,0.0,5,64.3,12.8,0.0,0.0,0,0,0,,2026-04-30 20:39:28
3421,,LOT-20260425-651F-004,,,,Ejote,,1996,cam2_20260430_145426.jpg,ambient,1998,cam2_20260430_145428.jpg,,2,28.2,46,39.3,3870,0,15,0.0,0.0,0,0.0,5,64.5,12.9,0.0,0.0,0,0,0,,2026-04-30 20:54:29
3433,,LOT-20260425-651F-004,,,,Ejote,,2001,cam2_20260430_150926.jpg,ambient,2003,cam2_20260430_150934.jpg,,2,28.1,44,38.8,3885,0,15,0.0,0.0,0,0.0,5,64.8,12.9,0.0,0.0,0,0,0,,2026-04-30 21:09:35
3437,,LOT-20260425-651F-004,,,,Ejote,,2004,cam2_20260430_152425.jpg,ambient,2006,cam2_20260430_152428.jpg,,2,28,43,38.9,3900,0,15,0.0,0.0,0,0.0,5,65.0,13.0,0.0,0.0,0,0,0,,2026-04-30 21:24:28
3445,,LOT-20260425-651F-004,,,,Ejote,,2008,cam2_20260430_153925.jpg,ambient,2010,cam2_20260430_153928.jpg,,2,28,43,37.1,3915,0,15,0.0,0.0,0,0.0,5,65.3,13.1,0.0,0.0,0,0,0,,2026-04-30 21:39:28
3453,,LOT-20260425-651F-004,,,,Ejote,,2012,cam2_20260430_155425.jpg,ambient,2014,cam2_20260430_155428.jpg,,2,27.9,40,37,3930,0,15,0.0,0.0,0,0.0,5,65.5,13.1,0.0,0.0,0,0,0,,2026-04-30 21:54:29
3461,,LOT-20260425-651F-004,,,,Ejote,,2016,cam2_20260430_160925.jpg,ambient,2018,cam2_20260430_160928.jpg,,2,27.8,38,35.8,3945,0,15,0.0,0.0,0,0.0,5,65.8,13.2,0.0,0.0,0,0,0,,2026-04-30 22:09:28
3473,,LOT-20260425-651F-004,,,,Ejote,,2021,cam2_20260430_162427.jpg,ambient,2023,cam2_20260430_162430.jpg,,2,27.8,37,34.3,3960,0,15,0.0,0.0,0,0.0,5,66.0,13.2,0.0,0.0,0,0,0,,2026-04-30 22:24:31
3477,,LOT-20260425-651F-004,,,,Ejote,,2024,cam2_20260430_163925.jpg,ambient,2026,cam2_20260430_163928.jpg,,2,27.7,37,34,3974,0,15,0.0,0.0,0,0.0,5,66.2,13.2,0.0,0.0,0,0,0,,2026-04-30 22:39:29
3485,,LOT-20260425-651F-004,,,,Ejote,,2028,cam2_20260430_165425.jpg,ambient,2030,cam2_20260430_165428.jpg,,2,27.6,36,33.3,3989,0,15,0.0,0.0,0,0.0,5,66.5,13.3,0.0,0.0,0,0,0,,2026-04-30 22:54:29
3493,,LOT-20260425-651F-004,,,,Ejote,,2032,cam2_20260430_170925.jpg,ambient,2034,cam2_20260430_170928.jpg,,2,27.7,36,33.3,4004,0,15,0.0,0.0,0,0.0,5,66.7,13.3,0.0,0.0,0,0,0,,2026-04-30 23:09:29
3501,,LOT-20260425-651F-004,,,,Ejote,,2036,cam2_20260430_172426.jpg,ambient,2038,cam2_20260430_172428.jpg,,2,27.6,36,31.6,4019,0,15,0.0,0.0,0,0.0,5,67.0,13.4,0.0,0.0,0,0,0,,2026-04-30 23:24:29
3509,,LOT-20260425-651F-004,,,,Ejote,,2040,cam2_20260430_173926.jpg,ambient,2042,cam2_20260430_173928.jpg,,2,27.7,37,31.9,4034,0,15,0.0,0.0,0,0.0,6,67.2,11.2,0.0,0.0,0,0,0,,2026-04-30 23:39:29
3517,,LOT-20260425-651F-004,,,,Ejote,,2044,cam2_20260430_175425.jpg,ambient,2046,cam2_20260430_175428.jpg,,2,27.5,38,29.7,4049,0,15,0.0,0.0,0,0.0,6,67.5,11.2,0.0,0.0,0,0,0,,2026-04-30 23:54:29
3525,,LOT-20260425-651F-004,,,,Ejote,,2048,cam2_20260430_180926.jpg,ambient,2050,cam2_20260430_180928.jpg,,2,27.6,38,31.7,4064,1,15,15.0,0.0,0,0.0,6,67.7,11.3,0.0,0.0,0,0,0,,2026-05-01 00:09:29
3533,,LOT-20260425-651F-004,,,,Ejote,,2052,cam2_20260430_182425.jpg,ambient,2054,cam2_20260430_182428.jpg,,2,27.8,41,29.3,4079,0,15,0.0,0.0,0,0.0,6,68.0,11.3,0.0,0.0,0,0,0,,2026-05-01 00:24:28
3541,,LOT-20260425-651F-004,,,,Ejote,,2056,cam2_20260430_183925.jpg,ambient,2058,cam2_20260430_183928.jpg,,2,27.6,42,28.7,4094,0,15,0.0,0.0,0,0.0,6,68.2,11.4,0.0,0.0,0,0,0,,2026-05-01 00:39:29
3549,,LOT-20260425-651F-004,,,,Ejote,,2060,cam2_20260430_185425.jpg,ambient,2062,cam2_20260430_185428.jpg,,2,27.6,42,27.7,4109,0,15,0.0,0.0,0,0.0,6,68.5,11.4,0.0,0.0,0,0,0,,2026-05-01 00:54:29
3561,,LOT-20260425-651F-004,,,,Ejote,,2065,cam2_20260430_190927.jpg,ambient,2067,cam2_20260430_190930.jpg,,2,27.3,41,27.7,4124,0,15,0.0,0.0,0,0.0,6,68.7,11.5,0.0,0.0,0,0,0,,2026-05-01 01:09:31
3565,,LOT-20260425-651F-004,,,,Ejote,,2068,cam2_20260430_192426.jpg,ambient,2070,cam2_20260430_192428.jpg,,2,27.3,42,27.2,4139,0,15,0.0,0.0,0,0.0,6,69.0,11.5,0.0,0.0,0,0,0,,2026-05-01 01:24:29
3573,,LOT-20260425-651F-004,,,,Ejote,,2072,cam2_20260430_193925.jpg,ambient,2074,cam2_20260430_193928.jpg,,2,27.6,41,26.4,4154,0,15,0.0,0.0,0,0.0,6,69.2,11.5,0.0,0.0,0,0,0,,2026-05-01 01:39:29
3581,,LOT-20260425-651F-004,,,,Ejote,,2076,cam2_20260430_195426.jpg,ambient,2078,cam2_20260430_195430.jpg,,2,27.5,42,25.8,4169,0,15,0.0,0.0,0,0.0,6,69.5,11.6,0.0,0.0,0,0,0,,2026-05-01 01:54:30
3589,,LOT-20260425-651F-004,,,,Ejote,,2080,cam2_20260430_200927.jpg,ambient,2082,cam2_20260430_200929.jpg,,2,27.2,42,24.8,4174,0,15,0.0,0.0,0,0.0,6,69.6,11.6,0.0,0.0,0,0,0,,2026-05-01 02:09:30
3597,,LOT-20260425-651F-004,,,,Ejote,,2084,cam2_20260430_202427.jpg,ambient,2086,cam2_20260430_202429.jpg,,2,26.8,42,24.3,4174,0,15,0.0,0.0,0,0.0,6,69.6,11.6,0.0,0.0,0,0,0,,2026-05-01 02:24:30
3605,,LOT-20260425-651F-004,,,,Ejote,,2088,cam2_20260430_204026.jpg,ambient,2089,cam2_20260430_204028.jpg,,2,26.7,43,23.2,4175,0,15,0.0,0.0,0,0.0,6,69.6,11.6,0.0,0.0,0,0,0,,2026-05-01 02:40:29
3613,,LOT-20260425-651F-004,,,,Ejote,,2092,cam2_20260430_205525.jpg,ambient,2094,cam2_20260430_205528.jpg,,2,26.7,43,22.6,4175,0,15,0.0,0.0,0,0.0,6,69.6,11.6,0.0,0.0,0,0,0,,2026-05-01 02:55:28
3625,,LOT-20260425-651F-004,,,,Ejote,,2097,cam2_20260430_211027.jpg,ambient,2099,cam2_20260430_211032.jpg,,2,26.5,43,22.1,4175,0,15,0.0,0.0,0,0.0,6,69.6,11.6,0.0,0.0,0,0,0,,2026-05-01 03:10:32
3629,,LOT-20260425-651F-004,,,,Ejote,,2100,cam2_20260430_212526.jpg,ambient,2102,cam2_20260430_212528.jpg,,2,26.4,43,21.3,4175,0,15,0.0,0.0,0,0.0,6,69.6,11.6,0.0,0.0,0,0,0,,2026-05-01 03:25:29
3637,,LOT-20260425-651F-004,,,,Ejote,,2104,cam2_20260430_214025.jpg,ambient,2106,cam2_20260430_214028.jpg,,2,26.4,43,20.2,4175,0,15,0.0,0.0,0,0.0,6,69.6,11.6,0.0,0.0,0,0,0,,2026-05-01 03:40:28
3645,,LOT-20260425-651F-004,,,,Ejote,,2108,cam2_20260430_215526.jpg,ambient,2110,cam2_20260430_215528.jpg,,2,26.5,43,20.8,4175,0,15,0.0,0.0,0,0.0,6,69.6,11.6,0.0,0.0,0,0,0,,2026-05-01 03:55:29
3653,,LOT-20260425-651F-004,,,,Ejote,,2112,cam2_20260430_221025.jpg,ambient,2114,cam2_20260430_221028.jpg,,2,26.7,42,20.1,4175,0,15,0.0,0.0,0,0.0,6,69.6,11.6,0.0,0.0,0,0,0,,2026-05-01 04:10:28
3661,,LOT-20260425-651F-004,,,,Ejote,,2116,cam2_20260430_222525.jpg,ambient,2118,cam2_20260430_222530.jpg,,2,26.4,43,19.6,4175,0,15,0.0,0.0,0,0.0,6,69.6,11.6,0.0,0.0,0,0,0,,2026-05-01 04:25:31
3669,,LOT-20260425-651F-004,,,,Ejote,,2120,cam2_20260430_224025.jpg,ambient,2122,cam2_20260430_224028.jpg,,2,26.3,42,17.8,4175,0,15,0.0,0.0,0,0.0,6,69.6,11.6,0.0,0.0,0,0,0,,2026-05-01 04:40:28
3677,,LOT-20260425-651F-004,,,,Ejote,,2124,cam2_20260430_225526.jpg,ambient,2126,cam2_20260430_225528.jpg,,2,26.3,42,17.7,4175,0,15,0.0,0.0,0,0.0,6,69.6,11.6,0.0,0.0,0,0,0,,2026-05-01 04:55:29
3685,,LOT-20260425-651F-004,,,,Ejote,,2128,cam2_20260430_231026.jpg,ambient,2130,cam2_20260430_231028.jpg,,2,26.1,42,17.1,4175,0,15,0.0,0.0,0,0.0,6,69.6,11.6,0.0,0.0,0,0,0,,2026-05-01 05:10:29
3693,,LOT-20260425-651F-004,,,,Ejote,,2132,cam2_20260430_232526.jpg,ambient,2134,cam2_20260430_232528.jpg,,2,25.9,41,16.9,4175,0,15,0.0,0.0,0,0.0,6,69.6,11.6,0.0,0.0,0,0,0,,2026-05-01 05:25:29
3701,,LOT-20260425-651F-004,,,,Ejote,,2136,cam2_20260430_234026.jpg,ambient,2138,cam2_20260430_234028.jpg,,2,26,43,16.8,4175,0,15,0.0,0.0,0,0.0,6,69.6,11.6,0.0,0.0,0,0,0,,2026-05-01 05:40:29
3713,,LOT-20260425-651F-004,,,,Ejote,,2141,cam2_20260430_235528.jpg,ambient,2143,cam2_20260430_235530.jpg,,2,26,43,16.5,4175,0,15,0.0,0.0,0,0.0,6,69.6,11.6,0.0,0.0,0,0,0,,2026-05-01 05:55:31
3717,,LOT-20260425-651F-004,,,,Ejote,,2144,cam2_20260501_001026.jpg,ambient,2146,cam2_20260501_001028.jpg,,2,25.7,42,16.3,4175,0,15,0.0,0.0,0,0.0,6,69.6,11.6,0.0,0.0,0,0,0,,2026-05-01 06:10:29
3729,,LOT-20260425-651F-004,,,,Ejote,,2149,cam2_20260501_002527.jpg,ambient,2151,cam2_20260501_002531.jpg,,2,26.2,44,15.9,4175,0,15,0.0,0.0,0,0.0,6,69.6,11.6,0.0,0.0,0,0,0,,2026-05-01 06:25:31
3733,,LOT-20260425-651F-004,,,,Ejote,,2152,cam2_20260501_004026.jpg,ambient,2154,cam2_20260501_004028.jpg,,2,25.8,40,15.9,4175,0,15,0.0,0.0,0,0.0,6,69.6,11.6,0.0,0.0,0,0,0,,2026-05-01 06:40:29
3741,,LOT-20260425-651F-004,,,,Ejote,,2156,cam2_20260501_005526.jpg,ambient,2158,cam2_20260501_005528.jpg,,2,26.5,53,100,4181,0,15,0.0,0.0,0,0.0,6,69.7,11.6,0.0,0.0,0,0,0,,2026-05-01 06:55:29
3749,,LOT-20260425-651F-004,,,,Ejote,,2160,cam2_20260501_011026.jpg,ambient,2162,cam2_20260501_011028.jpg,,2,27.3,49,100,4196,0,15,0.0,0.0,0,0.0,6,69.9,11.7,0.0,0.0,0,0,0,,2026-05-01 07:10:29
3757,,LOT-20260425-651F-004,,,,Ejote,,2164,cam2_20260501_012527.jpg,ambient,2166,cam2_20260501_012529.jpg,,2,27.8,48,100,4211,0,15,0.0,0.0,0,0.0,6,70.2,11.7,0.0,0.0,0,0,0,,2026-05-01 07:25:30
3765,,LOT-20260425-651F-004,,,,Ejote,,2168,cam2_20260501_014026.jpg,ambient,2170,cam2_20260501_014028.jpg,,2,28.1,47,100,4225,0,15,0.0,0.0,0,0.0,6,70.4,11.7,0.0,0.0,0,0,0,,2026-05-01 07:40:29
3773,,LOT-20260425-651F-004,,,,Ejote,,2172,cam2_20260501_015526.jpg,ambient,2174,cam2_20260501_015529.jpg,,2,28.2,46,100,4240,0,15,0.0,0.0,0,0.0,6,70.7,11.8,0.0,0.0,0,0,0,,2026-05-01 07:55:29
3785,,LOT-20260425-651F-004,,,,Ejote,,2177,cam2_20260501_021027.jpg,ambient,2179,cam2_20260501_021030.jpg,,2,28.4,45,100,4255,0,15,0.0,0.0,0,0.0,6,70.9,11.8,0.0,0.0,0,0,0,,2026-05-01 08:10:31
3789,,LOT-20260425-651F-004,,,,Ejote,,2180,cam2_20260501_022526.jpg,ambient,2182,cam2_20260501_022530.jpg,,2,28.3,44,100,4270,0,15,0.0,0.0,0,0.0,6,71.2,11.9,0.0,0.0,0,0,0,,2026-05-01 08:25:30
3797,,LOT-20260425-651F-004,,,,Ejote,,2184,cam2_20260501_024026.jpg,ambient,2186,cam2_20260501_024029.jpg,,2,28.2,43,100,4285,0,15,0.0,0.0,0,0.0,6,71.4,11.9,0.0,0.0,0,0,0,,2026-05-01 08:40:30
3805,,LOT-20260425-651F-004,,,,Ejote,,2188,cam2_20260501_025526.jpg,ambient,2190,cam2_20260501_025528.jpg,,2,28.4,44,100,4300,0,15,0.0,0.0,0,0.0,6,71.7,11.9,0.0,0.0,0,0,0,,2026-05-01 08:55:29
3813,,LOT-20260425-651F-004,,,,Ejote,,2192,cam2_20260501_031026.jpg,ambient,2194,cam2_20260501_031028.jpg,,2,28.4,43,100,4315,0,15,0.0,0.0,0,0.0,6,71.9,12.0,0.0,0.0,0,0,0,,2026-05-01 09:10:29
3821,,LOT-20260425-651F-004,,,,Ejote,,2196,cam2_20260501_032526.jpg,ambient,2198,cam2_20260501_032528.jpg,,2,28.4,44,100,4330,0,15,0.0,0.0,0,0.0,6,72.2,12.0,0.0,0.0,0,0,0,,2026-05-01 09:25:29
3829,,LOT-20260425-651F-004,,,,Ejote,,2200,cam2_20260501_034026.jpg,ambient,2202,cam2_20260501_034028.jpg,,2,28.7,45,100,4345,0,15,0.0,0.0,0,0.0,6,72.4,12.1,0.0,0.0,0,0,0,,2026-05-01 09:40:29
3837,,LOT-20260425-651F-004,,,,Ejote,,2204,cam2_20260501_035526.jpg,ambient,2206,cam2_20260501_035528.jpg,,2,28.4,43,100,4360,0,15,0.0,0.0,0,0.0,6,72.7,12.1,0.0,0.0,0,0,0,,2026-05-01 09:55:29
3845,,LOT-20260425-651F-004,,,,Ejote,,2208,cam2_20260501_041026.jpg,ambient,2210,cam2_20260501_041028.jpg,,2,28.3,44,100,4375,0,15,0.0,0.0,0,0.0,6,72.9,12.2,0.0,0.0,0,0,0,,2026-05-01 10:10:29
3853,,LOT-20260425-651F-004,,,,Ejote,,2212,cam2_20260501_042526.jpg,ambient,2214,cam2_20260501_042528.jpg,,2,28.4,43,100,4390,0,15,0.0,0.0,0,0.0,6,73.2,12.2,0.0,0.0,0,0,0,,2026-05-01 10:25:29
3861,,LOT-20260425-651F-004,,,,Ejote,,2216,cam2_20260501_044026.jpg,ambient,2218,cam2_20260501_044028.jpg,,2,28.3,44,100,4405,0,15,0.0,0.0,0,0.0,6,73.4,12.2,0.0,0.0,0,0,0,,2026-05-01 10:40:29
3869,,LOT-20260425-651F-004,,,,Ejote,,2220,cam2_20260501_045526.jpg,ambient,2222,cam2_20260501_045529.jpg,,2,28.4,44,100,4420,0,15,0.0,0.0,0,0.0,6,73.7,12.3,0.0,0.0,0,0,0,,2026-05-01 10:55:30
3881,,LOT-20260425-651F-004,,,,Ejote,,2225,cam2_20260501_051027.jpg,ambient,2227,cam2_20260501_051030.jpg,,2,28.3,43,100,4435,0,15,0.0,0.0,0,0.0,6,73.9,12.3,0.0,0.0,0,0,0,,2026-05-01 11:10:31
3885,,LOT-20260425-651F-004,,,,Ejote,,2228,cam2_20260501_052526.jpg,ambient,2230,cam2_20260501_052528.jpg,,2,28.2,43,100,4450,0,15,0.0,0.0,0,0.0,6,74.2,12.4,0.0,0.0,0,0,0,,2026-05-01 11:25:29
3893,,LOT-20260425-651F-004,,,,Ejote,,2232,cam2_20260501_054026.jpg,ambient,2234,cam2_20260501_054028.jpg,,2,28.2,43,100,4465,0,15,0.0,0.0,0,0.0,6,74.4,12.4,0.0,0.0,0,0,0,,2026-05-01 11:40:29
3901,,LOT-20260425-651F-004,,,,Ejote,,2236,cam2_20260501_055526.jpg,ambient,2238,cam2_20260501_055528.jpg,,2,28.2,43,100,4479,0,15,0.0,0.0,0,0.0,6,74.7,12.4,0.0,0.0,0,0,0,,2026-05-01 11:55:29
3909,,LOT-20260425-651F-004,,,,Ejote,,2240,cam2_20260501_061026.jpg,ambient,2242,cam2_20260501_061029.jpg,,2,28.2,44,100,4494,0,15,0.0,0.0,0,0.0,6,74.9,12.5,0.0,0.0,0,0,0,,2026-05-01 12:10:30
3917,,LOT-20260425-651F-004,,,,Ejote,,2244,cam2_20260501_062526.jpg,ambient,2246,cam2_20260501_062528.jpg,,2,28.2,47,100,4509,0,15,0.0,0.0,0,0.0,6,75.2,12.5,0.0,0.0,0,0,0,,2026-05-01 12:25:29
3925,,LOT-20260425-651F-004,,,,Ejote,,2248,cam2_20260501_064026.jpg,ambient,2250,cam2_20260501_064028.jpg,,2,28.2,45,100,4524,0,15,0.0,0.0,0,0.0,6,75.4,12.6,0.0,0.0,0,0,0,,2026-05-01 12:40:29
3933,,LOT-20260425-651F-004,,,,Ejote,,2252,cam2_20260501_065526.jpg,ambient,2254,cam2_20260501_065528.jpg,,2,28.2,46,100,4539,0,15,0.0,0.0,0,0.0,6,75.7,12.6,0.0,0.0,0,0,0,,2026-05-01 12:55:29
3941,,LOT-20260425-651F-004,,,,Ejote,,2256,cam2_20260501_071026.jpg,ambient,2258,cam2_20260501_071028.jpg,,2,28.1,47,100,4554,0,15,0.0,0.0,0,0.0,6,75.9,12.7,0.0,0.0,0,0,0,,2026-05-01 13:10:29
3949,,LOT-20260425-651F-004,,,,Ejote,,2260,cam2_20260501_072526.jpg,ambient,2262,cam2_20260501_072528.jpg,,2,28.1,46,100,4569,0,15,0.0,0.0,0,0.0,6,76.2,12.7,0.0,0.0,0,0,0,,2026-05-01 13:25:29
3961,,LOT-20260425-651F-004,,,,Ejote,,2265,cam2_20260501_074027.jpg,ambient,2267,cam2_20260501_074032.jpg,,2,28.1,47,100,4584,0,15,0.0,0.0,0,0.0,6,76.4,12.7,0.0,0.0,0,0,0,,2026-05-01 13:40:33
3965,,LOT-20260425-651F-004,,,,Ejote,,2268,cam2_20260501_075526.jpg,ambient,2270,cam2_20260501_075528.jpg,,2,28.2,46,100,4599,0,15,0.0,0.0,0,0.0,6,76.7,12.8,0.0,0.0,0,0,0,,2026-05-01 13:55:29
3973,,LOT-20260425-651F-004,,,,Ejote,,2272,cam2_20260501_081027.jpg,ambient,2274,cam2_20260501_081029.jpg,,2,28,47,100,4614,0,15,0.0,0.0,0,0.0,6,76.9,12.8,0.0,0.0,0,0,0,,2026-05-01 14:10:30
3981,,LOT-20260425-651F-004,,,,Ejote,,2276,cam2_20260501_082526.jpg,ambient,2278,cam2_20260501_082530.jpg,,2,28.2,47,100,4629,0,15,0.0,0.0,0,0.0,6,77.2,12.9,0.0,0.0,0,0,0,,2026-05-01 14:25:30
3993,,LOT-20260425-651F-004,,,,Ejote,,2281,cam2_20260501_100144.jpg,ambient,2283,cam2_20260501_100147.jpg,,2,27.3,54,100,4725,0,15,0.0,0.0,0,0.0,6,78.8,13.1,0.0,0.0,0,0,0,,2026-05-01 16:01:48
4005,,LOT-20260425-651F-004,,,,Ejote,,2288,cam2_20260501_144320.jpg,ambient,2290,cam2_20260501_144322.jpg,,2,27.1,49,100,4926,0,15,0.0,34.0,0,0.0,6,82.1,13.7,0.6,0.1,0,0,0,,2026-05-01 20:43:24
4013,,LOT-20260425-651F-004,,,,Ejote,,2292,cam2_20260501_145820.jpg,ambient,2294,cam2_20260501_145824.jpg,,2,27.3,46,100,4941,0,15,0.0,34.0,0,0.0,6,82.3,13.7,0.6,0.1,0,0,0,,2026-05-01 20:58:25
4021,,LOT-20260425-651F-004,,,,Ejote,,2296,cam2_20260501_151320.jpg,ambient,2298,cam2_20260501_151322.jpg,,2,27.2,44,100,4956,0,15,0.0,34.0,0,0.0,6,82.6,13.8,0.6,0.1,0,0,0,,2026-05-01 21:13:23
4033,,LOT-20260425-651F-004,,,,Ejote,,2301,cam2_20260501_152821.jpg,ambient,2303,cam2_20260501_152825.jpg,,2,27.3,48,100,4971,0,15,0.0,34.0,0,0.0,6,82.8,13.8,0.6,0.1,0,0,0,,2026-05-01 21:28:26
4037,,LOT-20260425-651F-004,,,,Ejote,,2304,cam2_20260501_154320.jpg,ambient,2306,cam2_20260501_154322.jpg,,2,28.2,57,100,4986,0,15,0.0,34.0,0,0.0,6,83.1,13.8,0.6,0.1,0,0,0,,2026-05-01 21:43:23
4045,,LOT-20260425-651F-004,,,,Ejote,,2308,cam2_20260501_155820.jpg,ambient,2310,cam2_20260501_155822.jpg,,2,28.4,56,100,5001,0,15,0.0,34.0,0,0.0,6,83.3,13.9,0.6,0.1,0,0,0,,2026-05-01 21:58:23
4053,,LOT-20260425-651F-004,,,,Ejote,,2312,cam2_20260501_161320.jpg,ambient,2314,cam2_20260501_161322.jpg,,2,28.5,55,100,5016,0,15,0.0,34.0,0,0.0,6,83.6,13.9,0.6,0.1,0,0,0,,2026-05-01 22:13:23
4061,,LOT-20260425-651F-004,,,,Ejote,,2316,cam2_20260501_162821.jpg,ambient,2318,cam2_20260501_162823.jpg,,2,28.7,54,100,5031,0,15,0.0,34.0,0,0.0,6,83.8,14.0,0.6,0.1,0,0,0,,2026-05-01 22:28:24
4069,,LOT-20260425-651F-004,,,,Ejote,,2320,cam2_20260501_164320.jpg,ambient,2322,cam2_20260501_164323.jpg,,2,28.8,54,100,5046,0,15,0.0,34.0,0,0.0,6,84.1,14.0,0.6,0.1,0,0,0,,2026-05-01 22:43:24
4081,,LOT-20260425-651F-004,,,,Ejote,,2325,cam2_20260501_165821.jpg,ambient,2327,cam2_20260501_165825.jpg,,2,28.7,53,100,5061,0,15,0.0,34.0,0,0.0,6,84.3,14.1,0.6,0.1,0,0,0,,2026-05-01 22:58:26
4085,,LOT-20260425-651F-004,,,,Ejote,,2328,cam2_20260501_171320.jpg,ambient,2330,cam2_20260501_171324.jpg,,2,28.9,53,100,5076,0,15,0.0,34.0,0,0.0,6,84.6,14.1,0.6,0.1,0,0,0,,2026-05-01 23:13:25
4093,,LOT-20260425-651F-004,,,,Ejote,,2332,cam2_20260501_172820.jpg,ambient,2333,cam2_20260501_172823.jpg,,2,28.8,51,100,5090,0,15,0.0,34.0,0,0.0,6,84.8,14.1,0.6,0.1,0,0,0,,2026-05-01 23:28:24
4133,,LOT-20260425-651F-004,,,,Ejote,,2351,cam2_20260502_111355.jpg,ambient,2353,cam2_20260502_111402.jpg,,2,27.8,42,100,6110,0,15,0.0,48.0,1,14.0,7,101.8,14.5,1.1,0.2,0,0,1,,2026-05-02 17:14:03
4141,,LOT-20260425-651F-004,,,,Ejote,,2355,cam2_20260502_112855.jpg,ambient,2357,cam2_20260502_112901.jpg,,2,27.9,41,100,6125,0,15,0.0,63.0,1,15.0,7,102.1,14.6,1.1,0.2,0,0,1,,2026-05-02 17:29:03
4157,,LOT-20260425-651F-004,,,,Ejote,,2363,cam2_20260502_115856.jpg,ambient,2365,cam2_20260502_115902.jpg,,2,28.4,40,100,6154,0,15,0.0,65.0,0,0.0,7,102.6,14.7,1.1,0.2,0,0,0,,2026-05-02 17:59:03
4165,,LOT-20260425-651F-004,,,,Ejote,,2367,cam2_20260502_121355.jpg,ambient,2369,cam2_20260502_121400.jpg,,2,28.8,41,100,6169,0,15,0.0,65.0,0,0.0,7,102.8,14.7,1.1,0.2,0,0,0,,2026-05-02 18:14:01
4173,,LOT-20260425-651F-004,,,,Ejote,,2371,cam2_20260502_122855.jpg,ambient,2373,cam2_20260502_122900.jpg,,2,28.8,43,100,6184,0,15,0.0,65.0,0,0.0,7,103.1,14.7,1.1,0.2,0,0,0,,2026-05-02 18:29:01
4181,,LOT-20260425-651F-004,,,,Ejote,,2375,cam2_20260502_124355.jpg,ambient,2377,cam2_20260502_124401.jpg,,2,28.8,39,100,6199,0,15,0.0,65.0,0,0.0,7,103.3,14.8,1.1,0.2,0,0,0,,2026-05-02 18:44:02
4189,,LOT-20260425-651F-004,,,,Ejote,,2379,cam2_20260502_125855.jpg,ambient,2381,cam2_20260502_125901.jpg,,2,29.1,45,100,6214,0,15,0.0,65.0,0,0.0,7,103.6,14.8,1.1,0.2,0,0,0,,2026-05-02 18:59:02
4197,,LOT-20260425-651F-004,,,,Ejote,,2383,cam2_20260502_131355.jpg,ambient,2385,cam2_20260502_131401.jpg,,2,29.1,42,100,6229,0,15,0.0,65.0,0,0.0,7,103.8,14.8,1.1,0.2,0,0,0,,2026-05-02 19:14:02
4205,,LOT-20260425-651F-004,,,,Ejote,,2387,cam2_20260502_132855.jpg,ambient,2389,cam2_20260502_132900.jpg,,2,29.2,45,100,6244,0,15,0.0,65.0,0,0.0,7,104.1,14.9,1.1,0.2,0,0,0,,2026-05-02 19:29:01
4209,,LOT-20260425-651F-004,,,,Ejote,,2390,cam2_20260502_134355.jpg,ambient,2392,cam2_20260502_134359.jpg,,2,28.3,38,100,6259,0,15,0.0,65.0,0,0.0,7,104.3,14.9,1.1,0.2,0,0,0,,2026-05-02 19:44:00
4221,,LOT-20260425-651F-004,,,,Ejote,,2395,cam2_20260502_135855.jpg,ambient,2397,cam2_20260502_135901.jpg,,2,27.9,36,100,6274,0,15,0.0,65.0,0,0.0,7,104.6,14.9,1.1,0.2,0,0,0,,2026-05-02 19:59:02
4229,,LOT-20260425-651F-004,,,,Ejote,,2399,cam2_20260502_141355.jpg,ambient,2401,cam2_20260502_141400.jpg,,2,27.9,36,100,6288,0,15,0.0,65.0,0,0.0,7,104.8,15.0,1.1,0.2,0,0,0,,2026-05-02 20:14:01
4237,,LOT-20260425-651F-004,,,,Ejote,,2403,cam2_20260502_142855.jpg,ambient,2405,cam2_20260502_142901.jpg,,2,27.8,38,100,6303,0,15,0.0,65.0,0,0.0,7,105.0,15.0,1.1,0.2,0,0,0,,2026-05-02 20:29:02
4245,,LOT-20260425-651F-004,,,,Ejote,,2407,cam2_20260502_144355.jpg,ambient,2409,cam2_20260502_144400.jpg,,2,27.8,39,100,6318,0,15,0.0,65.0,0,0.0,7,105.3,15.0,1.1,0.2,0,0,0,,2026-05-02 20:44:00
4253,,LOT-20260425-651F-004,,,,Ejote,,2411,cam2_20260502_145855.jpg,ambient,2413,cam2_20260502_145900.jpg,,2,27.7,38,100,6333,0,15,0.0,65.0,0,0.0,7,105.5,15.1,1.1,0.2,0,0,0,,2026-05-02 20:59:01
4261,,LOT-20260425-651F-004,,,,Ejote,,2415,cam2_20260502_151355.jpg,ambient,2417,cam2_20260502_151400.jpg,,2,27.6,37,100,6348,0,15,0.0,65.0,0,0.0,7,105.8,15.1,1.1,0.2,0,0,0,,2026-05-02 21:14:00
4269,,LOT-20260425-651F-004,,,,Ejote,,2419,cam2_20260502_152855.jpg,ambient,2421,cam2_20260502_152859.jpg,,2,27.7,40,100,6363,0,15,0.0,65.0,0,0.0,7,106.0,15.2,1.1,0.2,0,0,0,,2026-05-02 21:29:00
4277,,LOT-20260425-651F-004,,,,Ejote,,2423,cam2_20260502_154355.jpg,ambient,2425,cam2_20260502_154359.jpg,,2,27.6,39,100,6378,0,15,0.0,65.0,0,0.0,7,106.3,15.2,1.1,0.2,0,0,0,,2026-05-02 21:44:00
4285,,LOT-20260425-651F-004,,,,Ejote,,2427,cam2_20260502_155855.jpg,ambient,2429,cam2_20260502_155859.jpg,,2,27.6,38,100,6393,0,15,0.0,65.0,0,0.0,7,106.5,15.2,1.1,0.2,0,0,0,,2026-05-02 21:59:00
4293,,LOT-20260425-651F-004,,,,Ejote,,2431,cam2_20260502_161355.jpg,ambient,2433,cam2_20260502_161400.jpg,,2,27.5,39,100,6408,0,15,0.0,65.0,0,0.0,7,106.8,15.3,1.1,0.2,0,0,0,,2026-05-02 22:14:01
4301,,LOT-20260425-651F-004,,,,Ejote,,2435,cam2_20260502_162855.jpg,ambient,2437,cam2_20260502_162900.jpg,,2,27.5,38,100,6423,0,15,0.0,65.0,0,0.0,7,107.0,15.3,1.1,0.2,0,0,0,,2026-05-02 22:29:00
4309,,LOT-20260425-651F-004,,,,Ejote,,2439,cam2_20260502_164355.jpg,ambient,2441,cam2_20260502_164359.jpg,,2,27.6,41,100,6438,0,15,0.0,65.0,0,0.0,7,107.3,15.3,1.1,0.2,0,0,0,,2026-05-02 22:44:00
4317,,LOT-20260425-651F-004,,,,Ejote,,2443,cam2_20260502_165955.jpg,ambient,2445,cam2_20260502_170000.jpg,,2,27.5,37,100,6453,0,15,0.0,65.0,0,0.0,7,107.5,15.4,1.1,0.2,0,0,0,,2026-05-02 23:00:00
4325,,LOT-20260425-651F-004,,,,Ejote,,2447,cam2_20260502_171455.jpg,ambient,2449,cam2_20260502_171500.jpg,,2,27.6,40,100,6468,0,15,0.0,65.0,0,0.0,7,107.8,15.4,1.1,0.2,0,0,0,,2026-05-02 23:15:00
4333,,LOT-20260425-651F-004,,,,Ejote,,2451,cam2_20260502_172955.jpg,ambient,2453,cam2_20260502_173000.jpg,,2,27.3,39,100,6483,0,15,0.0,65.0,0,0.0,7,108.0,15.4,1.1,0.2,0,0,0,,2026-05-02 23:30:00
4341,,LOT-20260425-651F-004,,,,Ejote,,2455,cam2_20260502_174455.jpg,ambient,2457,cam2_20260502_174500.jpg,,2,27.3,39,100,6498,0,15,0.0,65.0,0,0.0,8,108.3,13.5,1.1,0.1,0,0,0,,2026-05-02 23:45:00
4349,,LOT-20260425-651F-004,,,,Ejote,,2459,cam2_20260502_175955.jpg,ambient,2461,cam2_20260502_175959.jpg,,2,27.3,39,100,6513,1,15,15.0,65.0,0,0.0,8,108.5,13.6,1.1,0.1,0,0,0,,2026-05-03 00:00:00
4357,,LOT-20260425-651F-004,,,,Ejote,,2463,cam2_20260502_181455.jpg,ambient,2465,cam2_20260502_181500.jpg,,2,27.4,38,100,6528,0,15,0.0,65.0,0,0.0,8,108.8,13.6,1.1,0.1,0,0,0,,2026-05-03 00:15:00
4365,,LOT-20260425-651F-004,,,,Ejote,,2467,cam2_20260502_182955.jpg,ambient,2469,cam2_20260502_183000.jpg,,2,27.3,37,100,6543,0,15,0.0,65.0,0,0.0,8,109.0,13.6,1.1,0.1,0,0,0,,2026-05-03 00:30:00
4381,,LOT-20260425-651F-004,,,,Ejote,,2475,cam2_20260502_185955.jpg,ambient,2477,cam2_20260502_190000.jpg,,2,27.3,39,100,6573,0,15,0.0,65.0,0,0.0,8,109.5,13.7,1.1,0.1,0,0,0,,2026-05-03 01:00:00
4569,,LOT-20260425-651F-004,,,,Ejote,,2570,cam2_20260503_005955.jpg,ambient,2572,cam2_20260503_005958.jpg,,2,27,61,100,6635,0,15,0.0,65.0,0,0.0,8,110.6,13.8,1.1,0.1,0,0,0,,2026-05-03 06:59:59
4577,,LOT-20260425-651F-004,,,,Ejote,,2574,cam2_20260503_011455.jpg,ambient,2576,cam2_20260503_011458.jpg,,2,27,62,100,6635,0,15,0.0,65.0,0,0.0,8,110.6,13.8,1.1,0.1,0,0,0,,2026-05-03 07:14:59
4585,,LOT-20260425-651F-004,,,,Ejote,,2578,cam2_20260503_012955.jpg,ambient,2580,cam2_20260503_012958.jpg,,2,27,60,100,6635,0,15,0.0,65.0,0,0.0,8,110.6,13.8,1.1,0.1,0,0,0,,2026-05-03 07:29:59
4593,,LOT-20260425-651F-004,,,,Ejote,,2582,cam2_20260503_014455.jpg,ambient,2584,cam2_20260503_014458.jpg,,2,27.2,61,100,6635,0,15,0.0,65.0,0,0.0,8,110.6,13.8,1.1,0.1,0,0,0,,2026-05-03 07:44:59
4601,,LOT-20260425-651F-004,,,,Ejote,,2586,cam2_20260503_015955.jpg,ambient,2588,cam2_20260503_015958.jpg,,2,27,60,100,6636,0,15,0.0,65.0,0,0.0,8,110.6,13.8,1.1,0.1,0,0,0,,2026-05-03 07:59:59
4609,,LOT-20260425-651F-004,,,,Ejote,,2590,cam2_20260503_021455.jpg,ambient,2592,cam2_20260503_021458.jpg,,2,27.1,59,82.4,6636,0,15,0.0,65.0,0,0.0,8,110.6,13.8,1.1,0.1,0,0,0,,2026-05-03 08:14:59
4617,,LOT-20260425-651F-004,,,,Ejote,,2594,cam2_20260503_022955.jpg,ambient,2596,cam2_20260503_022958.jpg,,2,27.1,60,77.8,6636,0,15,0.0,65.0,0,0.0,8,110.6,13.8,1.1,0.1,0,0,0,,2026-05-03 08:29:59
4625,,LOT-20260425-651F-004,,,,Ejote,,2598,cam2_20260503_024455.jpg,ambient,2600,cam2_20260503_024458.jpg,,2,27.2,62,58,6636,0,15,0.0,65.0,0,0.0,8,110.6,13.8,1.1,0.1,0,0,0,,2026-05-03 08:44:59
4633,,LOT-20260425-651F-004,,,,Ejote,,2602,cam2_20260503_025955.jpg,ambient,2604,cam2_20260503_025958.jpg,,2,27.2,61,100,6636,0,15,0.0,65.0,0,0.0,8,110.6,13.8,1.1,0.1,0,0,0,,2026-05-03 08:59:59
4641,,LOT-20260425-651F-004,,,,Ejote,,2606,cam2_20260503_031455.jpg,ambient,2608,cam2_20260503_031458.jpg,,2,27,59,71.4,6636,0,15,0.0,65.0,0,0.0,8,110.6,13.8,1.1,0.1,0,0,0,,2026-05-03 09:14:59
4649,,LOT-20260425-651F-004,,,,Ejote,,2610,cam2_20260503_032955.jpg,ambient,2612,cam2_20260503_032958.jpg,,2,27,62,99.1,6636,0,15,0.0,65.0,0,0.0,8,110.6,13.8,1.1,0.1,0,0,0,,2026-05-03 09:29:59
4657,,LOT-20260425-651F-004,,,,Ejote,,2614,cam2_20260503_034455.jpg,ambient,2616,cam2_20260503_034458.jpg,,2,27.2,61,56.3,6636,0,15,0.0,65.0,0,0.0,8,110.6,13.8,1.1,0.1,0,0,0,,2026-05-03 09:44:59
4665,,LOT-20260425-651F-004,,,,Ejote,,2618,cam2_20260503_035955.jpg,ambient,2620,cam2_20260503_035958.jpg,,2,27,61,52.7,6636,0,15,0.0,65.0,0,0.0,8,110.6,13.8,1.1,0.1,0,0,0,,2026-05-03 09:59:59
4673,,LOT-20260425-651F-004,,,,Ejote,,2622,cam2_20260503_041455.jpg,ambient,2624,cam2_20260503_041458.jpg,,2,27,62,100,6636,0,15,0.0,65.0,0,0.0,8,110.6,13.8,1.1,0.1,0,0,0,,2026-05-03 10:14:59
4681,,LOT-20260425-651F-004,,,,Ejote,,2626,cam2_20260503_042955.jpg,ambient,2628,cam2_20260503_042958.jpg,,2,27.1,59,100,6636,0,15,0.0,65.0,0,0.0,8,110.6,13.8,1.1,0.1,0,0,0,,2026-05-03 10:29:59
4689,,LOT-20260425-651F-004,,,,Ejote,,2630,cam2_20260503_044455.jpg,ambient,2632,cam2_20260503_044458.jpg,,2,27.1,60,100,6636,0,15,0.0,65.0,0,0.0,8,110.6,13.8,1.1,0.1,0,0,0,,2026-05-03 10:44:59
4697,,LOT-20260425-651F-004,,,,Ejote,,2634,cam2_20260503_045955.jpg,ambient,2636,cam2_20260503_045958.jpg,,2,27,61,100,6636,0,15,0.0,65.0,0,0.0,8,110.6,13.8,1.1,0.1,0,0,0,,2026-05-03 10:59:59
4705,,LOT-20260425-651F-004,,,,Ejote,,2638,cam2_20260503_051455.jpg,ambient,2640,cam2_20260503_051458.jpg,,2,26.9,61,100,6636,0,15,0.0,65.0,0,0.0,8,110.6,13.8,1.1,0.1,0,0,0,,2026-05-03 11:14:59
4713,,LOT-20260425-651F-004,,,,Ejote,,2642,cam2_20260503_053055.jpg,ambient,2644,cam2_20260503_053058.jpg,,2,27,59,100,6636,0,15,0.0,65.0,0,0.0,8,110.6,13.8,1.1,0.1,0,0,0,,2026-05-03 11:30:59
4721,,LOT-20260425-651F-004,,,,Ejote,,2646,cam2_20260503_054555.jpg,ambient,2648,cam2_20260503_054558.jpg,,2,27,60,100,6636,0,15,0.0,65.0,0,0.0,8,110.6,13.8,1.1,0.1,0,0,0,,2026-05-03 11:45:59
4729,,LOT-20260425-651F-004,,,,Ejote,,2650,cam2_20260503_060055.jpg,ambient,2652,cam2_20260503_060058.jpg,,2,27,60,97.2,6636,0,15,0.0,65.0,0,0.0,8,110.6,13.8,1.1,0.1,0,0,0,,2026-05-03 12:00:59
4737,,LOT-20260425-651F-004,,,,Ejote,,2654,cam2_20260503_061555.jpg,ambient,2656,cam2_20260503_061558.jpg,,2,26.8,59,86.1,6636,0,15,0.0,65.0,0,0.0,8,110.6,13.8,1.1,0.1,0,0,0,,2026-05-03 12:15:59
4745,,LOT-20260425-651F-004,,,,Ejote,,2658,cam2_20260503_063055.jpg,ambient,2660,cam2_20260503_063058.jpg,,2,26.9,61,89.8,6636,0,15,0.0,65.0,0,0.0,8,110.6,13.8,1.1,0.1,0,0,0,,2026-05-03 12:30:59
4753,,LOT-20260425-651F-004,,,,Ejote,,2662,cam2_20260503_064555.jpg,ambient,2664,cam2_20260503_064558.jpg,,2,26.8,60,78.7,6636,0,15,0.0,65.0,0,0.0,8,110.6,13.8,1.1,0.1,0,0,0,,2026-05-03 12:45:59
4761,,LOT-20260425-651F-004,,,,Ejote,,2666,cam2_20260503_070055.jpg,ambient,2668,cam2_20260503_070058.jpg,,2,26.8,61,83.3,6636,0,15,0.0,65.0,0,0.0,8,110.6,13.8,1.1,0.1,0,0,0,,2026-05-03 13:00:59
4769,,LOT-20260425-651F-004,,,,Ejote,,2670,cam2_20260503_071555.jpg,ambient,2672,cam2_20260503_071558.jpg,,2,26.8,58,71.4,6636,0,15,0.0,65.0,0,0.0,8,110.6,13.8,1.1,0.1,0,0,0,,2026-05-03 13:15:59
4777,,LOT-20260425-651F-004,,,,Ejote,,2674,cam2_20260503_073055.jpg,ambient,2676,cam2_20260503_073058.jpg,,2,26.8,59,74.1,6637,0,15,0.0,65.0,0,0.0,8,110.6,13.8,1.1,0.1,0,0,0,,2026-05-03 13:30:59
4785,,LOT-20260425-651F-004,,,,Ejote,,2678,cam2_20260503_074555.jpg,ambient,2680,cam2_20260503_074558.jpg,,2,26.8,60,66.1,6637,0,15,0.0,65.0,0,0.0,8,110.6,13.8,1.1,0.1,0,0,0,,2026-05-03 13:45:59
4793,,LOT-20260425-651F-004,,,,Ejote,,2682,cam2_20260503_080055.jpg,ambient,2684,cam2_20260503_080058.jpg,,2,26.8,57,49.7,6637,0,15,0.0,65.0,0,0.0,8,110.6,13.8,1.1,0.1,0,0,0,,2026-05-03 14:00:59
4801,,LOT-20260425-651F-004,,,,Ejote,,2686,cam2_20260503_081555.jpg,ambient,2688,cam2_20260503_081558.jpg,,2,27.3,57,50,6652,0,15,0.0,65.0,0,0.0,8,110.9,13.9,1.1,0.1,0,0,0,,2026-05-03 14:15:59
4809,,LOT-20260425-651F-004,,,,Ejote,,2690,cam2_20260503_083055.jpg,ambient,2692,cam2_20260503_083058.jpg,,2,27.5,55,49.8,6667,0,15,0.0,65.0,0,0.0,8,111.1,13.9,1.1,0.1,0,0,0,,2026-05-03 14:30:59
4817,,LOT-20260425-651F-004,,,,Ejote,,2694,cam2_20260503_084555.jpg,ambient,2696,cam2_20260503_084558.jpg,,2,27.6,57,49.8,6682,0,15,0.0,65.0,0,0.0,8,111.4,13.9,1.1,0.1,0,0,0,,2026-05-03 14:45:59
4825,,LOT-20260425-651F-004,,,,Ejote,,2698,cam2_20260503_090055.jpg,ambient,2700,cam2_20260503_090058.jpg,,2,27.6,56,49.2,6697,0,15,0.0,65.0,0,0.0,8,111.6,14.0,1.1,0.1,0,0,0,,2026-05-03 15:00:59
4833,,LOT-20260425-651F-004,,,,Ejote,,2702,cam2_20260503_091555.jpg,ambient,2704,cam2_20260503_091558.jpg,,2,27.7,55,49.2,6712,0,15,0.0,65.0,0,0.0,8,111.9,14.0,1.1,0.1,0,0,0,,2026-05-03 15:15:59
4841,,LOT-20260425-651F-004,,,,Ejote,,2706,cam2_20260503_093055.jpg,ambient,2708,cam2_20260503_093058.jpg,,2,27.8,56,48.2,6727,0,15,0.0,65.0,0,0.0,8,112.1,14.0,1.1,0.1,0,0,0,,2026-05-03 15:30:59
4849,,LOT-20260425-651F-004,,,,Ejote,,2710,cam2_20260503_094555.jpg,ambient,2712,cam2_20260503_094558.jpg,,2,28,56,48.4,6742,0,15,0.0,65.0,0,0.0,8,112.4,14.0,1.1,0.1,0,0,0,,2026-05-03 15:45:59
4857,,LOT-20260425-651F-004,,,,Ejote,,2714,cam2_20260503_100055.jpg,ambient,2716,cam2_20260503_100058.jpg,,2,28,57,47.4,6756,0,15,0.0,65.0,0,0.0,8,112.6,14.1,1.1,0.1,0,0,0,,2026-05-03 16:00:59
4865,,LOT-20260425-651F-004,,,,Ejote,,2718,cam2_20260503_101555.jpg,ambient,2720,cam2_20260503_101558.jpg,,2,28.1,57,46.9,6771,0,15,0.0,65.0,0,0.0,8,112.8,14.1,1.1,0.1,0,0,0,,2026-05-03 16:15:59
4873,,LOT-20260425-651F-004,,,,Ejote,,2722,cam2_20260503_103055.jpg,ambient,2724,cam2_20260503_103058.jpg,,2,28.2,56,46.7,6786,0,15,0.0,65.0,0,0.0,8,113.1,14.1,1.1,0.1,0,0,0,,2026-05-03 16:30:59
4881,,LOT-20260425-651F-004,,,,Ejote,,2726,cam2_20260503_104555.jpg,ambient,2728,cam2_20260503_104558.jpg,,2,28.2,53,45.3,6801,0,15,0.0,65.0,0,0.0,8,113.3,14.2,1.1,0.1,0,0,0,,2026-05-03 16:45:59
4889,,LOT-20260425-651F-004,,,,Ejote,,2730,cam2_20260503_110055.jpg,ambient,2732,cam2_20260503_110058.jpg,,2,28.4,54,46.3,6816,0,15,0.0,65.0,0,0.0,8,113.6,14.2,1.1,0.1,0,0,0,,2026-05-03 17:00:59
4897,,LOT-20260425-651F-004,,,,Ejote,,2734,cam2_20260503_111555.jpg,ambient,2736,cam2_20260503_111558.jpg,,2,28.5,54,47.6,6831,0,15,0.0,65.0,0,0.0,8,113.8,14.2,1.1,0.1,0,0,0,,2026-05-03 17:15:59
4905,,LOT-20260425-651F-004,,,,Ejote,,2738,cam2_20260503_113055.jpg,ambient,2740,cam2_20260503_113058.jpg,,2,28.6,51,46.2,6846,0,15,0.0,65.0,0,0.0,8,114.1,14.3,1.1,0.1,0,0,0,,2026-05-03 17:30:59
4913,,LOT-20260425-651F-004,,,,Ejote,,2742,cam2_20260503_114555.jpg,ambient,2744,cam2_20260503_114558.jpg,,2,28.6,50,43.7,6861,0,15,0.0,65.0,0,0.0,8,114.3,14.3,1.1,0.1,0,0,0,,2026-05-03 17:45:59
4921,,LOT-20260425-651F-004,,,,Ejote,,2746,cam2_20260503_120055.jpg,ambient,2748,cam2_20260503_120058.jpg,,2,28.6,56,44,6876,0,15,0.0,65.0,0,0.0,8,114.6,14.3,1.1,0.1,0,0,0,,2026-05-03 18:00:59
4929,,LOT-20260425-651F-004,,,,Ejote,,2750,cam2_20260503_121555.jpg,ambient,2752,cam2_20260503_121558.jpg,,2,28.7,53,43.3,6891,0,15,0.0,65.0,0,0.0,8,114.8,14.4,1.1,0.1,0,0,0,,2026-05-03 18:15:59
4937,,LOT-20260425-651F-004,,,,Ejote,,2754,cam2_20260503_123055.jpg,ambient,2756,cam2_20260503_123058.jpg,,2,28.7,53,43.6,6906,0,15,0.0,65.0,0,0.0,8,115.1,14.4,1.1,0.1,0,0,0,,2026-05-03 18:30:59
4945,,LOT-20260425-651F-004,,,,Ejote,,2758,cam2_20260503_124555.jpg,ambient,2760,cam2_20260503_124558.jpg,,2,28.7,53,42.6,6921,0,15,0.0,65.0,0,0.0,8,115.3,14.4,1.1,0.1,0,0,0,,2026-05-03 18:45:59
4953,,LOT-20260425-651F-004,,,,Ejote,,2762,cam2_20260503_130055.jpg,ambient,2764,cam2_20260503_130058.jpg,,2,28.7,52,42.7,6936,0,15,0.0,65.0,0,0.0,8,115.6,14.4,1.1,0.1,0,0,0,,2026-05-03 19:00:59
4961,,LOT-20260425-651F-004,,,,Ejote,,2766,cam2_20260503_131555.jpg,ambient,2768,cam2_20260503_131558.jpg,,2,28.8,48,42.8,6950,0,15,0.0,65.0,0,0.0,8,115.8,14.5,1.1,0.1,0,0,0,,2026-05-03 19:15:59
4969,,LOT-20260425-651F-004,,,,Ejote,,2770,cam2_20260503_133055.jpg,ambient,2772,cam2_20260503_133058.jpg,,2,28.8,53,43.1,6965,0,15,0.0,65.0,0,0.0,8,116.1,14.5,1.1,0.1,0,0,0,,2026-05-03 19:30:59
4977,,LOT-20260425-651F-004,,,,Ejote,,2774,cam2_20260503_134555.jpg,ambient,2776,cam2_20260503_134558.jpg,,2,28.8,51,45,6980,0,15,0.0,65.0,0,0.0,8,116.3,14.5,1.1,0.1,0,0,0,,2026-05-03 19:45:59
4985,,LOT-20260425-651F-004,,,,Ejote,,2778,cam2_20260503_140055.jpg,ambient,2780,cam2_20260503_140058.jpg,,2,28.9,48,44.7,6995,0,15,0.0,65.0,0,0.0,8,116.6,14.6,1.1,0.1,0,0,0,,2026-05-03 20:00:59
4993,,LOT-20260425-651F-004,,,,Ejote,,2782,cam2_20260503_141556.jpg,ambient,2784,cam2_20260503_141558.jpg,,2,29,47,44.5,7010,0,15,0.0,65.0,0,0.0,8,116.8,14.6,1.1,0.1,0,0,0,,2026-05-03 20:15:59
5001,,LOT-20260425-651F-004,,,,Ejote,,2786,cam2_20260503_143056.jpg,ambient,2788,cam2_20260503_143058.jpg,,2,29,53,44.2,7025,0,15,0.0,65.0,0,0.0,8,117.1,14.6,1.1,0.1,0,0,0,,2026-05-03 20:30:59
5009,,LOT-20260425-651F-004,,,,Ejote,,2790,cam2_20260503_144555.jpg,ambient,2792,cam2_20260503_144558.jpg,,2,28.8,45,44.2,7040,0,15,0.0,65.0,0,0.0,8,117.3,14.7,1.1,0.1,0,0,0,,2026-05-03 20:45:59
5017,,LOT-20260425-651F-004,,,,Ejote,,2794,cam2_20260503_150056.jpg,ambient,2796,cam2_20260503_150058.jpg,,2,29,46,43.9,7055,0,15,0.0,65.0,0,0.0,8,117.6,14.7,1.1,0.1,0,0,0,,2026-05-03 21:00:59
5025,,LOT-20260425-651F-004,,,,Ejote,,2798,cam2_20260503_151556.jpg,ambient,2800,cam2_20260503_151558.jpg,,2,29.1,51,43,7070,0,15,0.0,65.0,0,0.0,8,117.8,14.7,1.1,0.1,0,0,0,,2026-05-03 21:15:59
5033,,LOT-20260425-651F-004,,,,Ejote,,2802,cam2_20260503_153055.jpg,ambient,2804,cam2_20260503_153058.jpg,,2,29.2,48,43.2,7085,0,15,0.0,65.0,0,0.0,8,118.1,14.8,1.1,0.1,0,0,0,,2026-05-03 21:30:59
5041,,LOT-20260425-651F-004,,,,Ejote,,2806,cam2_20260503_154555.jpg,ambient,2808,cam2_20260503_154558.jpg,,2,29.3,48,42.8,7100,0,15,0.0,65.0,0,0.0,8,118.3,14.8,1.1,0.1,0,0,0,,2026-05-03 21:45:59
5049,,LOT-20260425-651F-004,,,,Ejote,,2810,cam2_20260503_160056.jpg,ambient,2812,cam2_20260503_160058.jpg,,2,29.3,45,42.8,7115,0,15,0.0,65.0,0,0.0,8,118.6,14.8,1.1,0.1,0,0,0,,2026-05-03 22:00:59
5057,,LOT-20260425-651F-004,,,,Ejote,,2814,cam2_20260503_161556.jpg,ambient,2816,cam2_20260503_161558.jpg,,2,29.3,49,42.3,7129,0,15,0.0,65.0,0,0.0,8,118.8,14.9,1.1,0.1,0,0,0,,2026-05-03 22:15:59
5065,,LOT-20260425-651F-004,,,,Ejote,,2818,cam2_20260503_163056.jpg,ambient,2820,cam2_20260503_163058.jpg,,2,29.3,47,42.4,7144,0,15,0.0,65.0,0,0.0,8,119.1,14.9,1.1,0.1,0,0,0,,2026-05-03 22:30:59
5073,,LOT-20260425-651F-004,,,,Ejote,,2822,cam2_20260503_164556.jpg,ambient,2824,cam2_20260503_164558.jpg,,2,29.5,44,42,7159,0,15,0.0,65.0,0,0.0,8,119.3,14.9,1.1,0.1,0,0,0,,2026-05-03 22:45:59
5081,,LOT-20260425-651F-004,,,,Ejote,,2826,cam2_20260503_170056.jpg,ambient,2828,cam2_20260503_170058.jpg,,2,29.5,43,41.6,7174,0,15,0.0,65.0,0,0.0,8,119.6,14.9,1.1,0.1,0,0,0,,2026-05-03 23:00:59
5089,,LOT-20260425-651F-004,,,,Ejote,,2830,cam2_20260503_171556.jpg,ambient,2832,cam2_20260503_171558.jpg,,2,29.5,48,41.6,7189,0,15,0.0,65.0,0,0.0,8,119.8,15.0,1.1,0.1,0,0,0,,2026-05-03 23:15:59
5097,,LOT-20260425-651F-004,,,,Ejote,,2834,cam2_20260503_173056.jpg,ambient,2836,cam2_20260503_173059.jpg,,2,29.5,39,41.3,7204,0,15,0.0,65.0,0,0.0,8,120.1,15.0,1.1,0.1,0,0,0,,2026-05-03 23:30:59
5105,,LOT-20260425-651F-004,,,,Ejote,,2838,cam2_20260503_174556.jpg,ambient,2840,cam2_20260503_174558.jpg,,2,29.5,45,40.5,7219,0,15,0.0,65.0,0,0.0,9,120.3,13.4,1.1,0.1,0,0,0,,2026-05-03 23:45:59
5113,,LOT-20260425-651F-004,,,,Ejote,,2842,cam2_20260503_180056.jpg,ambient,2844,cam2_20260503_180058.jpg,,2,29.5,46,40.5,7234,1,15,15.0,65.0,0,0.0,9,120.6,13.4,1.1,0.1,0,0,0,,2026-05-04 00:00:59
5121,,LOT-20260425-651F-004,,,,Ejote,,2846,cam2_20260503_181556.jpg,ambient,2848,cam2_20260503_181558.jpg,,2,29.4,44,40.3,7249,0,15,0.0,65.0,0,0.0,9,120.8,13.4,1.1,0.1,0,0,0,,2026-05-04 00:15:59
5129,,LOT-20260425-651F-004,,,,Ejote,,2850,cam2_20260503_183056.jpg,ambient,2852,cam2_20260503_183058.jpg,,2,29.3,39,38.8,7264,0,15,0.0,65.0,0,0.0,9,121.1,13.5,1.1,0.1,0,0,0,,2026-05-04 00:30:59
5153,,LOT-20260425-651F-004,,,,Ejote,,2862,cam2_20260503_191556.jpg,ambient,2864,cam2_20260503_191558.jpg,,2,28.2,42,35.9,7309,0,15,0.0,65.0,0,0.0,9,121.8,13.5,1.1,0.1,0,0,0,,2026-05-04 01:15:59
5161,,LOT-20260425-651F-004,,,,Ejote,,2866,cam2_20260503_193056.jpg,ambient,2868,cam2_20260503_193058.jpg,,2,27.9,39,36,7323,0,15,0.0,65.0,0,0.0,9,122.0,13.6,1.1,0.1,0,0,0,,2026-05-04 01:30:59
5169,,LOT-20260425-651F-004,,,,Ejote,,2870,cam2_20260503_194556.jpg,ambient,2872,cam2_20260503_194558.jpg,,2,27.9,40,34.8,7338,0,15,0.0,65.0,0,0.0,9,122.3,13.6,1.1,0.1,0,0,0,,2026-05-04 01:45:59
5177,,LOT-20260425-651F-004,,,,Ejote,,2874,cam2_20260503_200056.jpg,ambient,2876,cam2_20260503_200058.jpg,,2,27.8,41,34.3,7353,0,15,0.0,65.0,0,0.0,9,122.5,13.6,1.1,0.1,0,0,0,,2026-05-04 02:00:59
5185,,LOT-20260425-651F-004,,,,Ejote,,2878,cam2_20260503_201556.jpg,ambient,2880,cam2_20260503_201558.jpg,,2,27.2,42,33,7353,0,15,0.0,65.0,0,0.0,9,122.5,13.6,1.1,0.1,0,0,0,,2026-05-04 02:15:59
5193,,LOT-20260425-651F-004,,,,Ejote,,2882,cam2_20260503_203056.jpg,ambient,2884,cam2_20260503_203058.jpg,,2,26.9,42,31.4,7353,0,15,0.0,65.0,0,0.0,9,122.5,13.6,1.1,0.1,0,0,0,,2026-05-04 02:30:59
5201,,LOT-20260425-651F-004,,,,Ejote,,2886,cam2_20260503_204556.jpg,ambient,2888,cam2_20260503_204558.jpg,,2,27.3,55,31.7,7353,0,15,0.0,65.0,0,0.0,9,122.5,13.6,1.1,0.1,0,0,0,,2026-05-04 02:45:59
5209,,LOT-20260425-651F-004,,,,Ejote,,2890,cam2_20260503_210056.jpg,ambient,2892,cam2_20260503_210058.jpg,,2,27.6,52,30.1,7353,0,15,0.0,65.0,0,0.0,9,122.5,13.6,1.1,0.1,0,0,0,,2026-05-04 03:00:59
5217,,LOT-20260425-651F-004,,,,Ejote,,2894,cam2_20260503_211556.jpg,ambient,2896,cam2_20260503_211558.jpg,,2,27.7,54,29.9,7353,0,15,0.0,65.0,0,0.0,9,122.5,13.6,1.1,0.1,0,0,0,,2026-05-04 03:15:59
5225,,LOT-20260425-651F-004,,,,Ejote,,2898,cam2_20260503_213056.jpg,ambient,2900,cam2_20260503_213058.jpg,,2,27.7,55,29.3,7353,0,15,0.0,65.0,0,0.0,9,122.5,13.6,1.1,0.1,0,0,0,,2026-05-04 03:30:59
5233,,LOT-20260425-651F-004,,,,Ejote,,2902,cam2_20260503_214556.jpg,ambient,2904,cam2_20260503_214558.jpg,,2,27.8,54,29.3,7353,0,15,0.0,65.0,0,0.0,9,122.5,13.6,1.1,0.1,0,0,0,,2026-05-04 03:45:59
5241,,LOT-20260425-651F-004,,,,Ejote,,2906,cam2_20260503_220056.jpg,ambient,2908,cam2_20260503_220058.jpg,,2,27.7,54,29,7353,0,15,0.0,65.0,0,0.0,9,122.5,13.6,1.1,0.1,0,0,0,,2026-05-04 04:00:59
5249,,LOT-20260425-651F-004,,,,Ejote,,2910,cam2_20260503_221556.jpg,ambient,2912,cam2_20260503_221559.jpg,,2,27.8,56,28.5,7353,0,15,0.0,65.0,0,0.0,9,122.5,13.6,1.1,0.1,0,0,0,,2026-05-04 04:15:59
5257,,LOT-20260425-651F-004,,,,Ejote,,2914,cam2_20260503_223056.jpg,ambient,2916,cam2_20260503_223058.jpg,,2,27.7,53,21.8,7353,0,15,0.0,65.0,0,0.0,9,122.5,13.6,1.1,0.1,0,0,0,,2026-05-04 04:30:59
5265,,LOT-20260425-651F-004,,,,Ejote,,2918,cam2_20260503_224559.jpg,ambient,2920,cam2_20260503_224601.jpg,,2,27.3,46,27.7,7354,0,15,0.0,65.0,0,0.0,9,122.6,13.6,1.1,0.1,0,0,0,,2026-05-04 04:46:02
5273,,LOT-20260425-651F-004,,,,Ejote,,2922,cam2_20260503_230056.jpg,ambient,2924,cam2_20260503_230058.jpg,,2,26.7,44,26.9,7354,0,15,0.0,65.0,0,0.0,9,122.6,13.6,1.1,0.1,0,0,0,,2026-05-04 05:00:59
5281,,LOT-20260425-651F-004,,,,Ejote,,2926,cam2_20260503_231556.jpg,ambient,2928,cam2_20260503_231558.jpg,,2,26.7,47,24.8,7354,0,15,0.0,65.0,0,0.0,9,122.6,13.6,1.1,0.1,0,0,0,,2026-05-04 05:15:59
5289,,LOT-20260425-651F-004,,,,Ejote,,2930,cam2_20260503_233056.jpg,ambient,2932,cam2_20260503_233059.jpg,,2,26.5,47,25.1,7354,0,15,0.0,65.0,0,0.0,9,122.6,13.6,1.1,0.1,0,0,0,,2026-05-04 05:30:59
5297,,LOT-20260425-651F-004,,,,Ejote,,2934,cam2_20260503_234556.jpg,ambient,2936,cam2_20260503_234558.jpg,,2,26.4,48,23.1,7354,0,15,0.0,65.0,0,0.0,9,122.6,13.6,1.1,0.1,0,0,0,,2026-05-04 05:45:59
5305,,LOT-20260425-651F-004,,,,Ejote,,2938,cam2_20260504_000056.jpg,ambient,2940,cam2_20260504_000058.jpg,,2,26.2,50,22.8,7354,0,15,0.0,65.0,0,0.0,9,122.6,13.6,1.1,0.1,0,0,0,,2026-05-04 06:00:59
5313,,LOT-20260425-651F-004,,,,Ejote,,2942,cam2_20260504_001556.jpg,ambient,2944,cam2_20260504_001558.jpg,,2,26.1,49,22.5,7354,0,15,0.0,65.0,0,0.0,9,122.6,13.6,1.1,0.1,0,0,0,,2026-05-04 06:15:59
5321,,LOT-20260425-651F-004,,,,Ejote,,2946,cam2_20260504_003056.jpg,ambient,2948,cam2_20260504_003058.jpg,,2,26.1,49,22,7354,0,15,0.0,65.0,0,0.0,9,122.6,13.6,1.1,0.1,0,0,0,,2026-05-04 06:30:59
5329,,LOT-20260425-651F-004,,,,Ejote,,2950,cam2_20260504_004556.jpg,ambient,2952,cam2_20260504_004558.jpg,,2,25.8,47,20.6,7354,0,15,0.0,65.0,0,0.0,9,122.6,13.6,1.1,0.1,0,0,0,,2026-05-04 06:45:59
5337,,LOT-20260425-651F-004,,,,Ejote,,2954,cam2_20260504_010056.jpg,ambient,2956,cam2_20260504_010058.jpg,,2,25.8,47,20.3,7354,0,15,0.0,65.0,0,0.0,9,122.6,13.6,1.1,0.1,0,0,0,,2026-05-04 07:00:59
5345,,LOT-20260425-651F-004,,,,Ejote,,2958,cam2_20260504_011556.jpg,ambient,2960,cam2_20260504_011559.jpg,,2,26.1,59,20.3,7354,0,15,0.0,65.0,0,0.0,9,122.6,13.6,1.1,0.1,0,0,0,,2026-05-04 07:15:59
5353,,LOT-20260425-651F-004,,,,Ejote,,2962,cam2_20260504_013056.jpg,ambient,2964,cam2_20260504_013058.jpg,,2,26.5,61,20.2,7354,0,15,0.0,65.0,0,0.0,9,122.6,13.6,1.1,0.1,0,0,0,,2026-05-04 07:30:59
5361,,LOT-20260425-651F-004,,,,Ejote,,2966,cam2_20260504_014556.jpg,ambient,2968,cam2_20260504_014558.jpg,,2,26.7,61,20.6,7354,0,15,0.0,65.0,0,0.0,9,122.6,13.6,1.1,0.1,0,0,0,,2026-05-04 07:45:59
5369,,LOT-20260425-651F-004,,,,Ejote,,2970,cam2_20260504_020056.jpg,ambient,2972,cam2_20260504_020059.jpg,,2,26.7,61,19.7,7354,0,15,0.0,65.0,0,0.0,9,122.6,13.6,1.1,0.1,0,0,0,,2026-05-04 08:01:00
5377,,LOT-20260425-651F-004,,,,Ejote,,2974,cam2_20260504_021556.jpg,ambient,2976,cam2_20260504_021559.jpg,,2,26.8,60,19.1,7354,0,15,0.0,65.0,0,0.0,9,122.6,13.6,1.1,0.1,0,0,0,,2026-05-04 08:16:00
5385,,LOT-20260425-651F-004,,,,Ejote,,2978,cam2_20260504_023056.jpg,ambient,2980,cam2_20260504_023059.jpg,,2,26.7,60,18.8,7354,0,15,0.0,65.0,0,0.0,9,122.6,13.6,1.1,0.1,0,0,0,,2026-05-04 08:31:00
5393,,LOT-20260425-651F-004,,,,Ejote,,2982,cam2_20260504_024556.jpg,ambient,2984,cam2_20260504_024559.jpg,,2,26.7,59,18.9,7355,0,15,0.0,65.0,0,0.0,9,122.6,13.6,1.1,0.1,0,0,0,,2026-05-04 08:46:00
5401,,LOT-20260425-651F-004,,,,Ejote,,2986,cam2_20260504_030056.jpg,ambient,2988,cam2_20260504_030059.jpg,,2,26.8,60,18.3,7355,0,15,0.0,65.0,0,0.0,9,122.6,13.6,1.1,0.1,0,0,0,,2026-05-04 09:01:00
5409,,LOT-20260425-651F-004,,,,Ejote,,2990,cam2_20260504_031556.jpg,ambient,2992,cam2_20260504_031559.jpg,,2,26.7,58,17.7,7355,0,15,0.0,65.0,0,0.0,9,122.6,13.6,1.1,0.1,0,0,0,,2026-05-04 09:16:00
5417,,LOT-20260425-651F-004,,,,Ejote,,2994,cam2_20260504_033056.jpg,ambient,2996,cam2_20260504_033059.jpg,,2,27,59,15.7,7355,0,15,0.0,65.0,0,0.0,9,122.6,13.6,1.1,0.1,0,0,0,,2026-05-04 09:31:00
5425,,LOT-20260425-651F-004,,,,Ejote,,2998,cam2_20260504_034556.jpg,ambient,3000,cam2_20260504_034559.jpg,,2,26.9,58,16,7355,0,15,0.0,65.0,0,0.0,9,122.6,13.6,1.1,0.1,0,0,0,,2026-05-04 09:46:00
5433,,LOT-20260425-651F-004,,,,Ejote,,3002,cam2_20260504_040056.jpg,ambient,3004,cam2_20260504_040059.jpg,,2,26.8,58,16.9,7355,0,15,0.0,65.0,0,0.0,9,122.6,13.6,1.1,0.1,0,0,0,,2026-05-04 10:01:00
5441,,LOT-20260425-651F-004,,,,Ejote,,3006,cam2_20260504_041557.jpg,ambient,3008,cam2_20260504_041559.jpg,,2,26.8,57,16.9,7355,0,15,0.0,65.0,0,0.0,9,122.6,13.6,1.1,0.1,0,0,0,,2026-05-04 10:16:00
5449,,LOT-20260425-651F-004,,,,Ejote,,3010,cam2_20260504_043056.jpg,ambient,3012,cam2_20260504_043059.jpg,,2,26.8,56,16.8,7355,0,15,0.0,65.0,0,0.0,9,122.6,13.6,1.1,0.1,0,0,0,,2026-05-04 10:30:59
5457,,LOT-20260425-651F-004,,,,Ejote,,3014,cam2_20260504_044556.jpg,ambient,3016,cam2_20260504_044558.jpg,,2,27,58,16.7,7355,0,15,0.0,65.0,0,0.0,9,122.6,13.6,1.1,0.1,0,0,0,,2026-05-04 10:45:59
5465,,LOT-20260425-651F-004,,,,Ejote,,3018,cam2_20260504_050057.jpg,ambient,3020,cam2_20260504_050059.jpg,,2,26.8,58,16.6,7355,0,15,0.0,65.0,0,0.0,9,122.6,13.6,1.1,0.1,0,0,0,,2026-05-04 11:01:00
5473,,LOT-20260425-651F-004,,,,Ejote,,3022,cam2_20260504_051556.jpg,ambient,3024,cam2_20260504_051559.jpg,,2,26.7,57,16.4,7355,0,15,0.0,65.0,0,0.0,9,122.6,13.6,1.1,0.1,0,0,0,,2026-05-04 11:15:59
5481,,LOT-20260425-651F-004,,,,Ejote,,3026,cam2_20260504_053056.jpg,ambient,3028,cam2_20260504_053059.jpg,,2,26.7,57,16.3,7355,0,15,0.0,65.0,0,0.0,9,122.6,13.6,1.1,0.1,0,0,0,,2026-05-04 11:30:59
5489,,LOT-20260425-651F-004,,,,Ejote,,3030,cam2_20260504_054556.jpg,ambient,3032,cam2_20260504_054559.jpg,,2,26.7,56,16.1,7355,0,15,0.0,65.0,0,0.0,9,122.6,13.6,1.1,0.1,0,0,0,,2026-05-04 11:45:59
5497,,LOT-20260425-651F-004,,,,Ejote,,3034,cam2_20260504_060056.jpg,ambient,3036,cam2_20260504_060058.jpg,,2,26.5,57,16.1,7355,0,15,0.0,65.0,0,0.0,9,122.6,13.6,1.1,0.1,0,0,0,,2026-05-04 12:00:59
5505,,LOT-20260425-651F-004,,,,Ejote,,3038,cam2_20260504_061556.jpg,ambient,3040,cam2_20260504_061559.jpg,,2,26.4,58,16.1,7355,0,15,0.0,65.0,0,0.0,9,122.6,13.6,1.1,0.1,0,0,0,,2026-05-04 12:15:59
5513,,LOT-20260425-651F-004,,,,Ejote,,3042,cam2_20260504_063056.jpg,ambient,3044,cam2_20260504_063059.jpg,,2,26.5,57,15.9,7355,0,15,0.0,65.0,0,0.0,9,122.6,13.6,1.1,0.1,0,0,0,,2026-05-04 12:30:59
5521,,LOT-20260425-651F-004,,,,Ejote,,3046,cam2_20260504_064556.jpg,ambient,3048,cam2_20260504_064559.jpg,,2,26.4,56,15.9,7355,0,15,0.0,65.0,0,0.0,9,122.6,13.6,1.1,0.1,0,0,0,,2026-05-04 12:46:00
5529,,LOT-20260425-651F-004,,,,Ejote,,3050,cam2_20260504_070056.jpg,ambient,3052,cam2_20260504_070059.jpg,,2,26.4,58,15.7,7355,0,15,0.0,65.0,0,0.0,9,122.6,13.6,1.1,0.1,0,0,0,,2026-05-04 13:00:59
5537,,LOT-20260425-651F-004,,,,Ejote,,3054,cam2_20260504_071556.jpg,ambient,3056,cam2_20260504_071559.jpg,,2,26.4,57,15.7,7355,0,15,0.0,65.0,0,0.0,9,122.6,13.6,1.1,0.1,0,0,0,,2026-05-04 13:15:59
5545,,LOT-20260425-651F-004,,,,Ejote,,3058,cam2_20260504_073056.jpg,ambient,3060,cam2_20260504_073059.jpg,,2,26.6,58,15.4,7355,0,15,0.0,65.0,0,0.0,9,122.6,13.6,1.1,0.1,0,0,0,,2026-05-04 13:30:59
5553,,LOT-20260425-651F-004,,,,Ejote,,3062,cam2_20260504_074556.jpg,ambient,3064,cam2_20260504_074559.jpg,,2,26.5,58,15.4,7355,0,15,0.0,65.0,0,0.0,9,122.6,13.6,1.1,0.1,0,0,0,,2026-05-04 13:45:59
5561,,LOT-20260425-651F-004,,,,Ejote,,3066,cam2_20260504_080056.jpg,ambient,3068,cam2_20260504_080059.jpg,,2,26.6,60,15.2,7356,0,15,0.0,65.0,0,0.0,9,122.6,13.6,1.1,0.1,0,0,0,,2026-05-04 14:00:59
5569,,LOT-20260425-651F-004,,,,Ejote,,3070,cam2_20260504_081556.jpg,ambient,3072,cam2_20260504_081559.jpg,,2,27,54,15.4,7371,0,15,0.0,65.0,0,0.0,9,122.8,13.6,1.1,0.1,0,0,0,,2026-05-04 14:15:59
5577,,LOT-20260425-651F-004,,,,Ejote,,3074,cam2_20260504_083056.jpg,ambient,3076,cam2_20260504_083059.jpg,,2,27.3,50,15.3,7386,0,15,0.0,65.0,0,0.0,9,123.1,13.7,1.1,0.1,0,0,0,,2026-05-04 14:30:59
5585,,LOT-20260425-651F-004,,,,Ejote,,3078,cam2_20260504_084556.jpg,ambient,3080,cam2_20260504_084559.jpg,,2,27.5,50,15.3,7401,0,15,0.0,65.0,0,0.0,9,123.3,13.7,1.1,0.1,0,0,0,,2026-05-04 14:45:59
5593,,LOT-20260425-651F-004,,,,Ejote,,3082,cam2_20260504_090056.jpg,ambient,3084,cam2_20260504_090059.jpg,,2,27.5,50,15.2,7416,0,15,0.0,65.0,0,0.0,9,123.6,13.7,1.1,0.1,0,0,0,,2026-05-04 15:00:59
5601,,LOT-20260425-651F-004,,,,Ejote,,3086,cam2_20260504_091556.jpg,ambient,3088,cam2_20260504_091559.jpg,,2,27.7,53,15,7431,0,15,0.0,65.0,0,0.0,9,123.8,13.8,1.1,0.1,0,0,0,,2026-05-04 15:16:00
5609,,LOT-20260425-651F-004,,,,Ejote,,3090,cam2_20260504_093056.jpg,ambient,3092,cam2_20260504_093059.jpg,,2,27.8,50,15,7445,0,15,0.0,65.0,0,0.0,9,124.1,13.8,1.1,0.1,0,0,0,,2026-05-04 15:31:00
5617,,LOT-20260425-651F-004,,,,Ejote,,3094,cam2_20260504_094556.jpg,ambient,3096,cam2_20260504_094559.jpg,,2,28,52,15.2,7460,0,15,0.0,65.0,0,0.0,9,124.3,13.8,1.1,0.1,0,0,0,,2026-05-04 15:46:00
5625,,LOT-20260425-651F-004,,,,Ejote,,3098,cam2_20260504_100056.jpg,ambient,3100,cam2_20260504_100059.jpg,,2,28,52,15.2,7475,0,15,0.0,65.0,0,0.0,9,124.6,13.8,1.1,0.1,0,0,0,,2026-05-04 16:01:00
5633,,LOT-20260425-651F-004,,,,Ejote,,3102,cam2_20260504_101556.jpg,ambient,3104,cam2_20260504_101559.jpg,,2,28.3,50,14.6,7490,0,15,0.0,65.0,0,0.0,9,124.8,13.9,1.1,0.1,0,0,0,,2026-05-04 16:16:01
5641,,LOT-20260425-651F-004,,,,Ejote,,3106,cam2_20260504_103056.jpg,ambient,3108,cam2_20260504_103059.jpg,,2,28.5,49,14.9,7505,0,15,0.0,65.0,0,0.0,9,125.1,13.9,1.1,0.1,0,0,0,,2026-05-04 16:31:00
5649,,LOT-20260425-651F-004,,,,Ejote,,3110,cam2_20260504_104556.jpg,ambient,3112,cam2_20260504_104559.jpg,,2,28.4,51,14.9,7520,0,15,0.0,65.0,0,0.0,9,125.3,13.9,1.1,0.1,0,0,0,,2026-05-04 16:45:59
5657,,LOT-20260425-651F-004,,,,Ejote,,3114,cam2_20260504_110056.jpg,ambient,3116,cam2_20260504_110059.jpg,,2,28.5,48,14.7,7535,0,15,0.0,65.0,0,0.0,9,125.6,14.0,1.1,0.1,0,0,0,,2026-05-04 17:01:00
5665,,LOT-20260425-651F-004,,,,Ejote,,3118,cam2_20260504_111558.jpg,ambient,3120,cam2_20260504_111601.jpg,,2,28.4,49,14.6,7550,0,15,0.0,65.0,0,0.0,9,125.8,14.0,1.1,0.1,0,0,0,,2026-05-04 17:16:02
5673,,LOT-20260425-651F-004,,,,Ejote,,3122,cam2_20260504_113056.jpg,ambient,3124,cam2_20260504_113059.jpg,,2,28.8,48,14.7,7565,0,15,0.0,65.0,0,0.0,9,126.1,14.0,1.1,0.1,0,0,0,,2026-05-04 17:31:00
5681,,LOT-20260425-651F-004,,,,Ejote,,3126,cam2_20260504_114556.jpg,ambient,3128,cam2_20260504_114559.jpg,,2,29,50,14.5,7580,0,15,0.0,65.0,0,0.0,9,126.3,14.0,1.1,0.1,0,0,0,,2026-05-04 17:46:00
5689,,LOT-20260425-651F-004,,,,Ejote,,3130,cam2_20260504_120056.jpg,ambient,3132,cam2_20260504_120059.jpg,,2,29,48,14.3,7595,0,15,0.0,65.0,0,0.0,9,126.6,14.1,1.1,0.1,0,0,0,,2026-05-04 18:01:00
5697,,LOT-20260425-651F-004,,,,Ejote,,3134,cam2_20260504_121556.jpg,ambient,3136,cam2_20260504_121559.jpg,,2,29.1,47,14.4,7610,0,15,0.0,65.0,0,0.0,9,126.8,14.1,1.1,0.1,0,0,0,,2026-05-04 18:16:00
5705,,LOT-20260425-651F-004,,,,Ejote,,3138,cam2_20260504_123056.jpg,ambient,3140,cam2_20260504_123059.jpg,,2,29.1,51,14.2,7624,0,15,0.0,65.0,0,0.0,9,127.1,14.1,1.1,0.1,0,0,0,,2026-05-04 18:31:00
5713,,LOT-20260425-651F-004,,,,Ejote,,3142,cam2_20260504_124556.jpg,ambient,3144,cam2_20260504_124559.jpg,,2,29.1,50,14,7639,0,15,0.0,65.0,0,0.0,9,127.3,14.1,1.1,0.1,0,0,0,,2026-05-04 18:46:00
5721,,LOT-20260425-651F-004,,,,Ejote,,3146,cam2_20260504_130056.jpg,ambient,3148,cam2_20260504_130059.jpg,,2,29.2,47,14,7654,0,15,0.0,65.0,0,0.0,9,127.6,14.2,1.1,0.1,0,0,0,,2026-05-04 19:01:00
5729,,LOT-20260425-651F-004,,,,Ejote,,3150,cam2_20260504_131556.jpg,ambient,3152,cam2_20260504_131559.jpg,,2,29.2,52,13.6,7669,0,15,0.0,65.0,0,0.0,9,127.8,14.2,1.1,0.1,0,0,0,,2026-05-04 19:16:00
5737,,LOT-20260425-651F-004,,,,Ejote,,3154,cam2_20260504_133106.jpg,ambient,3156,cam2_20260504_133109.jpg,,2,29.6,46,13.1,7684,0,15,0.0,65.0,0,0.0,9,128.1,14.2,1.1,0.1,0,0,0,,2026-05-04 19:31:11
5745,,LOT-20260425-651F-004,,,,Ejote,,3158,cam2_20260504_135931.jpg,ambient,3160,cam2_20260504_135934.jpg,,2,29,47,14.5,7713,0,15,0.0,65.0,0,0.0,9,128.6,14.3,1.1,0.1,0,0,0,,2026-05-04 19:59:36
5753,,LOT-20260425-651F-004,,,,Ejote,,3162,cam2_20260504_141547.jpg,ambient,3164,cam2_20260504_141550.jpg,,2,29.2,48,14.2,7729,0,15,0.0,65.0,0,0.0,9,128.8,14.3,1.1,0.1,0,0,0,,2026-05-04 20:15:51
5761,,LOT-20260425-651F-004,,,,Ejote,,3166,cam2_20260504_143047.jpg,ambient,3168,cam2_20260504_143050.jpg,,2,29.5,47,14.3,7744,0,15,0.0,65.0,0,0.0,9,129.1,14.3,1.1,0.1,0,0,0,,2026-05-04 20:30:52
5769,,LOT-20260425-651F-004,,,,Ejote,,3170,cam2_20260504_145223.jpg,ambient,3172,cam2_20260504_145226.jpg,,2,29.5,45,14.1,7765,0,15,0.0,65.0,0,0.0,9,129.4,14.4,1.1,0.1,0,0,0,,2026-05-04 20:52:27
5777,,LOT-20260425-651F-004,,,,Ejote,,3174,cam2_20260504_152219.jpg,ambient,3176,cam2_20260504_152221.jpg,,2,29.4,41,13,7795,0,15,0.0,65.0,0,0.0,9,129.9,14.4,1.1,0.1,0,0,0,,2026-05-04 21:22:23
5789,,LOT-20260425-651F-004,,,,Ejote,,3179,cam2_20260504_161059.jpg,ambient,3181,cam2_20260504_161104.jpg,,2,29.7,35,12.7,7844,0,15,0.0,65.0,0,0.0,9,130.7,14.5,1.1,0.1,0,0,0,,2026-05-04 22:11:05
5793,,LOT-20260425-651F-004,,,,Ejote,,3182,cam2_20260504_162643.jpg,ambient,3184,cam2_20260504_162646.jpg,,2,29.8,41,12.7,7859,0,15,0.0,65.0,0,0.0,9,131.0,14.6,1.1,0.1,0,0,0,,2026-05-04 22:26:48
5801,,LOT-20260425-651F-004,,,,Ejote,,3186,cam2_20260504_164143.jpg,ambient,,,,2,29.9,41,12.5,7874,0,15,0.0,65.0,0,0.0,9,131.2,14.6,1.1,0.1,0,0,0,,2026-05-04 22:42:00
5809,,LOT-20260425-651F-004,,,,Ejote,,3189,cam2_20260504_165643.jpg,ambient,3191,cam2_20260504_165646.jpg,,2,29.8,36,12.2,7889,0,15,0.0,65.0,0,0.0,9,131.5,14.6,1.1,0.1,0,0,0,,2026-05-04 22:56:47
5813,,LOT-20260425-651F-004,,,,Ejote,,3192,cam2_20260504_171154.jpg,ambient,3194,cam2_20260504_171156.jpg,,2,29.8,39,12.2,7901,0,15,0.0,65.0,0,0.0,9,131.7,14.6,1.1,0.1,0,0,0,,2026-05-04 23:11:57
5821,,LOT-20260425-651F-004,,,,Ejote,,3196,cam2_20260504_172654.jpg,ambient,3198,cam2_20260504_172657.jpg,,2,30,41,12.1,7916,0,15,0.0,65.0,0,0.0,9,131.9,14.7,1.1,0.1,0,0,0,,2026-05-04 23:26:58
5829,,LOT-20260425-651F-004,,,,Ejote,,3200,cam2_20260504_174154.jpg,ambient,3202,cam2_20260504_174156.jpg,,2,30,38,11.7,7931,0,15,0.0,65.0,0,0.0,10,132.2,13.2,1.1,0.1,0,0,0,,2026-05-04 23:41:57
5837,,LOT-20260425-651F-004,,,,Ejote,,3204,cam2_20260504_175654.jpg,ambient,3206,cam2_20260504_175657.jpg,,2,30,34,12.1,7946,0,15,0.0,65.0,0,0.0,10,132.4,13.2,1.1,0.1,0,0,0,,2026-05-04 23:56:58
5845,,LOT-20260425-651F-004,,,,Ejote,,3208,cam2_20260504_181154.jpg,ambient,3210,cam2_20260504_181157.jpg,,2,30,36,12.1,7961,1,15,15.0,65.0,0,0.0,10,132.7,13.3,1.1,0.1,0,0,0,,2026-05-05 00:11:58
5853,,LOT-20260425-651F-004,,,,Ejote,,3212,cam2_20260504_182655.jpg,ambient,3214,cam2_20260504_182657.jpg,,2,29.9,36,11.8,7976,0,15,0.0,65.0,0,0.0,10,132.9,13.3,1.1,0.1,0,0,0,,2026-05-05 00:26:58
5861,,LOT-20260425-651F-004,,,,Ejote,,3216,cam2_20260504_184154.jpg,ambient,3218,cam2_20260504_184157.jpg,,2,29.8,34,11.7,7991,0,15,0.0,65.0,0,0.0,10,133.2,13.3,1.1,0.1,0,0,0,,2026-05-05 00:41:58
5869,,LOT-20260425-651F-004,,,,Ejote,,3220,cam2_20260504_185654.jpg,ambient,3222,cam2_20260504_185657.jpg,,2,29.9,37,11.5,8005,0,15,0.0,65.0,0,0.0,10,133.4,13.3,1.1,0.1,0,0,0,,2026-05-05 00:56:58
5877,,LOT-20260425-651F-004,,,,Ejote,,3224,cam2_20260504_191154.jpg,ambient,3226,cam2_20260504_191157.jpg,,2,30,35,11.3,8020,0,15,0.0,65.0,0,0.0,10,133.7,13.4,1.1,0.1,0,0,0,,2026-05-05 01:11:58
5885,,LOT-20260425-651F-004,,,,Ejote,,3228,cam2_20260504_192654.jpg,ambient,3230,cam2_20260504_192657.jpg,,2,29.8,35,10.8,8035,0,15,0.0,65.0,0,0.0,10,133.9,13.4,1.1,0.1,0,0,0,,2026-05-05 01:26:57
5893,,LOT-20260425-651F-004,,,,Ejote,,3232,cam2_20260504_194154.jpg,ambient,3234,cam2_20260504_194157.jpg,,2,29.8,35,10.6,8050,0,15,0.0,65.0,0,0.0,10,134.2,13.4,1.1,0.1,0,0,0,,2026-05-05 01:41:57
5901,,LOT-20260425-651F-004,,,,Ejote,,3236,cam2_20260504_195654.jpg,ambient,3238,cam2_20260504_195657.jpg,,2,29.9,38,10.9,8065,0,15,0.0,65.0,0,0.0,10,134.4,13.4,1.1,0.1,0,0,0,,2026-05-05 01:56:58
5909,,LOT-20260425-651F-004,,,,Ejote,,3240,cam2_20260504_201154.jpg,ambient,3242,cam2_20260504_201157.jpg,,2,29.6,35,10.6,8069,0,15,0.0,65.0,0,0.0,10,134.5,13.4,1.1,0.1,0,0,0,,2026-05-05 02:11:58
5917,,LOT-20260425-651F-004,,,,Ejote,,3244,cam2_20260504_202654.jpg,ambient,3246,cam2_20260504_202657.jpg,,2,29.2,41,10.4,8069,0,15,0.0,65.0,0,0.0,10,134.5,13.4,1.1,0.1,0,0,0,,2026-05-05 02:26:58
5925,,LOT-20260425-651F-004,,,,Ejote,,3248,cam2_20260504_204154.jpg,ambient,3250,cam2_20260504_204157.jpg,,2,29,42,9.3,8069,0,15,0.0,65.0,0,0.0,10,134.5,13.4,1.1,0.1,0,0,0,,2026-05-05 02:41:58
5933,,LOT-20260425-651F-004,,,,Ejote,,3252,cam2_20260504_205654.jpg,ambient,3254,cam2_20260504_205657.jpg,,2,28.9,38,9.5,8069,0,15,0.0,65.0,0,0.0,10,134.5,13.4,1.1,0.1,0,0,0,,2026-05-05 02:56:57
5941,,LOT-20260425-651F-004,,,,Ejote,,3256,cam2_20260504_211154.jpg,ambient,3258,cam2_20260504_211157.jpg,,2,28.7,38,9.2,8069,0,15,0.0,65.0,0,0.0,10,134.5,13.4,1.1,0.1,0,0,0,,2026-05-05 03:11:58
5949,,LOT-20260425-651F-004,,,,Ejote,,3260,cam2_20260504_212654.jpg,ambient,3262,cam2_20260504_212657.jpg,,2,29,36,100,8077,0,15,0.0,65.0,0,0.0,10,134.6,13.5,1.1,0.1,0,0,0,,2026-05-05 03:26:58
5957,,LOT-20260425-651F-004,,,,Ejote,,3264,cam2_20260504_214154.jpg,ambient,3266,cam2_20260504_214157.jpg,,2,29.3,41,100,8092,0,15,0.0,65.0,0,0.0,10,134.9,13.5,1.1,0.1,0,0,0,,2026-05-05 03:41:58
5965,,LOT-20260425-651F-004,,,,Ejote,,3268,cam2_20260504_215655.jpg,ambient,3270,cam2_20260504_215658.jpg,,2,27.7,34,100,8106,0,15,0.0,65.0,0,0.0,10,135.1,13.5,1.1,0.1,0,0,0,,2026-05-05 03:56:59
5973,,LOT-20260425-651F-004,,,,Ejote,,3272,cam2_20260504_221155.jpg,ambient,3274,cam2_20260504_221158.jpg,,2,26.8,33,100,8121,0,15,0.0,65.0,0,0.0,10,135.3,13.5,1.1,0.1,0,0,0,,2026-05-05 04:11:59
5981,,LOT-20260425-651F-004,,,,Ejote,,3276,cam2_20260504_222655.jpg,ambient,3278,cam2_20260504_222658.jpg,,2,26.4,34,100,8136,0,15,0.0,65.0,0,0.0,10,135.6,13.6,1.1,0.1,0,0,0,,2026-05-05 04:26:59
5989,,LOT-20260425-651F-004,,,,Ejote,,3280,cam2_20260504_224155.jpg,ambient,3282,cam2_20260504_224158.jpg,,2,26.4,35,100,8151,0,15,0.0,65.0,0,0.0,10,135.8,13.6,1.1,0.1,0,0,0,,2026-05-05 04:41:59
5997,,LOT-20260425-651F-004,,,,Ejote,,3284,cam2_20260504_225655.jpg,ambient,3286,cam2_20260504_225658.jpg,,2,26.4,36,100,8166,0,15,0.0,65.0,0,0.0,10,136.1,13.6,1.1,0.1,0,0,0,,2026-05-05 04:56:59
6005,,LOT-20260425-651F-004,,,,Ejote,,3288,cam2_20260504_231155.jpg,ambient,3290,cam2_20260504_231158.jpg,,2,26.5,35,100,8181,0,15,0.0,65.0,0,0.0,10,136.3,13.6,1.1,0.1,0,0,0,,2026-05-05 05:11:59
6013,,LOT-20260425-651F-004,,,,Ejote,,3292,cam2_20260504_232655.jpg,ambient,3294,cam2_20260504_232658.jpg,,2,27.2,40,100,8196,0,15,0.0,65.0,0,0.0,10,136.6,13.7,1.1,0.1,0,0,0,,2026-05-05 05:26:59
6021,,LOT-20260425-651F-004,,,,Ejote,,3296,cam2_20260504_234155.jpg,ambient,3298,cam2_20260504_234158.jpg,,2,28.1,41,100,8211,0,15,0.0,65.0,0,0.0,10,136.8,13.7,1.1,0.1,0,0,0,,2026-05-05 05:41:59
6029,,LOT-20260425-651F-004,,,,Ejote,,3300,cam2_20260504_235655.jpg,ambient,3302,cam2_20260504_235658.jpg,,2,28.4,49,100,8226,0,15,0.0,65.0,0,0.0,10,137.1,13.7,1.1,0.1,0,0,0,,2026-05-05 05:56:59
6037,,LOT-20260425-651F-004,,,,Ejote,,3304,cam2_20260505_001155.jpg,ambient,3306,cam2_20260505_001158.jpg,,2,28.4,48,100,8241,0,15,0.0,65.0,0,0.0,10,137.3,13.7,1.1,0.1,0,0,0,,2026-05-05 06:11:59
6045,,LOT-20260425-651F-004,,,,Ejote,,3308,cam2_20260505_002655.jpg,ambient,3310,cam2_20260505_002658.jpg,,2,28.4,42,100,8256,0,15,0.0,65.0,0,0.0,10,137.6,13.8,1.1,0.1,0,0,0,,2026-05-05 06:26:59
6053,,LOT-20260425-651F-004,,,,Ejote,,3312,cam2_20260505_004156.jpg,ambient,3314,cam2_20260505_004158.jpg,,2,28.4,41,100,8271,0,15,0.0,65.0,0,0.0,10,137.8,13.8,1.1,0.1,0,0,0,,2026-05-05 06:41:59
6061,,LOT-20260425-651F-004,,,,Ejote,,3316,cam2_20260505_005655.jpg,ambient,3318,cam2_20260505_005658.jpg,,2,28.3,40,100,8286,0,15,0.0,65.0,0,0.0,10,138.1,13.8,1.1,0.1,0,0,0,,2026-05-05 06:56:59
6069,,LOT-20260425-651F-004,,,,Ejote,,3320,cam2_20260505_011155.jpg,ambient,3322,cam2_20260505_011158.jpg,,2,28.2,43,100,8301,0,15,0.0,65.0,0,0.0,10,138.3,13.8,1.1,0.1,0,0,0,,2026-05-05 07:11:59
6077,,LOT-20260425-651F-004,,,,Ejote,,3324,cam2_20260505_012656.jpg,ambient,3326,cam2_20260505_012658.jpg,,2,28.4,40,100,8316,0,15,0.0,65.0,0,0.0,10,138.6,13.9,1.1,0.1,0,0,0,,2026-05-05 07:26:59
6085,,LOT-20260425-651F-004,,,,Ejote,,3328,cam2_20260505_014155.jpg,ambient,3330,cam2_20260505_014158.jpg,,2,28.2,40,100,8330,0,15,0.0,65.0,0,0.0,10,138.8,13.9,1.1,0.1,0,0,0,,2026-05-05 07:41:59
6093,,LOT-20260425-651F-004,,,,Ejote,,3332,cam2_20260505_015655.jpg,ambient,3334,cam2_20260505_015658.jpg,,2,28.2,43,100,8345,0,15,0.0,65.0,0,0.0,10,139.1,13.9,1.1,0.1,0,0,0,,2026-05-05 07:56:59
6101,,LOT-20260425-651F-004,,,,Ejote,,3336,cam2_20260505_021155.jpg,ambient,3338,cam2_20260505_021158.jpg,,2,28.2,43,100,8360,0,15,0.0,65.0,0,0.0,10,139.3,13.9,1.1,0.1,0,0,0,,2026-05-05 08:11:59
6109,,LOT-20260425-651F-004,,,,Ejote,,3340,cam2_20260505_022655.jpg,ambient,3342,cam2_20260505_022658.jpg,,2,28.2,42,100,8375,0,15,0.0,65.0,0,0.0,10,139.6,14.0,1.1,0.1,0,0,0,,2026-05-05 08:26:59
6117,,LOT-20260425-651F-004,,,,Ejote,,3344,cam2_20260505_024155.jpg,ambient,3346,cam2_20260505_024158.jpg,,2,28.2,46,100,8390,0,15,0.0,65.0,0,0.0,10,139.8,14.0,1.1,0.1,0,0,0,,2026-05-05 08:41:59
6125,,LOT-20260425-651F-004,,,,Ejote,,3348,cam2_20260505_025655.jpg,ambient,3350,cam2_20260505_025658.jpg,,2,28.3,44,100,8405,0,15,0.0,65.0,0,0.0,10,140.1,14.0,1.1,0.1,0,0,0,,2026-05-05 08:56:59
6133,,LOT-20260425-651F-004,,,,Ejote,,3352,cam2_20260505_031156.jpg,ambient,3354,cam2_20260505_031158.jpg,,2,28.1,42,100,8420,0,15,0.0,65.0,0,0.0,10,140.3,14.0,1.1,0.1,0,0,0,,2026-05-05 09:11:59
6141,,LOT-20260425-651F-004,,,,Ejote,,3356,cam2_20260505_032656.jpg,ambient,3358,cam2_20260505_032658.jpg,,2,28.1,45,100,8435,0,15,0.0,65.0,0,0.0,10,140.6,14.1,1.1,0.1,0,0,0,,2026-05-05 09:26:59
6149,,LOT-20260425-651F-004,,,,Ejote,,3360,cam2_20260505_034156.jpg,ambient,3362,cam2_20260505_034158.jpg,,2,28,46,100,8450,0,15,0.0,65.0,0,0.0,10,140.8,14.1,1.1,0.1,0,0,0,,2026-05-05 09:41:59
6157,,LOT-20260425-651F-004,,,,Ejote,,3364,cam2_20260505_035656.jpg,ambient,3366,cam2_20260505_035658.jpg,,2,28.1,45,100,8465,0,15,0.0,65.0,0,0.0,10,141.1,14.1,1.1,0.1,0,0,0,,2026-05-05 09:56:59
6165,,LOT-20260425-651F-004,,,,Ejote,,3368,cam2_20260505_041156.jpg,ambient,3370,cam2_20260505_041158.jpg,,2,28,45,100,8480,0,15,0.0,65.0,0,0.0,10,141.3,14.1,1.1,0.1,0,0,0,,2026-05-05 10:11:59
6173,,LOT-20260425-651F-004,,,,Ejote,,3372,cam2_20260505_042656.jpg,ambient,3374,cam2_20260505_042658.jpg,,2,27.8,47,100,8495,0,15,0.0,65.0,0,0.0,10,141.6,14.2,1.1,0.1,0,0,0,,2026-05-05 10:26:59
6181,,LOT-20260425-651F-004,,,,Ejote,,3376,cam2_20260505_044156.jpg,ambient,3378,cam2_20260505_044158.jpg,,2,27.8,47,100,8510,0,15,0.0,65.0,0,0.0,10,141.8,14.2,1.1,0.1,0,0,0,,2026-05-05 10:41:59
6189,,LOT-20260425-651F-004,,,,Ejote,,3380,cam2_20260505_045656.jpg,ambient,3382,cam2_20260505_045658.jpg,,2,27.8,45,100,8525,0,15,0.0,65.0,0,0.0,10,142.1,14.2,1.1,0.1,0,0,0,,2026-05-05 10:56:59
6197,,LOT-20260425-651F-004,,,,Ejote,,3384,cam2_20260505_051156.jpg,ambient,3386,cam2_20260505_051158.jpg,,2,27.9,45,100,8539,0,15,0.0,65.0,0,0.0,10,142.3,14.2,1.1,0.1,0,0,0,,2026-05-05 11:11:59
6205,,LOT-20260425-651F-004,,,,Ejote,,3388,cam2_20260505_052656.jpg,ambient,3390,cam2_20260505_052658.jpg,,2,27.8,47,100,8554,0,15,0.0,65.0,0,0.0,10,142.6,14.3,1.1,0.1,0,0,0,,2026-05-05 11:26:59
6213,,LOT-20260425-651F-004,,,,Ejote,,3392,cam2_20260505_054156.jpg,ambient,3394,cam2_20260505_054158.jpg,,2,27.7,47,100,8569,0,15,0.0,65.0,0,0.0,10,142.8,14.3,1.1,0.1,0,0,0,,2026-05-05 11:41:59
6221,,LOT-20260425-651F-004,,,,Ejote,,3396,cam2_20260505_055656.jpg,ambient,3398,cam2_20260505_055658.jpg,,2,27.6,48,100,8584,0,15,0.0,65.0,0,0.0,10,143.1,14.3,1.1,0.1,0,0,0,,2026-05-05 11:56:59
6229,,LOT-20260425-651F-004,,,,Ejote,,3400,cam2_20260505_061156.jpg,ambient,3402,cam2_20260505_061158.jpg,,2,27.6,49,100,8599,0,15,0.0,65.0,0,0.0,10,143.3,14.3,1.1,0.1,0,0,0,,2026-05-05 12:11:59
6237,,LOT-20260425-651F-004,,,,Ejote,,3404,cam2_20260505_062656.jpg,ambient,3406,cam2_20260505_062658.jpg,,2,27.6,47,100,8614,0,15,0.0,65.0,0,0.0,10,143.6,14.4,1.1,0.1,0,0,0,,2026-05-05 12:26:59
6245,,LOT-20260425-651F-004,,,,Ejote,,3408,cam2_20260505_064156.jpg,ambient,3410,cam2_20260505_064158.jpg,,2,27.6,48,100,8629,0,15,0.0,65.0,0,0.0,10,143.8,14.4,1.1,0.1,0,0,0,,2026-05-05 12:41:59
6253,,LOT-20260425-651F-004,,,,Ejote,,3412,cam2_20260505_065656.jpg,ambient,3414,cam2_20260505_065659.jpg,,2,27.6,49,100,8644,0,15,0.0,65.0,0,0.0,10,144.1,14.4,1.1,0.1,0,0,0,,2026-05-05 12:57:00
6261,,LOT-20260425-651F-004,,,,Ejote,,3416,cam2_20260505_071156.jpg,ambient,3418,cam2_20260505_071158.jpg,,2,27.6,49,100,8659,0,15,0.0,65.0,0,0.0,10,144.3,14.4,1.1,0.1,0,0,0,,2026-05-05 13:11:59
6269,,LOT-20260425-651F-004,,,,Ejote,,3420,cam2_20260505_072656.jpg,ambient,3422,cam2_20260505_072658.jpg,,2,27.7,48,100,8674,0,15,0.0,65.0,0,0.0,10,144.6,14.5,1.1,0.1,0,0,0,,2026-05-05 13:26:59
6277,,LOT-20260425-651F-004,,,,Ejote,,3424,cam2_20260505_074156.jpg,ambient,3426,cam2_20260505_074158.jpg,,2,27.8,49,100,8689,0,15,0.0,65.0,0,0.0,10,144.8,14.5,1.1,0.1,0,0,0,,2026-05-05 13:41:59
6285,,LOT-20260425-651F-004,,,,Ejote,,3428,cam2_20260505_075656.jpg,ambient,3430,cam2_20260505_075658.jpg,,2,27.8,49,100,8704,0,15,0.0,65.0,0,0.0,10,145.1,14.5,1.1,0.1,0,0,0,,2026-05-05 13:56:59
6293,,LOT-20260425-651F-004,,,,Ejote,,3432,cam2_20260505_081158.jpg,ambient,3434,cam2_20260505_081200.jpg,,2,27.7,49,88.9,8719,0,15,0.0,65.0,0,0.0,10,145.3,14.5,1.1,0.1,0,0,0,,2026-05-05 14:12:01
6301,,LOT-20260425-651F-004,,,,Ejote,,3436,cam2_20260505_082656.jpg,ambient,3438,cam2_20260505_082658.jpg,,2,27.9,48,100,8733,0,15,0.0,65.0,0,0.0,10,145.6,14.6,1.1,0.1,0,0,0,,2026-05-05 14:26:59
6309,,LOT-20260425-651F-004,,,,Ejote,,3440,cam2_20260505_084156.jpg,ambient,3442,cam2_20260505_084158.jpg,,2,27.9,47,100,8748,0,15,0.0,65.0,0,0.0,10,145.8,14.6,1.1,0.1,0,0,0,,2026-05-05 14:41:59
6317,,LOT-20260425-651F-004,,,,Ejote,,3444,cam2_20260505_085656.jpg,ambient,3446,cam2_20260505_085658.jpg,,2,28,48,100,8763,0,15,0.0,65.0,0,0.0,10,146.1,14.6,1.1,0.1,0,0,0,,2026-05-05 14:56:59
6325,,LOT-20260425-651F-004,,,,Ejote,,3448,cam2_20260505_091156.jpg,ambient,3450,cam2_20260505_091158.jpg,,2,28.2,46,100,8778,0,15,0.0,65.0,0,0.0,10,146.3,14.6,1.1,0.1,0,0,0,,2026-05-05 15:11:59
6333,,LOT-20260425-651F-004,,,,Ejote,,3452,cam2_20260505_092656.jpg,ambient,3454,cam2_20260505_092658.jpg,,2,28.1,49,100,8793,0,15,0.0,65.0,0,0.0,10,146.6,14.7,1.1,0.1,0,0,0,,2026-05-05 15:26:59
6341,,LOT-20260425-651F-004,,,,Ejote,,3456,cam2_20260505_094156.jpg,ambient,3458,cam2_20260505_094158.jpg,,2,28.2,48,100,8808,0,15,0.0,65.0,0,0.0,10,146.8,14.7,1.1,0.1,0,0,0,,2026-05-05 15:41:59
6349,,LOT-20260425-651F-004,,,,Ejote,,3460,cam2_20260505_095656.jpg,ambient,3462,cam2_20260505_095658.jpg,,2,28.5,48,100,8823,0,15,0.0,65.0,0,0.0,10,147.1,14.7,1.1,0.1,0,0,0,,2026-05-05 15:56:59
6357,,LOT-20260425-651F-004,,,,Ejote,,3464,cam2_20260505_101156.jpg,ambient,3466,cam2_20260505_101158.jpg,,2,28.7,51,97.2,8838,0,15,0.0,65.0,0,0.0,10,147.3,14.7,1.1,0.1,0,0,0,,2026-05-05 16:11:59
6365,,LOT-20260425-651F-004,,,,Ejote,,3468,cam2_20260505_102656.jpg,ambient,3470,cam2_20260505_102658.jpg,,2,28.7,49,100,8853,0,15,0.0,65.0,0,0.0,10,147.6,14.8,1.1,0.1,0,0,0,,2026-05-05 16:26:59
6373,,LOT-20260425-651F-004,,,,Ejote,,3472,cam2_20260505_104156.jpg,ambient,3474,cam2_20260505_104158.jpg,,2,28.8,48,100,8868,0,15,0.0,65.0,0,0.0,10,147.8,14.8,1.1,0.1,0,0,0,,2026-05-05 16:41:59
6381,,LOT-20260425-651F-004,,,,Ejote,,3476,cam2_20260505_105656.jpg,ambient,3478,cam2_20260505_105658.jpg,,2,29,46,93.5,8883,0,15,0.0,65.0,0,0.0,10,148.1,14.8,1.1,0.1,0,0,0,,2026-05-05 16:56:59
6389,,LOT-20260425-651F-004,,,,Ejote,,3480,cam2_20260505_111156.jpg,ambient,3482,cam2_20260505_111158.jpg,,2,29,49,94.4,8898,0,15,0.0,65.0,0,0.0,10,148.3,14.8,1.1,0.1,0,0,0,,2026-05-05 17:11:59
6397,,LOT-20260425-651F-004,,,,Ejote,,3484,cam2_20260505_112656.jpg,ambient,3486,cam2_20260505_112658.jpg,,2,29.1,45,85.2,8913,0,15,0.0,65.0,0,0.0,10,148.6,14.9,1.1,0.1,0,0,0,,2026-05-05 17:26:59
6405,,LOT-20260425-651F-004,,,,Ejote,,3488,cam2_20260505_114156.jpg,ambient,3490,cam2_20260505_114158.jpg,,2,29.2,49,92.6,8928,0,15,0.0,65.0,0,0.0,10,148.8,14.9,1.1,0.1,0,0,0,,2026-05-05 17:41:59
6413,,LOT-20260425-651F-004,,,,Ejote,,3492,cam2_20260505_115656.jpg,ambient,3494,cam2_20260505_115658.jpg,,2,29.1,42,77.8,8942,0,15,0.0,65.0,0,0.0,10,149.0,14.9,1.1,0.1,0,0,0,,2026-05-05 17:56:59
6421,,LOT-20260425-651F-004,,,,Ejote,,3496,cam2_20260505_121156.jpg,ambient,3498,cam2_20260505_121158.jpg,,2,29.2,46,74.1,8957,0,15,0.0,65.0,0,0.0,10,149.3,14.9,1.1,0.1,0,0,0,,2026-05-05 18:11:59
6429,,LOT-20260425-651F-004,,,,Ejote,,3500,cam2_20260505_122656.jpg,ambient,3502,cam2_20260505_122658.jpg,,2,29.2,46,67.9,8972,0,15,0.0,65.0,0,0.0,10,149.5,15.0,1.1,0.1,0,0,0,,2026-05-05 18:26:59
6437,,LOT-20260425-651F-004,,,,Ejote,,3504,cam2_20260505_124156.jpg,ambient,3506,cam2_20260505_124158.jpg,,2,29.4,40,64.3,8987,0,15,0.0,65.0,0,0.0,10,149.8,15.0,1.1,0.1,0,0,0,,2026-05-05 18:41:59
6445,,LOT-20260425-651F-004,,,,Ejote,,3508,cam2_20260505_125656.jpg,ambient,3510,cam2_20260505_125658.jpg,,2,29.4,42,57.1,9002,0,15,0.0,65.0,0,0.0,10,150.0,15.0,1.1,0.1,0,0,0,,2026-05-05 18:56:59
6453,,LOT-20260425-651F-004,,,,Ejote,,3512,cam2_20260505_131157.jpg,ambient,3514,cam2_20260505_131159.jpg,,2,29.5,41,56.3,9017,0,15,0.0,65.0,0,0.0,10,150.3,15.0,1.1,0.1,0,0,0,,2026-05-05 19:12:00
