observation_id,plant_instance_id,lot_id,position_tag,replacement_index,classification,species,variety,image_id,image_filename,image_light_type,flash_image_id,flash_image_filename,crop_path,capture_camera_id,temperature,humidity,water_level,light_minutes,had_light,capture_interval_min,light_minutes_in_period,ventilation_minutes,had_ventilation,ventilation_minutes_in_period,lot_day,light_hours_accumulated,light_hours_per_day,vent_hours_accumulated,vent_hours_per_day,relay_light,relay_irrigation,relay_ventilation,local_status,observed_at
15,,LOT-20260410-001,,,,Frijol,Peruano,56,cam2_20260410_032411.jpg,ambient,57,cam2_20260410_032413.jpg,,2,25.5,52,100,0,0,15,0.0,,,,1,0.0,0.0,0.0,0.0,1,0,,,2026-04-10 09:24:13
17,,LOT-20260410-001,,,,Frijol,Peruano,60,cam2_20260410_032620.jpg,ambient,61,cam2_20260410_032622.jpg,,2,25.3,52,100,0,0,15,0.0,,,,1,0.0,0.0,0.0,0.0,0,0,,,2026-04-10 09:26:22
19,,LOT-20260410-001,,,,Frijol,Peruano,68,cam2_20260410_034153.jpg,ambient,69,cam2_20260410_034155.jpg,,2,25.3,52,100,0,0,15,0.0,,,,1,0.0,0.0,0.0,0.0,1,0,,,2026-04-10 09:41:56
78,,LOT-20260410-001,,,,Frijol,Peruano,188,cam2_20260410_105832.jpg,ambient,189,cam2_20260410_105835.jpg,,2,26,48,100,46,0,15,0.0,,,,1,0.8,0.8,0.0,0.0,1,0,,,2026-04-10 16:58:35
80,,LOT-20260410-001,,,,Frijol,Peruano,192,cam2_20260410_111348.jpg,ambient,193,cam2_20260410_111351.jpg,,2,25.7,48,100,47,0,15,0.0,,,,1,0.8,0.8,0.0,0.0,1,0,,,2026-04-10 17:13:51
82,,LOT-20260410-001,,,,Frijol,Peruano,196,cam2_20260410_112923.jpg,ambient,197,cam2_20260410_112925.jpg,,2,26,49,100,63,0,15,0.0,,,,1,1.1,1.1,0.0,0.0,1,0,,,2026-04-10 17:29:25
84,,LOT-20260410-001,,,,Frijol,Peruano,200,cam2_20260410_114514.jpg,ambient,201,cam2_20260410_114517.jpg,,2,26.3,53,100,78,0,15,0.0,,,,1,1.3,1.3,0.0,0.0,1,0,,,2026-04-10 17:45:17
86,,LOT-20260410-001,,,,Frijol,Peruano,204,cam2_20260410_120017.jpg,ambient,205,cam2_20260410_120019.jpg,,2,26.5,51,100,92,0,15,0.0,,,,1,1.6,1.6,0.0,0.0,1,0,,,2026-04-10 18:00:20
96,,LOT-20260410-001,,,,Frijol,Peruano,224,cam2_20260410_130319.jpg,ambient,225,cam2_20260410_130322.jpg,,2,26.7,47,100,155,0,15,0.0,,,,1,2.8,2.8,0.0,0.0,1,0,,,2026-04-10 19:03:22
97,,LOT-20260410-001,,,,Frijol,Peruano,226,cam2_20260410_131527.jpg,ambient,227,cam2_20260410_131529.jpg,,2,26.8,44,100,167,0,15,0.0,,,,1,2.8,2.8,0.0,0.0,1,0,,,2026-04-10 19:15:30
99,,LOT-20260410-001,,,,Frijol,Peruano,230,cam2_20260410_133027.jpg,ambient,231,cam2_20260410_133029.jpg,,2,26.9,42,100,182,0,15,0.0,,,,1,3.1,3.1,0.0,0.0,1,0,,,2026-04-10 19:30:30
101,,LOT-20260410-001,,,,Frijol,Peruano,234,cam2_20260410_134527.jpg,ambient,235,cam2_20260410_134529.jpg,,2,27,43,100,197,0,15,0.0,,,,1,3.3,3.3,0.0,0.0,1,0,,,2026-04-10 19:45:30
103,,LOT-20260410-001,,,,Frijol,Peruano,238,cam2_20260410_140027.jpg,ambient,239,cam2_20260410_140030.jpg,,2,26.9,43,100,212,0,15,0.0,,,,1,3.6,3.6,0.0,0.0,1,0,,,2026-04-10 20:00:30
105,,LOT-20260410-001,,,,Frijol,Peruano,242,cam2_20260410_141528.jpg,ambient,243,cam2_20260410_141530.jpg,,2,27,43,100,227,0,15,0.0,,,,1,3.8,3.8,0.0,0.0,1,0,,,2026-04-10 20:15:30
107,,LOT-20260410-001,,,,Frijol,Peruano,246,cam2_20260410_143030.jpg,ambient,247,cam2_20260410_143032.jpg,,2,27,41,100,241,0,15,0.0,,,,1,4.0,4.0,0.0,0.0,1,0,,,2026-04-10 20:30:32
109,,LOT-20260410-001,,,,Frijol,Peruano,250,cam2_20260410_144627.jpg,ambient,251,cam2_20260410_144629.jpg,,2,27,41,100,257,0,15,0.0,,,,1,4.3,4.3,0.0,0.0,1,0,,,2026-04-10 20:46:29
111,,LOT-20260410-001,,,,Frijol,Peruano,254,cam2_20260410_150127.jpg,ambient,255,cam2_20260410_150129.jpg,,2,27,39,100,272,0,15,0.0,,,,1,4.6,4.6,0.0,0.0,1,0,,,2026-04-10 21:01:29
113,,LOT-20260410-001,,,,Frijol,Peruano,258,cam2_20260410_151627.jpg,ambient,259,cam2_20260410_151629.jpg,,2,27,39,100,287,0,15,0.0,,,,1,4.8,4.8,0.0,0.0,1,0,,,2026-04-10 21:16:29
117,,LOT-20260410-001,,,,Frijol,Peruano,266,cam2_20260410_153317.jpg,ambient,267,cam2_20260410_153319.jpg,,2,27,39,100,303,0,15,0.0,,,,1,5.0,5.0,0.0,0.0,1,0,,,2026-04-10 21:33:19
119,,LOT-20260410-001,,,,Frijol,Peruano,270,cam2_20260410_154628.jpg,ambient,271,cam2_20260410_154630.jpg,,2,26.9,40,100,316,0,15,0.0,,,,1,5.3,5.3,0.0,0.0,1,0,,,2026-04-10 21:46:30
121,,LOT-20260410-001,,,,Frijol,Peruano,274,cam2_20260410_160128.jpg,ambient,275,cam2_20260410_160130.jpg,,2,25.6,38,100,332,0,15,0.0,,,,1,5.5,5.5,0.0,0.0,1,0,,,2026-04-10 22:01:30
137,,LOT-20260410-001,,,,Frijol,Peruano,306,cam2_20260410_174933.jpg,ambient,307,cam2_20260410_174935.jpg,,2,25.7,42,100,439,0,15,0.0,,,,1,7.3,7.3,0.0,0.0,1,0,,,2026-04-10 23:49:35
142,,LOT-20260410-001,,,,Frijol,Peruano,316,cam2_20260410_181350.jpg,ambient,317,cam2_20260410_181352.jpg,,2,25.5,43,100,461,0,15,0.0,,,,1,7.7,7.7,0.0,0.0,1,0,,,2026-04-11 00:13:52
143,,LOT-20260410-001,,,,Frijol,Peruano,318,cam2_20260410_181431.jpg,ambient,319,cam2_20260410_181433.jpg,,2,25.5,43,100,461,0,15,0.0,,,,1,7.7,7.7,0.0,0.0,1,0,,,2026-04-11 00:14:34
144,,LOT-20260410-001,,,,Frijol,Peruano,320,cam2_20260410_181448.jpg,ambient,321,cam2_20260410_181450.jpg,,2,25.4,43,100,461,0,15,0.0,,,,1,7.7,7.7,0.0,0.0,1,0,,,2026-04-11 00:14:50
146,,LOT-20260410-001,,,,Frijol,Peruano,324,cam2_20260410_181657.jpg,ambient,325,cam2_20260410_181700.jpg,,2,25.3,43,100,461,0,15,0.0,,,,1,7.7,7.7,0.0,0.0,1,0,,,2026-04-11 00:17:00
148,,LOT-20260410-001,,,,Frijol,Peruano,328,cam2_20260410_182831.jpg,ambient,329,cam2_20260410_182834.jpg,,2,25.3,42,79.6,473,0,15,0.0,,,,1,7.9,7.9,0.0,0.0,0,0,,,2026-04-11 00:28:34
149,,LOT-20260410-001,,,,Frijol,Peruano,332,cam2_20260410_183204.jpg,ambient,333,cam2_20260410_183206.jpg,,2,25.2,43,96.3,473,0,15,0.0,,,,1,7.9,7.9,0.0,0.0,0,0,,,2026-04-11 00:32:06
151,,LOT-20260410-001,,,,Frijol,Peruano,336,cam2_20260410_184704.jpg,ambient,337,cam2_20260410_184706.jpg,,2,24.9,45,83.3,473,0,15,0.0,,,,1,7.9,7.9,0.0,0.0,0,0,,,2026-04-11 00:47:07
153,,LOT-20260410-001,,,,Frijol,Peruano,340,cam2_20260410_190204.jpg,ambient,341,cam2_20260410_190206.jpg,,2,25.3,50,75.9,474,0,15,0.0,,,,1,7.9,7.9,0.0,0.0,0,0,,,2026-04-11 01:02:06
155,,LOT-20260410-001,,,,Frijol,Peruano,344,cam2_20260410_191704.jpg,ambient,345,cam2_20260410_191706.jpg,,2,25.3,49,69.6,474,0,15,0.0,,,,1,7.9,7.9,0.0,0.0,0,0,,,2026-04-11 01:17:06
158,,LOT-20260410-001,,,,Frijol,Peruano,350,cam2_20260410_193204.jpg,ambient,351,cam2_20260410_193206.jpg,,2,25.6,51,100,476,0,15,0.0,,,,1,7.9,7.9,0.0,0.0,0,0,,,2026-04-11 01:32:07
160,,LOT-20260410-001,,,,Frijol,Peruano,354,cam2_20260410_194704.jpg,ambient,355,cam2_20260410_194707.jpg,,2,25.6,50,100,476,0,15,0.0,,,,1,7.9,7.9,0.0,0.0,0,0,,,2026-04-11 01:47:07
162,,LOT-20260410-001,,,,Frijol,Peruano,358,cam2_20260410_200204.jpg,ambient,359,cam2_20260410_200207.jpg,,2,25.7,51,100,476,0,15,0.0,,,,1,7.9,7.9,0.0,0.0,0,0,,,2026-04-11 02:02:07
164,,LOT-20260410-001,,,,Frijol,Peruano,362,cam2_20260410_201704.jpg,ambient,363,cam2_20260410_201706.jpg,,2,25.6,50,100,476,0,15,0.0,,,,1,7.9,7.9,0.0,0.0,0,0,,,2026-04-11 02:17:07
166,,LOT-20260410-001,,,,Frijol,Peruano,366,cam2_20260410_203204.jpg,ambient,367,cam2_20260410_203207.jpg,,2,25.6,50,100,476,0,15,0.0,,,,1,7.9,7.9,0.0,0.0,0,0,,,2026-04-11 02:32:07
168,,LOT-20260410-001,,,,Frijol,Peruano,370,cam2_20260410_204704.jpg,ambient,371,cam2_20260410_204707.jpg,,2,25.6,48,100,476,0,15,0.0,,,,1,7.9,7.9,0.0,0.0,0,0,,,2026-04-11 02:47:07
170,,LOT-20260410-001,,,,Frijol,Peruano,374,cam2_20260410_210204.jpg,ambient,375,cam2_20260410_210207.jpg,,2,25.6,51,100,476,0,15,0.0,,,,1,7.9,7.9,0.0,0.0,0,0,,,2026-04-11 03:02:07
172,,LOT-20260410-001,,,,Frijol,Peruano,378,cam2_20260410_211704.jpg,ambient,379,cam2_20260410_211707.jpg,,2,25.6,52,100,477,0,15,0.0,,,,1,8.0,8.0,0.0,0.0,0,0,,,2026-04-11 03:17:07
174,,LOT-20260410-001,,,,Frijol,Peruano,382,cam2_20260410_213205.jpg,ambient,383,cam2_20260410_213207.jpg,,2,25.7,56,100,477,0,15,0.0,,,,1,8.0,8.0,0.0,0.0,0,0,,,2026-04-11 03:32:07
182,,LOT-20260410-001,,,,Frijol,Peruano,398,cam2_20260410_222231.jpg,ambient,399,cam2_20260410_222233.jpg,,2,25.5,56,100,478,0,15,0.0,,,,1,8.0,8.0,0.0,0.0,0,0,,,2026-04-11 04:22:33
183,,LOT-20260410-001,,,,Frijol,Peruano,400,cam2_20260410_223222.jpg,ambient,401,cam2_20260410_223224.jpg,,2,25.6,58,100,478,0,15,0.0,,,,1,8.0,8.0,0.0,0.0,0,0,,,2026-04-11 04:32:25
196,,LOT-20260410-001,,,,Frijol,Peruano,426,cam2_20260410_235451.jpg,ambient,427,cam2_20260410_235453.jpg,,2,25.4,54,100,478,0,15,0.0,,,,1,8.0,8.0,0.0,0.0,0,0,,,2026-04-11 05:54:53
197,,LOT-20260410-001,,,,Frijol,Peruano,428,cam2_20260411_000256.jpg,ambient,429,cam2_20260411_000258.jpg,,2,25.3,55,100,478,0,15,0.0,,,,1,8.0,8.0,0.0,0.0,0,0,,,2026-04-11 06:02:58
199,,LOT-20260410-001,,,,Frijol,Peruano,432,cam2_20260411_001756.jpg,ambient,433,cam2_20260411_001803.jpg,,2,25.3,54,100,478,0,15,0.0,,,,1,8.0,8.0,0.0,0.0,0,0,,,2026-04-11 06:18:04
201,,LOT-20260410-001,,,,Frijol,Peruano,436,cam2_20260411_003256.jpg,ambient,437,cam2_20260411_003258.jpg,,2,25.3,55,100,478,0,15,0.0,,,,1,8.0,8.0,0.0,0.0,0,0,,,2026-04-11 06:32:59
243,,LOT-20260410-001,,,,Frijol,Peruano,520,cam2_20260411_054758.jpg,ambient,521,cam2_20260411_054801.jpg,,2,24.8,53,100,480,0,15,0.0,,,,2,8.0,4.0,0.0,0.0,0,0,,,2026-04-11 11:48:02
245,,LOT-20260410-001,,,,Frijol,Peruano,524,cam2_20260411_060257.jpg,ambient,525,cam2_20260411_060300.jpg,,2,24.8,54,100,480,0,15,0.0,,,,2,8.0,4.0,0.0,0.0,0,0,,,2026-04-11 12:03:00
247,,LOT-20260410-001,,,,Frijol,Peruano,528,cam2_20260411_061758.jpg,ambient,529,cam2_20260411_061800.jpg,,2,24.7,54,100,480,0,15,0.0,,,,2,8.0,4.0,0.0,0.0,0,0,,,2026-04-11 12:18:00
249,,LOT-20260410-001,,,,Frijol,Peruano,532,cam2_20260411_063258.jpg,ambient,533,cam2_20260411_063300.jpg,,2,24.7,53,100,480,0,15,0.0,,,,2,8.0,4.0,0.0,0.0,0,0,,,2026-04-11 12:33:00
251,,LOT-20260410-001,,,,Frijol,Peruano,536,cam2_20260411_064758.jpg,ambient,537,cam2_20260411_064800.jpg,,2,24.7,53,100,480,0,15,0.0,,,,2,8.0,4.0,0.0,0.0,0,0,,,2026-04-11 12:48:00
253,,LOT-20260410-001,,,,Frijol,Peruano,540,cam2_20260411_070258.jpg,ambient,541,cam2_20260411_070300.jpg,,2,24.7,54,100,480,0,15,0.0,,,,2,8.0,4.0,0.0,0.0,0,0,,,2026-04-11 13:03:00
267,,LOT-20260410-001,,,,Frijol,Peruano,568,cam2_20260411_084815.jpg,ambient,569,cam2_20260411_084817.jpg,,2,24.7,55,99.1,481,0,15,0.0,,,,2,8.0,4.0,0.0,0.0,0,0,,,2026-04-11 14:48:17
269,,LOT-20260410-001,,,,Frijol,Peruano,572,cam2_20260411_090315.jpg,ambient,573,cam2_20260411_090317.jpg,,2,24.8,56,91.7,481,0,15,0.0,,,,2,8.0,4.0,0.0,0.0,0,0,,,2026-04-11 15:03:17
272,,LOT-20260410-001,,,,Frijol,Peruano,578,cam2_20260411_091815.jpg,ambient,579,cam2_20260411_091822.jpg,,2,24.8,57,100,481,0,15,0.0,,,,2,8.0,4.0,0.0,0.0,0,0,,,2026-04-11 15:18:22
274,,LOT-20260410-001,,,,Frijol,Peruano,582,cam2_20260411_093408.jpg,ambient,583,cam2_20260411_093410.jpg,,2,24.9,57,100,481,0,15,0.0,,,,2,8.0,4.0,0.0,0.0,0,0,,,2026-04-11 15:34:11
276,,LOT-20260410-001,,,,Frijol,Peruano,586,cam2_20260411_094908.jpg,ambient,587,cam2_20260411_094915.jpg,,2,24.9,59,100,481,0,15,0.0,,,,2,8.0,4.0,0.0,0.0,0,0,,,2026-04-11 15:49:16
281,,LOT-20260410-001,,,,Frijol,Peruano,596,cam2_20260411_101545.jpg,ambient,597,cam2_20260411_101547.jpg,,2,25,56,90.7,481,0,15,0.0,,,,2,8.0,4.0,0.0,0.0,0,0,,,2026-04-11 16:15:47
282,,LOT-20260410-001,,,,Frijol,Peruano,598,cam2_20260411_101941.jpg,ambient,599,cam2_20260411_101943.jpg,,2,25.1,57,70.5,481,0,15,0.0,,,,2,8.0,4.0,0.0,0.0,0,0,,,2026-04-11 16:19:44
284,,LOT-20260410-001,,,,Frijol,Peruano,602,cam2_20260411_103441.jpg,ambient,603,cam2_20260411_103449.jpg,,2,25.2,56,98.1,481,0,15,0.0,,,,2,8.0,4.0,0.0,0.0,0,0,,,2026-04-11 16:34:49
288,,LOT-20260410-001,,,,Frijol,Peruano,610,cam2_20260411_105120.jpg,ambient,611,cam2_20260411_105122.jpg,,2,25.2,58,100,481,0,15,0.0,,,,2,8.0,4.0,0.0,0.0,0,0,,,2026-04-11 16:51:22
290,,LOT-20260410-001,,,,Frijol,Peruano,614,cam2_20260411_110452.jpg,ambient,615,cam2_20260411_110455.jpg,,2,25.3,57,75.9,482,0,15,0.0,,,,2,8.0,4.0,0.0,0.0,0,0,,,2026-04-11 17:04:55
296,,LOT-20260410-001,,,,Frijol,Peruano,634,cam2_20260411_115916.jpg,ambient,636,cam2_20260411_115919.jpg,,2,25.6,55,100,483,0,15,0.0,,,,2,8.1,4.0,0.0,0.0,0,0,,,2026-04-11 17:59:19
298,,LOT-20260410-001,,,,Frijol,Peruano,642,cam2_20260411_121416.jpg,ambient,644,cam2_20260411_121419.jpg,,2,26,50,100,493,0,15,0.0,,,,2,8.3,4.1,0.0,0.0,0,0,,,2026-04-11 18:14:19
300,,LOT-20260410-001,,,,Frijol,Peruano,647,cam2_20260411_122917.jpg,ambient,649,cam2_20260411_122919.jpg,,2,26.1,48,100,508,0,15,0.0,,,,2,8.7,4.4,0.0,0.0,0,0,,,2026-04-11 18:29:19
302,,LOT-20260410-001,,,,Frijol,Peruano,650,cam2_20260411_124417.jpg,ambient,652,cam2_20260411_124419.jpg,,2,26.3,46,100,523,0,15,0.0,,,,2,9.0,4.5,0.0,0.0,0,0,,,2026-04-11 18:44:19
305,,LOT-20260410-001,,,,Frijol,Peruano,654,cam2_20260411_125917.jpg,ambient,657,cam2_20260411_125919.jpg,,2,26.4,45,100,538,0,15,0.0,,,,2,9.2,4.6,0.0,0.0,0,0,,,2026-04-11 18:59:19
306,,LOT-20260410-001,,,,Frijol,Peruano,658,cam2_20260411_131417.jpg,ambient,660,cam2_20260411_131419.jpg,,2,26.4,45,100,553,0,15,0.0,,,,2,9.3,4.6,0.0,0.0,0,0,,,2026-04-11 19:14:19
308,,LOT-20260410-001,,,,Frijol,Peruano,662,cam2_20260411_132917.jpg,ambient,664,cam2_20260411_132919.jpg,,2,26.2,46,100,557,0,15,0.0,,,,2,9.3,4.6,0.0,0.0,0,0,,,2026-04-11 19:29:19
310,,LOT-20260410-001,,,,Frijol,Peruano,666,cam2_20260411_134417.jpg,ambient,668,cam2_20260411_134419.jpg,,2,26,50,100,557,0,15,0.0,,,,2,9.3,4.6,0.0,0.0,0,0,,,2026-04-11 19:44:19
312,,LOT-20260410-001,,,,Frijol,Peruano,670,cam2_20260411_135917.jpg,ambient,672,cam2_20260411_135919.jpg,,2,25.8,49,100,557,0,15,0.0,,,,2,9.3,4.6,0.0,0.0,0,0,,,2026-04-11 19:59:19
314,,LOT-20260410-001,,,,Frijol,Peruano,674,cam2_20260411_141417.jpg,ambient,676,cam2_20260411_141419.jpg,,2,25.7,55,100,557,0,15,0.0,,,,2,9.3,4.6,0.0,0.0,0,0,,,2026-04-11 20:14:19
317,,LOT-20260410-001,,,,Frijol,Peruano,678,cam2_20260411_142917.jpg,ambient,681,cam2_20260411_142919.jpg,,2,25.7,45,100,557,0,15,0.0,,,,2,9.3,4.6,0.0,0.0,0,0,,,2026-04-11 20:29:19
318,,LOT-20260410-001,,,,Frijol,Peruano,682,cam2_20260411_144417.jpg,ambient,684,cam2_20260411_144419.jpg,,2,25.7,45,100,557,0,15,0.0,,,,2,9.3,4.6,0.0,0.0,0,0,,,2026-04-11 20:44:19
320,,LOT-20260410-001,,,,Frijol,Peruano,686,cam2_20260411_145917.jpg,ambient,688,cam2_20260411_145919.jpg,,2,25.7,44,100,557,0,15,0.0,,,,2,9.3,4.6,0.0,0.0,0,0,,,2026-04-11 20:59:19
323,,LOT-20260410-001,,,,Frijol,Peruano,690,cam2_20260411_151417.jpg,ambient,693,cam2_20260411_151419.jpg,,2,25.7,43,100,557,0,15,0.0,,,,2,9.3,4.6,0.0,0.0,0,0,,,2026-04-11 21:14:20
324,,LOT-20260410-001,,,,Frijol,Peruano,694,cam2_20260411_152917.jpg,ambient,696,cam2_20260411_152919.jpg,,2,25.8,44,100,557,0,15,0.0,,,,2,9.3,4.6,0.0,0.0,0,0,,,2026-04-11 21:29:20
327,,LOT-20260410-001,,,,Frijol,Peruano,698,cam2_20260411_154417.jpg,ambient,701,cam2_20260411_154419.jpg,,2,25.8,45,100,557,0,15,0.0,,,,2,9.3,4.6,0.0,0.0,0,0,,,2026-04-11 21:44:19
328,,LOT-20260410-001,,,,Frijol,Peruano,702,cam2_20260411_155917.jpg,ambient,704,cam2_20260411_155919.jpg,,2,25.8,44,100,557,0,15,0.0,,,,2,9.3,4.6,0.0,0.0,0,0,,,2026-04-11 21:59:19
331,,LOT-20260410-001,,,,Frijol,Peruano,706,cam2_20260411_161417.jpg,ambient,708,cam2_20260411_161419.jpg,,2,25.8,46,100,557,0,15,0.0,,,,2,9.3,4.6,0.0,0.0,0,0,,,2026-04-11 22:14:20
332,,LOT-20260410-001,,,,Frijol,Peruano,711,cam2_20260411_162917.jpg,ambient,712,cam2_20260411_162919.jpg,,2,25.8,45,100,557,0,15,0.0,,,,2,9.3,4.6,0.0,0.0,0,0,,,2026-04-11 22:29:20
334,,LOT-20260410-001,,,,Frijol,Peruano,714,cam2_20260411_164417.jpg,ambient,716,cam2_20260411_164419.jpg,,2,25.8,43,100,558,0,15,0.0,,,,2,9.3,4.7,0.0,0.0,0,0,,,2026-04-11 22:44:20
336,,LOT-20260410-001,,,,Frijol,Peruano,718,cam2_20260411_165917.jpg,ambient,720,cam2_20260411_165919.jpg,,2,25.8,44,100,558,0,15,0.0,,,,2,9.3,4.7,0.0,0.0,0,0,,,2026-04-11 22:59:19
338,,LOT-20260410-001,,,,Frijol,Peruano,722,cam2_20260411_171417.jpg,ambient,724,cam2_20260411_171419.jpg,,2,25.8,44,100,558,0,15,0.0,,,,2,9.3,4.7,0.0,0.0,0,0,,,2026-04-11 23:14:19
340,,LOT-20260410-001,,,,Frijol,Peruano,726,cam2_20260411_172917.jpg,ambient,728,cam2_20260411_172919.jpg,,2,25.8,44,100,558,0,15,0.0,,,,2,9.3,4.7,0.0,0.0,0,0,,,2026-04-11 23:29:19
342,,LOT-20260410-001,,,,Frijol,Peruano,730,cam2_20260411_174417.jpg,ambient,732,cam2_20260411_174419.jpg,,2,25.8,45,100,558,0,15,0.0,,,,2,9.3,4.7,0.0,0.0,0,0,,,2026-04-11 23:44:19
344,,LOT-20260410-001,,,,Frijol,Peruano,734,cam2_20260411_175917.jpg,ambient,736,cam2_20260411_175920.jpg,,2,25.7,43,100,558,0,15,0.0,,,,2,9.3,4.7,0.0,0.0,0,0,,,2026-04-11 23:59:20
347,,LOT-20260410-001,,,,Frijol,Peruano,738,cam2_20260411_181417.jpg,ambient,741,cam2_20260411_181419.jpg,,2,25.8,45,100,558,0,15,0.0,,,,2,9.3,4.7,0.0,0.0,0,0,,,2026-04-12 00:14:20
348,,LOT-20260410-001,,,,Frijol,Peruano,742,cam2_20260411_182917.jpg,ambient,744,cam2_20260411_182919.jpg,,2,25.7,50,100,558,0,15,0.0,,,,2,9.3,4.7,0.0,0.0,0,0,,,2026-04-12 00:29:20
351,,LOT-20260410-001,,,,Frijol,Peruano,746,cam2_20260411_184417.jpg,ambient,749,cam2_20260411_184420.jpg,,2,25.7,51,100,558,0,15,0.0,,,,2,9.3,4.7,0.0,0.0,0,0,,,2026-04-12 00:44:20
353,,LOT-20260410-001,,,,Frijol,Peruano,750,cam2_20260411_185917.jpg,ambient,753,cam2_20260411_185920.jpg,,2,25.6,55,100,558,0,15,0.0,,,,2,9.3,4.7,0.0,0.0,0,0,,,2026-04-12 00:59:20
355,,LOT-20260410-001,,,,Frijol,Peruano,754,cam2_20260411_191417.jpg,ambient,757,cam2_20260411_191420.jpg,,2,25.6,61,100,558,0,15,0.0,,,,2,9.3,4.7,0.0,0.0,0,0,,,2026-04-12 01:14:20
356,,LOT-20260410-001,,,,Frijol,Peruano,758,cam2_20260411_192917.jpg,ambient,760,cam2_20260411_192920.jpg,,2,25.5,59,100,558,0,15,0.0,,,,2,9.3,4.7,0.0,0.0,0,0,,,2026-04-12 01:29:20
358,,LOT-20260410-001,,,,Frijol,Peruano,762,cam2_20260411_194417.jpg,ambient,764,cam2_20260411_194420.jpg,,2,25.5,59,100,558,0,15,0.0,,,,2,9.3,4.7,0.0,0.0,0,0,,,2026-04-12 01:44:20
361,,LOT-20260410-001,,,,Frijol,Peruano,766,cam2_20260411_195917.jpg,ambient,769,cam2_20260411_195920.jpg,,2,25.4,59,100,558,0,15,0.0,,,,2,9.3,4.7,0.0,0.0,0,0,,,2026-04-12 01:59:20
362,,LOT-20260410-001,,,,Frijol,Peruano,770,cam2_20260411_201417.jpg,ambient,772,cam2_20260411_201420.jpg,,2,25.3,59,100,558,0,15,0.0,,,,2,9.3,4.7,0.0,0.0,0,0,,,2026-04-12 02:14:20
364,,LOT-20260410-001,,,,Frijol,Peruano,774,cam2_20260411_202917.jpg,ambient,776,cam2_20260411_202920.jpg,,2,25.2,58,100,558,0,15,0.0,,,,2,9.3,4.7,0.0,0.0,0,0,,,2026-04-12 02:29:20
366,,LOT-20260410-001,,,,Frijol,Peruano,778,cam2_20260411_204417.jpg,ambient,780,cam2_20260411_204420.jpg,,2,25.2,58,100,558,0,15,0.0,,,,2,9.3,4.7,0.0,0.0,0,0,,,2026-04-12 02:44:20
368,,LOT-20260410-001,,,,Frijol,Peruano,782,cam2_20260411_205917.jpg,ambient,784,cam2_20260411_205920.jpg,,2,25.1,59,100,558,0,15,0.0,,,,2,9.3,4.7,0.0,0.0,0,0,,,2026-04-12 02:59:20
370,,LOT-20260410-001,,,,Frijol,Peruano,786,cam2_20260411_211417.jpg,ambient,788,cam2_20260411_211420.jpg,,2,25,58,100,559,0,15,0.0,,,,2,9.3,4.7,0.0,0.0,0,0,,,2026-04-12 03:14:20
372,,LOT-20260410-001,,,,Frijol,Peruano,790,cam2_20260411_212917.jpg,ambient,792,cam2_20260411_212920.jpg,,2,25,62,100,559,0,15,0.0,,,,2,9.3,4.7,0.0,0.0,0,0,,,2026-04-12 03:29:20
374,,LOT-20260410-001,,,,Frijol,Peruano,795,cam2_20260411_214418.jpg,ambient,796,cam2_20260411_214420.jpg,,2,25,63,100,559,0,15,0.0,,,,2,9.3,4.7,0.0,0.0,0,0,,,2026-04-12 03:44:20
376,,LOT-20260410-001,,,,Frijol,Peruano,798,cam2_20260411_215918.jpg,ambient,800,cam2_20260411_215920.jpg,,2,24.6,56,100,560,0,15,0.0,,,,2,9.3,4.7,0.0,0.0,0,0,,,2026-04-12 03:59:20
378,,LOT-20260410-001,,,,Frijol,Peruano,803,cam2_20260411_221418.jpg,ambient,804,cam2_20260411_221420.jpg,,2,24.4,50,100,560,0,15,0.0,,,,2,9.3,4.7,0.0,0.0,0,0,,,2026-04-12 04:14:20
381,,LOT-20260410-001,,,,Frijol,Peruano,806,cam2_20260411_222918.jpg,ambient,809,cam2_20260411_222920.jpg,,2,24.2,48,100,560,0,15,0.0,,,,2,9.3,4.7,0.0,0.0,0,0,,,2026-04-12 04:29:20
383,,LOT-20260410-001,,,,Frijol,Peruano,810,cam2_20260411_224418.jpg,ambient,813,cam2_20260411_224420.jpg,,2,24,51,100,560,0,15,0.0,,,,2,9.3,4.7,0.0,0.0,0,0,,,2026-04-12 04:44:20
384,,LOT-20260410-001,,,,Frijol,Peruano,815,cam2_20260411_225918.jpg,ambient,816,cam2_20260411_225920.jpg,,2,24.3,61,96.3,560,0,15,0.0,,,,2,9.3,4.7,0.0,0.0,0,0,,,2026-04-12 04:59:20
386,,LOT-20260410-001,,,,Frijol,Peruano,818,cam2_20260411_231418.jpg,ambient,820,cam2_20260411_231420.jpg,,2,24.5,61,100,561,0,15,0.0,,,,2,9.3,4.7,0.0,0.0,0,0,,,2026-04-12 05:14:20
388,,LOT-20260410-001,,,,Frijol,Peruano,822,cam2_20260411_232918.jpg,ambient,824,cam2_20260411_232920.jpg,,2,24.6,59,100,561,0,15,0.0,,,,2,9.3,4.7,0.0,0.0,0,0,,,2026-04-12 05:29:20
390,,LOT-20260410-001,,,,Frijol,Peruano,826,cam2_20260411_234418.jpg,ambient,828,cam2_20260411_234420.jpg,,2,24.6,60,100,561,0,15,0.0,,,,2,9.3,4.7,0.0,0.0,0,0,,,2026-04-12 05:44:20
392,,LOT-20260410-001,,,,Frijol,Peruano,830,cam2_20260411_235918.jpg,ambient,832,cam2_20260411_235920.jpg,,2,24.6,59,100,561,0,15,0.0,,,,2,9.3,4.7,0.0,0.0,0,0,,,2026-04-12 05:59:20
395,,LOT-20260410-001,,,,Frijol,Peruano,834,cam2_20260412_001418.jpg,ambient,837,cam2_20260412_001420.jpg,,2,24.6,60,100,562,0,15,0.0,,,,2,9.4,4.7,0.0,0.0,0,0,,,2026-04-12 06:14:21
396,,LOT-20260410-001,,,,Frijol,Peruano,838,cam2_20260412_002918.jpg,ambient,840,cam2_20260412_002920.jpg,,2,24.6,61,100,562,0,15,0.0,,,,2,9.4,4.7,0.0,0.0,0,0,,,2026-04-12 06:29:20
398,,LOT-20260410-001,,,,Frijol,Peruano,842,cam2_20260412_004418.jpg,ambient,844,cam2_20260412_004420.jpg,,2,24.7,62,100,562,0,15,0.0,,,,2,9.4,4.7,0.0,0.0,0,0,,,2026-04-12 06:44:20
401,,LOT-20260410-001,,,,Frijol,Peruano,846,cam2_20260412_005918.jpg,ambient,849,cam2_20260412_005920.jpg,,2,24.6,61,100,562,0,15,0.0,,,,2,9.4,4.7,0.0,0.0,0,0,,,2026-04-12 06:59:20
402,,LOT-20260410-001,,,,Frijol,Peruano,850,cam2_20260412_011418.jpg,ambient,852,cam2_20260412_011420.jpg,,2,24.6,61,100,562,0,15,0.0,,,,2,9.4,4.7,0.0,0.0,0,0,,,2026-04-12 07:14:21
404,,LOT-20260410-001,,,,Frijol,Peruano,854,cam2_20260412_012918.jpg,ambient,856,cam2_20260412_012920.jpg,,2,24.6,60,100,562,0,15,0.0,,,,2,9.4,4.7,0.0,0.0,0,0,,,2026-04-12 07:29:21
406,,LOT-20260410-001,,,,Frijol,Peruano,858,cam2_20260412_014418.jpg,ambient,860,cam2_20260412_014420.jpg,,2,24.6,59,100,562,0,15,0.0,,,,2,9.4,4.7,0.0,0.0,0,0,,,2026-04-12 07:44:21
408,,LOT-20260410-001,,,,Frijol,Peruano,862,cam2_20260412_015918.jpg,ambient,864,cam2_20260412_015921.jpg,,2,24.6,58,100,562,0,15,0.0,,,,2,9.4,4.7,0.0,0.0,0,0,,,2026-04-12 07:59:21
411,,LOT-20260410-001,,,,Frijol,Peruano,866,cam2_20260412_021418.jpg,ambient,868,cam2_20260412_021421.jpg,,2,24.6,59,100,562,0,15,0.0,,,,2,9.4,4.7,0.0,0.0,0,0,,,2026-04-12 08:14:21
413,,LOT-20260410-001,,,,Frijol,Peruano,870,cam2_20260412_022918.jpg,ambient,873,cam2_20260412_022921.jpg,,2,24.5,58,100,562,0,15,0.0,,,,3,9.4,3.1,0.0,0.0,0,0,,,2026-04-12 08:29:21
414,,LOT-20260410-001,,,,Frijol,Peruano,875,cam2_20260412_024418.jpg,ambient,876,cam2_20260412_024420.jpg,,2,24.6,58,100,562,0,15,0.0,,,,3,9.4,3.1,0.0,0.0,0,0,,,2026-04-12 08:44:21
416,,LOT-20260410-001,,,,Frijol,Peruano,878,cam2_20260412_025918.jpg,ambient,880,cam2_20260412_025921.jpg,,2,24.6,59,100,562,0,15,0.0,,,,3,9.4,3.1,0.0,0.0,0,0,,,2026-04-12 08:59:21
418,,LOT-20260410-001,,,,Frijol,Peruano,882,cam2_20260412_031418.jpg,ambient,884,cam2_20260412_031421.jpg,,2,24.5,56,100,562,0,15,0.0,,,,3,9.4,3.1,0.0,0.0,0,0,,,2026-04-12 09:14:21
420,,LOT-20260410-001,,,,Frijol,Peruano,886,cam2_20260412_032918.jpg,ambient,888,cam2_20260412_032921.jpg,,2,24.5,55,100,562,0,15,0.0,,,,3,9.4,3.1,0.0,0.0,0,0,,,2026-04-12 09:29:21
422,,LOT-20260410-001,,,,Frijol,Peruano,890,cam2_20260412_034418.jpg,ambient,892,cam2_20260412_034420.jpg,,2,24.5,56,100,562,0,15,0.0,,,,3,9.4,3.1,0.0,0.0,0,0,,,2026-04-12 09:44:21
424,,LOT-20260410-001,,,,Frijol,Peruano,894,cam2_20260412_035918.jpg,ambient,896,cam2_20260412_035921.jpg,,2,24.5,55,100,562,0,15,0.0,,,,3,9.4,3.1,0.0,0.0,0,0,,,2026-04-12 09:59:21
426,,LOT-20260410-001,,,,Frijol,Peruano,898,cam2_20260412_041418.jpg,ambient,900,cam2_20260412_041421.jpg,,2,24.5,55,100,562,0,15,0.0,,,,3,9.4,3.1,0.0,0.0,0,0,,,2026-04-12 10:14:21
428,,LOT-20260410-001,,,,Frijol,Peruano,902,cam2_20260412_042918.jpg,ambient,904,cam2_20260412_042921.jpg,,2,24.4,55,100,562,0,15,0.0,,,,3,9.4,3.1,0.0,0.0,0,0,,,2026-04-12 10:29:21
430,,LOT-20260410-001,,,,Frijol,Peruano,906,cam2_20260412_044419.jpg,ambient,908,cam2_20260412_044421.jpg,,2,24.5,56,100,562,0,15,0.0,,,,3,9.4,3.1,0.0,0.0,0,0,,,2026-04-12 10:44:21
432,,LOT-20260410-001,,,,Frijol,Peruano,910,cam2_20260412_045918.jpg,ambient,912,cam2_20260412_045921.jpg,,2,24.5,57,100,562,0,15,0.0,,,,3,9.4,3.1,0.0,0.0,0,0,,,2026-04-12 10:59:21
434,,LOT-20260410-001,,,,Frijol,Peruano,914,cam2_20260412_051418.jpg,ambient,916,cam2_20260412_051421.jpg,,2,24.4,58,100,562,0,15,0.0,,,,3,9.4,3.1,0.0,0.0,0,0,,,2026-04-12 11:14:21
436,,LOT-20260410-001,,,,Frijol,Peruano,918,cam2_20260412_052919.jpg,ambient,920,cam2_20260412_052921.jpg,,2,24.4,58,100,562,0,15,0.0,,,,3,9.4,3.1,0.0,0.0,0,0,,,2026-04-12 11:29:21
438,,LOT-20260410-001,,,,Frijol,Peruano,922,cam2_20260412_054419.jpg,ambient,924,cam2_20260412_054421.jpg,,2,24.5,58,100,562,0,15,0.0,,,,3,9.4,3.1,0.0,0.0,0,0,,,2026-04-12 11:44:21
440,,LOT-20260410-001,,,,Frijol,Peruano,926,cam2_20260412_055919.jpg,ambient,928,cam2_20260412_055921.jpg,,2,24.4,58,100,562,0,15,0.0,,,,3,9.4,3.1,0.0,0.0,0,0,,,2026-04-12 11:59:21
442,,LOT-20260410-001,,,,Frijol,Peruano,930,cam2_20260412_061419.jpg,ambient,932,cam2_20260412_061421.jpg,,2,24.4,58,100,563,0,15,0.0,,,,3,9.4,3.1,0.0,0.0,0,0,,,2026-04-12 12:14:21
444,,LOT-20260410-001,,,,Frijol,Peruano,934,cam2_20260412_062919.jpg,ambient,936,cam2_20260412_062921.jpg,,2,24.4,58,100,563,0,15,0.0,,,,3,9.4,3.1,0.0,0.0,0,0,,,2026-04-12 12:29:21
446,,LOT-20260410-001,,,,Frijol,Peruano,938,cam2_20260412_064419.jpg,ambient,940,cam2_20260412_064421.jpg,,2,24.4,58,100,563,0,15,0.0,,,,3,9.4,3.1,0.0,0.0,0,0,,,2026-04-12 12:44:21
448,,LOT-20260410-001,,,,Frijol,Peruano,942,cam2_20260412_065919.jpg,ambient,944,cam2_20260412_065921.jpg,,2,24.4,58,100,563,0,15,0.0,,,,3,9.4,3.1,0.0,0.0,0,0,,,2026-04-12 12:59:21
450,,LOT-20260410-001,,,,Frijol,Peruano,946,cam2_20260412_071419.jpg,ambient,948,cam2_20260412_071421.jpg,,2,24.4,58,100,563,0,15,0.0,,,,3,9.4,3.1,0.0,0.0,0,0,,,2026-04-12 13:14:21
453,,LOT-20260410-001,,,,Frijol,Peruano,950,cam2_20260412_072920.jpg,ambient,953,cam2_20260412_072922.jpg,,2,24.4,58,100,563,0,15,0.0,,,,3,9.4,3.1,0.0,0.0,0,0,,,2026-04-12 13:29:22
454,,LOT-20260410-001,,,,Frijol,Peruano,954,cam2_20260412_074419.jpg,ambient,956,cam2_20260412_074421.jpg,,2,24.4,58,100,563,0,15,0.0,,,,3,9.4,3.1,0.0,0.0,0,0,,,2026-04-12 13:44:22
456,,LOT-20260410-001,,,,Frijol,Peruano,958,cam2_20260412_075919.jpg,ambient,960,cam2_20260412_075921.jpg,,2,24.4,58,100,563,0,15,0.0,,,,3,9.4,3.1,0.0,0.0,0,0,,,2026-04-12 13:59:22
458,,LOT-20260410-001,,,,Frijol,Peruano,962,cam2_20260412_081419.jpg,ambient,964,cam2_20260412_081421.jpg,,2,24.4,59,100,563,0,15,0.0,,,,3,9.4,3.1,0.0,0.0,0,0,,,2026-04-12 14:14:22
460,,LOT-20260410-001,,,,Frijol,Peruano,966,cam2_20260412_082919.jpg,ambient,968,cam2_20260412_082921.jpg,,2,24.4,59,100,563,0,15,0.0,,,,3,9.4,3.1,0.0,0.0,0,0,,,2026-04-12 14:29:21
463,,LOT-20260410-001,,,,Frijol,Peruano,970,cam2_20260412_084419.jpg,ambient,972,cam2_20260412_084421.jpg,,2,24.4,59,100,563,0,15,0.0,,,,3,9.4,3.1,0.0,0.0,0,0,,,2026-04-12 14:44:22
464,,LOT-20260410-001,,,,Frijol,Peruano,974,cam2_20260412_085919.jpg,ambient,976,cam2_20260412_085921.jpg,,2,24.4,59,100,563,0,15,0.0,,,,3,9.4,3.1,0.0,0.0,0,0,,,2026-04-12 14:59:22
467,,LOT-20260410-001,,,,Frijol,Peruano,978,cam2_20260412_091419.jpg,ambient,981,cam2_20260412_091421.jpg,,2,24.4,60,100,563,0,15,0.0,,,,3,9.4,3.1,0.0,0.0,0,0,,,2026-04-12 15:14:22
468,,LOT-20260410-001,,,,Frijol,Peruano,982,cam2_20260412_092919.jpg,ambient,984,cam2_20260412_092922.jpg,,2,24.4,59,100,563,0,15,0.0,,,,3,9.4,3.1,0.0,0.0,0,0,,,2026-04-12 15:29:22
470,,LOT-20260410-001,,,,Frijol,Peruano,986,cam2_20260412_094419.jpg,ambient,988,cam2_20260412_094422.jpg,,2,24.4,58,100,563,0,15,0.0,,,,3,9.4,3.1,0.0,0.0,0,0,,,2026-04-12 15:44:22
472,,LOT-20260410-001,,,,Frijol,Peruano,990,cam2_20260412_095919.jpg,ambient,992,cam2_20260412_095922.jpg,,2,24.4,58,100,563,0,15,0.0,,,,3,9.4,3.1,0.0,0.0,0,0,,,2026-04-12 15:59:22
474,,LOT-20260410-001,,,,Frijol,Peruano,994,cam2_20260412_101419.jpg,ambient,996,cam2_20260412_101422.jpg,,2,24.4,59,100,563,0,15,0.0,,,,3,9.4,3.1,0.0,0.0,0,0,,,2026-04-12 16:14:22
477,,LOT-20260410-001,,,,Frijol,Peruano,998,cam2_20260412_102920.jpg,ambient,1001,cam2_20260412_102922.jpg,,2,24.5,61,100,563,0,15,0.0,,,,3,9.4,3.1,0.0,0.0,0,0,,,2026-04-12 16:29:22
479,,LOT-20260410-001,,,,Frijol,Peruano,1002,cam2_20260412_104420.jpg,ambient,1005,cam2_20260412_104422.jpg,,2,24.6,58,100,563,0,15,0.0,,,,3,9.4,3.1,0.0,0.0,0,0,,,2026-04-12 16:44:22
480,,LOT-20260410-001,,,,Frijol,Peruano,1006,cam2_20260412_105919.jpg,ambient,1008,cam2_20260412_105922.jpg,,2,24.6,60,100,563,0,15,0.0,,,,3,9.4,3.1,0.0,0.0,0,0,,,2026-04-12 16:59:22
483,,LOT-20260410-001,,,,Frijol,Peruano,1010,cam2_20260412_111419.jpg,ambient,1013,cam2_20260412_111422.jpg,,2,24.7,63,100,563,0,15,0.0,,,,3,9.4,3.1,0.0,0.0,0,0,,,2026-04-12 17:14:22
484,,LOT-20260410-001,,,,Frijol,Peruano,1015,cam2_20260412_112920.jpg,ambient,1016,cam2_20260412_112922.jpg,,2,24.8,63,100,563,0,15,0.0,,,,3,9.4,3.1,0.0,0.0,0,0,,,2026-04-12 17:29:22
486,,LOT-20260410-001,,,,Frijol,Peruano,1018,cam2_20260412_114419.jpg,ambient,1020,cam2_20260412_114422.jpg,,2,24.9,62,100,563,0,15,0.0,,,,3,9.4,3.1,0.0,0.0,0,0,,,2026-04-12 17:44:22
488,,LOT-20260410-001,,,,Frijol,Peruano,1022,cam2_20260412_115920.jpg,ambient,1024,cam2_20260412_115922.jpg,,2,25,60,100,563,0,15,0.0,,,,3,9.4,3.1,0.0,0.0,0,0,,,2026-04-12 17:59:22
490,,LOT-20260410-001,,,,Frijol,Peruano,1026,cam2_20260412_121420.jpg,ambient,1028,cam2_20260412_121422.jpg,,2,25.1,62,100,564,0,15,0.0,,,,3,9.4,3.1,0.0,0.0,0,0,,,2026-04-12 18:14:22
492,,LOT-20260410-001,,,,Frijol,Peruano,1030,cam2_20260412_122920.jpg,ambient,1032,cam2_20260412_122922.jpg,,2,25.2,63,100,564,0,15,0.0,,,,3,9.4,3.1,0.0,0.0,0,0,,,2026-04-12 18:29:22
494,,LOT-20260410-001,,,,Frijol,Peruano,1034,cam2_20260412_124420.jpg,ambient,1036,cam2_20260412_124422.jpg,,2,25.2,62,100,564,0,15,0.0,,,,3,9.4,3.1,0.0,0.0,0,0,,,2026-04-12 18:44:22
497,,LOT-20260410-001,,,,Frijol,Peruano,1038,cam2_20260412_125920.jpg,ambient,1041,cam2_20260412_125922.jpg,,2,25.2,60,100,564,0,15,0.0,,,,3,9.4,3.1,0.0,0.0,0,0,,,2026-04-12 18:59:22
498,,LOT-20260410-001,,,,Frijol,Peruano,1042,cam2_20260412_131420.jpg,ambient,1044,cam2_20260412_131422.jpg,,2,25.2,58,100,564,0,15,0.0,,,,3,9.4,3.1,0.0,0.0,0,0,,,2026-04-12 19:14:22
500,,LOT-20260410-001,,,,Frijol,Peruano,1046,cam2_20260412_132920.jpg,ambient,1048,cam2_20260412_132922.jpg,,2,25.3,57,100,564,0,15,0.0,,,,3,9.4,3.1,0.0,0.0,0,0,,,2026-04-12 19:29:22
502,,LOT-20260410-001,,,,Frijol,Peruano,1050,cam2_20260412_134420.jpg,ambient,1052,cam2_20260412_134422.jpg,,2,25.4,58,100,564,0,15,0.0,,,,3,9.4,3.1,0.0,0.0,0,0,,,2026-04-12 19:44:22
504,,LOT-20260410-001,,,,Frijol,Peruano,1054,cam2_20260412_135920.jpg,ambient,1056,cam2_20260412_135922.jpg,,2,25.3,54,100,564,0,15,0.0,,,,3,9.4,3.1,0.0,0.0,0,0,,,2026-04-12 19:59:22
506,,LOT-20260410-001,,,,Frijol,Peruano,1058,cam2_20260412_141420.jpg,ambient,1060,cam2_20260412_141422.jpg,,2,25.4,53,100,564,0,15,0.0,,,,3,9.4,3.1,0.0,0.0,0,0,,,2026-04-12 20:14:22
508,,LOT-20260410-001,,,,Frijol,Peruano,1062,cam2_20260412_142920.jpg,ambient,1064,cam2_20260412_142922.jpg,,2,25.8,54,100,578,0,15,0.0,,,,3,9.7,3.2,0.0,0.0,0,0,,,2026-04-12 20:29:23
511,,LOT-20260410-001,,,,Frijol,Peruano,1066,cam2_20260412_144450.jpg,ambient,1069,cam2_20260412_144453.jpg,,2,26.2,53,100,594,0,15,0.0,,,,3,10.2,3.4,0.0,0.0,0,0,,,2026-04-12 20:44:53
512,,LOT-20260410-001,,,,Frijol,Peruano,1070,cam2_20260412_145950.jpg,ambient,1072,cam2_20260412_145952.jpg,,2,26.4,56,100,609,0,15,0.0,,,,3,10.4,3.5,0.0,0.0,0,0,,,2026-04-12 20:59:53
515,,LOT-20260410-001,,,,Frijol,Peruano,1074,cam2_20260412_151450.jpg,ambient,1077,cam2_20260412_151453.jpg,,2,26.5,54,100,624,0,15,0.0,,,,3,10.7,3.6,0.0,0.0,0,0,,,2026-04-12 21:14:53
516,,LOT-20260410-001,,,,Frijol,Peruano,1078,cam2_20260412_152950.jpg,ambient,1080,cam2_20260412_152953.jpg,,2,25.5,45,100,639,0,15,0.0,,,,3,10.9,3.6,0.0,0.0,0,0,,,2026-04-12 21:29:53
519,,LOT-20260410-001,,,,Frijol,Peruano,1082,cam2_20260412_154450.jpg,ambient,1085,cam2_20260412_154453.jpg,,2,25.5,46,100,654,0,15,0.0,,,,3,11.2,3.7,0.0,0.0,0,0,,,2026-04-12 21:44:53
520,,LOT-20260410-001,,,,Frijol,Peruano,1086,cam2_20260412_155950.jpg,ambient,1088,cam2_20260412_155953.jpg,,2,24.9,45,100,669,0,15,0.0,,,,3,11.4,3.8,0.0,0.0,0,0,,,2026-04-12 21:59:53
522,,LOT-20260410-001,,,,Frijol,Peruano,1090,cam2_20260412_161450.jpg,ambient,1092,cam2_20260412_161453.jpg,,2,24.7,43,100,684,0,15,0.0,,,,3,11.7,3.9,0.0,0.0,0,0,,,2026-04-12 22:14:53
525,,LOT-20260410-001,,,,Frijol,Peruano,1094,cam2_20260412_162950.jpg,ambient,1097,cam2_20260412_162953.jpg,,2,24.8,43,100,699,0,15,0.0,,,,3,11.7,3.9,0.0,0.0,0,0,,,2026-04-12 22:29:53
526,,LOT-20260410-001,,,,Frijol,Peruano,1098,cam2_20260412_164450.jpg,ambient,1100,cam2_20260412_164453.jpg,,2,24.3,44,100,699,0,15,0.0,,,,3,11.7,3.9,0.0,0.0,0,0,,,2026-04-12 22:44:53
529,,LOT-20260410-001,,,,Frijol,Peruano,1102,cam2_20260412_165951.jpg,ambient,1105,cam2_20260412_165953.jpg,,2,24,43,100,699,0,15,0.0,,,,3,11.7,3.9,0.0,0.0,0,0,,,2026-04-12 22:59:53
530,,LOT-20260410-001,,,,Frijol,Peruano,1106,cam2_20260412_171451.jpg,ambient,1108,cam2_20260412_171453.jpg,,2,23.8,44,100,699,0,15,0.0,,,,3,11.7,3.9,0.0,0.0,0,0,,,2026-04-12 23:14:53
533,,LOT-20260410-001,,,,Frijol,Peruano,1110,cam2_20260412_172951.jpg,ambient,1113,cam2_20260412_172953.jpg,,2,23.9,47,100,699,0,15,0.0,,,,3,11.7,3.9,0.0,0.0,0,0,,,2026-04-12 23:29:53
534,,LOT-20260410-001,,,,Frijol,Peruano,1114,cam2_20260412_174451.jpg,ambient,1116,cam2_20260412_174453.jpg,,2,23.8,51,100,699,0,15,0.0,,,,3,11.7,3.9,0.0,0.0,0,0,,,2026-04-12 23:44:53
536,,LOT-20260410-001,,,,Frijol,Peruano,1118,cam2_20260412_175951.jpg,ambient,1120,cam2_20260412_175953.jpg,,2,23.9,53,100,699,0,15,0.0,,,,3,11.7,3.9,0.0,0.0,0,0,,,2026-04-12 23:59:53
539,,LOT-20260410-001,,,,Frijol,Peruano,1122,cam2_20260412_181451.jpg,ambient,1125,cam2_20260412_181453.jpg,,2,23.8,51,100,699,0,15,0.0,,,,3,11.7,3.9,0.0,0.0,0,0,,,2026-04-13 00:14:53
540,,LOT-20260410-001,,,,Frijol,Peruano,1126,cam2_20260412_182951.jpg,ambient,1128,cam2_20260412_182953.jpg,,2,23.7,49,100,699,0,15,0.0,,,,3,11.7,3.9,0.0,0.0,0,0,,,2026-04-13 00:29:53
543,,LOT-20260410-001,,,,Frijol,Peruano,1131,cam2_20260412_184451.jpg,ambient,1133,cam2_20260412_184454.jpg,,2,23.7,48,100,699,0,15,0.0,,,,3,11.7,3.9,0.0,0.0,0,0,,,2026-04-13 00:44:54
545,,LOT-20260410-001,,,,Frijol,Peruano,1134,cam2_20260412_185951.jpg,ambient,1136,cam2_20260412_185953.jpg,,2,23.7,48,100,699,0,15,0.0,,,,3,11.7,3.9,0.0,0.0,0,0,,,2026-04-13 00:59:53
547,,LOT-20260410-001,,,,Frijol,Peruano,1138,cam2_20260412_191451.jpg,ambient,1141,cam2_20260412_191453.jpg,,2,23.7,52,100,700,0,15,0.0,,,,3,11.7,3.9,0.0,0.0,0,0,,,2026-04-13 01:14:53
548,,LOT-20260410-001,,,,Frijol,Peruano,1142,cam2_20260412_192951.jpg,ambient,1144,cam2_20260412_192953.jpg,,2,23.7,53,100,700,0,15,0.0,,,,3,11.7,3.9,0.0,0.0,0,0,,,2026-04-13 01:29:53
551,,LOT-20260410-001,,,,Frijol,Peruano,1146,cam2_20260412_194451.jpg,ambient,1148,cam2_20260412_194453.jpg,,2,23.8,51,100,700,0,15,0.0,,,,3,11.7,3.9,0.0,0.0,0,0,,,2026-04-13 01:44:53
552,,LOT-20260410-001,,,,Frijol,Peruano,1150,cam2_20260412_195951.jpg,ambient,1152,cam2_20260412_195953.jpg,,2,23.7,49,100,700,0,15,0.0,,,,3,11.7,3.9,0.0,0.0,0,0,,,2026-04-13 01:59:53
554,,LOT-20260410-001,,,,Frijol,Peruano,1154,cam2_20260412_201451.jpg,ambient,1156,cam2_20260412_201453.jpg,,2,23.7,48,100,700,0,15,0.0,,,,3,11.7,3.9,0.0,0.0,0,0,,,2026-04-13 02:14:54
556,,LOT-20260410-001,,,,Frijol,Peruano,1158,cam2_20260412_202951.jpg,ambient,1160,cam2_20260412_202953.jpg,,2,23.8,51,100,700,0,15,0.0,,,,3,11.7,3.9,0.0,0.0,0,0,,,2026-04-13 02:29:53
558,,LOT-20260410-001,,,,Frijol,Peruano,1162,cam2_20260412_204451.jpg,ambient,1164,cam2_20260412_204453.jpg,,2,23.8,54,100,700,0,15,0.0,,,,3,11.7,3.9,0.0,0.0,0,0,,,2026-04-13 02:44:53
561,,LOT-20260410-001,,,,Frijol,Peruano,1166,cam2_20260412_205951.jpg,ambient,1169,cam2_20260412_205953.jpg,,2,23.8,53,100,700,0,15,0.0,,,,3,11.7,3.9,0.0,0.0,0,0,,,2026-04-13 02:59:54
562,,LOT-20260410-001,,,,Frijol,Peruano,1170,cam2_20260412_211451.jpg,ambient,1172,cam2_20260412_211453.jpg,,2,23.8,51,100,701,0,15,0.0,,,,3,11.7,3.9,0.0,0.0,0,0,,,2026-04-13 03:14:54
564,,LOT-20260410-001,,,,Frijol,Peruano,1174,cam2_20260412_212951.jpg,ambient,1176,cam2_20260412_212953.jpg,,2,23.7,53,100,701,0,15,0.0,,,,3,11.7,3.9,0.0,0.0,0,0,,,2026-04-13 03:29:54
566,,LOT-20260410-001,,,,Frijol,Peruano,1178,cam2_20260412_214451.jpg,ambient,1180,cam2_20260412_214453.jpg,,2,23.6,53,100,701,0,15,0.0,,,,3,11.7,3.9,0.0,0.0,0,0,,,2026-04-13 03:44:54
568,,LOT-20260410-001,,,,Frijol,Peruano,1182,cam2_20260412_215951.jpg,ambient,1184,cam2_20260412_215953.jpg,,2,24,67,100,701,0,15,0.0,,,,3,11.7,3.9,0.0,0.0,0,0,,,2026-04-13 03:59:54
570,,LOT-20260410-001,,,,Frijol,Peruano,1186,cam2_20260412_221451.jpg,ambient,1188,cam2_20260412_221454.jpg,,2,24.2,66,100,701,0,15,0.0,,,,3,11.7,3.9,0.0,0.0,0,0,,,2026-04-13 04:14:54
572,,LOT-20260410-001,,,,Frijol,Peruano,1190,cam2_20260412_222951.jpg,ambient,1192,cam2_20260412_222953.jpg,,2,24.2,65,100,701,0,15,0.0,,,,3,11.7,3.9,0.0,0.0,0,0,,,2026-04-13 04:29:54
574,,LOT-20260410-001,,,,Frijol,Peruano,1194,cam2_20260412_224451.jpg,ambient,1196,cam2_20260412_224453.jpg,,2,24.2,63,100,701,0,15,0.0,,,,3,11.7,3.9,0.0,0.0,0,0,,,2026-04-13 04:44:54
577,,LOT-20260410-001,,,,Frijol,Peruano,1198,cam2_20260412_225951.jpg,ambient,1201,cam2_20260412_225954.jpg,,2,24.2,60,100,701,0,15,0.0,,,,3,11.7,3.9,0.0,0.0,0,0,,,2026-04-13 04:59:54
578,,LOT-20260410-001,,,,Frijol,Peruano,1203,cam2_20260412_231451.jpg,ambient,1204,cam2_20260412_231453.jpg,,2,24.2,62,100,701,0,15,0.0,,,,3,11.7,3.9,0.0,0.0,0,0,,,2026-04-13 05:14:54
580,,LOT-20260410-001,,,,Frijol,Peruano,1206,cam2_20260412_232951.jpg,ambient,1208,cam2_20260412_232954.jpg,,2,24.1,60,100,701,0,15,0.0,,,,3,11.7,3.9,0.0,0.0,0,0,,,2026-04-13 05:29:54
583,,LOT-20260410-001,,,,Frijol,Peruano,1210,cam2_20260412_234451.jpg,ambient,1212,cam2_20260412_234454.jpg,,2,24.1,62,100,701,0,15,0.0,,,,3,11.7,3.9,0.0,0.0,0,0,,,2026-04-13 05:44:54
585,,LOT-20260410-001,,,,Frijol,Peruano,1214,cam2_20260412_235951.jpg,ambient,1217,cam2_20260412_235954.jpg,,2,24.1,62,100,701,0,15,0.0,,,,3,11.7,3.9,0.0,0.0,0,0,,,2026-04-13 05:59:54
586,,LOT-20260410-001,,,,Frijol,Peruano,1218,cam2_20260413_001451.jpg,ambient,1220,cam2_20260413_001454.jpg,,2,24,62,100,701,0,15,0.0,,,,3,11.7,3.9,0.0,0.0,0,0,,,2026-04-13 06:14:54
588,,LOT-20260410-001,,,,Frijol,Peruano,1222,cam2_20260413_002952.jpg,ambient,1224,cam2_20260413_002954.jpg,,2,24,61,100,701,0,15,0.0,,,,3,11.7,3.9,0.0,0.0,0,0,,,2026-04-13 06:29:55
590,,LOT-20260410-001,,,,Frijol,Peruano,1226,cam2_20260413_004452.jpg,ambient,1228,cam2_20260413_004454.jpg,,2,24,60,100,701,0,15,0.0,,,,3,11.7,3.9,0.0,0.0,0,0,,,2026-04-13 06:44:54
593,,LOT-20260410-001,,,,Frijol,Peruano,1230,cam2_20260413_005952.jpg,ambient,1232,cam2_20260413_005954.jpg,,2,24.1,60,100,701,0,15,0.0,,,,3,11.7,3.9,0.0,0.0,0,0,,,2026-04-13 06:59:54
594,,LOT-20260410-001,,,,Frijol,Peruano,1234,cam2_20260413_011451.jpg,ambient,1236,cam2_20260413_011454.jpg,,2,24.1,60,100,702,0,15,0.0,,,,3,11.7,3.9,0.0,0.0,0,0,,,2026-04-13 07:14:54
596,,LOT-20260410-001,,,,Frijol,Peruano,1238,cam2_20260413_012951.jpg,ambient,1240,cam2_20260413_012954.jpg,,2,24.2,58,100,702,0,15,0.0,,,,3,11.7,3.9,0.0,0.0,0,0,,,2026-04-13 07:29:54
598,,LOT-20260410-001,,,,Frijol,Peruano,1242,cam2_20260413_014451.jpg,ambient,1244,cam2_20260413_014454.jpg,,2,24.1,58,100,702,0,15,0.0,,,,3,11.7,3.9,0.0,0.0,0,0,,,2026-04-13 07:44:54
601,,LOT-20260410-001,,,,Frijol,Peruano,1246,cam2_20260413_015952.jpg,ambient,1249,cam2_20260413_015954.jpg,,2,24.2,56,100,702,0,15,0.0,,,,3,11.7,3.9,0.0,0.0,0,0,,,2026-04-13 07:59:54
602,,LOT-20260410-001,,,,Frijol,Peruano,1250,cam2_20260413_021452.jpg,ambient,1252,cam2_20260413_021454.jpg,,2,24.2,56,100,702,0,15,0.0,,,,3,11.7,3.9,0.0,0.0,0,0,,,2026-04-13 08:14:54
604,,LOT-20260410-001,,,,Frijol,Peruano,1254,cam2_20260413_022952.jpg,ambient,1256,cam2_20260413_022954.jpg,,2,24.2,58,100,702,0,15,0.0,,,,4,11.7,2.9,0.0,0.0,0,0,,,2026-04-13 08:29:54
606,,LOT-20260410-001,,,,Frijol,Peruano,1258,cam2_20260413_024452.jpg,ambient,1260,cam2_20260413_024454.jpg,,2,24.2,59,100,702,0,15,0.0,,,,4,11.7,2.9,0.0,0.0,0,0,,,2026-04-13 08:44:54
608,,LOT-20260410-001,,,,Frijol,Peruano,1262,cam2_20260413_025952.jpg,ambient,1264,cam2_20260413_025954.jpg,,2,24.2,59,100,702,0,15,0.0,,,,4,11.7,2.9,0.0,0.0,0,0,,,2026-04-13 08:59:54
610,,LOT-20260410-001,,,,Frijol,Peruano,1266,cam2_20260413_031452.jpg,ambient,1268,cam2_20260413_031454.jpg,,2,24.2,58,100,702,0,15,0.0,,,,4,11.7,2.9,0.0,0.0,0,0,,,2026-04-13 09:14:55
612,,LOT-20260410-001,,,,Frijol,Peruano,1271,cam2_20260413_032952.jpg,ambient,1272,cam2_20260413_032954.jpg,,2,24.1,58,100,702,0,15,0.0,,,,4,11.7,2.9,0.0,0.0,0,0,,,2026-04-13 09:29:54
615,,LOT-20260410-001,,,,Frijol,Peruano,1274,cam2_20260413_034452.jpg,ambient,1277,cam2_20260413_034454.jpg,,2,24.1,58,100,702,0,15,0.0,,,,4,11.7,2.9,0.0,0.0,0,0,,,2026-04-13 09:44:54
616,,LOT-20260410-001,,,,Frijol,Peruano,1278,cam2_20260413_035952.jpg,ambient,1280,cam2_20260413_035954.jpg,,2,24.1,58,100,702,0,15,0.0,,,,4,11.7,2.9,0.0,0.0,0,0,,,2026-04-13 09:59:54
618,,LOT-20260410-001,,,,Frijol,Peruano,1282,cam2_20260413_041452.jpg,ambient,1284,cam2_20260413_041454.jpg,,2,24,57,100,702,0,15,0.0,,,,4,11.7,2.9,0.0,0.0,0,0,,,2026-04-13 10:14:54
620,,LOT-20260410-001,,,,Frijol,Peruano,1286,cam2_20260413_042952.jpg,ambient,1288,cam2_20260413_042954.jpg,,2,24.1,59,100,702,0,15,0.0,,,,4,11.7,2.9,0.0,0.0,0,0,,,2026-04-13 10:29:54
622,,LOT-20260410-001,,,,Frijol,Peruano,1290,cam2_20260413_044452.jpg,ambient,1292,cam2_20260413_044454.jpg,,2,24,59,100,702,0,15,0.0,,,,4,11.7,2.9,0.0,0.0,0,0,,,2026-04-13 10:44:54
625,,LOT-20260410-001,,,,Frijol,Peruano,1294,cam2_20260413_045952.jpg,ambient,1297,cam2_20260413_045954.jpg,,2,24,59,100,702,0,15,0.0,,,,4,11.7,2.9,0.0,0.0,0,0,,,2026-04-13 10:59:54
626,,LOT-20260410-001,,,,Frijol,Peruano,1298,cam2_20260413_051452.jpg,ambient,1300,cam2_20260413_051454.jpg,,2,24,57,100,702,0,15,0.0,,,,4,11.7,2.9,0.0,0.0,0,0,,,2026-04-13 11:14:54
628,,LOT-20260410-001,,,,Frijol,Peruano,1302,cam2_20260413_052952.jpg,ambient,1304,cam2_20260413_052954.jpg,,2,24,58,100,702,0,15,0.0,,,,4,11.7,2.9,0.0,0.0,0,0,,,2026-04-13 11:29:54
630,,LOT-20260410-001,,,,Frijol,Peruano,1306,cam2_20260413_054452.jpg,ambient,1308,cam2_20260413_054454.jpg,,2,24,60,100,702,0,15,0.0,,,,4,11.7,2.9,0.0,0.0,0,0,,,2026-04-13 11:44:54
632,,LOT-20260410-001,,,,Frijol,Peruano,1310,cam2_20260413_055952.jpg,ambient,1312,cam2_20260413_055954.jpg,,2,24,60,100,702,0,15,0.0,,,,4,11.7,2.9,0.0,0.0,0,0,,,2026-04-13 11:59:55
634,,LOT-20260410-001,,,,Frijol,Peruano,1314,cam2_20260413_061452.jpg,ambient,1316,cam2_20260413_061454.jpg,,2,24,60,100,702,0,15,0.0,,,,4,11.7,2.9,0.0,0.0,0,0,,,2026-04-13 12:14:55
637,,LOT-20260410-001,,,,Frijol,Peruano,1318,cam2_20260413_062952.jpg,ambient,1321,cam2_20260413_062955.jpg,,2,24,60,100,702,0,15,0.0,,,,4,11.7,2.9,0.0,0.0,0,0,,,2026-04-13 12:29:55
638,,LOT-20260410-001,,,,Frijol,Peruano,1322,cam2_20260413_064452.jpg,ambient,1324,cam2_20260413_064454.jpg,,2,23.6,58,100,702,0,15,0.0,,,,4,11.7,2.9,0.0,0.0,0,0,,,2026-04-13 12:44:55
640,,LOT-20260410-001,,,,Frijol,Peruano,1326,cam2_20260413_065952.jpg,ambient,1328,cam2_20260413_065954.jpg,,2,23.7,57,100,703,0,15,0.0,,,,4,11.7,2.9,0.0,0.0,0,0,,,2026-04-13 12:59:55
642,,LOT-20260410-001,,,,Frijol,Peruano,1330,cam2_20260413_071452.jpg,ambient,1332,cam2_20260413_071454.jpg,,2,23.7,58,100,703,0,15,0.0,,,,4,11.7,2.9,0.0,0.0,0,0,,,2026-04-13 13:14:55
644,,LOT-20260410-001,,,,Frijol,Peruano,1334,cam2_20260413_072952.jpg,ambient,1336,cam2_20260413_072955.jpg,,2,23.7,58,100,703,0,15,0.0,,,,4,11.7,2.9,0.0,0.0,0,0,,,2026-04-13 13:29:55
647,,LOT-20260410-001,,,,Frijol,Peruano,1338,cam2_20260413_074452.jpg,ambient,1341,cam2_20260413_074455.jpg,,2,23.6,59,100,703,0,15,0.0,,,,4,11.7,2.9,0.0,0.0,0,0,,,2026-04-13 13:44:55
648,,LOT-20260410-001,,,,Frijol,Peruano,1342,cam2_20260413_075952.jpg,ambient,1344,cam2_20260413_075954.jpg,,2,23.5,59,100,703,0,15,0.0,,,,4,11.7,2.9,0.0,0.0,0,0,,,2026-04-13 13:59:55
650,,LOT-20260410-001,,,,Frijol,Peruano,1346,cam2_20260413_081452.jpg,ambient,1348,cam2_20260413_081455.jpg,,2,23.6,59,100,703,0,15,0.0,,,,4,11.7,2.9,0.0,0.0,0,0,,,2026-04-13 14:14:55
652,,LOT-20260410-001,,,,Frijol,Peruano,1350,cam2_20260413_082952.jpg,ambient,1352,cam2_20260413_082955.jpg,,2,23.5,60,100,703,0,15,0.0,,,,4,11.7,2.9,0.0,0.0,0,0,,,2026-04-13 14:29:55
654,,LOT-20260410-001,,,,Frijol,Peruano,1354,cam2_20260413_084452.jpg,ambient,1356,cam2_20260413_084455.jpg,,2,23.6,61,100,703,0,15,0.0,,,,4,11.7,2.9,0.0,0.0,0,0,,,2026-04-13 14:44:55
656,,LOT-20260410-001,,,,Frijol,Peruano,1358,cam2_20260413_085952.jpg,ambient,1360,cam2_20260413_085955.jpg,,2,23.6,63,100,703,0,15,0.0,,,,4,11.7,2.9,0.0,0.0,0,0,,,2026-04-13 14:59:55
658,,LOT-20260410-001,,,,Frijol,Peruano,1362,cam2_20260413_091452.jpg,ambient,1364,cam2_20260413_091455.jpg,,2,23.7,63,100,703,0,15,0.0,,,,4,11.7,2.9,0.0,0.0,0,0,,,2026-04-13 15:14:55
660,,LOT-20260410-001,,,,Frijol,Peruano,1366,cam2_20260413_092952.jpg,ambient,1368,cam2_20260413_092955.jpg,,2,23.7,65,100,703,0,15,0.0,,,,4,11.7,2.9,0.0,0.0,0,0,,,2026-04-13 15:29:55
663,,LOT-20260410-001,,,,Frijol,Peruano,1370,cam2_20260413_094453.jpg,ambient,1373,cam2_20260413_094455.jpg,,2,23.8,64,100,703,0,15,0.0,,,,4,11.7,2.9,0.0,0.0,0,0,,,2026-04-13 15:44:55
665,,LOT-20260410-001,,,,Frijol,Peruano,1374,cam2_20260413_095953.jpg,ambient,1376,cam2_20260413_095955.jpg,,2,23.9,66,100,703,0,15,0.0,,,,4,11.7,2.9,0.0,0.0,0,0,,,2026-04-13 15:59:55
666,,LOT-20260410-001,,,,Frijol,Peruano,1378,cam2_20260413_101453.jpg,ambient,1380,cam2_20260413_101455.jpg,,2,24,64,100,703,0,15,0.0,,,,4,11.7,2.9,0.0,0.0,0,0,,,2026-04-13 16:14:55
668,,LOT-20260410-001,,,,Frijol,Peruano,1382,cam2_20260413_102953.jpg,ambient,1384,cam2_20260413_102955.jpg,,2,24.1,64,100,703,0,15,0.0,,,,4,11.7,2.9,0.0,0.0,0,0,,,2026-04-13 16:29:55
670,,LOT-20260410-001,,,,Frijol,Peruano,1386,cam2_20260413_104453.jpg,ambient,1388,cam2_20260413_104455.jpg,,2,24.1,62,100,703,0,15,0.0,,,,4,11.7,2.9,0.0,0.0,0,0,,,2026-04-13 16:44:55
672,,LOT-20260410-001,,,,Frijol,Peruano,1390,cam2_20260413_105953.jpg,ambient,1392,cam2_20260413_105955.jpg,,2,24.2,62,100,703,0,15,0.0,,,,4,11.7,2.9,0.0,0.0,0,0,,,2026-04-13 16:59:55
674,,LOT-20260410-001,,,,Frijol,Peruano,1394,cam2_20260413_111453.jpg,ambient,1396,cam2_20260413_111455.jpg,,2,24.2,62,100,703,0,15,0.0,,,,4,11.7,2.9,0.0,0.0,0,0,,,2026-04-13 17:14:55
676,,LOT-20260410-001,,,,Frijol,Peruano,1398,cam2_20260413_112953.jpg,ambient,1400,cam2_20260413_112955.jpg,,2,24.2,61,100,703,0,15,0.0,,,,4,11.7,2.9,0.0,0.0,0,0,,,2026-04-13 17:29:55
678,,LOT-20260410-001,,,,Frijol,Peruano,1402,cam2_20260413_114453.jpg,ambient,1404,cam2_20260413_114455.jpg,,2,24.3,60,100,704,0,15,0.0,,,,4,11.7,2.9,0.0,0.0,0,0,,,2026-04-13 17:44:55
680,,LOT-20260410-001,,,,Frijol,Peruano,1406,cam2_20260413_115953.jpg,ambient,1408,cam2_20260413_115955.jpg,,2,24.3,61,100,704,0,15,0.0,,,,4,11.7,2.9,0.0,0.0,0,0,,,2026-04-13 17:59:55
682,,LOT-20260410-001,,,,Frijol,Peruano,1410,cam2_20260413_121453.jpg,ambient,1412,cam2_20260413_121455.jpg,,2,24.3,59,100,704,0,15,0.0,,,,4,11.7,2.9,0.0,0.0,0,0,,,2026-04-13 18:14:55
684,,LOT-20260410-001,,,,Frijol,Peruano,1414,cam2_20260413_122953.jpg,ambient,1416,cam2_20260413_122955.jpg,,2,24.3,59,100,704,0,15,0.0,,,,4,11.7,2.9,0.0,0.0,0,0,,,2026-04-13 18:29:56
686,,LOT-20260410-001,,,,Frijol,Peruano,1418,cam2_20260413_124453.jpg,ambient,1420,cam2_20260413_124455.jpg,,2,24.4,61,100,704,0,15,0.0,,,,4,11.7,2.9,0.0,0.0,0,0,,,2026-04-13 18:44:55
688,,LOT-20260410-001,,,,Frijol,Peruano,1422,cam2_20260413_125953.jpg,ambient,1424,cam2_20260413_125955.jpg,,2,24.4,59,100,704,0,15,0.0,,,,4,11.7,2.9,0.0,0.0,0,0,,,2026-04-13 18:59:56
690,,LOT-20260410-001,,,,Frijol,Peruano,1426,cam2_20260413_131453.jpg,ambient,1428,cam2_20260413_131455.jpg,,2,24.4,58,100,704,0,15,0.0,,,,4,11.7,2.9,0.0,0.0,0,0,,,2026-04-13 19:14:55
692,,LOT-20260410-001,,,,Frijol,Peruano,1430,cam2_20260413_132953.jpg,ambient,1432,cam2_20260413_132955.jpg,,2,24.4,59,100,704,0,15,0.0,,,,4,11.7,2.9,0.0,0.0,0,0,,,2026-04-13 19:29:56
694,,LOT-20260410-001,,,,Frijol,Peruano,1434,cam2_20260413_134453.jpg,ambient,1436,cam2_20260413_134455.jpg,,2,24.5,61,100,704,0,15,0.0,,,,4,11.7,2.9,0.0,0.0,0,0,,,2026-04-13 19:44:56
696,,LOT-20260410-001,,,,Frijol,Peruano,1438,cam2_20260413_135953.jpg,ambient,1440,cam2_20260413_135955.jpg,,2,24.5,56,100,704,0,15,0.0,,,,4,11.7,2.9,0.0,0.0,0,0,,,2026-04-13 19:59:56
698,,LOT-20260410-001,,,,Frijol,Peruano,1442,cam2_20260413_141453.jpg,ambient,1444,cam2_20260413_141456.jpg,,2,24.5,55,100,704,0,15,0.0,,,,4,11.7,2.9,0.0,0.0,0,0,,,2026-04-13 20:14:56
700,,LOT-20260410-001,,,,Frijol,Peruano,1446,cam2_20260413_142953.jpg,ambient,1448,cam2_20260413_142956.jpg,,2,24.5,55,100,704,0,15,0.0,,,,4,11.7,2.9,0.0,0.0,0,0,,,2026-04-13 20:29:56
703,,LOT-20260410-001,,,,Frijol,Peruano,1450,cam2_20260413_144453.jpg,ambient,1453,cam2_20260413_144456.jpg,,2,24.5,52,100,704,0,15,0.0,,,,4,11.7,2.9,0.0,0.0,0,0,,,2026-04-13 20:44:56
704,,LOT-20260410-001,,,,Frijol,Peruano,1454,cam2_20260413_145953.jpg,ambient,1456,cam2_20260413_145955.jpg,,2,24.5,51,100,704,0,15,0.0,,,,4,11.7,2.9,0.0,0.0,0,0,,,2026-04-13 20:59:56
706,,LOT-20260410-001,,,,Frijol,Peruano,1458,cam2_20260413_151453.jpg,ambient,1460,cam2_20260413_151456.jpg,,2,24.5,51,100,704,0,15,0.0,,,,4,11.7,2.9,0.0,0.0,0,0,,,2026-04-13 21:14:56
708,,LOT-20260410-001,,,,Frijol,Peruano,1462,cam2_20260413_152953.jpg,ambient,1464,cam2_20260413_152956.jpg,,2,24.5,51,100,704,0,15,0.0,,,,4,11.7,2.9,0.0,0.0,0,0,,,2026-04-13 21:29:56
711,,LOT-20260410-001,,,,Frijol,Peruano,1466,cam2_20260413_154453.jpg,ambient,1468,cam2_20260413_154456.jpg,,2,24.5,50,100,704,0,15,0.0,,,,4,11.7,2.9,0.0,0.0,0,0,,,2026-04-13 21:44:56
712,,LOT-20260410-001,,,,Frijol,Peruano,1470,cam2_20260413_155954.jpg,ambient,1472,cam2_20260413_155956.jpg,,2,24.5,50,100,704,0,15,0.0,,,,4,11.7,2.9,0.0,0.0,0,0,,,2026-04-13 21:59:56
715,,LOT-20260410-001,,,,Frijol,Peruano,1474,cam2_20260413_161454.jpg,ambient,1476,cam2_20260413_161456.jpg,,2,24.5,50,100,704,0,15,0.0,,,,4,11.7,2.9,0.0,0.0,0,0,,,2026-04-13 22:14:56
716,,LOT-20260410-001,,,,Frijol,Peruano,1478,cam2_20260413_162954.jpg,ambient,1480,cam2_20260413_162956.jpg,,2,24.6,49,100,704,0,15,0.0,,,,4,11.7,2.9,0.0,0.0,0,0,,,2026-04-13 22:29:56
718,,LOT-20260410-001,,,,Frijol,Peruano,1482,cam2_20260413_164454.jpg,ambient,1484,cam2_20260413_164456.jpg,,2,24.6,50,100,704,0,15,0.0,,,,4,11.7,2.9,0.0,0.0,0,0,,,2026-04-13 22:44:56
720,,LOT-20260410-001,,,,Frijol,Peruano,1486,cam2_20260413_165954.jpg,ambient,1488,cam2_20260413_165956.jpg,,2,24.6,48,100,704,0,15,0.0,,,,4,11.7,2.9,0.0,0.0,0,0,,,2026-04-13 22:59:56
722,,LOT-20260410-001,,,,Frijol,Peruano,1490,cam2_20260413_171454.jpg,ambient,1492,cam2_20260413_171456.jpg,,2,24.6,48,100,704,0,15,0.0,,,,4,11.7,2.9,0.0,0.0,0,0,,,2026-04-13 23:14:56
724,,LOT-20260410-001,,,,Frijol,Peruano,1494,cam2_20260413_172954.jpg,ambient,1496,cam2_20260413_172956.jpg,,2,24.6,48,100,705,0,15,0.0,,,,4,11.8,2.9,0.0,0.0,0,0,,,2026-04-13 23:29:56
727,,LOT-20260410-001,,,,Frijol,Peruano,1498,cam2_20260413_174454.jpg,ambient,1501,cam2_20260413_174456.jpg,,2,24.6,48,100,705,0,15,0.0,,,,4,11.8,2.9,0.0,0.0,0,0,,,2026-04-13 23:44:56
728,,LOT-20260410-001,,,,Frijol,Peruano,1502,cam2_20260413_175954.jpg,ambient,1504,cam2_20260413_175956.jpg,,2,24.6,47,100,705,0,15,0.0,,,,4,11.8,2.9,0.0,0.0,0,0,,,2026-04-13 23:59:56
730,,LOT-20260410-001,,,,Frijol,Peruano,1506,cam2_20260413_181454.jpg,ambient,1508,cam2_20260413_181456.jpg,,2,24.6,47,100,705,0,15,0.0,,,,4,11.8,2.9,0.0,0.0,0,0,,,2026-04-14 00:14:56
732,,LOT-20260410-001,,,,Frijol,Peruano,1510,cam2_20260413_182954.jpg,ambient,1512,cam2_20260413_182956.jpg,,2,24.7,51,100,705,0,15,0.0,,,,4,11.8,2.9,0.0,0.0,0,0,,,2026-04-14 00:29:57
734,,LOT-20260410-001,,,,Frijol,Peruano,1514,cam2_20260413_184454.jpg,ambient,1516,cam2_20260413_184456.jpg,,2,24.6,49,100,705,0,15,0.0,,,,4,11.8,2.9,0.0,0.0,0,0,,,2026-04-14 00:44:56
736,,LOT-20260410-001,,,,Frijol,Peruano,1518,cam2_20260413_185954.jpg,ambient,1520,cam2_20260413_185956.jpg,,2,24.6,51,100,705,0,15,0.0,,,,4,11.8,2.9,0.0,0.0,0,0,,,2026-04-14 00:59:57
739,,LOT-20260410-001,,,,Frijol,Peruano,1522,cam2_20260413_191454.jpg,ambient,1525,cam2_20260413_191456.jpg,,2,24.7,54,100,705,0,15,0.0,,,,4,11.8,2.9,0.0,0.0,0,0,,,2026-04-14 01:14:57
740,,LOT-20260410-001,,,,Frijol,Peruano,1526,cam2_20260413_192954.jpg,ambient,1528,cam2_20260413_192956.jpg,,2,24.7,51,100,705,0,15,0.0,,,,4,11.8,2.9,0.0,0.0,0,0,,,2026-04-14 01:29:57
742,,LOT-20260410-001,,,,Frijol,Peruano,1530,cam2_20260413_194454.jpg,ambient,1532,cam2_20260413_194456.jpg,,2,24.7,58,100,705,0,15,0.0,,,,4,11.8,2.9,0.0,0.0,0,0,,,2026-04-14 01:44:57
744,,LOT-20260410-001,,,,Frijol,Peruano,1534,cam2_20260413_195954.jpg,ambient,1536,cam2_20260413_195956.jpg,,2,24.7,59,100,705,0,15,0.0,,,,4,11.8,2.9,0.0,0.0,0,0,,,2026-04-14 01:59:57
746,,LOT-20260410-001,,,,Frijol,Peruano,1538,cam2_20260413_201454.jpg,ambient,1540,cam2_20260413_201456.jpg,,2,24.7,60,100,705,0,15,0.0,,,,4,11.8,2.9,0.0,0.0,0,0,,,2026-04-14 02:14:57
748,,LOT-20260410-001,,,,Frijol,Peruano,1542,cam2_20260413_202954.jpg,ambient,1544,cam2_20260413_202957.jpg,,2,24.7,57,100,705,0,15,0.0,,,,4,11.8,2.9,0.0,0.0,0,0,,,2026-04-14 02:29:57
750,,LOT-20260410-001,,,,Frijol,Peruano,1546,cam2_20260413_204454.jpg,ambient,1548,cam2_20260413_204457.jpg,,2,24.7,60,100,705,0,15,0.0,,,,4,11.8,2.9,0.0,0.0,0,0,,,2026-04-14 02:44:57
752,,LOT-20260410-001,,,,Frijol,Peruano,1550,cam2_20260413_205954.jpg,ambient,1552,cam2_20260413_205957.jpg,,2,24.8,62,100,705,0,15,0.0,,,,4,11.8,2.9,0.0,0.0,0,0,,,2026-04-14 02:59:57
755,,LOT-20260410-001,,,,Frijol,Peruano,1555,cam2_20260413_211454.jpg,ambient,1557,cam2_20260413_211457.jpg,,2,24.9,59,100,706,0,15,0.0,,,,4,11.8,2.9,0.0,0.0,0,0,,,2026-04-14 03:14:57
757,,LOT-20260410-001,,,,Frijol,Peruano,1558,cam2_20260413_212954.jpg,ambient,1560,cam2_20260413_212957.jpg,,2,24.9,59,100,706,0,15,0.0,,,,4,11.8,2.9,0.0,0.0,0,0,,,2026-04-14 03:29:57
758,,LOT-20260410-001,,,,Frijol,Peruano,1562,cam2_20260413_214455.jpg,ambient,1564,cam2_20260413_214457.jpg,,2,25,63,100,706,0,15,0.0,,,,4,11.8,2.9,0.0,0.0,0,0,,,2026-04-14 03:44:57
760,,LOT-20260410-001,,,,Frijol,Peruano,1566,cam2_20260413_215955.jpg,ambient,1568,cam2_20260413_215957.jpg,,2,24.9,58,100,706,0,15,0.0,,,,4,11.8,2.9,0.0,0.0,0,0,,,2026-04-14 03:59:57
762,,LOT-20260410-001,,,,Frijol,Peruano,1570,cam2_20260413_221455.jpg,ambient,1572,cam2_20260413_221457.jpg,,2,24.9,59,100,706,0,15,0.0,,,,4,11.8,2.9,0.0,0.0,0,0,,,2026-04-14 04:14:57
764,,LOT-20260410-001,,,,Frijol,Peruano,1574,cam2_20260413_222955.jpg,ambient,1576,cam2_20260413_222957.jpg,,2,24.9,59,100,706,0,15,0.0,,,,4,11.8,2.9,0.0,0.0,0,0,,,2026-04-14 04:29:57
766,,LOT-20260410-001,,,,Frijol,Peruano,1578,cam2_20260413_224455.jpg,ambient,1580,cam2_20260413_224457.jpg,,2,24.9,57,100,706,0,15,0.0,,,,4,11.8,2.9,0.0,0.0,0,0,,,2026-04-14 04:44:57
768,,LOT-20260410-001,,,,Frijol,Peruano,1582,cam2_20260413_225955.jpg,ambient,1584,cam2_20260413_225957.jpg,,2,24.9,57,100,706,0,15,0.0,,,,4,11.8,2.9,0.0,0.0,0,0,,,2026-04-14 04:59:57
770,,LOT-20260410-001,,,,Frijol,Peruano,1586,cam2_20260413_231455.jpg,ambient,1588,cam2_20260413_231457.jpg,,2,24.9,57,100,706,0,15,0.0,,,,4,11.8,2.9,0.0,0.0,0,0,,,2026-04-14 05:14:57
772,,LOT-20260410-001,,,,Frijol,Peruano,1590,cam2_20260413_232955.jpg,ambient,1592,cam2_20260413_232957.jpg,,2,24.8,59,100,706,0,15,0.0,,,,4,11.8,2.9,0.0,0.0,0,0,,,2026-04-14 05:29:57
775,,LOT-20260410-001,,,,Frijol,Peruano,1594,cam2_20260413_234455.jpg,ambient,1597,cam2_20260413_234457.jpg,,2,24.8,57,100,707,0,15,0.0,,,,4,11.8,2.9,0.0,0.0,0,0,,,2026-04-14 05:44:58
776,,LOT-20260410-001,,,,Frijol,Peruano,1598,cam2_20260413_235955.jpg,ambient,1600,cam2_20260413_235957.jpg,,2,24.8,58,100,707,0,15,0.0,,,,4,11.8,2.9,0.0,0.0,0,0,,,2026-04-14 05:59:58
778,,LOT-20260410-001,,,,Frijol,Peruano,1602,cam2_20260414_001455.jpg,ambient,1604,cam2_20260414_001457.jpg,,2,24.7,60,100,707,0,15,0.0,,,,4,11.8,2.9,0.0,0.0,0,0,,,2026-04-14 06:14:58
780,,LOT-20260410-001,,,,Frijol,Peruano,1606,cam2_20260414_002955.jpg,ambient,1608,cam2_20260414_002957.jpg,,2,24.7,59,100,707,0,15,0.0,,,,4,11.8,2.9,0.0,0.0,0,0,,,2026-04-14 06:29:58
782,,LOT-20260410-001,,,,Frijol,Peruano,1610,cam2_20260414_004455.jpg,ambient,1612,cam2_20260414_004458.jpg,,2,24.7,60,100,707,0,15,0.0,,,,4,11.8,2.9,0.0,0.0,0,0,,,2026-04-14 06:44:58
784,,LOT-20260410-001,,,,Frijol,Peruano,1614,cam2_20260414_005955.jpg,ambient,1616,cam2_20260414_005958.jpg,,2,24.7,60,100,707,0,15,0.0,,,,4,11.8,2.9,0.0,0.0,0,0,,,2026-04-14 06:59:58
786,,LOT-20260410-001,,,,Frijol,Peruano,1618,cam2_20260414_011455.jpg,ambient,1620,cam2_20260414_011458.jpg,,2,24.7,61,100,707,0,15,0.0,,,,4,11.8,2.9,0.0,0.0,0,0,,,2026-04-14 07:14:58
788,,LOT-20260410-001,,,,Frijol,Peruano,1622,cam2_20260414_012956.jpg,ambient,1624,cam2_20260414_012958.jpg,,2,24.7,60,100,707,0,15,0.0,,,,4,11.8,2.9,0.0,0.0,0,0,,,2026-04-14 07:29:58
791,,LOT-20260410-001,,,,Frijol,Peruano,1626,cam2_20260414_014455.jpg,ambient,1629,cam2_20260414_014458.jpg,,2,24.7,60,100,707,0,15,0.0,,,,4,11.8,2.9,0.0,0.0,0,0,,,2026-04-14 07:44:58
792,,LOT-20260410-001,,,,Frijol,Peruano,1630,cam2_20260414_015956.jpg,ambient,1632,cam2_20260414_015958.jpg,,2,24.7,59,100,707,0,15,0.0,,,,4,11.8,2.9,0.0,0.0,0,0,,,2026-04-14 07:59:58
795,,LOT-20260410-001,,,,Frijol,Peruano,1634,cam2_20260414_021456.jpg,ambient,1637,cam2_20260414_021458.jpg,,2,24.7,60,100,707,0,15,0.0,,,,4,11.8,2.9,0.0,0.0,0,0,,,2026-04-14 08:14:58
796,,LOT-20260410-001,,,,Frijol,Peruano,1638,cam2_20260414_022956.jpg,ambient,1640,cam2_20260414_022958.jpg,,2,24.6,60,100,707,0,15,0.0,,,,5,11.8,2.4,0.0,0.0,0,0,,,2026-04-14 08:29:58
798,,LOT-20260410-001,,,,Frijol,Peruano,1642,cam2_20260414_024456.jpg,ambient,1644,cam2_20260414_024458.jpg,,2,24.6,60,100,707,0,15,0.0,,,,5,11.8,2.4,0.0,0.0,0,0,,,2026-04-14 08:44:58
800,,LOT-20260410-001,,,,Frijol,Peruano,1646,cam2_20260414_025956.jpg,ambient,1648,cam2_20260414_025958.jpg,,2,24.6,60,100,707,0,15,0.0,,,,5,11.8,2.4,0.0,0.0,0,0,,,2026-04-14 08:59:59
802,,LOT-20260410-001,,,,Frijol,Peruano,1650,cam2_20260414_031456.jpg,ambient,1652,cam2_20260414_031458.jpg,,2,24.6,60,100,707,0,15,0.0,,,,5,11.8,2.4,0.0,0.0,0,0,,,2026-04-14 09:14:58
804,,LOT-20260410-001,,,,Frijol,Peruano,1654,cam2_20260414_032956.jpg,ambient,1656,cam2_20260414_032958.jpg,,2,24.6,60,100,707,0,15,0.0,,,,5,11.8,2.4,0.0,0.0,0,0,,,2026-04-14 09:29:59
806,,LOT-20260410-001,,,,Frijol,Peruano,1658,cam2_20260414_034456.jpg,ambient,1660,cam2_20260414_034458.jpg,,2,24.6,60,100,707,0,15,0.0,,,,5,11.8,2.4,0.0,0.0,0,0,,,2026-04-14 09:44:59
808,,LOT-20260410-001,,,,Frijol,Peruano,1662,cam2_20260414_035956.jpg,ambient,1664,cam2_20260414_035958.jpg,,2,24.5,60,100,707,0,15,0.0,,,,5,11.8,2.4,0.0,0.0,0,0,,,2026-04-14 09:59:59
810,,LOT-20260410-001,,,,Frijol,Peruano,1666,cam2_20260414_041456.jpg,ambient,1668,cam2_20260414_041458.jpg,,2,24.5,60,100,707,0,15,0.0,,,,5,11.8,2.4,0.0,0.0,0,0,,,2026-04-14 10:14:58
813,,LOT-20260410-001,,,,Frijol,Peruano,1670,cam2_20260414_042956.jpg,ambient,1673,cam2_20260414_042958.jpg,,2,24.5,60,100,707,0,15,0.0,,,,5,11.8,2.4,0.0,0.0,0,0,,,2026-04-14 10:29:59
815,,LOT-20260410-001,,,,Frijol,Peruano,1674,cam2_20260414_044456.jpg,ambient,1676,cam2_20260414_044458.jpg,,2,24.5,61,100,707,0,15,0.0,,,,5,11.8,2.4,0.0,0.0,0,0,,,2026-04-14 10:44:59
816,,LOT-20260410-001,,,,Frijol,Peruano,1678,cam2_20260414_045956.jpg,ambient,1680,cam2_20260414_045958.jpg,,2,24.5,60,100,707,0,15,0.0,,,,5,11.8,2.4,0.0,0.0,0,0,,,2026-04-14 10:59:59
819,,LOT-20260410-001,,,,Frijol,Peruano,1682,cam2_20260414_051456.jpg,ambient,1684,cam2_20260414_051458.jpg,,2,24.5,59,100,707,0,15,0.0,,,,5,11.8,2.4,0.0,0.0,0,0,,,2026-04-14 11:14:59
820,,LOT-20260410-001,,,,Frijol,Peruano,1686,cam2_20260414_052956.jpg,ambient,1688,cam2_20260414_052958.jpg,,2,24.4,60,100,707,0,15,0.0,,,,5,11.8,2.4,0.0,0.0,0,0,,,2026-04-14 11:29:59
823,,LOT-20260410-001,,,,Frijol,Peruano,1690,cam2_20260414_054456.jpg,ambient,1693,cam2_20260414_054458.jpg,,2,24.4,60,100,707,0,15,0.0,,,,5,11.8,2.4,0.0,0.0,0,0,,,2026-04-14 11:44:59
824,,LOT-20260410-001,,,,Frijol,Peruano,1694,cam2_20260414_055956.jpg,ambient,1696,cam2_20260414_055958.jpg,,2,24.4,59,100,708,0,15,0.0,,,,5,11.8,2.4,0.0,0.0,0,0,,,2026-04-14 11:59:59
826,,LOT-20260410-001,,,,Frijol,Peruano,1698,cam2_20260414_061456.jpg,ambient,1700,cam2_20260414_061458.jpg,,2,24.3,59,100,708,0,15,0.0,,,,5,11.8,2.4,0.0,0.0,0,0,,,2026-04-14 12:14:59
828,,LOT-20260410-001,,,,Frijol,Peruano,1702,cam2_20260414_062956.jpg,ambient,1704,cam2_20260414_062959.jpg,,2,24.3,59,100,708,0,15,0.0,,,,5,11.8,2.4,0.0,0.0,0,0,,,2026-04-14 12:29:59
830,,LOT-20260410-001,,,,Frijol,Peruano,1706,cam2_20260414_064456.jpg,ambient,1708,cam2_20260414_064458.jpg,,2,24.3,59,100,708,0,15,0.0,,,,5,11.8,2.4,0.0,0.0,0,0,,,2026-04-14 12:44:59
832,,LOT-20260410-001,,,,Frijol,Peruano,1710,cam2_20260414_065957.jpg,ambient,1712,cam2_20260414_070000.jpg,,2,24.2,58,100,708,0,15,0.0,,,,5,11.8,2.4,0.0,0.0,0,0,,,2026-04-14 13:00:00
834,,LOT-20260410-001,,,,Frijol,Peruano,1714,cam2_20260414_071457.jpg,ambient,1716,cam2_20260414_071459.jpg,,2,24.3,59,100,708,0,15,0.0,,,,5,11.8,2.4,0.0,0.0,0,0,,,2026-04-14 13:15:00
836,,LOT-20260410-001,,,,Frijol,Peruano,1718,cam2_20260414_072957.jpg,ambient,1720,cam2_20260414_073000.jpg,,2,24.2,58,100,708,0,15,0.0,,,,5,11.8,2.4,0.0,0.0,0,0,,,2026-04-14 13:30:00
838,,LOT-20260410-001,,,,Frijol,Peruano,1722,cam2_20260414_074457.jpg,ambient,1724,cam2_20260414_074500.jpg,,2,24,60,100,708,0,15,0.0,,,,5,11.8,2.4,0.0,0.0,0,0,,,2026-04-14 13:45:00
840,,LOT-20260410-001,,,,Frijol,Peruano,1726,cam2_20260414_075957.jpg,ambient,1728,cam2_20260414_080000.jpg,,2,23.8,61,100,708,0,15,0.0,,,,5,11.8,2.4,0.0,0.0,0,0,,,2026-04-14 14:00:00
842,,LOT-20260410-001,,,,Frijol,Peruano,1730,cam2_20260414_081457.jpg,ambient,1732,cam2_20260414_081459.jpg,,2,23.9,60,100,708,0,15,0.0,,,,5,11.8,2.4,0.0,0.0,0,0,,,2026-04-14 14:15:00
844,,LOT-20260410-001,,,,Frijol,Peruano,1734,cam2_20260414_082958.jpg,ambient,1736,cam2_20260414_083000.jpg,,2,24,60,100,708,0,15,0.0,,,,5,11.8,2.4,0.0,0.0,0,0,,,2026-04-14 14:30:00
846,,LOT-20260410-001,,,,Frijol,Peruano,1738,cam2_20260414_084457.jpg,ambient,1740,cam2_20260414_084500.jpg,,2,24.1,60,100,708,0,15,0.0,,,,5,11.8,2.4,0.0,0.0,0,0,,,2026-04-14 14:45:00
848,,LOT-20260410-001,,,,Frijol,Peruano,1742,cam2_20260414_085958.jpg,ambient,1744,cam2_20260414_090000.jpg,,2,24.2,57,100,708,0,15,0.0,,,,5,11.8,2.4,0.0,0.0,0,0,,,2026-04-14 15:00:00
850,,LOT-20260410-001,,,,Frijol,Peruano,1746,cam2_20260414_091458.jpg,ambient,1748,cam2_20260414_091500.jpg,,2,24.3,54,100,708,0,15,0.0,,,,5,11.8,2.4,0.0,0.0,0,0,,,2026-04-14 15:15:00
852,,LOT-20260410-001,,,,Frijol,Peruano,1751,cam2_20260414_092958.jpg,ambient,1752,cam2_20260414_093000.jpg,,2,24.3,56,100,708,0,15,0.0,,,,5,11.8,2.4,0.0,0.0,0,0,,,2026-04-14 15:30:00
854,,LOT-20260410-001,,,,Frijol,Peruano,1754,cam2_20260414_094458.jpg,ambient,1756,cam2_20260414_094500.jpg,,2,24.4,56,100,708,0,15,0.0,,,,5,11.8,2.4,0.0,0.0,0,0,,,2026-04-14 15:45:00
857,,LOT-20260410-001,,,,Frijol,Peruano,1758,cam2_20260414_095958.jpg,ambient,1761,cam2_20260414_100000.jpg,,2,24.5,57,100,709,0,15,0.0,,,,5,12.1,2.4,0.0,0.0,0,0,,,2026-04-14 16:00:00
858,,LOT-20260410-001,,,,Frijol,Peruano,1762,cam2_20260414_101458.jpg,ambient,1764,cam2_20260414_101500.jpg,,2,25.1,58,100,724,0,15,0.0,,,,5,12.3,2.5,0.0,0.0,0,0,,,2026-04-14 16:15:00
861,,LOT-20260410-001,,,,Frijol,Peruano,1766,cam2_20260414_102958.jpg,ambient,1769,cam2_20260414_103000.jpg,,2,25.3,53,100,739,0,15,0.0,,,,5,12.6,2.5,0.0,0.0,0,0,,,2026-04-14 16:30:00
863,,LOT-20260410-001,,,,Frijol,Peruano,1770,cam2_20260414_104458.jpg,ambient,1773,cam2_20260414_104500.jpg,,2,25.6,52,100,754,0,15,0.0,,,,5,12.8,2.6,0.0,0.0,0,0,,,2026-04-14 16:45:00
865,,LOT-20260410-001,,,,Frijol,Peruano,1774,cam2_20260414_105958.jpg,ambient,1777,cam2_20260414_110000.jpg,,2,25.8,52,100,769,0,15,0.0,,,,5,13.1,2.6,0.0,0.0,0,0,,,2026-04-14 17:00:00
867,,LOT-20260410-001,,,,Frijol,Peruano,1778,cam2_20260414_111458.jpg,ambient,1781,cam2_20260414_111500.jpg,,2,26,51,100,784,0,15,0.0,,,,5,13.3,2.7,0.0,0.0,0,0,,,2026-04-14 17:15:00
868,,LOT-20260410-001,,,,Frijol,Peruano,1782,cam2_20260414_112958.jpg,ambient,1784,cam2_20260414_113000.jpg,,2,26.1,48,100,799,0,15,0.0,,,,5,13.6,2.7,0.0,0.0,0,0,,,2026-04-14 17:30:00
871,,LOT-20260410-001,,,,Frijol,Peruano,1786,cam2_20260414_114458.jpg,ambient,1789,cam2_20260414_114500.jpg,,2,26.2,47,100,814,0,15,0.0,,,,5,13.8,2.8,0.0,0.0,0,0,,,2026-04-14 17:45:00
872,,LOT-20260410-001,,,,Frijol,Peruano,1790,cam2_20260414_115958.jpg,ambient,1792,cam2_20260414_120000.jpg,,2,26.2,46,100,828,0,15,0.0,,,,5,13.8,2.8,0.0,0.0,0,0,,,2026-04-14 18:00:00
874,,LOT-20260410-001,,,,Frijol,Peruano,1794,cam2_20260414_121458.jpg,ambient,1796,cam2_20260414_121500.jpg,,2,25.8,46,100,828,0,15,0.0,,,,5,13.8,2.8,0.0,0.0,0,0,,,2026-04-14 18:15:00
876,,LOT-20260410-001,,,,Frijol,Peruano,1798,cam2_20260414_122958.jpg,ambient,1800,cam2_20260414_123000.jpg,,2,25.7,52,100,828,0,15,0.0,,,,5,13.8,2.8,0.0,0.0,0,0,,,2026-04-14 18:30:00
879,,LOT-20260410-001,,,,Frijol,Peruano,1803,cam2_20260414_124458.jpg,ambient,1804,cam2_20260414_124500.jpg,,2,25.7,55,100,829,0,15,0.0,,,,5,13.8,2.8,0.0,0.0,0,0,,,2026-04-14 18:45:00
880,,LOT-20260410-001,,,,Frijol,Peruano,1806,cam2_20260414_125958.jpg,ambient,1808,cam2_20260414_130000.jpg,,2,25.7,53,100,829,0,15,0.0,,,,5,13.8,2.8,0.0,0.0,0,0,,,2026-04-14 19:00:00
882,,LOT-20260410-001,,,,Frijol,Peruano,1810,cam2_20260414_131458.jpg,ambient,1812,cam2_20260414_131500.jpg,,2,25.7,55,100,829,0,15,0.0,,,,5,13.8,2.8,0.0,0.0,0,0,,,2026-04-14 19:15:00
884,,LOT-20260410-001,,,,Frijol,Peruano,1814,cam2_20260414_132958.jpg,ambient,1816,cam2_20260414_133000.jpg,,2,25.7,58,100,829,0,15,0.0,,,,5,13.8,2.8,0.0,0.0,0,0,,,2026-04-14 19:30:00
886,,LOT-20260410-001,,,,Frijol,Peruano,1818,cam2_20260414_134458.jpg,ambient,1820,cam2_20260414_134500.jpg,,2,25.7,53,100,829,0,15,0.0,,,,5,13.8,2.8,0.0,0.0,0,0,,,2026-04-14 19:45:00
888,,LOT-20260410-001,,,,Frijol,Peruano,1822,cam2_20260414_135958.jpg,ambient,1824,cam2_20260414_140000.jpg,,2,25.7,53,100,829,0,15,0.0,,,,5,13.8,2.8,0.0,0.0,0,0,,,2026-04-14 20:00:00
890,,LOT-20260410-001,,,,Frijol,Peruano,1827,cam2_20260414_141458.jpg,ambient,1828,cam2_20260414_141500.jpg,,2,25.7,51,100,829,0,15,0.0,,,,5,13.8,2.8,0.0,0.0,0,0,,,2026-04-14 20:15:00
893,,LOT-20260410-001,,,,Frijol,Peruano,1830,cam2_20260414_142958.jpg,ambient,1833,cam2_20260414_143000.jpg,,2,25.7,52,100,829,0,15,0.0,,,,5,13.8,2.8,0.0,0.0,0,0,,,2026-04-14 20:30:01
894,,LOT-20260410-001,,,,Frijol,Peruano,1834,cam2_20260414_144458.jpg,ambient,1836,cam2_20260414_144500.jpg,,2,25.7,46,100,829,0,15,0.0,,,,5,13.8,2.8,0.0,0.0,0,0,,,2026-04-14 20:45:00
897,,LOT-20260410-001,,,,Frijol,Peruano,1838,cam2_20260414_145958.jpg,ambient,1841,cam2_20260414_150000.jpg,,2,25.7,48,100,829,0,15,0.0,,,,5,13.8,2.8,0.0,0.0,0,0,,,2026-04-14 21:00:01
899,,LOT-20260410-001,,,,Frijol,Peruano,1842,cam2_20260414_151458.jpg,ambient,1845,cam2_20260414_151500.jpg,,2,25.8,56,100,829,0,15,0.0,,,,5,13.8,2.8,0.0,0.0,0,0,,,2026-04-14 21:15:01
900,,LOT-20260410-001,,,,Frijol,Peruano,1846,cam2_20260414_152958.jpg,ambient,1848,cam2_20260414_153000.jpg,,2,25.8,56,100,829,0,15,0.0,,,,5,13.8,2.8,0.0,0.0,0,0,,,2026-04-14 21:30:01
902,,LOT-20260410-001,,,,Frijol,Peruano,1850,cam2_20260414_154458.jpg,ambient,1852,cam2_20260414_154500.jpg,,2,25.8,47,100,829,0,15,0.0,,,,5,13.8,2.8,0.0,0.0,0,0,,,2026-04-14 21:45:01
904,,LOT-20260410-001,,,,Frijol,Peruano,1854,cam2_20260414_155958.jpg,ambient,1856,cam2_20260414_160000.jpg,,2,25.8,55,100,829,0,15,0.0,,,,5,13.8,2.8,0.0,0.0,0,0,,,2026-04-14 22:00:01
907,,LOT-20260410-001,,,,Frijol,Peruano,1858,cam2_20260414_161458.jpg,ambient,1861,cam2_20260414_161500.jpg,,2,26.1,52,100,834,0,15,0.0,,,,5,14.2,2.8,0.0,0.0,0,0,,,2026-04-14 22:15:01
908,,LOT-20260410-001,,,,Frijol,Peruano,1862,cam2_20260414_162958.jpg,ambient,1864,cam2_20260414_163001.jpg,,2,26.5,44,100,849,0,15,0.0,,,,5,14.4,2.9,0.0,0.0,0,0,,,2026-04-14 22:30:01
910,,LOT-20260410-001,,,,Frijol,Peruano,1866,cam2_20260414_164458.jpg,ambient,1868,cam2_20260414_164500.jpg,,2,26.7,44,100,864,0,15,0.0,,,,5,14.7,2.9,0.0,0.0,0,0,,,2026-04-14 22:45:01
912,,LOT-20260410-001,,,,Frijol,Peruano,1870,cam2_20260414_165958.jpg,ambient,1872,cam2_20260414_170000.jpg,,2,26.9,45,100,879,0,15,0.0,,,,5,14.9,3.0,0.0,0.0,0,0,,,2026-04-14 23:00:01
914,,LOT-20260410-001,,,,Frijol,Peruano,1874,cam2_20260414_171458.jpg,ambient,1876,cam2_20260414_171500.jpg,,2,26.9,46,100,894,0,15,0.0,,,,5,15.2,3.0,0.0,0.0,0,0,,,2026-04-14 23:15:01
916,,LOT-20260410-001,,,,Frijol,Peruano,1878,cam2_20260414_172958.jpg,ambient,1881,cam2_20260414_173000.jpg,,2,27,43,100,909,0,15,0.0,,,,5,15.4,3.1,0.0,0.0,0,0,,,2026-04-14 23:30:01
918,,LOT-20260410-001,,,,Frijol,Peruano,1882,cam2_20260414_174458.jpg,ambient,1884,cam2_20260414_174500.jpg,,2,26.9,45,100,924,0,15,0.0,,,,5,15.7,3.1,0.0,0.0,0,0,,,2026-04-14 23:45:01
920,,LOT-20260410-001,,,,Frijol,Peruano,1886,cam2_20260414_175958.jpg,ambient,1888,cam2_20260414_180000.jpg,,2,26.9,45,100,939,1,15,15.0,,,,5,15.8,3.2,0.0,0.0,0,0,,,2026-04-15 00:00:01
922,,LOT-20260410-001,,,,Frijol,Peruano,1890,cam2_20260414_181458.jpg,ambient,1892,cam2_20260414_181500.jpg,,2,26.8,41,100,951,0,15,0.0,,,,5,15.8,3.2,0.0,0.0,0,0,,,2026-04-15 00:15:01
924,,LOT-20260410-001,,,,Frijol,Peruano,1894,cam2_20260414_182958.jpg,ambient,1896,cam2_20260414_183000.jpg,,2,26.4,47,100,951,0,15,0.0,,,,5,15.8,3.2,0.0,0.0,0,0,,,2026-04-15 00:30:01
926,,LOT-20260410-001,,,,Frijol,Peruano,1899,cam2_20260414_184458.jpg,ambient,1900,cam2_20260414_184501.jpg,,2,26.2,48,100,951,0,15,0.0,,,,5,15.8,3.2,0.0,0.0,0,0,,,2026-04-15 00:45:01
928,,LOT-20260410-001,,,,Frijol,Peruano,1902,cam2_20260414_185958.jpg,ambient,1904,cam2_20260414_190001.jpg,,2,26.1,48,100,951,0,15,0.0,,,,5,15.8,3.2,0.0,0.0,0,0,,,2026-04-15 01:00:01
931,,LOT-20260410-001,,,,Frijol,Peruano,1906,cam2_20260414_191458.jpg,ambient,1909,cam2_20260414_191501.jpg,,2,25.9,49,100,951,0,15,0.0,,,,5,15.8,3.2,0.0,0.0,0,0,,,2026-04-15 01:15:01
932,,LOT-20260410-001,,,,Frijol,Peruano,1910,cam2_20260414_192958.jpg,ambient,1912,cam2_20260414_193001.jpg,,2,25.8,46,100,951,0,15,0.0,,,,5,15.8,3.2,0.0,0.0,0,0,,,2026-04-15 01:30:01
934,,LOT-20260410-001,,,,Frijol,Peruano,1914,cam2_20260414_194458.jpg,ambient,1916,cam2_20260414_194501.jpg,,2,25.8,49,100,951,0,15,0.0,,,,5,15.8,3.2,0.0,0.0,0,0,,,2026-04-15 01:45:01
936,,LOT-20260410-001,,,,Frijol,Peruano,1918,cam2_20260414_195958.jpg,ambient,1920,cam2_20260414_200001.jpg,,2,25.7,48,100,951,0,15,0.0,,,,5,15.8,3.2,0.0,0.0,0,0,,,2026-04-15 02:00:01
938,,LOT-20260410-001,,,,Frijol,Peruano,1922,cam2_20260414_201458.jpg,ambient,1925,cam2_20260414_201501.jpg,,2,25.7,52,100,951,0,15,0.0,,,,5,15.8,3.2,0.0,0.0,0,0,,,2026-04-15 02:15:01
941,,LOT-20260410-001,,,,Frijol,Peruano,1926,cam2_20260414_202958.jpg,ambient,1929,cam2_20260414_203001.jpg,,2,25.7,55,100,951,0,15,0.0,,,,5,15.8,3.2,0.0,0.0,0,0,,,2026-04-15 02:30:01
942,,LOT-20260410-001,,,,Frijol,Peruano,1930,cam2_20260414_204458.jpg,ambient,1933,cam2_20260414_204501.jpg,,2,25.7,59,100,951,0,15,0.0,,,,5,15.8,3.2,0.0,0.0,0,0,,,2026-04-15 02:45:01
944,,LOT-20260410-001,,,,Frijol,Peruano,1934,cam2_20260414_205959.jpg,ambient,1936,cam2_20260414_210001.jpg,,2,25.7,58,100,951,0,15,0.0,,,,5,15.8,3.2,0.0,0.0,0,0,,,2026-04-15 03:00:01
946,,LOT-20260410-001,,,,Frijol,Peruano,1938,cam2_20260414_211459.jpg,ambient,1940,cam2_20260414_211501.jpg,,2,25.7,51,100,953,0,15,0.0,,,,5,15.9,3.2,0.0,0.0,0,0,,,2026-04-15 03:15:01
948,,LOT-20260410-001,,,,Frijol,Peruano,1942,cam2_20260414_212959.jpg,ambient,1944,cam2_20260414_213001.jpg,,2,25.6,52,100,953,0,15,0.0,,,,5,15.9,3.2,0.0,0.0,0,0,,,2026-04-15 03:30:01
950,,LOT-20260410-001,,,,Frijol,Peruano,1946,cam2_20260414_214459.jpg,ambient,1948,cam2_20260414_214501.jpg,,2,25.6,51,100,953,0,15,0.0,,,,5,15.9,3.2,0.0,0.0,0,0,,,2026-04-15 03:45:01
952,,LOT-20260410-001,,,,Frijol,Peruano,1951,cam2_20260414_215958.jpg,ambient,1952,cam2_20260414_220001.jpg,,2,25.6,55,100,953,0,15,0.0,,,,5,15.9,3.2,0.0,0.0,0,0,,,2026-04-15 04:00:01
954,,LOT-20260410-001,,,,Frijol,Peruano,1954,cam2_20260414_221459.jpg,ambient,1956,cam2_20260414_221501.jpg,,2,25.5,49,100,953,0,15,0.0,,,,5,15.9,3.2,0.0,0.0,0,0,,,2026-04-15 04:15:01
956,,LOT-20260410-001,,,,Frijol,Peruano,1958,cam2_20260414_222920.jpg,ambient,1959,cam2_20260414_222922.jpg,,2,25.5,52,100,953,0,15,0.0,,,,5,15.9,3.2,0.0,0.0,0,0,,,2026-04-15 04:29:22
957,,LOT-20260410-001,,,,Frijol,Peruano,1960,cam2_20260414_222956.jpg,ambient,1961,cam2_20260414_222958.jpg,,2,25.5,50,100,954,0,15,0.0,,,,5,15.9,3.2,0.0,0.0,0,0,,,2026-04-15 04:29:58
960,,LOT-20260410-001,,,,Frijol,Peruano,1966,cam2_20260414_223006.jpg,ambient,1967,cam2_20260414_223008.jpg,,2,25.5,50,100,954,0,15,0.0,,,,5,16.0,3.2,0.0,0.0,0,0,,,2026-04-15 04:30:08
961,,LOT-20260410-001,,,,Frijol,Peruano,1968,cam2_20260414_224516.jpg,ambient,1970,cam2_20260414_224518.jpg,,2,26.1,51,100,969,0,15,0.0,,,,5,16.4,3.3,0.0,0.0,0,0,,,2026-04-15 04:45:18
963,,LOT-20260410-001,,,,Frijol,Peruano,1972,cam2_20260414_230016.jpg,ambient,1974,cam2_20260414_230018.jpg,,2,26.3,48,100,984,0,15,0.0,,,,5,16.6,3.3,0.0,0.0,0,0,,,2026-04-15 05:00:18
965,,LOT-20260410-001,,,,Frijol,Peruano,1976,cam2_20260414_231516.jpg,ambient,1978,cam2_20260414_231518.jpg,,2,26.4,47,100,999,0,15,0.0,,,,5,16.9,3.4,0.0,0.0,0,0,,,2026-04-15 05:15:18
967,,LOT-20260410-001,,,,Frijol,Peruano,1980,cam2_20260414_233016.jpg,ambient,1982,cam2_20260414_233018.jpg,,2,26.5,46,100,1014,0,15,0.0,,,,5,17.1,3.4,0.0,0.0,0,0,,,2026-04-15 05:30:18
970,,LOT-20260410-001,,,,Frijol,Peruano,1985,cam2_20260414_234516.jpg,ambient,1987,cam2_20260414_234519.jpg,,2,26.6,45,100,1029,0,15,0.0,,,,5,17.4,3.5,0.0,0.0,0,0,,,2026-04-15 05:45:19
971,,LOT-20260410-001,,,,Frijol,Peruano,1989,cam2_20260415_000016.jpg,ambient,1990,cam2_20260415_000019.jpg,,2,26.6,45,100,1044,0,15,0.0,,,,5,17.6,3.5,0.0,0.0,0,0,,,2026-04-15 06:00:19
973,,LOT-20260410-001,,,,Frijol,Peruano,1992,cam2_20260415_001516.jpg,ambient,1994,cam2_20260415_001519.jpg,,2,26.5,45,100,1059,0,15,0.0,,,,5,17.9,3.6,0.0,0.0,0,0,,,2026-04-15 06:15:19
976,,LOT-20260410-001,,,,Frijol,Peruano,1996,cam2_20260415_003016.jpg,ambient,1998,cam2_20260415_003019.jpg,,2,26.7,47,100,1074,0,15,0.0,,,,5,18.0,3.6,0.0,0.0,0,0,,,2026-04-15 06:30:19
978,,LOT-20260410-001,,,,Frijol,Peruano,2000,cam2_20260415_004516.jpg,ambient,2003,cam2_20260415_004518.jpg,,2,26.4,48,100,1082,0,15,0.0,,,,5,18.0,3.6,0.0,0.0,0,0,,,2026-04-15 06:45:19
979,,LOT-20260410-001,,,,Frijol,Peruano,2004,cam2_20260415_010016.jpg,ambient,2007,cam2_20260415_010019.jpg,,2,26.1,48,100,1082,0,15,0.0,,,,5,18.0,3.6,0.0,0.0,0,0,,,2026-04-15 07:00:19
981,,LOT-20260410-001,,,,Frijol,Peruano,2008,cam2_20260415_011516.jpg,ambient,2010,cam2_20260415_011519.jpg,,2,25.8,49,100,1082,0,15,0.0,,,,5,18.0,3.6,0.0,0.0,0,0,,,2026-04-15 07:15:19
983,,LOT-20260410-001,,,,Frijol,Peruano,2012,cam2_20260415_013016.jpg,ambient,2014,cam2_20260415_013019.jpg,,2,25.8,50,100,1082,0,15,0.0,,,,5,18.0,3.6,0.0,0.0,0,0,,,2026-04-15 07:30:19
986,,LOT-20260410-001,,,,Frijol,Peruano,2016,cam2_20260415_014516.jpg,ambient,2019,cam2_20260415_014519.jpg,,2,25.7,50,100,1082,0,15,0.0,,,,5,18.0,3.6,0.0,0.0,0,0,,,2026-04-15 07:45:19
987,,LOT-20260410-001,,,,Frijol,Peruano,2020,cam2_20260415_020016.jpg,ambient,2022,cam2_20260415_020019.jpg,,2,25.6,51,100,1082,0,15,0.0,,,,5,18.0,3.6,0.0,0.0,0,0,,,2026-04-15 08:00:19
990,,LOT-20260410-001,,,,Frijol,Peruano,2024,cam2_20260415_021516.jpg,ambient,2026,cam2_20260415_021519.jpg,,2,25.6,53,100,1082,0,15,0.0,,,,5,18.0,3.6,0.0,0.0,0,0,,,2026-04-15 08:15:19
991,,LOT-20260410-001,,,,Frijol,Peruano,2029,cam2_20260415_023016.jpg,ambient,2030,cam2_20260415_023018.jpg,,2,25.5,55,100,1082,0,15,0.0,,,,6,18.0,3.0,0.0,0.0,0,0,,,2026-04-15 08:30:19
993,,LOT-20260410-001,,,,Frijol,Peruano,2032,cam2_20260415_024516.jpg,ambient,2034,cam2_20260415_024518.jpg,,2,25.5,55,100,1082,0,15,0.0,,,,6,18.0,3.0,0.0,0.0,0,0,,,2026-04-15 08:45:19
995,,LOT-20260410-001,,,,Frijol,Peruano,2036,cam2_20260415_030016.jpg,ambient,2038,cam2_20260415_030018.jpg,,2,25.5,56,100,1082,0,15,0.0,,,,6,18.0,3.0,0.0,0.0,0,0,,,2026-04-15 09:00:19
998,,LOT-20260410-001,,,,Frijol,Peruano,2040,cam2_20260415_031516.jpg,ambient,2043,cam2_20260415_031518.jpg,,2,25.4,55,100,1082,0,15,0.0,,,,6,18.0,3.0,0.0,0.0,0,0,,,2026-04-15 09:15:19
1000,,LOT-20260410-001,,,,Frijol,Peruano,2044,cam2_20260415_033016.jpg,ambient,2047,cam2_20260415_033019.jpg,,2,25.4,53,100,1082,0,15,0.0,,,,6,18.0,3.0,0.0,0.0,0,0,,,2026-04-15 09:30:19
1001,,LOT-20260410-001,,,,Frijol,Peruano,2048,cam2_20260415_034516.jpg,ambient,2050,cam2_20260415_034518.jpg,,2,25.4,54,100,1082,0,15,0.0,,,,6,18.0,3.0,0.0,0.0,0,0,,,2026-04-15 09:45:19
1003,,LOT-20260410-001,,,,Frijol,Peruano,2052,cam2_20260415_040016.jpg,ambient,2055,cam2_20260415_040019.jpg,,2,25.4,54,100,1082,0,15,0.0,,,,6,18.0,3.0,0.0,0.0,0,0,,,2026-04-15 10:00:19
1005,,LOT-20260410-001,,,,Frijol,Peruano,2056,cam2_20260415_041516.jpg,ambient,2059,cam2_20260415_041519.jpg,,2,25.4,56,100,1082,0,15,0.0,,,,6,18.0,3.0,0.0,0.0,0,0,,,2026-04-15 10:15:19
1007,,LOT-20260410-001,,,,Frijol,Peruano,2060,cam2_20260415_043016.jpg,ambient,2062,cam2_20260415_043019.jpg,,2,25.4,56,100,1082,0,15,0.0,,,,6,18.0,3.0,0.0,0.0,0,0,,,2026-04-15 10:30:19
1010,,LOT-20260410-001,,,,Frijol,Peruano,2064,cam2_20260415_044516.jpg,ambient,2067,cam2_20260415_044519.jpg,,2,25.3,56,100,1082,0,15,0.0,,,,6,18.0,3.0,0.0,0.0,0,0,,,2026-04-15 10:45:19
1011,,LOT-20260410-001,,,,Frijol,Peruano,2068,cam2_20260415_050016.jpg,ambient,2070,cam2_20260415_050018.jpg,,2,25.3,56,100,1082,0,15,0.0,,,,6,18.0,3.0,0.0,0.0,0,0,,,2026-04-15 11:00:19
1014,,LOT-20260410-001,,,,Frijol,Peruano,2073,cam2_20260415_051516.jpg,ambient,2075,cam2_20260415_051519.jpg,,2,25.3,56,100,1083,0,15,0.0,,,,6,18.1,3.0,0.0,0.0,0,0,,,2026-04-15 11:15:19
1015,,LOT-20260410-001,,,,Frijol,Peruano,2076,cam2_20260415_053016.jpg,ambient,2078,cam2_20260415_053019.jpg,,2,25.2,57,100,1083,0,15,0.0,,,,6,18.1,3.0,0.0,0.0,0,0,,,2026-04-15 11:30:19
1018,,LOT-20260410-001,,,,Frijol,Peruano,2081,cam2_20260415_054516.jpg,ambient,2083,cam2_20260415_054519.jpg,,2,25.2,56,100,1083,0,15,0.0,,,,6,18.1,3.0,0.0,0.0,0,0,,,2026-04-15 11:45:20
1019,,LOT-20260410-001,,,,Frijol,Peruano,2084,cam2_20260415_060016.jpg,ambient,2086,cam2_20260415_060019.jpg,,2,25.2,56,100,1083,0,15,0.0,,,,6,18.1,3.0,0.0,0.0,0,0,,,2026-04-15 12:00:19
1022,,LOT-20260410-001,,,,Frijol,Peruano,2088,cam2_20260415_061516.jpg,ambient,2091,cam2_20260415_061519.jpg,,2,25.2,57,100,1083,0,15,0.0,,,,6,18.1,3.0,0.0,0.0,0,0,,,2026-04-15 12:15:19
1023,,LOT-20260410-001,,,,Frijol,Peruano,2092,cam2_20260415_063016.jpg,ambient,2094,cam2_20260415_063019.jpg,,2,25.1,56,100,1083,0,15,0.0,,,,6,18.1,3.0,0.0,0.0,0,0,,,2026-04-15 12:30:19
1025,,LOT-20260410-001,,,,Frijol,Peruano,2096,cam2_20260415_064516.jpg,ambient,2099,cam2_20260415_064519.jpg,,2,25.1,56,100,1083,0,15,0.0,,,,6,18.1,3.0,0.0,0.0,0,0,,,2026-04-15 12:45:19
1028,,LOT-20260410-001,,,,Frijol,Peruano,2100,cam2_20260415_070016.jpg,ambient,2103,cam2_20260415_070019.jpg,,2,25.1,56,100,1083,0,15,0.0,,,,6,18.1,3.0,0.0,0.0,0,0,,,2026-04-15 13:00:19
1029,,LOT-20260410-001,,,,Frijol,Peruano,2104,cam2_20260415_071516.jpg,ambient,2106,cam2_20260415_071519.jpg,,2,24.9,55,100,1083,0,15,0.0,,,,6,18.1,3.0,0.0,0.0,0,0,,,2026-04-15 13:15:19
1031,,LOT-20260410-001,,,,Frijol,Peruano,2108,cam2_20260415_073016.jpg,ambient,2110,cam2_20260415_073019.jpg,,2,24.7,55,100,1083,0,15,0.0,,,,6,18.1,3.0,0.0,0.0,0,0,,,2026-04-15 13:30:19
1033,,LOT-20260410-001,,,,Frijol,Peruano,2112,cam2_20260415_074516.jpg,ambient,2114,cam2_20260415_074519.jpg,,2,24.7,55,100,1083,0,15,0.0,,,,6,18.1,3.0,0.0,0.0,0,0,,,2026-04-15 13:45:19
1035,,LOT-20260410-001,,,,Frijol,Peruano,2116,cam2_20260415_080017.jpg,ambient,2118,cam2_20260415_080019.jpg,,2,24.7,57,100,1083,0,15,0.0,,,,6,18.1,3.0,0.0,0.0,0,0,,,2026-04-15 14:00:19
1038,,LOT-20260410-001,,,,Frijol,Peruano,2120,cam2_20260415_081517.jpg,ambient,2123,cam2_20260415_081519.jpg,,2,24.8,55,100,1083,0,15,0.0,,,,6,18.1,3.0,0.0,0.0,0,0,,,2026-04-15 14:15:19
1039,,LOT-20260410-001,,,,Frijol,Peruano,2124,cam2_20260415_083017.jpg,ambient,2126,cam2_20260415_083019.jpg,,2,24.9,57,100,1083,0,15,0.0,,,,6,18.1,3.0,0.0,0.0,0,0,,,2026-04-15 14:30:19
1042,,LOT-20260410-001,,,,Frijol,Peruano,2128,cam2_20260415_084517.jpg,ambient,2131,cam2_20260415_084519.jpg,,2,25.2,55,100,1091,0,15,0.0,,,,6,18.4,3.1,0.0,0.0,0,0,,,2026-04-15 14:45:19
1043,,LOT-20260410-001,,,,Frijol,Peruano,2132,cam2_20260415_090017.jpg,ambient,2134,cam2_20260415_090019.jpg,,2,25.6,52,100,1106,0,15,0.0,,,,6,18.7,3.1,0.0,0.0,0,0,,,2026-04-15 15:00:19
1045,,LOT-20260410-001,,,,Frijol,Peruano,2136,cam2_20260415_091517.jpg,ambient,2138,cam2_20260415_091519.jpg,,2,25.8,47,100,1121,0,15,0.0,,,,6,18.9,3.2,0.0,0.0,0,0,,,2026-04-15 15:15:19
1048,,LOT-20260410-001,,,,Frijol,Peruano,2140,cam2_20260415_093017.jpg,ambient,2142,cam2_20260415_093019.jpg,,2,26,45,100,1136,0,15,0.0,,,,6,19.2,3.2,0.0,0.0,0,0,,,2026-04-15 15:30:20
1049,,LOT-20260410-001,,,,Frijol,Peruano,2144,cam2_20260415_094517.jpg,ambient,2146,cam2_20260415_094519.jpg,,2,26.1,44,100,1151,0,15,0.0,,,,6,19.4,3.2,0.0,0.0,0,0,,,2026-04-15 15:45:20
1052,,LOT-20260410-001,,,,Frijol,Peruano,2148,cam2_20260415_100017.jpg,ambient,2151,cam2_20260415_100019.jpg,,2,26.3,46,100,1166,0,15,0.0,,,,6,19.7,3.3,0.0,0.0,0,0,,,2026-04-15 16:00:20
1054,,LOT-20260410-001,,,,Frijol,Peruano,2152,cam2_20260415_101517.jpg,ambient,2155,cam2_20260415_101519.jpg,,2,26.5,45,100,1181,0,15,0.0,,,,6,19.9,3.3,0.0,0.0,0,0,,,2026-04-15 16:15:20
1055,,LOT-20260410-001,,,,Frijol,Peruano,2156,cam2_20260415_103017.jpg,ambient,2158,cam2_20260415_103019.jpg,,2,26.6,44,100,1196,0,15,0.0,,,,6,20.2,3.4,0.0,0.0,0,0,,,2026-04-15 16:30:20
1058,,LOT-20260410-001,,,,Frijol,Peruano,2160,cam2_20260415_104517.jpg,ambient,2163,cam2_20260415_104519.jpg,,2,26.6,41,100,1211,0,15,0.0,,,,6,20.4,3.4,0.0,0.0,0,0,,,2026-04-15 16:45:20
1059,,LOT-20260410-001,,,,Frijol,Peruano,2164,cam2_20260415_110017.jpg,ambient,2166,cam2_20260415_110020.jpg,,2,26.7,42,100,1226,0,15,0.0,,,,6,20.7,3.4,0.0,0.0,0,0,,,2026-04-15 17:00:20
1061,,LOT-20260410-001,,,,Frijol,Peruano,2169,cam2_20260415_111517.jpg,ambient,2170,cam2_20260415_111519.jpg,,2,26.8,43,100,1241,0,15,0.0,,,,6,20.9,3.5,0.0,0.0,0,0,,,2026-04-15 17:15:20
1064,,LOT-20260410-001,,,,Frijol,Peruano,2172,cam2_20260415_113017.jpg,ambient,2175,cam2_20260415_113020.jpg,,2,26.9,43,100,1256,0,15,0.0,,,,6,21.1,3.5,0.0,0.0,0,0,,,2026-04-15 17:30:20
1065,,LOT-20260410-001,,,,Frijol,Peruano,2176,cam2_20260415_114517.jpg,ambient,2178,cam2_20260415_114520.jpg,,2,26.7,42,100,1263,0,15,0.0,,,,6,21.1,3.5,0.0,0.0,0,0,,,2026-04-15 17:45:20
1067,,LOT-20260410-001,,,,Frijol,Peruano,2180,cam2_20260415_120017.jpg,ambient,2182,cam2_20260415_120020.jpg,,2,26.5,44,100,1263,0,15,0.0,,,,6,21.1,3.5,0.0,0.0,0,0,,,2026-04-15 18:00:20
1069,,LOT-20260410-001,,,,Frijol,Peruano,2184,cam2_20260415_121518.jpg,ambient,2186,cam2_20260415_121520.jpg,,2,26.3,45,100,1263,0,15,0.0,,,,6,21.1,3.5,0.0,0.0,0,0,,,2026-04-15 18:15:20
1072,,LOT-20260410-001,,,,Frijol,Peruano,2188,cam2_20260415_123018.jpg,ambient,2191,cam2_20260415_123020.jpg,,2,26.2,44,100,1263,0,15,0.0,,,,6,21.1,3.5,0.0,0.0,0,0,,,2026-04-15 18:30:20
1073,,LOT-20260410-001,,,,Frijol,Peruano,2192,cam2_20260415_124518.jpg,ambient,2194,cam2_20260415_124520.jpg,,2,26.2,48,100,1263,0,15,0.0,,,,6,21.1,3.5,0.0,0.0,0,0,,,2026-04-15 18:45:20
1075,,LOT-20260410-001,,,,Frijol,Peruano,2196,cam2_20260415_130018.jpg,ambient,2198,cam2_20260415_130020.jpg,,2,26.2,50,100,1263,0,15,0.0,,,,6,21.1,3.5,0.0,0.0,0,0,,,2026-04-15 19:00:20
1077,,LOT-20260410-001,,,,Frijol,Peruano,2200,cam2_20260415_131518.jpg,ambient,2202,cam2_20260415_131520.jpg,,2,26.2,50,100,1263,0,15,0.0,,,,6,21.1,3.5,0.0,0.0,0,0,,,2026-04-15 19:15:20
1079,,LOT-20260410-001,,,,Frijol,Peruano,2204,cam2_20260415_133018.jpg,ambient,2206,cam2_20260415_133020.jpg,,2,26.2,47,100,1263,0,15,0.0,,,,6,21.1,3.5,0.0,0.0,0,0,,,2026-04-15 19:30:20
1081,,LOT-20260410-001,,,,Frijol,Peruano,2208,cam2_20260415_134518.jpg,ambient,2210,cam2_20260415_134520.jpg,,2,26.3,45,100,1263,0,15,0.0,,,,6,21.1,3.5,0.0,0.0,0,0,,,2026-04-15 19:45:20
1083,,LOT-20260410-001,,,,Frijol,Peruano,2212,cam2_20260415_140018.jpg,ambient,2214,cam2_20260415_140020.jpg,,2,26.3,41,100,1264,0,15,0.0,,,,6,21.1,3.5,0.0,0.0,0,0,,,2026-04-15 20:00:20
1085,,LOT-20260410-001,,,,Frijol,Peruano,2216,cam2_20260415_141518.jpg,ambient,2218,cam2_20260415_141520.jpg,,2,26.4,51,100,1264,0,15,0.0,,,,6,21.1,3.5,0.0,0.0,0,0,,,2026-04-15 20:15:20
1088,,LOT-20260410-001,,,,Frijol,Peruano,2221,cam2_20260415_143018.jpg,ambient,2223,cam2_20260415_143020.jpg,,2,26.6,42,100,1269,0,15,0.0,,,,6,21.4,3.6,0.0,0.0,0,0,,,2026-04-15 20:30:20
1089,,LOT-20260410-001,,,,Frijol,Peruano,2224,cam2_20260415_144518.jpg,ambient,2226,cam2_20260415_144520.jpg,,2,27,46,100,1284,0,15,0.0,,,,6,21.6,3.6,0.0,0.0,0,0,,,2026-04-15 20:45:20
1092,,LOT-20260410-001,,,,Frijol,Peruano,2228,cam2_20260415_150018.jpg,ambient,2230,cam2_20260415_150020.jpg,,2,27.2,39,100,1299,0,15,0.0,,,,6,21.9,3.6,0.0,0.0,0,0,,,2026-04-15 21:00:20
1094,,LOT-20260410-001,,,,Frijol,Peruano,2232,cam2_20260415_151518.jpg,ambient,2235,cam2_20260415_151520.jpg,,2,27.3,39,100,1314,0,15,0.0,,,,6,22.1,3.7,0.0,0.0,0,0,,,2026-04-15 21:15:20
1095,,LOT-20260410-001,,,,Frijol,Peruano,2237,cam2_20260415_153018.jpg,ambient,2238,cam2_20260415_153020.jpg,,2,27.4,38,100,1329,0,15,0.0,,,,6,22.4,3.7,0.0,0.0,0,0,,,2026-04-15 21:30:20
1098,,LOT-20260410-001,,,,Frijol,Peruano,2240,cam2_20260415_154518.jpg,ambient,2243,cam2_20260415_154520.jpg,,2,27.5,37,100,1344,0,15,0.0,,,,6,22.6,3.8,0.0,0.0,0,0,,,2026-04-15 21:45:20
1100,,LOT-20260410-001,,,,Frijol,Peruano,2244,cam2_20260415_160018.jpg,ambient,2247,cam2_20260415_160020.jpg,,2,27.5,42,100,1359,0,15,0.0,,,,6,22.9,3.8,0.0,0.0,0,0,,,2026-04-15 22:00:20
1101,,LOT-20260410-001,,,,Frijol,Peruano,2248,cam2_20260415_161518.jpg,ambient,2250,cam2_20260415_161520.jpg,,2,27.7,41,100,1374,0,15,0.0,,,,6,23.1,3.8,0.0,0.0,0,0,,,2026-04-15 22:15:20
1103,,LOT-20260410-001,,,,Frijol,Peruano,2252,cam2_20260415_163018.jpg,ambient,2254,cam2_20260415_163020.jpg,,2,27.5,43,100,1384,0,15,0.0,,,,6,23.1,3.8,0.0,0.0,0,0,,,2026-04-15 22:30:20
1105,,LOT-20260410-001,,,,Frijol,Peruano,2256,cam2_20260415_164518.jpg,ambient,2258,cam2_20260415_164520.jpg,,2,27.4,45,100,1384,0,15,0.0,,,,6,23.1,3.8,0.0,0.0,0,0,,,2026-04-15 22:45:20
1107,,LOT-20260410-001,,,,Frijol,Peruano,2260,cam2_20260415_170018.jpg,ambient,2262,cam2_20260415_170020.jpg,,2,27.2,42,100,1384,0,15,0.0,,,,6,23.1,3.8,0.0,0.0,0,0,,,2026-04-15 23:00:21
1109,,LOT-20260410-001,,,,Frijol,Peruano,2264,cam2_20260415_171518.jpg,ambient,2266,cam2_20260415_171520.jpg,,2,27,50,100,1384,0,15,0.0,,,,6,23.1,3.8,0.0,0.0,0,0,,,2026-04-15 23:15:20
1111,,LOT-20260410-001,,,,Frijol,Peruano,2268,cam2_20260415_173018.jpg,ambient,2270,cam2_20260415_173020.jpg,,2,27,47,100,1384,0,15,0.0,,,,6,23.1,3.8,0.0,0.0,0,0,,,2026-04-15 23:30:21
1113,,LOT-20260410-001,,,,Frijol,Peruano,2272,cam2_20260415_174518.jpg,ambient,2274,cam2_20260415_174520.jpg,,2,27,47,100,1384,0,15,0.0,,,,6,23.1,3.8,0.0,0.0,0,0,,,2026-04-15 23:45:21
1115,,LOT-20260410-001,,,,Frijol,Peruano,2276,cam2_20260415_180018.jpg,ambient,2278,cam2_20260415_180020.jpg,,2,26.8,49,100,1384,0,15,0.0,,,,6,23.1,3.8,0.0,0.0,0,0,,,2026-04-16 00:00:21
1117,,LOT-20260410-001,,,,Frijol,Peruano,2280,cam2_20260415_181518.jpg,ambient,2282,cam2_20260415_181520.jpg,,2,26.9,52,100,1384,0,15,0.0,,,,6,23.1,3.8,0.0,0.0,0,0,,,2026-04-16 00:15:21
1119,,LOT-20260410-001,,,,Frijol,Peruano,2284,cam2_20260415_183018.jpg,ambient,2286,cam2_20260415_183020.jpg,,2,26.8,47,100,1384,0,15,0.0,,,,6,23.1,3.8,0.0,0.0,0,0,,,2026-04-16 00:30:21
1121,,LOT-20260410-001,,,,Frijol,Peruano,2288,cam2_20260415_184518.jpg,ambient,2290,cam2_20260415_184520.jpg,,2,26.7,48,100,1384,0,15,0.0,,,,6,23.1,3.8,0.0,0.0,0,0,,,2026-04-16 00:45:21
1123,,LOT-20260410-001,,,,Frijol,Peruano,2292,cam2_20260415_190018.jpg,ambient,2294,cam2_20260415_190020.jpg,,2,26.7,49,100,1384,0,15,0.0,,,,6,23.1,3.8,0.0,0.0,0,0,,,2026-04-16 01:00:21
1125,,LOT-20260410-001,,,,Frijol,Peruano,2296,cam2_20260415_191518.jpg,ambient,2298,cam2_20260415_191520.jpg,,2,26.8,51,100,1386,0,15,0.0,,,,6,23.4,3.9,0.0,0.0,0,0,,,2026-04-16 01:15:21
1127,,LOT-20260410-001,,,,Frijol,Peruano,2300,cam2_20260415_193018.jpg,ambient,2302,cam2_20260415_193020.jpg,,2,27.1,40,100,1401,0,15,0.0,,,,6,23.6,3.9,0.0,0.0,0,0,,,2026-04-16 01:30:21
1130,,LOT-20260410-001,,,,Frijol,Peruano,2304,cam2_20260415_194518.jpg,ambient,2307,cam2_20260415_194521.jpg,,2,27.2,40,100,1414,0,15,0.0,,,,6,23.6,3.9,0.0,0.0,0,0,,,2026-04-16 01:45:21
1131,,LOT-20260410-001,,,,Frijol,Peruano,2308,cam2_20260415_200018.jpg,ambient,2310,cam2_20260415_200020.jpg,,2,26.9,47,100,1414,0,15,0.0,,,,6,23.6,3.9,0.0,0.0,0,0,,,2026-04-16 02:00:21
1133,,LOT-20260410-001,,,,Frijol,Peruano,2312,cam2_20260415_201518.jpg,ambient,2314,cam2_20260415_201521.jpg,,2,26.7,46,100,1414,0,15,0.0,,,,6,23.6,3.9,0.0,0.0,0,0,,,2026-04-16 02:15:21
1135,,LOT-20260410-001,,,,Frijol,Peruano,2316,cam2_20260415_203018.jpg,ambient,2318,cam2_20260415_203021.jpg,,2,26.6,55,100,1414,0,15,0.0,,,,6,23.6,3.9,0.0,0.0,0,0,,,2026-04-16 02:30:21
1137,,LOT-20260410-001,,,,Frijol,Peruano,2320,cam2_20260415_204518.jpg,ambient,2322,cam2_20260415_204520.jpg,,2,26.5,52,100,1414,0,15,0.0,,,,6,23.6,3.9,0.0,0.0,0,0,,,2026-04-16 02:45:21
1139,,LOT-20260410-001,,,,Frijol,Peruano,2324,cam2_20260415_210018.jpg,ambient,2326,cam2_20260415_210020.jpg,,2,26.4,47,100,1414,0,15,0.0,,,,6,23.6,3.9,0.0,0.0,0,0,,,2026-04-16 03:00:21
1142,,LOT-20260410-001,,,,Frijol,Peruano,2328,cam2_20260415_211518.jpg,ambient,2331,cam2_20260415_211521.jpg,,2,26.5,47,100,1415,0,15,0.0,,,,6,23.6,3.9,0.0,0.0,0,0,,,2026-04-16 03:15:21
1144,,LOT-20260410-001,,,,Frijol,Peruano,2332,cam2_20260415_213018.jpg,ambient,2335,cam2_20260415_213021.jpg,,2,26.4,49,100,1415,0,15,0.0,,,,6,23.6,3.9,0.0,0.0,0,0,,,2026-04-16 03:30:21
1146,,LOT-20260410-001,,,,Frijol,Peruano,2336,cam2_20260415_214518.jpg,ambient,2339,cam2_20260415_214521.jpg,,2,26.4,52,100,1415,0,15,0.0,,,,6,23.6,3.9,0.0,0.0,0,0,,,2026-04-16 03:45:21
1147,,LOT-20260410-001,,,,Frijol,Peruano,2340,cam2_20260415_220018.jpg,ambient,2342,cam2_20260415_220021.jpg,,2,26.4,54,100,1415,0,15,0.0,,,,6,23.6,3.9,0.0,0.0,0,0,,,2026-04-16 04:00:21
1149,,LOT-20260410-001,,,,Frijol,Peruano,2344,cam2_20260415_221518.jpg,ambient,2346,cam2_20260415_221521.jpg,,2,26.4,52,100,1415,0,15,0.0,,,,6,23.6,3.9,0.0,0.0,0,0,,,2026-04-16 04:15:21
1151,,LOT-20260410-001,,,,Frijol,Peruano,2348,cam2_20260415_223019.jpg,ambient,2350,cam2_20260415_223021.jpg,,2,26.4,54,100,1415,0,15,0.0,,,,6,23.6,3.9,0.0,0.0,0,0,,,2026-04-16 04:30:21
1153,,LOT-20260410-001,,,,Frijol,Peruano,2352,cam2_20260415_224518.jpg,ambient,2354,cam2_20260415_224521.jpg,,2,26.8,48,100,1429,0,15,0.0,,,,6,24.1,4.0,0.0,0.0,0,0,,,2026-04-16 04:45:21
1156,,LOT-20260410-001,,,,Frijol,Peruano,2356,cam2_20260415_230019.jpg,ambient,2359,cam2_20260415_230021.jpg,,2,27.1,45,100,1444,0,15,0.0,,,,6,24.1,4.0,0.0,0.0,0,0,,,2026-04-16 05:00:21
1157,,LOT-20260410-001,,,,Frijol,Peruano,2360,cam2_20260415_231519.jpg,ambient,2362,cam2_20260415_231521.jpg,,2,26.8,48,100,1446,0,15,0.0,,,,6,24.1,4.0,0.0,0.0,0,0,,,2026-04-16 05:15:21
1159,,LOT-20260410-001,,,,Frijol,Peruano,2364,cam2_20260415_233018.jpg,ambient,2366,cam2_20260415_233021.jpg,,2,26.7,50,100,1446,0,15,0.0,,,,6,24.1,4.0,0.0,0.0,0,0,,,2026-04-16 05:30:21
1161,,LOT-20260410-001,,,,Frijol,Peruano,2368,cam2_20260415_234519.jpg,ambient,2370,cam2_20260415_234521.jpg,,2,26.5,50,100,1446,0,15,0.0,,,,6,24.1,4.0,0.0,0.0,0,0,,,2026-04-16 05:45:21
1164,,LOT-20260410-001,,,,Frijol,Peruano,2372,cam2_20260416_000019.jpg,ambient,2374,cam2_20260416_000021.jpg,,2,26.5,51,100,1446,0,15,0.0,,,,6,24.1,4.0,0.0,0.0,0,0,,,2026-04-16 06:00:21
1165,,LOT-20260410-001,,,,Frijol,Peruano,2376,cam2_20260416_001519.jpg,ambient,2378,cam2_20260416_001521.jpg,,2,26.4,50,100,1446,0,15,0.0,,,,6,24.1,4.0,0.0,0.0,0,0,,,2026-04-16 06:15:21
1167,,LOT-20260410-001,,,,Frijol,Peruano,2380,cam2_20260416_003019.jpg,ambient,2382,cam2_20260416_003021.jpg,,2,26.3,50,100,1446,0,15,0.0,,,,6,24.1,4.0,0.0,0.0,0,0,,,2026-04-16 06:30:21
1169,,LOT-20260410-001,,,,Frijol,Peruano,2384,cam2_20260416_004519.jpg,ambient,2386,cam2_20260416_004521.jpg,,2,26.3,50,100,1446,0,15,0.0,,,,6,24.1,4.0,0.0,0.0,0,0,,,2026-04-16 06:45:21
1171,,LOT-20260410-001,,,,Frijol,Peruano,2388,cam2_20260416_010019.jpg,ambient,2390,cam2_20260416_010021.jpg,,2,26.3,51,100,1446,0,15,0.0,,,,6,24.1,4.0,0.0,0.0,0,0,,,2026-04-16 07:00:21
1173,,LOT-20260410-001,,,,Frijol,Peruano,2392,cam2_20260416_011519.jpg,ambient,2394,cam2_20260416_011521.jpg,,2,26.2,51,100,1446,0,15,0.0,,,,6,24.1,4.0,0.0,0.0,0,0,,,2026-04-16 07:15:21
1176,,LOT-20260410-001,,,,Frijol,Peruano,2396,cam2_20260416_013019.jpg,ambient,2398,cam2_20260416_013021.jpg,,2,26.2,51,100,1446,0,15,0.0,,,,6,24.1,4.0,0.0,0.0,0,0,,,2026-04-16 07:30:21
1177,,LOT-20260410-001,,,,Frijol,Peruano,2400,cam2_20260416_014519.jpg,ambient,2402,cam2_20260416_014521.jpg,,2,26.2,49,100,1446,0,15,0.0,,,,6,24.1,4.0,0.0,0.0,0,0,,,2026-04-16 07:45:21
1179,,LOT-20260410-001,,,,Frijol,Peruano,2405,cam2_20260416_020019.jpg,ambient,2406,cam2_20260416_020021.jpg,,2,26.2,49,100,1446,0,15,0.0,,,,6,24.1,4.0,0.0,0.0,0,0,,,2026-04-16 08:00:21
1181,,LOT-20260410-001,,,,Frijol,Peruano,2409,cam2_20260416_021519.jpg,ambient,2410,cam2_20260416_021521.jpg,,2,26.1,49,100,1446,0,15,0.0,,,,6,24.1,4.0,0.0,0.0,0,0,,,2026-04-16 08:15:21
1183,,LOT-20260410-001,,,,Frijol,Peruano,2412,cam2_20260416_023019.jpg,ambient,2414,cam2_20260416_023021.jpg,,2,26.1,49,100,1446,0,15,0.0,,,,7,24.1,3.4,0.0,0.0,0,0,,,2026-04-16 08:30:21
1186,,LOT-20260410-001,,,,Frijol,Peruano,2416,cam2_20260416_024519.jpg,ambient,2418,cam2_20260416_024521.jpg,,2,26,49,100,1446,0,15,0.0,,,,7,24.1,3.4,0.0,0.0,0,0,,,2026-04-16 08:45:21
1187,,LOT-20260410-001,,,,Frijol,Peruano,2420,cam2_20260416_030019.jpg,ambient,2422,cam2_20260416_030021.jpg,,2,26,50,100,1446,0,15,0.0,,,,7,24.1,3.4,0.0,0.0,0,0,,,2026-04-16 09:00:21
1189,,LOT-20260410-001,,,,Frijol,Peruano,2424,cam2_20260416_031519.jpg,ambient,2426,cam2_20260416_031521.jpg,,2,26,50,100,1446,0,15,0.0,,,,7,24.1,3.4,0.0,0.0,0,0,,,2026-04-16 09:15:21
1191,,LOT-20260410-001,,,,Frijol,Peruano,2428,cam2_20260416_033019.jpg,ambient,2430,cam2_20260416_033021.jpg,,2,26,50,100,1446,0,15,0.0,,,,7,24.1,3.4,0.0,0.0,0,0,,,2026-04-16 09:30:21
1193,,LOT-20260410-001,,,,Frijol,Peruano,2432,cam2_20260416_034519.jpg,ambient,2434,cam2_20260416_034521.jpg,,2,26,51,100,1446,0,15,0.0,,,,7,24.1,3.4,0.0,0.0,0,0,,,2026-04-16 09:45:21
1196,,LOT-20260410-001,,,,Frijol,Peruano,2436,cam2_20260416_040019.jpg,ambient,2439,cam2_20260416_040021.jpg,,2,25.8,49,100,1446,0,15,0.0,,,,7,24.1,3.4,0.0,0.0,0,0,,,2026-04-16 10:00:21
1197,,LOT-20260410-001,,,,Frijol,Peruano,2440,cam2_20260416_041519.jpg,ambient,2442,cam2_20260416_041521.jpg,,2,25.8,49,100,1446,0,15,0.0,,,,7,24.1,3.4,0.0,0.0,0,0,,,2026-04-16 10:15:21
1200,,LOT-20260410-001,,,,Frijol,Peruano,2444,cam2_20260416_043019.jpg,ambient,2446,cam2_20260416_043021.jpg,,2,25.8,49,100,1446,0,15,0.0,,,,7,24.1,3.4,0.0,0.0,0,0,,,2026-04-16 10:30:21
1201,,LOT-20260410-001,,,,Frijol,Peruano,2448,cam2_20260416_044519.jpg,ambient,2450,cam2_20260416_044521.jpg,,2,25.7,49,100,1446,0,15,0.0,,,,7,24.1,3.4,0.0,0.0,0,0,,,2026-04-16 10:45:21
1203,,LOT-20260410-001,,,,Frijol,Peruano,2452,cam2_20260416_050019.jpg,ambient,2454,cam2_20260416_050021.jpg,,2,25.7,49,100,1446,0,15,0.0,,,,7,24.1,3.4,0.0,0.0,0,0,,,2026-04-16 11:00:21
1205,,LOT-20260410-001,,,,Frijol,Peruano,2456,cam2_20260416_051519.jpg,ambient,2458,cam2_20260416_051521.jpg,,2,25.6,48,100,1447,0,15,0.0,,,,7,24.1,3.4,0.0,0.0,0,0,,,2026-04-16 11:15:22
1208,,LOT-20260410-001,,,,Frijol,Peruano,2460,cam2_20260416_053019.jpg,ambient,2462,cam2_20260416_053021.jpg,,2,25.4,48,100,1447,0,15,0.0,,,,7,24.1,3.4,0.0,0.0,0,0,,,2026-04-16 11:30:22
1209,,LOT-20260410-001,,,,Frijol,Peruano,2464,cam2_20260416_054519.jpg,ambient,2466,cam2_20260416_054521.jpg,,2,25.3,47,100,1447,0,15,0.0,,,,7,24.1,3.4,0.0,0.0,0,0,,,2026-04-16 11:45:21
1211,,LOT-20260410-001,,,,Frijol,Peruano,2468,cam2_20260416_060019.jpg,ambient,2470,cam2_20260416_060021.jpg,,2,25.3,49,100,1447,0,15,0.0,,,,7,24.1,3.4,0.0,0.0,0,0,,,2026-04-16 12:00:22
1214,,LOT-20260410-001,,,,Frijol,Peruano,2472,cam2_20260416_061519.jpg,ambient,2475,cam2_20260416_061521.jpg,,2,25.2,47,100,1447,0,15,0.0,,,,7,24.1,3.4,0.0,0.0,0,0,,,2026-04-16 12:15:22
1216,,LOT-20260410-001,,,,Frijol,Peruano,2476,cam2_20260416_063019.jpg,ambient,2479,cam2_20260416_063021.jpg,,2,25.1,46,100,1447,0,15,0.0,,,,7,24.1,3.4,0.0,0.0,0,0,,,2026-04-16 12:30:22
1217,,LOT-20260410-001,,,,Frijol,Peruano,2480,cam2_20260416_064519.jpg,ambient,2482,cam2_20260416_064521.jpg,,2,25.1,47,100,1447,0,15,0.0,,,,7,24.1,3.4,0.0,0.0,0,0,,,2026-04-16 12:45:22
1219,,LOT-20260410-001,,,,Frijol,Peruano,2484,cam2_20260416_070019.jpg,ambient,2486,cam2_20260416_070021.jpg,,2,25,47,100,1447,0,15,0.0,,,,7,24.1,3.4,0.0,0.0,0,0,,,2026-04-16 13:00:22
1221,,LOT-20260410-001,,,,Frijol,Peruano,2488,cam2_20260416_071519.jpg,ambient,2490,cam2_20260416_071521.jpg,,2,24.9,46,100,1447,0,15,0.0,,,,7,24.1,3.4,0.0,0.0,0,0,,,2026-04-16 13:15:22
1223,,LOT-20260410-001,,,,Frijol,Peruano,2492,cam2_20260416_073019.jpg,ambient,2494,cam2_20260416_073022.jpg,,2,24.9,48,100,1447,0,15,0.0,,,,7,24.1,3.4,0.0,0.0,0,0,,,2026-04-16 13:30:22
1225,,LOT-20260410-001,,,,Frijol,Peruano,2496,cam2_20260416_074519.jpg,ambient,2498,cam2_20260416_074521.jpg,,2,24.9,47,100,1447,0,15,0.0,,,,7,24.1,3.4,0.0,0.0,0,0,,,2026-04-16 13:45:22
1228,,LOT-20260410-001,,,,Frijol,Peruano,2501,cam2_20260416_080019.jpg,ambient,2503,cam2_20260416_080021.jpg,,2,24.9,50,100,1447,0,15,0.0,,,,7,24.1,3.4,0.0,0.0,0,0,,,2026-04-16 14:00:22
1229,,LOT-20260410-001,,,,Frijol,Peruano,2504,cam2_20260416_081519.jpg,ambient,2506,cam2_20260416_081522.jpg,,2,24.9,51,100,1447,0,15,0.0,,,,7,24.1,3.4,0.0,0.0,0,0,,,2026-04-16 14:15:22
1231,,LOT-20260410-001,,,,Frijol,Peruano,2508,cam2_20260416_083019.jpg,ambient,2510,cam2_20260416_083022.jpg,,2,25,56,100,1447,0,15,0.0,,,,7,24.1,3.4,0.0,0.0,0,0,,,2026-04-16 14:30:22
1233,,LOT-20260410-001,,,,Frijol,Peruano,2512,cam2_20260416_084519.jpg,ambient,2514,cam2_20260416_084522.jpg,,2,25.5,50,100,1461,0,15,0.0,,,,7,24.6,3.5,0.0,0.0,0,0,,,2026-04-16 14:45:22
1235,,LOT-20260410-001,,,,Frijol,Peruano,2516,cam2_20260416_090019.jpg,ambient,2518,cam2_20260416_090022.jpg,,2,25.8,49,100,1476,0,15,0.0,,,,7,24.9,3.6,0.0,0.0,0,0,,,2026-04-16 15:00:22
1237,,LOT-20260410-001,,,,Frijol,Peruano,2520,cam2_20260416_091519.jpg,ambient,2522,cam2_20260416_091522.jpg,,2,26.1,48,100,1491,0,15,0.0,,,,7,25.1,3.6,0.0,0.0,0,0,,,2026-04-16 15:15:22
1239,,LOT-20260410-001,,,,Frijol,Peruano,2524,cam2_20260416_093019.jpg,ambient,2526,cam2_20260416_093022.jpg,,2,26.2,49,100,1506,0,15,0.0,,,,7,25.4,3.6,0.0,0.0,0,0,,,2026-04-16 15:30:22
1241,,LOT-20260410-001,,,,Frijol,Peruano,2528,cam2_20260416_094519.jpg,ambient,2530,cam2_20260416_094522.jpg,,2,26.4,46,100,1521,0,15,0.0,,,,7,25.6,3.7,0.0,0.0,0,0,,,2026-04-16 15:45:22
1243,,LOT-20260410-001,,,,Frijol,Peruano,2532,cam2_20260416_100019.jpg,ambient,2534,cam2_20260416_100022.jpg,,2,26.6,46,100,1536,0,15,0.0,,,,7,25.9,3.7,0.0,0.0,0,0,,,2026-04-16 16:00:22
1245,,LOT-20260410-001,,,,Frijol,Peruano,2536,cam2_20260416_101519.jpg,ambient,2539,cam2_20260416_101522.jpg,,2,26.7,44,100,1551,0,15,0.0,,,,7,26.1,3.7,0.0,0.0,0,0,,,2026-04-16 16:15:22
1248,,LOT-20260410-001,,,,Frijol,Peruano,2540,cam2_20260416_103019.jpg,ambient,2543,cam2_20260416_103022.jpg,,2,27,44,100,1566,0,15,0.0,,,,7,26.1,3.7,0.0,0.0,0,0,,,2026-04-16 16:30:22
1249,,LOT-20260410-001,,,,Frijol,Peruano,2544,cam2_20260416_104519.jpg,ambient,2546,cam2_20260416_104522.jpg,,2,26.6,45,100,1567,0,15,0.0,,,,7,26.1,3.7,0.0,0.0,0,0,,,2026-04-16 16:45:22
1252,,LOT-20260410-001,,,,Frijol,Peruano,2548,cam2_20260416_110019.jpg,ambient,2551,cam2_20260416_110022.jpg,,2,26.5,46,100,1567,0,15,0.0,,,,7,26.1,3.7,0.0,0.0,0,0,,,2026-04-16 17:00:22
1253,,LOT-20260410-001,,,,Frijol,Peruano,2552,cam2_20260416_111520.jpg,ambient,2554,cam2_20260416_111522.jpg,,2,26.8,44,100,1581,0,15,0.0,,,,7,26.6,3.8,0.0,0.0,0,0,,,2026-04-16 17:15:22
1256,,LOT-20260410-001,,,,Frijol,Peruano,2556,cam2_20260416_113020.jpg,ambient,2559,cam2_20260416_113022.jpg,,2,26,37,100,1596,0,15,0.0,,,,7,26.9,3.8,0.0,0.0,0,0,,,2026-04-16 17:30:22
1257,,LOT-20260410-001,,,,Frijol,Peruano,2560,cam2_20260416_114520.jpg,ambient,2562,cam2_20260416_114522.jpg,,2,26,38,100,1611,0,15,0.0,,,,7,27.1,3.9,0.0,0.0,0,0,,,2026-04-16 17:45:22
1259,,LOT-20260410-001,,,,Frijol,Peruano,2564,cam2_20260416_120020.jpg,ambient,2566,cam2_20260416_120022.jpg,,2,26,40,100,1626,0,15,0.0,,,,7,27.4,3.9,0.0,0.0,0,0,,,2026-04-16 18:00:22
1262,,LOT-20260410-001,,,,Frijol,Peruano,2568,cam2_20260416_121520.jpg,ambient,2571,cam2_20260416_121522.jpg,,2,25.8,38,100,1641,0,15,0.0,,,,7,27.6,3.9,0.0,0.0,0,0,,,2026-04-16 18:15:22
1263,,LOT-20260410-001,,,,Frijol,Peruano,2572,cam2_20260416_123020.jpg,ambient,2574,cam2_20260416_123022.jpg,,2,25.8,40,100,1656,0,15,0.0,,,,7,27.9,4.0,0.0,0.0,0,0,,,2026-04-16 18:30:22
1265,,LOT-20260410-001,,,,Frijol,Peruano,2576,cam2_20260416_124520.jpg,ambient,2578,cam2_20260416_124522.jpg,,2,25.7,38,100,1671,0,15,0.0,,,,7,28.1,4.0,0.0,0.0,0,0,,,2026-04-16 18:45:22
1267,,LOT-20260410-001,,,,Frijol,Peruano,2580,cam2_20260416_130020.jpg,ambient,2582,cam2_20260416_130022.jpg,,2,25.8,36,100,1686,0,15,0.0,,,,7,28.4,4.0,0.0,0.0,0,0,,,2026-04-16 19:00:22
1269,,LOT-20260410-001,,,,Frijol,Peruano,2584,cam2_20260416_131520.jpg,ambient,2586,cam2_20260416_131522.jpg,,2,25.7,36,100,1701,0,15,0.0,,,,7,28.6,4.1,0.0,0.0,0,0,,,2026-04-16 19:15:22
1271,,LOT-20260410-001,,,,Frijol,Peruano,2588,cam2_20260416_133020.jpg,ambient,2590,cam2_20260416_133022.jpg,,2,25.7,36,100,1716,0,15,0.0,,,,7,28.9,4.1,0.0,0.0,0,0,,,2026-04-16 19:30:22
1274,,LOT-20260410-001,,,,Frijol,Peruano,2592,cam2_20260416_134520.jpg,ambient,2595,cam2_20260416_134522.jpg,,2,25.7,34,100,1731,0,15,0.0,,,,7,29.1,4.2,0.0,0.0,0,0,,,2026-04-16 19:45:22
1276,,LOT-20260410-001,,,,Frijol,Peruano,2596,cam2_20260416_140020.jpg,ambient,2599,cam2_20260416_140022.jpg,,2,25.8,36,100,1746,0,15,0.0,,,,7,29.4,4.2,0.0,0.0,0,0,,,2026-04-16 20:00:22
1277,,LOT-20260410-001,,,,Frijol,Peruano,2600,cam2_20260416_141520.jpg,ambient,2602,cam2_20260416_141522.jpg,,2,25.9,35,100,1761,0,15,0.0,,,,7,29.6,4.2,0.0,0.0,0,0,,,2026-04-16 20:15:22
1280,,LOT-20260410-001,,,,Frijol,Peruano,2604,cam2_20260416_143020.jpg,ambient,2607,cam2_20260416_143022.jpg,,2,25.8,35,100,1776,0,15,0.0,,,,7,29.9,4.3,0.0,0.0,0,0,,,2026-04-16 20:30:22
1281,,LOT-20260410-001,,,,Frijol,Peruano,2609,cam2_20260416_144520.jpg,ambient,2610,cam2_20260416_144522.jpg,,2,25.6,34,100,1791,0,15,0.0,,,,7,29.9,4.3,0.0,0.0,0,0,,,2026-04-16 20:45:22
1283,,LOT-20260410-001,,,,Frijol,Peruano,2612,cam2_20260416_150020.jpg,ambient,2614,cam2_20260416_150022.jpg,,2,25.6,35,100,1806,0,15,0.0,,,,7,30.4,4.3,0.0,0.0,0,0,,,2026-04-16 21:00:22
1286,,LOT-20260410-001,,,,Frijol,Peruano,2616,cam2_20260416_151520.jpg,ambient,2619,cam2_20260416_151522.jpg,,2,25.5,36,100,1821,0,15,0.0,,,,7,30.6,4.4,0.0,0.0,0,0,,,2026-04-16 21:15:22
1288,,LOT-20260410-001,,,,Frijol,Peruano,2620,cam2_20260416_153020.jpg,ambient,2623,cam2_20260416_153022.jpg,,2,25.5,35,100,1836,0,15,0.0,,,,7,30.9,4.4,0.0,0.0,0,0,,,2026-04-16 21:30:23
1290,,LOT-20260410-001,,,,Frijol,Peruano,2624,cam2_20260416_154520.jpg,ambient,2627,cam2_20260416_154522.jpg,,2,25.6,35,100,1851,0,15,0.0,,,,7,31.1,4.4,0.0,0.0,0,0,,,2026-04-16 21:45:23
1291,,LOT-20260410-001,,,,Frijol,Peruano,2628,cam2_20260416_160020.jpg,ambient,2630,cam2_20260416_160022.jpg,,2,25.5,34,100,1866,0,15,0.0,,,,7,31.1,4.4,0.0,0.0,0,0,,,2026-04-16 22:00:23
1293,,LOT-20260410-001,,,,Frijol,Peruano,2632,cam2_20260416_161520.jpg,ambient,2634,cam2_20260416_161522.jpg,,2,25.2,35,100,1867,0,15,0.0,,,,7,31.1,4.4,0.0,0.0,0,0,,,2026-04-16 22:15:23
1295,,LOT-20260410-001,,,,Frijol,Peruano,2636,cam2_20260416_163020.jpg,ambient,2638,cam2_20260416_163022.jpg,,2,25,35,100,1867,0,15,0.0,,,,7,31.1,4.4,0.0,0.0,0,0,,,2026-04-16 22:30:23
1298,,LOT-20260410-001,,,,Frijol,Peruano,2640,cam2_20260416_164520.jpg,ambient,2643,cam2_20260416_164522.jpg,,2,25,34,100,1867,0,15,0.0,,,,7,31.1,4.4,0.0,0.0,0,0,,,2026-04-16 22:45:23
1299,,LOT-20260410-001,,,,Frijol,Peruano,2644,cam2_20260416_170020.jpg,ambient,2646,cam2_20260416_170022.jpg,,2,24.9,36,100,1867,0,15,0.0,,,,7,31.1,4.4,0.0,0.0,0,0,,,2026-04-16 23:00:23
1301,,LOT-20260410-001,,,,Frijol,Peruano,2648,cam2_20260416_171520.jpg,ambient,2650,cam2_20260416_171522.jpg,,2,24.7,36,100,1867,0,15,0.0,,,,7,31.1,4.4,0.0,0.0,0,0,,,2026-04-16 23:15:23
1304,,LOT-20260410-001,,,,Frijol,Peruano,2652,cam2_20260416_173020.jpg,ambient,2655,cam2_20260416_173022.jpg,,2,24.7,36,100,1867,0,15,0.0,,,,7,31.1,4.4,0.0,0.0,0,0,,,2026-04-16 23:30:23
1306,,LOT-20260410-001,,,,Frijol,Peruano,2656,cam2_20260416_174520.jpg,ambient,2658,cam2_20260416_174522.jpg,,2,24.9,36,100,1876,0,15,0.0,,,,7,31.5,4.5,0.0,0.0,0,0,,,2026-04-16 23:45:23
1307,,LOT-20260410-001,,,,Frijol,Peruano,2660,cam2_20260416_180020.jpg,ambient,2662,cam2_20260416_180022.jpg,,2,25.1,34,100,1891,1,15,15.0,,,,7,31.8,4.5,0.0,0.0,0,0,,,2026-04-17 00:00:23
1309,,LOT-20260410-001,,,,Frijol,Peruano,2664,cam2_20260416_181520.jpg,ambient,2666,cam2_20260416_181522.jpg,,2,25.1,35,100,1906,0,15,0.0,,,,7,32.0,4.6,0.0,0.0,0,0,,,2026-04-17 00:15:23
1312,,LOT-20260410-001,,,,Frijol,Peruano,2668,cam2_20260416_183020.jpg,ambient,2671,cam2_20260416_183022.jpg,,2,25,35,100,1921,0,15,0.0,,,,7,32.3,4.6,0.0,0.0,0,0,,,2026-04-17 00:30:23
1314,,LOT-20260410-001,,,,Frijol,Peruano,2672,cam2_20260416_184520.jpg,ambient,2674,cam2_20260416_184522.jpg,,2,25.1,36,100,1936,0,15,0.0,,,,7,32.5,4.6,0.0,0.0,0,0,,,2026-04-17 00:45:23
1315,,LOT-20260410-001,,,,Frijol,Peruano,2676,cam2_20260416_190020.jpg,ambient,2678,cam2_20260416_190023.jpg,,2,25,36,100,1951,0,15,0.0,,,,7,32.5,4.6,0.0,0.0,0,0,,,2026-04-17 01:00:23
1318,,LOT-20260410-001,,,,Frijol,Peruano,2680,cam2_20260416_191520.jpg,ambient,2683,cam2_20260416_191523.jpg,,2,25.1,36,100,1966,0,15,0.0,,,,7,33.0,4.7,0.0,0.0,0,0,,,2026-04-17 01:15:23
1319,,LOT-20260410-001,,,,Frijol,Peruano,2684,cam2_20260416_193020.jpg,ambient,2686,cam2_20260416_193022.jpg,,2,25.2,38,100,1981,0,15,0.0,,,,7,33.1,4.7,0.0,0.0,0,0,,,2026-04-17 01:30:23
1321,,LOT-20260410-001,,,,Frijol,Peruano,2688,cam2_20260416_194520.jpg,ambient,2690,cam2_20260416_194522.jpg,,2,24.8,40,100,1987,0,15,0.0,,,,7,33.1,4.7,0.0,0.0,0,0,,,2026-04-17 01:45:23
1323,,LOT-20260410-001,,,,Frijol,Peruano,2692,cam2_20260416_200020.jpg,ambient,2694,cam2_20260416_200023.jpg,,2,24.9,44,100,1987,0,15,0.0,,,,7,33.1,4.7,0.0,0.0,0,0,,,2026-04-17 02:00:23
1325,,LOT-20260410-001,,,,Frijol,Peruano,2696,cam2_20260416_201520.jpg,ambient,2698,cam2_20260416_201522.jpg,,2,24.8,46,100,1987,0,15,0.0,,,,7,33.1,4.7,0.0,0.0,0,0,,,2026-04-17 02:15:23
1327,,LOT-20260410-001,,,,Frijol,Peruano,2700,cam2_20260416_203020.jpg,ambient,2702,cam2_20260416_203023.jpg,,2,24.8,50,100,1987,0,15,0.0,,,,7,33.1,4.7,0.0,0.0,0,0,,,2026-04-17 02:30:23
1329,,LOT-20260410-001,,,,Frijol,Peruano,2704,cam2_20260416_204520.jpg,ambient,2706,cam2_20260416_204522.jpg,,2,24.7,51,100,1987,0,15,0.0,,,,7,33.1,4.7,0.0,0.0,0,0,,,2026-04-17 02:45:23
1331,,LOT-20260410-001,,,,Frijol,Peruano,2709,cam2_20260416_210020.jpg,ambient,2710,cam2_20260416_210023.jpg,,2,24.7,51,100,1988,0,15,0.0,,,,7,33.2,4.7,0.0,0.0,0,0,,,2026-04-17 03:00:24
1333,,LOT-20260410-001,,,,Frijol,Peruano,2712,cam2_20260416_211520.jpg,ambient,2714,cam2_20260416_211523.jpg,,2,24.9,49,100,1995,0,15,0.0,,,,7,33.3,4.8,0.0,0.0,0,0,,,2026-04-17 03:15:23
1335,,LOT-20260410-001,,,,Frijol,Peruano,2716,cam2_20260416_213020.jpg,ambient,2718,cam2_20260416_213023.jpg,,2,24.7,49,100,1995,0,15,0.0,,,,7,33.3,4.8,0.0,0.0,0,0,,,2026-04-17 03:30:23
1337,,LOT-20260410-001,,,,Frijol,Peruano,2720,cam2_20260416_214520.jpg,ambient,2722,cam2_20260416_214523.jpg,,2,24.7,48,100,1995,0,15,0.0,,,,7,33.3,4.8,0.0,0.0,0,0,,,2026-04-17 03:45:23
1340,,LOT-20260410-001,,,,Frijol,Peruano,2724,cam2_20260416_220020.jpg,ambient,2727,cam2_20260416_220023.jpg,,2,24.7,51,100,1995,0,15,0.0,,,,7,33.3,4.8,0.0,0.0,0,0,,,2026-04-17 04:00:23
1342,,LOT-20260410-001,,,,Frijol,Peruano,2728,cam2_20260416_221520.jpg,ambient,2731,cam2_20260416_221523.jpg,,2,24.7,49,100,1996,0,15,0.0,,,,7,33.3,4.8,0.0,0.0,0,0,,,2026-04-17 04:15:23
1343,,LOT-20260410-001,,,,Frijol,Peruano,2732,cam2_20260416_223020.jpg,ambient,2734,cam2_20260416_223023.jpg,,2,24.8,48,100,1996,0,15,0.0,,,,7,33.3,4.8,0.0,0.0,0,0,,,2026-04-17 04:30:23
1345,,LOT-20260410-001,,,,Frijol,Peruano,2736,cam2_20260416_224520.jpg,ambient,2738,cam2_20260416_224523.jpg,,2,24.8,50,100,1996,0,15,0.0,,,,7,33.3,4.8,0.0,0.0,0,0,,,2026-04-17 04:45:23
1347,,LOT-20260410-001,,,,Frijol,Peruano,2740,cam2_20260416_230021.jpg,ambient,2742,cam2_20260416_230023.jpg,,2,24.8,49,100,1996,0,15,0.0,,,,7,33.3,4.8,0.0,0.0,0,0,,,2026-04-17 05:00:23
1349,,LOT-20260410-001,,,,Frijol,Peruano,2744,cam2_20260416_231521.jpg,ambient,2746,cam2_20260416_231523.jpg,,2,24.8,50,100,1996,0,15,0.0,,,,7,33.3,4.8,0.0,0.0,0,0,,,2026-04-17 05:15:23
1351,,LOT-20260410-001,,,,Frijol,Peruano,2748,cam2_20260416_233021.jpg,ambient,2750,cam2_20260416_233023.jpg,,2,24.9,49,100,1996,0,15,0.0,,,,7,33.3,4.8,0.0,0.0,0,0,,,2026-04-17 05:30:23
1353,,LOT-20260410-001,,,,Frijol,Peruano,2752,cam2_20260416_234521.jpg,ambient,2754,cam2_20260416_234523.jpg,,2,24.9,48,100,1996,0,15,0.0,,,,7,33.3,4.8,0.0,0.0,0,0,,,2026-04-17 05:45:23
1355,,LOT-20260410-001,,,,Frijol,Peruano,2756,cam2_20260417_000021.jpg,ambient,2758,cam2_20260417_000023.jpg,,2,24.9,50,100,1996,0,15,0.0,,,,7,33.3,4.8,0.0,0.0,0,0,,,2026-04-17 06:00:23
1357,,LOT-20260410-001,,,,Frijol,Peruano,2761,cam2_20260417_001521.jpg,ambient,2762,cam2_20260417_001523.jpg,,2,24.9,50,100,1996,0,15,0.0,,,,7,33.3,4.8,0.0,0.0,0,0,,,2026-04-17 06:15:23
1359,,LOT-20260410-001,,,,Frijol,Peruano,2764,cam2_20260417_003021.jpg,ambient,2766,cam2_20260417_003023.jpg,,2,24.9,53,100,1996,0,15,0.0,,,,7,33.3,4.8,0.0,0.0,0,0,,,2026-04-17 06:30:23
1361,,LOT-20260410-001,,,,Frijol,Peruano,2768,cam2_20260417_004521.jpg,ambient,2770,cam2_20260417_004523.jpg,,2,24.8,50,100,1996,0,15,0.0,,,,7,33.3,4.8,0.0,0.0,0,0,,,2026-04-17 06:45:23
1363,,LOT-20260410-001,,,,Frijol,Peruano,2772,cam2_20260417_010021.jpg,ambient,2774,cam2_20260417_010023.jpg,,2,25,54,100,1996,0,15,0.0,,,,7,33.3,4.8,0.0,0.0,0,0,,,2026-04-17 07:00:23
1365,,LOT-20260410-001,,,,Frijol,Peruano,2776,cam2_20260417_011521.jpg,ambient,2778,cam2_20260417_011523.jpg,,2,25.2,51,100,1996,0,15,0.0,,,,7,33.3,4.8,0.0,0.0,0,0,,,2026-04-17 07:15:23
1367,,LOT-20260410-001,,,,Frijol,Peruano,2780,cam2_20260417_013021.jpg,ambient,2782,cam2_20260417_013023.jpg,,2,25.3,51,100,1996,0,15,0.0,,,,7,33.3,4.8,0.0,0.0,0,0,,,2026-04-17 07:30:23
1369,,LOT-20260410-001,,,,Frijol,Peruano,2784,cam2_20260417_014521.jpg,ambient,2786,cam2_20260417_014523.jpg,,2,25.3,50,100,1996,0,15,0.0,,,,7,33.3,4.8,0.0,0.0,0,0,,,2026-04-17 07:45:23
1371,,LOT-20260410-001,,,,Frijol,Peruano,2788,cam2_20260417_020021.jpg,ambient,2790,cam2_20260417_020023.jpg,,2,25.4,50,100,1996,0,15,0.0,,,,7,33.3,4.8,0.0,0.0,0,0,,,2026-04-17 08:00:23
1373,,LOT-20260410-001,,,,Frijol,Peruano,2792,cam2_20260417_021521.jpg,ambient,2794,cam2_20260417_021523.jpg,,2,25.5,51,100,1996,0,15,0.0,,,,7,33.3,4.8,0.0,0.0,0,0,,,2026-04-17 08:15:23
1375,,LOT-20260410-001,,,,Frijol,Peruano,2796,cam2_20260417_023021.jpg,ambient,2798,cam2_20260417_023023.jpg,,2,25.5,50,100,1996,0,15,0.0,,,,8,33.3,4.2,0.0,0.0,0,0,,,2026-04-17 08:30:23
1377,,LOT-20260410-001,,,,Frijol,Peruano,2800,cam2_20260417_024521.jpg,ambient,2802,cam2_20260417_024523.jpg,,2,25.5,50,100,1996,0,15,0.0,,,,8,33.3,4.2,0.0,0.0,0,0,,,2026-04-17 08:45:23
1379,,LOT-20260410-001,,,,Frijol,Peruano,2804,cam2_20260417_030021.jpg,ambient,2806,cam2_20260417_030023.jpg,,2,25.5,50,100,1996,0,15,0.0,,,,8,33.3,4.2,0.0,0.0,0,0,,,2026-04-17 09:00:23
1381,,LOT-20260410-001,,,,Frijol,Peruano,2808,cam2_20260417_031521.jpg,ambient,2811,cam2_20260417_031523.jpg,,2,25.4,51,100,1996,0,15,0.0,,,,8,33.3,4.2,0.0,0.0,0,0,,,2026-04-17 09:15:23
1384,,LOT-20260410-001,,,,Frijol,Peruano,2812,cam2_20260417_033021.jpg,ambient,2815,cam2_20260417_033023.jpg,,2,25.5,52,100,1996,0,15,0.0,,,,8,33.3,4.2,0.0,0.0,0,0,,,2026-04-17 09:30:23
1386,,LOT-20260410-001,,,,Frijol,Peruano,2816,cam2_20260417_034521.jpg,ambient,2819,cam2_20260417_034523.jpg,,2,25.5,51,100,1997,0,15,0.0,,,,8,33.3,4.2,0.0,0.0,0,0,,,2026-04-17 09:45:23
1388,,LOT-20260410-001,,,,Frijol,Peruano,2820,cam2_20260417_040021.jpg,ambient,2823,cam2_20260417_040023.jpg,,2,25.5,52,100,1997,0,15,0.0,,,,8,33.3,4.2,0.0,0.0,0,0,,,2026-04-17 10:00:23
1389,,LOT-20260410-001,,,,Frijol,Peruano,2824,cam2_20260417_041521.jpg,ambient,2826,cam2_20260417_041523.jpg,,2,25.5,52,100,1997,0,15,0.0,,,,8,33.3,4.2,0.0,0.0,0,0,,,2026-04-17 10:15:24
1391,,LOT-20260410-001,,,,Frijol,Peruano,2828,cam2_20260417_043021.jpg,ambient,2830,cam2_20260417_043023.jpg,,2,25.5,50,100,1997,0,15,0.0,,,,8,33.3,4.2,0.0,0.0,0,0,,,2026-04-17 10:30:23
1393,,LOT-20260410-001,,,,Frijol,Peruano,2832,cam2_20260417_044521.jpg,ambient,2834,cam2_20260417_044523.jpg,,2,25.4,50,100,1997,0,15,0.0,,,,8,33.3,4.2,0.0,0.0,0,0,,,2026-04-17 10:45:23
1395,,LOT-20260410-001,,,,Frijol,Peruano,2836,cam2_20260417_050021.jpg,ambient,2839,cam2_20260417_050023.jpg,,2,25.4,51,100,1997,0,15,0.0,,,,8,33.3,4.2,0.0,0.0,0,0,,,2026-04-17 11:00:24
1397,,LOT-20260410-001,,,,Frijol,Peruano,2840,cam2_20260417_051521.jpg,ambient,2842,cam2_20260417_051523.jpg,,2,25.3,50,100,1997,0,15,0.0,,,,8,33.3,4.2,0.0,0.0,0,0,,,2026-04-17 11:15:24
1399,,LOT-20260410-001,,,,Frijol,Peruano,2844,cam2_20260417_053021.jpg,ambient,2846,cam2_20260417_053023.jpg,,2,25.3,50,100,1997,0,15,0.0,,,,8,33.3,4.2,0.0,0.0,0,0,,,2026-04-17 11:30:24
1401,,LOT-20260410-001,,,,Frijol,Peruano,2848,cam2_20260417_054521.jpg,ambient,2850,cam2_20260417_054523.jpg,,2,25.3,50,100,1997,0,15,0.0,,,,8,33.3,4.2,0.0,0.0,0,0,,,2026-04-17 11:45:24
1404,,LOT-20260410-001,,,,Frijol,Peruano,2852,cam2_20260417_060021.jpg,ambient,2855,cam2_20260417_060023.jpg,,2,25.3,50,100,1997,0,15,0.0,,,,8,33.3,4.2,0.0,0.0,0,0,,,2026-04-17 12:00:24
1406,,LOT-20260410-001,,,,Frijol,Peruano,2856,cam2_20260417_061521.jpg,ambient,2859,cam2_20260417_061523.jpg,,2,25.3,51,100,1997,0,15,0.0,,,,8,33.3,4.2,0.0,0.0,0,0,,,2026-04-17 12:15:24
1407,,LOT-20260410-001,,,,Frijol,Peruano,2860,cam2_20260417_063021.jpg,ambient,2862,cam2_20260417_063023.jpg,,2,25.2,51,100,1997,0,15,0.0,,,,8,33.3,4.2,0.0,0.0,0,0,,,2026-04-17 12:30:24
1410,,LOT-20260410-001,,,,Frijol,Peruano,2864,cam2_20260417_064521.jpg,ambient,2867,cam2_20260417_064523.jpg,,2,25.2,50,100,1997,0,15,0.0,,,,8,33.3,4.2,0.0,0.0,0,0,,,2026-04-17 12:45:24
1412,,LOT-20260410-001,,,,Frijol,Peruano,2868,cam2_20260417_070021.jpg,ambient,2871,cam2_20260417_070023.jpg,,2,25.1,50,100,1997,0,15,0.0,,,,8,33.3,4.2,0.0,0.0,0,0,,,2026-04-17 13:00:24
1413,,LOT-20260410-001,,,,Frijol,Peruano,2872,cam2_20260417_071521.jpg,ambient,2874,cam2_20260417_071523.jpg,,2,25,50,100,1997,0,15,0.0,,,,8,33.3,4.2,0.0,0.0,0,0,,,2026-04-17 13:15:24
1416,,LOT-20260410-001,,,,Frijol,Peruano,2876,cam2_20260417_073021.jpg,ambient,2879,cam2_20260417_073024.jpg,,2,25,50,100,1997,0,15,0.0,,,,8,33.3,4.2,0.0,0.0,0,0,,,2026-04-17 13:30:24
1417,,LOT-20260410-001,,,,Frijol,Peruano,2880,cam2_20260417_074521.jpg,ambient,2882,cam2_20260417_074523.jpg,,2,24.9,50,100,1997,0,15,0.0,,,,8,33.3,4.2,0.0,0.0,0,0,,,2026-04-17 13:45:24
1419,,LOT-20260410-001,,,,Frijol,Peruano,2884,cam2_20260417_080021.jpg,ambient,2887,cam2_20260417_080024.jpg,,2,24.9,51,100,1997,0,15,0.0,,,,8,33.3,4.2,0.0,0.0,0,0,,,2026-04-17 14:00:24
1421,,LOT-20260410-001,,,,Frijol,Peruano,2888,cam2_20260417_081521.jpg,ambient,2890,cam2_20260417_081524.jpg,,2,24.9,50,100,1997,0,15,0.0,,,,8,33.3,4.2,0.0,0.0,0,0,,,2026-04-17 14:15:24
1423,,LOT-20260410-001,,,,Frijol,Peruano,2892,cam2_20260417_083021.jpg,ambient,2894,cam2_20260417_083024.jpg,,2,25,55,100,1997,0,15,0.0,,,,8,33.3,4.2,0.0,0.0,0,0,,,2026-04-17 14:30:24
1426,,LOT-20260410-001,,,,Frijol,Peruano,2896,cam2_20260417_084521.jpg,ambient,2899,cam2_20260417_084524.jpg,,2,25,56,100,1997,0,15,0.0,,,,8,33.3,4.2,0.0,0.0,0,0,,,2026-04-17 14:45:24
1427,,LOT-20260410-001,,,,Frijol,Peruano,2900,cam2_20260417_090021.jpg,ambient,2902,cam2_20260417_090024.jpg,,2,25.1,53,100,1997,0,15,0.0,,,,8,33.3,4.2,0.0,0.0,0,0,,,2026-04-17 15:00:24
1429,,LOT-20260410-001,,,,Frijol,Peruano,2904,cam2_20260417_091523.jpg,ambient,2906,cam2_20260417_091525.jpg,,2,25.2,53,100,1997,0,15,0.0,,,,8,33.3,4.2,0.0,0.0,0,0,,,2026-04-17 15:15:25
1431,,LOT-20260410-001,,,,Frijol,Peruano,2908,cam2_20260417_093023.jpg,ambient,2910,cam2_20260417_093025.jpg,,2,25.6,53,100,2002,0,15,0.0,,,,8,33.6,4.2,0.0,0.0,0,0,,,2026-04-17 15:30:25
1433,,LOT-20260410-001,,,,Frijol,Peruano,2912,cam2_20260417_094523.jpg,ambient,2914,cam2_20260417_094525.jpg,,2,26.1,53,100,2017,0,15,0.0,,,,8,33.9,4.2,0.0,0.0,0,0,,,2026-04-17 15:45:25
1435,,LOT-20260410-001,,,,Frijol,Peruano,2916,cam2_20260417_100023.jpg,ambient,2918,cam2_20260417_100025.jpg,,2,26.4,52,100,2032,0,15,0.0,,,,8,34.1,4.3,0.0,0.0,0,0,,,2026-04-17 16:00:25
1438,,LOT-20260410-001,,,,Frijol,Peruano,2921,cam2_20260417_101523.jpg,ambient,2923,cam2_20260417_101525.jpg,,2,26.6,53,100,2047,0,15,0.0,,,,8,34.4,4.3,0.0,0.0,0,0,,,2026-04-17 16:15:25
1440,,LOT-20260410-001,,,,Frijol,Peruano,2924,cam2_20260417_103023.jpg,ambient,2927,cam2_20260417_103025.jpg,,2,27,49,100,2062,0,15,0.0,,,,8,34.6,4.3,0.0,0.0,0,0,,,2026-04-17 16:30:25
1441,,LOT-20260410-001,,,,Frijol,Peruano,2928,cam2_20260417_104523.jpg,ambient,2930,cam2_20260417_104525.jpg,,2,27.1,50,100,2077,0,15,0.0,,,,8,34.9,4.4,0.0,0.0,0,0,,,2026-04-17 16:45:25
1443,,LOT-20260410-001,,,,Frijol,Peruano,2932,cam2_20260417_110023.jpg,ambient,2934,cam2_20260417_110025.jpg,,2,27.2,49,100,2092,0,15,0.0,,,,8,35.1,4.4,0.0,0.0,0,0,,,2026-04-17 17:00:25
1446,,LOT-20260410-001,,,,Frijol,Peruano,2936,cam2_20260417_111523.jpg,ambient,2938,cam2_20260417_111525.jpg,,2,27.2,48,100,2108,0,15,0.0,,,,8,35.4,4.4,0.0,0.0,0,0,,,2026-04-17 17:15:25
1447,,LOT-20260410-001,,,,Frijol,Peruano,2941,cam2_20260417_113023.jpg,ambient,2942,cam2_20260417_113025.jpg,,2,27.3,47,100,2123,0,15,0.0,,,,8,35.6,4.5,0.0,0.0,0,0,,,2026-04-17 17:30:25
1449,,LOT-20260410-001,,,,Frijol,Peruano,2944,cam2_20260417_114523.jpg,ambient,2946,cam2_20260417_114525.jpg,,2,27.3,47,100,2138,0,15,0.0,,,,8,35.9,4.5,0.0,0.0,0,0,,,2026-04-17 17:45:25
1452,,LOT-20260410-001,,,,Frijol,Peruano,2949,cam2_20260417_120023.jpg,ambient,2951,cam2_20260417_120025.jpg,,2,27.4,48,100,2153,0,15,0.0,,,,8,36.1,4.5,0.0,0.0,0,0,,,2026-04-17 18:00:25
1454,,LOT-20260410-001,,,,Frijol,Peruano,2952,cam2_20260417_121523.jpg,ambient,2955,cam2_20260417_121525.jpg,,2,27.5,47,100,2168,0,15,0.0,,,,8,36.3,4.5,0.0,0.0,0,0,,,2026-04-17 18:15:25
1456,,LOT-20260410-001,,,,Frijol,Peruano,2956,cam2_20260417_123023.jpg,ambient,2959,cam2_20260417_123025.jpg,,2,26.8,42,100,2178,0,15,0.0,,,,8,36.3,4.5,0.0,0.0,0,0,,,2026-04-17 18:30:25
1458,,LOT-20260410-001,,,,Frijol,Peruano,2960,cam2_20260417_124523.jpg,ambient,2963,cam2_20260417_124525.jpg,,2,26.1,40,100,2178,0,15,0.0,,,,8,36.3,4.5,0.0,0.0,0,0,,,2026-04-17 18:45:25
1459,,LOT-20260410-001,,,,Frijol,Peruano,2964,cam2_20260417_130023.jpg,ambient,2966,cam2_20260417_130025.jpg,,2,25.8,40,100,2178,0,15,0.0,,,,8,36.3,4.5,0.0,0.0,0,0,,,2026-04-17 19:00:25
1462,,LOT-20260410-001,,,,Frijol,Peruano,2968,cam2_20260417_131523.jpg,ambient,2971,cam2_20260417_131525.jpg,,2,25.5,40,100,2178,0,15,0.0,,,,8,36.3,4.5,0.0,0.0,0,0,,,2026-04-17 19:15:26
1463,,LOT-20260410-001,,,,Frijol,Peruano,2972,cam2_20260417_133023.jpg,ambient,2975,cam2_20260417_133026.jpg,,2,25.3,43,100,2178,0,15,0.0,,,,8,36.3,4.5,0.0,0.0,0,0,,,2026-04-17 19:30:26
1465,,LOT-20260410-001,,,,Frijol,Peruano,2976,cam2_20260417_134523.jpg,ambient,2978,cam2_20260417_134525.jpg,,2,25.3,43,100,2178,0,15,0.0,,,,8,36.3,4.5,0.0,0.0,0,0,,,2026-04-17 19:45:26
1467,,LOT-20260410-001,,,,Frijol,Peruano,2980,cam2_20260417_140023.jpg,ambient,2982,cam2_20260417_140026.jpg,,2,25.3,44,100,2178,0,15,0.0,,,,8,36.3,4.5,0.0,0.0,0,0,,,2026-04-17 20:00:26
1469,,LOT-20260410-001,,,,Frijol,Peruano,2984,cam2_20260417_141523.jpg,ambient,2986,cam2_20260417_141526.jpg,,2,25.2,46,100,2178,0,15,0.0,,,,8,36.3,4.5,0.0,0.0,0,0,,,2026-04-17 20:15:26
1472,,LOT-20260410-001,,,,Frijol,Peruano,2988,cam2_20260417_143025.jpg,ambient,2991,cam2_20260417_143027.jpg,,2,25.5,44,100,2186,0,15,0.0,,,,8,36.4,4.6,0.0,0.0,0,0,,,2026-04-17 20:30:28
1473,,LOT-20260410-001,,,,Frijol,Peruano,2992,cam2_20260417_144606.jpg,ambient,2994,cam2_20260417_144608.jpg,,2,25.5,42,100,2192,0,15,0.0,,,,8,36.8,4.6,0.0,0.0,0,0,,,2026-04-17 20:46:10
1475,,LOT-20260410-001,,,,Frijol,Peruano,2996,cam2_20260417_150106.jpg,ambient,2998,cam2_20260417_150108.jpg,,2,25.8,42,100,2207,0,15,0.0,,,,8,37.0,4.6,0.0,0.0,0,0,,,2026-04-17 21:01:08
1477,,LOT-20260410-001,,,,Frijol,Peruano,3000,cam2_20260417_151606.jpg,ambient,3002,cam2_20260417_151608.jpg,,2,25.9,42,100,2222,0,15,0.0,,,,8,37.3,4.7,0.0,0.0,0,0,,,2026-04-17 21:16:08
1480,,LOT-20260410-001,,,,Frijol,Peruano,3004,cam2_20260417_153106.jpg,ambient,3007,cam2_20260417_153108.jpg,,2,25.9,40,100,2237,0,15,0.0,,,,8,37.5,4.7,0.0,0.0,0,0,,,2026-04-17 21:31:08
1481,,LOT-20260410-001,,,,Frijol,Peruano,3008,cam2_20260417_154606.jpg,ambient,3010,cam2_20260417_154608.jpg,,2,25.9,40,100,2252,0,15,0.0,,,,8,37.8,4.7,0.0,0.0,0,0,,,2026-04-17 21:46:08
1484,,LOT-20260410-001,,,,Frijol,Peruano,3013,cam2_20260417_160106.jpg,ambient,3015,cam2_20260417_160108.jpg,,2,25.9,40,100,2267,0,15,0.0,,,,8,38.0,4.8,0.0,0.0,0,0,,,2026-04-17 22:01:08
1485,,LOT-20260410-001,,,,Frijol,Peruano,3016,cam2_20260417_161606.jpg,ambient,3018,cam2_20260417_161608.jpg,,2,25.8,39,100,2282,0,15,0.0,,,,8,38.3,4.8,0.0,0.0,0,0,,,2026-04-17 22:16:08
1488,,LOT-20260410-001,,,,Frijol,Peruano,3020,cam2_20260417_163106.jpg,ambient,3023,cam2_20260417_163108.jpg,,2,25.8,39,100,2297,0,15,0.0,,,,8,38.4,4.8,0.0,0.0,0,0,,,2026-04-17 22:31:08
1490,,LOT-20260410-001,,,,Frijol,Peruano,3024,cam2_20260417_164606.jpg,ambient,3027,cam2_20260417_164608.jpg,,2,25.6,39,100,2306,0,15,0.0,,,,8,38.4,4.8,0.0,0.0,0,0,,,2026-04-17 22:46:09
1491,,LOT-20260410-001,,,,Frijol,Peruano,3028,cam2_20260417_170106.jpg,ambient,3030,cam2_20260417_170108.jpg,,2,25.3,41,100,2306,0,15,0.0,,,,8,38.4,4.8,0.0,0.0,0,0,,,2026-04-17 23:01:08
1493,,LOT-20260410-001,,,,Frijol,Peruano,3032,cam2_20260417_171606.jpg,ambient,3034,cam2_20260417_171608.jpg,,2,25.2,41,100,2306,0,15,0.0,,,,8,38.4,4.8,0.0,0.0,0,0,,,2026-04-17 23:16:09
1496,,LOT-20260410-001,,,,Frijol,Peruano,3036,cam2_20260417_173106.jpg,ambient,3039,cam2_20260417_173108.jpg,,2,25.1,42,100,2306,0,15,0.0,,,,8,38.4,4.8,0.0,0.0,0,0,,,2026-04-17 23:31:09
1498,,LOT-20260410-001,,,,Frijol,Peruano,3040,cam2_20260417_174606.jpg,ambient,3043,cam2_20260417_174609.jpg,,2,25,42,100,2306,0,15,0.0,,,,8,38.4,4.8,0.0,0.0,0,0,,,2026-04-17 23:46:09
1499,,LOT-20260410-001,,,,Frijol,Peruano,3044,cam2_20260417_180106.jpg,ambient,3046,cam2_20260417_180108.jpg,,2,25,43,100,2306,0,15,0.0,,,,8,38.4,4.8,0.0,0.0,0,0,,,2026-04-18 00:01:09
1502,,LOT-20260410-001,,,,Frijol,Peruano,3048,cam2_20260417_181606.jpg,ambient,3050,cam2_20260417_181609.jpg,,2,24.9,42,100,2306,0,15,0.0,,,,8,38.4,4.8,0.0,0.0,0,0,,,2026-04-18 00:16:09
1503,,LOT-20260410-001,,,,Frijol,Peruano,3052,cam2_20260417_183106.jpg,ambient,3054,cam2_20260417_183109.jpg,,2,24.9,43,100,2306,0,15,0.0,,,,8,38.4,4.8,0.0,0.0,0,0,,,2026-04-18 00:31:09
1506,,LOT-20260410-001,,,,Frijol,Peruano,3056,cam2_20260417_184606.jpg,ambient,3058,cam2_20260417_184609.jpg,,2,25.1,48,100,2306,0,15,0.0,,,,8,38.4,4.8,0.0,0.0,0,0,,,2026-04-18 00:46:09
1507,,LOT-20260410-001,,,,Frijol,Peruano,3060,cam2_20260417_190107.jpg,ambient,3062,cam2_20260417_190109.jpg,,2,25.3,52,100,2306,0,15,0.0,,,,8,38.4,4.8,0.0,0.0,0,0,,,2026-04-18 01:01:09
1509,,LOT-20260410-001,,,,Frijol,Peruano,3064,cam2_20260417_191607.jpg,ambient,3067,cam2_20260417_191609.jpg,,2,25.5,53,100,2306,0,15,0.0,,,,8,38.4,4.8,0.0,0.0,0,0,,,2026-04-18 01:16:09
1511,,LOT-20260410-001,,,,Frijol,Peruano,3068,cam2_20260417_193107.jpg,ambient,3070,cam2_20260417_193109.jpg,,2,25.6,54,100,2307,0,15,0.0,,,,8,38.5,4.8,0.0,0.0,0,0,,,2026-04-18 01:31:09
1514,,LOT-20260410-001,,,,Frijol,Peruano,3072,cam2_20260417_194607.jpg,ambient,3075,cam2_20260417_194609.jpg,,2,25.8,57,100,2307,0,15,0.0,,,,8,38.5,4.8,0.0,0.0,0,0,,,2026-04-18 01:46:09
1516,,LOT-20260410-001,,,,Frijol,Peruano,3076,cam2_20260417_200107.jpg,ambient,3079,cam2_20260417_200109.jpg,,2,25.8,57,100,2307,0,15,0.0,,,,8,38.5,4.8,0.0,0.0,0,0,,,2026-04-18 02:01:10
1517,,LOT-20260410-001,,,,Frijol,Peruano,3080,cam2_20260417_201607.jpg,ambient,3082,cam2_20260417_201609.jpg,,2,26,45,100,2307,0,15,0.0,,,,8,38.5,4.8,0.0,0.0,0,0,,,2026-04-18 02:16:10
1519,,LOT-20260410-001,,,,Frijol,Peruano,3084,cam2_20260417_203107.jpg,ambient,3086,cam2_20260417_203109.jpg,,2,26.1,46,100,2307,0,15,0.0,,,,8,38.5,4.8,0.0,0.0,0,0,,,2026-04-18 02:31:10
1521,,LOT-20260410-001,,,,Frijol,Peruano,3088,cam2_20260417_204607.jpg,ambient,3090,cam2_20260417_204610.jpg,,2,26.2,48,100,2307,0,15,0.0,,,,8,38.5,4.8,0.0,0.0,0,0,,,2026-04-18 02:46:10
1524,,LOT-20260410-001,,,,Frijol,Peruano,3092,cam2_20260417_210107.jpg,ambient,3095,cam2_20260417_210110.jpg,,2,25.5,42,100,2307,0,15,0.0,,,,8,38.5,4.8,0.0,0.0,0,0,,,2026-04-18 03:01:10
1525,,LOT-20260410-001,,,,Frijol,Peruano,3096,cam2_20260417_211607.jpg,ambient,3098,cam2_20260417_211610.jpg,,2,25.5,45,100,2308,0,15,0.0,,,,8,38.5,4.8,0.0,0.0,0,0,,,2026-04-18 03:16:10
1527,,LOT-20260410-001,,,,Frijol,Peruano,3100,cam2_20260417_213108.jpg,ambient,3102,cam2_20260417_213110.jpg,,2,25.3,47,100,2308,0,15,0.0,,,,8,38.5,4.8,0.0,0.0,0,0,,,2026-04-18 03:31:10
1529,,LOT-20260410-001,,,,Frijol,Peruano,3104,cam2_20260417_214608.jpg,ambient,3106,cam2_20260417_214610.jpg,,2,25.2,48,100,2308,0,15,0.0,,,,8,38.5,4.8,0.0,0.0,0,0,,,2026-04-18 03:46:10
1532,,LOT-20260410-001,,,,Frijol,Peruano,3108,cam2_20260417_220108.jpg,ambient,3111,cam2_20260417_220110.jpg,,2,25.1,48,100,2308,0,15,0.0,,,,8,38.5,4.8,0.0,0.0,0,0,,,2026-04-18 04:01:10
1533,,LOT-20260410-001,,,,Frijol,Peruano,3112,cam2_20260417_221608.jpg,ambient,3114,cam2_20260417_221610.jpg,,2,25,49,100,2308,0,15,0.0,,,,8,38.5,4.8,0.0,0.0,0,0,,,2026-04-18 04:16:10
1535,,LOT-20260410-001,,,,Frijol,Peruano,3116,cam2_20260417_223108.jpg,ambient,3118,cam2_20260417_223110.jpg,,2,25.1,47,100,2310,0,15,0.0,,,,8,38.5,4.8,0.0,0.0,0,0,,,2026-04-18 04:31:10
1538,,LOT-20260410-001,,,,Frijol,Peruano,3120,cam2_20260417_224608.jpg,ambient,3123,cam2_20260417_224610.jpg,,2,25.3,45,100,2325,0,15,0.0,,,,8,39.0,4.9,0.0,0.0,0,0,,,2026-04-18 04:46:10
1541,,LOT-20260410-001,,,,Frijol,Peruano,3128,cam2_20260417_233108.jpg,ambient,3129,cam2_20260417_233110.jpg,,2,25.6,45,100,2370,0,15,0.0,,,,8,39.8,5.0,0.0,0.0,0,0,,,2026-04-18 05:31:10
1542,,LOT-20260410-001,,,,Frijol,Peruano,3130,cam2_20260417_234608.jpg,ambient,3131,cam2_20260417_234610.jpg,,2,25.6,44,100,2385,0,15,0.0,,,,8,40.0,5.0,0.0,0.0,0,0,,,2026-04-18 05:46:11
1543,,LOT-20260410-001,,,,Frijol,Peruano,3132,cam2_20260418_000108.jpg,ambient,3133,cam2_20260418_000110.jpg,,2,25.7,44,100,2400,0,15,0.0,,,,8,40.0,5.0,0.0,0.0,0,0,,,2026-04-18 06:01:10
1544,,LOT-20260410-001,,,,Frijol,Peruano,3134,cam2_20260418_001608.jpg,ambient,3135,cam2_20260418_001610.jpg,,2,25.8,50,100,2402,0,15,0.0,,,,8,40.0,5.0,0.0,0.0,0,0,,,2026-04-18 06:16:11
1545,,LOT-20260410-001,,,,Frijol,Peruano,3136,cam2_20260418_003108.jpg,ambient,3137,cam2_20260418_003110.jpg,,2,25.8,55,100,2402,0,15,0.0,,,,8,40.0,5.0,0.0,0.0,0,0,,,2026-04-18 06:31:10
1546,,LOT-20260410-001,,,,Frijol,Peruano,3138,cam2_20260418_004608.jpg,ambient,3139,cam2_20260418_004610.jpg,,2,25.8,54,100,2402,0,15,0.0,,,,8,40.0,5.0,0.0,0.0,0,0,,,2026-04-18 06:46:11
1547,,LOT-20260410-001,,,,Frijol,Peruano,3140,cam2_20260418_010108.jpg,ambient,3141,cam2_20260418_010110.jpg,,2,25.8,56,100,2402,0,15,0.0,,,,8,40.0,5.0,0.0,0.0,0,0,,,2026-04-18 07:01:11
1548,,LOT-20260410-001,,,,Frijol,Peruano,3142,cam2_20260418_011608.jpg,ambient,3143,cam2_20260418_011610.jpg,,2,25.8,54,100,2402,0,15,0.0,,,,8,40.0,5.0,0.0,0.0,0,0,,,2026-04-18 07:16:11
1549,,LOT-20260410-001,,,,Frijol,Peruano,3144,cam2_20260418_013108.jpg,ambient,3145,cam2_20260418_013111.jpg,,2,25.8,55,100,2402,0,15,0.0,,,,8,40.0,5.0,0.0,0.0,0,0,,,2026-04-18 07:31:11
1550,,LOT-20260410-001,,,,Frijol,Peruano,3146,cam2_20260418_014608.jpg,ambient,3147,cam2_20260418_014611.jpg,,2,25.8,54,100,2402,0,15,0.0,,,,8,40.0,5.0,0.0,0.0,0,0,,,2026-04-18 07:46:11
1551,,LOT-20260410-001,,,,Frijol,Peruano,3148,cam2_20260418_020109.jpg,ambient,3149,cam2_20260418_020111.jpg,,2,25.8,58,100,2402,0,15,0.0,,,,8,40.0,5.0,0.0,0.0,0,0,,,2026-04-18 08:01:11
1552,,LOT-20260410-001,,,,Frijol,Peruano,3150,cam2_20260418_021609.jpg,ambient,3151,cam2_20260418_021611.jpg,,2,25.8,60,100,2402,0,15,0.0,,,,8,40.0,5.0,0.0,0.0,0,0,,,2026-04-18 08:16:11
1553,,LOT-20260410-001,,,,Frijol,Peruano,3152,cam2_20260418_023109.jpg,ambient,3153,cam2_20260418_023111.jpg,,2,25.9,60,100,2402,0,15,0.0,,,,9,40.0,4.4,0.0,0.0,0,0,,,2026-04-18 08:31:11
1554,,LOT-20260410-001,,,,Frijol,Peruano,3154,cam2_20260418_024609.jpg,ambient,3155,cam2_20260418_024611.jpg,,2,25.8,55,100,2402,0,15,0.0,,,,9,40.0,4.4,0.0,0.0,0,0,,,2026-04-18 08:46:11
1555,,LOT-20260410-001,,,,Frijol,Peruano,3156,cam2_20260418_030109.jpg,ambient,3157,cam2_20260418_030111.jpg,,2,25.8,54,100,2402,0,15,0.0,,,,9,40.0,4.4,0.0,0.0,0,0,,,2026-04-18 09:01:11
1556,,LOT-20260410-001,,,,Frijol,Peruano,3158,cam2_20260418_031609.jpg,ambient,3159,cam2_20260418_031611.jpg,,2,25.8,51,100,2402,0,15,0.0,,,,9,40.0,4.4,0.0,0.0,0,0,,,2026-04-18 09:16:11
1557,,LOT-20260410-001,,,,Frijol,Peruano,3160,cam2_20260418_033109.jpg,ambient,3161,cam2_20260418_033111.jpg,,2,25.8,54,100,2402,0,15,0.0,,,,9,40.0,4.4,0.0,0.0,0,0,,,2026-04-18 09:31:11
1558,,LOT-20260410-001,,,,Frijol,Peruano,3162,cam2_20260418_034609.jpg,ambient,3163,cam2_20260418_034611.jpg,,2,25.8,54,100,2402,0,15,0.0,,,,9,40.0,4.4,0.0,0.0,0,0,,,2026-04-18 09:46:11
1559,,LOT-20260410-001,,,,Frijol,Peruano,3164,cam2_20260418_040109.jpg,ambient,3165,cam2_20260418_040111.jpg,,2,25.8,53,100,2402,0,15,0.0,,,,9,40.0,4.4,0.0,0.0,0,0,,,2026-04-18 10:01:11
1560,,LOT-20260410-001,,,,Frijol,Peruano,3166,cam2_20260418_041609.jpg,ambient,3167,cam2_20260418_041611.jpg,,2,25.8,51,100,2402,0,15,0.0,,,,9,40.0,4.4,0.0,0.0,0,0,,,2026-04-18 10:16:12
1561,,LOT-20260410-001,,,,Frijol,Peruano,3168,cam2_20260418_043109.jpg,ambient,3169,cam2_20260418_043111.jpg,,2,25.8,51,100,2402,0,15,0.0,,,,9,40.0,4.4,0.0,0.0,0,0,,,2026-04-18 10:31:11
1562,,LOT-20260410-001,,,,Frijol,Peruano,3170,cam2_20260418_044609.jpg,ambient,3171,cam2_20260418_044611.jpg,,2,25.8,50,100,2402,0,15,0.0,,,,9,40.0,4.4,0.0,0.0,0,0,,,2026-04-18 10:46:11
1563,,LOT-20260410-001,,,,Frijol,Peruano,3172,cam2_20260418_050109.jpg,ambient,3173,cam2_20260418_050111.jpg,,2,25.8,48,100,2402,0,15,0.0,,,,9,40.0,4.4,0.0,0.0,0,0,,,2026-04-18 11:01:11
1564,,LOT-20260410-001,,,,Frijol,Peruano,3174,cam2_20260418_051609.jpg,ambient,3175,cam2_20260418_051611.jpg,,2,25.7,47,100,2402,0,15,0.0,,,,9,40.0,4.4,0.0,0.0,0,0,,,2026-04-18 11:16:12
1565,,LOT-20260410-001,,,,Frijol,Peruano,3176,cam2_20260418_053109.jpg,ambient,3177,cam2_20260418_053111.jpg,,2,25.8,49,100,2402,0,15,0.0,,,,9,40.0,4.4,0.0,0.0,0,0,,,2026-04-18 11:31:12
1566,,LOT-20260410-001,,,,Frijol,Peruano,3178,cam2_20260418_054609.jpg,ambient,3179,cam2_20260418_054611.jpg,,2,25.8,47,100,2402,0,15,0.0,,,,9,40.0,4.4,0.0,0.0,0,0,,,2026-04-18 11:46:12
1567,,LOT-20260410-001,,,,Frijol,Peruano,3180,cam2_20260418_060109.jpg,ambient,3181,cam2_20260418_060111.jpg,,2,25.7,48,100,2402,0,15,0.0,,,,9,40.0,4.4,0.0,0.0,0,0,,,2026-04-18 12:01:12
1568,,LOT-20260410-001,,,,Frijol,Peruano,3182,cam2_20260418_061609.jpg,ambient,3183,cam2_20260418_061611.jpg,,2,25.7,48,100,2403,0,15,0.0,,,,9,40.0,4.4,0.0,0.0,0,0,,,2026-04-18 12:16:12
1569,,LOT-20260410-001,,,,Frijol,Peruano,3184,cam2_20260418_063109.jpg,ambient,3185,cam2_20260418_063111.jpg,,2,25.7,48,100,2403,0,15,0.0,,,,9,40.0,4.4,0.0,0.0,0,0,,,2026-04-18 12:31:12
1570,,LOT-20260410-001,,,,Frijol,Peruano,3186,cam2_20260418_064609.jpg,ambient,3187,cam2_20260418_064611.jpg,,2,25.7,46,100,2403,0,15,0.0,,,,9,40.0,4.4,0.0,0.0,0,0,,,2026-04-18 12:46:12
1571,,LOT-20260410-001,,,,Frijol,Peruano,3188,cam2_20260418_070109.jpg,ambient,3189,cam2_20260418_070112.jpg,,2,25.7,49,100,2403,0,15,0.0,,,,9,40.0,4.4,0.0,0.0,0,0,,,2026-04-18 13:01:12
1572,,LOT-20260410-001,,,,Frijol,Peruano,3190,cam2_20260418_071609.jpg,ambient,3191,cam2_20260418_071611.jpg,,2,25.7,50,100,2403,0,15,0.0,,,,9,40.0,4.4,0.0,0.0,0,0,,,2026-04-18 13:16:12
1573,,LOT-20260410-001,,,,Frijol,Peruano,3192,cam2_20260418_073109.jpg,ambient,3193,cam2_20260418_073112.jpg,,2,25.7,50,100,2403,0,15,0.0,,,,9,40.0,4.4,0.0,0.0,0,0,,,2026-04-18 13:31:12
1574,,LOT-20260410-001,,,,Frijol,Peruano,3194,cam2_20260418_074609.jpg,ambient,3195,cam2_20260418_074612.jpg,,2,25.7,49,100,2404,0,15,0.0,,,,9,40.3,4.5,0.0,0.0,0,0,,,2026-04-18 13:46:12
1575,,LOT-20260410-001,,,,Frijol,Peruano,3196,cam2_20260418_080109.jpg,ambient,3197,cam2_20260418_080112.jpg,,2,26.1,47,100,2419,0,15,0.0,,,,9,40.6,4.5,0.0,0.0,0,0,,,2026-04-18 14:01:12
1576,,LOT-20260410-001,,,,Frijol,Peruano,3198,cam2_20260418_081609.jpg,ambient,3199,cam2_20260418_081612.jpg,,2,26.4,46,100,2434,0,15,0.0,,,,9,40.8,4.5,0.0,0.0,0,0,,,2026-04-18 14:16:12
1577,,LOT-20260410-001,,,,Frijol,Peruano,3200,cam2_20260418_083109.jpg,ambient,3201,cam2_20260418_083111.jpg,,2,26.4,44,100,2449,0,15,0.0,,,,9,41.1,4.6,0.0,0.0,0,0,,,2026-04-18 14:31:12
1578,,LOT-20260410-001,,,,Frijol,Peruano,3202,cam2_20260418_084609.jpg,ambient,3203,cam2_20260418_084612.jpg,,2,26.5,43,100,2464,0,15,0.0,,,,9,41.3,4.6,0.0,0.0,0,0,,,2026-04-18 14:46:12
1579,,LOT-20260410-001,,,,Frijol,Peruano,3204,cam2_20260418_090109.jpg,ambient,3205,cam2_20260418_090111.jpg,,2,26.5,44,100,2479,0,15,0.0,,,,9,41.6,4.6,0.0,0.0,0,0,,,2026-04-18 15:01:12
1580,,LOT-20260410-001,,,,Frijol,Peruano,3206,cam2_20260418_091609.jpg,ambient,3207,cam2_20260418_091611.jpg,,2,26.6,44,100,2494,0,15,0.0,,,,9,41.8,4.6,0.0,0.0,0,0,,,2026-04-18 15:16:12
1581,,LOT-20260410-001,,,,Frijol,Peruano,3208,cam2_20260418_093109.jpg,ambient,3209,cam2_20260418_093112.jpg,,2,26.8,43,100,2509,0,15,0.0,,,,9,42.1,4.7,0.0,0.0,0,0,,,2026-04-18 15:31:12
1582,,LOT-20260410-001,,,,Frijol,Peruano,3210,cam2_20260418_094609.jpg,ambient,3211,cam2_20260418_094612.jpg,,2,26.8,43,100,2524,0,15,0.0,,,,9,42.3,4.7,0.0,0.0,0,0,,,2026-04-18 15:46:12
1583,,LOT-20260410-001,,,,Frijol,Peruano,3212,cam2_20260418_100109.jpg,ambient,3213,cam2_20260418_100112.jpg,,2,26.9,44,100,2539,0,15,0.0,,,,9,42.6,4.7,0.0,0.0,0,0,,,2026-04-18 16:01:12
1584,,LOT-20260410-001,,,,Frijol,Peruano,3214,cam2_20260418_101609.jpg,ambient,3215,cam2_20260418_101612.jpg,,2,27,43,100,2554,0,15,0.0,,,,9,42.8,4.8,0.0,0.0,0,0,,,2026-04-18 16:16:12
1585,,LOT-20260410-001,,,,Frijol,Peruano,3216,cam2_20260418_103109.jpg,ambient,3217,cam2_20260418_103112.jpg,,2,27.1,41,100,2569,0,15,0.0,,,,9,43.0,4.8,0.0,0.0,0,0,,,2026-04-18 16:31:12
1586,,LOT-20260410-001,,,,Frijol,Peruano,3218,cam2_20260418_104610.jpg,ambient,3219,cam2_20260418_104612.jpg,,2,27.1,42,100,2583,0,15,0.0,,,,9,43.0,4.8,0.0,0.0,0,0,,,2026-04-18 16:46:12
1587,,LOT-20260410-001,,,,Frijol,Peruano,3220,cam2_20260418_110110.jpg,ambient,3221,cam2_20260418_110112.jpg,,2,26.8,44,100,2583,0,15,0.0,,,,9,43.0,4.8,0.0,0.0,0,0,,,2026-04-18 17:01:12
1588,,LOT-20260410-001,,,,Frijol,Peruano,3222,cam2_20260418_111609.jpg,ambient,3223,cam2_20260418_111612.jpg,,2,26.6,45,100,2583,0,15,0.0,,,,9,43.0,4.8,0.0,0.0,0,0,,,2026-04-18 17:16:12
1589,,LOT-20260410-001,,,,Frijol,Peruano,3224,cam2_20260418_113110.jpg,ambient,3225,cam2_20260418_113112.jpg,,2,26.5,47,100,2583,0,15,0.0,,,,9,43.0,4.8,0.0,0.0,0,0,,,2026-04-18 17:31:12
1590,,LOT-20260410-001,,,,Frijol,Peruano,3226,cam2_20260418_114610.jpg,ambient,3227,cam2_20260418_114612.jpg,,2,26.4,53,97.2,2583,0,15,0.0,,,,9,43.0,4.8,0.0,0.0,0,0,,,2026-04-18 17:46:12
1591,,LOT-20260410-001,,,,Frijol,Peruano,3228,cam2_20260418_120110.jpg,ambient,3229,cam2_20260418_120112.jpg,,2,26.4,53,100,2583,0,15,0.0,,,,9,43.0,4.8,0.0,0.0,0,0,,,2026-04-18 18:01:12
1592,,LOT-20260410-001,,,,Frijol,Peruano,3230,cam2_20260418_121610.jpg,ambient,3231,cam2_20260418_121612.jpg,,2,26.4,54,88,2583,0,15,0.0,,,,9,43.0,4.8,0.0,0.0,0,0,,,2026-04-18 18:16:12
1593,,LOT-20260410-001,,,,Frijol,Peruano,3232,cam2_20260418_123110.jpg,ambient,3233,cam2_20260418_123112.jpg,,2,26.4,55,88,2583,0,15,0.0,,,,9,43.0,4.8,0.0,0.0,0,0,,,2026-04-18 18:31:12
1594,,LOT-20260410-001,,,,Frijol,Peruano,3234,cam2_20260418_124610.jpg,ambient,3235,cam2_20260418_124612.jpg,,2,26.3,57,90.7,2583,0,15,0.0,,,,9,43.0,4.8,0.0,0.0,0,0,,,2026-04-18 18:46:12
1595,,LOT-20260410-001,,,,Frijol,Peruano,3236,cam2_20260418_130110.jpg,ambient,3237,cam2_20260418_130112.jpg,,2,26.4,55,80.6,2583,0,15,0.0,,,,9,43.0,4.8,0.0,0.0,0,0,,,2026-04-18 19:01:12
1596,,LOT-20260410-001,,,,Frijol,Peruano,3238,cam2_20260418_131610.jpg,ambient,3239,cam2_20260418_131612.jpg,,2,26.3,56,76.9,2583,0,15,0.0,,,,9,43.0,4.8,0.0,0.0,0,0,,,2026-04-18 19:16:12
1597,,LOT-20260410-001,,,,Frijol,Peruano,3240,cam2_20260418_133110.jpg,ambient,3241,cam2_20260418_133112.jpg,,2,26.4,53,71.4,2583,0,15,0.0,,,,9,43.0,4.8,0.0,0.0,0,0,,,2026-04-18 19:31:12
1598,,LOT-20260410-001,,,,Frijol,Peruano,3242,cam2_20260418_134610.jpg,ambient,3243,cam2_20260418_134612.jpg,,2,26.3,53,58,2583,0,15,0.0,,,,9,43.0,4.8,0.0,0.0,0,0,,,2026-04-18 19:46:12
1599,,LOT-20260410-001,,,,Frijol,Peruano,3244,cam2_20260418_140110.jpg,ambient,3245,cam2_20260418_140112.jpg,,2,26.4,52,58.9,2583,0,15,0.0,,,,9,43.0,4.8,0.0,0.0,0,0,,,2026-04-18 20:01:12
1600,,LOT-20260410-001,,,,Frijol,Peruano,3246,cam2_20260418_141610.jpg,ambient,3247,cam2_20260418_141612.jpg,,2,26.3,44,50.9,2583,0,15,0.0,,,,9,43.0,4.8,0.0,0.0,0,0,,,2026-04-18 20:16:12
1601,,LOT-20260410-001,,,,Frijol,Peruano,3248,cam2_20260418_143110.jpg,ambient,3249,cam2_20260418_143112.jpg,,2,25.7,43,56.3,2583,0,15,0.0,,,,9,43.0,4.8,0.0,0.0,0,0,,,2026-04-18 20:31:12
1602,,LOT-20260410-001,,,,Frijol,Peruano,3250,cam2_20260418_144610.jpg,ambient,3251,cam2_20260418_144612.jpg,,2,25.6,44,49.7,2583,0,15,0.0,,,,9,43.0,4.8,0.0,0.0,0,0,,,2026-04-18 20:46:13
1603,,LOT-20260410-001,,,,Frijol,Peruano,3252,cam2_20260418_150110.jpg,ambient,3253,cam2_20260418_150113.jpg,,2,25.6,44,49.7,2587,0,15,0.0,,,,9,43.4,4.8,0.0,0.0,0,0,,,2026-04-18 21:01:13
1604,,LOT-20260410-001,,,,Frijol,Peruano,3254,cam2_20260418_151610.jpg,ambient,3255,cam2_20260418_151613.jpg,,2,25.8,42,49.8,2602,0,15,0.0,,,,9,43.6,4.8,0.0,0.0,0,0,,,2026-04-18 21:16:13
1605,,LOT-20260410-001,,,,Frijol,Peruano,3256,cam2_20260418_153110.jpg,ambient,3257,cam2_20260418_153112.jpg,,2,25.9,41,49.5,2617,0,15,0.0,,,,9,43.9,4.9,0.0,0.0,0,0,,,2026-04-18 21:31:14
1606,,LOT-20260410-001,,,,Frijol,Peruano,3258,cam2_20260418_154610.jpg,ambient,3259,cam2_20260418_154613.jpg,,2,25.9,40,49.2,2632,0,15,0.0,,,,9,44.1,4.9,0.0,0.0,0,0,,,2026-04-18 21:46:13
1607,,LOT-20260410-001,,,,Frijol,Peruano,3260,cam2_20260418_160110.jpg,ambient,3261,cam2_20260418_160113.jpg,,2,25.9,40,48,2647,0,15,0.0,,,,9,44.4,4.9,0.0,0.0,0,0,,,2026-04-18 22:01:13
1608,,LOT-20260410-001,,,,Frijol,Peruano,3262,cam2_20260418_161610.jpg,ambient,3263,cam2_20260418_161613.jpg,,2,26.4,46,47.9,2662,0,15,0.0,,,,9,44.6,5.0,0.0,0.0,0,0,,,2026-04-18 22:16:13
1609,,LOT-20260410-001,,,,Frijol,Peruano,3264,cam2_20260418_163110.jpg,ambient,3265,cam2_20260418_163113.jpg,,2,26.8,45,47.5,2677,0,15,0.0,,,,9,44.9,5.0,0.0,0.0,0,0,,,2026-04-18 22:31:14
1610,,LOT-20260410-001,,,,Frijol,Peruano,3266,cam2_20260418_164610.jpg,ambient,3267,cam2_20260418_164613.jpg,,2,27,44,47.4,2692,0,15,0.0,,,,9,45.1,5.0,0.0,0.0,0,0,,,2026-04-18 22:46:14
1611,,LOT-20260410-001,,,,Frijol,Peruano,3268,cam2_20260418_170110.jpg,ambient,3269,cam2_20260418_170113.jpg,,2,27.1,42,47.3,2707,0,15,0.0,,,,9,45.4,5.0,0.0,0.0,0,0,,,2026-04-18 23:01:13
1612,,LOT-20260410-001,,,,Frijol,Peruano,3270,cam2_20260418_171610.jpg,ambient,3271,cam2_20260418_171613.jpg,,2,27.2,41,47.6,2722,0,15,0.0,,,,9,45.4,5.0,0.0,0.0,0,0,,,2026-04-18 23:16:13
1613,,LOT-20260410-001,,,,Frijol,Peruano,3272,cam2_20260418_173110.jpg,ambient,3273,cam2_20260418_173113.jpg,,2,27.3,42,47,2737,0,15,0.0,,,,9,45.9,5.1,0.0,0.0,0,0,,,2026-04-18 23:31:14
1614,,LOT-20260410-001,,,,Frijol,Peruano,3274,cam2_20260418_174610.jpg,ambient,3275,cam2_20260418_174613.jpg,,2,27.3,41,47.5,2752,0,15,0.0,,,,9,45.9,5.1,0.0,0.0,0,0,,,2026-04-18 23:46:13
1615,,LOT-20260410-001,,,,Frijol,Peruano,3276,cam2_20260418_180110.jpg,ambient,3277,cam2_20260418_180113.jpg,,2,27.4,41,46.7,2767,1,15,15.0,,,,9,46.4,5.2,0.0,0.0,0,0,,,2026-04-19 00:01:13
1616,,LOT-20260410-001,,,,Frijol,Peruano,3278,cam2_20260418_181610.jpg,ambient,3279,cam2_20260418_181613.jpg,,2,27.5,41,46.5,2782,0,15,0.0,,,,9,46.6,5.2,0.0,0.0,0,0,,,2026-04-19 00:16:13
1617,,LOT-20260410-001,,,,Frijol,Peruano,3280,cam2_20260418_183110.jpg,ambient,3281,cam2_20260418_183113.jpg,,2,27.4,40,46.1,2797,0,15,0.0,,,,9,46.9,5.2,0.0,0.0,0,0,,,2026-04-19 00:31:14
1618,,LOT-20260410-001,,,,Frijol,Peruano,3282,cam2_20260418_184610.jpg,ambient,3283,cam2_20260418_184613.jpg,,2,27.5,41,46.1,2812,0,15,0.0,,,,9,47.1,5.2,0.0,0.0,0,0,,,2026-04-19 00:46:14
1619,,LOT-20260410-001,,,,Frijol,Peruano,3284,cam2_20260418_190111.jpg,ambient,3285,cam2_20260418_190113.jpg,,2,27.5,40,45.7,2827,0,15,0.0,,,,9,47.4,5.3,0.0,0.0,0,0,,,2026-04-19 01:01:14
1620,,LOT-20260410-001,,,,Frijol,Peruano,3286,cam2_20260418_191611.jpg,ambient,3287,cam2_20260418_191613.jpg,,2,27.6,40,45.7,2842,0,15,0.0,,,,9,47.6,5.3,0.0,0.0,0,0,,,2026-04-19 01:16:14
1621,,LOT-20260410-001,,,,Frijol,Peruano,3288,cam2_20260418_193110.jpg,ambient,3289,cam2_20260418_193113.jpg,,2,27.6,41,45,2857,0,15,0.0,,,,9,47.9,5.3,0.0,0.0,0,0,,,2026-04-19 01:31:14
1622,,LOT-20260410-001,,,,Frijol,Peruano,3290,cam2_20260418_194610.jpg,ambient,3291,cam2_20260418_194613.jpg,,2,27.6,41,45.4,2871,0,15,0.0,,,,9,48.1,5.3,0.0,0.0,0,0,,,2026-04-19 01:46:13
1623,,LOT-20260410-001,,,,Frijol,Peruano,3292,cam2_20260418_200111.jpg,ambient,3293,cam2_20260418_200113.jpg,,2,27.6,42,44.8,2886,0,15,0.0,,,,9,48.4,5.4,0.0,0.0,0,0,,,2026-04-19 02:01:14
1624,,LOT-20260410-001,,,,Frijol,Peruano,3294,cam2_20260418_201611.jpg,ambient,3295,cam2_20260418_201613.jpg,,2,27.6,42,44.5,2901,0,15,0.0,,,,9,48.6,5.4,0.0,0.0,0,0,,,2026-04-19 02:16:14
1625,,LOT-20260410-001,,,,Frijol,Peruano,3296,cam2_20260418_203111.jpg,ambient,3297,cam2_20260418_203113.jpg,,2,27.6,42,43.9,2916,0,15,0.0,,,,9,48.9,5.4,0.0,0.0,0,0,,,2026-04-19 02:31:13
1626,,LOT-20260410-001,,,,Frijol,Peruano,3298,cam2_20260418_204611.jpg,ambient,3299,cam2_20260418_204614.jpg,,2,27.7,40,43.8,2931,0,15,0.0,,,,9,49.1,5.5,0.0,0.0,0,0,,,2026-04-19 02:46:14
1627,,LOT-20260410-001,,,,Frijol,Peruano,3300,cam2_20260418_210111.jpg,ambient,3301,cam2_20260418_210113.jpg,,2,27.7,42,43.3,2946,0,15,0.0,,,,9,49.2,5.5,0.0,0.0,0,0,,,2026-04-19 03:01:14
1628,,LOT-20260410-001,,,,Frijol,Peruano,3302,cam2_20260418_211611.jpg,ambient,3303,cam2_20260418_211613.jpg,,2,27.5,42,43.1,2952,0,15,0.0,,,,9,49.2,5.5,0.0,0.0,0,0,,,2026-04-19 03:16:14
1629,,LOT-20260410-001,,,,Frijol,Peruano,3304,cam2_20260418_213110.jpg,ambient,3305,cam2_20260418_213113.jpg,,2,27.3,45,42.8,2953,0,15,0.0,,,,9,49.2,5.5,0.0,0.0,0,0,,,2026-04-19 03:31:13
1630,,LOT-20260410-001,,,,Frijol,Peruano,3306,cam2_20260418_214610.jpg,ambient,3307,cam2_20260418_214613.jpg,,2,27.1,48,42.6,2953,0,15,0.0,,,,9,49.2,5.5,0.0,0.0,0,0,,,2026-04-19 03:46:13
1631,,LOT-20260410-001,,,,Frijol,Peruano,3308,cam2_20260418_220111.jpg,ambient,3309,cam2_20260418_220113.jpg,,2,27.1,48,42.7,2953,0,15,0.0,,,,9,49.2,5.5,0.0,0.0,0,0,,,2026-04-19 04:01:14
1632,,LOT-20260410-001,,,,Frijol,Peruano,3310,cam2_20260418_221611.jpg,ambient,3311,cam2_20260418_221613.jpg,,2,27,51,42.1,2953,0,15,0.0,,,,9,49.2,5.5,0.0,0.0,0,0,,,2026-04-19 04:16:13
1633,,LOT-20260410-001,,,,Frijol,Peruano,3312,cam2_20260418_223110.jpg,ambient,3313,cam2_20260418_223113.jpg,,2,27,50,42.2,2953,0,15,0.0,,,,9,49.2,5.5,0.0,0.0,0,0,,,2026-04-19 04:31:14
1634,,LOT-20260410-001,,,,Frijol,Peruano,3314,cam2_20260418_224611.jpg,ambient,3315,cam2_20260418_224613.jpg,,2,27,52,41.2,2953,0,15,0.0,,,,9,49.2,5.5,0.0,0.0,0,0,,,2026-04-19 04:46:14
1635,,LOT-20260410-001,,,,Frijol,Peruano,3316,cam2_20260418_230111.jpg,ambient,3317,cam2_20260418_230113.jpg,,2,27.1,53,40.6,2953,0,15,0.0,,,,9,49.2,5.5,0.0,0.0,0,0,,,2026-04-19 05:01:14
1636,,LOT-20260410-001,,,,Frijol,Peruano,3318,cam2_20260418_231611.jpg,ambient,3319,cam2_20260418_231613.jpg,,2,27.1,50,41,2953,0,15,0.0,,,,9,49.2,5.5,0.0,0.0,0,0,,,2026-04-19 05:16:13
1637,,LOT-20260410-001,,,,Frijol,Peruano,3320,cam2_20260418_232037.jpg,ambient,3321,cam2_20260418_232040.jpg,,2,27.2,50,40.7,2953,0,15,0.0,,,,9,49.2,5.5,0.0,0.0,0,0,,,2026-04-19 05:20:40
