plant_key,plant_instance_id,device_id,lot_id,position_tag,row_index,col_index,replacement_index,species,variety,classification,sub_classification,germinated_at,germinated_at_image_id,germinated_at_source,captured_at,lot_started_at,hours_from_start,lot_day,capture_group,ambient_image_id,ambient_image_filename,ambient_crop_path,flash_image_id,flash_image_filename,flash_crop_path,observation_id,temperature,temperature_ext,humidity,water_level,relay_light,relay_irrigation,relay_ventilation,had_light,had_ventilation,light_minutes_in_period,ventilation_minutes_in_period,light_minutes,ventilation_minutes,light_hours_accumulated,light_hours_per_day,vent_hours_accumulated,vent_hours_per_day,local_status,observed_at
germ-germinadorap-de5832|LOT-20260506-651F-009|r0_c0|rep0,LOT-20260506-651F-009:A1:R0,germ-germinadorap-de5832,LOT-20260506-651F-009,A1,0,0,0,Betabel,,c4,desarrollo_normal,2026-05-10 16:09:40,4676,manual,2026-05-06 21:08:47,2026-05-06 21:07:49,0.02,1,cg_1778101726061_2,3538,cam2_20260506_150847.jpg,crops/cam2_20260506_150847_r0_c0.jpg,3539,cam2_20260506_150849.jpg,crops/cam2_20260506_150849_r0_c0.jpg,6471,27.9,,36,100,0,0,0,0,0,0.0,0.0,0.0,0.0,0.0,0.0,0.0,0.0,,2026-05-06 21:08:50
germ-germinadorap-de5832|LOT-20260506-651F-009|r0_c0|rep0,LOT-20260506-651F-009:A1:R0,germ-germinadorap-de5832,LOT-20260506-651F-009,A1,0,0,0,Betabel,,c4,desarrollo_normal,2026-05-10 16:09:40,4676,manual,2026-05-06 21:41:09,2026-05-06 21:07:49,0.56,1,cg_1778103667169_2,3554,cam2_20260506_154108.jpg,crops/cam2_20260506_154108_r0_c0.jpg,3556,cam2_20260506_154111.jpg,crops/cam2_20260506_154111_r0_c0.jpg,6485,27.8,,37,100,0,0,0,0,0,0.0,0.0,0.0,0.0,0.6,0.6,0.0,0.0,,2026-05-06 21:41:11
germ-germinadorap-de5832|LOT-20260506-651F-009|r0_c0|rep0,LOT-20260506-651F-009:A1:R0,germ-germinadorap-de5832,LOT-20260506-651F-009,A1,0,0,0,Betabel,,c4,desarrollo_normal,2026-05-10 16:09:40,4676,manual,2026-05-06 21:56:09,2026-05-06 21:07:49,0.81,1,cg_1778104567168_2,3558,cam2_20260506_155609.jpg,crops/cam2_20260506_155609_r0_c0.jpg,3560,cam2_20260506_155612.jpg,crops/cam2_20260506_155612_r0_c0.jpg,6497,28.1,,44,100,0,0,0,0,0,0.0,0.0,0.0,0.0,0.8,0.8,0.0,0.0,,2026-05-06 21:56:13
germ-germinadorap-de5832|LOT-20260506-651F-009|r0_c0|rep0,LOT-20260506-651F-009:A1:R0,germ-germinadorap-de5832,LOT-20260506-651F-009,A1,0,0,0,Betabel,,c4,desarrollo_normal,2026-05-10 16:09:40,4676,manual,2026-05-06 22:11:50,2026-05-06 21:07:49,1.07,1,cg_1778105508313_2,3562,cam2_20260506_161149.jpg,crops/cam2_20260506_161149_r0_c0.jpg,3564,cam2_20260506_161152.jpg,crops/cam2_20260506_161152_r0_c0.jpg,6509,28.1,,41,100,0,0,0,0,0,0.0,0.0,0.0,0.0,1.1,1.1,0.0,0.0,,2026-05-06 22:11:54
germ-germinadorap-de5832|LOT-20260506-651F-009|r0_c0|rep0,LOT-20260506-651F-009:A1:R0,germ-germinadorap-de5832,LOT-20260506-651F-009,A1,0,0,0,Betabel,,c4,desarrollo_normal,2026-05-10 16:09:40,4676,manual,2026-05-06 22:27:46,2026-05-06 21:07:49,1.33,1,cg_1778106463519_2,3567,cam2_20260506_162745.jpg,crops/cam2_20260506_162745_r0_c0.jpg,3569,cam2_20260506_162751.jpg,crops/cam2_20260506_162751_r0_c0.jpg,6528,27.1,,38,100,0,0,0,0,0,0.0,0.0,0.0,0.0,1.2,1.2,0.0,0.0,,2026-05-06 22:27:52
germ-germinadorap-de5832|LOT-20260506-651F-009|r0_c0|rep0,LOT-20260506-651F-009:A1:R0,germ-germinadorap-de5832,LOT-20260506-651F-009,A1,0,0,0,Betabel,,c4,desarrollo_normal,2026-05-10 16:09:40,4676,manual,2026-05-06 22:42:46,2026-05-06 21:07:49,1.58,1,cg_1778107363505_2,3570,cam2_20260506_164245.jpg,crops/cam2_20260506_164245_r0_c0.jpg,3572,cam2_20260506_164249.jpg,crops/cam2_20260506_164249_r0_c0.jpg,6533,27.7,,37,100,0,0,0,0,0,0.0,0.0,0.0,0.0,1.2,1.2,0.0,0.0,,2026-05-06 22:42:50
germ-germinadorap-de5832|LOT-20260506-651F-009|r0_c0|rep0,LOT-20260506-651F-009:A1:R0,germ-germinadorap-de5832,LOT-20260506-651F-009,A1,0,0,0,Betabel,,c4,desarrollo_normal,2026-05-10 16:09:40,4676,manual,2026-05-06 22:58:41,2026-05-06 21:07:49,1.85,1,cg_1778108318726_2,3574,cam2_20260506_165840.jpg,crops/cam2_20260506_165840_r0_c0.jpg,3576,cam2_20260506_165843.jpg,crops/cam2_20260506_165843_r0_c0.jpg,6545,27.5,,36,100,0,0,0,0,0,0.0,0.0,0.0,0.0,1.2,1.2,0.0,0.0,,2026-05-06 22:58:45
germ-germinadorap-de5832|LOT-20260506-651F-009|r0_c0|rep0,LOT-20260506-651F-009:A1:R0,germ-germinadorap-de5832,LOT-20260506-651F-009,A1,0,0,0,Betabel,,c4,desarrollo_normal,2026-05-10 16:09:40,4676,manual,2026-05-06 23:13:41,2026-05-06 21:07:49,2.10,1,cg_1778109218719_2,3578,cam2_20260506_171340.jpg,crops/cam2_20260506_171340_r0_c0.jpg,3580,cam2_20260506_171343.jpg,crops/cam2_20260506_171343_r0_c0.jpg,6557,27.3,,36,100,0,0,0,0,0,0.0,0.0,0.0,0.0,1.2,1.2,0.0,0.0,,2026-05-06 23:13:45
germ-germinadorap-de5832|LOT-20260506-651F-009|r0_c0|rep0,LOT-20260506-651F-009:A1:R0,germ-germinadorap-de5832,LOT-20260506-651F-009,A1,0,0,0,Betabel,,c4,desarrollo_normal,2026-05-10 16:09:40,4676,manual,2026-05-06 23:28:40,2026-05-06 21:07:49,2.35,1,cg_1778110118717_2,3582,cam2_20260506_172840.jpg,crops/cam2_20260506_172840_r0_c0.jpg,3584,cam2_20260506_172842.jpg,crops/cam2_20260506_172842_r0_c0.jpg,6569,27.7,,35,100,0,0,0,0,0,0.0,0.0,0.0,0.0,1.2,1.2,0.0,0.0,,2026-05-06 23:28:43
germ-germinadorap-de5832|LOT-20260506-651F-009|r0_c0|rep0,LOT-20260506-651F-009:A1:R0,germ-germinadorap-de5832,LOT-20260506-651F-009,A1,0,0,0,Betabel,,c4,desarrollo_normal,2026-05-10 16:09:40,4676,manual,2026-05-06 23:43:41,2026-05-06 21:07:49,2.60,1,cg_1778111018719_2,3586,cam2_20260506_174340.jpg,crops/cam2_20260506_174340_r0_c0.jpg,3588,cam2_20260506_174343.jpg,crops/cam2_20260506_174343_r0_c0.jpg,6581,27.5,,36,100,0,0,0,0,0,0.0,0.0,0.0,0.0,1.2,1.2,0.0,0.0,,2026-05-06 23:43:45
germ-germinadorap-de5832|LOT-20260506-651F-009|r0_c0|rep0,LOT-20260506-651F-009:A1:R0,germ-germinadorap-de5832,LOT-20260506-651F-009,A1,0,0,0,Betabel,,c4,desarrollo_normal,2026-05-10 16:09:40,4676,manual,2026-05-06 23:58:41,2026-05-06 21:07:49,2.85,1,cg_1778111918733_2,3591,cam2_20260506_175840.jpg,crops/cam2_20260506_175840_r0_c0.jpg,3593,cam2_20260506_175847.jpg,crops/cam2_20260506_175847_r0_c0.jpg,6600,27.3,,36,94.4,0,0,0,0,0,0.0,0.0,0.0,0.0,1.2,1.2,0.0,0.0,,2026-05-06 23:58:48
germ-germinadorap-de5832|LOT-20260506-651F-009|r0_c0|rep0,LOT-20260506-651F-009:A1:R0,germ-germinadorap-de5832,LOT-20260506-651F-009,A1,0,0,0,Betabel,,c4,desarrollo_normal,2026-05-10 16:09:40,4676,manual,2026-05-07 00:13:41,2026-05-06 21:07:49,3.10,1,cg_1778112818736_2,3594,cam2_20260506_181340.jpg,crops/cam2_20260506_181340_r0_c0.jpg,3596,cam2_20260506_181344.jpg,crops/cam2_20260506_181344_r0_c0.jpg,6605,27.6,,37,100,0,0,0,1,0,15.0,0.0,0.0,0.0,1.2,1.2,0.0,0.0,,2026-05-07 00:13:45
germ-germinadorap-de5832|LOT-20260506-651F-009|r0_c0|rep0,LOT-20260506-651F-009:A1:R0,germ-germinadorap-de5832,LOT-20260506-651F-009,A1,0,0,0,Betabel,,c4,desarrollo_normal,2026-05-10 16:09:40,4676,manual,2026-05-07 01:01:26,2026-05-06 21:07:49,3.89,1,cg_1778115683524_2,3598,cam2_20260506_190125.jpg,crops/cam2_20260506_190125_r0_c0.jpg,3600,cam2_20260506_190129.jpg,crops/cam2_20260506_190129_r0_c0.jpg,6617,27.6,,42,100,0,0,0,0,0,0.0,0.0,0.0,0.0,1.2,1.2,0.0,0.0,,2026-05-07 01:01:31
germ-germinadorap-de5832|LOT-20260506-651F-009|r0_c0|rep0,LOT-20260506-651F-009:A1:R0,germ-germinadorap-de5832,LOT-20260506-651F-009,A1,0,0,0,Betabel,,c4,desarrollo_normal,2026-05-10 16:09:40,4676,manual,2026-05-07 04:18:20,2026-05-06 21:07:49,7.18,1,cg_1778127498310_2,3602,cam2_20260506_221819.jpg,crops/cam2_20260506_221819_r0_c0.jpg,3604,cam2_20260506_221822.jpg,crops/cam2_20260506_221822_r0_c0.jpg,6629,26.2,,43,100,0,0,0,0,0,0.0,0.0,68.0,0.0,1.2,1.2,0.0,0.0,,2026-05-07 04:18:24
germ-germinadorap-de5832|LOT-20260506-651F-009|r0_c0|rep0,LOT-20260506-651F-009:A1:R0,germ-germinadorap-de5832,LOT-20260506-651F-009,A1,0,0,0,Betabel,,c4,desarrollo_normal,2026-05-10 16:09:40,4676,manual,2026-05-07 04:33:20,2026-05-06 21:07:49,7.43,1,cg_1778128398314_2,3606,cam2_20260506_223319.jpg,crops/cam2_20260506_223319_r0_c0.jpg,3608,cam2_20260506_223322.jpg,crops/cam2_20260506_223322_r0_c0.jpg,6641,26.3,,42,97.2,0,0,0,0,0,0.0,0.0,68.0,0.0,1.2,1.2,0.0,0.0,,2026-05-07 04:33:23
germ-germinadorap-de5832|LOT-20260506-651F-009|r0_c0|rep0,LOT-20260506-651F-009:A1:R0,germ-germinadorap-de5832,LOT-20260506-651F-009,A1,0,0,0,Betabel,,c4,desarrollo_normal,2026-05-10 16:09:40,4676,manual,2026-05-07 04:48:20,2026-05-06 21:07:49,7.68,1,cg_1778129298319_2,3610,cam2_20260506_224819.jpg,crops/cam2_20260506_224819_r0_c0.jpg,3612,cam2_20260506_224822.jpg,crops/cam2_20260506_224822_r0_c0.jpg,6653,26.2,,42,100,0,0,0,0,0,0.0,0.0,68.0,0.0,1.2,1.2,0.0,0.0,,2026-05-07 04:48:23
germ-germinadorap-de5832|LOT-20260506-651F-009|r0_c0|rep0,LOT-20260506-651F-009:A1:R0,germ-germinadorap-de5832,LOT-20260506-651F-009,A1,0,0,0,Betabel,,c4,desarrollo_normal,2026-05-10 16:09:40,4676,manual,2026-05-07 05:03:20,2026-05-06 21:07:49,7.93,1,cg_1778130198322_2,3614,cam2_20260506_230320.jpg,crops/cam2_20260506_230320_r0_c0.jpg,3616,cam2_20260506_230322.jpg,crops/cam2_20260506_230322_r0_c0.jpg,6665,26.2,,43,100,0,0,0,0,0,0.0,0.0,69.0,0.0,1.2,1.2,0.0,0.0,,2026-05-07 05:03:23
germ-germinadorap-de5832|LOT-20260506-651F-009|r0_c0|rep0,LOT-20260506-651F-009:A1:R0,germ-germinadorap-de5832,LOT-20260506-651F-009,A1,0,0,0,Betabel,,c4,desarrollo_normal,2026-05-10 16:09:40,4676,manual,2026-05-07 05:18:20,2026-05-06 21:07:49,8.18,1,cg_1778131098329_2,3618,cam2_20260506_231819.jpg,crops/cam2_20260506_231819_r0_c0.jpg,3620,cam2_20260506_231822.jpg,crops/cam2_20260506_231822_r0_c0.jpg,6677,26.1,,42,98.1,0,0,0,0,0,0.0,0.0,69.0,0.0,1.2,1.2,0.0,0.0,,2026-05-07 05:18:23
germ-germinadorap-de5832|LOT-20260506-651F-009|r0_c0|rep0,LOT-20260506-651F-009:A1:R0,germ-germinadorap-de5832,LOT-20260506-651F-009,A1,0,0,0,Betabel,,c4,desarrollo_normal,2026-05-10 16:09:40,4676,manual,2026-05-07 05:33:20,2026-05-06 21:07:49,8.43,1,cg_1778131998332_2,3622,cam2_20260506_233319.jpg,crops/cam2_20260506_233319_r0_c0.jpg,3624,cam2_20260506_233322.jpg,crops/cam2_20260506_233322_r0_c0.jpg,6689,26.2,,46,99.1,0,0,0,0,0,0.0,0.0,69.0,0.0,1.2,1.2,0.0,0.0,,2026-05-07 05:33:23
germ-germinadorap-de5832|LOT-20260506-651F-009|r0_c0|rep0,LOT-20260506-651F-009:A1:R0,germ-germinadorap-de5832,LOT-20260506-651F-009,A1,0,0,0,Betabel,,c4,desarrollo_normal,2026-05-10 16:09:40,4676,manual,2026-05-07 05:48:20,2026-05-06 21:07:49,8.68,1,cg_1778132898336_2,3626,cam2_20260506_234819.jpg,crops/cam2_20260506_234819_r0_c0.jpg,3628,cam2_20260506_234822.jpg,crops/cam2_20260506_234822_r0_c0.jpg,6701,26.8,,52,100,0,0,0,0,0,0.0,0.0,69.0,0.0,1.2,1.2,0.0,0.0,,2026-05-07 05:48:23
germ-germinadorap-de5832|LOT-20260506-651F-009|r0_c0|rep0,LOT-20260506-651F-009:A1:R0,germ-germinadorap-de5832,LOT-20260506-651F-009,A1,0,0,0,Betabel,,c4,desarrollo_normal,2026-05-10 16:09:40,4676,manual,2026-05-07 06:03:20,2026-05-06 21:07:49,8.93,1,cg_1778133798338_2,3630,cam2_20260507_000319.jpg,crops/cam2_20260507_000319_r0_c0.jpg,3632,cam2_20260507_000322.jpg,crops/cam2_20260507_000322_r0_c0.jpg,6713,27.2,,51,100,0,0,0,0,0,0.0,0.0,69.0,0.0,1.2,1.2,0.0,0.0,,2026-05-07 06:03:23
germ-germinadorap-de5832|LOT-20260506-651F-009|r0_c0|rep0,LOT-20260506-651F-009:A1:R0,germ-germinadorap-de5832,LOT-20260506-651F-009,A1,0,0,0,Betabel,,c4,desarrollo_normal,2026-05-10 16:09:40,4676,manual,2026-05-07 06:18:20,2026-05-06 21:07:49,9.18,1,cg_1778134698344_2,3634,cam2_20260507_001820.jpg,crops/cam2_20260507_001820_r0_c0.jpg,3636,cam2_20260507_001822.jpg,crops/cam2_20260507_001822_r0_c0.jpg,6725,27.3,,54,96.3,0,0,0,0,0,0.0,0.0,69.0,0.0,1.2,1.2,0.0,0.0,,2026-05-07 06:18:23
germ-germinadorap-de5832|LOT-20260506-651F-009|r0_c0|rep0,LOT-20260506-651F-009:A1:R0,germ-germinadorap-de5832,LOT-20260506-651F-009,A1,0,0,0,Betabel,,c4,desarrollo_normal,2026-05-10 16:09:40,4676,manual,2026-05-07 06:33:20,2026-05-06 21:07:49,9.43,1,cg_1778135598346_2,3638,cam2_20260507_003319.jpg,crops/cam2_20260507_003319_r0_c0.jpg,3640,cam2_20260507_003322.jpg,crops/cam2_20260507_003322_r0_c0.jpg,6737,27.2,,53,80.6,0,0,0,0,0,0.0,0.0,69.0,0.0,1.2,1.2,0.0,0.0,,2026-05-07 06:33:23
germ-germinadorap-de5832|LOT-20260506-651F-009|r0_c0|rep0,LOT-20260506-651F-009:A1:R0,germ-germinadorap-de5832,LOT-20260506-651F-009,A1,0,0,0,Betabel,,c4,desarrollo_normal,2026-05-10 16:09:40,4676,manual,2026-05-07 06:48:20,2026-05-06 21:07:49,9.68,1,cg_1778136498352_2,3642,cam2_20260507_004819.jpg,crops/cam2_20260507_004819_r0_c0.jpg,3644,cam2_20260507_004822.jpg,crops/cam2_20260507_004822_r0_c0.jpg,6749,27.4,,53,58,0,0,0,0,0,0.0,0.0,69.0,0.0,1.2,1.2,0.0,0.0,,2026-05-07 06:48:23
germ-germinadorap-de5832|LOT-20260506-651F-009|r0_c0|rep0,LOT-20260506-651F-009:A1:R0,germ-germinadorap-de5832,LOT-20260506-651F-009,A1,0,0,0,Betabel,,c4,desarrollo_normal,2026-05-10 16:09:40,4676,manual,2026-05-07 07:03:20,2026-05-06 21:07:49,9.93,1,cg_1778137398355_2,3646,cam2_20260507_010319.jpg,crops/cam2_20260507_010319_r0_c0.jpg,3648,cam2_20260507_010322.jpg,crops/cam2_20260507_010322_r0_c0.jpg,6761,27.5,,52,100,0,0,0,0,0,0.0,0.0,69.0,0.0,1.2,1.2,0.0,0.0,,2026-05-07 07:03:23
germ-germinadorap-de5832|LOT-20260506-651F-009|r0_c0|rep0,LOT-20260506-651F-009:A1:R0,germ-germinadorap-de5832,LOT-20260506-651F-009,A1,0,0,0,Betabel,,c4,desarrollo_normal,2026-05-10 16:09:40,4676,manual,2026-05-07 07:18:20,2026-05-06 21:07:49,10.18,1,cg_1778138298363_2,3650,cam2_20260507_011819.jpg,crops/cam2_20260507_011819_r0_c0.jpg,3652,cam2_20260507_011823.jpg,crops/cam2_20260507_011823_r0_c0.jpg,6773,27.5,,48,100,0,0,0,0,0,0.0,0.0,69.0,0.0,1.2,1.2,0.0,0.0,,2026-05-07 07:18:24
germ-germinadorap-de5832|LOT-20260506-651F-009|r0_c0|rep0,LOT-20260506-651F-009:A1:R0,germ-germinadorap-de5832,LOT-20260506-651F-009,A1,0,0,0,Betabel,,c4,desarrollo_normal,2026-05-10 16:09:40,4676,manual,2026-05-07 07:33:20,2026-05-06 21:07:49,10.43,1,cg_1778139198367_2,3654,cam2_20260507_013319.jpg,crops/cam2_20260507_013319_r0_c0.jpg,3656,cam2_20260507_013322.jpg,crops/cam2_20260507_013322_r0_c0.jpg,6785,27.6,,50,89.8,0,0,0,0,0,0.0,0.0,69.0,0.0,1.2,1.2,0.0,0.0,,2026-05-07 07:33:23
germ-germinadorap-de5832|LOT-20260506-651F-009|r0_c0|rep0,LOT-20260506-651F-009:A1:R0,germ-germinadorap-de5832,LOT-20260506-651F-009,A1,0,0,0,Betabel,,c4,desarrollo_normal,2026-05-10 16:09:40,4676,manual,2026-05-07 07:48:20,2026-05-06 21:07:49,10.68,1,cg_1778140098373_2,3658,cam2_20260507_014819.jpg,crops/cam2_20260507_014819_r0_c0.jpg,3660,cam2_20260507_014822.jpg,crops/cam2_20260507_014822_r0_c0.jpg,6797,27.5,,51,90.7,0,0,0,0,0,0.0,0.0,69.0,0.0,1.2,1.2,0.0,0.0,,2026-05-07 07:48:23
germ-germinadorap-de5832|LOT-20260506-651F-009|r0_c0|rep0,LOT-20260506-651F-009:A1:R0,germ-germinadorap-de5832,LOT-20260506-651F-009,A1,0,0,0,Betabel,,c4,desarrollo_normal,2026-05-10 16:09:40,4676,manual,2026-05-07 08:03:20,2026-05-06 21:07:49,10.93,1,cg_1778140998374_2,3662,cam2_20260507_020319.jpg,crops/cam2_20260507_020319_r0_c0.jpg,3664,cam2_20260507_020322.jpg,crops/cam2_20260507_020322_r0_c0.jpg,6809,27.7,,52,98.1,0,0,0,0,0,0.0,0.0,69.0,0.0,1.3,1.3,0.0,0.0,,2026-05-07 08:03:23
germ-germinadorap-de5832|LOT-20260506-651F-009|r0_c0|rep0,LOT-20260506-651F-009:A1:R0,germ-germinadorap-de5832,LOT-20260506-651F-009,A1,0,0,0,Betabel,,c4,desarrollo_normal,2026-05-10 16:09:40,4676,manual,2026-05-07 08:18:20,2026-05-06 21:07:49,11.18,1,cg_1778141898378_2,3666,cam2_20260507_021819.jpg,crops/cam2_20260507_021819_r0_c0.jpg,3668,cam2_20260507_021822.jpg,crops/cam2_20260507_021822_r0_c0.jpg,6821,27.7,,49,84.3,0,0,0,0,0,0.0,0.0,69.0,0.0,1.5,1.5,0.0,0.0,,2026-05-07 08:18:23
germ-germinadorap-de5832|LOT-20260506-651F-009|r0_c0|rep0,LOT-20260506-651F-009:A1:R0,germ-germinadorap-de5832,LOT-20260506-651F-009,A1,0,0,0,Betabel,,c4,desarrollo_normal,2026-05-10 16:09:40,4676,manual,2026-05-07 08:33:20,2026-05-06 21:07:49,11.43,1,cg_1778142798383_2,3670,cam2_20260507_023319.jpg,crops/cam2_20260507_023319_r0_c0.jpg,3672,cam2_20260507_023322.jpg,crops/cam2_20260507_023322_r0_c0.jpg,6833,27.6,,51,88,0,0,0,0,0,0.0,0.0,69.0,0.0,1.8,1.8,0.0,0.0,,2026-05-07 08:33:23
germ-germinadorap-de5832|LOT-20260506-651F-009|r0_c0|rep0,LOT-20260506-651F-009:A1:R0,germ-germinadorap-de5832,LOT-20260506-651F-009,A1,0,0,0,Betabel,,c4,desarrollo_normal,2026-05-10 16:09:40,4676,manual,2026-05-07 08:48:20,2026-05-06 21:07:49,11.68,1,cg_1778143698389_2,3674,cam2_20260507_024819.jpg,crops/cam2_20260507_024819_r0_c0.jpg,3676,cam2_20260507_024822.jpg,crops/cam2_20260507_024822_r0_c0.jpg,6845,27.6,,53,90.7,0,0,0,0,0,0.0,0.0,69.0,0.0,2.0,2.0,0.0,0.0,,2026-05-07 08:48:23
germ-germinadorap-de5832|LOT-20260506-651F-009|r0_c0|rep0,LOT-20260506-651F-009:A1:R0,germ-germinadorap-de5832,LOT-20260506-651F-009,A1,0,0,0,Betabel,,c4,desarrollo_normal,2026-05-10 16:09:40,4676,manual,2026-05-07 09:03:20,2026-05-06 21:07:49,11.93,1,cg_1778144598395_2,3678,cam2_20260507_030320.jpg,crops/cam2_20260507_030320_r0_c0.jpg,3680,cam2_20260507_030322.jpg,crops/cam2_20260507_030322_r0_c0.jpg,6857,27.6,,53,87,0,0,0,0,0,0.0,0.0,69.0,0.0,2.2,2.2,0.0,0.0,,2026-05-07 09:03:23
germ-germinadorap-de5832|LOT-20260506-651F-009|r0_c0|rep0,LOT-20260506-651F-009:A1:R0,germ-germinadorap-de5832,LOT-20260506-651F-009,A1,0,0,0,Betabel,,c4,desarrollo_normal,2026-05-10 16:09:40,4676,manual,2026-05-07 09:18:20,2026-05-06 21:07:49,12.18,1,cg_1778145498397_2,3682,cam2_20260507_031819.jpg,crops/cam2_20260507_031819_r0_c0.jpg,3684,cam2_20260507_031822.jpg,crops/cam2_20260507_031822_r0_c0.jpg,6869,27.6,,52,83.3,0,0,0,0,0,0.0,0.0,69.0,0.0,2.5,2.5,0.0,0.0,,2026-05-07 09:18:23
germ-germinadorap-de5832|LOT-20260506-651F-009|r0_c0|rep0,LOT-20260506-651F-009:A1:R0,germ-germinadorap-de5832,LOT-20260506-651F-009,A1,0,0,0,Betabel,,c4,desarrollo_normal,2026-05-10 16:09:40,4676,manual,2026-05-07 09:33:20,2026-05-06 21:07:49,12.43,1,cg_1778146398401_2,3686,cam2_20260507_033319.jpg,crops/cam2_20260507_033319_r0_c0.jpg,3688,cam2_20260507_033322.jpg,crops/cam2_20260507_033322_r0_c0.jpg,6881,27.6,,52,79.6,0,0,0,0,0,0.0,0.0,69.0,0.0,2.7,2.7,0.0,0.0,,2026-05-07 09:33:23
germ-germinadorap-de5832|LOT-20260506-651F-009|r0_c0|rep0,LOT-20260506-651F-009:A1:R0,germ-germinadorap-de5832,LOT-20260506-651F-009,A1,0,0,0,Betabel,,c4,desarrollo_normal,2026-05-10 16:09:40,4676,manual,2026-05-07 09:48:20,2026-05-06 21:07:49,12.68,1,cg_1778147298405_2,3690,cam2_20260507_034819.jpg,crops/cam2_20260507_034819_r0_c0.jpg,3692,cam2_20260507_034822.jpg,crops/cam2_20260507_034822_r0_c0.jpg,6893,27.6,,52,67.9,0,0,0,0,0,0.0,0.0,69.0,0.0,3.0,3.0,0.0,0.0,,2026-05-07 09:48:23
germ-germinadorap-de5832|LOT-20260506-651F-009|r0_c0|rep0,LOT-20260506-651F-009:A1:R0,germ-germinadorap-de5832,LOT-20260506-651F-009,A1,0,0,0,Betabel,,c4,desarrollo_normal,2026-05-10 16:09:40,4676,manual,2026-05-07 10:03:20,2026-05-06 21:07:49,12.93,1,cg_1778148198408_2,3694,cam2_20260507_040319.jpg,crops/cam2_20260507_040319_r0_c0.jpg,3696,cam2_20260507_040322.jpg,crops/cam2_20260507_040322_r0_c0.jpg,6905,27.6,,53,79.6,0,0,0,0,0,0.0,0.0,69.0,0.0,3.2,3.2,0.0,0.0,,2026-05-07 10:03:23
germ-germinadorap-de5832|LOT-20260506-651F-009|r0_c0|rep0,LOT-20260506-651F-009:A1:R0,germ-germinadorap-de5832,LOT-20260506-651F-009,A1,0,0,0,Betabel,,c4,desarrollo_normal,2026-05-10 16:09:40,4676,manual,2026-05-07 10:18:20,2026-05-06 21:07:49,13.18,1,cg_1778149098410_2,3698,cam2_20260507_041820.jpg,crops/cam2_20260507_041820_r0_c0.jpg,3700,cam2_20260507_041822.jpg,crops/cam2_20260507_041822_r0_c0.jpg,6917,27.8,,52,81.5,0,0,0,0,0,0.0,0.0,69.0,0.0,3.5,3.5,0.0,0.0,,2026-05-07 10:18:23
germ-germinadorap-de5832|LOT-20260506-651F-009|r0_c0|rep0,LOT-20260506-651F-009:A1:R0,germ-germinadorap-de5832,LOT-20260506-651F-009,A1,0,0,0,Betabel,,c4,desarrollo_normal,2026-05-10 16:09:40,4676,manual,2026-05-07 10:33:20,2026-05-06 21:07:49,13.43,1,cg_1778149998416_2,3702,cam2_20260507_043319.jpg,crops/cam2_20260507_043319_r0_c0.jpg,3704,cam2_20260507_043322.jpg,crops/cam2_20260507_043322_r0_c0.jpg,6929,27.5,,52,80.6,0,0,0,0,0,0.0,0.0,70.0,0.0,3.7,3.7,0.0,0.0,,2026-05-07 10:33:23
germ-germinadorap-de5832|LOT-20260506-651F-009|r0_c0|rep0,LOT-20260506-651F-009:A1:R0,germ-germinadorap-de5832,LOT-20260506-651F-009,A1,0,0,0,Betabel,,c4,desarrollo_normal,2026-05-10 16:09:40,4676,manual,2026-05-07 10:48:20,2026-05-06 21:07:49,13.68,1,cg_1778150898421_2,3706,cam2_20260507_044819.jpg,crops/cam2_20260507_044819_r0_c0.jpg,3708,cam2_20260507_044822.jpg,crops/cam2_20260507_044822_r0_c0.jpg,6941,27.8,,53,76.9,0,0,0,0,0,0.0,0.0,70.0,0.0,4.0,4.0,0.0,0.0,,2026-05-07 10:48:23
germ-germinadorap-de5832|LOT-20260506-651F-009|r0_c0|rep0,LOT-20260506-651F-009:A1:R0,germ-germinadorap-de5832,LOT-20260506-651F-009,A1,0,0,0,Betabel,,c4,desarrollo_normal,2026-05-10 16:09:40,4676,manual,2026-05-07 11:03:20,2026-05-06 21:07:49,13.93,1,cg_1778151798424_2,3710,cam2_20260507_050320.jpg,crops/cam2_20260507_050320_r0_c0.jpg,3712,cam2_20260507_050322.jpg,crops/cam2_20260507_050322_r0_c0.jpg,6953,27.9,,52,62.5,0,0,0,0,0,0.0,0.0,70.0,0.0,4.2,4.2,0.0,0.0,,2026-05-07 11:03:23
germ-germinadorap-de5832|LOT-20260506-651F-009|r0_c0|rep0,LOT-20260506-651F-009:A1:R0,germ-germinadorap-de5832,LOT-20260506-651F-009,A1,0,0,0,Betabel,,c4,desarrollo_normal,2026-05-10 16:09:40,4676,manual,2026-05-07 11:18:20,2026-05-06 21:07:49,14.18,1,cg_1778152698425_2,3714,cam2_20260507_051820.jpg,crops/cam2_20260507_051820_r0_c0.jpg,3716,cam2_20260507_051822.jpg,crops/cam2_20260507_051822_r0_c0.jpg,6965,27.6,,52,69.6,0,0,0,0,0,0.0,0.0,70.0,0.0,4.5,4.5,0.0,0.0,,2026-05-07 11:18:23
germ-germinadorap-de5832|LOT-20260506-651F-009|r0_c0|rep0,LOT-20260506-651F-009:A1:R0,germ-germinadorap-de5832,LOT-20260506-651F-009,A1,0,0,0,Betabel,,c4,desarrollo_normal,2026-05-10 16:09:40,4676,manual,2026-05-07 11:33:20,2026-05-06 21:07:49,14.43,1,cg_1778153598427_2,3718,cam2_20260507_053320.jpg,crops/cam2_20260507_053320_r0_c0.jpg,3720,cam2_20260507_053322.jpg,crops/cam2_20260507_053322_r0_c0.jpg,6977,27.9,,51,72.3,0,0,0,0,0,0.0,0.0,70.0,0.0,4.7,4.7,0.0,0.0,,2026-05-07 11:33:23
germ-germinadorap-de5832|LOT-20260506-651F-009|r0_c0|rep0,LOT-20260506-651F-009:A1:R0,germ-germinadorap-de5832,LOT-20260506-651F-009,A1,0,0,0,Betabel,,c4,desarrollo_normal,2026-05-10 16:09:40,4676,manual,2026-05-07 11:48:20,2026-05-06 21:07:49,14.68,1,cg_1778154498430_2,3722,cam2_20260507_054819.jpg,crops/cam2_20260507_054819_r0_c0.jpg,3724,cam2_20260507_054822.jpg,crops/cam2_20260507_054822_r0_c0.jpg,6989,27.2,,52,62.5,0,0,0,0,0,0.0,0.0,70.0,0.0,5.0,5.0,0.0,0.0,,2026-05-07 11:48:23
germ-germinadorap-de5832|LOT-20260506-651F-009|r0_c0|rep0,LOT-20260506-651F-009:A1:R0,germ-germinadorap-de5832,LOT-20260506-651F-009,A1,0,0,0,Betabel,,c4,desarrollo_normal,2026-05-10 16:09:40,4676,manual,2026-05-07 12:03:20,2026-05-06 21:07:49,14.93,1,cg_1778155398434_2,3726,cam2_20260507_060319.jpg,crops/cam2_20260507_060319_r0_c0.jpg,3728,cam2_20260507_060322.jpg,crops/cam2_20260507_060322_r0_c0.jpg,7001,27.2,,53,49.5,0,0,0,0,0,0.0,0.0,70.0,0.0,5.2,5.2,0.0,0.0,,2026-05-07 12:03:23
germ-germinadorap-de5832|LOT-20260506-651F-009|r0_c0|rep0,LOT-20260506-651F-009:A1:R0,germ-germinadorap-de5832,LOT-20260506-651F-009,A1,0,0,0,Betabel,,c4,desarrollo_normal,2026-05-10 16:09:40,4676,manual,2026-05-07 12:19:20,2026-05-06 21:07:49,15.19,1,cg_1778156358435_2,3730,cam2_20260507_061919.jpg,crops/cam2_20260507_061919_r0_c0.jpg,3732,cam2_20260507_061922.jpg,crops/cam2_20260507_061922_r0_c0.jpg,7013,27.7,,52,54.5,0,0,0,0,0,0.0,0.0,70.0,0.0,5.5,5.5,0.0,0.0,,2026-05-07 12:19:23
germ-germinadorap-de5832|LOT-20260506-651F-009|r0_c0|rep0,LOT-20260506-651F-009:A1:R0,germ-germinadorap-de5832,LOT-20260506-651F-009,A1,0,0,0,Betabel,,c4,desarrollo_normal,2026-05-10 16:09:40,4676,manual,2026-05-07 12:34:20,2026-05-06 21:07:49,15.44,1,cg_1778157258438_2,3734,cam2_20260507_063419.jpg,crops/cam2_20260507_063419_r0_c0.jpg,3736,cam2_20260507_063422.jpg,crops/cam2_20260507_063422_r0_c0.jpg,7025,27.2,,53,50,0,0,0,0,0,0.0,0.0,70.0,0.0,5.7,5.7,0.0,0.0,,2026-05-07 12:34:23
germ-germinadorap-de5832|LOT-20260506-651F-009|r0_c0|rep0,LOT-20260506-651F-009:A1:R0,germ-germinadorap-de5832,LOT-20260506-651F-009,A1,0,0,0,Betabel,,c4,desarrollo_normal,2026-05-10 16:09:40,4676,manual,2026-05-07 12:49:20,2026-05-06 21:07:49,15.69,1,cg_1778158158443_2,3738,cam2_20260507_064920.jpg,crops/cam2_20260507_064920_r0_c0.jpg,3740,cam2_20260507_064922.jpg,crops/cam2_20260507_064922_r0_c0.jpg,7037,27.7,,53,53.6,0,0,0,0,0,0.0,0.0,70.0,0.0,6.0,6.0,0.0,0.0,,2026-05-07 12:49:23
germ-germinadorap-de5832|LOT-20260506-651F-009|r0_c0|rep0,LOT-20260506-651F-009:A1:R0,germ-germinadorap-de5832,LOT-20260506-651F-009,A1,0,0,0,Betabel,,c4,desarrollo_normal,2026-05-10 16:09:40,4676,manual,2026-05-07 13:04:20,2026-05-06 21:07:49,15.94,1,cg_1778159058444_2,3742,cam2_20260507_070419.jpg,crops/cam2_20260507_070419_r0_c0.jpg,3744,cam2_20260507_070422.jpg,crops/cam2_20260507_070422_r0_c0.jpg,7049,27.3,,54,50,0,0,0,0,0,0.0,0.0,70.0,0.0,6.2,6.2,0.0,0.0,,2026-05-07 13:04:23
germ-germinadorap-de5832|LOT-20260506-651F-009|r0_c0|rep0,LOT-20260506-651F-009:A1:R0,germ-germinadorap-de5832,LOT-20260506-651F-009,A1,0,0,0,Betabel,,c4,desarrollo_normal,2026-05-10 16:09:40,4676,manual,2026-05-07 13:19:20,2026-05-06 21:07:49,16.19,1,cg_1778159958450_2,3746,cam2_20260507_071919.jpg,crops/cam2_20260507_071919_r0_c0.jpg,3748,cam2_20260507_071922.jpg,crops/cam2_20260507_071922_r0_c0.jpg,7061,27.6,,49,98.1,0,0,0,0,0,0.0,0.0,70.0,0.0,6.5,6.5,0.0,0.0,,2026-05-07 13:19:23
germ-germinadorap-de5832|LOT-20260506-651F-009|r0_c0|rep0,LOT-20260506-651F-009:A1:R0,germ-germinadorap-de5832,LOT-20260506-651F-009,A1,0,0,0,Betabel,,c4,desarrollo_normal,2026-05-10 16:09:40,4676,manual,2026-05-07 13:34:20,2026-05-06 21:07:49,16.44,1,cg_1778160858451_2,3750,cam2_20260507_073419.jpg,crops/cam2_20260507_073419_r0_c0.jpg,3752,cam2_20260507_073422.jpg,crops/cam2_20260507_073422_r0_c0.jpg,7073,27.5,,54,91.7,0,0,0,0,0,0.0,0.0,70.0,0.0,6.7,6.7,0.0,0.0,,2026-05-07 13:34:23
germ-germinadorap-de5832|LOT-20260506-651F-009|r0_c0|rep0,LOT-20260506-651F-009:A1:R0,germ-germinadorap-de5832,LOT-20260506-651F-009,A1,0,0,0,Betabel,,c4,desarrollo_normal,2026-05-10 16:09:40,4676,manual,2026-05-07 13:49:20,2026-05-06 21:07:49,16.69,1,cg_1778161758454_2,3754,cam2_20260507_074920.jpg,crops/cam2_20260507_074920_r0_c0.jpg,3756,cam2_20260507_074922.jpg,crops/cam2_20260507_074922_r0_c0.jpg,7085,27.6,,53,48.4,0,0,0,0,0,0.0,0.0,70.0,0.0,7.0,7.0,0.0,0.0,,2026-05-07 13:49:23
germ-germinadorap-de5832|LOT-20260506-651F-009|r0_c0|rep0,LOT-20260506-651F-009:A1:R0,germ-germinadorap-de5832,LOT-20260506-651F-009,A1,0,0,0,Betabel,,c4,desarrollo_normal,2026-05-10 16:09:40,4676,manual,2026-05-07 14:04:20,2026-05-06 21:07:49,16.94,1,cg_1778162658462_2,3758,cam2_20260507_080419.jpg,crops/cam2_20260507_080419_r0_c0.jpg,3760,cam2_20260507_080422.jpg,crops/cam2_20260507_080422_r0_c0.jpg,7097,27.6,,50,73.2,0,0,0,0,0,0.0,0.0,74.0,0.0,7.2,7.2,0.0,0.0,,2026-05-07 14:04:23
germ-germinadorap-de5832|LOT-20260506-651F-009|r0_c0|rep0,LOT-20260506-651F-009:A1:R0,germ-germinadorap-de5832,LOT-20260506-651F-009,A1,0,0,0,Betabel,,c4,desarrollo_normal,2026-05-10 16:09:40,4676,manual,2026-05-07 14:19:20,2026-05-06 21:07:49,17.19,1,cg_1778163558463_2,3762,cam2_20260507_081919.jpg,crops/cam2_20260507_081919_r0_c0.jpg,3764,cam2_20260507_081922.jpg,crops/cam2_20260507_081922_r0_c0.jpg,7109,28.1,,49,57.1,0,0,0,0,0,0.0,0.0,89.0,0.0,7.5,7.5,0.0,0.0,,2026-05-07 14:19:23
germ-germinadorap-de5832|LOT-20260506-651F-009|r0_c0|rep0,LOT-20260506-651F-009:A1:R0,germ-germinadorap-de5832,LOT-20260506-651F-009,A1,0,0,0,Betabel,,c4,desarrollo_normal,2026-05-10 16:09:40,4676,manual,2026-05-07 14:34:20,2026-05-06 21:07:49,17.44,1,cg_1778164458466_2,3766,cam2_20260507_083419.jpg,crops/cam2_20260507_083419_r0_c0.jpg,3768,cam2_20260507_083422.jpg,crops/cam2_20260507_083422_r0_c0.jpg,7121,28.4,,50,55.4,0,0,0,0,0,0.0,0.0,104.0,0.0,7.7,7.7,0.0,0.0,,2026-05-07 14:34:23
germ-germinadorap-de5832|LOT-20260506-651F-009|r0_c0|rep0,LOT-20260506-651F-009:A1:R0,germ-germinadorap-de5832,LOT-20260506-651F-009,A1,0,0,0,Betabel,,c4,desarrollo_normal,2026-05-10 16:09:40,4676,manual,2026-05-07 14:49:20,2026-05-06 21:07:49,17.69,1,cg_1778165358467_2,3770,cam2_20260507_084920.jpg,crops/cam2_20260507_084920_r0_c0.jpg,3772,cam2_20260507_084922.jpg,crops/cam2_20260507_084922_r0_c0.jpg,7133,28.4,,47,48.5,0,0,0,0,0,0.0,0.0,119.0,0.0,8.0,8.0,0.0,0.0,,2026-05-07 14:49:23
germ-germinadorap-de5832|LOT-20260506-651F-009|r0_c0|rep0,LOT-20260506-651F-009:A1:R0,germ-germinadorap-de5832,LOT-20260506-651F-009,A1,0,0,0,Betabel,,c4,desarrollo_normal,2026-05-10 16:09:40,4676,manual,2026-05-07 15:04:46,2026-05-06 21:07:49,17.95,1,cg_1778166284023_2,3774,cam2_20260507_090445.jpg,crops/cam2_20260507_090445_r0_c0.jpg,3776,cam2_20260507_090448.jpg,crops/cam2_20260507_090448_r0_c0.jpg,7145,29.1,,47,56.3,0,0,0,0,0,0.0,0.0,134.0,0.0,8.2,8.2,0.0,0.0,,2026-05-07 15:04:50
germ-germinadorap-de5832|LOT-20260506-651F-009|r0_c0|rep0,LOT-20260506-651F-009:A1:R0,germ-germinadorap-de5832,LOT-20260506-651F-009,A1,0,0,0,Betabel,,c4,desarrollo_normal,2026-05-10 16:09:40,4676,manual,2026-05-07 15:19:46,2026-05-06 21:07:49,18.20,1,cg_1778167184022_2,3778,cam2_20260507_091945.jpg,crops/cam2_20260507_091945_r0_c0.jpg,3780,cam2_20260507_091948.jpg,crops/cam2_20260507_091948_r0_c0.jpg,7157,28.6,,43,47,0,0,0,0,0,0.0,0.0,149.0,0.0,8.5,8.5,0.0,0.0,,2026-05-07 15:19:50
germ-germinadorap-de5832|LOT-20260506-651F-009|r0_c0|rep0,LOT-20260506-651F-009:A1:R0,germ-germinadorap-de5832,LOT-20260506-651F-009,A1,0,0,0,Betabel,,c4,desarrollo_normal,2026-05-10 16:09:40,4676,manual,2026-05-07 15:34:46,2026-05-06 21:07:49,18.45,1,cg_1778168084028_2,3782,cam2_20260507_093445.jpg,crops/cam2_20260507_093445_r0_c0.jpg,3784,cam2_20260507_093448.jpg,crops/cam2_20260507_093448_r0_c0.jpg,7169,28.7,,38,47.3,0,0,0,0,0,0.0,0.0,164.0,0.0,8.7,8.7,0.0,0.0,,2026-05-07 15:34:50
germ-germinadorap-de5832|LOT-20260506-651F-009|r0_c0|rep0,LOT-20260506-651F-009:A1:R0,germ-germinadorap-de5832,LOT-20260506-651F-009,A1,0,0,0,Betabel,,c4,desarrollo_normal,2026-05-10 16:09:40,4676,manual,2026-05-07 15:49:46,2026-05-06 21:07:49,18.70,1,cg_1778168984035_2,3786,cam2_20260507_094945.jpg,crops/cam2_20260507_094945_r0_c0.jpg,3788,cam2_20260507_094948.jpg,crops/cam2_20260507_094948_r0_c0.jpg,7181,28.7,,40,47.4,0,0,0,0,0,0.0,0.0,179.0,0.0,9.0,9.0,0.0,0.0,,2026-05-07 15:49:50
germ-germinadorap-de5832|LOT-20260506-651F-009|r0_c0|rep0,LOT-20260506-651F-009:A1:R0,germ-germinadorap-de5832,LOT-20260506-651F-009,A1,0,0,0,Betabel,,c4,desarrollo_normal,2026-05-10 16:09:40,4676,manual,2026-05-07 16:04:46,2026-05-06 21:07:49,18.95,1,cg_1778169884039_2,3790,cam2_20260507_100445.jpg,crops/cam2_20260507_100445_r0_c0.jpg,3792,cam2_20260507_100448.jpg,crops/cam2_20260507_100448_r0_c0.jpg,7193,29,,40,47.9,0,0,0,0,0,0.0,0.0,194.0,0.0,9.2,9.2,0.0,0.0,,2026-05-07 16:04:50
germ-germinadorap-de5832|LOT-20260506-651F-009|r0_c0|rep0,LOT-20260506-651F-009:A1:R0,germ-germinadorap-de5832,LOT-20260506-651F-009,A1,0,0,0,Betabel,,c4,desarrollo_normal,2026-05-10 16:09:40,4676,manual,2026-05-07 16:19:46,2026-05-06 21:07:49,19.20,1,cg_1778170784043_2,3794,cam2_20260507_101945.jpg,crops/cam2_20260507_101945_r0_c0.jpg,3796,cam2_20260507_101948.jpg,crops/cam2_20260507_101948_r0_c0.jpg,7205,29,,43,45.7,0,0,0,0,0,0.0,0.0,209.0,0.0,9.5,9.5,0.0,0.0,,2026-05-07 16:19:49
germ-germinadorap-de5832|LOT-20260506-651F-009|r0_c0|rep0,LOT-20260506-651F-009:A1:R0,germ-germinadorap-de5832,LOT-20260506-651F-009,A1,0,0,0,Betabel,,c4,desarrollo_normal,2026-05-10 16:09:40,4676,manual,2026-05-07 16:34:46,2026-05-06 21:07:49,19.45,1,cg_1778171684048_2,3798,cam2_20260507_103445.jpg,crops/cam2_20260507_103445_r0_c0.jpg,3800,cam2_20260507_103448.jpg,crops/cam2_20260507_103448_r0_c0.jpg,7217,29,,40,48.9,0,0,0,0,0,0.0,0.0,223.0,0.0,9.7,9.7,0.0,0.0,,2026-05-07 16:34:50
germ-germinadorap-de5832|LOT-20260506-651F-009|r0_c0|rep0,LOT-20260506-651F-009:A1:R0,germ-germinadorap-de5832,LOT-20260506-651F-009,A1,0,0,0,Betabel,,c4,desarrollo_normal,2026-05-10 16:09:40,4676,manual,2026-05-07 16:49:46,2026-05-06 21:07:49,19.70,1,cg_1778172584053_2,3802,cam2_20260507_104945.jpg,crops/cam2_20260507_104945_r0_c0.jpg,3804,cam2_20260507_104948.jpg,crops/cam2_20260507_104948_r0_c0.jpg,7229,29.1,,40,45.7,0,0,0,0,0,0.0,0.0,238.0,0.0,10.0,10.0,0.0,0.0,,2026-05-07 16:49:50
germ-germinadorap-de5832|LOT-20260506-651F-009|r0_c0|rep0,LOT-20260506-651F-009:A1:R0,germ-germinadorap-de5832,LOT-20260506-651F-009,A1,0,0,0,Betabel,,c4,desarrollo_normal,2026-05-10 16:09:40,4676,manual,2026-05-07 17:04:46,2026-05-06 21:07:49,19.95,1,cg_1778173484055_2,3806,cam2_20260507_110445.jpg,crops/cam2_20260507_110445_r0_c0.jpg,3808,cam2_20260507_110448.jpg,crops/cam2_20260507_110448_r0_c0.jpg,7241,29.1,,41,45.3,0,0,0,0,0,0.0,0.0,253.0,0.0,10.2,10.2,0.0,0.0,,2026-05-07 17:04:50
germ-germinadorap-de5832|LOT-20260506-651F-009|r0_c0|rep0,LOT-20260506-651F-009:A1:R0,germ-germinadorap-de5832,LOT-20260506-651F-009,A1,0,0,0,Betabel,,c4,desarrollo_normal,2026-05-10 16:09:40,4676,manual,2026-05-07 17:21:42,2026-05-06 21:07:49,20.23,1,cg_1778174499965_2,3810,cam2_20260507_112141.jpg,crops/cam2_20260507_112141_r0_c0.jpg,3812,cam2_20260507_112144.jpg,crops/cam2_20260507_112144_r0_c0.jpg,7253,29.2,,43,43,0,0,0,0,0,0.0,0.0,270.0,0.0,10.5,10.5,0.0,0.0,,2026-05-07 17:21:46
germ-germinadorap-de5832|LOT-20260506-651F-009|r0_c0|rep0,LOT-20260506-651F-009:A1:R0,germ-germinadorap-de5832,LOT-20260506-651F-009,A1,0,0,0,Betabel,,c4,desarrollo_normal,2026-05-10 16:09:40,4676,manual,2026-05-07 17:37:04,2026-05-06 21:07:49,20.49,1,cg_1778175422029_2,3814,cam2_20260507_113703.jpg,crops/cam2_20260507_113703_r0_c0.jpg,3816,cam2_20260507_113706.jpg,crops/cam2_20260507_113706_r0_c0.jpg,7265,28.9,,42,46.8,0,0,0,0,0,0.0,0.0,285.0,0.0,10.8,10.8,0.0,0.0,,2026-05-07 17:37:07
germ-germinadorap-de5832|LOT-20260506-651F-009|r0_c0|rep0,LOT-20260506-651F-009:A1:R0,germ-germinadorap-de5832,LOT-20260506-651F-009,A1,0,0,0,Betabel,,c4,desarrollo_normal,2026-05-10 16:09:40,4676,manual,2026-05-07 17:52:03,2026-05-06 21:07:49,20.74,1,cg_1778176322034_2,3818,cam2_20260507_115203.jpg,crops/cam2_20260507_115203_r0_c0.jpg,3820,cam2_20260507_115206.jpg,crops/cam2_20260507_115206_r0_c0.jpg,7277,29.2,,43,47.4,0,0,0,0,0,0.0,0.0,300.0,0.0,11.0,11.0,0.0,0.0,,2026-05-07 17:52:06
germ-germinadorap-de5832|LOT-20260506-651F-009|r0_c0|rep0,LOT-20260506-651F-009:A1:R0,germ-germinadorap-de5832,LOT-20260506-651F-009,A1,0,0,0,Betabel,,c4,desarrollo_normal,2026-05-10 16:09:40,4676,manual,2026-05-07 18:07:23,2026-05-06 21:07:49,20.99,1,cg_1778177241352_2,3822,cam2_20260507_120722.jpg,crops/cam2_20260507_120722_r0_c0.jpg,3824,cam2_20260507_120725.jpg,crops/cam2_20260507_120725_r0_c0.jpg,7289,29.3,,43,42.3,0,0,0,0,0,0.0,0.0,315.0,0.0,11.3,11.3,0.0,0.0,,2026-05-07 18:07:27
germ-germinadorap-de5832|LOT-20260506-651F-009|r0_c0|rep0,LOT-20260506-651F-009:A1:R0,germ-germinadorap-de5832,LOT-20260506-651F-009,A1,0,0,0,Betabel,,c4,desarrollo_normal,2026-05-10 16:09:40,4676,manual,2026-05-07 18:22:23,2026-05-06 21:07:49,21.24,1,cg_1778178141350_2,3826,cam2_20260507_122222.jpg,crops/cam2_20260507_122222_r0_c0.jpg,3828,cam2_20260507_122226.jpg,crops/cam2_20260507_122226_r0_c0.jpg,7301,29.5,,41,41.6,0,0,0,0,0,0.0,0.0,330.0,0.0,11.5,11.5,0.0,0.0,,2026-05-07 18:22:27
germ-germinadorap-de5832|LOT-20260506-651F-009|r0_c0|rep0,LOT-20260506-651F-009:A1:R0,germ-germinadorap-de5832,LOT-20260506-651F-009,A1,0,0,0,Betabel,,c4,desarrollo_normal,2026-05-10 16:09:40,4676,manual,2026-05-07 18:37:39,2026-05-06 21:07:49,21.50,1,cg_1778179057875_2,3830,cam2_20260507_123739.jpg,crops/cam2_20260507_123739_r0_c0.jpg,3832,cam2_20260507_123741.jpg,crops/cam2_20260507_123741_r0_c0.jpg,7313,28.7,,37,100,0,0,0,0,0,0.0,0.0,346.0,0.0,11.8,11.8,0.0,0.0,,2026-05-07 18:37:42
germ-germinadorap-de5832|LOT-20260506-651F-009|r0_c0|rep0,LOT-20260506-651F-009:A1:R0,germ-germinadorap-de5832,LOT-20260506-651F-009,A1,0,0,0,Betabel,,c4,desarrollo_normal,2026-05-10 16:09:40,4676,manual,2026-05-07 18:52:39,2026-05-06 21:07:49,21.75,1,cg_1778179957831_2,3834,cam2_20260507_125239.jpg,crops/cam2_20260507_125239_r0_c0.jpg,3836,cam2_20260507_125241.jpg,crops/cam2_20260507_125241_r0_c0.jpg,7325,28.2,,37,100,0,0,0,0,0,0.0,0.0,360.0,0.0,12.0,12.0,0.0,0.0,,2026-05-07 18:52:42
germ-germinadorap-de5832|LOT-20260506-651F-009|r0_c0|rep0,LOT-20260506-651F-009:A1:R0,germ-germinadorap-de5832,LOT-20260506-651F-009,A1,0,0,0,Betabel,,c4,desarrollo_normal,2026-05-10 16:09:40,4676,manual,2026-05-07 19:07:39,2026-05-06 21:07:49,22.00,1,cg_1778180857834_2,3838,cam2_20260507_130739.jpg,crops/cam2_20260507_130739_r0_c0.jpg,3840,cam2_20260507_130741.jpg,crops/cam2_20260507_130741_r0_c0.jpg,7337,28,,36,100,0,0,0,0,0,0.0,0.0,375.0,0.0,12.3,12.3,0.0,0.0,,2026-05-07 19:07:42
germ-germinadorap-de5832|LOT-20260506-651F-009|r0_c0|rep0,LOT-20260506-651F-009:A1:R0,germ-germinadorap-de5832,LOT-20260506-651F-009,A1,0,0,0,Betabel,,c4,desarrollo_normal,2026-05-10 16:09:40,4676,manual,2026-05-07 19:22:39,2026-05-06 21:07:49,22.25,1,cg_1778181757834_2,3842,cam2_20260507_132239.jpg,crops/cam2_20260507_132239_r0_c0.jpg,3844,cam2_20260507_132241.jpg,crops/cam2_20260507_132241_r0_c0.jpg,7349,27.8,,36,100,0,0,0,0,0,0.0,0.0,390.0,0.0,12.5,12.5,0.0,0.0,,2026-05-07 19:22:42
germ-germinadorap-de5832|LOT-20260506-651F-009|r0_c0|rep0,LOT-20260506-651F-009:A1:R0,germ-germinadorap-de5832,LOT-20260506-651F-009,A1,0,0,0,Betabel,,c4,desarrollo_normal,2026-05-10 16:09:40,4676,manual,2026-05-07 19:37:39,2026-05-06 21:07:49,22.50,1,cg_1778182657840_2,3846,cam2_20260507_133739.jpg,crops/cam2_20260507_133739_r0_c0.jpg,3848,cam2_20260507_133741.jpg,crops/cam2_20260507_133741_r0_c0.jpg,7361,27.7,,35,100,0,0,0,0,0,0.0,0.0,405.0,0.0,12.8,12.8,0.0,0.0,,2026-05-07 19:37:42
germ-germinadorap-de5832|LOT-20260506-651F-009|r0_c0|rep0,LOT-20260506-651F-009:A1:R0,germ-germinadorap-de5832,LOT-20260506-651F-009,A1,0,0,0,Betabel,,c4,desarrollo_normal,2026-05-10 16:09:40,4676,manual,2026-05-07 19:52:39,2026-05-06 21:07:49,22.75,1,cg_1778183557841_2,3850,cam2_20260507_135239.jpg,crops/cam2_20260507_135239_r0_c0.jpg,3852,cam2_20260507_135241.jpg,crops/cam2_20260507_135241_r0_c0.jpg,7373,27.7,,35,100,0,0,0,0,0,0.0,0.0,420.0,0.0,13.0,13.0,0.0,0.0,,2026-05-07 19:52:42
germ-germinadorap-de5832|LOT-20260506-651F-009|r0_c0|rep0,LOT-20260506-651F-009:A1:R0,germ-germinadorap-de5832,LOT-20260506-651F-009,A1,0,0,0,Betabel,,c4,desarrollo_normal,2026-05-10 16:09:40,4676,manual,2026-05-07 20:07:39,2026-05-06 21:07:49,23.00,1,cg_1778184457843_2,3854,cam2_20260507_140739.jpg,crops/cam2_20260507_140739_r0_c0.jpg,3856,cam2_20260507_140741.jpg,crops/cam2_20260507_140741_r0_c0.jpg,7385,27.7,,36,100,0,0,0,0,0,0.0,0.0,435.0,0.0,13.1,13.1,0.0,0.0,,2026-05-07 20:07:42
germ-germinadorap-de5832|LOT-20260506-651F-009|r0_c0|rep0,LOT-20260506-651F-009:A1:R0,germ-germinadorap-de5832,LOT-20260506-651F-009,A1,0,0,0,Betabel,,c4,desarrollo_normal,2026-05-10 16:09:40,4676,manual,2026-05-07 20:22:39,2026-05-06 21:07:49,23.25,1,cg_1778185357843_2,3858,cam2_20260507_142239.jpg,crops/cam2_20260507_142239_r0_c0.jpg,3860,cam2_20260507_142241.jpg,crops/cam2_20260507_142241_r0_c0.jpg,7397,27.7,,35,100,0,0,0,0,0,0.0,0.0,450.0,0.0,13.1,13.1,0.0,0.0,,2026-05-07 20:22:42
germ-germinadorap-de5832|LOT-20260506-651F-009|r0_c0|rep0,LOT-20260506-651F-009:A1:R0,germ-germinadorap-de5832,LOT-20260506-651F-009,A1,0,0,0,Betabel,,c4,desarrollo_normal,2026-05-10 16:09:40,4676,manual,2026-05-07 20:37:39,2026-05-06 21:07:49,23.50,1,cg_1778186257843_2,3862,cam2_20260507_143739.jpg,crops/cam2_20260507_143739_r0_c0.jpg,3864,cam2_20260507_143741.jpg,crops/cam2_20260507_143741_r0_c0.jpg,7409,27.6,,34,93.5,0,0,0,0,0,0.0,0.0,465.0,0.0,13.1,13.1,0.0,0.0,,2026-05-07 20:37:42
germ-germinadorap-de5832|LOT-20260506-651F-009|r0_c0|rep0,LOT-20260506-651F-009:A1:R0,germ-germinadorap-de5832,LOT-20260506-651F-009,A1,0,0,0,Betabel,,c4,desarrollo_normal,2026-05-10 16:09:40,4676,manual,2026-05-07 20:52:39,2026-05-06 21:07:49,23.75,1,cg_1778187157846_2,3866,cam2_20260507_145239.jpg,crops/cam2_20260507_145239_r0_c0.jpg,3868,cam2_20260507_145241.jpg,crops/cam2_20260507_145241_r0_c0.jpg,7421,27.3,,35,92.6,0,0,0,0,0,0.0,0.0,480.0,0.0,13.1,13.1,0.0,0.0,,2026-05-07 20:52:42
germ-germinadorap-de5832|LOT-20260506-651F-009|r0_c0|rep0,LOT-20260506-651F-009:A1:R0,germ-germinadorap-de5832,LOT-20260506-651F-009,A1,0,0,0,Betabel,,c4,desarrollo_normal,2026-05-10 16:09:40,4676,manual,2026-05-07 21:07:39,2026-05-06 21:07:49,24.00,1,cg_1778188057855_2,3870,cam2_20260507_150739.jpg,crops/cam2_20260507_150739_r0_c0.jpg,3872,cam2_20260507_150741.jpg,crops/cam2_20260507_150741_r0_c0.jpg,7433,27.2,,35,91.7,0,0,0,0,0,0.0,0.0,495.0,0.0,13.1,13.1,0.0,0.0,,2026-05-07 21:07:42
germ-germinadorap-de5832|LOT-20260506-651F-009|r0_c0|rep0,LOT-20260506-651F-009:A1:R0,germ-germinadorap-de5832,LOT-20260506-651F-009,A1,0,0,0,Betabel,,c4,desarrollo_normal,2026-05-10 16:09:40,4676,manual,2026-05-07 21:22:39,2026-05-06 21:07:49,24.25,2,cg_1778188957863_2,3874,cam2_20260507_152239.jpg,crops/cam2_20260507_152239_r0_c0.jpg,3876,cam2_20260507_152241.jpg,crops/cam2_20260507_152241_r0_c0.jpg,7445,27.2,,34,84.3,0,0,0,0,0,0.0,0.0,510.0,0.0,13.1,6.6,0.0,0.0,,2026-05-07 21:22:42
germ-germinadorap-de5832|LOT-20260506-651F-009|r0_c0|rep0,LOT-20260506-651F-009:A1:R0,germ-germinadorap-de5832,LOT-20260506-651F-009,A1,0,0,0,Betabel,,c4,desarrollo_normal,2026-05-10 16:09:40,4676,manual,2026-05-07 21:37:39,2026-05-06 21:07:49,24.50,2,cg_1778189857875_2,3878,cam2_20260507_153739.jpg,crops/cam2_20260507_153739_r0_c0.jpg,3880,cam2_20260507_153741.jpg,crops/cam2_20260507_153741_r0_c0.jpg,7457,27.3,,35,82.4,0,0,0,0,0,0.0,0.0,525.0,0.0,13.1,6.6,0.0,0.0,,2026-05-07 21:37:42
germ-germinadorap-de5832|LOT-20260506-651F-009|r0_c0|rep0,LOT-20260506-651F-009:A1:R0,germ-germinadorap-de5832,LOT-20260506-651F-009,A1,0,0,0,Betabel,,c4,desarrollo_normal,2026-05-10 16:09:40,4676,manual,2026-05-07 21:52:39,2026-05-06 21:07:49,24.75,2,cg_1778190757882_2,3882,cam2_20260507_155239.jpg,crops/cam2_20260507_155239_r0_c0.jpg,3884,cam2_20260507_155241.jpg,crops/cam2_20260507_155241_r0_c0.jpg,7469,27.2,,34,79.6,0,0,0,0,0,0.0,0.0,540.0,0.0,13.1,6.6,0.0,0.0,,2026-05-07 21:52:42
germ-germinadorap-de5832|LOT-20260506-651F-009|r0_c0|rep0,LOT-20260506-651F-009:A1:R0,germ-germinadorap-de5832,LOT-20260506-651F-009,A1,0,0,0,Betabel,,c4,desarrollo_normal,2026-05-10 16:09:40,4676,manual,2026-05-07 22:07:39,2026-05-06 21:07:49,25.00,2,cg_1778191657885_2,3886,cam2_20260507_160739.jpg,crops/cam2_20260507_160739_r0_c0.jpg,3888,cam2_20260507_160741.jpg,crops/cam2_20260507_160741_r0_c0.jpg,7481,27.2,,34,78.7,0,0,0,0,0,0.0,0.0,555.0,0.0,13.1,6.6,0.0,0.0,,2026-05-07 22:07:42
germ-germinadorap-de5832|LOT-20260506-651F-009|r0_c0|rep0,LOT-20260506-651F-009:A1:R0,germ-germinadorap-de5832,LOT-20260506-651F-009,A1,0,0,0,Betabel,,c4,desarrollo_normal,2026-05-10 16:09:40,4676,manual,2026-05-07 22:22:40,2026-05-06 21:07:49,25.25,2,cg_1778192557910_2,3890,cam2_20260507_162239.jpg,crops/cam2_20260507_162239_r0_c0.jpg,3892,cam2_20260507_162242.jpg,crops/cam2_20260507_162242_r0_c0.jpg,7493,26.4,,34,57.1,0,0,0,0,0,0.0,0.0,569.0,0.0,13.1,6.6,0.0,0.0,,2026-05-07 22:22:43
germ-germinadorap-de5832|LOT-20260506-651F-009|r0_c0|rep0,LOT-20260506-651F-009:A1:R0,germ-germinadorap-de5832,LOT-20260506-651F-009,A1,0,0,0,Betabel,,c4,desarrollo_normal,2026-05-10 16:09:40,4676,manual,2026-05-07 22:37:41,2026-05-06 21:07:49,25.50,2,cg_1778193457892_2,3894,cam2_20260507_163741.jpg,crops/cam2_20260507_163741_r0_c0.jpg,3896,cam2_20260507_163744.jpg,crops/cam2_20260507_163744_r0_c0.jpg,7505,27.3,,36,100,0,0,0,0,0,0.0,0.0,584.0,0.0,13.1,6.6,0.0,0.0,,2026-05-07 22:37:45
germ-germinadorap-de5832|LOT-20260506-651F-009|r0_c0|rep0,LOT-20260506-651F-009:A1:R0,germ-germinadorap-de5832,LOT-20260506-651F-009,A1,0,0,0,Betabel,,c4,desarrollo_normal,2026-05-10 16:09:40,4676,manual,2026-05-07 22:52:40,2026-05-06 21:07:49,25.75,2,cg_1778194357894_2,3898,cam2_20260507_165239.jpg,crops/cam2_20260507_165239_r0_c0.jpg,3900,cam2_20260507_165242.jpg,crops/cam2_20260507_165242_r0_c0.jpg,7517,27.5,,37,49.1,0,0,0,0,0,0.0,0.0,599.0,0.0,13.2,6.6,0.0,0.0,,2026-05-07 22:52:43
germ-germinadorap-de5832|LOT-20260506-651F-009|r0_c0|rep0,LOT-20260506-651F-009:A1:R0,germ-germinadorap-de5832,LOT-20260506-651F-009,A1,0,0,0,Betabel,,c4,desarrollo_normal,2026-05-10 16:09:40,4676,manual,2026-05-07 23:07:40,2026-05-06 21:07:49,26.00,2,cg_1778195257898_2,3902,cam2_20260507_170739.jpg,crops/cam2_20260507_170739_r0_c0.jpg,3904,cam2_20260507_170744.jpg,crops/cam2_20260507_170744_r0_c0.jpg,7529,27.5,,37,100,0,0,0,0,0,0.0,0.0,614.0,0.0,13.2,6.6,0.0,0.0,,2026-05-07 23:07:45
germ-germinadorap-de5832|LOT-20260506-651F-009|r0_c0|rep0,LOT-20260506-651F-009:A1:R0,germ-germinadorap-de5832,LOT-20260506-651F-009,A1,0,0,0,Betabel,,c4,desarrollo_normal,2026-05-10 16:09:40,4676,manual,2026-05-07 23:22:40,2026-05-06 21:07:49,26.25,2,cg_1778196157893_2,3906,cam2_20260507_172239.jpg,crops/cam2_20260507_172239_r0_c0.jpg,3908,cam2_20260507_172242.jpg,crops/cam2_20260507_172242_r0_c0.jpg,7541,27.2,,36,48.7,0,0,0,0,0,0.0,0.0,629.0,0.0,13.2,6.6,0.0,0.0,,2026-05-07 23:22:43
germ-germinadorap-de5832|LOT-20260506-651F-009|r0_c0|rep0,LOT-20260506-651F-009:A1:R0,germ-germinadorap-de5832,LOT-20260506-651F-009,A1,0,0,0,Betabel,,c4,desarrollo_normal,2026-05-10 16:09:40,4676,manual,2026-05-07 23:37:40,2026-05-06 21:07:49,26.50,2,cg_1778197057895_2,3910,cam2_20260507_173739.jpg,crops/cam2_20260507_173739_r0_c0.jpg,3912,cam2_20260507_173742.jpg,crops/cam2_20260507_173742_r0_c0.jpg,7553,26.9,,36,58.9,0,0,0,0,0,0.0,0.0,644.0,0.0,13.2,6.6,0.0,0.0,,2026-05-07 23:37:43
germ-germinadorap-de5832|LOT-20260506-651F-009|r0_c0|rep0,LOT-20260506-651F-009:A1:R0,germ-germinadorap-de5832,LOT-20260506-651F-009,A1,0,0,0,Betabel,,c4,desarrollo_normal,2026-05-10 16:09:40,4676,manual,2026-05-07 23:52:40,2026-05-06 21:07:49,26.75,2,cg_1778197957902_2,3914,cam2_20260507_175239.jpg,crops/cam2_20260507_175239_r0_c0.jpg,3916,cam2_20260507_175242.jpg,crops/cam2_20260507_175242_r0_c0.jpg,7565,27,,37,49.9,0,0,0,0,0,0.0,0.0,659.0,0.0,13.2,6.6,0.0,0.0,,2026-05-07 23:52:44
germ-germinadorap-de5832|LOT-20260506-651F-009|r0_c0|rep0,LOT-20260506-651F-009:A1:R0,germ-germinadorap-de5832,LOT-20260506-651F-009,A1,0,0,0,Betabel,,c4,desarrollo_normal,2026-05-10 16:09:40,4676,manual,2026-05-08 01:13:31,2026-05-06 21:07:49,28.09,2,cg_1778202809057_2,3918,cam2_20260507_191330.jpg,crops/cam2_20260507_191330_r0_c0.jpg,3920,cam2_20260507_191333.jpg,crops/cam2_20260507_191333_r0_c0.jpg,7577,25.8,,38,58.9,0,0,0,0,0,0.0,0.0,740.0,0.0,13.2,6.6,0.0,0.0,,2026-05-08 01:13:34
germ-germinadorap-de5832|LOT-20260506-651F-009|r0_c0|rep0,LOT-20260506-651F-009:A1:R0,germ-germinadorap-de5832,LOT-20260506-651F-009,A1,0,0,0,Betabel,,c4,desarrollo_normal,2026-05-10 16:09:40,4676,manual,2026-05-08 01:28:30,2026-05-06 21:07:49,28.34,2,cg_1778203709053_2,3922,cam2_20260507_192830.jpg,crops/cam2_20260507_192830_r0_c0.jpg,3924,cam2_20260507_192833.jpg,crops/cam2_20260507_192833_r0_c0.jpg,7589,27,,42,91.7,0,0,0,0,0,0.0,0.0,755.0,0.0,13.2,6.6,0.0,0.0,,2026-05-08 01:28:33
germ-germinadorap-de5832|LOT-20260506-651F-009|r0_c0|rep0,LOT-20260506-651F-009:A1:R0,germ-germinadorap-de5832,LOT-20260506-651F-009,A1,0,0,0,Betabel,,c4,desarrollo_normal,2026-05-10 16:09:40,4676,manual,2026-05-08 01:43:30,2026-05-06 21:07:49,28.59,2,cg_1778204609061_2,3926,cam2_20260507_194330.jpg,crops/cam2_20260507_194330_r0_c0.jpg,3928,cam2_20260507_194333.jpg,crops/cam2_20260507_194333_r0_c0.jpg,7601,27.6,,41,97.2,0,0,0,0,0,0.0,0.0,769.0,0.0,13.2,6.6,0.0,0.0,,2026-05-08 01:43:34
germ-germinadorap-de5832|LOT-20260506-651F-009|r0_c0|rep0,LOT-20260506-651F-009:A1:R0,germ-germinadorap-de5832,LOT-20260506-651F-009,A1,0,0,0,Betabel,,c4,desarrollo_normal,2026-05-10 16:09:40,4676,manual,2026-05-08 01:58:30,2026-05-06 21:07:49,28.84,2,cg_1778205509068_2,3930,cam2_20260507_195830.jpg,crops/cam2_20260507_195830_r0_c0.jpg,3932,cam2_20260507_195833.jpg,crops/cam2_20260507_195833_r0_c0.jpg,7613,28,,41,94.4,0,0,0,0,0,0.0,0.0,784.0,0.0,13.2,6.6,0.0,0.0,,2026-05-08 01:58:34
germ-germinadorap-de5832|LOT-20260506-651F-009|r0_c0|rep0,LOT-20260506-651F-009:A1:R0,germ-germinadorap-de5832,LOT-20260506-651F-009,A1,0,0,0,Betabel,,c4,desarrollo_normal,2026-05-10 16:09:40,4676,manual,2026-05-08 02:13:31,2026-05-06 21:07:49,29.09,2,cg_1778206409073_2,3934,cam2_20260507_201330.jpg,crops/cam2_20260507_201330_r0_c0.jpg,3936,cam2_20260507_201333.jpg,crops/cam2_20260507_201333_r0_c0.jpg,7625,27.8,,39,91.7,0,0,0,0,0,0.0,0.0,786.0,0.0,13.2,6.6,0.0,0.0,,2026-05-08 02:13:34
germ-germinadorap-de5832|LOT-20260506-651F-009|r0_c0|rep0,LOT-20260506-651F-009:A1:R0,germ-germinadorap-de5832,LOT-20260506-651F-009,A1,0,0,0,Betabel,,c4,desarrollo_normal,2026-05-10 16:09:40,4676,manual,2026-05-08 02:28:31,2026-05-06 21:07:49,29.34,2,cg_1778207309077_2,3938,cam2_20260507_202830.jpg,crops/cam2_20260507_202830_r0_c0.jpg,3940,cam2_20260507_202833.jpg,crops/cam2_20260507_202833_r0_c0.jpg,7637,27.7,,40,91.7,0,0,0,0,0,0.0,0.0,786.0,0.0,13.2,6.6,0.0,0.0,,2026-05-08 02:28:34
germ-germinadorap-de5832|LOT-20260506-651F-009|r0_c0|rep0,LOT-20260506-651F-009:A1:R0,germ-germinadorap-de5832,LOT-20260506-651F-009,A1,0,0,0,Betabel,,c4,desarrollo_normal,2026-05-10 16:09:40,4676,manual,2026-05-08 02:43:31,2026-05-06 21:07:49,29.59,2,cg_1778208209082_2,3942,cam2_20260507_204330.jpg,crops/cam2_20260507_204330_r0_c0.jpg,3944,cam2_20260507_204333.jpg,crops/cam2_20260507_204333_r0_c0.jpg,7649,27.8,,43,90.7,0,0,0,0,0,0.0,0.0,786.0,0.0,13.2,6.6,0.0,0.0,,2026-05-08 02:43:34
germ-germinadorap-de5832|LOT-20260506-651F-009|r0_c0|rep0,LOT-20260506-651F-009:A1:R0,germ-germinadorap-de5832,LOT-20260506-651F-009,A1,0,0,0,Betabel,,c4,desarrollo_normal,2026-05-10 16:09:40,4676,manual,2026-05-08 02:58:31,2026-05-06 21:07:49,29.84,2,cg_1778209109087_2,3946,cam2_20260507_205830.jpg,crops/cam2_20260507_205830_r0_c0.jpg,3948,cam2_20260507_205833.jpg,crops/cam2_20260507_205833_r0_c0.jpg,7661,27.6,,45,85.2,0,0,0,0,0,0.0,0.0,786.0,0.0,13.2,6.6,0.0,0.0,,2026-05-08 02:58:33
germ-germinadorap-de5832|LOT-20260506-651F-009|r0_c0|rep0,LOT-20260506-651F-009:A1:R0,germ-germinadorap-de5832,LOT-20260506-651F-009,A1,0,0,0,Betabel,,c4,desarrollo_normal,2026-05-10 16:09:40,4676,manual,2026-05-08 03:13:31,2026-05-06 21:07:49,30.09,2,cg_1778210009093_2,3950,cam2_20260507_211330.jpg,crops/cam2_20260507_211330_r0_c0.jpg,3952,cam2_20260507_211333.jpg,crops/cam2_20260507_211333_r0_c0.jpg,7673,27.6,,51,90.7,0,0,0,0,0,0.0,0.0,786.0,0.0,13.2,6.6,0.0,0.0,,2026-05-08 03:13:34
germ-germinadorap-de5832|LOT-20260506-651F-009|r0_c0|rep0,LOT-20260506-651F-009:A1:R0,germ-germinadorap-de5832,LOT-20260506-651F-009,A1,0,0,0,Betabel,,c4,desarrollo_normal,2026-05-10 16:09:40,4676,manual,2026-05-08 03:28:31,2026-05-06 21:07:49,30.34,2,cg_1778210909096_2,3954,cam2_20260507_212830.jpg,crops/cam2_20260507_212830_r0_c0.jpg,3956,cam2_20260507_212833.jpg,crops/cam2_20260507_212833_r0_c0.jpg,7685,27.5,,42,79.6,0,0,0,0,0,0.0,0.0,786.0,0.0,13.2,6.6,0.0,0.0,,2026-05-08 03:28:34
germ-germinadorap-de5832|LOT-20260506-651F-009|r0_c0|rep0,LOT-20260506-651F-009:A1:R0,germ-germinadorap-de5832,LOT-20260506-651F-009,A1,0,0,0,Betabel,,c4,desarrollo_normal,2026-05-10 16:09:40,4676,manual,2026-05-08 04:48:45,2026-05-06 21:07:49,31.68,2,cg_1778215723183_2,3959,cam2_20260507_224844.jpg,crops/cam2_20260507_224844_r0_c0.jpg,3961,cam2_20260507_224849.jpg,crops/cam2_20260507_224849_r0_c0.jpg,7704,26.7,,50,68.8,0,0,0,0,0,0.0,0.0,787.0,0.0,13.2,6.6,0.0,0.0,,2026-05-08 04:48:50
germ-germinadorap-de5832|LOT-20260506-651F-009|r0_c0|rep0,LOT-20260506-651F-009:A1:R0,germ-germinadorap-de5832,LOT-20260506-651F-009,A1,0,0,0,Betabel,,c4,desarrollo_normal,2026-05-10 16:09:40,4676,manual,2026-05-08 05:03:45,2026-05-06 21:07:49,31.93,2,cg_1778216623182_2,3963,cam2_20260507_230345.jpg,crops/cam2_20260507_230345_r0_c0.jpg,3965,cam2_20260507_230349.jpg,crops/cam2_20260507_230349_r0_c0.jpg,7716,27,,56,74.1,0,0,0,0,0,0.0,0.0,787.0,0.0,13.2,6.6,0.0,0.0,,2026-05-08 05:03:50
germ-germinadorap-de5832|LOT-20260506-651F-009|r0_c0|rep0,LOT-20260506-651F-009:A1:R0,germ-germinadorap-de5832,LOT-20260506-651F-009,A1,0,0,0,Betabel,,c4,desarrollo_normal,2026-05-10 16:09:40,4676,manual,2026-05-08 05:18:45,2026-05-06 21:07:49,32.18,2,cg_1778217523187_2,3966,cam2_20260507_231844.jpg,crops/cam2_20260507_231844_r0_c0.jpg,3968,cam2_20260507_231847.jpg,crops/cam2_20260507_231847_r0_c0.jpg,7721,27.2,,55,69.6,0,0,0,0,0,0.0,0.0,787.0,0.0,13.2,6.6,0.0,0.0,,2026-05-08 05:18:48
germ-germinadorap-de5832|LOT-20260506-651F-009|r0_c0|rep0,LOT-20260506-651F-009:A1:R0,germ-germinadorap-de5832,LOT-20260506-651F-009,A1,0,0,0,Betabel,,c4,desarrollo_normal,2026-05-10 16:09:40,4676,manual,2026-05-08 05:33:45,2026-05-06 21:07:49,32.43,2,cg_1778218423193_2,3971,cam2_20260507_233345.jpg,crops/cam2_20260507_233345_r0_c0.jpg,3973,cam2_20260507_233349.jpg,crops/cam2_20260507_233349_r0_c0.jpg,7740,27.3,,56,49,0,0,0,0,0,0.0,0.0,788.0,0.0,13.2,6.6,0.0,0.0,,2026-05-08 05:33:50
germ-germinadorap-de5832|LOT-20260506-651F-009|r0_c0|rep0,LOT-20260506-651F-009:A1:R0,germ-germinadorap-de5832,LOT-20260506-651F-009,A1,0,0,0,Betabel,,c4,desarrollo_normal,2026-05-10 16:09:40,4676,manual,2026-05-08 05:48:45,2026-05-06 21:07:49,32.68,2,cg_1778219323201_2,3974,cam2_20260507_234844.jpg,crops/cam2_20260507_234844_r0_c0.jpg,3976,cam2_20260507_234847.jpg,crops/cam2_20260507_234847_r0_c0.jpg,7745,27.4,,56,70.5,0,0,0,0,0,0.0,0.0,788.0,0.0,13.2,6.6,0.0,0.0,,2026-05-08 05:48:48
germ-germinadorap-de5832|LOT-20260506-651F-009|r0_c0|rep0,LOT-20260506-651F-009:A1:R0,germ-germinadorap-de5832,LOT-20260506-651F-009,A1,0,0,0,Betabel,,c4,desarrollo_normal,2026-05-10 16:09:40,4676,manual,2026-05-08 06:03:45,2026-05-06 21:07:49,32.93,2,cg_1778220223206_2,3978,cam2_20260508_000344.jpg,crops/cam2_20260508_000344_r0_c0.jpg,3980,cam2_20260508_000347.jpg,crops/cam2_20260508_000347_r0_c0.jpg,7757,27.5,,55,48.9,0,0,0,0,0,0.0,0.0,788.0,0.0,13.2,6.6,0.0,0.0,,2026-05-08 06:03:48
germ-germinadorap-de5832|LOT-20260506-651F-009|r0_c0|rep0,LOT-20260506-651F-009:A1:R0,germ-germinadorap-de5832,LOT-20260506-651F-009,A1,0,0,0,Betabel,,c4,desarrollo_normal,2026-05-10 16:09:40,4676,manual,2026-05-08 06:18:45,2026-05-06 21:07:49,33.18,2,cg_1778221123210_2,3983,cam2_20260508_001845.jpg,crops/cam2_20260508_001845_r0_c0.jpg,3985,cam2_20260508_001849.jpg,crops/cam2_20260508_001849_r0_c0.jpg,7776,27.6,,56,48.4,0,0,0,0,0,0.0,0.0,788.0,0.0,13.2,6.6,0.0,0.0,,2026-05-08 06:18:50
germ-germinadorap-de5832|LOT-20260506-651F-009|r0_c0|rep0,LOT-20260506-651F-009:A1:R0,germ-germinadorap-de5832,LOT-20260506-651F-009,A1,0,0,0,Betabel,,c4,desarrollo_normal,2026-05-10 16:09:40,4676,manual,2026-05-08 06:33:45,2026-05-06 21:07:49,33.43,2,cg_1778222023217_2,3986,cam2_20260508_003344.jpg,crops/cam2_20260508_003344_r0_c0.jpg,3988,cam2_20260508_003348.jpg,crops/cam2_20260508_003348_r0_c0.jpg,7781,27.6,,56,59.8,0,0,0,0,0,0.0,0.0,788.0,0.0,13.2,6.6,0.0,0.0,,2026-05-08 06:33:49
germ-germinadorap-de5832|LOT-20260506-651F-009|r0_c0|rep0,LOT-20260506-651F-009:A1:R0,germ-germinadorap-de5832,LOT-20260506-651F-009,A1,0,0,0,Betabel,,c4,desarrollo_normal,2026-05-10 16:09:40,4676,manual,2026-05-08 06:48:45,2026-05-06 21:07:49,33.68,2,cg_1778222923220_2,3991,cam2_20260508_004845.jpg,crops/cam2_20260508_004845_r0_c0.jpg,3993,cam2_20260508_004849.jpg,crops/cam2_20260508_004849_r0_c0.jpg,7800,27.5,,57,49.4,0,0,0,0,0,0.0,0.0,788.0,0.0,13.2,6.6,0.0,0.0,,2026-05-08 06:48:50
germ-germinadorap-de5832|LOT-20260506-651F-009|r0_c0|rep0,LOT-20260506-651F-009:A1:R0,germ-germinadorap-de5832,LOT-20260506-651F-009,A1,0,0,0,Betabel,,c4,desarrollo_normal,2026-05-10 16:09:40,4676,manual,2026-05-08 07:03:45,2026-05-06 21:07:49,33.93,2,cg_1778223823221_2,3994,cam2_20260508_010344.jpg,crops/cam2_20260508_010344_r0_c0.jpg,3996,cam2_20260508_010347.jpg,crops/cam2_20260508_010347_r0_c0.jpg,7805,27.6,,52,48.6,0,0,0,0,0,0.0,0.0,788.0,0.0,13.2,6.6,0.0,0.0,,2026-05-08 07:03:48
germ-germinadorap-de5832|LOT-20260506-651F-009|r0_c0|rep0,LOT-20260506-651F-009:A1:R0,germ-germinadorap-de5832,LOT-20260506-651F-009,A1,0,0,0,Betabel,,c4,desarrollo_normal,2026-05-10 16:09:40,4676,manual,2026-05-08 07:18:45,2026-05-06 21:07:49,34.18,2,cg_1778224723222_2,3999,cam2_20260508_011845.jpg,crops/cam2_20260508_011845_r0_c0.jpg,4001,cam2_20260508_011849.jpg,crops/cam2_20260508_011849_r0_c0.jpg,7824,27.5,,54,56.3,0,0,0,0,0,0.0,0.0,788.0,0.0,13.2,6.6,0.0,0.0,,2026-05-08 07:18:50
germ-germinadorap-de5832|LOT-20260506-651F-009|r0_c0|rep0,LOT-20260506-651F-009:A1:R0,germ-germinadorap-de5832,LOT-20260506-651F-009,A1,0,0,0,Betabel,,c4,desarrollo_normal,2026-05-10 16:09:40,4676,manual,2026-05-08 07:33:46,2026-05-06 21:07:49,34.43,2,cg_1778225623227_2,4003,cam2_20260508_013345.jpg,crops/cam2_20260508_013345_r0_c0.jpg,4005,cam2_20260508_013349.jpg,crops/cam2_20260508_013349_r0_c0.jpg,7836,27.6,,55,56.3,0,0,0,0,0,0.0,0.0,788.0,0.0,13.2,6.6,0.0,0.0,,2026-05-08 07:33:50
germ-germinadorap-de5832|LOT-20260506-651F-009|r0_c0|rep0,LOT-20260506-651F-009:A1:R0,germ-germinadorap-de5832,LOT-20260506-651F-009,A1,0,0,0,Betabel,,c4,desarrollo_normal,2026-05-10 16:09:40,4676,manual,2026-05-08 07:48:45,2026-05-06 21:07:49,34.68,2,cg_1778226523230_2,4007,cam2_20260508_014845.jpg,crops/cam2_20260508_014845_r0_c0.jpg,4009,cam2_20260508_014849.jpg,crops/cam2_20260508_014849_r0_c0.jpg,7848,27.5,,56,54.5,0,0,0,0,0,0.0,0.0,788.0,0.0,13.2,6.6,0.0,0.0,,2026-05-08 07:48:50
germ-germinadorap-de5832|LOT-20260506-651F-009|r0_c0|rep0,LOT-20260506-651F-009:A1:R0,germ-germinadorap-de5832,LOT-20260506-651F-009,A1,0,0,0,Betabel,,c4,desarrollo_normal,2026-05-10 16:09:40,4676,manual,2026-05-08 08:03:45,2026-05-06 21:07:49,34.93,2,cg_1778227423232_2,4010,cam2_20260508_020344.jpg,crops/cam2_20260508_020344_r0_c0.jpg,4012,cam2_20260508_020347.jpg,crops/cam2_20260508_020347_r0_c0.jpg,7853,27.6,,55,48,0,0,0,0,0,0.0,0.0,788.0,0.0,13.2,6.6,0.0,0.0,,2026-05-08 08:03:48
germ-germinadorap-de5832|LOT-20260506-651F-009|r0_c0|rep0,LOT-20260506-651F-009:A1:R0,germ-germinadorap-de5832,LOT-20260506-651F-009,A1,0,0,0,Betabel,,c4,desarrollo_normal,2026-05-10 16:09:40,4676,manual,2026-05-08 08:18:45,2026-05-06 21:07:49,35.18,2,cg_1778228323235_2,4015,cam2_20260508_021844.jpg,crops/cam2_20260508_021844_r0_c0.jpg,4017,cam2_20260508_021849.jpg,crops/cam2_20260508_021849_r0_c0.jpg,7872,27.5,,53,47.5,0,0,0,0,0,0.0,0.0,788.0,0.0,13.5,6.7,0.0,0.0,,2026-05-08 08:18:50
germ-germinadorap-de5832|LOT-20260506-651F-009|r0_c0|rep0,LOT-20260506-651F-009:A1:R0,germ-germinadorap-de5832,LOT-20260506-651F-009,A1,0,0,0,Betabel,,c4,desarrollo_normal,2026-05-10 16:09:40,4676,manual,2026-05-08 08:33:45,2026-05-06 21:07:49,35.43,2,cg_1778229223241_2,4018,cam2_20260508_023344.jpg,crops/cam2_20260508_023344_r0_c0.jpg,4020,cam2_20260508_023347.jpg,crops/cam2_20260508_023347_r0_c0.jpg,7877,27.6,,55,47.8,0,0,0,0,0,0.0,0.0,788.0,0.0,13.7,6.9,0.0,0.0,,2026-05-08 08:33:48
germ-germinadorap-de5832|LOT-20260506-651F-009|r0_c0|rep0,LOT-20260506-651F-009:A1:R0,germ-germinadorap-de5832,LOT-20260506-651F-009,A1,0,0,0,Betabel,,c4,desarrollo_normal,2026-05-10 16:09:40,4676,manual,2026-05-08 08:48:45,2026-05-06 21:07:49,35.68,2,cg_1778230123241_2,4023,cam2_20260508_024844.jpg,crops/cam2_20260508_024844_r0_c0.jpg,4025,cam2_20260508_024849.jpg,crops/cam2_20260508_024849_r0_c0.jpg,7896,27.6,,55,51.8,0,0,0,0,0,0.0,0.0,788.0,0.0,14.0,7.0,0.0,0.0,,2026-05-08 08:48:50
germ-germinadorap-de5832|LOT-20260506-651F-009|r0_c0|rep0,LOT-20260506-651F-009:A1:R0,germ-germinadorap-de5832,LOT-20260506-651F-009,A1,0,0,0,Betabel,,c4,desarrollo_normal,2026-05-10 16:09:40,4676,manual,2026-05-08 09:03:45,2026-05-06 21:07:49,35.93,2,cg_1778231023248_2,4027,cam2_20260508_030344.jpg,crops/cam2_20260508_030344_r0_c0.jpg,4029,cam2_20260508_030349.jpg,crops/cam2_20260508_030349_r0_c0.jpg,7908,27.6,,54,49.5,0,0,0,0,0,0.0,0.0,788.0,0.0,14.2,7.1,0.0,0.0,,2026-05-08 09:03:50
germ-germinadorap-de5832|LOT-20260506-651F-009|r0_c0|rep0,LOT-20260506-651F-009:A1:R0,germ-germinadorap-de5832,LOT-20260506-651F-009,A1,0,0,0,Betabel,,c4,desarrollo_normal,2026-05-10 16:09:40,4676,manual,2026-05-08 09:18:45,2026-05-06 21:07:49,36.18,2,cg_1778231923249_2,4030,cam2_20260508_031844.jpg,crops/cam2_20260508_031844_r0_c0.jpg,4032,cam2_20260508_031847.jpg,crops/cam2_20260508_031847_r0_c0.jpg,7913,27.6,,53,49.6,0,0,0,0,0,0.0,0.0,788.0,0.0,14.5,7.2,0.0,0.0,,2026-05-08 09:18:48
germ-germinadorap-de5832|LOT-20260506-651F-009|r0_c0|rep0,LOT-20260506-651F-009:A1:R0,germ-germinadorap-de5832,LOT-20260506-651F-009,A1,0,0,0,Betabel,,c4,desarrollo_normal,2026-05-10 16:09:40,4676,manual,2026-05-08 09:33:45,2026-05-06 21:07:49,36.43,2,cg_1778232823253_2,4035,cam2_20260508_033344.jpg,crops/cam2_20260508_033344_r0_c0.jpg,4037,cam2_20260508_033349.jpg,crops/cam2_20260508_033349_r0_c0.jpg,7932,27.6,,55,48.4,0,0,0,0,0,0.0,0.0,788.0,0.0,14.7,7.4,0.0,0.0,,2026-05-08 09:33:50
germ-germinadorap-de5832|LOT-20260506-651F-009|r0_c0|rep0,LOT-20260506-651F-009:A1:R0,germ-germinadorap-de5832,LOT-20260506-651F-009,A1,0,0,0,Betabel,,c4,desarrollo_normal,2026-05-10 16:09:40,4676,manual,2026-05-08 09:48:45,2026-05-06 21:07:49,36.68,2,cg_1778233723258_2,4039,cam2_20260508_034845.jpg,crops/cam2_20260508_034845_r0_c0.jpg,4041,cam2_20260508_034849.jpg,crops/cam2_20260508_034849_r0_c0.jpg,7944,27.6,,54,48.5,0,0,0,0,0,0.0,0.0,788.0,0.0,15.0,7.5,0.0,0.0,,2026-05-08 09:48:50
germ-germinadorap-de5832|LOT-20260506-651F-009|r0_c0|rep0,LOT-20260506-651F-009:A1:R0,germ-germinadorap-de5832,LOT-20260506-651F-009,A1,0,0,0,Betabel,,c4,desarrollo_normal,2026-05-10 16:09:40,4676,manual,2026-05-08 10:03:45,2026-05-06 21:07:49,36.93,2,cg_1778234623259_2,4042,cam2_20260508_040344.jpg,crops/cam2_20260508_040344_r0_c0.jpg,4044,cam2_20260508_040347.jpg,crops/cam2_20260508_040347_r0_c0.jpg,7949,27.5,,53,49.1,0,0,0,0,0,0.0,0.0,788.0,0.0,15.2,7.6,0.0,0.0,,2026-05-08 10:03:48
germ-germinadorap-de5832|LOT-20260506-651F-009|r0_c0|rep0,LOT-20260506-651F-009:A1:R0,germ-germinadorap-de5832,LOT-20260506-651F-009,A1,0,0,0,Betabel,,c4,desarrollo_normal,2026-05-10 16:09:40,4676,manual,2026-05-08 10:18:45,2026-05-06 21:07:49,37.18,2,cg_1778235523260_2,4047,cam2_20260508_041845.jpg,crops/cam2_20260508_041845_r0_c0.jpg,4049,cam2_20260508_041849.jpg,crops/cam2_20260508_041849_r0_c0.jpg,7968,27.6,,54,48.2,0,0,0,0,0,0.0,0.0,788.0,0.0,15.5,7.7,0.0,0.0,,2026-05-08 10:18:50
germ-germinadorap-de5832|LOT-20260506-651F-009|r0_c0|rep0,LOT-20260506-651F-009:A1:R0,germ-germinadorap-de5832,LOT-20260506-651F-009,A1,0,0,0,Betabel,,c4,desarrollo_normal,2026-05-10 16:09:40,4676,manual,2026-05-08 10:33:45,2026-05-06 21:07:49,37.43,2,cg_1778236423302_2,4051,cam2_20260508_043344.jpg,crops/cam2_20260508_043344_r0_c0.jpg,4053,cam2_20260508_043349.jpg,crops/cam2_20260508_043349_r0_c0.jpg,7980,27.5,,55,48.1,0,0,0,0,0,0.0,0.0,788.0,0.0,15.7,7.9,0.0,0.0,,2026-05-08 10:33:50
germ-germinadorap-de5832|LOT-20260506-651F-009|r0_c0|rep0,LOT-20260506-651F-009:A1:R0,germ-germinadorap-de5832,LOT-20260506-651F-009,A1,0,0,0,Betabel,,c4,desarrollo_normal,2026-05-10 16:09:40,4676,manual,2026-05-08 10:48:45,2026-05-06 21:07:49,37.68,2,cg_1778237323262_2,4055,cam2_20260508_044844.jpg,crops/cam2_20260508_044844_r0_c0.jpg,4057,cam2_20260508_044849.jpg,crops/cam2_20260508_044849_r0_c0.jpg,7992,27.6,,54,47.5,0,0,0,0,0,0.0,0.0,788.0,0.0,16.0,8.0,0.0,0.0,,2026-05-08 10:48:50
germ-germinadorap-de5832|LOT-20260506-651F-009|r0_c0|rep0,LOT-20260506-651F-009:A1:R0,germ-germinadorap-de5832,LOT-20260506-651F-009,A1,0,0,0,Betabel,,c4,desarrollo_normal,2026-05-10 16:09:40,4676,manual,2026-05-08 11:03:45,2026-05-06 21:07:49,37.93,2,cg_1778238223268_2,4059,cam2_20260508_050345.jpg,crops/cam2_20260508_050345_r0_c0.jpg,4061,cam2_20260508_050349.jpg,crops/cam2_20260508_050349_r0_c0.jpg,8004,27.5,,54,47.8,0,0,0,0,0,0.0,0.0,788.0,0.0,16.2,8.1,0.0,0.0,,2026-05-08 11:03:50
germ-germinadorap-de5832|LOT-20260506-651F-009|r0_c0|rep0,LOT-20260506-651F-009:A1:R0,germ-germinadorap-de5832,LOT-20260506-651F-009,A1,0,0,0,Betabel,,c4,desarrollo_normal,2026-05-10 16:09:40,4676,manual,2026-05-08 11:18:45,2026-05-06 21:07:49,38.18,2,cg_1778239123269_2,4063,cam2_20260508_051845.jpg,crops/cam2_20260508_051845_r0_c0.jpg,4065,cam2_20260508_051849.jpg,crops/cam2_20260508_051849_r0_c0.jpg,8016,27.5,,53,47.9,0,0,0,0,0,0.0,0.0,789.0,0.0,16.5,8.2,0.0,0.0,,2026-05-08 11:18:50
germ-germinadorap-de5832|LOT-20260506-651F-009|r0_c0|rep0,LOT-20260506-651F-009:A1:R0,germ-germinadorap-de5832,LOT-20260506-651F-009,A1,0,0,0,Betabel,,c4,desarrollo_normal,2026-05-10 16:09:40,4676,manual,2026-05-08 11:33:45,2026-05-06 21:07:49,38.43,2,cg_1778240023270_2,4067,cam2_20260508_053344.jpg,crops/cam2_20260508_053344_r0_c0.jpg,4069,cam2_20260508_053349.jpg,crops/cam2_20260508_053349_r0_c0.jpg,8028,27.5,,53,47.7,0,0,0,0,0,0.0,0.0,789.0,0.0,16.7,8.4,0.0,0.0,,2026-05-08 11:33:50
germ-germinadorap-de5832|LOT-20260506-651F-009|r0_c0|rep0,LOT-20260506-651F-009:A1:R0,germ-germinadorap-de5832,LOT-20260506-651F-009,A1,0,0,0,Betabel,,c4,desarrollo_normal,2026-05-10 16:09:40,4676,manual,2026-05-08 11:48:45,2026-05-06 21:07:49,38.68,2,cg_1778240923271_2,4070,cam2_20260508_054844.jpg,crops/cam2_20260508_054844_r0_c0.jpg,4072,cam2_20260508_054847.jpg,crops/cam2_20260508_054847_r0_c0.jpg,8033,27.5,,54,47.9,0,0,0,0,0,0.0,0.0,789.0,0.0,17.0,8.5,0.0,0.0,,2026-05-08 11:48:48
germ-germinadorap-de5832|LOT-20260506-651F-009|r0_c0|rep0,LOT-20260506-651F-009:A1:R0,germ-germinadorap-de5832,LOT-20260506-651F-009,A1,0,0,0,Betabel,,c4,desarrollo_normal,2026-05-10 16:09:40,4676,manual,2026-05-08 12:03:45,2026-05-06 21:07:49,38.93,2,cg_1778241823272_2,4074,cam2_20260508_060344.jpg,crops/cam2_20260508_060344_r0_c0.jpg,4076,cam2_20260508_060347.jpg,crops/cam2_20260508_060347_r0_c0.jpg,8045,27.5,,55,47.5,0,0,0,0,0,0.0,0.0,789.0,0.0,17.2,8.6,0.0,0.0,,2026-05-08 12:03:48
germ-germinadorap-de5832|LOT-20260506-651F-009|r0_c0|rep0,LOT-20260506-651F-009:A1:R0,germ-germinadorap-de5832,LOT-20260506-651F-009,A1,0,0,0,Betabel,,c4,desarrollo_normal,2026-05-10 16:09:40,4676,manual,2026-05-08 12:18:45,2026-05-06 21:07:49,39.18,2,cg_1778242723277_2,4078,cam2_20260508_061844.jpg,crops/cam2_20260508_061844_r0_c0.jpg,4080,cam2_20260508_061847.jpg,crops/cam2_20260508_061847_r0_c0.jpg,8057,27.5,,54,47.5,0,0,0,0,0,0.0,0.0,789.0,0.0,17.5,8.7,0.0,0.0,,2026-05-08 12:18:48
germ-germinadorap-de5832|LOT-20260506-651F-009|r0_c0|rep0,LOT-20260506-651F-009:A1:R0,germ-germinadorap-de5832,LOT-20260506-651F-009,A1,0,0,0,Betabel,,c4,desarrollo_normal,2026-05-10 16:09:40,4676,manual,2026-05-08 12:33:45,2026-05-06 21:07:49,39.43,2,cg_1778243623285_2,4083,cam2_20260508_063345.jpg,crops/cam2_20260508_063345_r0_c0.jpg,4085,cam2_20260508_063349.jpg,crops/cam2_20260508_063349_r0_c0.jpg,8076,27.5,,52,47.2,0,0,0,0,0,0.0,0.0,789.0,0.0,17.7,8.9,0.0,0.0,,2026-05-08 12:33:50
germ-germinadorap-de5832|LOT-20260506-651F-009|r0_c0|rep0,LOT-20260506-651F-009:A1:R0,germ-germinadorap-de5832,LOT-20260506-651F-009,A1,0,0,0,Betabel,,c4,desarrollo_normal,2026-05-10 16:09:40,4676,manual,2026-05-08 12:48:45,2026-05-06 21:07:49,39.68,2,cg_1778244523295_2,4087,cam2_20260508_064845.jpg,crops/cam2_20260508_064845_r0_c0.jpg,4089,cam2_20260508_064850.jpg,crops/cam2_20260508_064850_r0_c0.jpg,8088,27.5,,50,46.7,0,0,0,0,0,0.0,0.0,789.0,0.0,17.9,9.0,0.0,0.0,,2026-05-08 12:48:51
germ-germinadorap-de5832|LOT-20260506-651F-009|r0_c0|rep0,LOT-20260506-651F-009:A1:R0,germ-germinadorap-de5832,LOT-20260506-651F-009,A1,0,0,0,Betabel,,c4,desarrollo_normal,2026-05-10 16:09:40,4676,manual,2026-05-08 13:03:45,2026-05-06 21:07:49,39.93,2,cg_1778245423302_2,4090,cam2_20260508_070344.jpg,crops/cam2_20260508_070344_r0_c0.jpg,4092,cam2_20260508_070347.jpg,crops/cam2_20260508_070347_r0_c0.jpg,8093,27.3,,51,47,0,0,0,0,0,0.0,0.0,789.0,0.0,18.2,9.1,0.0,0.0,,2026-05-08 13:03:48
germ-germinadorap-de5832|LOT-20260506-651F-009|r0_c0|rep0,LOT-20260506-651F-009:A1:R0,germ-germinadorap-de5832,LOT-20260506-651F-009,A1,0,0,0,Betabel,,c4,desarrollo_normal,2026-05-10 16:09:40,4676,manual,2026-05-08 13:18:45,2026-05-06 21:07:49,40.18,2,cg_1778246323311_2,4094,cam2_20260508_071844.jpg,crops/cam2_20260508_071844_r0_c0.jpg,4096,cam2_20260508_071847.jpg,crops/cam2_20260508_071847_r0_c0.jpg,8105,27.2,,51,46.5,0,0,0,0,0,0.0,0.0,789.0,0.0,18.4,9.2,0.0,0.0,,2026-05-08 13:18:48
germ-germinadorap-de5832|LOT-20260506-651F-009|r0_c0|rep0,LOT-20260506-651F-009:A1:R0,germ-germinadorap-de5832,LOT-20260506-651F-009,A1,0,0,0,Betabel,,c4,desarrollo_normal,2026-05-10 16:09:40,4676,manual,2026-05-08 13:33:45,2026-05-06 21:07:49,40.43,2,cg_1778247223318_2,4098,cam2_20260508_073344.jpg,crops/cam2_20260508_073344_r0_c0.jpg,4100,cam2_20260508_073347.jpg,crops/cam2_20260508_073347_r0_c0.jpg,8117,27.2,,51,46.4,0,0,0,0,0,0.0,0.0,789.0,0.0,18.7,9.3,0.0,0.0,,2026-05-08 13:33:48
germ-germinadorap-de5832|LOT-20260506-651F-009|r0_c0|rep0,LOT-20260506-651F-009:A1:R0,germ-germinadorap-de5832,LOT-20260506-651F-009,A1,0,0,0,Betabel,,c4,desarrollo_normal,2026-05-10 16:09:40,4676,manual,2026-05-08 13:48:45,2026-05-06 21:07:49,40.68,2,cg_1778248123322_2,4103,cam2_20260508_074845.jpg,crops/cam2_20260508_074845_r0_c0.jpg,4105,cam2_20260508_074849.jpg,crops/cam2_20260508_074849_r0_c0.jpg,8136,27.2,,53,45.7,0,0,0,0,0,0.0,0.0,789.0,0.0,18.9,9.5,0.0,0.0,,2026-05-08 13:48:50
germ-germinadorap-de5832|LOT-20260506-651F-009|r0_c0|rep0,LOT-20260506-651F-009:A1:R0,germ-germinadorap-de5832,LOT-20260506-651F-009,A1,0,0,0,Betabel,,c4,desarrollo_normal,2026-05-10 16:09:40,4676,manual,2026-05-08 14:03:45,2026-05-06 21:07:49,40.93,2,cg_1778249023334_2,4106,cam2_20260508_080344.jpg,crops/cam2_20260508_080344_r0_c0.jpg,4108,cam2_20260508_080347.jpg,crops/cam2_20260508_080347_r0_c0.jpg,8141,27.4,,52,45.8,0,0,0,0,0,0.0,0.0,793.0,0.0,19.2,9.6,0.0,0.0,,2026-05-08 14:03:48
germ-germinadorap-de5832|LOT-20260506-651F-009|r0_c0|rep0,LOT-20260506-651F-009:A1:R0,germ-germinadorap-de5832,LOT-20260506-651F-009,A1,0,0,0,Betabel,,c4,desarrollo_normal,2026-05-10 16:09:40,4676,manual,2026-05-08 14:18:45,2026-05-06 21:07:49,41.18,2,cg_1778249923343_2,4110,cam2_20260508_081844.jpg,crops/cam2_20260508_081844_r0_c0.jpg,4112,cam2_20260508_081847.jpg,crops/cam2_20260508_081847_r0_c0.jpg,8153,27.7,,49,44.7,0,0,0,0,0,0.0,0.0,807.0,0.0,19.4,9.7,0.0,0.0,,2026-05-08 14:18:48
germ-germinadorap-de5832|LOT-20260506-651F-009|r0_c0|rep0,LOT-20260506-651F-009:A1:R0,germ-germinadorap-de5832,LOT-20260506-651F-009,A1,0,0,0,Betabel,,c4,desarrollo_normal,2026-05-10 16:09:40,4676,manual,2026-05-08 14:33:45,2026-05-06 21:07:49,41.43,2,cg_1778250823346_2,4114,cam2_20260508_083344.jpg,crops/cam2_20260508_083344_r0_c0.jpg,4116,cam2_20260508_083347.jpg,crops/cam2_20260508_083347_r0_c0.jpg,8165,28,,50,44.6,0,0,0,0,0,0.0,0.0,822.0,0.0,19.7,9.8,0.0,0.0,,2026-05-08 14:33:48
germ-germinadorap-de5832|LOT-20260506-651F-009|r0_c0|rep0,LOT-20260506-651F-009:A1:R0,germ-germinadorap-de5832,LOT-20260506-651F-009,A1,0,0,0,Betabel,,c4,desarrollo_normal,2026-05-10 16:09:40,4676,manual,2026-05-08 14:48:45,2026-05-06 21:07:49,41.68,2,cg_1778251723357_2,4118,cam2_20260508_084844.jpg,crops/cam2_20260508_084844_r0_c0.jpg,4120,cam2_20260508_084847.jpg,crops/cam2_20260508_084847_r0_c0.jpg,8177,28.5,,49,44.5,0,0,0,0,0,0.0,0.0,837.0,0.0,19.9,10.0,0.0,0.0,,2026-05-08 14:48:48
germ-germinadorap-de5832|LOT-20260506-651F-009|r0_c0|rep0,LOT-20260506-651F-009:A1:R0,germ-germinadorap-de5832,LOT-20260506-651F-009,A1,0,0,0,Betabel,,c4,desarrollo_normal,2026-05-10 16:09:40,4676,manual,2026-05-08 15:03:45,2026-05-06 21:07:49,41.93,2,cg_1778252623366_2,4122,cam2_20260508_090344.jpg,crops/cam2_20260508_090344_r0_c0.jpg,4124,cam2_20260508_090347.jpg,crops/cam2_20260508_090347_r0_c0.jpg,8189,28.8,,49,44.6,0,0,0,0,0,0.0,0.0,852.0,0.0,20.2,10.1,0.0,0.0,,2026-05-08 15:03:48
germ-germinadorap-de5832|LOT-20260506-651F-009|r0_c0|rep0,LOT-20260506-651F-009:A1:R0,germ-germinadorap-de5832,LOT-20260506-651F-009,A1,0,0,0,Betabel,,c4,desarrollo_normal,2026-05-10 16:09:40,4676,manual,2026-05-08 15:18:45,2026-05-06 21:07:49,42.18,2,cg_1778253523374_2,4126,cam2_20260508_091844.jpg,crops/cam2_20260508_091844_r0_c0.jpg,4128,cam2_20260508_091847.jpg,crops/cam2_20260508_091847_r0_c0.jpg,8201,28.8,,42,44.3,0,0,0,0,0,0.0,0.0,867.0,0.0,20.4,10.2,0.0,0.0,,2026-05-08 15:18:48
germ-germinadorap-de5832|LOT-20260506-651F-009|r0_c0|rep0,LOT-20260506-651F-009:A1:R0,germ-germinadorap-de5832,LOT-20260506-651F-009,A1,0,0,0,Betabel,,c4,desarrollo_normal,2026-05-10 16:09:40,4676,manual,2026-05-08 15:33:45,2026-05-06 21:07:49,42.43,2,cg_1778254423383_2,4130,cam2_20260508_093344.jpg,crops/cam2_20260508_093344_r0_c0.jpg,4132,cam2_20260508_093347.jpg,crops/cam2_20260508_093347_r0_c0.jpg,8213,28.7,,42,44.3,0,0,0,0,0,0.0,0.0,882.0,0.0,20.7,10.3,0.0,0.0,,2026-05-08 15:33:48
germ-germinadorap-de5832|LOT-20260506-651F-009|r0_c0|rep0,LOT-20260506-651F-009:A1:R0,germ-germinadorap-de5832,LOT-20260506-651F-009,A1,0,0,0,Betabel,,c4,desarrollo_normal,2026-05-10 16:09:40,4676,manual,2026-05-08 15:48:45,2026-05-06 21:07:49,42.68,2,cg_1778255323386_2,4134,cam2_20260508_094844.jpg,crops/cam2_20260508_094844_r0_c0.jpg,4136,cam2_20260508_094847.jpg,crops/cam2_20260508_094847_r0_c0.jpg,8225,28.7,,41,43.8,0,0,0,0,0,0.0,0.0,897.0,0.0,20.9,10.5,0.0,0.0,,2026-05-08 15:48:48
germ-germinadorap-de5832|LOT-20260506-651F-009|r0_c0|rep0,LOT-20260506-651F-009:A1:R0,germ-germinadorap-de5832,LOT-20260506-651F-009,A1,0,0,0,Betabel,,c4,desarrollo_normal,2026-05-10 16:09:40,4676,manual,2026-05-08 16:03:45,2026-05-06 21:07:49,42.93,2,cg_1778256223394_2,4138,cam2_20260508_100344.jpg,crops/cam2_20260508_100344_r0_c0.jpg,4140,cam2_20260508_100347.jpg,crops/cam2_20260508_100347_r0_c0.jpg,8237,28.8,,41,42.9,0,0,0,0,0,0.0,0.0,912.0,0.0,21.2,10.6,0.0,0.0,,2026-05-08 16:03:48
germ-germinadorap-de5832|LOT-20260506-651F-009|r0_c0|rep0,LOT-20260506-651F-009:A1:R0,germ-germinadorap-de5832,LOT-20260506-651F-009,A1,0,0,0,Betabel,,c4,desarrollo_normal,2026-05-10 16:09:40,4676,manual,2026-05-08 16:18:45,2026-05-06 21:07:49,43.18,2,cg_1778257123403_2,4142,cam2_20260508_101844.jpg,crops/cam2_20260508_101844_r0_c0.jpg,4144,cam2_20260508_101847.jpg,crops/cam2_20260508_101847_r0_c0.jpg,8249,28.9,,42,44.1,0,0,0,0,0,0.0,0.0,927.0,0.0,21.4,10.7,0.0,0.0,,2026-05-08 16:18:48
germ-germinadorap-de5832|LOT-20260506-651F-009|r0_c0|rep0,LOT-20260506-651F-009:A1:R0,germ-germinadorap-de5832,LOT-20260506-651F-009,A1,0,0,0,Betabel,,c4,desarrollo_normal,2026-05-10 16:09:40,4676,manual,2026-05-08 16:33:45,2026-05-06 21:07:49,43.43,2,cg_1778258023413_2,4146,cam2_20260508_103344.jpg,crops/cam2_20260508_103344_r0_c0.jpg,4148,cam2_20260508_103347.jpg,crops/cam2_20260508_103347_r0_c0.jpg,8261,28.7,,40,43.2,0,0,0,0,0,0.0,0.0,942.0,0.0,21.7,10.8,0.0,0.0,,2026-05-08 16:33:48
germ-germinadorap-de5832|LOT-20260506-651F-009|r0_c0|rep0,LOT-20260506-651F-009:A1:R0,germ-germinadorap-de5832,LOT-20260506-651F-009,A1,0,0,0,Betabel,,c4,desarrollo_normal,2026-05-10 16:09:40,4676,manual,2026-05-08 16:48:45,2026-05-06 21:07:49,43.68,2,cg_1778258923424_2,4150,cam2_20260508_104845.jpg,crops/cam2_20260508_104845_r0_c0.jpg,4152,cam2_20260508_104847.jpg,crops/cam2_20260508_104847_r0_c0.jpg,8273,28.1,,39,42.5,0,0,0,0,0,0.0,0.0,957.0,0.0,21.9,11.0,0.0,0.0,,2026-05-08 16:48:48
germ-germinadorap-de5832|LOT-20260506-651F-009|r0_c0|rep0,LOT-20260506-651F-009:A1:R0,germ-germinadorap-de5832,LOT-20260506-651F-009,A1,0,0,0,Betabel,,c4,desarrollo_normal,2026-05-10 16:09:40,4676,manual,2026-05-08 17:03:45,2026-05-06 21:07:49,43.93,2,cg_1778259823429_2,4154,cam2_20260508_110344.jpg,crops/cam2_20260508_110344_r0_c0.jpg,4156,cam2_20260508_110347.jpg,crops/cam2_20260508_110347_r0_c0.jpg,8285,27.8,,38,41.9,0,0,0,0,0,0.0,0.0,971.0,0.0,22.2,11.1,0.0,0.0,,2026-05-08 17:03:48
germ-germinadorap-de5832|LOT-20260506-651F-009|r0_c0|rep0,LOT-20260506-651F-009:A1:R0,germ-germinadorap-de5832,LOT-20260506-651F-009,A1,0,0,0,Betabel,,c4,desarrollo_normal,2026-05-10 16:09:40,4676,manual,2026-05-08 17:18:45,2026-05-06 21:07:49,44.18,2,cg_1778260723434_2,4158,cam2_20260508_111844.jpg,crops/cam2_20260508_111844_r0_c0.jpg,4160,cam2_20260508_111847.jpg,crops/cam2_20260508_111847_r0_c0.jpg,8297,27.6,,36,41.7,0,0,0,0,0,0.0,0.0,986.0,0.0,22.4,11.2,0.0,0.0,,2026-05-08 17:18:48
germ-germinadorap-de5832|LOT-20260506-651F-009|r0_c0|rep0,LOT-20260506-651F-009:A1:R0,germ-germinadorap-de5832,LOT-20260506-651F-009,A1,0,0,0,Betabel,,c4,desarrollo_normal,2026-05-10 16:09:40,4676,manual,2026-05-08 17:33:45,2026-05-06 21:07:49,44.43,2,cg_1778261623438_2,4162,cam2_20260508_113345.jpg,crops/cam2_20260508_113345_r0_c0.jpg,4164,cam2_20260508_113348.jpg,crops/cam2_20260508_113348_r0_c0.jpg,8309,27.4,,37,61.6,0,0,0,0,0,0.0,0.0,1001.0,0.0,22.7,11.3,0.0,0.0,,2026-05-08 17:33:49
germ-germinadorap-de5832|LOT-20260506-651F-009|r0_c0|rep0,LOT-20260506-651F-009:A1:R0,germ-germinadorap-de5832,LOT-20260506-651F-009,A1,0,0,0,Betabel,,c4,desarrollo_normal,2026-05-10 16:09:40,4676,manual,2026-05-08 17:48:45,2026-05-06 21:07:49,44.68,2,cg_1778262523444_2,4167,cam2_20260508_114845.jpg,crops/cam2_20260508_114845_r0_c0.jpg,4169,cam2_20260508_114850.jpg,crops/cam2_20260508_114850_r0_c0.jpg,8328,27.3,,39,52.7,0,0,0,0,0,0.0,0.0,1016.0,0.0,22.9,11.5,0.0,0.0,,2026-05-08 17:48:52
germ-germinadorap-de5832|LOT-20260506-651F-009|r0_c0|rep0,LOT-20260506-651F-009:A1:R0,germ-germinadorap-de5832,LOT-20260506-651F-009,A1,0,0,0,Betabel,,c4,desarrollo_normal,2026-05-10 16:09:40,4676,manual,2026-05-08 18:03:45,2026-05-06 21:07:49,44.93,2,cg_1778263423456_2,4170,cam2_20260508_120344.jpg,crops/cam2_20260508_120344_r0_c0.jpg,4172,cam2_20260508_120347.jpg,crops/cam2_20260508_120347_r0_c0.jpg,8333,27.4,,39,100,0,0,0,0,0,0.0,0.0,1031.0,0.0,23.2,11.6,0.0,0.0,,2026-05-08 18:03:48
germ-germinadorap-de5832|LOT-20260506-651F-009|r0_c0|rep0,LOT-20260506-651F-009:A1:R0,germ-germinadorap-de5832,LOT-20260506-651F-009,A1,0,0,0,Betabel,,c4,desarrollo_normal,2026-05-10 16:09:40,4676,manual,2026-05-08 18:18:45,2026-05-06 21:07:49,45.18,2,cg_1778264323460_2,4174,cam2_20260508_121844.jpg,crops/cam2_20260508_121844_r0_c0.jpg,4176,cam2_20260508_121847.jpg,crops/cam2_20260508_121847_r0_c0.jpg,8345,27.2,,39,100,0,0,0,0,0,0.0,0.0,1046.0,0.0,23.4,11.7,0.0,0.0,,2026-05-08 18:18:48
germ-germinadorap-de5832|LOT-20260506-651F-009|r0_c0|rep0,LOT-20260506-651F-009:A1:R0,germ-germinadorap-de5832,LOT-20260506-651F-009,A1,0,0,0,Betabel,,c4,desarrollo_normal,2026-05-10 16:09:40,4676,manual,2026-05-08 18:34:21,2026-05-06 21:07:49,45.44,2,cg_1778265259137_2,4178,cam2_20260508_123420.jpg,crops/cam2_20260508_123420_r0_c0.jpg,4180,cam2_20260508_123423.jpg,crops/cam2_20260508_123423_r0_c0.jpg,8357,27.3,,37,83.3,0,0,0,0,0,0.0,0.0,1061.0,0.0,23.7,11.8,0.0,0.0,,2026-05-08 18:34:24
germ-germinadorap-de5832|LOT-20260506-651F-009|r0_c0|rep0,LOT-20260506-651F-009:A1:R0,germ-germinadorap-de5832,LOT-20260506-651F-009,A1,0,0,0,Betabel,,c4,desarrollo_normal,2026-05-10 16:09:40,4676,manual,2026-05-08 18:49:21,2026-05-06 21:07:49,45.69,2,cg_1778266159137_2,4182,cam2_20260508_124920.jpg,crops/cam2_20260508_124920_r0_c0.jpg,4184,cam2_20260508_124923.jpg,crops/cam2_20260508_124923_r0_c0.jpg,8369,27.5,,36,100,0,0,0,0,0,0.0,0.0,1076.0,0.0,23.9,12.0,0.0,0.0,,2026-05-08 18:49:24
germ-germinadorap-de5832|LOT-20260506-651F-009|r0_c0|rep0,LOT-20260506-651F-009:A1:R0,germ-germinadorap-de5832,LOT-20260506-651F-009,A1,0,0,0,Betabel,,c4,desarrollo_normal,2026-05-10 16:09:40,4676,manual,2026-05-08 19:04:21,2026-05-06 21:07:49,45.94,2,cg_1778267059139_2,4186,cam2_20260508_130420.jpg,crops/cam2_20260508_130420_r0_c0.jpg,4188,cam2_20260508_130423.jpg,crops/cam2_20260508_130423_r0_c0.jpg,8381,27.4,,37,77.8,0,0,0,0,0,0.0,0.0,1091.0,0.0,24.2,12.1,0.0,0.0,,2026-05-08 19:04:24
germ-germinadorap-de5832|LOT-20260506-651F-009|r0_c0|rep0,LOT-20260506-651F-009:A1:R0,germ-germinadorap-de5832,LOT-20260506-651F-009,A1,0,0,0,Betabel,,c4,desarrollo_normal,2026-05-10 16:09:40,4676,manual,2026-05-08 19:19:21,2026-05-06 21:07:49,46.19,2,cg_1778267959140_2,4190,cam2_20260508_131920.jpg,crops/cam2_20260508_131920_r0_c0.jpg,4192,cam2_20260508_131923.jpg,crops/cam2_20260508_131923_r0_c0.jpg,8393,27.2,,37,100,0,0,0,0,0,0.0,0.0,1106.0,0.0,24.4,12.2,0.0,0.0,,2026-05-08 19:19:24
germ-germinadorap-de5832|LOT-20260506-651F-009|r0_c0|rep0,LOT-20260506-651F-009:A1:R0,germ-germinadorap-de5832,LOT-20260506-651F-009,A1,0,0,0,Betabel,,c4,desarrollo_normal,2026-05-10 16:09:40,4676,manual,2026-05-08 19:34:21,2026-05-06 21:07:49,46.44,2,cg_1778268859143_2,4194,cam2_20260508_133420.jpg,crops/cam2_20260508_133420_r0_c0.jpg,4196,cam2_20260508_133423.jpg,crops/cam2_20260508_133423_r0_c0.jpg,8405,27.2,,37,72.3,0,0,0,0,0,0.0,0.0,1121.0,0.0,24.7,12.3,0.0,0.0,,2026-05-08 19:34:24
germ-germinadorap-de5832|LOT-20260506-651F-009|r0_c0|rep0,LOT-20260506-651F-009:A1:R0,germ-germinadorap-de5832,LOT-20260506-651F-009,A1,0,0,0,Betabel,,c4,desarrollo_normal,2026-05-10 16:09:40,4676,manual,2026-05-08 19:49:21,2026-05-06 21:07:49,46.69,2,cg_1778269759143_2,4198,cam2_20260508_134920.jpg,crops/cam2_20260508_134920_r0_c0.jpg,4200,cam2_20260508_134923.jpg,crops/cam2_20260508_134923_r0_c0.jpg,8417,27.2,,37,100,0,0,0,0,0,0.0,0.0,1136.0,0.0,24.9,12.5,0.0,0.0,,2026-05-08 19:49:24
germ-germinadorap-de5832|LOT-20260506-651F-009|r0_c0|rep0,LOT-20260506-651F-009:A1:R0,germ-germinadorap-de5832,LOT-20260506-651F-009,A1,0,0,0,Betabel,,c4,desarrollo_normal,2026-05-10 16:09:40,4676,manual,2026-05-08 20:04:21,2026-05-06 21:07:49,46.94,2,cg_1778270659143_2,4202,cam2_20260508_140420.jpg,crops/cam2_20260508_140420_r0_c0.jpg,4204,cam2_20260508_140423.jpg,crops/cam2_20260508_140423_r0_c0.jpg,8429,27.3,,37,100,0,0,0,0,0,0.0,0.0,1151.0,0.0,25.1,12.6,0.0,0.0,,2026-05-08 20:04:24
germ-germinadorap-de5832|LOT-20260506-651F-009|r0_c0|rep0,LOT-20260506-651F-009:A1:R0,germ-germinadorap-de5832,LOT-20260506-651F-009,A1,0,0,0,Betabel,,c4,desarrollo_normal,2026-05-10 16:09:40,4676,manual,2026-05-08 20:19:21,2026-05-06 21:07:49,47.19,2,cg_1778271559146_2,4206,cam2_20260508_141920.jpg,crops/cam2_20260508_141920_r0_c0.jpg,4208,cam2_20260508_141923.jpg,crops/cam2_20260508_141923_r0_c0.jpg,8441,27.2,,38,100,0,0,0,0,0,0.0,0.0,1166.0,0.0,25.1,12.6,0.0,0.0,,2026-05-08 20:19:24
germ-germinadorap-de5832|LOT-20260506-651F-009|r0_c0|rep0,LOT-20260506-651F-009:A1:R0,germ-germinadorap-de5832,LOT-20260506-651F-009,A1,0,0,0,Betabel,,c4,desarrollo_normal,2026-05-10 16:09:40,4676,manual,2026-05-08 20:34:21,2026-05-06 21:07:49,47.44,2,cg_1778272459148_2,4210,cam2_20260508_143420.jpg,crops/cam2_20260508_143420_r0_c0.jpg,4212,cam2_20260508_143423.jpg,crops/cam2_20260508_143423_r0_c0.jpg,8453,27.2,,39,100,0,0,0,0,0,0.0,0.0,1181.0,0.0,25.1,12.6,0.0,0.0,,2026-05-08 20:34:24
germ-germinadorap-de5832|LOT-20260506-651F-009|r0_c0|rep0,LOT-20260506-651F-009:A1:R0,germ-germinadorap-de5832,LOT-20260506-651F-009,A1,0,0,0,Betabel,,c4,desarrollo_normal,2026-05-10 16:09:40,4676,manual,2026-05-08 20:49:21,2026-05-06 21:07:49,47.69,2,cg_1778273359155_2,4214,cam2_20260508_144920.jpg,crops/cam2_20260508_144920_r0_c0.jpg,4216,cam2_20260508_144923.jpg,crops/cam2_20260508_144923_r0_c0.jpg,8465,27.2,,37,100,0,0,0,0,0,0.0,0.0,1196.0,0.0,25.1,12.6,0.0,0.0,,2026-05-08 20:49:24
germ-germinadorap-de5832|LOT-20260506-651F-009|r0_c0|rep0,LOT-20260506-651F-009:A1:R0,germ-germinadorap-de5832,LOT-20260506-651F-009,A1,0,0,0,Betabel,,c4,desarrollo_normal,2026-05-10 16:09:40,4676,manual,2026-05-08 21:04:21,2026-05-06 21:07:49,47.94,2,cg_1778274259161_2,4218,cam2_20260508_150420.jpg,crops/cam2_20260508_150420_r0_c0.jpg,4220,cam2_20260508_150423.jpg,crops/cam2_20260508_150423_r0_c0.jpg,8477,27.3,,39,100,0,0,0,0,0,0.0,0.0,1211.0,0.0,25.1,12.6,0.0,0.0,,2026-05-08 21:04:24
germ-germinadorap-de5832|LOT-20260506-651F-009|r0_c0|rep0,LOT-20260506-651F-009:A1:R0,germ-germinadorap-de5832,LOT-20260506-651F-009,A1,0,0,0,Betabel,,c4,desarrollo_normal,2026-05-10 16:09:40,4676,manual,2026-05-08 21:19:21,2026-05-06 21:07:49,48.19,3,cg_1778275159169_2,4223,cam2_20260508_151920.jpg,crops/cam2_20260508_151920_r0_c0.jpg,4225,cam2_20260508_151925.jpg,crops/cam2_20260508_151925_r0_c0.jpg,8496,27.2,,38,94.4,0,0,0,0,0,0.0,0.0,1226.0,0.0,25.1,8.4,0.0,0.0,,2026-05-08 21:19:26
germ-germinadorap-de5832|LOT-20260506-651F-009|r0_c0|rep0,LOT-20260506-651F-009:A1:R0,germ-germinadorap-de5832,LOT-20260506-651F-009,A1,0,0,0,Betabel,,c4,desarrollo_normal,2026-05-10 16:09:40,4676,manual,2026-05-08 21:34:21,2026-05-06 21:07:49,48.44,3,cg_1778276059175_2,4226,cam2_20260508_153420.jpg,crops/cam2_20260508_153420_r0_c0.jpg,4228,cam2_20260508_153423.jpg,crops/cam2_20260508_153423_r0_c0.jpg,8501,27.1,,40,100,0,0,0,0,0,0.0,0.0,1241.0,0.0,25.1,8.4,0.0,0.0,,2026-05-08 21:34:24
germ-germinadorap-de5832|LOT-20260506-651F-009|r0_c0|rep0,LOT-20260506-651F-009:A1:R0,germ-germinadorap-de5832,LOT-20260506-651F-009,A1,0,0,0,Betabel,,c4,desarrollo_normal,2026-05-10 16:09:40,4676,manual,2026-05-08 21:49:21,2026-05-06 21:07:49,48.69,3,cg_1778276959189_2,4230,cam2_20260508_154920.jpg,crops/cam2_20260508_154920_r0_c0.jpg,4232,cam2_20260508_154923.jpg,crops/cam2_20260508_154923_r0_c0.jpg,8513,27.2,,41,100,0,0,0,0,0,0.0,0.0,1255.0,0.0,25.1,8.4,0.0,0.0,,2026-05-08 21:49:24
germ-germinadorap-de5832|LOT-20260506-651F-009|r0_c0|rep0,LOT-20260506-651F-009:A1:R0,germ-germinadorap-de5832,LOT-20260506-651F-009,A1,0,0,0,Betabel,,c4,desarrollo_normal,2026-05-10 16:09:40,4676,manual,2026-05-08 22:04:21,2026-05-06 21:07:49,48.94,3,cg_1778277859193_2,4234,cam2_20260508_160420.jpg,crops/cam2_20260508_160420_r0_c0.jpg,4236,cam2_20260508_160423.jpg,crops/cam2_20260508_160423_r0_c0.jpg,8525,27.1,,39,100,0,0,0,0,0,0.0,0.0,1270.0,0.0,25.1,8.4,0.0,0.0,,2026-05-08 22:04:24
germ-germinadorap-de5832|LOT-20260506-651F-009|r0_c0|rep0,LOT-20260506-651F-009:A1:R0,germ-germinadorap-de5832,LOT-20260506-651F-009,A1,0,0,0,Betabel,,c4,desarrollo_normal,2026-05-10 16:09:40,4676,manual,2026-05-08 22:19:21,2026-05-06 21:07:49,49.19,3,cg_1778278759204_2,4238,cam2_20260508_161920.jpg,crops/cam2_20260508_161920_r0_c0.jpg,4240,cam2_20260508_161923.jpg,crops/cam2_20260508_161923_r0_c0.jpg,8537,27.2,,38,95.4,0,0,0,0,0,0.0,0.0,1285.0,0.0,25.1,8.4,0.0,0.0,,2026-05-08 22:19:24
germ-germinadorap-de5832|LOT-20260506-651F-009|r0_c0|rep0,LOT-20260506-651F-009:A1:R0,germ-germinadorap-de5832,LOT-20260506-651F-009,A1,0,0,0,Betabel,,c4,desarrollo_normal,2026-05-10 16:09:40,4676,manual,2026-05-08 22:34:21,2026-05-06 21:07:49,49.44,3,cg_1778279659206_2,4242,cam2_20260508_163420.jpg,crops/cam2_20260508_163420_r0_c0.jpg,4244,cam2_20260508_163423.jpg,crops/cam2_20260508_163423_r0_c0.jpg,8549,27.7,,40,100,0,0,0,0,0,0.0,0.0,1300.0,0.0,25.1,8.4,0.0,0.0,,2026-05-08 22:34:24
germ-germinadorap-de5832|LOT-20260506-651F-009|r0_c0|rep0,LOT-20260506-651F-009:A1:R0,germ-germinadorap-de5832,LOT-20260506-651F-009,A1,0,0,0,Betabel,,c4,desarrollo_normal,2026-05-10 16:09:40,4676,manual,2026-05-08 22:49:21,2026-05-06 21:07:49,49.69,3,cg_1778280559212_2,4246,cam2_20260508_164920.jpg,crops/cam2_20260508_164920_r0_c0.jpg,4248,cam2_20260508_164923.jpg,crops/cam2_20260508_164923_r0_c0.jpg,8561,28.1,,40,100,0,0,0,0,0,0.0,0.0,1315.0,0.0,25.1,8.4,0.0,0.0,,2026-05-08 22:49:24
germ-germinadorap-de5832|LOT-20260506-651F-009|r0_c0|rep0,LOT-20260506-651F-009:A1:R0,germ-germinadorap-de5832,LOT-20260506-651F-009,A1,0,0,0,Betabel,,c4,desarrollo_normal,2026-05-10 16:09:40,4676,manual,2026-05-08 23:04:21,2026-05-06 21:07:49,49.94,3,cg_1778281459217_2,4250,cam2_20260508_170420.jpg,crops/cam2_20260508_170420_r0_c0.jpg,4252,cam2_20260508_170423.jpg,crops/cam2_20260508_170423_r0_c0.jpg,8573,28.4,,41,100,0,0,0,0,0,0.0,0.0,1330.0,0.0,25.1,8.4,0.0,0.0,,2026-05-08 23:04:24
germ-germinadorap-de5832|LOT-20260506-651F-009|r0_c0|rep0,LOT-20260506-651F-009:A1:R0,germ-germinadorap-de5832,LOT-20260506-651F-009,A1,0,0,0,Betabel,,c4,desarrollo_normal,2026-05-10 16:09:40,4676,manual,2026-05-08 23:19:21,2026-05-06 21:07:49,50.19,3,cg_1778282359225_2,4254,cam2_20260508_171920.jpg,crops/cam2_20260508_171920_r0_c0.jpg,4256,cam2_20260508_171923.jpg,crops/cam2_20260508_171923_r0_c0.jpg,8585,28.5,,39,100,0,0,0,0,0,0.0,0.0,1345.0,0.0,25.1,8.4,0.0,0.0,,2026-05-08 23:19:24
germ-germinadorap-de5832|LOT-20260506-651F-009|r0_c0|rep0,LOT-20260506-651F-009:A1:R0,germ-germinadorap-de5832,LOT-20260506-651F-009,A1,0,0,0,Betabel,,c4,desarrollo_normal,2026-05-10 16:09:40,4676,manual,2026-05-08 23:34:21,2026-05-06 21:07:49,50.44,3,cg_1778283259230_2,4258,cam2_20260508_173420.jpg,crops/cam2_20260508_173420_r0_c0.jpg,4260,cam2_20260508_173423.jpg,crops/cam2_20260508_173423_r0_c0.jpg,8597,28.7,,39,100,0,0,0,0,0,0.0,0.0,1360.0,0.0,25.1,8.4,0.0,0.0,,2026-05-08 23:34:24
germ-germinadorap-de5832|LOT-20260506-651F-009|r0_c0|rep0,LOT-20260506-651F-009:A1:R0,germ-germinadorap-de5832,LOT-20260506-651F-009,A1,0,0,0,Betabel,,c4,desarrollo_normal,2026-05-10 16:09:40,4676,manual,2026-05-08 23:49:21,2026-05-06 21:07:49,50.69,3,cg_1778284159245_2,4262,cam2_20260508_174920.jpg,crops/cam2_20260508_174920_r0_c0.jpg,4264,cam2_20260508_174923.jpg,crops/cam2_20260508_174923_r0_c0.jpg,8609,28.7,,39,100,0,0,0,0,0,0.0,0.0,1375.0,0.0,25.1,8.4,0.0,0.0,,2026-05-08 23:49:24
germ-germinadorap-de5832|LOT-20260506-651F-009|r0_c0|rep0,LOT-20260506-651F-009:A1:R0,germ-germinadorap-de5832,LOT-20260506-651F-009,A1,0,0,0,Betabel,,c4,desarrollo_normal,2026-05-10 16:09:40,4676,manual,2026-05-09 00:04:21,2026-05-06 21:07:49,50.94,3,cg_1778285059250_2,4266,cam2_20260508_180420.jpg,crops/cam2_20260508_180420_r0_c0.jpg,4268,cam2_20260508_180423.jpg,crops/cam2_20260508_180423_r0_c0.jpg,8621,28.7,,41,100,0,0,0,1,0,15.0,0.0,1390.0,0.0,25.1,8.4,0.0,0.0,,2026-05-09 00:04:24
germ-germinadorap-de5832|LOT-20260506-651F-009|r0_c0|rep0,LOT-20260506-651F-009:A1:R0,germ-germinadorap-de5832,LOT-20260506-651F-009,A1,0,0,0,Betabel,,c4,desarrollo_normal,2026-05-10 16:09:40,4676,manual,2026-05-09 00:19:21,2026-05-06 21:07:49,51.19,3,cg_1778285959263_2,4270,cam2_20260508_181920.jpg,crops/cam2_20260508_181920_r0_c0.jpg,4272,cam2_20260508_181923.jpg,crops/cam2_20260508_181923_r0_c0.jpg,8633,28.6,,40,100,0,0,0,0,0,0.0,0.0,1405.0,0.0,25.1,8.4,0.0,0.0,,2026-05-09 00:19:24
germ-germinadorap-de5832|LOT-20260506-651F-009|r0_c0|rep0,LOT-20260506-651F-009:A1:R0,germ-germinadorap-de5832,LOT-20260506-651F-009,A1,0,0,0,Betabel,,c4,desarrollo_normal,2026-05-10 16:09:40,4676,manual,2026-05-09 00:34:21,2026-05-06 21:07:49,51.44,3,cg_1778286859268_2,4274,cam2_20260508_183420.jpg,crops/cam2_20260508_183420_r0_c0.jpg,4276,cam2_20260508_183423.jpg,crops/cam2_20260508_183423_r0_c0.jpg,8645,28,,40,98.1,0,0,0,0,0,0.0,0.0,1420.0,0.0,25.1,8.4,0.0,0.0,,2026-05-09 00:34:24
germ-germinadorap-de5832|LOT-20260506-651F-009|r0_c0|rep0,LOT-20260506-651F-009:A1:R0,germ-germinadorap-de5832,LOT-20260506-651F-009,A1,0,0,0,Betabel,,c4,desarrollo_normal,2026-05-10 16:09:40,4676,manual,2026-05-09 00:49:21,2026-05-06 21:07:49,51.69,3,cg_1778287759273_2,4278,cam2_20260508_184920.jpg,crops/cam2_20260508_184920_r0_c0.jpg,4280,cam2_20260508_184923.jpg,crops/cam2_20260508_184923_r0_c0.jpg,8657,27.5,,38,93.5,0,0,0,0,0,0.0,0.0,1435.0,0.0,25.1,8.4,0.0,0.0,,2026-05-09 00:49:24
germ-germinadorap-de5832|LOT-20260506-651F-009|r0_c0|rep0,LOT-20260506-651F-009:A1:R0,germ-germinadorap-de5832,LOT-20260506-651F-009,A1,0,0,0,Betabel,,c4,desarrollo_normal,2026-05-10 16:09:40,4676,manual,2026-05-09 01:04:21,2026-05-06 21:07:49,51.94,3,cg_1778288659277_2,4282,cam2_20260508_190420.jpg,crops/cam2_20260508_190420_r0_c0.jpg,4284,cam2_20260508_190423.jpg,crops/cam2_20260508_190423_r0_c0.jpg,8669,27.7,,42,97.2,0,0,0,0,0,0.0,0.0,1449.0,0.0,25.1,8.4,0.0,0.0,,2026-05-09 01:04:24
germ-germinadorap-de5832|LOT-20260506-651F-009|r0_c0|rep0,LOT-20260506-651F-009:A1:R0,germ-germinadorap-de5832,LOT-20260506-651F-009,A1,0,0,0,Betabel,,c4,desarrollo_normal,2026-05-10 16:09:40,4676,manual,2026-05-09 01:19:21,2026-05-06 21:07:49,52.19,3,cg_1778289559280_2,4286,cam2_20260508_191920.jpg,crops/cam2_20260508_191920_r0_c0.jpg,4288,cam2_20260508_191923.jpg,crops/cam2_20260508_191923_r0_c0.jpg,8681,28.2,,42,100,0,0,0,0,0,0.0,0.0,1464.0,0.0,25.1,8.4,0.0,0.0,,2026-05-09 01:19:24
germ-germinadorap-de5832|LOT-20260506-651F-009|r0_c0|rep0,LOT-20260506-651F-009:A1:R0,germ-germinadorap-de5832,LOT-20260506-651F-009,A1,0,0,0,Betabel,,c4,desarrollo_normal,2026-05-10 16:09:40,4676,manual,2026-05-09 01:34:21,2026-05-06 21:07:49,52.44,3,cg_1778290459286_2,4290,cam2_20260508_193420.jpg,crops/cam2_20260508_193420_r0_c0.jpg,4292,cam2_20260508_193423.jpg,crops/cam2_20260508_193423_r0_c0.jpg,8693,28.4,,41,98.1,0,0,0,0,0,0.0,0.0,1479.0,0.0,25.1,8.4,0.0,0.0,,2026-05-09 01:34:24
germ-germinadorap-de5832|LOT-20260506-651F-009|r0_c0|rep0,LOT-20260506-651F-009:A1:R0,germ-germinadorap-de5832,LOT-20260506-651F-009,A1,0,0,0,Betabel,,c4,desarrollo_normal,2026-05-10 16:09:40,4676,manual,2026-05-09 01:49:21,2026-05-06 21:07:49,52.69,3,cg_1778291359296_2,4294,cam2_20260508_194920.jpg,crops/cam2_20260508_194920_r0_c0.jpg,4296,cam2_20260508_194923.jpg,crops/cam2_20260508_194923_r0_c0.jpg,8705,28.5,,43,93.5,0,0,0,0,0,0.0,0.0,1494.0,0.0,25.2,8.4,0.0,0.0,,2026-05-09 01:49:24
germ-germinadorap-de5832|LOT-20260506-651F-009|r0_c0|rep0,LOT-20260506-651F-009:A1:R0,germ-germinadorap-de5832,LOT-20260506-651F-009,A1,0,0,0,Betabel,,c4,desarrollo_normal,2026-05-10 16:09:40,4676,manual,2026-05-09 02:04:21,2026-05-06 21:07:49,52.94,3,cg_1778292259307_2,4298,cam2_20260508_200420.jpg,crops/cam2_20260508_200420_r0_c0.jpg,4300,cam2_20260508_200423.jpg,crops/cam2_20260508_200423_r0_c0.jpg,8717,28.5,,41,95.4,0,0,0,0,0,0.0,0.0,1505.0,0.0,25.2,8.4,0.0,0.0,,2026-05-09 02:04:24
germ-germinadorap-de5832|LOT-20260506-651F-009|r0_c0|rep0,LOT-20260506-651F-009:A1:R0,germ-germinadorap-de5832,LOT-20260506-651F-009,A1,0,0,0,Betabel,,c4,desarrollo_normal,2026-05-10 16:09:40,4676,manual,2026-05-09 02:19:21,2026-05-06 21:07:49,53.19,3,cg_1778293159312_2,4302,cam2_20260508_201920.jpg,crops/cam2_20260508_201920_r0_c0.jpg,4304,cam2_20260508_201923.jpg,crops/cam2_20260508_201923_r0_c0.jpg,8729,28.1,,41,91.7,0,0,0,0,0,0.0,0.0,1505.0,0.0,25.2,8.4,0.0,0.0,,2026-05-09 02:19:24
germ-germinadorap-de5832|LOT-20260506-651F-009|r0_c0|rep0,LOT-20260506-651F-009:A1:R0,germ-germinadorap-de5832,LOT-20260506-651F-009,A1,0,0,0,Betabel,,c4,desarrollo_normal,2026-05-10 16:09:40,4676,manual,2026-05-09 02:34:21,2026-05-06 21:07:49,53.44,3,cg_1778294059325_2,4306,cam2_20260508_203420.jpg,crops/cam2_20260508_203420_r0_c0.jpg,4308,cam2_20260508_203423.jpg,crops/cam2_20260508_203423_r0_c0.jpg,8741,28,,43,90.7,0,0,0,0,0,0.0,0.0,1505.0,0.0,25.2,8.4,0.0,0.0,,2026-05-09 02:34:24
germ-germinadorap-de5832|LOT-20260506-651F-009|r0_c0|rep0,LOT-20260506-651F-009:A1:R0,germ-germinadorap-de5832,LOT-20260506-651F-009,A1,0,0,0,Betabel,,c4,desarrollo_normal,2026-05-10 16:09:40,4676,manual,2026-05-09 02:49:21,2026-05-06 21:07:49,53.69,3,cg_1778294959331_2,4311,cam2_20260508_204921.jpg,crops/cam2_20260508_204921_r0_c0.jpg,4313,cam2_20260508_204925.jpg,crops/cam2_20260508_204925_r0_c0.jpg,8760,27.8,,42,74.1,0,0,0,0,0,0.0,0.0,1505.0,0.0,25.2,8.4,0.0,0.0,,2026-05-09 02:49:26
germ-germinadorap-de5832|LOT-20260506-651F-009|r0_c0|rep0,LOT-20260506-651F-009:A1:R0,germ-germinadorap-de5832,LOT-20260506-651F-009,A1,0,0,0,Betabel,,c4,desarrollo_normal,2026-05-10 16:09:40,4676,manual,2026-05-09 03:04:21,2026-05-06 21:07:49,53.94,3,cg_1778295859340_2,4315,cam2_20260508_210420.jpg,crops/cam2_20260508_210420_r0_c0.jpg,4317,cam2_20260508_210425.jpg,crops/cam2_20260508_210425_r0_c0.jpg,8772,27.8,,45,69.6,0,0,0,0,0,0.0,0.0,1505.0,0.0,25.2,8.4,0.0,0.0,,2026-05-09 03:04:26
germ-germinadorap-de5832|LOT-20260506-651F-009|r0_c0|rep0,LOT-20260506-651F-009:A1:R0,germ-germinadorap-de5832,LOT-20260506-651F-009,A1,0,0,0,Betabel,,c4,desarrollo_normal,2026-05-10 16:09:40,4676,manual,2026-05-09 03:19:21,2026-05-06 21:07:49,54.19,3,cg_1778296759345_2,4319,cam2_20260508_211920.jpg,crops/cam2_20260508_211920_r0_c0.jpg,4321,cam2_20260508_211925.jpg,crops/cam2_20260508_211925_r0_c0.jpg,8784,27.8,,43,74.1,0,0,0,0,0,0.0,0.0,1505.0,0.0,25.2,8.4,0.0,0.0,,2026-05-09 03:19:26
germ-germinadorap-de5832|LOT-20260506-651F-009|r0_c0|rep0,LOT-20260506-651F-009:A1:R0,germ-germinadorap-de5832,LOT-20260506-651F-009,A1,0,0,0,Betabel,,c4,desarrollo_normal,2026-05-10 16:09:40,4676,manual,2026-05-09 03:34:21,2026-05-06 21:07:49,54.44,3,cg_1778297659349_2,4322,cam2_20260508_213421.jpg,crops/cam2_20260508_213421_r0_c0.jpg,4324,cam2_20260508_213424.jpg,crops/cam2_20260508_213424_r0_c0.jpg,8789,27.7,,43,49.5,0,0,0,0,0,0.0,0.0,1505.0,0.0,25.2,8.4,0.0,0.0,,2026-05-09 03:34:24
germ-germinadorap-de5832|LOT-20260506-651F-009|r0_c0|rep0,LOT-20260506-651F-009:A1:R0,germ-germinadorap-de5832,LOT-20260506-651F-009,A1,0,0,0,Betabel,,c4,desarrollo_normal,2026-05-10 16:09:40,4676,manual,2026-05-09 03:49:21,2026-05-06 21:07:49,54.69,3,cg_1778298559352_2,4327,cam2_20260508_214920.jpg,crops/cam2_20260508_214920_r0_c0.jpg,4329,cam2_20260508_214925.jpg,crops/cam2_20260508_214925_r0_c0.jpg,8808,27.7,,43,68.8,0,0,0,0,0,0.0,0.0,1505.0,0.0,25.2,8.4,0.0,0.0,,2026-05-09 03:49:26
germ-germinadorap-de5832|LOT-20260506-651F-009|r0_c0|rep0,LOT-20260506-651F-009:A1:R0,germ-germinadorap-de5832,LOT-20260506-651F-009,A1,0,0,0,Betabel,,c4,desarrollo_normal,2026-05-10 16:09:40,4676,manual,2026-05-09 04:04:21,2026-05-06 21:07:49,54.94,3,cg_1778299459360_2,4330,cam2_20260508_220420.jpg,crops/cam2_20260508_220420_r0_c0.jpg,4332,cam2_20260508_220423.jpg,crops/cam2_20260508_220423_r0_c0.jpg,8813,27.8,,43,77.8,0,0,0,0,0,0.0,0.0,1506.0,0.0,25.2,8.4,0.0,0.0,,2026-05-09 04:04:24
germ-germinadorap-de5832|LOT-20260506-651F-009|r0_c0|rep0,LOT-20260506-651F-009:A1:R0,germ-germinadorap-de5832,LOT-20260506-651F-009,A1,0,0,0,Betabel,,c4,desarrollo_normal,2026-05-10 16:09:40,4676,manual,2026-05-09 04:19:21,2026-05-06 21:07:49,55.19,3,cg_1778300359365_2,4334,cam2_20260508_221920.jpg,crops/cam2_20260508_221920_r0_c0.jpg,4336,cam2_20260508_221923.jpg,crops/cam2_20260508_221923_r0_c0.jpg,8825,27.9,,48,78.7,0,0,0,0,0,0.0,0.0,1506.0,0.0,25.2,8.4,0.0,0.0,,2026-05-09 04:19:24
germ-germinadorap-de5832|LOT-20260506-651F-009|r0_c0|rep0,LOT-20260506-651F-009:A1:R0,germ-germinadorap-de5832,LOT-20260506-651F-009,A1,0,0,0,Betabel,,c4,desarrollo_normal,2026-05-10 16:09:40,4676,manual,2026-05-09 04:34:21,2026-05-06 21:07:49,55.44,3,cg_1778301259375_2,4339,cam2_20260508_223421.jpg,crops/cam2_20260508_223421_r0_c0.jpg,4341,cam2_20260508_223425.jpg,crops/cam2_20260508_223425_r0_c0.jpg,8844,27.9,,55,66.1,0,0,0,0,0,0.0,0.0,1506.0,0.0,25.2,8.4,0.0,0.0,,2026-05-09 04:34:26
germ-germinadorap-de5832|LOT-20260506-651F-009|r0_c0|rep0,LOT-20260506-651F-009:A1:R0,germ-germinadorap-de5832,LOT-20260506-651F-009,A1,0,0,0,Betabel,,c4,desarrollo_normal,2026-05-10 16:09:40,4676,manual,2026-05-09 04:49:21,2026-05-06 21:07:49,55.69,3,cg_1778302159381_2,4343,cam2_20260508_224921.jpg,crops/cam2_20260508_224921_r0_c0.jpg,4345,cam2_20260508_224925.jpg,crops/cam2_20260508_224925_r0_c0.jpg,8856,27.8,,52,61.6,0,0,0,0,0,0.0,0.0,1506.0,0.0,25.2,8.4,0.0,0.0,,2026-05-09 04:49:26
germ-germinadorap-de5832|LOT-20260506-651F-009|r0_c0|rep0,LOT-20260506-651F-009:A1:R0,germ-germinadorap-de5832,LOT-20260506-651F-009,A1,0,0,0,Betabel,,c4,desarrollo_normal,2026-05-10 16:09:40,4676,manual,2026-05-09 05:04:21,2026-05-06 21:07:49,55.94,3,cg_1778303059428_2,4347,cam2_20260508_230420.jpg,crops/cam2_20260508_230420_r0_c0.jpg,4349,cam2_20260508_230425.jpg,crops/cam2_20260508_230425_r0_c0.jpg,8868,27.8,,48,67,0,0,0,0,0,0.0,0.0,1506.0,0.0,25.2,8.4,0.0,0.0,,2026-05-09 05:04:26
germ-germinadorap-de5832|LOT-20260506-651F-009|r0_c0|rep0,LOT-20260506-651F-009:A1:R0,germ-germinadorap-de5832,LOT-20260506-651F-009,A1,0,0,0,Betabel,,c4,desarrollo_normal,2026-05-10 16:09:40,4676,manual,2026-05-09 05:19:21,2026-05-06 21:07:49,56.19,3,cg_1778303959400_2,4351,cam2_20260508_231921.jpg,crops/cam2_20260508_231921_r0_c0.jpg,4353,cam2_20260508_231925.jpg,crops/cam2_20260508_231925_r0_c0.jpg,8880,27.8,,54,66.1,0,0,0,0,0,0.0,0.0,1506.0,0.0,25.2,8.4,0.0,0.0,,2026-05-09 05:19:26
germ-germinadorap-de5832|LOT-20260506-651F-009|r0_c0|rep0,LOT-20260506-651F-009:A1:R0,germ-germinadorap-de5832,LOT-20260506-651F-009,A1,0,0,0,Betabel,,c4,desarrollo_normal,2026-05-10 16:09:40,4676,manual,2026-05-09 05:34:21,2026-05-06 21:07:49,56.44,3,cg_1778304859409_2,4354,cam2_20260508_233420.jpg,crops/cam2_20260508_233420_r0_c0.jpg,4356,cam2_20260508_233423.jpg,crops/cam2_20260508_233423_r0_c0.jpg,8885,27.7,,46,72.3,0,0,0,0,0,0.0,0.0,1506.0,0.0,25.2,8.4,0.0,0.0,,2026-05-09 05:34:24
germ-germinadorap-de5832|LOT-20260506-651F-009|r0_c0|rep0,LOT-20260506-651F-009:A1:R0,germ-germinadorap-de5832,LOT-20260506-651F-009,A1,0,0,0,Betabel,,c4,desarrollo_normal,2026-05-10 16:09:40,4676,manual,2026-05-09 05:49:21,2026-05-06 21:07:49,56.69,3,cg_1778305759410_2,4359,cam2_20260508_234921.jpg,crops/cam2_20260508_234921_r0_c0.jpg,4361,cam2_20260508_234925.jpg,crops/cam2_20260508_234925_r0_c0.jpg,8904,26.9,,43,49.7,0,0,0,0,0,0.0,0.0,1507.0,0.0,25.2,8.4,0.0,0.0,,2026-05-09 05:49:26
germ-germinadorap-de5832|LOT-20260506-651F-009|r0_c0|rep0,LOT-20260506-651F-009:A1:R0,germ-germinadorap-de5832,LOT-20260506-651F-009,A1,0,0,0,Betabel,,c4,desarrollo_normal,2026-05-10 16:09:40,4676,manual,2026-05-09 06:04:21,2026-05-06 21:07:49,56.94,3,cg_1778306659412_2,4362,cam2_20260509_000421.jpg,crops/cam2_20260509_000421_r0_c0.jpg,4364,cam2_20260509_000423.jpg,crops/cam2_20260509_000423_r0_c0.jpg,8909,26.7,,43,49.5,0,0,0,0,0,0.0,0.0,1507.0,0.0,25.2,8.4,0.0,0.0,,2026-05-09 06:04:24
germ-germinadorap-de5832|LOT-20260506-651F-009|r0_c0|rep0,LOT-20260506-651F-009:A1:R0,germ-germinadorap-de5832,LOT-20260506-651F-009,A1,0,0,0,Betabel,,c4,desarrollo_normal,2026-05-10 16:09:40,4676,manual,2026-05-09 06:19:21,2026-05-06 21:07:49,57.19,3,cg_1778307559426_2,4366,cam2_20260509_001920.jpg,crops/cam2_20260509_001920_r0_c0.jpg,4368,cam2_20260509_001923.jpg,crops/cam2_20260509_001923_r0_c0.jpg,8921,26.6,,43,49.6,0,0,0,0,0,0.0,0.0,1507.0,0.0,25.2,8.4,0.0,0.0,,2026-05-09 06:19:24
germ-germinadorap-de5832|LOT-20260506-651F-009|r0_c0|rep0,LOT-20260506-651F-009:A1:R0,germ-germinadorap-de5832,LOT-20260506-651F-009,A1,0,0,0,Betabel,,c4,desarrollo_normal,2026-05-10 16:09:40,4676,manual,2026-05-09 06:34:21,2026-05-06 21:07:49,57.44,3,cg_1778308459433_2,4370,cam2_20260509_003420.jpg,crops/cam2_20260509_003420_r0_c0.jpg,4372,cam2_20260509_003423.jpg,crops/cam2_20260509_003423_r0_c0.jpg,8933,26.5,,44,48.9,0,0,0,0,0,0.0,0.0,1507.0,0.0,25.2,8.4,0.0,0.0,,2026-05-09 06:34:24
germ-germinadorap-de5832|LOT-20260506-651F-009|r0_c0|rep0,LOT-20260506-651F-009:A1:R0,germ-germinadorap-de5832,LOT-20260506-651F-009,A1,0,0,0,Betabel,,c4,desarrollo_normal,2026-05-10 16:09:40,4676,manual,2026-05-09 06:49:21,2026-05-06 21:07:49,57.69,3,cg_1778309359442_2,4375,cam2_20260509_004921.jpg,crops/cam2_20260509_004921_r0_c0.jpg,4377,cam2_20260509_004925.jpg,crops/cam2_20260509_004925_r0_c0.jpg,8952,26.1,,47,48.4,0,0,0,0,0,0.0,0.0,1507.0,0.0,25.2,8.4,0.0,0.0,,2026-05-09 06:49:26
germ-germinadorap-de5832|LOT-20260506-651F-009|r0_c0|rep0,LOT-20260506-651F-009:A1:R0,germ-germinadorap-de5832,LOT-20260506-651F-009,A1,0,0,0,Betabel,,c4,desarrollo_normal,2026-05-10 16:09:40,4676,manual,2026-05-09 07:04:37,2026-05-06 21:07:49,57.95,3,cg_1778310275254_2,4379,cam2_20260509_010436.jpg,crops/cam2_20260509_010436_r0_c0.jpg,4381,cam2_20260509_010441.jpg,crops/cam2_20260509_010441_r0_c0.jpg,8964,26.8,,47,46.4,0,0,0,0,0,0.0,0.0,1507.0,0.0,25.2,8.4,0.0,0.0,,2026-05-09 07:04:42
germ-germinadorap-de5832|LOT-20260506-651F-009|r0_c0|rep0,LOT-20260506-651F-009:A1:R0,germ-germinadorap-de5832,LOT-20260506-651F-009,A1,0,0,0,Betabel,,c4,desarrollo_normal,2026-05-10 16:09:40,4676,manual,2026-05-09 07:19:37,2026-05-06 21:07:49,58.20,3,cg_1778311175541_2,4383,cam2_20260509_011937.jpg,crops/cam2_20260509_011937_r0_c0.jpg,4385,cam2_20260509_011941.jpg,crops/cam2_20260509_011941_r0_c0.jpg,8976,27.3,,52,48.8,0,0,0,0,0,0.0,0.0,1507.0,0.0,25.2,8.4,0.0,0.0,,2026-05-09 07:19:42
germ-germinadorap-de5832|LOT-20260506-651F-009|r0_c0|rep0,LOT-20260506-651F-009:A1:R0,germ-germinadorap-de5832,LOT-20260506-651F-009,A1,0,0,0,Betabel,,c4,desarrollo_normal,2026-05-10 16:09:40,4676,manual,2026-05-09 07:34:42,2026-05-06 21:07:49,58.45,3,cg_1778312079978_2,4387,cam2_20260509_013442.jpg,crops/cam2_20260509_013442_r0_c0.jpg,4389,cam2_20260509_013446.jpg,crops/cam2_20260509_013446_r0_c0.jpg,8988,27.3,,53,49,0,0,0,0,0,0.0,0.0,1507.0,0.0,25.2,8.4,0.0,0.0,,2026-05-09 07:34:47
germ-germinadorap-de5832|LOT-20260506-651F-009|r0_c0|rep0,LOT-20260506-651F-009:A1:R0,germ-germinadorap-de5832,LOT-20260506-651F-009,A1,0,0,0,Betabel,,c4,desarrollo_normal,2026-05-10 16:09:40,4676,manual,2026-05-09 07:50:26,2026-05-06 21:07:49,58.71,3,cg_1778313024403_2,4391,cam2_20260509_015026.jpg,crops/cam2_20260509_015026_r0_c0.jpg,4393,cam2_20260509_015030.jpg,crops/cam2_20260509_015030_r0_c0.jpg,9000,27.3,,56,48.4,0,0,0,0,0,0.0,0.0,1509.0,0.0,25.2,8.4,0.0,0.0,,2026-05-09 07:50:31
germ-germinadorap-de5832|LOT-20260506-651F-009|r0_c0|rep0,LOT-20260506-651F-009:A1:R0,germ-germinadorap-de5832,LOT-20260506-651F-009,A1,0,0,0,Betabel,,c4,desarrollo_normal,2026-05-10 16:09:40,4676,manual,2026-05-09 08:05:26,2026-05-06 21:07:49,58.96,3,cg_1778313924403_2,4395,cam2_20260509_020526.jpg,crops/cam2_20260509_020526_r0_c0.jpg,4397,cam2_20260509_020530.jpg,crops/cam2_20260509_020530_r0_c0.jpg,9012,27.5,,57,48.9,0,0,0,0,0,0.0,0.0,1509.0,0.0,25.3,8.4,0.0,0.0,,2026-05-09 08:05:31
germ-germinadorap-de5832|LOT-20260506-651F-009|r0_c0|rep0,LOT-20260506-651F-009:A1:R0,germ-germinadorap-de5832,LOT-20260506-651F-009,A1,0,0,0,Betabel,,c4,desarrollo_normal,2026-05-10 16:09:40,4676,manual,2026-05-09 08:20:26,2026-05-06 21:07:49,59.21,3,cg_1778314824401_2,4398,cam2_20260509_022025.jpg,crops/cam2_20260509_022025_r0_c0.jpg,4400,cam2_20260509_022028.jpg,crops/cam2_20260509_022028_r0_c0.jpg,9017,27.4,,56,49.8,0,0,0,0,0,0.0,0.0,1509.0,0.0,25.5,8.5,0.0,0.0,,2026-05-09 08:20:29
germ-germinadorap-de5832|LOT-20260506-651F-009|r0_c0|rep0,LOT-20260506-651F-009:A1:R0,germ-germinadorap-de5832,LOT-20260506-651F-009,A1,0,0,0,Betabel,,c4,desarrollo_normal,2026-05-10 16:09:40,4676,manual,2026-05-09 08:35:26,2026-05-06 21:07:49,59.46,3,cg_1778315724402_2,4402,cam2_20260509_023525.jpg,crops/cam2_20260509_023525_r0_c0.jpg,4404,cam2_20260509_023528.jpg,crops/cam2_20260509_023528_r0_c0.jpg,9029,27.5,,56,49,0,0,0,0,0,0.0,0.0,1509.0,0.0,25.8,8.6,0.0,0.0,,2026-05-09 08:35:29
germ-germinadorap-de5832|LOT-20260506-651F-009|r0_c0|rep0,LOT-20260506-651F-009:A1:R0,germ-germinadorap-de5832,LOT-20260506-651F-009,A1,0,0,0,Betabel,,c4,desarrollo_normal,2026-05-10 16:09:40,4676,manual,2026-05-09 08:50:26,2026-05-06 21:07:49,59.71,3,cg_1778316624405_2,4406,cam2_20260509_025025.jpg,crops/cam2_20260509_025025_r0_c0.jpg,4408,cam2_20260509_025028.jpg,crops/cam2_20260509_025028_r0_c0.jpg,9041,27.4,,56,48.6,0,0,0,0,0,0.0,0.0,1509.0,0.0,26.0,8.7,0.0,0.0,,2026-05-09 08:50:29
germ-germinadorap-de5832|LOT-20260506-651F-009|r0_c0|rep0,LOT-20260506-651F-009:A1:R0,germ-germinadorap-de5832,LOT-20260506-651F-009,A1,0,0,0,Betabel,,c4,desarrollo_normal,2026-05-10 16:09:40,4676,manual,2026-05-09 09:05:26,2026-05-06 21:07:49,59.96,3,cg_1778317524406_2,4410,cam2_20260509_030525.jpg,crops/cam2_20260509_030525_r0_c0.jpg,4412,cam2_20260509_030528.jpg,crops/cam2_20260509_030528_r0_c0.jpg,9053,27.3,,54,48.6,0,0,0,0,0,0.0,0.0,1509.0,0.0,26.3,8.8,0.0,0.0,,2026-05-09 09:05:29
germ-germinadorap-de5832|LOT-20260506-651F-009|r0_c0|rep0,LOT-20260506-651F-009:A1:R0,germ-germinadorap-de5832,LOT-20260506-651F-009,A1,0,0,0,Betabel,,c4,desarrollo_normal,2026-05-10 16:09:40,4676,manual,2026-05-09 09:20:26,2026-05-06 21:07:49,60.21,3,cg_1778318424405_2,4414,cam2_20260509_032025.jpg,crops/cam2_20260509_032025_r0_c0.jpg,4416,cam2_20260509_032028.jpg,crops/cam2_20260509_032028_r0_c0.jpg,9065,27.5,,55,48.6,0,0,0,0,0,0.0,0.0,1509.0,0.0,26.5,8.8,0.0,0.0,,2026-05-09 09:20:29
germ-germinadorap-de5832|LOT-20260506-651F-009|r0_c0|rep0,LOT-20260506-651F-009:A1:R0,germ-germinadorap-de5832,LOT-20260506-651F-009,A1,0,0,0,Betabel,,c4,desarrollo_normal,2026-05-10 16:09:40,4676,manual,2026-05-09 09:35:27,2026-05-06 21:07:49,60.46,3,cg_1778319324408_2,4419,cam2_20260509_033527.jpg,crops/cam2_20260509_033527_r0_c0.jpg,4421,cam2_20260509_033530.jpg,crops/cam2_20260509_033530_r0_c0.jpg,9084,27.2,,54,47.6,0,0,0,0,0,0.0,0.0,1509.0,0.0,26.8,8.9,0.0,0.0,,2026-05-09 09:35:31
germ-germinadorap-de5832|LOT-20260506-651F-009|r0_c0|rep0,LOT-20260506-651F-009:A1:R0,germ-germinadorap-de5832,LOT-20260506-651F-009,A1,0,0,0,Betabel,,c4,desarrollo_normal,2026-05-10 16:09:40,4676,manual,2026-05-09 09:50:40,2026-05-06 21:07:49,60.71,3,cg_1778320224410_2,4422,cam2_20260509_035040.jpg,crops/cam2_20260509_035040_r0_c0.jpg,4423,cam2_20260509_035042.jpg,crops/cam2_20260509_035042_r0_c0.jpg,9089,27.3,,56,42.5,0,0,0,0,0,0.0,0.0,1509.0,0.0,27.0,9.0,0.0,0.0,,2026-05-09 09:50:44
germ-germinadorap-de5832|LOT-20260506-651F-009|r0_c0|rep0,LOT-20260506-651F-009:A1:R0,germ-germinadorap-de5832,LOT-20260506-651F-009,A1,0,0,0,Betabel,,c4,desarrollo_normal,2026-05-10 16:09:40,4676,manual,2026-05-09 10:05:26,2026-05-06 21:07:49,60.96,3,cg_1778321124410_2,4425,cam2_20260509_040526.jpg,crops/cam2_20260509_040526_r0_c0.jpg,4427,cam2_20260509_040530.jpg,crops/cam2_20260509_040530_r0_c0.jpg,9101,27.3,,55,47.8,0,0,0,0,0,0.0,0.0,1509.0,0.0,27.3,9.1,0.0,0.0,,2026-05-09 10:05:31
germ-germinadorap-de5832|LOT-20260506-651F-009|r0_c0|rep0,LOT-20260506-651F-009:A1:R0,germ-germinadorap-de5832,LOT-20260506-651F-009,A1,0,0,0,Betabel,,c4,desarrollo_normal,2026-05-10 16:09:40,4676,manual,2026-05-09 10:20:26,2026-05-06 21:07:49,61.21,3,cg_1778322024409_2,4428,cam2_20260509_042026.jpg,crops/cam2_20260509_042026_r0_c0.jpg,4430,cam2_20260509_042028.jpg,crops/cam2_20260509_042028_r0_c0.jpg,9106,27.3,,55,47.7,0,0,0,0,0,0.0,0.0,1509.0,0.0,27.5,9.2,0.0,0.0,,2026-05-09 10:20:29
germ-germinadorap-de5832|LOT-20260506-651F-009|r0_c0|rep0,LOT-20260506-651F-009:A1:R0,germ-germinadorap-de5832,LOT-20260506-651F-009,A1,0,0,0,Betabel,,c4,desarrollo_normal,2026-05-10 16:09:40,4676,manual,2026-05-09 10:35:26,2026-05-06 21:07:49,61.46,3,cg_1778322924413_2,4432,cam2_20260509_043525.jpg,crops/cam2_20260509_043525_r0_c0.jpg,4434,cam2_20260509_043528.jpg,crops/cam2_20260509_043528_r0_c0.jpg,9118,27.2,,55,47.6,0,0,0,0,0,0.0,0.0,1509.0,0.0,27.8,9.3,0.0,0.0,,2026-05-09 10:35:29
germ-germinadorap-de5832|LOT-20260506-651F-009|r0_c0|rep0,LOT-20260506-651F-009:A1:R0,germ-germinadorap-de5832,LOT-20260506-651F-009,A1,0,0,0,Betabel,,c4,desarrollo_normal,2026-05-10 16:09:40,4676,manual,2026-05-09 10:50:26,2026-05-06 21:07:49,61.71,3,cg_1778323824415_2,4436,cam2_20260509_045025.jpg,crops/cam2_20260509_045025_r0_c0.jpg,4438,cam2_20260509_045028.jpg,crops/cam2_20260509_045028_r0_c0.jpg,9130,27.3,,54,47.4,0,0,0,0,0,0.0,0.0,1509.0,0.0,28.0,9.3,0.0,0.0,,2026-05-09 10:50:29
germ-germinadorap-de5832|LOT-20260506-651F-009|r0_c0|rep0,LOT-20260506-651F-009:A1:R0,germ-germinadorap-de5832,LOT-20260506-651F-009,A1,0,0,0,Betabel,,c4,desarrollo_normal,2026-05-10 16:09:40,4676,manual,2026-05-09 11:05:26,2026-05-06 21:07:49,61.96,3,cg_1778324724418_2,4441,cam2_20260509_050526.jpg,crops/cam2_20260509_050526_r0_c0.jpg,4443,cam2_20260509_050530.jpg,crops/cam2_20260509_050530_r0_c0.jpg,9149,27.2,,54,47.2,0,0,0,0,0,0.0,0.0,1509.0,0.0,28.3,9.4,0.0,0.0,,2026-05-09 11:05:31
germ-germinadorap-de5832|LOT-20260506-651F-009|r0_c0|rep0,LOT-20260506-651F-009:A1:R0,germ-germinadorap-de5832,LOT-20260506-651F-009,A1,0,0,0,Betabel,,c4,desarrollo_normal,2026-05-10 16:09:40,4676,manual,2026-05-09 11:20:26,2026-05-06 21:07:49,62.21,3,cg_1778325624420_2,4445,cam2_20260509_052026.jpg,crops/cam2_20260509_052026_r0_c0.jpg,4447,cam2_20260509_052030.jpg,crops/cam2_20260509_052030_r0_c0.jpg,9161,27.3,,54,46.9,0,0,0,0,0,0.0,0.0,1509.0,0.0,28.5,9.5,0.0,0.0,,2026-05-09 11:20:31
germ-germinadorap-de5832|LOT-20260506-651F-009|r0_c0|rep0,LOT-20260506-651F-009:A1:R0,germ-germinadorap-de5832,LOT-20260506-651F-009,A1,0,0,0,Betabel,,c4,desarrollo_normal,2026-05-10 16:09:40,4676,manual,2026-05-09 11:35:26,2026-05-06 21:07:49,62.46,3,cg_1778326524423_2,4448,cam2_20260509_053525.jpg,crops/cam2_20260509_053525_r0_c0.jpg,4450,cam2_20260509_053528.jpg,crops/cam2_20260509_053528_r0_c0.jpg,9166,27.2,,55,47,0,0,0,0,0,0.0,0.0,1510.0,0.0,28.8,9.6,0.0,0.0,,2026-05-09 11:35:29
germ-germinadorap-de5832|LOT-20260506-651F-009|r0_c0|rep0,LOT-20260506-651F-009:A1:R0,germ-germinadorap-de5832,LOT-20260506-651F-009,A1,0,0,0,Betabel,,c4,desarrollo_normal,2026-05-10 16:09:40,4676,manual,2026-05-09 11:50:26,2026-05-06 21:07:49,62.71,3,cg_1778327424427_2,4453,cam2_20260509_055026.jpg,crops/cam2_20260509_055026_r0_c0.jpg,4455,cam2_20260509_055030.jpg,crops/cam2_20260509_055030_r0_c0.jpg,9185,27.2,,56,46.6,0,0,0,0,0,0.0,0.0,1510.0,0.0,29.0,9.7,0.0,0.0,,2026-05-09 11:50:31
germ-germinadorap-de5832|LOT-20260506-651F-009|r0_c0|rep0,LOT-20260506-651F-009:A1:R0,germ-germinadorap-de5832,LOT-20260506-651F-009,A1,0,0,0,Betabel,,c4,desarrollo_normal,2026-05-10 16:09:40,4676,manual,2026-05-09 12:05:26,2026-05-06 21:07:49,62.96,3,cg_1778328324427_2,4457,cam2_20260509_060526.jpg,crops/cam2_20260509_060526_r0_c0.jpg,4459,cam2_20260509_060530.jpg,crops/cam2_20260509_060530_r0_c0.jpg,9197,27.2,,55,46.7,0,0,0,0,0,0.0,0.0,1510.0,0.0,29.3,9.8,0.0,0.0,,2026-05-09 12:05:31
germ-germinadorap-de5832|LOT-20260506-651F-009|r0_c0|rep0,LOT-20260506-651F-009:A1:R0,germ-germinadorap-de5832,LOT-20260506-651F-009,A1,0,0,0,Betabel,,c4,desarrollo_normal,2026-05-10 16:09:40,4676,manual,2026-05-09 12:20:26,2026-05-06 21:07:49,63.21,3,cg_1778329224427_2,4460,cam2_20260509_062025.jpg,crops/cam2_20260509_062025_r0_c0.jpg,4462,cam2_20260509_062028.jpg,crops/cam2_20260509_062028_r0_c0.jpg,9202,27.1,,55,46.9,0,0,0,0,0,0.0,0.0,1510.0,0.0,29.5,9.8,0.0,0.0,,2026-05-09 12:20:29
germ-germinadorap-de5832|LOT-20260506-651F-009|r0_c0|rep0,LOT-20260506-651F-009:A1:R0,germ-germinadorap-de5832,LOT-20260506-651F-009,A1,0,0,0,Betabel,,c4,desarrollo_normal,2026-05-10 16:09:40,4676,manual,2026-05-09 12:35:26,2026-05-06 21:07:49,63.46,3,cg_1778330124428_2,4464,cam2_20260509_063525.jpg,crops/cam2_20260509_063525_r0_c0.jpg,4466,cam2_20260509_063528.jpg,crops/cam2_20260509_063528_r0_c0.jpg,9214,27.2,,53,46.8,0,0,0,0,0,0.0,0.0,1510.0,0.0,29.8,9.9,0.0,0.0,,2026-05-09 12:35:29
germ-germinadorap-de5832|LOT-20260506-651F-009|r0_c0|rep0,LOT-20260506-651F-009:A1:R0,germ-germinadorap-de5832,LOT-20260506-651F-009,A1,0,0,0,Betabel,,c4,desarrollo_normal,2026-05-10 16:09:40,4676,manual,2026-05-09 12:50:26,2026-05-06 21:07:49,63.71,3,cg_1778331024429_2,4468,cam2_20260509_065025.jpg,crops/cam2_20260509_065025_r0_c0.jpg,4470,cam2_20260509_065028.jpg,crops/cam2_20260509_065028_r0_c0.jpg,9226,27.3,,56,46,0,0,0,0,0,0.0,0.0,1510.0,0.0,30.0,10.0,0.0,0.0,,2026-05-09 12:50:29
germ-germinadorap-de5832|LOT-20260506-651F-009|r0_c0|rep0,LOT-20260506-651F-009:A1:R0,germ-germinadorap-de5832,LOT-20260506-651F-009,A1,0,0,0,Betabel,,c4,desarrollo_normal,2026-05-10 16:09:40,4676,manual,2026-05-09 13:05:26,2026-05-06 21:07:49,63.96,3,cg_1778331924430_2,4473,cam2_20260509_070525.jpg,crops/cam2_20260509_070525_r0_c0.jpg,4475,cam2_20260509_070530.jpg,crops/cam2_20260509_070530_r0_c0.jpg,9245,27.1,,52,46.1,0,0,0,0,0,0.0,0.0,1510.0,0.0,30.3,10.1,0.0,0.0,,2026-05-09 13:05:31
germ-germinadorap-de5832|LOT-20260506-651F-009|r0_c0|rep0,LOT-20260506-651F-009:A1:R0,germ-germinadorap-de5832,LOT-20260506-651F-009,A1,0,0,0,Betabel,,c4,desarrollo_normal,2026-05-10 16:09:40,4676,manual,2026-05-09 13:20:26,2026-05-06 21:07:49,64.21,3,cg_1778332824434_2,4477,cam2_20260509_072026.jpg,crops/cam2_20260509_072026_r0_c0.jpg,4479,cam2_20260509_072030.jpg,crops/cam2_20260509_072030_r0_c0.jpg,9257,27.1,,54,45.9,0,0,0,0,0,0.0,0.0,1510.0,0.0,30.5,10.2,0.0,0.0,,2026-05-09 13:20:31
germ-germinadorap-de5832|LOT-20260506-651F-009|r0_c0|rep0,LOT-20260506-651F-009:A1:R0,germ-germinadorap-de5832,LOT-20260506-651F-009,A1,0,0,0,Betabel,,c4,desarrollo_normal,2026-05-10 16:09:40,4676,manual,2026-05-09 13:35:26,2026-05-06 21:07:49,64.46,3,cg_1778333724434_2,4480,cam2_20260509_073525.jpg,crops/cam2_20260509_073525_r0_c0.jpg,4482,cam2_20260509_073528.jpg,crops/cam2_20260509_073528_r0_c0.jpg,9262,27.1,,54,44.9,0,0,0,0,0,0.0,0.0,1510.0,0.0,30.8,10.3,0.0,0.0,,2026-05-09 13:35:29
germ-germinadorap-de5832|LOT-20260506-651F-009|r0_c0|rep0,LOT-20260506-651F-009:A1:R0,germ-germinadorap-de5832,LOT-20260506-651F-009,A1,0,0,0,Betabel,,c4,desarrollo_normal,2026-05-10 16:09:40,4676,manual,2026-05-09 13:50:26,2026-05-06 21:07:49,64.71,3,cg_1778334624435_2,4485,cam2_20260509_075026.jpg,crops/cam2_20260509_075026_r0_c0.jpg,4487,cam2_20260509_075030.jpg,crops/cam2_20260509_075030_r0_c0.jpg,9281,27,,55,45.1,0,0,0,0,0,0.0,0.0,1510.0,0.0,31.0,10.3,0.0,0.0,,2026-05-09 13:50:31
germ-germinadorap-de5832|LOT-20260506-651F-009|r0_c0|rep0,LOT-20260506-651F-009:A1:R0,germ-germinadorap-de5832,LOT-20260506-651F-009,A1,0,0,0,Betabel,,c4,desarrollo_normal,2026-05-10 16:09:40,4676,manual,2026-05-09 14:05:26,2026-05-06 21:07:49,64.96,3,cg_1778335524442_2,4488,cam2_20260509_080525.jpg,crops/cam2_20260509_080525_r0_c0.jpg,4490,cam2_20260509_080528.jpg,crops/cam2_20260509_080528_r0_c0.jpg,9286,27.3,,52,45.5,0,0,0,0,0,0.0,0.0,1515.0,0.0,31.3,10.4,0.0,0.0,,2026-05-09 14:05:29
germ-germinadorap-de5832|LOT-20260506-651F-009|r0_c0|rep0,LOT-20260506-651F-009:A1:R0,germ-germinadorap-de5832,LOT-20260506-651F-009,A1,0,0,0,Betabel,,c4,desarrollo_normal,2026-05-10 16:09:40,4676,manual,2026-05-09 14:20:26,2026-05-06 21:07:49,65.21,3,cg_1778336424448_2,4492,cam2_20260509_082025.jpg,crops/cam2_20260509_082025_r0_c0.jpg,4494,cam2_20260509_082028.jpg,crops/cam2_20260509_082028_r0_c0.jpg,9298,27.5,,50,44.7,0,0,0,0,0,0.0,0.0,1530.0,0.0,31.5,10.5,0.0,0.0,,2026-05-09 14:20:29
germ-germinadorap-de5832|LOT-20260506-651F-009|r0_c0|rep0,LOT-20260506-651F-009:A1:R0,germ-germinadorap-de5832,LOT-20260506-651F-009,A1,0,0,0,Betabel,,c4,desarrollo_normal,2026-05-10 16:09:40,4676,manual,2026-05-09 14:35:26,2026-05-06 21:07:49,65.46,3,cg_1778337324477_2,4496,cam2_20260509_083525.jpg,crops/cam2_20260509_083525_r0_c0.jpg,4498,cam2_20260509_083528.jpg,crops/cam2_20260509_083528_r0_c0.jpg,9310,27.8,,50,44.9,0,0,0,0,0,0.0,0.0,1545.0,0.0,31.8,10.6,0.0,0.0,,2026-05-09 14:35:29
germ-germinadorap-de5832|LOT-20260506-651F-009|r0_c0|rep0,LOT-20260506-651F-009:A1:R0,germ-germinadorap-de5832,LOT-20260506-651F-009,A1,0,0,0,Betabel,,c4,desarrollo_normal,2026-05-10 16:09:40,4676,manual,2026-05-09 14:50:26,2026-05-06 21:07:49,65.71,3,cg_1778338224478_2,4500,cam2_20260509_085025.jpg,crops/cam2_20260509_085025_r0_c0.jpg,4502,cam2_20260509_085028.jpg,crops/cam2_20260509_085028_r0_c0.jpg,9322,27.9,,50,42.3,0,0,0,0,0,0.0,0.0,1560.0,0.0,32.0,10.7,0.0,0.0,,2026-05-09 14:50:29
germ-germinadorap-de5832|LOT-20260506-651F-009|r0_c0|rep0,LOT-20260506-651F-009:A1:R0,germ-germinadorap-de5832,LOT-20260506-651F-009,A1,0,0,0,Betabel,,c4,desarrollo_normal,2026-05-10 16:09:40,4676,manual,2026-05-09 15:05:30,2026-05-06 21:07:49,65.96,3,cg_1778339124480_2,4505,cam2_20260509_090529.jpg,crops/cam2_20260509_090529_r0_c0.jpg,4507,cam2_20260509_090534.jpg,crops/cam2_20260509_090534_r0_c0.jpg,9341,28.1,,50,44.8,0,0,0,0,0,0.0,0.0,1575.0,0.0,32.3,10.8,0.0,0.0,,2026-05-09 15:05:35
germ-germinadorap-de5832|LOT-20260506-651F-009|r0_c0|rep0,LOT-20260506-651F-009:A1:R0,germ-germinadorap-de5832,LOT-20260506-651F-009,A1,0,0,0,Betabel,,c4,desarrollo_normal,2026-05-10 16:09:40,4676,manual,2026-05-09 22:54:44,2026-05-06 21:07:49,73.78,4,cg_1778367281970_2,4509,cam2_20260509_165443.jpg,crops/cam2_20260509_165443_r0_c0.jpg,4511,cam2_20260509_165449.jpg,crops/cam2_20260509_165449_r0_c0.jpg,9353,26.5,,48,0,0,0,0,0,0,0.0,0.0,2044.0,0.0,37.3,9.3,0.0,0.0,,2026-05-09 22:54:50
germ-germinadorap-de5832|LOT-20260506-651F-009|r0_c0|rep0,LOT-20260506-651F-009:A1:R0,germ-germinadorap-de5832,LOT-20260506-651F-009,A1,0,0,0,Betabel,,c4,desarrollo_normal,2026-05-10 16:09:40,4676,manual,2026-05-09 23:09:43,2026-05-06 21:07:49,74.03,4,cg_1778368181986_2,4512,cam2_20260509_170943.jpg,crops/cam2_20260509_170943_r0_c0.jpg,4514,cam2_20260509_170945.jpg,crops/cam2_20260509_170945_r0_c0.jpg,9358,27,,59,0,0,0,0,0,0,0.0,0.0,2059.0,0.0,37.4,9.3,0.0,0.0,,2026-05-09 23:09:46
germ-germinadorap-de5832|LOT-20260506-651F-009|r0_c0|rep0,LOT-20260506-651F-009:A1:R0,germ-germinadorap-de5832,LOT-20260506-651F-009,A1,0,0,0,Betabel,,c4,desarrollo_normal,2026-05-10 16:09:40,4676,manual,2026-05-09 23:24:43,2026-05-06 21:07:49,74.28,4,cg_1778369081986_2,4516,cam2_20260509_172443.jpg,crops/cam2_20260509_172443_r0_c0.jpg,4518,cam2_20260509_172445.jpg,crops/cam2_20260509_172445_r0_c0.jpg,9370,27.3,,53,0,0,0,0,0,0,0.0,0.0,2074.0,0.0,37.4,9.3,0.0,0.0,,2026-05-09 23:24:47
germ-germinadorap-de5832|LOT-20260506-651F-009|r0_c0|rep0,LOT-20260506-651F-009:A1:R0,germ-germinadorap-de5832,LOT-20260506-651F-009,A1,0,0,0,Betabel,,c4,desarrollo_normal,2026-05-10 16:09:40,4676,manual,2026-05-09 23:39:43,2026-05-06 21:07:49,74.53,4,cg_1778369981990_2,4520,cam2_20260509_173943.jpg,crops/cam2_20260509_173943_r0_c0.jpg,4522,cam2_20260509_173945.jpg,crops/cam2_20260509_173945_r0_c0.jpg,9382,27.6,,51,0,0,0,0,0,0,0.0,0.0,2089.0,0.0,37.4,9.3,0.0,0.0,,2026-05-09 23:39:47
germ-germinadorap-de5832|LOT-20260506-651F-009|r0_c0|rep0,LOT-20260506-651F-009:A1:R0,germ-germinadorap-de5832,LOT-20260506-651F-009,A1,0,0,0,Betabel,,c4,desarrollo_normal,2026-05-10 16:09:40,4676,manual,2026-05-09 23:54:43,2026-05-06 21:07:49,74.78,4,cg_1778370881996_2,4524,cam2_20260509_175443.jpg,crops/cam2_20260509_175443_r0_c0.jpg,4526,cam2_20260509_175446.jpg,crops/cam2_20260509_175446_r0_c0.jpg,9394,27.9,,49,0,0,0,0,0,0,0.0,0.0,2104.0,0.0,37.4,9.3,0.0,0.0,,2026-05-09 23:54:47
germ-germinadorap-de5832|LOT-20260506-651F-009|r0_c0|rep0,LOT-20260506-651F-009:A1:R0,germ-germinadorap-de5832,LOT-20260506-651F-009,A1,0,0,0,Betabel,,c4,desarrollo_normal,2026-05-10 16:09:40,4676,manual,2026-05-10 00:09:43,2026-05-06 21:07:49,75.03,4,cg_1778371781996_2,4528,cam2_20260509_180943.jpg,crops/cam2_20260509_180943_r0_c0.jpg,4530,cam2_20260509_180946.jpg,crops/cam2_20260509_180946_r0_c0.jpg,9406,28.1,,50,0,0,0,0,1,0,15.0,0.0,2119.0,0.0,37.4,9.3,0.0,0.0,,2026-05-10 00:09:47
germ-germinadorap-de5832|LOT-20260506-651F-009|r0_c0|rep0,LOT-20260506-651F-009:A1:R0,germ-germinadorap-de5832,LOT-20260506-651F-009,A1,0,0,0,Betabel,,c4,desarrollo_normal,2026-05-10 16:09:40,4676,manual,2026-05-10 00:24:44,2026-05-06 21:07:49,75.28,4,cg_1778372682001_2,4532,cam2_20260509_182443.jpg,crops/cam2_20260509_182443_r0_c0.jpg,4534,cam2_20260509_182446.jpg,crops/cam2_20260509_182446_r0_c0.jpg,9418,28.3,,50,0,0,0,0,0,0,0.0,0.0,2134.0,0.0,37.4,9.3,0.0,0.0,,2026-05-10 00:24:47
germ-germinadorap-de5832|LOT-20260506-651F-009|r0_c0|rep0,LOT-20260506-651F-009:A1:R0,germ-germinadorap-de5832,LOT-20260506-651F-009,A1,0,0,0,Betabel,,c4,desarrollo_normal,2026-05-10 16:09:40,4676,manual,2026-05-10 00:39:43,2026-05-06 21:07:49,75.53,4,cg_1778373582007_2,4536,cam2_20260509_183943.jpg,crops/cam2_20260509_183943_r0_c0.jpg,4538,cam2_20260509_183946.jpg,crops/cam2_20260509_183946_r0_c0.jpg,9430,28.2,,49,0,0,0,0,0,0,0.0,0.0,2149.0,0.0,37.4,9.3,0.0,0.0,,2026-05-10 00:39:47
germ-germinadorap-de5832|LOT-20260506-651F-009|r0_c0|rep0,LOT-20260506-651F-009:A1:R0,germ-germinadorap-de5832,LOT-20260506-651F-009,A1,0,0,0,Betabel,,c4,desarrollo_normal,2026-05-10 16:09:40,4676,manual,2026-05-10 00:54:43,2026-05-06 21:07:49,75.78,4,cg_1778374482006_2,4540,cam2_20260509_185443.jpg,crops/cam2_20260509_185443_r0_c0.jpg,4542,cam2_20260509_185446.jpg,crops/cam2_20260509_185446_r0_c0.jpg,9442,28.4,,50,0,0,0,0,0,0,0.0,0.0,2164.0,0.0,37.4,9.3,0.0,0.0,,2026-05-10 00:54:47
germ-germinadorap-de5832|LOT-20260506-651F-009|r0_c0|rep0,LOT-20260506-651F-009:A1:R0,germ-germinadorap-de5832,LOT-20260506-651F-009,A1,0,0,0,Betabel,,c4,desarrollo_normal,2026-05-10 16:09:40,4676,manual,2026-05-10 01:09:43,2026-05-06 21:07:49,76.03,4,cg_1778375382007_2,4544,cam2_20260509_190943.jpg,crops/cam2_20260509_190943_r0_c0.jpg,4546,cam2_20260509_190945.jpg,crops/cam2_20260509_190945_r0_c0.jpg,9454,28.4,,50,0,0,0,0,0,0,0.0,0.0,2178.0,0.0,37.4,9.3,0.0,0.0,,2026-05-10 01:09:47
germ-germinadorap-de5832|LOT-20260506-651F-009|r0_c0|rep0,LOT-20260506-651F-009:A1:R0,germ-germinadorap-de5832,LOT-20260506-651F-009,A1,0,0,0,Betabel,,c4,desarrollo_normal,2026-05-10 16:09:40,4676,manual,2026-05-10 01:24:43,2026-05-06 21:07:49,76.28,4,cg_1778376282011_2,4548,cam2_20260509_192443.jpg,crops/cam2_20260509_192443_r0_c0.jpg,4550,cam2_20260509_192446.jpg,crops/cam2_20260509_192446_r0_c0.jpg,9466,28.4,,50,0,0,0,0,0,0,0.0,0.0,2193.0,0.0,37.4,9.3,0.0,0.0,,2026-05-10 01:24:47
germ-germinadorap-de5832|LOT-20260506-651F-009|r0_c0|rep0,LOT-20260506-651F-009:A1:R0,germ-germinadorap-de5832,LOT-20260506-651F-009,A1,0,0,0,Betabel,,c4,desarrollo_normal,2026-05-10 16:09:40,4676,manual,2026-05-10 01:39:43,2026-05-06 21:07:49,76.53,4,cg_1778377182012_2,4552,cam2_20260509_193943.jpg,crops/cam2_20260509_193943_r0_c0.jpg,4554,cam2_20260509_193946.jpg,crops/cam2_20260509_193946_r0_c0.jpg,9478,28.5,,50,0,0,0,0,0,0,0.0,0.0,2208.0,0.0,37.4,9.3,0.0,0.0,,2026-05-10 01:39:47
germ-germinadorap-de5832|LOT-20260506-651F-009|r0_c0|rep0,LOT-20260506-651F-009:A1:R0,germ-germinadorap-de5832,LOT-20260506-651F-009,A1,0,0,0,Betabel,,c4,desarrollo_normal,2026-05-10 16:09:40,4676,manual,2026-05-10 01:54:43,2026-05-06 21:07:49,76.78,4,cg_1778378082016_2,4556,cam2_20260509_195443.jpg,crops/cam2_20260509_195443_r0_c0.jpg,4558,cam2_20260509_195446.jpg,crops/cam2_20260509_195446_r0_c0.jpg,9490,28.6,,50,0,0,0,0,0,0,0.0,0.0,2223.0,0.0,37.4,9.3,0.0,0.0,,2026-05-10 01:54:47
germ-germinadorap-de5832|LOT-20260506-651F-009|r0_c0|rep0,LOT-20260506-651F-009:A1:R0,germ-germinadorap-de5832,LOT-20260506-651F-009,A1,0,0,0,Betabel,,c4,desarrollo_normal,2026-05-10 16:09:40,4676,manual,2026-05-10 02:09:43,2026-05-06 21:07:49,77.03,4,cg_1778378982019_2,4560,cam2_20260509_200943.jpg,crops/cam2_20260509_200943_r0_c0.jpg,4562,cam2_20260509_200946.jpg,crops/cam2_20260509_200946_r0_c0.jpg,9502,28.5,,51,0,0,0,0,0,0,0.0,0.0,2228.0,0.0,37.4,9.3,0.0,0.0,,2026-05-10 02:09:47
germ-germinadorap-de5832|LOT-20260506-651F-009|r0_c0|rep0,LOT-20260506-651F-009:A1:R0,germ-germinadorap-de5832,LOT-20260506-651F-009,A1,0,0,0,Betabel,,c4,desarrollo_normal,2026-05-10 16:09:40,4676,manual,2026-05-10 02:24:43,2026-05-06 21:07:49,77.28,4,cg_1778379882020_2,4564,cam2_20260509_202443.jpg,crops/cam2_20260509_202443_r0_c0.jpg,4566,cam2_20260509_202446.jpg,crops/cam2_20260509_202446_r0_c0.jpg,9514,28.3,,52,0,0,0,0,0,0,0.0,0.0,2228.0,0.0,37.4,9.3,0.0,0.0,,2026-05-10 02:24:47
germ-germinadorap-de5832|LOT-20260506-651F-009|r0_c0|rep0,LOT-20260506-651F-009:A1:R0,germ-germinadorap-de5832,LOT-20260506-651F-009,A1,0,0,0,Betabel,,c4,desarrollo_normal,2026-05-10 16:09:40,4676,manual,2026-05-10 02:39:43,2026-05-06 21:07:49,77.53,4,cg_1778380782024_2,4568,cam2_20260509_203943.jpg,crops/cam2_20260509_203943_r0_c0.jpg,4570,cam2_20260509_203946.jpg,crops/cam2_20260509_203946_r0_c0.jpg,9526,28.2,,54,0,0,0,0,0,0,0.0,0.0,2229.0,0.0,37.4,9.3,0.0,0.0,,2026-05-10 02:39:47
germ-germinadorap-de5832|LOT-20260506-651F-009|r0_c0|rep0,LOT-20260506-651F-009:A1:R0,germ-germinadorap-de5832,LOT-20260506-651F-009,A1,0,0,0,Betabel,,c4,desarrollo_normal,2026-05-10 16:09:40,4676,manual,2026-05-10 02:54:43,2026-05-06 21:07:49,77.78,4,cg_1778381682022_2,4572,cam2_20260509_205443.jpg,crops/cam2_20260509_205443_r0_c0.jpg,4574,cam2_20260509_205445.jpg,crops/cam2_20260509_205445_r0_c0.jpg,9538,28,,55,0,0,0,0,0,0,0.0,0.0,2229.0,0.0,37.4,9.3,0.0,0.0,,2026-05-10 02:54:47
germ-germinadorap-de5832|LOT-20260506-651F-009|r0_c0|rep0,LOT-20260506-651F-009:A1:R0,germ-germinadorap-de5832,LOT-20260506-651F-009,A1,0,0,0,Betabel,,c4,desarrollo_normal,2026-05-10 16:09:40,4676,manual,2026-05-10 03:09:43,2026-05-06 21:07:49,78.03,4,cg_1778382582022_2,4576,cam2_20260509_210943.jpg,crops/cam2_20260509_210943_r0_c0.jpg,4578,cam2_20260509_210945.jpg,crops/cam2_20260509_210945_r0_c0.jpg,9550,28,,55,0,0,0,0,0,0,0.0,0.0,2229.0,0.0,37.4,9.3,0.0,0.0,,2026-05-10 03:09:47
germ-germinadorap-de5832|LOT-20260506-651F-009|r0_c0|rep0,LOT-20260506-651F-009:A1:R0,germ-germinadorap-de5832,LOT-20260506-651F-009,A1,0,0,0,Betabel,,c4,desarrollo_normal,2026-05-10 16:09:40,4676,manual,2026-05-10 03:24:44,2026-05-06 21:07:49,78.28,4,cg_1778383482024_2,4580,cam2_20260509_212443.jpg,crops/cam2_20260509_212443_r0_c0.jpg,4582,cam2_20260509_212446.jpg,crops/cam2_20260509_212446_r0_c0.jpg,9562,27.8,,55,0,0,0,0,0,0,0.0,0.0,2229.0,0.0,37.4,9.3,0.0,0.0,,2026-05-10 03:24:47
germ-germinadorap-de5832|LOT-20260506-651F-009|r0_c0|rep0,LOT-20260506-651F-009:A1:R0,germ-germinadorap-de5832,LOT-20260506-651F-009,A1,0,0,0,Betabel,,c4,desarrollo_normal,2026-05-10 16:09:40,4676,manual,2026-05-10 03:39:44,2026-05-06 21:07:49,78.53,4,cg_1778384382028_2,4584,cam2_20260509_213943.jpg,crops/cam2_20260509_213943_r0_c0.jpg,4586,cam2_20260509_213946.jpg,crops/cam2_20260509_213946_r0_c0.jpg,9574,27.8,,55,0,0,0,0,0,0,0.0,0.0,2229.0,0.0,37.4,9.3,0.0,0.0,,2026-05-10 03:39:47
germ-germinadorap-de5832|LOT-20260506-651F-009|r0_c0|rep0,LOT-20260506-651F-009:A1:R0,germ-germinadorap-de5832,LOT-20260506-651F-009,A1,0,0,0,Betabel,,c4,desarrollo_normal,2026-05-10 16:09:40,4676,manual,2026-05-10 03:54:44,2026-05-06 21:07:49,78.78,4,cg_1778385282034_2,4588,cam2_20260509_215443.jpg,crops/cam2_20260509_215443_r0_c0.jpg,4590,cam2_20260509_215446.jpg,crops/cam2_20260509_215446_r0_c0.jpg,9586,27.8,,55,0,0,0,0,0,0,0.0,0.0,2229.0,0.0,37.4,9.3,0.0,0.0,,2026-05-10 03:54:47
germ-germinadorap-de5832|LOT-20260506-651F-009|r0_c0|rep0,LOT-20260506-651F-009:A1:R0,germ-germinadorap-de5832,LOT-20260506-651F-009,A1,0,0,0,Betabel,,c4,desarrollo_normal,2026-05-10 16:09:40,4676,manual,2026-05-10 04:09:43,2026-05-06 21:07:49,79.03,4,cg_1778386182032_2,4592,cam2_20260509_220943.jpg,crops/cam2_20260509_220943_r0_c0.jpg,4594,cam2_20260509_220946.jpg,crops/cam2_20260509_220946_r0_c0.jpg,9598,27.8,,55,0,0,0,0,0,0,0.0,0.0,2229.0,0.0,37.4,9.3,0.0,0.0,,2026-05-10 04:09:47
germ-germinadorap-de5832|LOT-20260506-651F-009|r0_c0|rep0,LOT-20260506-651F-009:A1:R0,germ-germinadorap-de5832,LOT-20260506-651F-009,A1,0,0,0,Betabel,,c4,desarrollo_normal,2026-05-10 16:09:40,4676,manual,2026-05-10 04:24:43,2026-05-06 21:07:49,79.28,4,cg_1778387082032_2,4596,cam2_20260509_222443.jpg,crops/cam2_20260509_222443_r0_c0.jpg,4598,cam2_20260509_222446.jpg,crops/cam2_20260509_222446_r0_c0.jpg,9610,27.8,,56,0,0,0,0,0,0,0.0,0.0,2229.0,0.0,37.4,9.3,0.0,0.0,,2026-05-10 04:24:47
germ-germinadorap-de5832|LOT-20260506-651F-009|r0_c0|rep0,LOT-20260506-651F-009:A1:R0,germ-germinadorap-de5832,LOT-20260506-651F-009,A1,0,0,0,Betabel,,c4,desarrollo_normal,2026-05-10 16:09:40,4676,manual,2026-05-10 04:39:44,2026-05-06 21:07:49,79.53,4,cg_1778387982031_2,4601,cam2_20260509_223943.jpg,crops/cam2_20260509_223943_r0_c0.jpg,4603,cam2_20260509_223948.jpg,crops/cam2_20260509_223948_r0_c0.jpg,9629,27.8,,56,0,0,0,0,0,0,0.0,0.0,2229.0,0.0,37.4,9.3,0.0,0.0,,2026-05-10 04:39:49
germ-germinadorap-de5832|LOT-20260506-651F-009|r0_c0|rep0,LOT-20260506-651F-009:A1:R0,germ-germinadorap-de5832,LOT-20260506-651F-009,A1,0,0,0,Betabel,,c4,desarrollo_normal,2026-05-10 16:09:40,4676,manual,2026-05-10 04:55:32,2026-05-06 21:07:49,79.80,4,cg_1778388930028_2,4604,cam2_20260509_225531.jpg,crops/cam2_20260509_225531_r0_c0.jpg,4606,cam2_20260509_225534.jpg,crops/cam2_20260509_225534_r0_c0.jpg,9634,28.2,,50,77.8,0,0,0,0,0,0.0,0.0,2235.0,0.0,37.4,9.3,0.0,0.0,,2026-05-10 04:55:35
germ-germinadorap-de5832|LOT-20260506-651F-009|r0_c0|rep0,LOT-20260506-651F-009:A1:R0,germ-germinadorap-de5832,LOT-20260506-651F-009,A1,0,0,0,Betabel,,c4,desarrollo_normal,2026-05-10 16:09:40,4676,manual,2026-05-10 05:10:32,2026-05-06 21:07:49,80.05,4,cg_1778389830180_2,4608,cam2_20260509_231031.jpg,crops/cam2_20260509_231031_r0_c0.jpg,4610,cam2_20260509_231034.jpg,crops/cam2_20260509_231034_r0_c0.jpg,9646,28.6,,49,100,0,0,0,0,0,0.0,0.0,2241.0,0.0,37.4,9.3,0.0,0.0,,2026-05-10 05:10:35
germ-germinadorap-de5832|LOT-20260506-651F-009|r0_c0|rep0,LOT-20260506-651F-009:A1:R0,germ-germinadorap-de5832,LOT-20260506-651F-009,A1,0,0,0,Betabel,,c4,desarrollo_normal,2026-05-10 16:09:40,4676,manual,2026-05-10 05:25:37,2026-05-06 21:07:49,80.30,4,cg_1778390735094_2,4612,cam2_20260509_232536.jpg,crops/cam2_20260509_232536_r0_c0.jpg,4614,cam2_20260509_232539.jpg,crops/cam2_20260509_232539_r0_c0.jpg,9658,28.7,,49,70.5,0,0,0,0,0,0.0,0.0,2242.0,0.0,37.4,9.3,0.0,0.0,,2026-05-10 05:25:41
germ-germinadorap-de5832|LOT-20260506-651F-009|r0_c0|rep0,LOT-20260506-651F-009:A1:R0,germ-germinadorap-de5832,LOT-20260506-651F-009,A1,0,0,0,Betabel,,c4,desarrollo_normal,2026-05-10 16:09:40,4676,manual,2026-05-10 05:41:29,2026-05-06 21:07:49,80.56,4,cg_1778391684934_2,4617,cam2_20260509_234129.jpg,crops/cam2_20260509_234129_r0_c0.jpg,4619,cam2_20260509_234133.jpg,crops/cam2_20260509_234133_r0_c0.jpg,9677,28.5,,49,100,0,0,0,0,0,0.0,0.0,2242.0,0.0,37.4,9.3,0.0,0.0,,2026-05-10 05:41:34
germ-germinadorap-de5832|LOT-20260506-651F-009|r0_c0|rep0,LOT-20260506-651F-009:A1:R0,germ-germinadorap-de5832,LOT-20260506-651F-009,A1,0,0,0,Betabel,,c4,desarrollo_normal,2026-05-10 16:09:40,4676,manual,2026-05-10 05:56:27,2026-05-06 21:07:49,80.81,4,cg_1778392584932_2,4620,cam2_20260509_235626.jpg,crops/cam2_20260509_235626_r0_c0.jpg,4622,cam2_20260509_235629.jpg,crops/cam2_20260509_235629_r0_c0.jpg,9682,28.7,,48,100,0,0,0,0,0,0.0,0.0,2242.0,0.0,37.4,9.3,0.0,0.0,,2026-05-10 05:56:30
germ-germinadorap-de5832|LOT-20260506-651F-009|r0_c0|rep0,LOT-20260506-651F-009:A1:R0,germ-germinadorap-de5832,LOT-20260506-651F-009,A1,0,0,0,Betabel,,c4,desarrollo_normal,2026-05-10 16:09:40,4676,manual,2026-05-10 06:11:29,2026-05-06 21:07:49,81.06,4,cg_1778393484931_2,4629,cam2_20260510_001128.jpg,crops/cam2_20260510_001128_r0_c0.jpg,4631,cam2_20260510_001140.jpg,crops/cam2_20260510_001140_r0_c0.jpg,9701,28.3,,48,100,0,0,0,0,0,0.0,0.0,2242.0,0.0,37.4,9.3,0.0,0.0,,2026-05-10 06:11:42
germ-germinadorap-de5832|LOT-20260506-651F-009|r0_c0|rep0,LOT-20260506-651F-009:A1:R0,germ-germinadorap-de5832,LOT-20260506-651F-009,A1,0,0,0,Betabel,,c4,desarrollo_normal,2026-05-10 16:09:40,4676,manual,2026-05-10 06:26:28,2026-05-06 21:07:49,81.31,4,cg_1778394384933_2,4632,cam2_20260510_002627.jpg,crops/cam2_20260510_002627_r0_c0.jpg,4634,cam2_20260510_002634.jpg,crops/cam2_20260510_002634_r0_c0.jpg,9706,28.5,,49,100,0,0,0,0,0,0.0,0.0,2242.0,0.0,37.4,9.3,0.0,0.0,,2026-05-10 06:26:35
germ-germinadorap-de5832|LOT-20260506-651F-009|r0_c0|rep0,LOT-20260506-651F-009:A1:R0,germ-germinadorap-de5832,LOT-20260506-651F-009,A1,0,0,0,Betabel,,c4,desarrollo_normal,2026-05-10 16:09:40,4676,manual,2026-05-10 06:41:29,2026-05-06 21:07:49,81.56,4,cg_1778395284936_2,4636,cam2_20260510_004128.jpg,crops/cam2_20260510_004128_r0_c0.jpg,4638,cam2_20260510_004133.jpg,crops/cam2_20260510_004133_r0_c0.jpg,9718,28.4,,49,100,0,0,0,0,0,0.0,0.0,2242.0,0.0,37.4,9.3,0.0,0.0,,2026-05-10 06:41:34
germ-germinadorap-de5832|LOT-20260506-651F-009|r0_c0|rep0,LOT-20260506-651F-009:A1:R0,germ-germinadorap-de5832,LOT-20260506-651F-009,A1,0,0,0,Betabel,,c4,desarrollo_normal,2026-05-10 16:09:40,4676,manual,2026-05-10 06:56:29,2026-05-06 21:07:49,81.81,4,cg_1778396184936_2,4641,cam2_20260510_005628.jpg,crops/cam2_20260510_005628_r0_c0.jpg,4643,cam2_20260510_005639.jpg,crops/cam2_20260510_005639_r0_c0.jpg,9737,28.5,,50,100,0,0,0,0,0,0.0,0.0,2242.0,0.0,37.4,9.3,0.0,0.0,,2026-05-10 06:56:40
germ-germinadorap-de5832|LOT-20260506-651F-009|r0_c0|rep0,LOT-20260506-651F-009:A1:R0,germ-germinadorap-de5832,LOT-20260506-651F-009,A1,0,0,0,Betabel,,c4,desarrollo_normal,2026-05-10 16:09:40,4676,manual,2026-05-10 07:11:28,2026-05-06 21:07:49,82.06,4,cg_1778397084936_2,4644,cam2_20260510_011127.jpg,crops/cam2_20260510_011127_r0_c0.jpg,4646,cam2_20260510_011132.jpg,crops/cam2_20260510_011132_r0_c0.jpg,9742,28.3,,50,100,0,0,0,0,0,0.0,0.0,2243.0,0.0,37.4,9.3,0.0,0.0,,2026-05-10 07:11:34
germ-germinadorap-de5832|LOT-20260506-651F-009|r0_c0|rep0,LOT-20260506-651F-009:A1:R0,germ-germinadorap-de5832,LOT-20260506-651F-009,A1,0,0,0,Betabel,,c4,desarrollo_normal,2026-05-10 16:09:40,4676,manual,2026-05-10 07:26:28,2026-05-06 21:07:49,82.31,4,cg_1778397984937_2,4649,cam2_20260510_012627.jpg,crops/cam2_20260510_012627_r0_c0.jpg,4651,cam2_20260510_012640.jpg,crops/cam2_20260510_012640_r0_c0.jpg,9761,28.2,,50,100,0,0,0,0,0,0.0,0.0,2243.0,0.0,37.4,9.3,0.0,0.0,,2026-05-10 07:26:41
germ-germinadorap-de5832|LOT-20260506-651F-009|r0_c0|rep0,LOT-20260506-651F-009:A1:R0,germ-germinadorap-de5832,LOT-20260506-651F-009,A1,0,0,0,Betabel,,c4,desarrollo_normal,2026-05-10 16:09:40,4676,manual,2026-05-10 07:42:28,2026-05-06 21:07:49,82.58,4,cg_1778398944936_2,4652,cam2_20260510_014227.jpg,crops/cam2_20260510_014227_r0_c0.jpg,4654,cam2_20260510_014232.jpg,crops/cam2_20260510_014232_r0_c0.jpg,9766,28.4,,51,100,0,0,0,0,0,0.0,0.0,2243.0,0.0,37.4,9.3,0.0,0.0,,2026-05-10 07:42:34
germ-germinadorap-de5832|LOT-20260506-651F-009|r0_c0|rep0,LOT-20260506-651F-009:A1:R0,germ-germinadorap-de5832,LOT-20260506-651F-009,A1,0,0,0,Betabel,,c4,desarrollo_normal,2026-05-10 16:09:40,4676,manual,2026-05-10 07:57:26,2026-05-06 21:07:49,82.83,4,cg_1778399844936_2,4656,cam2_20260510_015726.jpg,crops/cam2_20260510_015726_r0_c0.jpg,4658,cam2_20260510_015729.jpg,crops/cam2_20260510_015729_r0_c0.jpg,9778,28.4,,50,100,0,0,0,0,0,0.0,0.0,2243.0,0.0,37.4,9.3,0.0,0.0,,2026-05-10 07:57:30
germ-germinadorap-de5832|LOT-20260506-651F-009|r0_c0|rep0,LOT-20260506-651F-009:A1:R0,germ-germinadorap-de5832,LOT-20260506-651F-009,A1,0,0,0,Betabel,,c4,desarrollo_normal,2026-05-10 16:09:40,4676,manual,2026-05-10 15:09:40,2026-05-06 21:07:49,90.03,4,cg_1778425778444_2,4660,cam2_20260510_090939.jpg,crops/cam2_20260510_090939_r0_c0.jpg,4662,cam2_20260510_090942.jpg,crops/cam2_20260510_090942_r0_c0.jpg,9790,27,,51,45.1,0,0,0,0,0,0.0,0.0,2244.0,0.0,43.4,10.8,0.6,0.2,,2026-05-10 15:09:44
germ-germinadorap-de5832|LOT-20260506-651F-009|r0_c0|rep0,LOT-20260506-651F-009:A1:R0,germ-germinadorap-de5832,LOT-20260506-651F-009,A1,0,0,0,Betabel,,c4,desarrollo_normal,2026-05-10 16:09:40,4676,manual,2026-05-10 15:24:40,2026-05-06 21:07:49,90.28,4,cg_1778426678443_2,4664,cam2_20260510_092439.jpg,crops/cam2_20260510_092439_r0_c0.jpg,4666,cam2_20260510_092442.jpg,crops/cam2_20260510_092442_r0_c0.jpg,9802,27.8,,47,47.1,0,0,0,0,0,0.0,0.0,2259.0,0.0,43.6,10.9,0.7,0.2,,2026-05-10 15:24:43
germ-germinadorap-de5832|LOT-20260506-651F-009|r0_c0|rep0,LOT-20260506-651F-009:A1:R0,germ-germinadorap-de5832,LOT-20260506-651F-009,A1,0,0,0,Betabel,,c4,desarrollo_normal,2026-05-10 16:09:40,4676,manual,2026-05-10 15:39:40,2026-05-06 21:07:49,90.53,4,cg_1778427578443_2,4668,cam2_20260510_093939.jpg,crops/cam2_20260510_093939_r0_c0.jpg,4670,cam2_20260510_093942.jpg,crops/cam2_20260510_093942_r0_c0.jpg,9814,28.4,,46,47.8,0,0,0,0,0,0.0,0.0,2274.0,0.0,43.9,11.0,0.8,0.2,,2026-05-10 15:39:43
germ-germinadorap-de5832|LOT-20260506-651F-009|r0_c0|rep0,LOT-20260506-651F-009:A1:R0,germ-germinadorap-de5832,LOT-20260506-651F-009,A1,0,0,0,Betabel,,c4,desarrollo_normal,2026-05-10 16:09:40,4676,manual,2026-05-10 15:54:40,2026-05-06 21:07:49,90.78,4,cg_1778428478442_2,4672,cam2_20260510_095439.jpg,crops/cam2_20260510_095439_r0_c0.jpg,4674,cam2_20260510_095442.jpg,crops/cam2_20260510_095442_r0_c0.jpg,9826,28.7,,44,48.1,0,0,0,0,0,0.0,0.0,2289.0,0.0,44.1,11.0,0.8,0.2,,2026-05-10 15:54:43
germ-germinadorap-de5832|LOT-20260506-651F-009|r0_c0|rep0,LOT-20260506-651F-009:A1:R0,germ-germinadorap-de5832,LOT-20260506-651F-009,A1,0,0,0,Betabel,,c4,desarrollo_normal,2026-05-10 16:09:40,4676,manual,2026-05-10 16:09:40,2026-05-06 21:07:49,91.03,4,cg_1778429378446_2,4676,cam2_20260510_100939.jpg,crops/cam2_20260510_100939_r0_c0.jpg,4678,cam2_20260510_100942.jpg,crops/cam2_20260510_100942_r0_c0.jpg,9838,29,,45,47.3,0,0,0,0,0,0.0,0.0,2303.0,0.0,44.4,11.1,0.9,0.2,,2026-05-10 16:09:43
germ-germinadorap-de5832|LOT-20260506-651F-009|r0_c0|rep0,LOT-20260506-651F-009:A1:R0,germ-germinadorap-de5832,LOT-20260506-651F-009,A1,0,0,0,Betabel,,c4,desarrollo_normal,2026-05-10 16:09:40,4676,manual,2026-05-10 16:24:40,2026-05-06 21:07:49,91.28,4,cg_1778430278444_2,4680,cam2_20260510_102439.jpg,crops/cam2_20260510_102439_r0_c0.jpg,4682,cam2_20260510_102442.jpg,crops/cam2_20260510_102442_r0_c0.jpg,9850,29,,45,47.5,0,0,0,0,0,0.0,0.0,2318.0,0.0,44.6,11.2,1.0,0.3,,2026-05-10 16:24:43
germ-germinadorap-de5832|LOT-20260506-651F-009|r0_c0|rep0,LOT-20260506-651F-009:A1:R0,germ-germinadorap-de5832,LOT-20260506-651F-009,A1,0,0,0,Betabel,,c4,desarrollo_normal,2026-05-10 16:09:40,4676,manual,2026-05-10 16:39:40,2026-05-06 21:07:49,91.53,4,cg_1778431178444_2,4684,cam2_20260510_103939.jpg,crops/cam2_20260510_103939_r0_c0.jpg,4686,cam2_20260510_103942.jpg,crops/cam2_20260510_103942_r0_c0.jpg,9862,29.1,,45,46.5,0,0,0,0,0,0.0,0.0,2333.0,0.0,44.9,11.2,1.1,0.3,,2026-05-10 16:39:43
germ-germinadorap-de5832|LOT-20260506-651F-009|r0_c0|rep0,LOT-20260506-651F-009:A1:R0,germ-germinadorap-de5832,LOT-20260506-651F-009,A1,0,0,0,Betabel,,c4,desarrollo_normal,2026-05-10 16:09:40,4676,manual,2026-05-10 16:54:40,2026-05-06 21:07:49,91.78,4,cg_1778432078447_2,4688,cam2_20260510_105439.jpg,crops/cam2_20260510_105439_r0_c0.jpg,4690,cam2_20260510_105442.jpg,crops/cam2_20260510_105442_r0_c0.jpg,9874,29.2,,45,46.9,0,0,0,0,0,0.0,0.0,2348.0,0.0,45.1,11.3,1.1,0.3,,2026-05-10 16:54:43
germ-germinadorap-de5832|LOT-20260506-651F-009|r0_c0|rep0,LOT-20260506-651F-009:A1:R0,germ-germinadorap-de5832,LOT-20260506-651F-009,A1,0,0,0,Betabel,,c4,desarrollo_normal,2026-05-10 16:09:40,4676,manual,2026-05-10 17:09:40,2026-05-06 21:07:49,92.03,4,cg_1778432978450_2,4692,cam2_20260510_110939.jpg,crops/cam2_20260510_110939_r0_c0.jpg,4694,cam2_20260510_110942.jpg,crops/cam2_20260510_110942_r0_c0.jpg,9886,29.3,,46,46.7,0,0,0,0,0,0.0,0.0,2363.0,0.0,45.4,11.3,1.2,0.3,,2026-05-10 17:09:43
germ-germinadorap-de5832|LOT-20260506-651F-009|r0_c0|rep0,LOT-20260506-651F-009:A1:R0,germ-germinadorap-de5832,LOT-20260506-651F-009,A1,0,0,0,Betabel,,c4,desarrollo_normal,2026-05-10 16:09:40,4676,manual,2026-05-10 17:24:40,2026-05-06 21:07:49,92.28,4,cg_1778433878450_2,4696,cam2_20260510_112439.jpg,crops/cam2_20260510_112439_r0_c0.jpg,4698,cam2_20260510_112442.jpg,crops/cam2_20260510_112442_r0_c0.jpg,9898,29.3,,46,46.6,0,0,0,0,0,0.0,0.0,2378.0,0.0,45.6,11.4,1.2,0.3,,2026-05-10 17:24:43
germ-germinadorap-de5832|LOT-20260506-651F-009|r0_c0|rep0,LOT-20260506-651F-009:A1:R0,germ-germinadorap-de5832,LOT-20260506-651F-009,A1,0,0,0,Betabel,,c4,desarrollo_normal,2026-05-10 16:09:40,4676,manual,2026-05-10 17:39:40,2026-05-06 21:07:49,92.53,4,cg_1778434778453_2,4700,cam2_20260510_113939.jpg,crops/cam2_20260510_113939_r0_c0.jpg,4702,cam2_20260510_113942.jpg,crops/cam2_20260510_113942_r0_c0.jpg,9910,29.6,,46,47.1,0,0,0,0,0,0.0,0.0,2393.0,0.0,45.9,11.5,1.3,0.3,,2026-05-10 17:39:43
germ-germinadorap-de5832|LOT-20260506-651F-009|r0_c0|rep0,LOT-20260506-651F-009:A1:R0,germ-germinadorap-de5832,LOT-20260506-651F-009,A1,0,0,0,Betabel,,c4,desarrollo_normal,2026-05-10 16:09:40,4676,manual,2026-05-10 17:55:29,2026-05-06 21:07:49,92.79,4,cg_1778435727212_2,4704,cam2_20260510_115528.jpg,crops/cam2_20260510_115528_r0_c0.jpg,4706,cam2_20260510_115531.jpg,crops/cam2_20260510_115531_r0_c0.jpg,9922,29.6,,46,49.9,0,0,0,0,0,0.0,0.0,2409.0,0.0,46.1,11.5,1.3,0.3,,2026-05-10 17:55:32
germ-germinadorap-de5832|LOT-20260506-651F-009|r0_c0|rep0,LOT-20260506-651F-009:A1:R0,germ-germinadorap-de5832,LOT-20260506-651F-009,A1,0,0,0,Betabel,,c4,desarrollo_normal,2026-05-10 16:09:40,4676,manual,2026-05-10 18:10:29,2026-05-06 21:07:49,93.04,4,cg_1778436627215_2,4708,cam2_20260510_121028.jpg,crops/cam2_20260510_121028_r0_c0.jpg,4710,cam2_20260510_121037.jpg,crops/cam2_20260510_121037_r0_c0.jpg,9934,29.7,,45,50,0,0,0,0,0,0.0,0.0,2424.0,0.0,46.4,11.6,1.4,0.3,,2026-05-10 18:10:38
germ-germinadorap-de5832|LOT-20260506-651F-009|r0_c0|rep0,LOT-20260506-651F-009:A1:R0,germ-germinadorap-de5832,LOT-20260506-651F-009,A1,0,0,0,Betabel,,c4,desarrollo_normal,2026-05-10 16:09:40,4676,manual,2026-05-10 18:25:29,2026-05-06 21:07:49,93.29,4,cg_1778437527217_2,4712,cam2_20260510_122528.jpg,crops/cam2_20260510_122528_r0_c0.jpg,4714,cam2_20260510_122531.jpg,crops/cam2_20260510_122531_r0_c0.jpg,9946,29.7,,44,69.6,0,0,0,0,0,0.0,0.0,2438.0,0.0,46.6,11.7,1.4,0.4,,2026-05-10 18:25:32
germ-germinadorap-de5832|LOT-20260506-651F-009|r0_c0|rep0,LOT-20260506-651F-009:A1:R0,germ-germinadorap-de5832,LOT-20260506-651F-009,A1,0,0,0,Betabel,,c4,desarrollo_normal,2026-05-10 16:09:40,4676,manual,2026-05-10 18:40:29,2026-05-06 21:07:49,93.54,4,cg_1778438427219_2,4716,cam2_20260510_124028.jpg,crops/cam2_20260510_124028_r0_c0.jpg,4718,cam2_20260510_124031.jpg,crops/cam2_20260510_124031_r0_c0.jpg,9958,29.8,,44,67.9,0,0,0,0,0,0.0,0.0,2453.0,0.0,46.9,11.7,1.5,0.4,,2026-05-10 18:40:32
germ-germinadorap-de5832|LOT-20260506-651F-009|r0_c0|rep0,LOT-20260506-651F-009:A1:R0,germ-germinadorap-de5832,LOT-20260506-651F-009,A1,0,0,0,Betabel,,c4,desarrollo_normal,2026-05-10 16:09:40,4676,manual,2026-05-10 18:55:29,2026-05-06 21:07:49,93.79,4,cg_1778439327220_2,4720,cam2_20260510_125528.jpg,crops/cam2_20260510_125528_r0_c0.jpg,4722,cam2_20260510_125531.jpg,crops/cam2_20260510_125531_r0_c0.jpg,9970,29.8,,44,65.2,0,0,0,0,0,0.0,0.0,2468.0,0.0,47.1,11.8,1.5,0.4,,2026-05-10 18:55:32
germ-germinadorap-de5832|LOT-20260506-651F-009|r0_c0|rep0,LOT-20260506-651F-009:A1:R0,germ-germinadorap-de5832,LOT-20260506-651F-009,A1,0,0,0,Betabel,,c4,desarrollo_normal,2026-05-10 16:09:40,4676,manual,2026-05-10 19:10:29,2026-05-06 21:07:49,94.04,4,cg_1778440227228_2,4728,cam2_20260510_131028.jpg,crops/cam2_20260510_131028_r0_c0.jpg,4730,cam2_20260510_131031.jpg,crops/cam2_20260510_131031_r0_c0.jpg,9982,29.8,,45,78.7,0,0,0,0,0,0.0,0.0,2483.0,4.0,47.4,11.8,1.6,0.4,,2026-05-10 19:10:32
germ-germinadorap-de5832|LOT-20260506-651F-009|r0_c0|rep0,LOT-20260506-651F-009:A1:R0,germ-germinadorap-de5832,LOT-20260506-651F-009,A1,0,0,0,Betabel,,c4,desarrollo_normal,2026-05-10 16:09:40,4676,manual,2026-05-10 19:25:29,2026-05-06 21:07:49,94.29,4,cg_1778441127261_2,4732,cam2_20260510_132528.jpg,crops/cam2_20260510_132528_r0_c0.jpg,4734,cam2_20260510_132531.jpg,crops/cam2_20260510_132531_r0_c0.jpg,9994,29.7,,46,49.7,0,0,0,0,0,0.0,0.0,2498.0,8.0,47.6,11.9,1.6,0.4,,2026-05-10 19:25:32
germ-germinadorap-de5832|LOT-20260506-651F-009|r0_c0|rep0,LOT-20260506-651F-009:A1:R0,germ-germinadorap-de5832,LOT-20260506-651F-009,A1,0,0,0,Betabel,,c4,desarrollo_normal,2026-05-10 16:09:40,4676,manual,2026-05-10 19:40:29,2026-05-06 21:07:49,94.54,4,cg_1778442027263_2,4736,cam2_20260510_134028.jpg,crops/cam2_20260510_134028_r0_c0.jpg,4738,cam2_20260510_134031.jpg,crops/cam2_20260510_134031_r0_c0.jpg,10006,29.9,,45,68.8,0,0,0,0,0,0.0,0.0,2513.0,11.0,47.9,12.0,1.6,0.4,,2026-05-10 19:40:32
germ-germinadorap-de5832|LOT-20260506-651F-009|r0_c0|rep0,LOT-20260506-651F-009:A1:R0,germ-germinadorap-de5832,LOT-20260506-651F-009,A1,0,0,0,Betabel,,c4,desarrollo_normal,2026-05-10 16:09:40,4676,manual,2026-05-10 19:55:37,2026-05-06 21:07:49,94.80,4,cg_1778442935752_2,4748,cam2_20260510_135537.jpg,crops/cam2_20260510_135537_r0_c0.jpg,4750,cam2_20260510_135539.jpg,crops/cam2_20260510_135539_r0_c0.jpg,10018,29.9,,54,46.2,0,0,0,0,0,0.0,0.0,2528.0,14.0,48.1,12.0,1.7,0.4,,2026-05-10 19:55:41
germ-germinadorap-de5832|LOT-20260506-651F-009|r0_c0|rep0,LOT-20260506-651F-009:A1:R0,germ-germinadorap-de5832,LOT-20260506-651F-009,A1,0,0,0,Betabel,,c4,desarrollo_normal,2026-05-10 16:09:40,4676,manual,2026-05-10 20:10:37,2026-05-06 21:07:49,95.05,4,cg_1778443835816_2,4752,cam2_20260510_141037.jpg,crops/cam2_20260510_141037_r0_c0.jpg,4754,cam2_20260510_141040.jpg,crops/cam2_20260510_141040_r0_c0.jpg,10030,29.9,,48,51.8,0,0,0,0,0,0.0,0.0,2542.0,19.0,48.2,12.0,1.7,0.4,,2026-05-10 20:10:41
germ-germinadorap-de5832|LOT-20260506-651F-009|r0_c0|rep0,LOT-20260506-651F-009:A1:R0,germ-germinadorap-de5832,LOT-20260506-651F-009,A1,0,0,0,Betabel,,c4,desarrollo_normal,2026-05-10 16:09:40,4676,manual,2026-05-10 20:25:47,2026-05-06 21:07:49,95.30,4,cg_1778444745363_2,4760,cam2_20260510_142547.jpg,crops/cam2_20260510_142547_r0_c0.jpg,4762,cam2_20260510_142550.jpg,crops/cam2_20260510_142550_r0_c0.jpg,10042,29.7,,62,47.1,0,0,1,0,0,0.0,1.0,2558.0,23.0,48.2,12.0,1.7,0.4,,2026-05-10 20:25:52
germ-germinadorap-de5832|LOT-20260506-651F-009|r0_c0|rep0,LOT-20260506-651F-009:A1:R0,germ-germinadorap-de5832,LOT-20260506-651F-009,A1,0,0,0,Betabel,,c4,desarrollo_normal,2026-05-10 16:09:40,4676,manual,2026-05-10 20:40:57,2026-05-06 21:07:49,95.55,4,cg_1778445655066_2,4768,cam2_20260510_144056.jpg,crops/cam2_20260510_144056_r0_c0.jpg,4769,cam2_20260510_144059.jpg,crops/cam2_20260510_144059_r0_c0.jpg,10054,29.7,,47,47.6,0,0,0,0,0,0.0,0.0,2572.0,29.0,48.2,12.0,1.7,0.4,,2026-05-10 20:41:01
germ-germinadorap-de5832|LOT-20260506-651F-009|r0_c0|rep0,LOT-20260506-651F-009:A1:R0,germ-germinadorap-de5832,LOT-20260506-651F-009,A1,0,0,0,Betabel,,c4,desarrollo_normal,2026-05-10 16:09:40,4676,manual,2026-05-10 20:55:57,2026-05-06 21:07:49,95.80,4,cg_1778446555262_2,4776,cam2_20260510_145556.jpg,crops/cam2_20260510_145556_r0_c0.jpg,4778,cam2_20260510_145559.jpg,crops/cam2_20260510_145559_r0_c0.jpg,10066,29.9,,58,47.7,0,0,0,0,0,0.0,0.0,2587.0,34.0,48.2,12.0,1.7,0.4,,2026-05-10 20:56:01
germ-germinadorap-de5832|LOT-20260506-651F-009|r0_c0|rep0,LOT-20260506-651F-009:A1:R0,germ-germinadorap-de5832,LOT-20260506-651F-009,A1,0,0,0,Betabel,,c4,desarrollo_normal,2026-05-10 16:09:40,4676,manual,2026-05-10 21:10:57,2026-05-06 21:07:49,96.05,5,cg_1778447455418_2,4780,cam2_20260510_151056.jpg,crops/cam2_20260510_151056_r0_c0.jpg,4782,cam2_20260510_151059.jpg,crops/cam2_20260510_151059_r0_c0.jpg,10078,29.8,,58,47.2,0,0,0,0,0,0.0,0.0,2602.0,39.0,48.4,9.7,1.7,0.3,,2026-05-10 21:11:01
germ-germinadorap-de5832|LOT-20260506-651F-009|r0_c0|rep0,LOT-20260506-651F-009:A1:R0,germ-germinadorap-de5832,LOT-20260506-651F-009,A1,0,0,0,Betabel,,c4,desarrollo_normal,2026-05-10 16:09:40,4676,manual,2026-05-10 21:25:57,2026-05-06 21:07:49,96.30,5,cg_1778448355547_2,4788,cam2_20260510_152556.jpg,crops/cam2_20260510_152556_r0_c0.jpg,4790,cam2_20260510_152559.jpg,crops/cam2_20260510_152559_r0_c0.jpg,10090,29.8,,63,45.7,0,0,1,0,0,0.0,1.0,2617.0,42.0,48.6,9.7,1.7,0.3,,2026-05-10 21:26:01
germ-germinadorap-de5832|LOT-20260506-651F-009|r0_c0|rep0,LOT-20260506-651F-009:A1:R0,germ-germinadorap-de5832,LOT-20260506-651F-009,A1,0,0,0,Betabel,,c4,desarrollo_normal,2026-05-10 16:09:40,4676,manual,2026-05-10 21:40:57,2026-05-06 21:07:49,96.55,5,cg_1778449255744_2,4792,cam2_20260510_154057.jpg,crops/cam2_20260510_154057_r0_c0.jpg,4794,cam2_20260510_154100.jpg,crops/cam2_20260510_154100_r0_c0.jpg,10102,29.7,,49,47.6,0,0,0,0,0,0.0,0.0,2632.0,47.0,48.9,9.8,1.7,0.3,,2026-05-10 21:41:01
germ-germinadorap-de5832|LOT-20260506-651F-009|r0_c0|rep0,LOT-20260506-651F-009:A1:R0,germ-germinadorap-de5832,LOT-20260506-651F-009,A1,0,0,0,Betabel,,c4,desarrollo_normal,2026-05-10 16:09:40,4676,manual,2026-05-10 21:55:57,2026-05-06 21:07:49,96.80,5,cg_1778450155747_2,4796,cam2_20260510_155557.jpg,crops/cam2_20260510_155557_r0_c0.jpg,4798,cam2_20260510_155600.jpg,crops/cam2_20260510_155600_r0_c0.jpg,10114,29.8,,47,47.5,0,0,0,0,0,0.0,0.0,2647.0,50.0,49.1,9.8,1.7,0.3,,2026-05-10 21:56:01
germ-germinadorap-de5832|LOT-20260506-651F-009|r0_c0|rep0,LOT-20260506-651F-009:A1:R0,germ-germinadorap-de5832,LOT-20260506-651F-009,A1,0,0,0,Betabel,,c4,desarrollo_normal,2026-05-10 16:09:40,4676,manual,2026-05-10 22:10:57,2026-05-06 21:07:49,97.05,5,cg_1778451055750_2,4800,cam2_20260510_161057.jpg,crops/cam2_20260510_161057_r0_c0.jpg,4801,cam2_20260510_161100.jpg,crops/cam2_20260510_161100_r0_c0.jpg,10126,29.9,,59,48.1,0,0,0,0,0,0.0,0.0,2662.0,54.0,49.4,9.9,1.7,0.3,,2026-05-10 22:11:01
germ-germinadorap-de5832|LOT-20260506-651F-009|r0_c0|rep0,LOT-20260506-651F-009:A1:R0,germ-germinadorap-de5832,LOT-20260506-651F-009,A1,0,0,0,Betabel,,c4,desarrollo_normal,2026-05-10 16:09:40,4676,manual,2026-05-10 22:25:57,2026-05-06 21:07:49,97.30,5,cg_1778451955821_2,4804,cam2_20260510_162557.jpg,crops/cam2_20260510_162557_r0_c0.jpg,4806,cam2_20260510_162600.jpg,crops/cam2_20260510_162600_r0_c0.jpg,10138,29.6,,51,46.7,0,0,0,0,0,0.0,0.0,2677.0,60.0,49.6,9.9,1.7,0.3,,2026-05-10 22:26:01
germ-germinadorap-de5832|LOT-20260506-651F-009|r0_c0|rep0,LOT-20260506-651F-009:A1:R0,germ-germinadorap-de5832,LOT-20260506-651F-009,A1,0,0,0,Betabel,,c4,desarrollo_normal,2026-05-10 16:09:40,4676,manual,2026-05-10 22:40:57,2026-05-06 21:07:49,97.55,5,cg_1778452855827_2,4812,cam2_20260510_164057.jpg,crops/cam2_20260510_164057_r0_c0.jpg,4814,cam2_20260510_164100.jpg,crops/cam2_20260510_164100_r0_c0.jpg,10150,29.7,,49,46.5,0,0,0,0,0,0.0,0.0,2691.0,64.0,49.8,10.0,1.7,0.3,,2026-05-10 22:41:01
germ-germinadorap-de5832|LOT-20260506-651F-009|r0_c0|rep0,LOT-20260506-651F-009:A1:R0,germ-germinadorap-de5832,LOT-20260506-651F-009,A1,0,0,0,Betabel,,c4,desarrollo_normal,2026-05-10 16:09:40,4676,manual,2026-05-10 22:55:57,2026-05-06 21:07:49,97.80,5,cg_1778453755870_2,4816,cam2_20260510_165557.jpg,crops/cam2_20260510_165557_r0_c0.jpg,4818,cam2_20260510_165600.jpg,crops/cam2_20260510_165600_r0_c0.jpg,10162,29.7,,48,44,0,0,0,0,0,0.0,0.0,2706.0,67.0,50.1,10.0,1.7,0.3,,2026-05-10 22:56:01
germ-germinadorap-de5832|LOT-20260506-651F-009|r0_c0|rep0,LOT-20260506-651F-009:A1:R0,germ-germinadorap-de5832,LOT-20260506-651F-009,A1,0,0,0,Betabel,,c4,desarrollo_normal,2026-05-10 16:09:40,4676,manual,2026-05-10 23:10:57,2026-05-06 21:07:49,98.05,5,cg_1778454655873_2,4820,cam2_20260510_171057.jpg,crops/cam2_20260510_171057_r0_c0.jpg,4822,cam2_20260510_171100.jpg,crops/cam2_20260510_171100_r0_c0.jpg,10174,29.8,,46,47.5,0,0,0,0,0,0.0,0.0,2721.0,70.0,50.3,10.1,1.7,0.3,,2026-05-10 23:11:01
germ-germinadorap-de5832|LOT-20260506-651F-009|r0_c0|rep0,LOT-20260506-651F-009:A1:R0,germ-germinadorap-de5832,LOT-20260506-651F-009,A1,0,0,0,Betabel,,c4,desarrollo_normal,2026-05-10 16:09:40,4676,manual,2026-05-10 23:25:57,2026-05-06 21:07:49,98.30,5,cg_1778455555875_2,4824,cam2_20260510_172557.jpg,crops/cam2_20260510_172557_r0_c0.jpg,4826,cam2_20260510_172600.jpg,crops/cam2_20260510_172600_r0_c0.jpg,10185,29.8,,47,45.9,0,0,0,0,0,0.0,0.0,2737.0,74.0,50.6,10.1,1.7,0.3,,2026-05-10 23:26:01
germ-germinadorap-de5832|LOT-20260506-651F-009|r0_c0|rep0,LOT-20260506-651F-009:A1:R0,germ-germinadorap-de5832,LOT-20260506-651F-009,A1,0,0,0,Betabel,,c4,desarrollo_normal,2026-05-10 16:09:40,4676,manual,2026-05-10 23:40:57,2026-05-06 21:07:49,98.55,5,cg_1778456455876_2,4828,cam2_20260510_174057.jpg,crops/cam2_20260510_174057_r0_c0.jpg,4830,cam2_20260510_174100.jpg,crops/cam2_20260510_174100_r0_c0.jpg,10196,29.8,,47,46.4,0,0,0,0,0,0.0,0.0,2752.0,77.0,50.8,10.2,1.7,0.3,,2026-05-10 23:41:01
germ-germinadorap-de5832|LOT-20260506-651F-009|r0_c0|rep0,LOT-20260506-651F-009:A1:R0,germ-germinadorap-de5832,LOT-20260506-651F-009,A1,0,0,0,Betabel,,c4,desarrollo_normal,2026-05-10 16:09:40,4676,manual,2026-05-10 23:55:57,2026-05-06 21:07:49,98.80,5,cg_1778457355905_2,4832,cam2_20260510_175557.jpg,crops/cam2_20260510_175557_r0_c0.jpg,4834,cam2_20260510_175600.jpg,crops/cam2_20260510_175600_r0_c0.jpg,10208,29.8,,45,45.5,0,0,0,0,0,0.0,0.0,2767.0,80.0,51.1,10.2,1.7,0.3,,2026-05-10 23:56:01
germ-germinadorap-de5832|LOT-20260506-651F-009|r0_c0|rep0,LOT-20260506-651F-009:A1:R0,germ-germinadorap-de5832,LOT-20260506-651F-009,A1,0,0,0,Betabel,,c4,desarrollo_normal,2026-05-10 16:09:40,4676,manual,2026-05-11 00:10:57,2026-05-06 21:07:49,99.05,5,cg_1778458255962_2,4836,cam2_20260510_181057.jpg,crops/cam2_20260510_181057_r0_c0.jpg,4838,cam2_20260510_181100.jpg,crops/cam2_20260510_181100_r0_c0.jpg,10220,29.7,,48,45.4,0,0,0,1,0,15.0,3.0,2782.0,84.0,51.3,10.3,1.7,0.3,,2026-05-11 00:11:01
germ-germinadorap-de5832|LOT-20260506-651F-009|r0_c0|rep0,LOT-20260506-651F-009:A1:R0,germ-germinadorap-de5832,LOT-20260506-651F-009,A1,0,0,0,Betabel,,c4,desarrollo_normal,2026-05-10 16:09:40,4676,manual,2026-05-11 00:25:57,2026-05-06 21:07:49,99.30,5,cg_1778459155979_2,4840,cam2_20260510_182557.jpg,crops/cam2_20260510_182557_r0_c0.jpg,4842,cam2_20260510_182600.jpg,crops/cam2_20260510_182600_r0_c0.jpg,10232,29.7,,58,44.8,0,0,0,0,0,0.0,0.0,2797.0,87.0,51.5,10.3,1.7,0.3,,2026-05-11 00:26:01
germ-germinadorap-de5832|LOT-20260506-651F-009|r0_c0|rep0,LOT-20260506-651F-009:A1:R0,germ-germinadorap-de5832,LOT-20260506-651F-009,A1,0,0,0,Betabel,,c4,desarrollo_normal,2026-05-10 16:09:40,4676,manual,2026-05-11 03:10:59,2026-05-06 21:07:49,102.05,5,cg_1778469056122_2,4884,cam2_20260510_211058.jpg,crops/cam2_20260510_211058_r0_c0.jpg,4886,cam2_20260510_211101.jpg,crops/cam2_20260510_211101_r0_c0.jpg,10366,29,,46,41,0,0,0,0,0,0.0,0.0,2900.0,101.0,51.5,10.3,1.7,0.3,,2026-05-11 03:11:04
germ-germinadorap-de5832|LOT-20260506-651F-009|r0_c0|rep0,LOT-20260506-651F-009:A1:R0,germ-germinadorap-de5832,LOT-20260506-651F-009,A1,0,0,0,Betabel,,c4,desarrollo_normal,2026-05-10 16:09:40,4676,manual,2026-05-11 03:25:58,2026-05-06 21:07:49,102.30,5,cg_1778469956119_2,4888,cam2_20260510_212557.jpg,crops/cam2_20260510_212557_r0_c0.jpg,4890,cam2_20260510_212600.jpg,crops/cam2_20260510_212600_r0_c0.jpg,10378,29.1,,47,41.3,0,0,0,0,0,0.0,0.0,2914.0,101.0,51.5,10.3,1.7,0.3,,2026-05-11 03:26:02
germ-germinadorap-de5832|LOT-20260506-651F-009|r0_c0|rep0,LOT-20260506-651F-009:A1:R0,germ-germinadorap-de5832,LOT-20260506-651F-009,A1,0,0,0,Betabel,,c4,desarrollo_normal,2026-05-10 16:09:40,4676,manual,2026-05-11 03:40:58,2026-05-06 21:07:49,102.55,5,cg_1778470856130_2,4892,cam2_20260510_214057.jpg,crops/cam2_20260510_214057_r0_c0.jpg,4894,cam2_20260510_214100.jpg,crops/cam2_20260510_214100_r0_c0.jpg,10390,27.6,,45,37.5,0,0,0,0,0,0.0,0.0,2929.0,101.0,51.5,10.3,1.7,0.3,,2026-05-11 03:41:02
germ-germinadorap-de5832|LOT-20260506-651F-009|r0_c0|rep0,LOT-20260506-651F-009:A1:R0,germ-germinadorap-de5832,LOT-20260506-651F-009,A1,0,0,0,Betabel,,c4,desarrollo_normal,2026-05-10 16:09:40,4676,manual,2026-05-11 03:55:58,2026-05-06 21:07:49,102.80,5,cg_1778471756129_2,4896,cam2_20260510_215557.jpg,crops/cam2_20260510_215557_r0_c0.jpg,4898,cam2_20260510_215601.jpg,crops/cam2_20260510_215601_r0_c0.jpg,10402,27.3,,47,34.1,0,0,0,0,0,0.0,0.0,2944.0,101.0,51.5,10.3,1.7,0.3,,2026-05-11 03:56:03
germ-germinadorap-de5832|LOT-20260506-651F-009|r0_c0|rep0,LOT-20260506-651F-009:A1:R0,germ-germinadorap-de5832,LOT-20260506-651F-009,A1,0,0,0,Betabel,,c4,desarrollo_normal,2026-05-10 16:09:40,4676,manual,2026-05-11 04:10:58,2026-05-06 21:07:49,103.05,5,cg_1778472656132_2,4900,cam2_20260510_221057.jpg,crops/cam2_20260510_221057_r0_c0.jpg,4902,cam2_20260510_221100.jpg,crops/cam2_20260510_221100_r0_c0.jpg,10414,26.8,,42,35.2,0,0,0,0,0,0.0,0.0,2959.0,101.0,51.5,10.3,1.7,0.3,,2026-05-11 04:11:02
germ-germinadorap-de5832|LOT-20260506-651F-009|r0_c0|rep0,LOT-20260506-651F-009:A1:R0,germ-germinadorap-de5832,LOT-20260506-651F-009,A1,0,0,0,Betabel,,c4,desarrollo_normal,2026-05-10 16:09:40,4676,manual,2026-05-11 04:25:58,2026-05-06 21:07:49,103.30,5,cg_1778473556146_2,4904,cam2_20260510_222557.jpg,crops/cam2_20260510_222557_r0_c0.jpg,4906,cam2_20260510_222600.jpg,crops/cam2_20260510_222600_r0_c0.jpg,10426,26.2,,40,35.6,0,0,0,0,0,0.0,0.0,2974.0,101.0,51.5,10.3,1.7,0.3,,2026-05-11 04:26:02
germ-germinadorap-de5832|LOT-20260506-651F-009|r0_c0|rep0,LOT-20260506-651F-009:A1:R0,germ-germinadorap-de5832,LOT-20260506-651F-009,A1,0,0,0,Betabel,,c4,desarrollo_normal,2026-05-10 16:09:40,4676,manual,2026-05-11 04:40:58,2026-05-06 21:07:49,103.55,5,cg_1778474456160_2,4908,cam2_20260510_224057.jpg,crops/cam2_20260510_224057_r0_c0.jpg,4910,cam2_20260510_224100.jpg,crops/cam2_20260510_224100_r0_c0.jpg,10438,26.8,,40,35.8,0,0,0,0,0,0.0,0.0,2989.0,101.0,51.5,10.3,1.7,0.3,,2026-05-11 04:41:02
germ-germinadorap-de5832|LOT-20260506-651F-009|r0_c0|rep0,LOT-20260506-651F-009:A1:R0,germ-germinadorap-de5832,LOT-20260506-651F-009,A1,0,0,0,Betabel,,c4,desarrollo_normal,2026-05-10 16:09:40,4676,manual,2026-05-11 04:55:58,2026-05-06 21:07:49,103.80,5,cg_1778475356182_2,4912,cam2_20260510_225557.jpg,crops/cam2_20260510_225557_r0_c0.jpg,4914,cam2_20260510_225600.jpg,crops/cam2_20260510_225600_r0_c0.jpg,10450,28,,46,33.7,0,0,0,0,0,0.0,0.0,3004.0,101.0,51.5,10.3,1.7,0.3,,2026-05-11 04:56:02
germ-germinadorap-de5832|LOT-20260506-651F-009|r0_c0|rep0,LOT-20260506-651F-009:A1:R0,germ-germinadorap-de5832,LOT-20260506-651F-009,A1,0,0,0,Betabel,,c4,desarrollo_normal,2026-05-10 16:09:40,4676,manual,2026-05-11 05:10:58,2026-05-06 21:07:49,104.05,5,cg_1778476256201_2,4916,cam2_20260510_231057.jpg,crops/cam2_20260510_231057_r0_c0.jpg,4918,cam2_20260510_231100.jpg,crops/cam2_20260510_231100_r0_c0.jpg,10462,28.2,,47,35.8,0,0,0,0,0,0.0,0.0,3019.0,101.0,51.5,10.3,1.7,0.3,,2026-05-11 05:11:02
germ-germinadorap-de5832|LOT-20260506-651F-009|r0_c0|rep0,LOT-20260506-651F-009:A1:R0,germ-germinadorap-de5832,LOT-20260506-651F-009,A1,0,0,0,Betabel,,c4,desarrollo_normal,2026-05-10 16:09:40,4676,manual,2026-05-11 05:25:58,2026-05-06 21:07:49,104.30,5,cg_1778477156211_2,4920,cam2_20260510_232557.jpg,crops/cam2_20260510_232557_r0_c0.jpg,4922,cam2_20260510_232600.jpg,crops/cam2_20260510_232600_r0_c0.jpg,10474,28.2,,48,35.9,0,0,0,0,0,0.0,0.0,3034.0,101.0,51.5,10.3,1.7,0.3,,2026-05-11 05:26:02
germ-germinadorap-de5832|LOT-20260506-651F-009|r0_c0|rep0,LOT-20260506-651F-009:A1:R0,germ-germinadorap-de5832,LOT-20260506-651F-009,A1,0,0,0,Betabel,,c4,desarrollo_normal,2026-05-10 16:09:40,4676,manual,2026-05-11 05:40:58,2026-05-06 21:07:49,104.55,5,cg_1778478056235_2,4924,cam2_20260510_234057.jpg,crops/cam2_20260510_234057_r0_c0.jpg,4926,cam2_20260510_234101.jpg,crops/cam2_20260510_234101_r0_c0.jpg,10486,28.4,,48,37.3,0,0,0,0,0,0.0,0.0,3048.0,101.0,51.5,10.3,1.7,0.3,,2026-05-11 05:41:02
germ-germinadorap-de5832|LOT-20260506-651F-009|r0_c0|rep0,LOT-20260506-651F-009:A1:R0,germ-germinadorap-de5832,LOT-20260506-651F-009,A1,0,0,0,Betabel,,c4,desarrollo_normal,2026-05-10 16:09:40,4676,manual,2026-05-11 05:55:58,2026-05-06 21:07:49,104.80,5,cg_1778478956246_2,4928,cam2_20260510_235557.jpg,crops/cam2_20260510_235557_r0_c0.jpg,4930,cam2_20260510_235600.jpg,crops/cam2_20260510_235600_r0_c0.jpg,10498,28.4,,50,35.6,0,0,0,0,0,0.0,0.0,3063.0,101.0,51.5,10.3,1.7,0.3,,2026-05-11 05:56:02
germ-germinadorap-de5832|LOT-20260506-651F-009|r0_c0|rep0,LOT-20260506-651F-009:A1:R0,germ-germinadorap-de5832,LOT-20260506-651F-009,A1,0,0,0,Betabel,,c4,desarrollo_normal,2026-05-10 16:09:40,4676,manual,2026-05-11 06:10:58,2026-05-06 21:07:49,105.05,5,cg_1778479856282_2,4932,cam2_20260511_001057.jpg,crops/cam2_20260511_001057_r0_c0.jpg,4934,cam2_20260511_001100.jpg,crops/cam2_20260511_001100_r0_c0.jpg,10510,28.5,,48,34.1,0,0,0,0,0,0.0,0.0,3078.0,101.0,51.5,10.3,1.7,0.3,,2026-05-11 06:11:02
germ-germinadorap-de5832|LOT-20260506-651F-009|r0_c0|rep0,LOT-20260506-651F-009:A1:R0,germ-germinadorap-de5832,LOT-20260506-651F-009,A1,0,0,0,Betabel,,c4,desarrollo_normal,2026-05-10 16:09:40,4676,manual,2026-05-11 06:25:58,2026-05-06 21:07:49,105.30,5,cg_1778480756279_2,4936,cam2_20260511_002557.jpg,crops/cam2_20260511_002557_r0_c0.jpg,4938,cam2_20260511_002600.jpg,crops/cam2_20260511_002600_r0_c0.jpg,10522,28.6,,51,36.3,0,0,0,0,0,0.0,0.0,3089.0,101.0,51.5,10.3,1.7,0.3,,2026-05-11 06:26:02
germ-germinadorap-de5832|LOT-20260506-651F-009|r0_c0|rep0,LOT-20260506-651F-009:A1:R0,germ-germinadorap-de5832,LOT-20260506-651F-009,A1,0,0,0,Betabel,,c4,desarrollo_normal,2026-05-10 16:09:40,4676,manual,2026-05-11 06:40:58,2026-05-06 21:07:49,105.55,5,cg_1778481656285_2,4940,cam2_20260511_004057.jpg,crops/cam2_20260511_004057_r0_c0.jpg,4942,cam2_20260511_004100.jpg,crops/cam2_20260511_004100_r0_c0.jpg,10534,28.7,,51,35.8,0,0,0,0,0,0.0,0.0,3089.0,101.0,51.5,10.3,1.7,0.3,,2026-05-11 06:41:02
germ-germinadorap-de5832|LOT-20260506-651F-009|r0_c0|rep0,LOT-20260506-651F-009:A1:R0,germ-germinadorap-de5832,LOT-20260506-651F-009,A1,0,0,0,Betabel,,c4,desarrollo_normal,2026-05-10 16:09:40,4676,manual,2026-05-11 06:55:58,2026-05-06 21:07:49,105.80,5,cg_1778482556287_2,4944,cam2_20260511_005557.jpg,crops/cam2_20260511_005557_r0_c0.jpg,4946,cam2_20260511_005600.jpg,crops/cam2_20260511_005600_r0_c0.jpg,10546,28.5,,53,34.3,0,0,0,0,0,0.0,0.0,3089.0,101.0,51.5,10.3,1.7,0.3,,2026-05-11 06:56:02
germ-germinadorap-de5832|LOT-20260506-651F-009|r0_c0|rep0,LOT-20260506-651F-009:A1:R0,germ-germinadorap-de5832,LOT-20260506-651F-009,A1,0,0,0,Betabel,,c4,desarrollo_normal,2026-05-10 16:09:40,4676,manual,2026-05-11 14:35:50,2026-05-06 21:07:49,113.47,5,cg_1778510148204_2,4949,cam2_20260511_083549.jpg,crops/cam2_20260511_083549_r0_c0.jpg,4951,cam2_20260511_083554.jpg,crops/cam2_20260511_083554_r0_c0.jpg,10565,26.8,,60,15,0,0,0,0,0,0.0,0.0,3090.0,101.0,57.5,11.5,1.7,0.3,,2026-05-11 14:35:55
germ-germinadorap-de5832|LOT-20260506-651F-009|r0_c0|rep0,LOT-20260506-651F-009:A1:R0,germ-germinadorap-de5832,LOT-20260506-651F-009,A1,0,0,0,Betabel,,c4,desarrollo_normal,2026-05-10 16:09:40,4676,manual,2026-05-11 14:50:50,2026-05-06 21:07:49,113.72,5,cg_1778511048201_2,4952,cam2_20260511_085049.jpg,crops/cam2_20260511_085049_r0_c0.jpg,4954,cam2_20260511_085052.jpg,crops/cam2_20260511_085052_r0_c0.jpg,10570,27.2,,52,15.1,0,0,0,0,0,0.0,0.0,3105.0,101.0,57.7,11.5,1.7,0.3,,2026-05-11 14:50:53
germ-germinadorap-de5832|LOT-20260506-651F-009|r0_c0|rep0,LOT-20260506-651F-009:A1:R0,germ-germinadorap-de5832,LOT-20260506-651F-009,A1,0,0,0,Betabel,,c4,desarrollo_normal,2026-05-10 16:09:40,4676,manual,2026-05-11 15:05:50,2026-05-06 21:07:49,113.97,5,cg_1778511948210_2,4956,cam2_20260511_090549.jpg,crops/cam2_20260511_090549_r0_c0.jpg,4958,cam2_20260511_090552.jpg,crops/cam2_20260511_090552_r0_c0.jpg,10582,27.9,,50,15.1,0,0,0,0,0,0.0,0.0,3120.0,101.0,58.0,11.6,1.7,0.3,,2026-05-11 15:05:54
germ-germinadorap-de5832|LOT-20260506-651F-009|r0_c0|rep0,LOT-20260506-651F-009:A1:R0,germ-germinadorap-de5832,LOT-20260506-651F-009,A1,0,0,0,Betabel,,c4,desarrollo_normal,2026-05-10 16:09:40,4676,manual,2026-05-11 15:20:50,2026-05-06 21:07:49,114.22,5,cg_1778512848207_2,4960,cam2_20260511_092049.jpg,crops/cam2_20260511_092049_r0_c0.jpg,4962,cam2_20260511_092052.jpg,crops/cam2_20260511_092052_r0_c0.jpg,10594,28,,50,15.1,0,0,0,0,0,0.0,0.0,3135.0,101.0,58.2,11.6,1.7,0.3,,2026-05-11 15:20:54
germ-germinadorap-de5832|LOT-20260506-651F-009|r0_c0|rep0,LOT-20260506-651F-009:A1:R0,germ-germinadorap-de5832,LOT-20260506-651F-009,A1,0,0,0,Betabel,,c4,desarrollo_normal,2026-05-10 16:09:40,4676,manual,2026-05-11 15:35:50,2026-05-06 21:07:49,114.47,5,cg_1778513748209_2,4972,cam2_20260511_093549.jpg,crops/cam2_20260511_093549_r0_c0.jpg,4974,cam2_20260511_093552.jpg,crops/cam2_20260511_093552_r0_c0.jpg,10606,28.3,,49,15.2,0,0,0,0,0,0.0,0.0,3149.0,101.0,58.5,11.7,1.7,0.3,,2026-05-11 15:35:54
germ-germinadorap-de5832|LOT-20260506-651F-009|r0_c0|rep0,LOT-20260506-651F-009:A1:R0,germ-germinadorap-de5832,LOT-20260506-651F-009,A1,0,0,0,Betabel,,c4,desarrollo_normal,2026-05-10 16:09:40,4676,manual,2026-05-11 15:50:50,2026-05-06 21:07:49,114.72,5,cg_1778514648214_2,4976,cam2_20260511_095049.jpg,crops/cam2_20260511_095049_r0_c0.jpg,4978,cam2_20260511_095052.jpg,crops/cam2_20260511_095052_r0_c0.jpg,10618,28.5,,49,15.6,0,0,0,0,0,0.0,0.0,3164.0,101.0,58.7,11.7,1.7,0.3,,2026-05-11 15:50:54
germ-germinadorap-de5832|LOT-20260506-651F-009|r0_c0|rep0,LOT-20260506-651F-009:A1:R0,germ-germinadorap-de5832,LOT-20260506-651F-009,A1,0,0,0,Betabel,,c4,desarrollo_normal,2026-05-10 16:09:40,4676,manual,2026-05-11 16:05:50,2026-05-06 21:07:49,114.97,5,cg_1778515548214_2,4980,cam2_20260511_100549.jpg,crops/cam2_20260511_100549_r0_c0.jpg,4982,cam2_20260511_100552.jpg,crops/cam2_20260511_100552_r0_c0.jpg,10630,28.6,,48,15.6,0,0,0,0,0,0.0,0.0,3179.0,101.0,59.0,11.8,1.7,0.3,,2026-05-11 16:05:54
germ-germinadorap-de5832|LOT-20260506-651F-009|r0_c0|rep0,LOT-20260506-651F-009:A1:R0,germ-germinadorap-de5832,LOT-20260506-651F-009,A1,0,0,0,Betabel,,c4,desarrollo_normal,2026-05-10 16:09:40,4676,manual,2026-05-11 16:20:50,2026-05-06 21:07:49,115.22,5,cg_1778516448215_2,4984,cam2_20260511_102049.jpg,crops/cam2_20260511_102049_r0_c0.jpg,4986,cam2_20260511_102053.jpg,crops/cam2_20260511_102053_r0_c0.jpg,10642,28.6,,48,16,0,0,0,0,0,0.0,0.0,3194.0,101.0,59.2,11.8,1.7,0.3,,2026-05-11 16:20:54
germ-germinadorap-de5832|LOT-20260506-651F-009|r0_c0|rep0,LOT-20260506-651F-009:A1:R0,germ-germinadorap-de5832,LOT-20260506-651F-009,A1,0,0,0,Betabel,,c4,desarrollo_normal,2026-05-10 16:09:40,4676,manual,2026-05-11 16:35:51,2026-05-06 21:07:49,115.47,5,cg_1778517348293_2,4988,cam2_20260511_103550.jpg,crops/cam2_20260511_103550_r0_c0.jpg,4990,cam2_20260511_103554.jpg,crops/cam2_20260511_103554_r0_c0.jpg,10654,28.5,,48,16.7,0,0,0,0,0,0.0,0.0,3209.0,101.0,59.5,11.9,1.7,0.3,,2026-05-11 16:35:57
germ-germinadorap-de5832|LOT-20260506-651F-009|r0_c0|rep0,LOT-20260506-651F-009:A1:R0,germ-germinadorap-de5832,LOT-20260506-651F-009,A1,0,0,0,Betabel,,c4,desarrollo_normal,2026-05-10 16:09:40,4676,manual,2026-05-11 16:50:50,2026-05-06 21:07:49,115.72,5,cg_1778518248293_2,4992,cam2_20260511_105049.jpg,crops/cam2_20260511_105049_r0_c0.jpg,4994,cam2_20260511_105052.jpg,crops/cam2_20260511_105052_r0_c0.jpg,10666,28.7,,47,15.7,0,0,0,0,0,0.0,0.0,3224.0,102.0,59.7,11.9,1.7,0.3,,2026-05-11 16:50:54
germ-germinadorap-de5832|LOT-20260506-651F-009|r0_c0|rep0,LOT-20260506-651F-009:A1:R0,germ-germinadorap-de5832,LOT-20260506-651F-009,A1,0,0,0,Betabel,,c4,desarrollo_normal,2026-05-10 16:09:40,4676,manual,2026-05-11 17:05:50,2026-05-06 21:07:49,115.97,5,cg_1778519148297_2,4996,cam2_20260511_110549.jpg,crops/cam2_20260511_110549_r0_c0.jpg,4998,cam2_20260511_110552.jpg,crops/cam2_20260511_110552_r0_c0.jpg,10678,28.9,,47,16,0,0,0,0,0,0.0,0.0,3239.0,102.0,60.0,12.0,1.7,0.3,,2026-05-11 17:05:54
germ-germinadorap-de5832|LOT-20260506-651F-009|r0_c0|rep0,LOT-20260506-651F-009:A1:R0,germ-germinadorap-de5832,LOT-20260506-651F-009,A1,0,0,0,Betabel,,c4,desarrollo_normal,2026-05-10 16:09:40,4676,manual,2026-05-11 17:21:50,2026-05-06 21:07:49,116.23,5,cg_1778520108297_2,5000,cam2_20260511_112149.jpg,crops/cam2_20260511_112149_r0_c0.jpg,5002,cam2_20260511_112152.jpg,crops/cam2_20260511_112152_r0_c0.jpg,10690,29,,48,16,0,0,0,0,0,0.0,0.0,3254.0,102.0,60.2,12.0,1.7,0.3,,2026-05-11 17:21:54
germ-germinadorap-de5832|LOT-20260506-651F-009|r0_c0|rep0,LOT-20260506-651F-009:A1:R0,germ-germinadorap-de5832,LOT-20260506-651F-009,A1,0,0,0,Betabel,,c4,desarrollo_normal,2026-05-10 16:09:40,4676,manual,2026-05-11 17:36:50,2026-05-06 21:07:49,116.48,5,cg_1778521008298_2,5004,cam2_20260511_113649.jpg,crops/cam2_20260511_113649_r0_c0.jpg,5006,cam2_20260511_113654.jpg,crops/cam2_20260511_113654_r0_c0.jpg,10702,29.2,,48,16.5,0,0,0,0,0,0.0,0.0,3269.0,102.0,60.5,12.1,1.7,0.3,,2026-05-11 17:36:56
germ-germinadorap-de5832|LOT-20260506-651F-009|r0_c0|rep0,LOT-20260506-651F-009:A1:R0,germ-germinadorap-de5832,LOT-20260506-651F-009,A1,0,0,0,Betabel,,c4,desarrollo_normal,2026-05-10 16:09:40,4676,manual,2026-05-11 17:51:50,2026-05-06 21:07:49,116.73,5,cg_1778521908300_2,5008,cam2_20260511_115149.jpg,crops/cam2_20260511_115149_r0_c0.jpg,5010,cam2_20260511_115153.jpg,crops/cam2_20260511_115153_r0_c0.jpg,10714,29.3,,48,16.5,0,0,0,0,0,0.0,0.0,3284.0,102.0,60.7,12.1,1.7,0.3,,2026-05-11 17:51:54
germ-germinadorap-de5832|LOT-20260506-651F-009|r0_c0|rep0,LOT-20260506-651F-009:A1:R0,germ-germinadorap-de5832,LOT-20260506-651F-009,A1,0,0,0,Betabel,,c4,desarrollo_normal,2026-05-10 16:09:40,4676,manual,2026-05-11 18:06:50,2026-05-06 21:07:49,116.98,5,cg_1778522808303_2,5012,cam2_20260511_120649.jpg,crops/cam2_20260511_120649_r0_c0.jpg,5014,cam2_20260511_120652.jpg,crops/cam2_20260511_120652_r0_c0.jpg,10726,29.3,,47,16.9,0,0,0,0,0,0.0,0.0,3299.0,102.0,61.0,12.2,1.7,0.3,,2026-05-11 18:06:54
germ-germinadorap-de5832|LOT-20260506-651F-009|r0_c0|rep0,LOT-20260506-651F-009:A1:R0,germ-germinadorap-de5832,LOT-20260506-651F-009,A1,0,0,0,Betabel,,c4,desarrollo_normal,2026-05-10 16:09:40,4676,manual,2026-05-11 18:21:50,2026-05-06 21:07:49,117.23,5,cg_1778523708307_2,5016,cam2_20260511_122149.jpg,crops/cam2_20260511_122149_r0_c0.jpg,5018,cam2_20260511_122152.jpg,crops/cam2_20260511_122152_r0_c0.jpg,10738,29.3,,46,16.8,0,0,0,0,0,0.0,0.0,3314.0,102.0,61.2,12.2,1.7,0.3,,2026-05-11 18:21:54
germ-germinadorap-de5832|LOT-20260506-651F-009|r0_c0|rep0,LOT-20260506-651F-009:A1:R0,germ-germinadorap-de5832,LOT-20260506-651F-009,A1,0,0,0,Betabel,,c4,desarrollo_normal,2026-05-10 16:09:40,4676,manual,2026-05-11 18:36:54,2026-05-06 21:07:49,117.48,5,cg_1778524612078_2,5020,cam2_20260511_123653.jpg,crops/cam2_20260511_123653_r0_c0.jpg,5022,cam2_20260511_123656.jpg,crops/cam2_20260511_123656_r0_c0.jpg,10750,29.4,,46,19.3,0,0,0,0,0,0.0,0.0,3329.0,102.0,61.5,12.3,1.7,0.3,,2026-05-11 18:36:57
germ-germinadorap-de5832|LOT-20260506-651F-009|r0_c0|rep0,LOT-20260506-651F-009:A1:R0,germ-germinadorap-de5832,LOT-20260506-651F-009,A1,0,0,0,Betabel,,c4,desarrollo_normal,2026-05-10 16:09:40,4676,manual,2026-05-11 18:51:54,2026-05-06 21:07:49,117.73,5,cg_1778525512081_2,5024,cam2_20260511_125153.jpg,crops/cam2_20260511_125153_r0_c0.jpg,5026,cam2_20260511_125156.jpg,crops/cam2_20260511_125156_r0_c0.jpg,10762,29.6,,45,17,0,0,0,0,0,0.0,0.0,3344.0,102.0,61.7,12.3,1.7,0.3,,2026-05-11 18:51:57
germ-germinadorap-de5832|LOT-20260506-651F-009|r0_c0|rep0,LOT-20260506-651F-009:A1:R0,germ-germinadorap-de5832,LOT-20260506-651F-009,A1,0,0,0,Betabel,,c4,desarrollo_normal,2026-05-10 16:09:40,4676,manual,2026-05-11 19:06:54,2026-05-06 21:07:49,117.98,5,cg_1778526412123_2,5032,cam2_20260511_130653.jpg,crops/cam2_20260511_130653_r0_c0.jpg,5034,cam2_20260511_130656.jpg,crops/cam2_20260511_130656_r0_c0.jpg,10774,29.6,,48,55.4,0,0,0,0,0,0.0,0.0,3359.0,102.0,62.0,12.4,1.7,0.3,,2026-05-11 19:06:58
germ-germinadorap-de5832|LOT-20260506-651F-009|r0_c0|rep0,LOT-20260506-651F-009:A1:R0,germ-germinadorap-de5832,LOT-20260506-651F-009,A1,0,0,0,Betabel,,c4,desarrollo_normal,2026-05-10 16:09:40,4676,manual,2026-05-11 19:21:54,2026-05-06 21:07:49,118.23,5,cg_1778527312122_2,5036,cam2_20260511_132153.jpg,crops/cam2_20260511_132153_r0_c0.jpg,5038,cam2_20260511_132156.jpg,crops/cam2_20260511_132156_r0_c0.jpg,10786,29.5,,44,53.6,0,0,0,0,0,0.0,0.0,3373.0,102.0,62.2,12.4,1.7,0.3,,2026-05-11 19:21:57
germ-germinadorap-de5832|LOT-20260506-651F-009|r0_c0|rep0,LOT-20260506-651F-009:A1:R0,germ-germinadorap-de5832,LOT-20260506-651F-009,A1,0,0,0,Betabel,,c4,desarrollo_normal,2026-05-10 16:09:40,4676,manual,2026-05-11 19:36:54,2026-05-06 21:07:49,118.48,5,cg_1778528212121_2,5040,cam2_20260511_133653.jpg,crops/cam2_20260511_133653_r0_c0.jpg,5042,cam2_20260511_133656.jpg,crops/cam2_20260511_133656_r0_c0.jpg,10798,29.5,,44,49.7,0,0,0,0,0,0.0,0.0,3388.0,102.0,62.5,12.5,1.7,0.3,,2026-05-11 19:36:57
germ-germinadorap-de5832|LOT-20260506-651F-009|r0_c0|rep0,LOT-20260506-651F-009:A1:R0,germ-germinadorap-de5832,LOT-20260506-651F-009,A1,0,0,0,Betabel,,c4,desarrollo_normal,2026-05-10 16:09:40,4676,manual,2026-05-11 19:52:26,2026-05-06 21:07:49,118.74,5,cg_1778529144220_2,5048,cam2_20260511_135225.jpg,crops/cam2_20260511_135225_r0_c0.jpg,5050,cam2_20260511_135228.jpg,crops/cam2_20260511_135228_r0_c0.jpg,10810,29.6,,44,45.2,0,0,0,0,0,0.0,0.0,3404.0,102.0,62.7,12.5,1.7,0.3,,2026-05-11 19:52:30
germ-germinadorap-de5832|LOT-20260506-651F-009|r0_c0|rep0,LOT-20260506-651F-009:A1:R0,germ-germinadorap-de5832,LOT-20260506-651F-009,A1,0,0,0,Betabel,,c4,desarrollo_normal,2026-05-10 16:09:40,4676,manual,2026-05-11 20:08:15,2026-05-06 21:07:49,119.01,5,cg_1778530093130_2,5052,cam2_20260511_140814.jpg,crops/cam2_20260511_140814_r0_c0.jpg,5054,cam2_20260511_140818.jpg,crops/cam2_20260511_140818_r0_c0.jpg,10822,29.5,,52,38.3,0,0,0,0,0,0.0,0.0,3420.0,102.0,63.0,12.6,1.7,0.3,,2026-05-11 20:08:20
germ-germinadorap-de5832|LOT-20260506-651F-009|r0_c0|rep0,LOT-20260506-651F-009:A1:R0,germ-germinadorap-de5832,LOT-20260506-651F-009,A1,0,0,0,Betabel,,c4,desarrollo_normal,2026-05-10 16:09:40,4676,manual,2026-05-11 20:23:15,2026-05-06 21:07:49,119.26,5,cg_1778530993131_2,5056,cam2_20260511_142314.jpg,crops/cam2_20260511_142314_r0_c0.jpg,5058,cam2_20260511_142317.jpg,crops/cam2_20260511_142317_r0_c0.jpg,10834,29.6,,44,40.1,0,0,0,0,0,0.0,0.0,3434.0,102.0,63.3,12.7,1.7,0.3,,2026-05-11 20:23:19
germ-germinadorap-de5832|LOT-20260506-651F-009|r0_c0|rep0,LOT-20260506-651F-009:A1:R0,germ-germinadorap-de5832,LOT-20260506-651F-009,A1,0,0,0,Betabel,,c4,desarrollo_normal,2026-05-10 16:09:40,4676,manual,2026-05-11 20:38:15,2026-05-06 21:07:49,119.51,5,cg_1778531893142_2,5060,cam2_20260511_143814.jpg,crops/cam2_20260511_143814_r0_c0.jpg,5062,cam2_20260511_143817.jpg,crops/cam2_20260511_143817_r0_c0.jpg,10846,29.5,,44,40.5,0,0,0,0,0,0.0,0.0,3449.0,102.0,63.3,12.7,1.7,0.3,,2026-05-11 20:38:19
germ-germinadorap-de5832|LOT-20260506-651F-009|r0_c0|rep0,LOT-20260506-651F-009:A1:R0,germ-germinadorap-de5832,LOT-20260506-651F-009,A1,0,0,0,Betabel,,c4,desarrollo_normal,2026-05-10 16:09:40,4676,manual,2026-05-11 20:53:15,2026-05-06 21:07:49,119.76,5,cg_1778532793151_2,5064,cam2_20260511_145314.jpg,crops/cam2_20260511_145314_r0_c0.jpg,5066,cam2_20260511_145317.jpg,crops/cam2_20260511_145317_r0_c0.jpg,10858,29.6,,45,40.1,0,0,0,0,0,0.0,0.0,3464.0,102.0,63.3,12.7,1.7,0.3,,2026-05-11 20:53:19
germ-germinadorap-de5832|LOT-20260506-651F-009|r0_c0|rep0,LOT-20260506-651F-009:A1:R0,germ-germinadorap-de5832,LOT-20260506-651F-009,A1,0,0,0,Betabel,,c4,desarrollo_normal,2026-05-10 16:09:40,4676,manual,2026-05-11 21:08:15,2026-05-06 21:07:49,120.01,6,cg_1778533693155_2,5068,cam2_20260511_150814.jpg,crops/cam2_20260511_150814_r0_c0.jpg,5070,cam2_20260511_150817.jpg,crops/cam2_20260511_150817_r0_c0.jpg,10870,29.6,,44,38.7,0,0,0,0,0,0.0,0.0,3479.0,102.0,63.3,10.6,1.8,0.3,,2026-05-11 21:08:18
germ-germinadorap-de5832|LOT-20260506-651F-009|r0_c0|rep0,LOT-20260506-651F-009:A1:R0,germ-germinadorap-de5832,LOT-20260506-651F-009,A1,0,0,0,Betabel,,c4,desarrollo_normal,2026-05-10 16:09:40,4676,manual,2026-05-11 21:23:15,2026-05-06 21:07:49,120.26,6,cg_1778534593157_2,5072,cam2_20260511_152314.jpg,crops/cam2_20260511_152314_r0_c0.jpg,5074,cam2_20260511_152317.jpg,crops/cam2_20260511_152317_r0_c0.jpg,10882,29.7,,46,41.1,0,0,0,0,0,0.0,0.0,3494.0,102.0,63.3,10.6,1.8,0.3,,2026-05-11 21:23:19
germ-germinadorap-de5832|LOT-20260506-651F-009|r0_c0|rep0,LOT-20260506-651F-009:A1:R0,germ-germinadorap-de5832,LOT-20260506-651F-009,A1,0,0,0,Betabel,,c4,desarrollo_normal,2026-05-10 16:09:40,4676,manual,2026-05-11 22:23:48,2026-05-06 21:07:49,121.27,6,cg_1778538226404_2,5077,cam2_20260511_162347.jpg,crops/cam2_20260511_162347_r0_c0.jpg,5079,cam2_20260511_162353.jpg,crops/cam2_20260511_162353_r0_c0.jpg,10901,28.7,,61,36.9,0,0,0,0,0,0.0,0.0,3554.0,102.0,63.8,10.6,1.8,0.3,,2026-05-11 22:23:54
germ-germinadorap-de5832|LOT-20260506-651F-009|r0_c0|rep0,LOT-20260506-651F-009:A1:R0,germ-germinadorap-de5832,LOT-20260506-651F-009,A1,0,0,0,Betabel,,c4,desarrollo_normal,2026-05-10 16:09:40,4676,manual,2026-05-11 22:38:48,2026-05-06 21:07:49,121.52,6,cg_1778539126403_2,5084,cam2_20260511_163847.jpg,crops/cam2_20260511_163847_r0_c0.jpg,5086,cam2_20260511_163850.jpg,crops/cam2_20260511_163850_r0_c0.jpg,10906,28.9,,51,33.1,0,0,0,0,0,0.0,0.0,3569.0,102.0,64.0,10.7,1.8,0.3,,2026-05-11 22:38:52
germ-germinadorap-de5832|LOT-20260506-651F-009|r0_c0|rep0,LOT-20260506-651F-009:A1:R0,germ-germinadorap-de5832,LOT-20260506-651F-009,A1,0,0,0,Betabel,,c4,desarrollo_normal,2026-05-10 16:09:40,4676,manual,2026-05-11 22:53:48,2026-05-06 21:07:49,121.77,6,cg_1778540026403_2,5088,cam2_20260511_165347.jpg,crops/cam2_20260511_165347_r0_c0.jpg,5090,cam2_20260511_165350.jpg,crops/cam2_20260511_165350_r0_c0.jpg,10918,29.4,,50,39.3,0,0,0,0,0,0.0,0.0,3584.0,102.0,64.1,10.7,1.8,0.3,,2026-05-11 22:53:52
germ-germinadorap-de5832|LOT-20260506-651F-009|r0_c0|rep0,LOT-20260506-651F-009:A1:R0,germ-germinadorap-de5832,LOT-20260506-651F-009,A1,0,0,0,Betabel,,c4,desarrollo_normal,2026-05-10 16:09:40,4676,manual,2026-05-11 23:08:48,2026-05-06 21:07:49,122.02,6,cg_1778540926411_2,5092,cam2_20260511_170847.jpg,crops/cam2_20260511_170847_r0_c0.jpg,5094,cam2_20260511_170850.jpg,crops/cam2_20260511_170850_r0_c0.jpg,10930,29.5,,46,31.3,0,0,0,0,0,0.0,0.0,3599.0,102.0,64.1,10.7,1.8,0.3,,2026-05-11 23:08:52
germ-germinadorap-de5832|LOT-20260506-651F-009|r0_c0|rep0,LOT-20260506-651F-009:A1:R0,germ-germinadorap-de5832,LOT-20260506-651F-009,A1,0,0,0,Betabel,,c4,desarrollo_normal,2026-05-10 16:09:40,4676,manual,2026-05-11 23:23:48,2026-05-06 21:07:49,122.27,6,cg_1778541826412_2,5096,cam2_20260511_172347.jpg,crops/cam2_20260511_172347_r0_c0.jpg,5098,cam2_20260511_172351.jpg,crops/cam2_20260511_172351_r0_c0.jpg,10942,28.7,,43,37.2,0,0,0,0,0,0.0,0.0,3614.0,102.0,64.1,10.7,1.8,0.3,,2026-05-11 23:23:52
germ-germinadorap-de5832|LOT-20260506-651F-009|r0_c0|rep0,LOT-20260506-651F-009:A1:R0,germ-germinadorap-de5832,LOT-20260506-651F-009,A1,0,0,0,Betabel,,c4,desarrollo_normal,2026-05-10 16:09:40,4676,manual,2026-05-11 23:40:05,2026-05-06 21:07:49,122.54,6,cg_1778542803443_2,5100,cam2_20260511_174004.jpg,crops/cam2_20260511_174004_r0_c0.jpg,5102,cam2_20260511_174009.jpg,crops/cam2_20260511_174009_r0_c0.jpg,10954,28.2,,42,39.8,0,0,0,0,0,0.0,0.0,3630.0,102.0,64.3,10.7,1.8,0.3,,2026-05-11 23:40:11
germ-germinadorap-de5832|LOT-20260506-651F-009|r0_c0|rep0,LOT-20260506-651F-009:A1:R0,germ-germinadorap-de5832,LOT-20260506-651F-009,A1,0,0,0,Betabel,,c4,desarrollo_normal,2026-05-10 16:09:40,4676,manual,2026-05-11 23:55:05,2026-05-06 21:07:49,122.79,6,cg_1778543703441_2,5104,cam2_20260511_175505.jpg,crops/cam2_20260511_175505_r0_c0.jpg,5106,cam2_20260511_175508.jpg,crops/cam2_20260511_175508_r0_c0.jpg,10966,28,,42,39.9,0,0,0,0,0,0.0,0.0,3645.0,102.0,64.6,10.8,1.8,0.3,,2026-05-11 23:55:09
germ-germinadorap-de5832|LOT-20260506-651F-009|r0_c0|rep0,LOT-20260506-651F-009:A1:R0,germ-germinadorap-de5832,LOT-20260506-651F-009,A1,0,0,0,Betabel,,c4,desarrollo_normal,2026-05-10 16:09:40,4676,manual,2026-05-12 00:10:06,2026-05-06 21:07:49,123.04,6,cg_1778544603468_2,5108,cam2_20260511_181005.jpg,crops/cam2_20260511_181005_r0_c0.jpg,5110,cam2_20260511_181008.jpg,crops/cam2_20260511_181008_r0_c0.jpg,10978,28.7,,44,44.1,0,0,0,1,0,15.0,0.0,3660.0,102.0,64.8,10.8,1.8,0.3,,2026-05-12 00:10:10
germ-germinadorap-de5832|LOT-20260506-651F-009|r0_c0|rep0,LOT-20260506-651F-009:A1:R0,germ-germinadorap-de5832,LOT-20260506-651F-009,A1,0,0,0,Betabel,,c4,desarrollo_normal,2026-05-10 16:09:40,4676,manual,2026-05-12 06:17:12,2026-05-06 21:07:49,129.16,6,cg_1778566630531_2,5121,cam2_20260512_001712.jpg,crops/cam2_20260512_001712_r0_c0.jpg,5123,cam2_20260512_001718.jpg,crops/cam2_20260512_001718_r0_c0.jpg,10997,29,,50,1.5,0,0,0,0,0,0.0,0.0,3894.0,106.0,65.1,10.9,1.8,0.3,,2026-05-12 06:17:20
germ-germinadorap-de5832|LOT-20260506-651F-009|r0_c0|rep0,LOT-20260506-651F-009:A1:R0,germ-germinadorap-de5832,LOT-20260506-651F-009,A1,0,0,0,Betabel,,c4,desarrollo_normal,2026-05-10 16:09:40,4676,manual,2026-05-12 06:32:32,2026-05-06 21:07:49,129.41,6,cg_1778567549618_2,5128,cam2_20260512_003231.jpg,crops/cam2_20260512_003231_r0_c0.jpg,5130,cam2_20260512_003234.jpg,crops/cam2_20260512_003234_r0_c0.jpg,11002,29,,50,1.4,0,0,0,0,0,0.0,0.0,3905.0,106.0,65.1,10.9,1.8,0.3,,2026-05-12 06:32:35
germ-germinadorap-de5832|LOT-20260506-651F-009|r0_c0|rep0,LOT-20260506-651F-009:A1:R0,germ-germinadorap-de5832,LOT-20260506-651F-009,A1,0,0,0,Betabel,,c4,desarrollo_normal,2026-05-10 16:09:40,4676,manual,2026-05-12 06:47:31,2026-05-06 21:07:49,129.66,6,cg_1778568449617_2,5132,cam2_20260512_004731.jpg,crops/cam2_20260512_004731_r0_c0.jpg,5134,cam2_20260512_004734.jpg,crops/cam2_20260512_004734_r0_c0.jpg,11014,29,,50,1.4,0,0,0,0,0,0.0,0.0,3905.0,106.0,65.1,10.9,1.8,0.3,,2026-05-12 06:47:35
germ-germinadorap-de5832|LOT-20260506-651F-009|r0_c0|rep0,LOT-20260506-651F-009:A1:R0,germ-germinadorap-de5832,LOT-20260506-651F-009,A1,0,0,0,Betabel,,c4,desarrollo_normal,2026-05-10 16:09:40,4676,manual,2026-05-12 07:02:32,2026-05-06 21:07:49,129.91,6,cg_1778569349624_2,5136,cam2_20260512_010231.jpg,crops/cam2_20260512_010231_r0_c0.jpg,5138,cam2_20260512_010234.jpg,crops/cam2_20260512_010234_r0_c0.jpg,11026,29,,50,1.3,0,0,0,0,0,0.0,0.0,3905.0,106.0,65.1,10.9,1.8,0.3,,2026-05-12 07:02:35
germ-germinadorap-de5832|LOT-20260506-651F-009|r0_c0|rep0,LOT-20260506-651F-009:A1:R0,germ-germinadorap-de5832,LOT-20260506-651F-009,A1,0,0,0,Betabel,,c4,desarrollo_normal,2026-05-10 16:09:40,4676,manual,2026-05-12 07:17:31,2026-05-06 21:07:49,130.16,6,cg_1778570249636_2,5140,cam2_20260512_011731.jpg,crops/cam2_20260512_011731_r0_c0.jpg,5142,cam2_20260512_011734.jpg,crops/cam2_20260512_011734_r0_c0.jpg,11038,29,,50,1.2,0,0,0,0,0,0.0,0.0,3905.0,106.0,65.1,10.9,1.8,0.3,,2026-05-12 07:17:35
germ-germinadorap-de5832|LOT-20260506-651F-009|r0_c0|rep0,LOT-20260506-651F-009:A1:R0,germ-germinadorap-de5832,LOT-20260506-651F-009,A1,0,0,0,Betabel,,c4,desarrollo_normal,2026-05-10 16:09:40,4676,manual,2026-05-12 07:32:32,2026-05-06 21:07:49,130.41,6,cg_1778571149655_2,5144,cam2_20260512_013231.jpg,crops/cam2_20260512_013231_r0_c0.jpg,5146,cam2_20260512_013234.jpg,crops/cam2_20260512_013234_r0_c0.jpg,11050,29,,50,1.2,0,0,0,0,0,0.0,0.0,3905.0,106.0,65.1,10.9,1.8,0.3,,2026-05-12 07:32:35
germ-germinadorap-de5832|LOT-20260506-651F-009|r0_c0|rep0,LOT-20260506-651F-009:A1:R0,germ-germinadorap-de5832,LOT-20260506-651F-009,A1,0,0,0,Betabel,,c4,desarrollo_normal,2026-05-10 16:09:40,4676,manual,2026-05-12 07:48:41,2026-05-06 21:07:49,130.68,6,cg_1778572119486_2,5149,cam2_20260512_014841.jpg,crops/cam2_20260512_014841_r0_c0.jpg,5151,cam2_20260512_014846.jpg,crops/cam2_20260512_014846_r0_c0.jpg,11069,29,,50,1.2,0,0,0,0,0,0.0,0.0,3905.0,106.0,65.1,10.9,1.8,0.3,,2026-05-12 07:48:48
germ-germinadorap-de5832|LOT-20260506-651F-009|r0_c0|rep0,LOT-20260506-651F-009:A1:R0,germ-germinadorap-de5832,LOT-20260506-651F-009,A1,0,0,0,Betabel,,c4,desarrollo_normal,2026-05-10 16:09:40,4676,manual,2026-05-12 08:04:29,2026-05-06 21:07:49,130.94,6,cg_1778573066932_2,5152,cam2_20260512_020428.jpg,crops/cam2_20260512_020428_r0_c0.jpg,5154,cam2_20260512_020431.jpg,crops/cam2_20260512_020431_r0_c0.jpg,11074,29,,50,1.2,0,0,0,0,0,0.0,0.0,3905.0,106.0,65.2,10.9,1.8,0.3,,2026-05-12 08:04:33
germ-germinadorap-de5832|LOT-20260506-651F-009|r0_c0|rep0,LOT-20260506-651F-009:A1:R0,germ-germinadorap-de5832,LOT-20260506-651F-009,A1,0,0,0,Betabel,,c4,desarrollo_normal,2026-05-10 16:09:40,4676,manual,2026-05-12 08:19:29,2026-05-06 21:07:49,131.19,6,cg_1778573966928_2,5156,cam2_20260512_021928.jpg,crops/cam2_20260512_021928_r0_c0.jpg,5158,cam2_20260512_021931.jpg,crops/cam2_20260512_021931_r0_c0.jpg,11086,29,,50,1.2,0,0,0,0,0,0.0,0.0,3905.0,106.0,65.5,10.9,1.8,0.3,,2026-05-12 08:19:33
germ-germinadorap-de5832|LOT-20260506-651F-009|r0_c0|rep0,LOT-20260506-651F-009:A1:R0,germ-germinadorap-de5832,LOT-20260506-651F-009,A1,0,0,0,Betabel,,c4,desarrollo_normal,2026-05-10 16:09:40,4676,manual,2026-05-12 08:34:29,2026-05-06 21:07:49,131.44,6,cg_1778574866930_2,5160,cam2_20260512_023428.jpg,crops/cam2_20260512_023428_r0_c0.jpg,5162,cam2_20260512_023431.jpg,crops/cam2_20260512_023431_r0_c0.jpg,11098,29,,50,1.1,0,0,0,0,0,0.0,0.0,3905.0,106.0,65.7,11.0,1.8,0.3,,2026-05-12 08:34:32
germ-germinadorap-de5832|LOT-20260506-651F-009|r0_c0|rep0,LOT-20260506-651F-009:A1:R0,germ-germinadorap-de5832,LOT-20260506-651F-009,A1,0,0,0,Betabel,,c4,desarrollo_normal,2026-05-10 16:09:40,4676,manual,2026-05-12 08:49:29,2026-05-06 21:07:49,131.69,6,cg_1778575766935_2,5164,cam2_20260512_024928.jpg,crops/cam2_20260512_024928_r0_c0.jpg,5166,cam2_20260512_024931.jpg,crops/cam2_20260512_024931_r0_c0.jpg,11110,29,,50,1.1,0,0,0,0,0,0.0,0.0,3906.0,106.0,66.0,11.0,1.8,0.3,,2026-05-12 08:49:33
germ-germinadorap-de5832|LOT-20260506-651F-009|r0_c0|rep0,LOT-20260506-651F-009:A1:R0,germ-germinadorap-de5832,LOT-20260506-651F-009,A1,0,0,0,Betabel,,c4,desarrollo_normal,2026-05-10 16:09:40,4676,manual,2026-05-12 09:04:29,2026-05-06 21:07:49,131.94,6,cg_1778576666935_2,5168,cam2_20260512_030428.jpg,crops/cam2_20260512_030428_r0_c0.jpg,5170,cam2_20260512_030431.jpg,crops/cam2_20260512_030431_r0_c0.jpg,11122,29,,50,1,0,0,0,0,0,0.0,0.0,3906.0,106.0,66.2,11.0,1.8,0.3,,2026-05-12 09:04:33
germ-germinadorap-de5832|LOT-20260506-651F-009|r0_c0|rep0,LOT-20260506-651F-009:A1:R0,germ-germinadorap-de5832,LOT-20260506-651F-009,A1,0,0,0,Betabel,,c4,desarrollo_normal,2026-05-10 16:09:40,4676,manual,2026-05-12 09:19:29,2026-05-06 21:07:49,132.19,6,cg_1778577566943_2,5172,cam2_20260512_031928.jpg,crops/cam2_20260512_031928_r0_c0.jpg,5174,cam2_20260512_031931.jpg,crops/cam2_20260512_031931_r0_c0.jpg,11134,29,,50,1,0,0,0,0,0,0.0,0.0,3906.0,106.0,66.5,11.1,1.8,0.3,,2026-05-12 09:19:32
germ-germinadorap-de5832|LOT-20260506-651F-009|r0_c0|rep0,LOT-20260506-651F-009:A1:R0,germ-germinadorap-de5832,LOT-20260506-651F-009,A1,0,0,0,Betabel,,c4,desarrollo_normal,2026-05-10 16:09:40,4676,manual,2026-05-12 09:34:29,2026-05-06 21:07:49,132.44,6,cg_1778578466944_2,5177,cam2_20260512_033428.jpg,crops/cam2_20260512_033428_r0_c0.jpg,5179,cam2_20260512_033433.jpg,crops/cam2_20260512_033433_r0_c0.jpg,11153,29,,50,0.9,0,0,0,0,0,0.0,0.0,3906.0,106.0,66.7,11.1,1.8,0.3,,2026-05-12 09:34:35
germ-germinadorap-de5832|LOT-20260506-651F-009|r0_c0|rep0,LOT-20260506-651F-009:A1:R0,germ-germinadorap-de5832,LOT-20260506-651F-009,A1,0,0,0,Betabel,,c4,desarrollo_normal,2026-05-10 16:09:40,4676,manual,2026-05-12 09:49:29,2026-05-06 21:07:49,132.69,6,cg_1778579366948_2,5180,cam2_20260512_034928.jpg,crops/cam2_20260512_034928_r0_c0.jpg,5182,cam2_20260512_034931.jpg,crops/cam2_20260512_034931_r0_c0.jpg,11158,29,,50,0.9,0,0,0,0,0,0.0,0.0,3906.0,106.0,67.0,11.2,1.8,0.3,,2026-05-12 09:49:32
germ-germinadorap-de5832|LOT-20260506-651F-009|r0_c0|rep0,LOT-20260506-651F-009:A1:R0,germ-germinadorap-de5832,LOT-20260506-651F-009,A1,0,0,0,Betabel,,c4,desarrollo_normal,2026-05-10 16:09:40,4676,manual,2026-05-12 10:04:29,2026-05-06 21:07:49,132.94,6,cg_1778580266950_2,5184,cam2_20260512_040428.jpg,crops/cam2_20260512_040428_r0_c0.jpg,5186,cam2_20260512_040431.jpg,crops/cam2_20260512_040431_r0_c0.jpg,11170,29,,50,0.9,0,0,0,0,0,0.0,0.0,3906.0,106.0,67.2,11.2,1.8,0.3,,2026-05-12 10:04:33
germ-germinadorap-de5832|LOT-20260506-651F-009|r0_c0|rep0,LOT-20260506-651F-009:A1:R0,germ-germinadorap-de5832,LOT-20260506-651F-009,A1,0,0,0,Betabel,,c4,desarrollo_normal,2026-05-10 16:09:40,4676,manual,2026-05-12 10:19:29,2026-05-06 21:07:49,133.19,6,cg_1778581166954_2,5188,cam2_20260512_041929.jpg,crops/cam2_20260512_041929_r0_c0.jpg,5190,cam2_20260512_041932.jpg,crops/cam2_20260512_041932_r0_c0.jpg,11182,29,,50,0.8,0,0,0,0,0,0.0,0.0,3906.0,106.0,67.5,11.2,1.8,0.3,,2026-05-12 10:19:33
germ-germinadorap-de5832|LOT-20260506-651F-009|r0_c0|rep0,LOT-20260506-651F-009:A1:R0,germ-germinadorap-de5832,LOT-20260506-651F-009,A1,0,0,0,Betabel,,c4,desarrollo_normal,2026-05-10 16:09:40,4676,manual,2026-05-12 10:34:29,2026-05-06 21:07:49,133.44,6,cg_1778582066959_2,5192,cam2_20260512_043428.jpg,crops/cam2_20260512_043428_r0_c0.jpg,5194,cam2_20260512_043431.jpg,crops/cam2_20260512_043431_r0_c0.jpg,11194,29,,50,0.9,0,0,0,0,0,0.0,0.0,3906.0,106.0,67.7,11.3,1.8,0.3,,2026-05-12 10:34:33
germ-germinadorap-de5832|LOT-20260506-651F-009|r0_c0|rep0,LOT-20260506-651F-009:A1:R0,germ-germinadorap-de5832,LOT-20260506-651F-009,A1,0,0,0,Betabel,,c4,desarrollo_normal,2026-05-10 16:09:40,4676,manual,2026-05-12 10:49:29,2026-05-06 21:07:49,133.69,6,cg_1778582966965_2,5196,cam2_20260512_044928.jpg,crops/cam2_20260512_044928_r0_c0.jpg,5198,cam2_20260512_044931.jpg,crops/cam2_20260512_044931_r0_c0.jpg,11206,29,,50,0.8,0,0,0,0,0,0.0,0.0,3906.0,106.0,67.9,11.3,1.8,0.3,,2026-05-12 10:49:32
germ-germinadorap-de5832|LOT-20260506-651F-009|r0_c0|rep0,LOT-20260506-651F-009:A1:R0,germ-germinadorap-de5832,LOT-20260506-651F-009,A1,0,0,0,Betabel,,c4,desarrollo_normal,2026-05-10 16:09:40,4676,manual,2026-05-12 11:04:29,2026-05-06 21:07:49,133.94,6,cg_1778583866967_2,5200,cam2_20260512_050428.jpg,crops/cam2_20260512_050428_r0_c0.jpg,5202,cam2_20260512_050431.jpg,crops/cam2_20260512_050431_r0_c0.jpg,11218,29,,50,0.8,0,0,0,0,0,0.0,0.0,3906.0,106.0,68.2,11.4,1.8,0.3,,2026-05-12 11:04:32
germ-germinadorap-de5832|LOT-20260506-651F-009|r0_c0|rep0,LOT-20260506-651F-009:A1:R0,germ-germinadorap-de5832,LOT-20260506-651F-009,A1,0,0,0,Betabel,,c4,desarrollo_normal,2026-05-10 16:09:40,4676,manual,2026-05-12 11:19:29,2026-05-06 21:07:49,134.19,6,cg_1778584766971_2,5204,cam2_20260512_051928.jpg,crops/cam2_20260512_051928_r0_c0.jpg,5206,cam2_20260512_051931.jpg,crops/cam2_20260512_051931_r0_c0.jpg,11230,29,,50,0.7,0,0,0,0,0,0.0,0.0,3906.0,106.0,68.4,11.4,1.8,0.3,,2026-05-12 11:19:33
germ-germinadorap-de5832|LOT-20260506-651F-009|r0_c0|rep0,LOT-20260506-651F-009:A1:R0,germ-germinadorap-de5832,LOT-20260506-651F-009,A1,0,0,0,Betabel,,c4,desarrollo_normal,2026-05-10 16:09:40,4676,manual,2026-05-12 11:34:29,2026-05-06 21:07:49,134.44,6,cg_1778585666975_2,5208,cam2_20260512_053428.jpg,crops/cam2_20260512_053428_r0_c0.jpg,5210,cam2_20260512_053431.jpg,crops/cam2_20260512_053431_r0_c0.jpg,11242,29,,50,0.7,0,0,0,0,0,0.0,0.0,3906.0,106.0,68.7,11.4,1.8,0.3,,2026-05-12 11:34:33
germ-germinadorap-de5832|LOT-20260506-651F-009|r0_c0|rep0,LOT-20260506-651F-009:A1:R0,germ-germinadorap-de5832,LOT-20260506-651F-009,A1,0,0,0,Betabel,,c4,desarrollo_normal,2026-05-10 16:09:40,4676,manual,2026-05-12 11:49:29,2026-05-06 21:07:49,134.69,6,cg_1778586566983_2,5212,cam2_20260512_054928.jpg,crops/cam2_20260512_054928_r0_c0.jpg,5214,cam2_20260512_054931.jpg,crops/cam2_20260512_054931_r0_c0.jpg,11254,29,,50,0.8,0,0,0,0,0,0.0,0.0,3906.0,106.0,68.9,11.5,1.8,0.3,,2026-05-12 11:49:33
germ-germinadorap-de5832|LOT-20260506-651F-009|r0_c0|rep0,LOT-20260506-651F-009:A1:R0,germ-germinadorap-de5832,LOT-20260506-651F-009,A1,0,0,0,Betabel,,c4,desarrollo_normal,2026-05-10 16:09:40,4676,manual,2026-05-12 12:04:29,2026-05-06 21:07:49,134.94,6,cg_1778587466985_2,5216,cam2_20260512_060428.jpg,crops/cam2_20260512_060428_r0_c0.jpg,5218,cam2_20260512_060431.jpg,crops/cam2_20260512_060431_r0_c0.jpg,11266,29,,50,0.7,0,0,0,0,0,0.0,0.0,3906.0,106.0,69.2,11.5,1.8,0.3,,2026-05-12 12:04:33
germ-germinadorap-de5832|LOT-20260506-651F-009|r0_c0|rep0,LOT-20260506-651F-009:A1:R0,germ-germinadorap-de5832,LOT-20260506-651F-009,A1,0,0,0,Betabel,,c4,desarrollo_normal,2026-05-10 16:09:40,4676,manual,2026-05-12 12:19:29,2026-05-06 21:07:49,135.19,6,cg_1778588366988_2,5220,cam2_20260512_061928.jpg,crops/cam2_20260512_061928_r0_c0.jpg,5222,cam2_20260512_061931.jpg,crops/cam2_20260512_061931_r0_c0.jpg,11278,29,,50,0.7,0,0,0,0,0,0.0,0.0,3906.0,106.0,69.4,11.6,1.8,0.3,,2026-05-12 12:19:33
germ-germinadorap-de5832|LOT-20260506-651F-009|r0_c0|rep0,LOT-20260506-651F-009:A1:R0,germ-germinadorap-de5832,LOT-20260506-651F-009,A1,0,0,0,Betabel,,c4,desarrollo_normal,2026-05-10 16:09:40,4676,manual,2026-05-12 12:34:29,2026-05-06 21:07:49,135.44,6,cg_1778589266984_2,5224,cam2_20260512_063428.jpg,crops/cam2_20260512_063428_r0_c0.jpg,5226,cam2_20260512_063431.jpg,crops/cam2_20260512_063431_r0_c0.jpg,11290,29,,50,0.6,0,0,0,0,0,0.0,0.0,3906.0,106.0,69.7,11.6,1.8,0.3,,2026-05-12 12:34:33
germ-germinadorap-de5832|LOT-20260506-651F-009|r0_c0|rep0,LOT-20260506-651F-009:A1:R0,germ-germinadorap-de5832,LOT-20260506-651F-009,A1,0,0,0,Betabel,,c4,desarrollo_normal,2026-05-10 16:09:40,4676,manual,2026-05-12 12:49:29,2026-05-06 21:07:49,135.69,6,cg_1778590166992_2,5228,cam2_20260512_064928.jpg,crops/cam2_20260512_064928_r0_c0.jpg,5230,cam2_20260512_064931.jpg,crops/cam2_20260512_064931_r0_c0.jpg,11302,29,,50,0.7,0,0,0,0,0,0.0,0.0,3907.0,106.0,69.9,11.7,1.8,0.3,,2026-05-12 12:49:33
germ-germinadorap-de5832|LOT-20260506-651F-009|r0_c0|rep0,LOT-20260506-651F-009:A1:R0,germ-germinadorap-de5832,LOT-20260506-651F-009,A1,0,0,0,Betabel,,c4,desarrollo_normal,2026-05-10 16:09:40,4676,manual,2026-05-12 13:04:29,2026-05-06 21:07:49,135.94,6,cg_1778591066996_2,5232,cam2_20260512_070428.jpg,crops/cam2_20260512_070428_r0_c0.jpg,5234,cam2_20260512_070431.jpg,crops/cam2_20260512_070431_r0_c0.jpg,11314,29,,50,0.6,0,0,0,0,0,0.0,0.0,3907.0,106.0,70.2,11.7,1.8,0.3,,2026-05-12 13:04:33
germ-germinadorap-de5832|LOT-20260506-651F-009|r0_c0|rep0,LOT-20260506-651F-009:A1:R0,germ-germinadorap-de5832,LOT-20260506-651F-009,A1,0,0,0,Betabel,,c4,desarrollo_normal,2026-05-10 16:09:40,4676,manual,2026-05-12 13:19:29,2026-05-06 21:07:49,136.19,6,cg_1778591966996_2,5236,cam2_20260512_071928.jpg,crops/cam2_20260512_071928_r0_c0.jpg,5238,cam2_20260512_071931.jpg,crops/cam2_20260512_071931_r0_c0.jpg,11326,29,,50,0.6,0,0,0,0,0,0.0,0.0,3907.0,106.0,70.4,11.7,1.8,0.3,,2026-05-12 13:19:33
germ-germinadorap-de5832|LOT-20260506-651F-009|r0_c0|rep0,LOT-20260506-651F-009:A1:R0,germ-germinadorap-de5832,LOT-20260506-651F-009,A1,0,0,0,Betabel,,c4,desarrollo_normal,2026-05-10 16:09:40,4676,manual,2026-05-12 13:34:29,2026-05-06 21:07:49,136.44,6,cg_1778592867001_2,5240,cam2_20260512_073428.jpg,crops/cam2_20260512_073428_r0_c0.jpg,5242,cam2_20260512_073431.jpg,crops/cam2_20260512_073431_r0_c0.jpg,11338,29,,50,0.6,0,0,0,0,0,0.0,0.0,3907.0,106.0,70.7,11.8,1.8,0.3,,2026-05-12 13:34:33
germ-germinadorap-de5832|LOT-20260506-651F-009|r0_c0|rep0,LOT-20260506-651F-009:A1:R0,germ-germinadorap-de5832,LOT-20260506-651F-009,A1,0,0,0,Betabel,,c4,desarrollo_normal,2026-05-10 16:09:40,4676,manual,2026-05-12 13:49:29,2026-05-06 21:07:49,136.69,6,cg_1778593767007_2,5244,cam2_20260512_074928.jpg,crops/cam2_20260512_074928_r0_c0.jpg,5246,cam2_20260512_074931.jpg,crops/cam2_20260512_074931_r0_c0.jpg,11350,29,,50,0.6,0,0,0,0,0,0.0,0.0,3907.0,106.0,70.9,11.8,1.8,0.3,,2026-05-12 13:49:33
germ-germinadorap-de5832|LOT-20260506-651F-009|r0_c0|rep0,LOT-20260506-651F-009:A1:R0,germ-germinadorap-de5832,LOT-20260506-651F-009,A1,0,0,0,Betabel,,c4,desarrollo_normal,2026-05-10 16:09:40,4676,manual,2026-05-12 14:04:31,2026-05-06 21:07:49,136.94,6,cg_1778594669256_2,5252,cam2_20260512_080430.jpg,crops/cam2_20260512_080430_r0_c0.jpg,5254,cam2_20260512_080433.jpg,crops/cam2_20260512_080433_r0_c0.jpg,11362,29,,50,0.6,0,0,0,0,0,0.0,0.0,3911.0,106.0,71.2,11.9,1.8,0.3,,2026-05-12 14:04:35
germ-germinadorap-de5832|LOT-20260506-651F-009|r0_c0|rep0,LOT-20260506-651F-009:A1:R0,germ-germinadorap-de5832,LOT-20260506-651F-009,A1,0,0,0,Betabel,,c4,desarrollo_normal,2026-05-10 16:09:40,4676,manual,2026-05-12 14:19:31,2026-05-06 21:07:49,137.19,6,cg_1778595569280_2,5256,cam2_20260512_081930.jpg,crops/cam2_20260512_081930_r0_c0.jpg,5258,cam2_20260512_081933.jpg,crops/cam2_20260512_081933_r0_c0.jpg,11374,29,,50,0.6,0,0,0,0,0,0.0,0.0,3926.0,106.0,71.4,11.9,1.8,0.3,,2026-05-12 14:19:35
germ-germinadorap-de5832|LOT-20260506-651F-009|r0_c0|rep0,LOT-20260506-651F-009:A1:R0,germ-germinadorap-de5832,LOT-20260506-651F-009,A1,0,0,0,Betabel,,c4,desarrollo_normal,2026-05-10 16:09:40,4676,manual,2026-05-12 14:34:31,2026-05-06 21:07:49,137.44,6,cg_1778596469295_2,5260,cam2_20260512_083430.jpg,crops/cam2_20260512_083430_r0_c0.jpg,5262,cam2_20260512_083434.jpg,crops/cam2_20260512_083434_r0_c0.jpg,11386,29,,50,0.6,0,0,0,0,0,0.0,0.0,3941.0,106.0,71.7,11.9,1.8,0.3,,2026-05-12 14:34:35
germ-germinadorap-de5832|LOT-20260506-651F-009|r0_c0|rep0,LOT-20260506-651F-009:A1:R0,germ-germinadorap-de5832,LOT-20260506-651F-009,A1,0,0,0,Betabel,,c4,desarrollo_normal,2026-05-10 16:09:40,4676,manual,2026-05-12 14:49:31,2026-05-06 21:07:49,137.69,6,cg_1778597369299_2,5264,cam2_20260512_084930.jpg,crops/cam2_20260512_084930_r0_c0.jpg,5266,cam2_20260512_084933.jpg,crops/cam2_20260512_084933_r0_c0.jpg,11398,29,,50,0.5,0,0,0,0,0,0.0,0.0,3956.0,106.0,71.9,12.0,1.8,0.3,,2026-05-12 14:49:35
germ-germinadorap-de5832|LOT-20260506-651F-009|r0_c0|rep0,LOT-20260506-651F-009:A1:R0,germ-germinadorap-de5832,LOT-20260506-651F-009,A1,0,0,0,Betabel,,c4,desarrollo_normal,2026-05-10 16:09:40,4676,manual,2026-05-12 15:04:31,2026-05-06 21:07:49,137.94,6,cg_1778598269400_2,5268,cam2_20260512_090430.jpg,crops/cam2_20260512_090430_r0_c0.jpg,5270,cam2_20260512_090433.jpg,crops/cam2_20260512_090433_r0_c0.jpg,11410,29,,50,0.5,0,0,0,0,0,0.0,0.0,3970.0,106.0,72.2,12.0,1.8,0.3,,2026-05-12 15:04:35
germ-germinadorap-de5832|LOT-20260506-651F-009|r0_c0|rep0,LOT-20260506-651F-009:A1:R0,germ-germinadorap-de5832,LOT-20260506-651F-009,A1,0,0,0,Betabel,,c4,desarrollo_normal,2026-05-10 16:09:40,4676,manual,2026-05-12 15:19:31,2026-05-06 21:07:49,138.19,6,cg_1778599169470_2,5272,cam2_20260512_091930.jpg,crops/cam2_20260512_091930_r0_c0.jpg,5274,cam2_20260512_091933.jpg,crops/cam2_20260512_091933_r0_c0.jpg,11422,29,,50,0.5,0,0,0,0,0,0.0,0.0,3985.0,106.0,72.4,12.1,1.8,0.3,,2026-05-12 15:19:35
germ-germinadorap-de5832|LOT-20260506-651F-009|r0_c0|rep0,LOT-20260506-651F-009:A1:R0,germ-germinadorap-de5832,LOT-20260506-651F-009,A1,0,0,0,Betabel,,c4,desarrollo_normal,2026-05-10 16:09:40,4676,manual,2026-05-12 15:34:31,2026-05-06 21:07:49,138.44,6,cg_1778600069566_2,5276,cam2_20260512_093431.jpg,crops/cam2_20260512_093431_r0_c0.jpg,5278,cam2_20260512_093434.jpg,crops/cam2_20260512_093434_r0_c0.jpg,11434,29,,50,0.5,0,0,0,0,0,0.0,0.0,4000.0,106.0,72.7,12.1,1.8,0.3,,2026-05-12 15:34:35
germ-germinadorap-de5832|LOT-20260506-651F-009|r0_c0|rep0,LOT-20260506-651F-009:A1:R0,germ-germinadorap-de5832,LOT-20260506-651F-009,A1,0,0,0,Betabel,,c4,desarrollo_normal,2026-05-10 16:09:40,4676,manual,2026-05-12 15:49:31,2026-05-06 21:07:49,138.69,6,cg_1778600969565_2,5280,cam2_20260512_094931.jpg,crops/cam2_20260512_094931_r0_c0.jpg,5282,cam2_20260512_094934.jpg,crops/cam2_20260512_094934_r0_c0.jpg,11446,29,,50,0.5,0,0,0,0,0,0.0,0.0,4015.0,106.0,72.9,12.2,1.8,0.3,,2026-05-12 15:49:35
germ-germinadorap-de5832|LOT-20260506-651F-009|r0_c0|rep0,LOT-20260506-651F-009:A1:R0,germ-germinadorap-de5832,LOT-20260506-651F-009,A1,0,0,0,Betabel,,c4,desarrollo_normal,2026-05-10 16:09:40,4676,manual,2026-05-12 16:04:31,2026-05-06 21:07:49,138.94,6,cg_1778601869572_2,5284,cam2_20260512_100431.jpg,crops/cam2_20260512_100431_r0_c0.jpg,5286,cam2_20260512_100434.jpg,crops/cam2_20260512_100434_r0_c0.jpg,11458,29,,50,0.5,0,0,0,0,0,0.0,0.0,4030.0,106.0,73.2,12.2,1.8,0.3,,2026-05-12 16:04:35
germ-germinadorap-de5832|LOT-20260506-651F-009|r0_c0|rep0,LOT-20260506-651F-009:A1:R0,germ-germinadorap-de5832,LOT-20260506-651F-009,A1,0,0,0,Betabel,,c4,desarrollo_normal,2026-05-10 16:09:40,4676,manual,2026-05-12 16:19:31,2026-05-06 21:07:49,139.19,6,cg_1778602769574_2,5288,cam2_20260512_101931.jpg,crops/cam2_20260512_101931_r0_c0.jpg,5290,cam2_20260512_101934.jpg,crops/cam2_20260512_101934_r0_c0.jpg,11470,29,,50,0.5,0,0,0,0,0,0.0,0.0,4045.0,106.0,73.4,12.2,1.8,0.3,,2026-05-12 16:19:35
germ-germinadorap-de5832|LOT-20260506-651F-009|r0_c0|rep0,LOT-20260506-651F-009:A1:R0,germ-germinadorap-de5832,LOT-20260506-651F-009,A1,0,0,0,Betabel,,c4,desarrollo_normal,2026-05-10 16:09:40,4676,manual,2026-05-12 16:34:31,2026-05-06 21:07:49,139.44,6,cg_1778603669581_2,5293,cam2_20260512_103431.jpg,crops/cam2_20260512_103431_r0_c0.jpg,5295,cam2_20260512_103436.jpg,crops/cam2_20260512_103436_r0_c0.jpg,11489,29,,50,0.5,0,0,0,0,0,0.0,0.0,4060.0,106.0,73.7,12.3,1.8,0.3,,2026-05-12 16:34:38
germ-germinadorap-de5832|LOT-20260506-651F-009|r0_c0|rep0,LOT-20260506-651F-009:A1:R0,germ-germinadorap-de5832,LOT-20260506-651F-009,A1,0,0,0,Betabel,,c4,desarrollo_normal,2026-05-10 16:09:40,4676,manual,2026-05-12 16:49:31,2026-05-06 21:07:49,139.69,6,cg_1778604569580_2,5296,cam2_20260512_104931.jpg,crops/cam2_20260512_104931_r0_c0.jpg,5298,cam2_20260512_104934.jpg,crops/cam2_20260512_104934_r0_c0.jpg,11494,29,,50,0.5,0,0,0,0,0,0.0,0.0,4075.0,106.0,73.9,12.3,1.8,0.3,,2026-05-12 16:49:35
germ-germinadorap-de5832|LOT-20260506-651F-009|r0_c0|rep0,LOT-20260506-651F-009:A1:R0,germ-germinadorap-de5832,LOT-20260506-651F-009,A1,0,0,0,Betabel,,c4,desarrollo_normal,2026-05-10 16:09:40,4676,manual,2026-05-12 17:04:31,2026-05-06 21:07:49,139.94,6,cg_1778605469582_2,5300,cam2_20260512_110431.jpg,crops/cam2_20260512_110431_r0_c0.jpg,5302,cam2_20260512_110434.jpg,crops/cam2_20260512_110434_r0_c0.jpg,11506,29,,50,0.4,0,0,0,0,0,0.0,0.0,4090.0,106.0,74.2,12.4,1.8,0.3,,2026-05-12 17:04:35
germ-germinadorap-de5832|LOT-20260506-651F-009|r0_c0|rep0,LOT-20260506-651F-009:A1:R0,germ-germinadorap-de5832,LOT-20260506-651F-009,A1,0,0,0,Betabel,,c4,desarrollo_normal,2026-05-10 16:09:40,4676,manual,2026-05-12 17:19:31,2026-05-06 21:07:49,140.19,6,cg_1778606369586_2,5304,cam2_20260512_111931.jpg,crops/cam2_20260512_111931_r0_c0.jpg,5306,cam2_20260512_111934.jpg,crops/cam2_20260512_111934_r0_c0.jpg,11518,29,,50,0.4,0,0,0,0,0,0.0,0.0,4105.0,106.0,74.4,12.4,1.8,0.3,,2026-05-12 17:19:35
germ-germinadorap-de5832|LOT-20260506-651F-009|r0_c0|rep0,LOT-20260506-651F-009:A1:R0,germ-germinadorap-de5832,LOT-20260506-651F-009,A1,0,0,0,Betabel,,c4,desarrollo_normal,2026-05-10 16:09:40,4676,manual,2026-05-12 17:34:31,2026-05-06 21:07:49,140.44,6,cg_1778607269586_2,5308,cam2_20260512_113431.jpg,crops/cam2_20260512_113431_r0_c0.jpg,5310,cam2_20260512_113434.jpg,crops/cam2_20260512_113434_r0_c0.jpg,11530,29,,50,0.4,0,0,0,0,0,0.0,0.0,4120.0,106.0,74.7,12.4,1.8,0.3,,2026-05-12 17:34:35
germ-germinadorap-de5832|LOT-20260506-651F-009|r0_c0|rep0,LOT-20260506-651F-009:A1:R0,germ-germinadorap-de5832,LOT-20260506-651F-009,A1,0,0,0,Betabel,,c4,desarrollo_normal,2026-05-10 16:09:40,4676,manual,2026-05-12 17:49:32,2026-05-06 21:07:49,140.70,6,cg_1778608169587_2,5312,cam2_20260512_114931.jpg,crops/cam2_20260512_114931_r0_c0.jpg,5314,cam2_20260512_114934.jpg,crops/cam2_20260512_114934_r0_c0.jpg,11542,29,,50,0.4,0,0,0,0,0,0.0,0.0,4134.0,106.0,74.9,12.5,1.8,0.3,,2026-05-12 17:49:35
germ-germinadorap-de5832|LOT-20260506-651F-009|r0_c0|rep0,LOT-20260506-651F-009:A1:R0,germ-germinadorap-de5832,LOT-20260506-651F-009,A1,0,0,0,Betabel,,c4,desarrollo_normal,2026-05-10 16:09:40,4676,manual,2026-05-12 18:04:31,2026-05-06 21:07:49,140.94,6,cg_1778609069592_2,5316,cam2_20260512_120431.jpg,crops/cam2_20260512_120431_r0_c0.jpg,5318,cam2_20260512_120434.jpg,crops/cam2_20260512_120434_r0_c0.jpg,11554,29,,50,0.4,0,0,0,0,0,0.0,0.0,4149.0,106.0,75.2,12.5,1.8,0.3,,2026-05-12 18:04:35
germ-germinadorap-de5832|LOT-20260506-651F-009|r0_c0|rep0,LOT-20260506-651F-009:A1:R0,germ-germinadorap-de5832,LOT-20260506-651F-009,A1,0,0,0,Betabel,,c4,desarrollo_normal,2026-05-10 16:09:40,4676,manual,2026-05-12 18:19:31,2026-05-06 21:07:49,141.19,6,cg_1778609969597_2,5320,cam2_20260512_121931.jpg,crops/cam2_20260512_121931_r0_c0.jpg,5322,cam2_20260512_121934.jpg,crops/cam2_20260512_121934_r0_c0.jpg,11566,29,,50,0.4,0,0,0,0,0,0.0,0.0,4164.0,106.0,75.4,12.6,1.8,0.3,,2026-05-12 18:19:35
germ-germinadorap-de5832|LOT-20260506-651F-009|r0_c0|rep0,LOT-20260506-651F-009:A1:R0,germ-germinadorap-de5832,LOT-20260506-651F-009,A1,0,0,0,Betabel,,c4,desarrollo_normal,2026-05-10 16:09:40,4676,manual,2026-05-12 18:34:31,2026-05-06 21:07:49,141.44,6,cg_1778610869600_2,5324,cam2_20260512_123431.jpg,crops/cam2_20260512_123431_r0_c0.jpg,5326,cam2_20260512_123434.jpg,crops/cam2_20260512_123434_r0_c0.jpg,11578,29,,50,0.4,0,0,0,0,0,0.0,0.0,4179.0,106.0,75.7,12.6,1.8,0.3,,2026-05-12 18:34:35
germ-germinadorap-de5832|LOT-20260506-651F-009|r0_c0|rep0,LOT-20260506-651F-009:A1:R0,germ-germinadorap-de5832,LOT-20260506-651F-009,A1,0,0,0,Betabel,,c4,desarrollo_normal,2026-05-10 16:09:40,4676,manual,2026-05-12 18:49:31,2026-05-06 21:07:49,141.69,6,cg_1778611769615_2,5328,cam2_20260512_124931.jpg,crops/cam2_20260512_124931_r0_c0.jpg,5330,cam2_20260512_124934.jpg,crops/cam2_20260512_124934_r0_c0.jpg,11590,29,,50,0.4,0,0,0,0,0,0.0,0.0,4194.0,106.0,75.9,12.7,1.8,0.3,,2026-05-12 18:49:35
germ-germinadorap-de5832|LOT-20260506-651F-009|r0_c0|rep0,LOT-20260506-651F-009:A1:R0,germ-germinadorap-de5832,LOT-20260506-651F-009,A1,0,0,0,Betabel,,c4,desarrollo_normal,2026-05-10 16:09:40,4676,manual,2026-05-12 19:04:31,2026-05-06 21:07:49,141.94,6,cg_1778612669614_2,5332,cam2_20260512_130431.jpg,crops/cam2_20260512_130431_r0_c0.jpg,5334,cam2_20260512_130434.jpg,crops/cam2_20260512_130434_r0_c0.jpg,11602,29,,50,0.4,0,0,0,0,0,0.0,0.0,4209.0,106.0,76.1,12.7,1.8,0.3,,2026-05-12 19:04:35
germ-germinadorap-de5832|LOT-20260506-651F-009|r0_c0|rep0,LOT-20260506-651F-009:A1:R0,germ-germinadorap-de5832,LOT-20260506-651F-009,A1,0,0,0,Betabel,,c4,desarrollo_normal,2026-05-10 16:09:40,4676,manual,2026-05-12 19:19:31,2026-05-06 21:07:49,142.19,6,cg_1778613569622_2,5336,cam2_20260512_131931.jpg,crops/cam2_20260512_131931_r0_c0.jpg,5338,cam2_20260512_131934.jpg,crops/cam2_20260512_131934_r0_c0.jpg,11614,29,,50,0.3,0,0,0,0,0,0.0,0.0,4224.0,106.0,76.4,12.7,1.8,0.3,,2026-05-12 19:19:35
germ-germinadorap-de5832|LOT-20260506-651F-009|r0_c0|rep0,LOT-20260506-651F-009:A1:R0,germ-germinadorap-de5832,LOT-20260506-651F-009,A1,0,0,0,Betabel,,c4,desarrollo_normal,2026-05-10 16:09:40,4676,manual,2026-05-12 19:34:31,2026-05-06 21:07:49,142.44,6,cg_1778614469638_2,5340,cam2_20260512_133431.jpg,crops/cam2_20260512_133431_r0_c0.jpg,5342,cam2_20260512_133434.jpg,crops/cam2_20260512_133434_r0_c0.jpg,11626,29,,50,0.3,0,0,0,0,0,0.0,0.0,4239.0,106.0,76.6,12.8,1.8,0.3,,2026-05-12 19:34:35
germ-germinadorap-de5832|LOT-20260506-651F-009|r0_c0|rep0,LOT-20260506-651F-009:A1:R0,germ-germinadorap-de5832,LOT-20260506-651F-009,A1,0,0,0,Betabel,,c4,desarrollo_normal,2026-05-10 16:09:40,4676,manual,2026-05-12 19:49:31,2026-05-06 21:07:49,142.69,6,cg_1778615369651_2,5344,cam2_20260512_134931.jpg,crops/cam2_20260512_134931_r0_c0.jpg,5346,cam2_20260512_134934.jpg,crops/cam2_20260512_134934_r0_c0.jpg,11638,29,,50,0.3,0,0,0,0,0,0.0,0.0,4254.0,106.0,76.9,12.8,1.8,0.3,,2026-05-12 19:49:35
germ-germinadorap-de5832|LOT-20260506-651F-009|r0_c0|rep0,LOT-20260506-651F-009:A1:R0,germ-germinadorap-de5832,LOT-20260506-651F-009,A1,0,0,0,Betabel,,c4,desarrollo_normal,2026-05-10 16:09:40,4676,manual,2026-05-12 20:04:31,2026-05-06 21:07:49,142.94,6,cg_1778616269662_2,5348,cam2_20260512_140431.jpg,crops/cam2_20260512_140431_r0_c0.jpg,5350,cam2_20260512_140434.jpg,crops/cam2_20260512_140434_r0_c0.jpg,11650,29,,50,0.3,0,0,0,0,0,0.0,0.0,4269.0,106.0,77.1,12.8,1.8,0.3,,2026-05-12 20:04:35
germ-germinadorap-de5832|LOT-20260506-651F-009|r0_c0|rep0,LOT-20260506-651F-009:A1:R0,germ-germinadorap-de5832,LOT-20260506-651F-009,A1,0,0,0,Betabel,,c4,desarrollo_normal,2026-05-10 16:09:40,4676,manual,2026-05-12 20:19:31,2026-05-06 21:07:49,143.19,6,cg_1778617169665_2,5352,cam2_20260512_141931.jpg,crops/cam2_20260512_141931_r0_c0.jpg,5354,cam2_20260512_141934.jpg,crops/cam2_20260512_141934_r0_c0.jpg,11662,29,,50,0.2,0,0,0,0,0,0.0,0.0,4284.0,106.0,77.1,12.8,1.8,0.3,,2026-05-12 20:19:35
germ-germinadorap-de5832|LOT-20260506-651F-009|r0_c0|rep0,LOT-20260506-651F-009:A1:R0,germ-germinadorap-de5832,LOT-20260506-651F-009,A1,0,0,0,Betabel,,c4,desarrollo_normal,2026-05-10 16:09:40,4676,manual,2026-05-12 20:34:31,2026-05-06 21:07:49,143.44,6,cg_1778618069674_2,5356,cam2_20260512_143431.jpg,crops/cam2_20260512_143431_r0_c0.jpg,5358,cam2_20260512_143434.jpg,crops/cam2_20260512_143434_r0_c0.jpg,11674,29,,50,0.2,0,0,0,0,0,0.0,0.0,4298.0,106.0,77.1,12.8,1.8,0.3,,2026-05-12 20:34:35
germ-germinadorap-de5832|LOT-20260506-651F-009|r0_c0|rep0,LOT-20260506-651F-009:A1:R0,germ-germinadorap-de5832,LOT-20260506-651F-009,A1,0,0,0,Betabel,,c4,desarrollo_normal,2026-05-10 16:09:40,4676,manual,2026-05-12 20:49:31,2026-05-06 21:07:49,143.69,6,cg_1778618969690_2,5360,cam2_20260512_144931.jpg,crops/cam2_20260512_144931_r0_c0.jpg,5362,cam2_20260512_144934.jpg,crops/cam2_20260512_144934_r0_c0.jpg,11686,29,,50,0.2,0,0,0,0,0,0.0,0.0,4313.0,106.0,77.1,12.8,1.8,0.3,,2026-05-12 20:49:35
germ-germinadorap-de5832|LOT-20260506-651F-009|r0_c0|rep0,LOT-20260506-651F-009:A1:R0,germ-germinadorap-de5832,LOT-20260506-651F-009,A1,0,0,0,Betabel,,c4,desarrollo_normal,2026-05-10 16:09:40,4676,manual,2026-05-12 21:04:31,2026-05-06 21:07:49,143.94,6,cg_1778619869697_2,5364,cam2_20260512_150431.jpg,crops/cam2_20260512_150431_r0_c0.jpg,5366,cam2_20260512_150434.jpg,crops/cam2_20260512_150434_r0_c0.jpg,11698,29,,50,0.1,0,0,0,0,0,0.0,0.0,4328.0,106.0,77.1,12.8,1.8,0.3,,2026-05-12 21:04:35
germ-germinadorap-de5832|LOT-20260506-651F-009|r0_c0|rep0,LOT-20260506-651F-009:A1:R0,germ-germinadorap-de5832,LOT-20260506-651F-009,A1,0,0,0,Betabel,,c4,desarrollo_normal,2026-05-10 16:09:40,4676,manual,2026-05-12 21:19:31,2026-05-06 21:07:49,144.19,7,cg_1778620769714_2,5368,cam2_20260512_151931.jpg,crops/cam2_20260512_151931_r0_c0.jpg,5370,cam2_20260512_151934.jpg,crops/cam2_20260512_151934_r0_c0.jpg,11710,29,,50,0.2,0,0,0,0,0,0.0,0.0,4343.0,106.0,77.1,11.0,1.8,0.3,,2026-05-12 21:19:35
germ-germinadorap-de5832|LOT-20260506-651F-009|r0_c0|rep0,LOT-20260506-651F-009:A1:R0,germ-germinadorap-de5832,LOT-20260506-651F-009,A1,0,0,0,Betabel,,c4,desarrollo_normal,2026-05-10 16:09:40,4676,manual,2026-05-12 21:34:32,2026-05-06 21:07:49,144.45,7,cg_1778621669714_2,5372,cam2_20260512_153431.jpg,crops/cam2_20260512_153431_r0_c0.jpg,5374,cam2_20260512_153434.jpg,crops/cam2_20260512_153434_r0_c0.jpg,11722,29,,50,0.1,0,0,0,0,0,0.0,0.0,4358.0,106.0,77.1,11.0,1.8,0.3,,2026-05-12 21:34:35
germ-germinadorap-de5832|LOT-20260506-651F-009|r0_c0|rep0,LOT-20260506-651F-009:A1:R0,germ-germinadorap-de5832,LOT-20260506-651F-009,A1,0,0,0,Betabel,,c4,desarrollo_normal,2026-05-10 16:09:40,4676,manual,2026-05-12 21:49:32,2026-05-06 21:07:49,144.70,7,cg_1778622569721_2,5376,cam2_20260512_154931.jpg,crops/cam2_20260512_154931_r0_c0.jpg,5378,cam2_20260512_154934.jpg,crops/cam2_20260512_154934_r0_c0.jpg,11734,29,,50,0.1,0,0,0,0,0,0.0,0.0,4373.0,106.0,77.1,11.0,1.8,0.3,,2026-05-12 21:49:35
germ-germinadorap-de5832|LOT-20260506-651F-009|r0_c0|rep0,LOT-20260506-651F-009:A1:R0,germ-germinadorap-de5832,LOT-20260506-651F-009,A1,0,0,0,Betabel,,c4,desarrollo_normal,2026-05-10 16:09:40,4676,manual,2026-05-12 22:04:32,2026-05-06 21:07:49,144.95,7,cg_1778623469731_2,5380,cam2_20260512_160431.jpg,crops/cam2_20260512_160431_r0_c0.jpg,5382,cam2_20260512_160434.jpg,crops/cam2_20260512_160434_r0_c0.jpg,11746,29,,50,0.1,0,0,0,0,0,0.0,0.0,4388.0,106.0,77.1,11.0,1.8,0.3,,2026-05-12 22:04:35
germ-germinadorap-de5832|LOT-20260506-651F-009|r0_c0|rep0,LOT-20260506-651F-009:A1:R0,germ-germinadorap-de5832,LOT-20260506-651F-009,A1,0,0,0,Betabel,,c4,desarrollo_normal,2026-05-10 16:09:40,4676,manual,2026-05-12 22:19:31,2026-05-06 21:07:49,145.19,7,cg_1778624369742_2,5384,cam2_20260512_161931.jpg,crops/cam2_20260512_161931_r0_c0.jpg,5386,cam2_20260512_161934.jpg,crops/cam2_20260512_161934_r0_c0.jpg,11758,29,,50,0.1,0,0,0,0,0,0.0,0.0,4403.0,106.0,77.1,11.0,1.8,0.3,,2026-05-12 22:19:35
germ-germinadorap-de5832|LOT-20260506-651F-009|r0_c0|rep0,LOT-20260506-651F-009:A1:R0,germ-germinadorap-de5832,LOT-20260506-651F-009,A1,0,0,0,Betabel,,c4,desarrollo_normal,2026-05-10 16:09:40,4676,manual,2026-05-12 22:34:31,2026-05-06 21:07:49,145.44,7,cg_1778625269754_2,5388,cam2_20260512_163431.jpg,crops/cam2_20260512_163431_r0_c0.jpg,5390,cam2_20260512_163434.jpg,crops/cam2_20260512_163434_r0_c0.jpg,11770,29,,50,0,0,0,0,0,0,0.0,0.0,4418.0,106.0,77.1,11.0,1.8,0.3,,2026-05-12 22:34:35
germ-germinadorap-de5832|LOT-20260506-651F-009|r0_c0|rep0,LOT-20260506-651F-009:A1:R0,germ-germinadorap-de5832,LOT-20260506-651F-009,A1,0,0,0,Betabel,,c4,desarrollo_normal,2026-05-10 16:09:40,4676,manual,2026-05-12 22:49:32,2026-05-06 21:07:49,145.70,7,cg_1778626169813_2,5392,cam2_20260512_164932.jpg,crops/cam2_20260512_164932_r0_c0.jpg,5394,cam2_20260512_164935.jpg,crops/cam2_20260512_164935_r0_c0.jpg,11782,29,,50,0.1,0,0,0,0,0,0.0,0.0,4433.0,106.0,77.1,11.0,1.8,0.3,,2026-05-12 22:49:37
germ-germinadorap-de5832|LOT-20260506-651F-009|r0_c0|rep0,LOT-20260506-651F-009:A1:R0,germ-germinadorap-de5832,LOT-20260506-651F-009,A1,0,0,0,Betabel,,c4,desarrollo_normal,2026-05-10 16:09:40,4676,manual,2026-05-12 23:04:32,2026-05-06 21:07:49,145.95,7,cg_1778627069859_2,5396,cam2_20260512_170431.jpg,crops/cam2_20260512_170431_r0_c0.jpg,5398,cam2_20260512_170434.jpg,crops/cam2_20260512_170434_r0_c0.jpg,11794,29,,50,0.1,0,0,0,0,0,0.0,0.0,4448.0,106.0,77.1,11.0,1.8,0.3,,2026-05-12 23:04:35
germ-germinadorap-de5832|LOT-20260506-651F-009|r0_c0|rep0,LOT-20260506-651F-009:A1:R0,germ-germinadorap-de5832,LOT-20260506-651F-009,A1,0,0,0,Betabel,,c4,desarrollo_normal,2026-05-10 16:09:40,4676,manual,2026-05-12 23:19:32,2026-05-06 21:07:49,146.20,7,cg_1778627969835_2,5400,cam2_20260512_171931.jpg,crops/cam2_20260512_171931_r0_c0.jpg,5402,cam2_20260512_171934.jpg,crops/cam2_20260512_171934_r0_c0.jpg,11806,29,,50,0.1,0,0,0,0,0,0.0,0.0,4463.0,106.0,77.1,11.0,1.8,0.3,,2026-05-12 23:19:35
germ-germinadorap-de5832|LOT-20260506-651F-009|r0_c0|rep0,LOT-20260506-651F-009:A1:R0,germ-germinadorap-de5832,LOT-20260506-651F-009,A1,0,0,0,Betabel,,c4,desarrollo_normal,2026-05-10 16:09:40,4676,manual,2026-05-12 23:34:32,2026-05-06 21:07:49,146.45,7,cg_1778628869842_2,5404,cam2_20260512_173431.jpg,crops/cam2_20260512_173431_r0_c0.jpg,5406,cam2_20260512_173434.jpg,crops/cam2_20260512_173434_r0_c0.jpg,11818,29,,50,0.1,0,0,0,0,0,0.0,0.0,4477.0,106.0,77.1,11.0,1.8,0.3,,2026-05-12 23:34:35
germ-germinadorap-de5832|LOT-20260506-651F-009|r0_c0|rep0,LOT-20260506-651F-009:A1:R0,germ-germinadorap-de5832,LOT-20260506-651F-009,A1,0,0,0,Betabel,,c4,desarrollo_normal,2026-05-10 16:09:40,4676,manual,2026-05-12 23:49:32,2026-05-06 21:07:49,146.70,7,cg_1778629769858_2,5408,cam2_20260512_174931.jpg,crops/cam2_20260512_174931_r0_c0.jpg,5410,cam2_20260512_174934.jpg,crops/cam2_20260512_174934_r0_c0.jpg,11830,29,,50,0.1,0,0,0,0,0,0.0,0.0,4492.0,106.0,77.1,11.0,1.8,0.3,,2026-05-12 23:49:35
germ-germinadorap-de5832|LOT-20260506-651F-009|r0_c0|rep0,LOT-20260506-651F-009:A1:R0,germ-germinadorap-de5832,LOT-20260506-651F-009,A1,0,0,0,Betabel,,c4,desarrollo_normal,2026-05-10 16:09:40,4676,manual,2026-05-13 00:04:32,2026-05-06 21:07:49,146.95,7,cg_1778630669870_2,5412,cam2_20260512_180431.jpg,crops/cam2_20260512_180431_r0_c0.jpg,5414,cam2_20260512_180434.jpg,crops/cam2_20260512_180434_r0_c0.jpg,11842,29,,50,0.1,0,0,0,1,0,15.0,0.0,4507.0,106.0,77.1,11.0,1.8,0.3,,2026-05-13 00:04:35
germ-germinadorap-de5832|LOT-20260506-651F-009|r0_c0|rep0,LOT-20260506-651F-009:A1:R0,germ-germinadorap-de5832,LOT-20260506-651F-009,A1,0,0,0,Betabel,,c4,desarrollo_normal,2026-05-10 16:09:40,4676,manual,2026-05-13 00:19:32,2026-05-06 21:07:49,147.20,7,cg_1778631569890_2,5416,cam2_20260512_181931.jpg,crops/cam2_20260512_181931_r0_c0.jpg,5418,cam2_20260512_181934.jpg,crops/cam2_20260512_181934_r0_c0.jpg,11854,29,,50,0.1,0,0,0,0,0,0.0,0.0,4522.0,106.0,77.1,11.0,1.8,0.3,,2026-05-13 00:19:35
germ-germinadorap-de5832|LOT-20260506-651F-009|r0_c0|rep0,LOT-20260506-651F-009:A1:R0,germ-germinadorap-de5832,LOT-20260506-651F-009,A1,0,0,0,Betabel,,c4,desarrollo_normal,2026-05-10 16:09:40,4676,manual,2026-05-13 00:34:32,2026-05-06 21:07:49,147.45,7,cg_1778632469906_2,5420,cam2_20260512_183431.jpg,crops/cam2_20260512_183431_r0_c0.jpg,5422,cam2_20260512_183434.jpg,crops/cam2_20260512_183434_r0_c0.jpg,11866,29,,50,0.1,0,0,0,0,0,0.0,0.0,4537.0,106.0,77.1,11.0,1.8,0.3,,2026-05-13 00:34:35
germ-germinadorap-de5832|LOT-20260506-651F-009|r0_c0|rep0,LOT-20260506-651F-009:A1:R0,germ-germinadorap-de5832,LOT-20260506-651F-009,A1,0,0,0,Betabel,,c4,desarrollo_normal,2026-05-10 16:09:40,4676,manual,2026-05-13 00:49:32,2026-05-06 21:07:49,147.70,7,cg_1778633369915_2,5424,cam2_20260512_184931.jpg,crops/cam2_20260512_184931_r0_c0.jpg,5426,cam2_20260512_184934.jpg,crops/cam2_20260512_184934_r0_c0.jpg,11878,29,,50,0.1,0,0,0,0,0,0.0,0.0,4552.0,106.0,77.1,11.0,1.8,0.3,,2026-05-13 00:49:35
germ-germinadorap-de5832|LOT-20260506-651F-009|r0_c0|rep0,LOT-20260506-651F-009:A1:R0,germ-germinadorap-de5832,LOT-20260506-651F-009,A1,0,0,0,Betabel,,c4,desarrollo_normal,2026-05-10 16:09:40,4676,manual,2026-05-13 01:04:32,2026-05-06 21:07:49,147.95,7,cg_1778634269935_2,5428,cam2_20260512_190431.jpg,crops/cam2_20260512_190431_r0_c0.jpg,5430,cam2_20260512_190434.jpg,crops/cam2_20260512_190434_r0_c0.jpg,11890,29,,50,0.1,0,0,0,0,0,0.0,0.0,4567.0,106.0,77.1,11.0,1.8,0.3,,2026-05-13 01:04:35
germ-germinadorap-de5832|LOT-20260506-651F-009|r0_c0|rep0,LOT-20260506-651F-009:A1:R0,germ-germinadorap-de5832,LOT-20260506-651F-009,A1,0,0,0,Betabel,,c4,desarrollo_normal,2026-05-10 16:09:40,4676,manual,2026-05-13 01:19:32,2026-05-06 21:07:49,148.20,7,cg_1778635169936_2,5432,cam2_20260512_191931.jpg,crops/cam2_20260512_191931_r0_c0.jpg,5434,cam2_20260512_191934.jpg,crops/cam2_20260512_191934_r0_c0.jpg,11902,29,,50,0,0,0,0,0,0,0.0,0.0,4582.0,106.0,77.1,11.0,1.8,0.3,,2026-05-13 01:19:35
germ-germinadorap-de5832|LOT-20260506-651F-009|r0_c0|rep0,LOT-20260506-651F-009:A1:R0,germ-germinadorap-de5832,LOT-20260506-651F-009,A1,0,0,0,Betabel,,c4,desarrollo_normal,2026-05-10 16:09:40,4676,manual,2026-05-13 01:34:32,2026-05-06 21:07:49,148.45,7,cg_1778636069950_2,5436,cam2_20260512_193431.jpg,crops/cam2_20260512_193431_r0_c0.jpg,5438,cam2_20260512_193434.jpg,crops/cam2_20260512_193434_r0_c0.jpg,11914,29,,50,0,0,0,0,0,0,0.0,0.0,4597.0,106.0,77.1,11.0,1.8,0.3,,2026-05-13 01:34:35
germ-germinadorap-de5832|LOT-20260506-651F-009|r0_c0|rep0,LOT-20260506-651F-009:A1:R0,germ-germinadorap-de5832,LOT-20260506-651F-009,A1,0,0,0,Betabel,,c4,desarrollo_normal,2026-05-10 16:09:40,4676,manual,2026-05-13 01:49:32,2026-05-06 21:07:49,148.70,7,cg_1778636969952_2,5444,cam2_20260512_194931.jpg,crops/cam2_20260512_194931_r0_c0.jpg,5446,cam2_20260512_194934.jpg,crops/cam2_20260512_194934_r0_c0.jpg,11926,29,,50,0.1,0,0,0,0,0,0.0,0.0,4612.0,106.0,77.3,11.0,1.8,0.3,,2026-05-13 01:49:35
germ-germinadorap-de5832|LOT-20260506-651F-009|r0_c0|rep0,LOT-20260506-651F-009:A1:R0,germ-germinadorap-de5832,LOT-20260506-651F-009,A1,0,0,0,Betabel,,c4,desarrollo_normal,2026-05-10 16:09:40,4676,manual,2026-05-13 02:04:32,2026-05-06 21:07:49,148.95,7,cg_1778637870001_2,5448,cam2_20260512_200431.jpg,crops/cam2_20260512_200431_r0_c0.jpg,5450,cam2_20260512_200434.jpg,crops/cam2_20260512_200434_r0_c0.jpg,11938,29,,50,0,0,0,0,0,0,0.0,0.0,4622.0,106.0,77.5,11.1,1.8,0.3,,2026-05-13 02:04:36
germ-germinadorap-de5832|LOT-20260506-651F-009|r0_c0|rep0,LOT-20260506-651F-009:A1:R0,germ-germinadorap-de5832,LOT-20260506-651F-009,A1,0,0,0,Betabel,,c4,desarrollo_normal,2026-05-10 16:09:40,4676,manual,2026-05-13 02:19:32,2026-05-06 21:07:49,149.20,7,cg_1778638770004_2,5452,cam2_20260512_201931.jpg,crops/cam2_20260512_201931_r0_c0.jpg,5454,cam2_20260512_201934.jpg,crops/cam2_20260512_201934_r0_c0.jpg,11950,29,,50,0,0,0,0,0,0,0.0,0.0,4622.0,106.0,77.8,11.1,1.8,0.3,,2026-05-13 02:19:36
germ-germinadorap-de5832|LOT-20260506-651F-009|r0_c0|rep0,LOT-20260506-651F-009:A1:R0,germ-germinadorap-de5832,LOT-20260506-651F-009,A1,0,0,0,Betabel,,c4,desarrollo_normal,2026-05-10 16:09:40,4676,manual,2026-05-13 02:34:32,2026-05-06 21:07:49,149.45,7,cg_1778639670016_2,5456,cam2_20260512_203431.jpg,crops/cam2_20260512_203431_r0_c0.jpg,5458,cam2_20260512_203434.jpg,crops/cam2_20260512_203434_r0_c0.jpg,11962,29,,50,0,0,0,0,0,0,0.0,0.0,4623.0,106.0,78.0,11.1,1.8,0.3,,2026-05-13 02:34:35
germ-germinadorap-de5832|LOT-20260506-651F-009|r0_c0|rep0,LOT-20260506-651F-009:A1:R0,germ-germinadorap-de5832,LOT-20260506-651F-009,A1,0,0,0,Betabel,,c4,desarrollo_normal,2026-05-10 16:09:40,4676,manual,2026-05-13 02:49:32,2026-05-06 21:07:49,149.70,7,cg_1778640570025_2,5464,cam2_20260512_204931.jpg,crops/cam2_20260512_204931_r0_c0.jpg,5466,cam2_20260512_204934.jpg,crops/cam2_20260512_204934_r0_c0.jpg,11974,29,,50,0,0,0,0,0,0,0.0,0.0,4623.0,106.0,78.3,11.2,1.8,0.3,,2026-05-13 02:49:36
germ-germinadorap-de5832|LOT-20260506-651F-009|r0_c0|rep0,LOT-20260506-651F-009:A1:R0,germ-germinadorap-de5832,LOT-20260506-651F-009,A1,0,0,0,Betabel,,c4,desarrollo_normal,2026-05-10 16:09:40,4676,manual,2026-05-13 03:04:32,2026-05-06 21:07:49,149.95,7,cg_1778641470035_2,5468,cam2_20260512_210431.jpg,crops/cam2_20260512_210431_r0_c0.jpg,5470,cam2_20260512_210434.jpg,crops/cam2_20260512_210434_r0_c0.jpg,11986,29,,50,0,0,0,0,0,0,0.0,0.0,4623.0,106.0,78.5,11.2,1.8,0.3,,2026-05-13 03:04:36
germ-germinadorap-de5832|LOT-20260506-651F-009|r0_c0|rep0,LOT-20260506-651F-009:A1:R0,germ-germinadorap-de5832,LOT-20260506-651F-009,A1,0,0,0,Betabel,,c4,desarrollo_normal,2026-05-10 16:09:40,4676,manual,2026-05-13 03:19:32,2026-05-06 21:07:49,150.20,7,cg_1778642370051_2,5472,cam2_20260512_211931.jpg,crops/cam2_20260512_211931_r0_c0.jpg,5474,cam2_20260512_211934.jpg,crops/cam2_20260512_211934_r0_c0.jpg,11998,29,,50,0,0,0,0,0,0,0.0,0.0,4623.0,106.0,78.8,11.3,1.8,0.3,,2026-05-13 03:19:36
germ-germinadorap-de5832|LOT-20260506-651F-009|r0_c0|rep0,LOT-20260506-651F-009:A1:R0,germ-germinadorap-de5832,LOT-20260506-651F-009,A1,0,0,0,Betabel,,c4,desarrollo_normal,2026-05-10 16:09:40,4676,manual,2026-05-13 03:34:32,2026-05-06 21:07:49,150.45,7,cg_1778643270065_2,5476,cam2_20260512_213431.jpg,crops/cam2_20260512_213431_r0_c0.jpg,5478,cam2_20260512_213434.jpg,crops/cam2_20260512_213434_r0_c0.jpg,12010,29,,50,0,0,0,0,0,0,0.0,0.0,4623.0,106.0,79.0,11.3,1.8,0.3,,2026-05-13 03:34:36
germ-germinadorap-de5832|LOT-20260506-651F-009|r0_c0|rep0,LOT-20260506-651F-009:A1:R0,germ-germinadorap-de5832,LOT-20260506-651F-009,A1,0,0,0,Betabel,,c4,desarrollo_normal,2026-05-10 16:09:40,4676,manual,2026-05-13 03:49:32,2026-05-06 21:07:49,150.70,7,cg_1778644170073_2,5480,cam2_20260512_214931.jpg,crops/cam2_20260512_214931_r0_c0.jpg,5482,cam2_20260512_214934.jpg,crops/cam2_20260512_214934_r0_c0.jpg,12022,29,,50,0,0,0,0,0,0,0.0,0.0,4623.0,106.0,79.3,11.3,1.8,0.3,,2026-05-13 03:49:36
germ-germinadorap-de5832|LOT-20260506-651F-009|r0_c0|rep0,LOT-20260506-651F-009:A1:R0,germ-germinadorap-de5832,LOT-20260506-651F-009,A1,0,0,0,Betabel,,c4,desarrollo_normal,2026-05-10 16:09:40,4676,manual,2026-05-13 04:04:32,2026-05-06 21:07:49,150.95,7,cg_1778645070077_2,5484,cam2_20260512_220431.jpg,crops/cam2_20260512_220431_r0_c0.jpg,5486,cam2_20260512_220434.jpg,crops/cam2_20260512_220434_r0_c0.jpg,12034,29,,50,0,0,0,0,0,0,0.0,0.0,4623.0,106.0,79.5,11.4,1.8,0.3,,2026-05-13 04:04:36
germ-germinadorap-de5832|LOT-20260506-651F-009|r0_c0|rep0,LOT-20260506-651F-009:A1:R0,germ-germinadorap-de5832,LOT-20260506-651F-009,A1,0,0,0,Betabel,,c4,desarrollo_normal,2026-05-10 16:09:40,4676,manual,2026-05-13 04:19:32,2026-05-06 21:07:49,151.20,7,cg_1778645970091_2,5488,cam2_20260512_221931.jpg,crops/cam2_20260512_221931_r0_c0.jpg,5490,cam2_20260512_221934.jpg,crops/cam2_20260512_221934_r0_c0.jpg,12046,29,,50,0,0,0,0,0,0,0.0,0.0,4623.0,106.0,79.8,11.4,1.8,0.3,,2026-05-13 04:19:36
germ-germinadorap-de5832|LOT-20260506-651F-009|r0_c0|rep0,LOT-20260506-651F-009:A1:R0,germ-germinadorap-de5832,LOT-20260506-651F-009,A1,0,0,0,Betabel,,c4,desarrollo_normal,2026-05-10 16:09:40,4676,manual,2026-05-13 04:34:32,2026-05-06 21:07:49,151.45,7,cg_1778646870110_2,5492,cam2_20260512_223431.jpg,crops/cam2_20260512_223431_r0_c0.jpg,5494,cam2_20260512_223434.jpg,crops/cam2_20260512_223434_r0_c0.jpg,12058,29,,50,0,0,0,0,0,0,0.0,0.0,4623.0,106.0,80.0,11.4,1.8,0.3,,2026-05-13 04:34:36
germ-germinadorap-de5832|LOT-20260506-651F-009|r0_c0|rep0,LOT-20260506-651F-009:A1:R0,germ-germinadorap-de5832,LOT-20260506-651F-009,A1,0,0,0,Betabel,,c4,desarrollo_normal,2026-05-10 16:09:40,4676,manual,2026-05-13 04:49:32,2026-05-06 21:07:49,151.70,7,cg_1778647770115_2,5497,cam2_20260512_224931.jpg,crops/cam2_20260512_224931_r0_c0.jpg,5499,cam2_20260512_224937.jpg,crops/cam2_20260512_224937_r0_c0.jpg,12077,29,,50,0,0,0,0,0,0,0.0,0.0,4623.0,106.0,80.3,11.5,1.8,0.3,,2026-05-13 04:49:38
germ-germinadorap-de5832|LOT-20260506-651F-009|r0_c0|rep0,LOT-20260506-651F-009:A1:R0,germ-germinadorap-de5832,LOT-20260506-651F-009,A1,0,0,0,Betabel,,c4,desarrollo_normal,2026-05-10 16:09:40,4676,manual,2026-05-13 05:04:35,2026-05-06 21:07:49,151.95,7,cg_1778648670124_2,5500,cam2_20260512_230434.jpg,crops/cam2_20260512_230434_r0_c0.jpg,5502,cam2_20260512_230437.jpg,crops/cam2_20260512_230437_r0_c0.jpg,12082,29,,50,0,0,0,0,0,0,0.0,0.0,4623.0,106.0,80.5,11.5,1.8,0.3,,2026-05-13 05:04:39
germ-germinadorap-de5832|LOT-20260506-651F-009|r0_c0|rep0,LOT-20260506-651F-009:A1:R0,germ-germinadorap-de5832,LOT-20260506-651F-009,A1,0,0,0,Betabel,,c4,desarrollo_normal,2026-05-10 16:09:40,4676,manual,2026-05-13 05:19:32,2026-05-06 21:07:49,152.20,7,cg_1778649570131_2,5504,cam2_20260512_231931.jpg,crops/cam2_20260512_231931_r0_c0.jpg,5506,cam2_20260512_231934.jpg,crops/cam2_20260512_231934_r0_c0.jpg,12094,29,,50,0,0,0,0,0,0,0.0,0.0,4623.0,106.0,80.8,11.5,1.8,0.3,,2026-05-13 05:19:36
germ-germinadorap-de5832|LOT-20260506-651F-009|r0_c0|rep0,LOT-20260506-651F-009:A1:R0,germ-germinadorap-de5832,LOT-20260506-651F-009,A1,0,0,0,Betabel,,c4,desarrollo_normal,2026-05-10 16:09:40,4676,manual,2026-05-13 05:34:32,2026-05-06 21:07:49,152.45,7,cg_1778650470134_2,5508,cam2_20260512_233431.jpg,crops/cam2_20260512_233431_r0_c0.jpg,5510,cam2_20260512_233434.jpg,crops/cam2_20260512_233434_r0_c0.jpg,12106,29,,50,0,0,0,0,0,0,0.0,0.0,4623.0,106.0,81.0,11.6,1.8,0.3,,2026-05-13 05:34:36
germ-germinadorap-de5832|LOT-20260506-651F-009|r0_c0|rep0,LOT-20260506-651F-009:A1:R0,germ-germinadorap-de5832,LOT-20260506-651F-009,A1,0,0,0,Betabel,,c4,desarrollo_normal,2026-05-10 16:09:40,4676,manual,2026-05-13 05:49:32,2026-05-06 21:07:49,152.70,7,cg_1778651370141_2,5512,cam2_20260512_234931.jpg,crops/cam2_20260512_234931_r0_c0.jpg,5514,cam2_20260512_234934.jpg,crops/cam2_20260512_234934_r0_c0.jpg,12118,29,,50,0,0,0,0,0,0,0.0,0.0,4623.0,106.0,81.3,11.6,1.8,0.3,,2026-05-13 05:49:36
germ-germinadorap-de5832|LOT-20260506-651F-009|r0_c0|rep0,LOT-20260506-651F-009:A1:R0,germ-germinadorap-de5832,LOT-20260506-651F-009,A1,0,0,0,Betabel,,c4,desarrollo_normal,2026-05-10 16:09:40,4676,manual,2026-05-13 06:04:32,2026-05-06 21:07:49,152.95,7,cg_1778652270152_2,5516,cam2_20260513_000431.jpg,crops/cam2_20260513_000431_r0_c0.jpg,5518,cam2_20260513_000434.jpg,crops/cam2_20260513_000434_r0_c0.jpg,12130,29,,50,0,0,0,0,0,0,0.0,0.0,4623.0,106.0,81.5,11.6,1.8,0.3,,2026-05-13 06:04:36
germ-germinadorap-de5832|LOT-20260506-651F-009|r0_c0|rep0,LOT-20260506-651F-009:A1:R0,germ-germinadorap-de5832,LOT-20260506-651F-009,A1,0,0,0,Betabel,,c4,desarrollo_normal,2026-05-10 16:09:40,4676,manual,2026-05-13 06:19:32,2026-05-06 21:07:49,153.20,7,cg_1778653170160_2,5520,cam2_20260513_001931.jpg,crops/cam2_20260513_001931_r0_c0.jpg,5522,cam2_20260513_001934.jpg,crops/cam2_20260513_001934_r0_c0.jpg,12142,29,,50,0,0,0,0,0,0,0.0,0.0,4623.0,106.0,81.8,11.7,1.8,0.3,,2026-05-13 06:19:36
germ-germinadorap-de5832|LOT-20260506-651F-009|r0_c0|rep0,LOT-20260506-651F-009:A1:R0,germ-germinadorap-de5832,LOT-20260506-651F-009,A1,0,0,0,Betabel,,c4,desarrollo_normal,2026-05-10 16:09:40,4676,manual,2026-05-13 06:34:32,2026-05-06 21:07:49,153.45,7,cg_1778654070166_2,5524,cam2_20260513_003431.jpg,crops/cam2_20260513_003431_r0_c0.jpg,5526,cam2_20260513_003434.jpg,crops/cam2_20260513_003434_r0_c0.jpg,12154,29,,50,0,0,0,0,0,0,0.0,0.0,4623.0,106.0,82.0,11.7,1.8,0.3,,2026-05-13 06:34:36
germ-germinadorap-de5832|LOT-20260506-651F-009|r0_c0|rep0,LOT-20260506-651F-009:A1:R0,germ-germinadorap-de5832,LOT-20260506-651F-009,A1,0,0,0,Betabel,,c4,desarrollo_normal,2026-05-10 16:09:40,4676,manual,2026-05-13 06:49:32,2026-05-06 21:07:49,153.70,7,cg_1778654970175_2,5528,cam2_20260513_004931.jpg,crops/cam2_20260513_004931_r0_c0.jpg,5530,cam2_20260513_004934.jpg,crops/cam2_20260513_004934_r0_c0.jpg,12166,29,,50,0,0,0,0,0,0,0.0,0.0,4623.0,106.0,82.3,11.8,1.8,0.3,,2026-05-13 06:49:36
germ-germinadorap-de5832|LOT-20260506-651F-009|r0_c0|rep0,LOT-20260506-651F-009:A1:R0,germ-germinadorap-de5832,LOT-20260506-651F-009,A1,0,0,0,Betabel,,c4,desarrollo_normal,2026-05-10 16:09:40,4676,manual,2026-05-13 07:04:32,2026-05-06 21:07:49,153.95,7,cg_1778655870188_2,5532,cam2_20260513_010431.jpg,crops/cam2_20260513_010431_r0_c0.jpg,5534,cam2_20260513_010434.jpg,crops/cam2_20260513_010434_r0_c0.jpg,12178,29,,50,0,0,0,0,0,0,0.0,0.0,4623.0,106.0,82.5,11.8,1.8,0.3,,2026-05-13 07:04:36
germ-germinadorap-de5832|LOT-20260506-651F-009|r0_c0|rep0,LOT-20260506-651F-009:A1:R0,germ-germinadorap-de5832,LOT-20260506-651F-009,A1,0,0,0,Betabel,,c4,desarrollo_normal,2026-05-10 16:09:40,4676,manual,2026-05-13 07:19:32,2026-05-06 21:07:49,154.20,7,cg_1778656770216_2,5536,cam2_20260513_011931.jpg,crops/cam2_20260513_011931_r0_c0.jpg,5538,cam2_20260513_011934.jpg,crops/cam2_20260513_011934_r0_c0.jpg,12190,29,,50,0,0,0,0,0,0,0.0,0.0,4623.0,106.0,82.5,11.8,1.8,0.3,,2026-05-13 07:19:36
germ-germinadorap-de5832|LOT-20260506-651F-009|r0_c0|rep0,LOT-20260506-651F-009:A1:R0,germ-germinadorap-de5832,LOT-20260506-651F-009,A1,0,0,0,Betabel,,c4,desarrollo_normal,2026-05-10 16:09:40,4676,manual,2026-05-13 07:34:32,2026-05-06 21:07:49,154.45,7,cg_1778657670220_2,5540,cam2_20260513_013431.jpg,crops/cam2_20260513_013431_r0_c0.jpg,5542,cam2_20260513_013434.jpg,crops/cam2_20260513_013434_r0_c0.jpg,12202,29,,50,0,0,0,0,0,0,0.0,0.0,4623.0,106.0,82.5,11.8,1.8,0.3,,2026-05-13 07:34:36
germ-germinadorap-de5832|LOT-20260506-651F-009|r0_c0|rep0,LOT-20260506-651F-009:A1:R0,germ-germinadorap-de5832,LOT-20260506-651F-009,A1,0,0,0,Betabel,,c4,desarrollo_normal,2026-05-10 16:09:40,4676,manual,2026-05-13 07:49:32,2026-05-06 21:07:49,154.70,7,cg_1778658570243_2,5544,cam2_20260513_014931.jpg,crops/cam2_20260513_014931_r0_c0.jpg,5546,cam2_20260513_014934.jpg,crops/cam2_20260513_014934_r0_c0.jpg,12214,29,,50,0,0,0,0,0,0,0.0,0.0,4635.0,106.0,82.5,11.8,1.8,0.3,,2026-05-13 07:49:36
germ-germinadorap-de5832|LOT-20260506-651F-009|r0_c0|rep0,LOT-20260506-651F-009:A1:R0,germ-germinadorap-de5832,LOT-20260506-651F-009,A1,0,0,0,Betabel,,c4,desarrollo_normal,2026-05-10 16:09:40,4676,manual,2026-05-13 08:04:32,2026-05-06 21:07:49,154.95,7,cg_1778659470242_2,5548,cam2_20260513_020431.jpg,crops/cam2_20260513_020431_r0_c0.jpg,5550,cam2_20260513_020434.jpg,crops/cam2_20260513_020434_r0_c0.jpg,12226,29,,50,0,0,0,0,0,0,0.0,0.0,4650.0,106.0,82.5,11.8,1.8,0.3,,2026-05-13 08:04:36
germ-germinadorap-de5832|LOT-20260506-651F-009|r0_c0|rep0,LOT-20260506-651F-009:A1:R0,germ-germinadorap-de5832,LOT-20260506-651F-009,A1,0,0,0,Betabel,,c4,desarrollo_normal,2026-05-10 16:09:40,4676,manual,2026-05-13 08:19:32,2026-05-06 21:07:49,155.20,7,cg_1778660370353_2,5552,cam2_20260513_021931.jpg,crops/cam2_20260513_021931_r0_c0.jpg,5554,cam2_20260513_021934.jpg,crops/cam2_20260513_021934_r0_c0.jpg,12238,29,,50,0,0,0,0,0,0,0.0,0.0,4665.0,106.0,82.5,11.8,1.8,0.3,,2026-05-13 08:19:36
germ-germinadorap-de5832|LOT-20260506-651F-009|r0_c0|rep0,LOT-20260506-651F-009:A1:R0,germ-germinadorap-de5832,LOT-20260506-651F-009,A1,0,0,0,Betabel,,c4,desarrollo_normal,2026-05-10 16:09:40,4676,manual,2026-05-13 08:34:32,2026-05-06 21:07:49,155.45,7,cg_1778661270352_2,5556,cam2_20260513_023431.jpg,crops/cam2_20260513_023431_r0_c0.jpg,5558,cam2_20260513_023434.jpg,crops/cam2_20260513_023434_r0_c0.jpg,12250,29,,50,0.1,0,0,0,0,0,0.0,0.0,4680.0,106.0,82.5,11.8,1.8,0.3,,2026-05-13 08:34:36
germ-germinadorap-de5832|LOT-20260506-651F-009|r0_c0|rep0,LOT-20260506-651F-009:A1:R0,germ-germinadorap-de5832,LOT-20260506-651F-009,A1,0,0,0,Betabel,,c4,desarrollo_normal,2026-05-10 16:09:40,4676,manual,2026-05-13 08:49:32,2026-05-06 21:07:49,155.70,7,cg_1778662170354_2,5560,cam2_20260513_024931.jpg,crops/cam2_20260513_024931_r0_c0.jpg,5562,cam2_20260513_024934.jpg,crops/cam2_20260513_024934_r0_c0.jpg,12262,29,,50,0,0,0,0,0,0,0.0,0.0,4695.0,106.0,82.5,11.8,1.8,0.3,,2026-05-13 08:49:36
germ-germinadorap-de5832|LOT-20260506-651F-009|r0_c0|rep0,LOT-20260506-651F-009:A1:R0,germ-germinadorap-de5832,LOT-20260506-651F-009,A1,0,0,0,Betabel,,c4,desarrollo_normal,2026-05-10 16:09:40,4676,manual,2026-05-13 09:04:32,2026-05-06 21:07:49,155.95,7,cg_1778663070358_2,5564,cam2_20260513_030431.jpg,crops/cam2_20260513_030431_r0_c0.jpg,5566,cam2_20260513_030435.jpg,crops/cam2_20260513_030435_r0_c0.jpg,12274,29,,50,0,0,0,0,0,0,0.0,0.0,4710.0,106.0,82.5,11.8,1.8,0.3,,2026-05-13 09:04:36
germ-germinadorap-de5832|LOT-20260506-651F-009|r0_c0|rep0,LOT-20260506-651F-009:A1:R0,germ-germinadorap-de5832,LOT-20260506-651F-009,A1,0,0,0,Betabel,,c4,desarrollo_normal,2026-05-10 16:09:40,4676,manual,2026-05-13 09:19:33,2026-05-06 21:07:49,156.20,7,cg_1778663970359_2,5568,cam2_20260513_031932.jpg,crops/cam2_20260513_031932_r0_c0.jpg,5570,cam2_20260513_031935.jpg,crops/cam2_20260513_031935_r0_c0.jpg,12286,29,,50,0,0,0,0,0,0,0.0,0.0,4725.0,106.0,82.5,11.8,1.8,0.3,,2026-05-13 09:19:37
germ-germinadorap-de5832|LOT-20260506-651F-009|r0_c0|rep0,LOT-20260506-651F-009:A1:R0,germ-germinadorap-de5832,LOT-20260506-651F-009,A1,0,0,0,Betabel,,c4,desarrollo_normal,2026-05-10 16:09:40,4676,manual,2026-05-13 09:34:32,2026-05-06 21:07:49,156.45,7,cg_1778664870363_2,5572,cam2_20260513_033431.jpg,crops/cam2_20260513_033431_r0_c0.jpg,5574,cam2_20260513_033434.jpg,crops/cam2_20260513_033434_r0_c0.jpg,12298,29,,50,0,0,0,0,0,0,0.0,0.0,4740.0,106.0,82.5,11.8,1.8,0.3,,2026-05-13 09:34:36
germ-germinadorap-de5832|LOT-20260506-651F-009|r0_c0|rep0,LOT-20260506-651F-009:A1:R0,germ-germinadorap-de5832,LOT-20260506-651F-009,A1,0,0,0,Betabel,,c4,desarrollo_normal,2026-05-10 16:09:40,4676,manual,2026-05-13 09:49:32,2026-05-06 21:07:49,156.70,7,cg_1778665770365_2,5576,cam2_20260513_034931.jpg,crops/cam2_20260513_034931_r0_c0.jpg,5578,cam2_20260513_034934.jpg,crops/cam2_20260513_034934_r0_c0.jpg,12310,29,,50,0,0,0,0,0,0,0.0,0.0,4755.0,106.0,82.5,11.8,1.8,0.3,,2026-05-13 09:49:36
germ-germinadorap-de5832|LOT-20260506-651F-009|r0_c0|rep0,LOT-20260506-651F-009:A1:R0,germ-germinadorap-de5832,LOT-20260506-651F-009,A1,0,0,0,Betabel,,c4,desarrollo_normal,2026-05-10 16:09:40,4676,manual,2026-05-13 10:04:32,2026-05-06 21:07:49,156.95,7,cg_1778666670367_2,5580,cam2_20260513_040431.jpg,crops/cam2_20260513_040431_r0_c0.jpg,5582,cam2_20260513_040434.jpg,crops/cam2_20260513_040434_r0_c0.jpg,12322,29,,50,0,0,0,0,0,0,0.0,0.0,4770.0,106.0,82.5,11.8,1.8,0.3,,2026-05-13 10:04:36
germ-germinadorap-de5832|LOT-20260506-651F-009|r0_c0|rep0,LOT-20260506-651F-009:A1:R0,germ-germinadorap-de5832,LOT-20260506-651F-009,A1,0,0,0,Betabel,,c4,desarrollo_normal,2026-05-10 16:09:40,4676,manual,2026-05-13 10:19:32,2026-05-06 21:07:49,157.20,7,cg_1778667570372_2,5584,cam2_20260513_041931.jpg,crops/cam2_20260513_041931_r0_c0.jpg,5586,cam2_20260513_041934.jpg,crops/cam2_20260513_041934_r0_c0.jpg,12334,29,,50,0,0,0,0,0,0,0.0,0.0,4784.0,106.0,82.5,11.8,1.8,0.3,,2026-05-13 10:19:36
germ-germinadorap-de5832|LOT-20260506-651F-009|r0_c0|rep0,LOT-20260506-651F-009:A1:R0,germ-germinadorap-de5832,LOT-20260506-651F-009,A1,0,0,0,Betabel,,c4,desarrollo_normal,2026-05-10 16:09:40,4676,manual,2026-05-13 10:34:32,2026-05-06 21:07:49,157.45,7,cg_1778668470378_2,5588,cam2_20260513_043431.jpg,crops/cam2_20260513_043431_r0_c0.jpg,5590,cam2_20260513_043434.jpg,crops/cam2_20260513_043434_r0_c0.jpg,12346,29,,50,0,0,0,0,0,0,0.0,0.0,4799.0,106.0,82.5,11.8,1.8,0.3,,2026-05-13 10:34:36
germ-germinadorap-de5832|LOT-20260506-651F-009|r0_c0|rep0,LOT-20260506-651F-009:A1:R0,germ-germinadorap-de5832,LOT-20260506-651F-009,A1,0,0,0,Betabel,,c4,desarrollo_normal,2026-05-10 16:09:40,4676,manual,2026-05-13 10:49:32,2026-05-06 21:07:49,157.70,7,cg_1778669370377_2,5592,cam2_20260513_044931.jpg,crops/cam2_20260513_044931_r0_c0.jpg,5594,cam2_20260513_044934.jpg,crops/cam2_20260513_044934_r0_c0.jpg,12358,29,,50,0,0,0,0,0,0,0.0,0.0,4814.0,106.0,82.5,11.8,1.8,0.3,,2026-05-13 10:49:36
germ-germinadorap-de5832|LOT-20260506-651F-009|r0_c0|rep0,LOT-20260506-651F-009:A1:R0,germ-germinadorap-de5832,LOT-20260506-651F-009,A1,0,0,0,Betabel,,c4,desarrollo_normal,2026-05-10 16:09:40,4676,manual,2026-05-13 11:04:32,2026-05-06 21:07:49,157.95,7,cg_1778670270380_2,5596,cam2_20260513_050431.jpg,crops/cam2_20260513_050431_r0_c0.jpg,5598,cam2_20260513_050434.jpg,crops/cam2_20260513_050434_r0_c0.jpg,12370,29,,50,0,0,0,0,0,0,0.0,0.0,4829.0,106.0,82.5,11.8,1.8,0.3,,2026-05-13 11:04:36
germ-germinadorap-de5832|LOT-20260506-651F-009|r0_c0|rep0,LOT-20260506-651F-009:A1:R0,germ-germinadorap-de5832,LOT-20260506-651F-009,A1,0,0,0,Betabel,,c4,desarrollo_normal,2026-05-10 16:09:40,4676,manual,2026-05-13 11:19:32,2026-05-06 21:07:49,158.20,7,cg_1778671170386_2,5600,cam2_20260513_051931.jpg,crops/cam2_20260513_051931_r0_c0.jpg,5602,cam2_20260513_051935.jpg,crops/cam2_20260513_051935_r0_c0.jpg,12382,29,,50,0,0,0,0,0,0,0.0,0.0,4844.0,106.0,82.5,11.8,1.8,0.3,,2026-05-13 11:19:37
germ-germinadorap-de5832|LOT-20260506-651F-009|r0_c0|rep0,LOT-20260506-651F-009:A1:R0,germ-germinadorap-de5832,LOT-20260506-651F-009,A1,0,0,0,Betabel,,c4,desarrollo_normal,2026-05-10 16:09:40,4676,manual,2026-05-13 11:34:32,2026-05-06 21:07:49,158.45,7,cg_1778672070387_2,5604,cam2_20260513_053431.jpg,crops/cam2_20260513_053431_r0_c0.jpg,5606,cam2_20260513_053434.jpg,crops/cam2_20260513_053434_r0_c0.jpg,12394,29,,50,0,0,0,0,0,0,0.0,0.0,4859.0,106.0,82.5,11.8,1.8,0.3,,2026-05-13 11:34:36
germ-germinadorap-de5832|LOT-20260506-651F-009|r0_c0|rep0,LOT-20260506-651F-009:A1:R0,germ-germinadorap-de5832,LOT-20260506-651F-009,A1,0,0,0,Betabel,,c4,desarrollo_normal,2026-05-10 16:09:40,4676,manual,2026-05-13 11:49:32,2026-05-06 21:07:49,158.70,7,cg_1778672970392_2,5608,cam2_20260513_054931.jpg,crops/cam2_20260513_054931_r0_c0.jpg,5610,cam2_20260513_054934.jpg,crops/cam2_20260513_054934_r0_c0.jpg,12406,29,,50,0,0,0,0,0,0,0.0,0.0,4874.0,106.0,82.5,11.8,1.8,0.3,,2026-05-13 11:49:36
germ-germinadorap-de5832|LOT-20260506-651F-009|r0_c0|rep0,LOT-20260506-651F-009:A1:R0,germ-germinadorap-de5832,LOT-20260506-651F-009,A1,0,0,0,Betabel,,c4,desarrollo_normal,2026-05-10 16:09:40,4676,manual,2026-05-13 12:04:32,2026-05-06 21:07:49,158.95,7,cg_1778673870392_2,5612,cam2_20260513_060431.jpg,crops/cam2_20260513_060431_r0_c0.jpg,5614,cam2_20260513_060434.jpg,crops/cam2_20260513_060434_r0_c0.jpg,12418,29,,50,0,0,0,0,0,0,0.0,0.0,4889.0,106.0,82.5,11.8,1.8,0.3,,2026-05-13 12:04:36
germ-germinadorap-de5832|LOT-20260506-651F-009|r0_c0|rep0,LOT-20260506-651F-009:A1:R0,germ-germinadorap-de5832,LOT-20260506-651F-009,A1,0,0,0,Betabel,,c4,desarrollo_normal,2026-05-10 16:09:40,4676,manual,2026-05-13 12:19:32,2026-05-06 21:07:49,159.20,7,cg_1778674770397_2,5616,cam2_20260513_061931.jpg,crops/cam2_20260513_061931_r0_c0.jpg,5618,cam2_20260513_061934.jpg,crops/cam2_20260513_061934_r0_c0.jpg,12430,29,,50,0,0,0,0,0,0,0.0,0.0,4904.0,106.0,82.5,11.8,1.8,0.3,,2026-05-13 12:19:36
germ-germinadorap-de5832|LOT-20260506-651F-009|r0_c0|rep0,LOT-20260506-651F-009:A1:R0,germ-germinadorap-de5832,LOT-20260506-651F-009,A1,0,0,0,Betabel,,c4,desarrollo_normal,2026-05-10 16:09:40,4676,manual,2026-05-13 12:34:32,2026-05-06 21:07:49,159.45,7,cg_1778675670396_2,5620,cam2_20260513_063431.jpg,crops/cam2_20260513_063431_r0_c0.jpg,5622,cam2_20260513_063435.jpg,crops/cam2_20260513_063435_r0_c0.jpg,12442,29,,50,0,0,0,0,0,0,0.0,0.0,4919.0,106.0,82.5,11.8,1.8,0.3,,2026-05-13 12:34:36
germ-germinadorap-de5832|LOT-20260506-651F-009|r0_c0|rep0,LOT-20260506-651F-009:A1:R0,germ-germinadorap-de5832,LOT-20260506-651F-009,A1,0,0,0,Betabel,,c4,desarrollo_normal,2026-05-10 16:09:40,4676,manual,2026-05-13 12:49:32,2026-05-06 21:07:49,159.70,7,cg_1778676570401_2,5624,cam2_20260513_064931.jpg,crops/cam2_20260513_064931_r0_c0.jpg,5626,cam2_20260513_064934.jpg,crops/cam2_20260513_064934_r0_c0.jpg,12454,29,,50,0,0,0,0,0,0,0.0,0.0,4933.0,106.0,82.5,11.8,1.8,0.3,,2026-05-13 12:49:36
germ-germinadorap-de5832|LOT-20260506-651F-009|r0_c0|rep0,LOT-20260506-651F-009:A1:R0,germ-germinadorap-de5832,LOT-20260506-651F-009,A1,0,0,0,Betabel,,c4,desarrollo_normal,2026-05-10 16:09:40,4676,manual,2026-05-13 13:04:32,2026-05-06 21:07:49,159.95,7,cg_1778677470404_2,5628,cam2_20260513_070431.jpg,crops/cam2_20260513_070431_r0_c0.jpg,5630,cam2_20260513_070435.jpg,crops/cam2_20260513_070435_r0_c0.jpg,12466,29,,50,0,0,0,0,0,0,0.0,0.0,4948.0,106.0,82.5,11.8,1.8,0.3,,2026-05-13 13:04:36
germ-germinadorap-de5832|LOT-20260506-651F-009|r1_c0|rep0,LOT-20260506-651F-009:A2:R0,germ-germinadorap-de5832,LOT-20260506-651F-009,A2,1,0,0,Betabel,,c4,vigorosa,2026-05-11 15:20:50,4960,manual,2026-05-06 21:08:47,2026-05-06 21:07:49,0.02,1,cg_1778101726061_2,3538,cam2_20260506_150847.jpg,crops/cam2_20260506_150847_r1_c0.jpg,3539,cam2_20260506_150849.jpg,crops/cam2_20260506_150849_r1_c0.jpg,6471,27.9,,36,100,0,0,0,0,0,0.0,0.0,0.0,0.0,0.0,0.0,0.0,0.0,,2026-05-06 21:08:50
germ-germinadorap-de5832|LOT-20260506-651F-009|r1_c0|rep0,LOT-20260506-651F-009:A2:R0,germ-germinadorap-de5832,LOT-20260506-651F-009,A2,1,0,0,Betabel,,c4,vigorosa,2026-05-11 15:20:50,4960,manual,2026-05-06 21:41:09,2026-05-06 21:07:49,0.56,1,cg_1778103667169_2,3554,cam2_20260506_154108.jpg,crops/cam2_20260506_154108_r1_c0.jpg,3556,cam2_20260506_154111.jpg,crops/cam2_20260506_154111_r1_c0.jpg,6485,27.8,,37,100,0,0,0,0,0,0.0,0.0,0.0,0.0,0.6,0.6,0.0,0.0,,2026-05-06 21:41:11
germ-germinadorap-de5832|LOT-20260506-651F-009|r1_c0|rep0,LOT-20260506-651F-009:A2:R0,germ-germinadorap-de5832,LOT-20260506-651F-009,A2,1,0,0,Betabel,,c4,vigorosa,2026-05-11 15:20:50,4960,manual,2026-05-06 21:56:09,2026-05-06 21:07:49,0.81,1,cg_1778104567168_2,3558,cam2_20260506_155609.jpg,crops/cam2_20260506_155609_r1_c0.jpg,3560,cam2_20260506_155612.jpg,crops/cam2_20260506_155612_r1_c0.jpg,6497,28.1,,44,100,0,0,0,0,0,0.0,0.0,0.0,0.0,0.8,0.8,0.0,0.0,,2026-05-06 21:56:13
germ-germinadorap-de5832|LOT-20260506-651F-009|r1_c0|rep0,LOT-20260506-651F-009:A2:R0,germ-germinadorap-de5832,LOT-20260506-651F-009,A2,1,0,0,Betabel,,c4,vigorosa,2026-05-11 15:20:50,4960,manual,2026-05-06 22:11:50,2026-05-06 21:07:49,1.07,1,cg_1778105508313_2,3562,cam2_20260506_161149.jpg,crops/cam2_20260506_161149_r1_c0.jpg,3564,cam2_20260506_161152.jpg,crops/cam2_20260506_161152_r1_c0.jpg,6509,28.1,,41,100,0,0,0,0,0,0.0,0.0,0.0,0.0,1.1,1.1,0.0,0.0,,2026-05-06 22:11:54
germ-germinadorap-de5832|LOT-20260506-651F-009|r1_c0|rep0,LOT-20260506-651F-009:A2:R0,germ-germinadorap-de5832,LOT-20260506-651F-009,A2,1,0,0,Betabel,,c4,vigorosa,2026-05-11 15:20:50,4960,manual,2026-05-06 22:27:46,2026-05-06 21:07:49,1.33,1,cg_1778106463519_2,3567,cam2_20260506_162745.jpg,crops/cam2_20260506_162745_r1_c0.jpg,3569,cam2_20260506_162751.jpg,crops/cam2_20260506_162751_r1_c0.jpg,6528,27.1,,38,100,0,0,0,0,0,0.0,0.0,0.0,0.0,1.2,1.2,0.0,0.0,,2026-05-06 22:27:52
germ-germinadorap-de5832|LOT-20260506-651F-009|r1_c0|rep0,LOT-20260506-651F-009:A2:R0,germ-germinadorap-de5832,LOT-20260506-651F-009,A2,1,0,0,Betabel,,c4,vigorosa,2026-05-11 15:20:50,4960,manual,2026-05-06 22:42:46,2026-05-06 21:07:49,1.58,1,cg_1778107363505_2,3570,cam2_20260506_164245.jpg,crops/cam2_20260506_164245_r1_c0.jpg,3572,cam2_20260506_164249.jpg,crops/cam2_20260506_164249_r1_c0.jpg,6533,27.7,,37,100,0,0,0,0,0,0.0,0.0,0.0,0.0,1.2,1.2,0.0,0.0,,2026-05-06 22:42:50
germ-germinadorap-de5832|LOT-20260506-651F-009|r1_c0|rep0,LOT-20260506-651F-009:A2:R0,germ-germinadorap-de5832,LOT-20260506-651F-009,A2,1,0,0,Betabel,,c4,vigorosa,2026-05-11 15:20:50,4960,manual,2026-05-06 22:58:41,2026-05-06 21:07:49,1.85,1,cg_1778108318726_2,3574,cam2_20260506_165840.jpg,crops/cam2_20260506_165840_r1_c0.jpg,3576,cam2_20260506_165843.jpg,crops/cam2_20260506_165843_r1_c0.jpg,6545,27.5,,36,100,0,0,0,0,0,0.0,0.0,0.0,0.0,1.2,1.2,0.0,0.0,,2026-05-06 22:58:45
germ-germinadorap-de5832|LOT-20260506-651F-009|r1_c0|rep0,LOT-20260506-651F-009:A2:R0,germ-germinadorap-de5832,LOT-20260506-651F-009,A2,1,0,0,Betabel,,c4,vigorosa,2026-05-11 15:20:50,4960,manual,2026-05-06 23:13:41,2026-05-06 21:07:49,2.10,1,cg_1778109218719_2,3578,cam2_20260506_171340.jpg,crops/cam2_20260506_171340_r1_c0.jpg,3580,cam2_20260506_171343.jpg,crops/cam2_20260506_171343_r1_c0.jpg,6557,27.3,,36,100,0,0,0,0,0,0.0,0.0,0.0,0.0,1.2,1.2,0.0,0.0,,2026-05-06 23:13:45
germ-germinadorap-de5832|LOT-20260506-651F-009|r1_c0|rep0,LOT-20260506-651F-009:A2:R0,germ-germinadorap-de5832,LOT-20260506-651F-009,A2,1,0,0,Betabel,,c4,vigorosa,2026-05-11 15:20:50,4960,manual,2026-05-06 23:28:40,2026-05-06 21:07:49,2.35,1,cg_1778110118717_2,3582,cam2_20260506_172840.jpg,crops/cam2_20260506_172840_r1_c0.jpg,3584,cam2_20260506_172842.jpg,crops/cam2_20260506_172842_r1_c0.jpg,6569,27.7,,35,100,0,0,0,0,0,0.0,0.0,0.0,0.0,1.2,1.2,0.0,0.0,,2026-05-06 23:28:43
germ-germinadorap-de5832|LOT-20260506-651F-009|r1_c0|rep0,LOT-20260506-651F-009:A2:R0,germ-germinadorap-de5832,LOT-20260506-651F-009,A2,1,0,0,Betabel,,c4,vigorosa,2026-05-11 15:20:50,4960,manual,2026-05-06 23:43:41,2026-05-06 21:07:49,2.60,1,cg_1778111018719_2,3586,cam2_20260506_174340.jpg,crops/cam2_20260506_174340_r1_c0.jpg,3588,cam2_20260506_174343.jpg,crops/cam2_20260506_174343_r1_c0.jpg,6581,27.5,,36,100,0,0,0,0,0,0.0,0.0,0.0,0.0,1.2,1.2,0.0,0.0,,2026-05-06 23:43:45
germ-germinadorap-de5832|LOT-20260506-651F-009|r1_c0|rep0,LOT-20260506-651F-009:A2:R0,germ-germinadorap-de5832,LOT-20260506-651F-009,A2,1,0,0,Betabel,,c4,vigorosa,2026-05-11 15:20:50,4960,manual,2026-05-06 23:58:41,2026-05-06 21:07:49,2.85,1,cg_1778111918733_2,3591,cam2_20260506_175840.jpg,crops/cam2_20260506_175840_r1_c0.jpg,3593,cam2_20260506_175847.jpg,crops/cam2_20260506_175847_r1_c0.jpg,6600,27.3,,36,94.4,0,0,0,0,0,0.0,0.0,0.0,0.0,1.2,1.2,0.0,0.0,,2026-05-06 23:58:48
germ-germinadorap-de5832|LOT-20260506-651F-009|r1_c0|rep0,LOT-20260506-651F-009:A2:R0,germ-germinadorap-de5832,LOT-20260506-651F-009,A2,1,0,0,Betabel,,c4,vigorosa,2026-05-11 15:20:50,4960,manual,2026-05-07 00:13:41,2026-05-06 21:07:49,3.10,1,cg_1778112818736_2,3594,cam2_20260506_181340.jpg,crops/cam2_20260506_181340_r1_c0.jpg,3596,cam2_20260506_181344.jpg,crops/cam2_20260506_181344_r1_c0.jpg,6605,27.6,,37,100,0,0,0,1,0,15.0,0.0,0.0,0.0,1.2,1.2,0.0,0.0,,2026-05-07 00:13:45
germ-germinadorap-de5832|LOT-20260506-651F-009|r1_c0|rep0,LOT-20260506-651F-009:A2:R0,germ-germinadorap-de5832,LOT-20260506-651F-009,A2,1,0,0,Betabel,,c4,vigorosa,2026-05-11 15:20:50,4960,manual,2026-05-07 01:01:26,2026-05-06 21:07:49,3.89,1,cg_1778115683524_2,3598,cam2_20260506_190125.jpg,crops/cam2_20260506_190125_r1_c0.jpg,3600,cam2_20260506_190129.jpg,crops/cam2_20260506_190129_r1_c0.jpg,6617,27.6,,42,100,0,0,0,0,0,0.0,0.0,0.0,0.0,1.2,1.2,0.0,0.0,,2026-05-07 01:01:31
germ-germinadorap-de5832|LOT-20260506-651F-009|r1_c0|rep0,LOT-20260506-651F-009:A2:R0,germ-germinadorap-de5832,LOT-20260506-651F-009,A2,1,0,0,Betabel,,c4,vigorosa,2026-05-11 15:20:50,4960,manual,2026-05-07 04:18:20,2026-05-06 21:07:49,7.18,1,cg_1778127498310_2,3602,cam2_20260506_221819.jpg,crops/cam2_20260506_221819_r1_c0.jpg,3604,cam2_20260506_221822.jpg,crops/cam2_20260506_221822_r1_c0.jpg,6629,26.2,,43,100,0,0,0,0,0,0.0,0.0,68.0,0.0,1.2,1.2,0.0,0.0,,2026-05-07 04:18:24
germ-germinadorap-de5832|LOT-20260506-651F-009|r1_c0|rep0,LOT-20260506-651F-009:A2:R0,germ-germinadorap-de5832,LOT-20260506-651F-009,A2,1,0,0,Betabel,,c4,vigorosa,2026-05-11 15:20:50,4960,manual,2026-05-07 04:33:20,2026-05-06 21:07:49,7.43,1,cg_1778128398314_2,3606,cam2_20260506_223319.jpg,crops/cam2_20260506_223319_r1_c0.jpg,3608,cam2_20260506_223322.jpg,crops/cam2_20260506_223322_r1_c0.jpg,6641,26.3,,42,97.2,0,0,0,0,0,0.0,0.0,68.0,0.0,1.2,1.2,0.0,0.0,,2026-05-07 04:33:23
germ-germinadorap-de5832|LOT-20260506-651F-009|r1_c0|rep0,LOT-20260506-651F-009:A2:R0,germ-germinadorap-de5832,LOT-20260506-651F-009,A2,1,0,0,Betabel,,c4,vigorosa,2026-05-11 15:20:50,4960,manual,2026-05-07 04:48:20,2026-05-06 21:07:49,7.68,1,cg_1778129298319_2,3610,cam2_20260506_224819.jpg,crops/cam2_20260506_224819_r1_c0.jpg,3612,cam2_20260506_224822.jpg,crops/cam2_20260506_224822_r1_c0.jpg,6653,26.2,,42,100,0,0,0,0,0,0.0,0.0,68.0,0.0,1.2,1.2,0.0,0.0,,2026-05-07 04:48:23
germ-germinadorap-de5832|LOT-20260506-651F-009|r1_c0|rep0,LOT-20260506-651F-009:A2:R0,germ-germinadorap-de5832,LOT-20260506-651F-009,A2,1,0,0,Betabel,,c4,vigorosa,2026-05-11 15:20:50,4960,manual,2026-05-07 05:03:20,2026-05-06 21:07:49,7.93,1,cg_1778130198322_2,3614,cam2_20260506_230320.jpg,crops/cam2_20260506_230320_r1_c0.jpg,3616,cam2_20260506_230322.jpg,crops/cam2_20260506_230322_r1_c0.jpg,6665,26.2,,43,100,0,0,0,0,0,0.0,0.0,69.0,0.0,1.2,1.2,0.0,0.0,,2026-05-07 05:03:23
germ-germinadorap-de5832|LOT-20260506-651F-009|r1_c0|rep0,LOT-20260506-651F-009:A2:R0,germ-germinadorap-de5832,LOT-20260506-651F-009,A2,1,0,0,Betabel,,c4,vigorosa,2026-05-11 15:20:50,4960,manual,2026-05-07 05:18:20,2026-05-06 21:07:49,8.18,1,cg_1778131098329_2,3618,cam2_20260506_231819.jpg,crops/cam2_20260506_231819_r1_c0.jpg,3620,cam2_20260506_231822.jpg,crops/cam2_20260506_231822_r1_c0.jpg,6677,26.1,,42,98.1,0,0,0,0,0,0.0,0.0,69.0,0.0,1.2,1.2,0.0,0.0,,2026-05-07 05:18:23
germ-germinadorap-de5832|LOT-20260506-651F-009|r1_c0|rep0,LOT-20260506-651F-009:A2:R0,germ-germinadorap-de5832,LOT-20260506-651F-009,A2,1,0,0,Betabel,,c4,vigorosa,2026-05-11 15:20:50,4960,manual,2026-05-07 05:33:20,2026-05-06 21:07:49,8.43,1,cg_1778131998332_2,3622,cam2_20260506_233319.jpg,crops/cam2_20260506_233319_r1_c0.jpg,3624,cam2_20260506_233322.jpg,crops/cam2_20260506_233322_r1_c0.jpg,6689,26.2,,46,99.1,0,0,0,0,0,0.0,0.0,69.0,0.0,1.2,1.2,0.0,0.0,,2026-05-07 05:33:23
germ-germinadorap-de5832|LOT-20260506-651F-009|r1_c0|rep0,LOT-20260506-651F-009:A2:R0,germ-germinadorap-de5832,LOT-20260506-651F-009,A2,1,0,0,Betabel,,c4,vigorosa,2026-05-11 15:20:50,4960,manual,2026-05-07 05:48:20,2026-05-06 21:07:49,8.68,1,cg_1778132898336_2,3626,cam2_20260506_234819.jpg,crops/cam2_20260506_234819_r1_c0.jpg,3628,cam2_20260506_234822.jpg,crops/cam2_20260506_234822_r1_c0.jpg,6701,26.8,,52,100,0,0,0,0,0,0.0,0.0,69.0,0.0,1.2,1.2,0.0,0.0,,2026-05-07 05:48:23
germ-germinadorap-de5832|LOT-20260506-651F-009|r1_c0|rep0,LOT-20260506-651F-009:A2:R0,germ-germinadorap-de5832,LOT-20260506-651F-009,A2,1,0,0,Betabel,,c4,vigorosa,2026-05-11 15:20:50,4960,manual,2026-05-07 06:03:20,2026-05-06 21:07:49,8.93,1,cg_1778133798338_2,3630,cam2_20260507_000319.jpg,crops/cam2_20260507_000319_r1_c0.jpg,3632,cam2_20260507_000322.jpg,crops/cam2_20260507_000322_r1_c0.jpg,6713,27.2,,51,100,0,0,0,0,0,0.0,0.0,69.0,0.0,1.2,1.2,0.0,0.0,,2026-05-07 06:03:23
germ-germinadorap-de5832|LOT-20260506-651F-009|r1_c0|rep0,LOT-20260506-651F-009:A2:R0,germ-germinadorap-de5832,LOT-20260506-651F-009,A2,1,0,0,Betabel,,c4,vigorosa,2026-05-11 15:20:50,4960,manual,2026-05-07 06:18:20,2026-05-06 21:07:49,9.18,1,cg_1778134698344_2,3634,cam2_20260507_001820.jpg,crops/cam2_20260507_001820_r1_c0.jpg,3636,cam2_20260507_001822.jpg,crops/cam2_20260507_001822_r1_c0.jpg,6725,27.3,,54,96.3,0,0,0,0,0,0.0,0.0,69.0,0.0,1.2,1.2,0.0,0.0,,2026-05-07 06:18:23
germ-germinadorap-de5832|LOT-20260506-651F-009|r1_c0|rep0,LOT-20260506-651F-009:A2:R0,germ-germinadorap-de5832,LOT-20260506-651F-009,A2,1,0,0,Betabel,,c4,vigorosa,2026-05-11 15:20:50,4960,manual,2026-05-07 06:33:20,2026-05-06 21:07:49,9.43,1,cg_1778135598346_2,3638,cam2_20260507_003319.jpg,crops/cam2_20260507_003319_r1_c0.jpg,3640,cam2_20260507_003322.jpg,crops/cam2_20260507_003322_r1_c0.jpg,6737,27.2,,53,80.6,0,0,0,0,0,0.0,0.0,69.0,0.0,1.2,1.2,0.0,0.0,,2026-05-07 06:33:23
germ-germinadorap-de5832|LOT-20260506-651F-009|r1_c0|rep0,LOT-20260506-651F-009:A2:R0,germ-germinadorap-de5832,LOT-20260506-651F-009,A2,1,0,0,Betabel,,c4,vigorosa,2026-05-11 15:20:50,4960,manual,2026-05-07 06:48:20,2026-05-06 21:07:49,9.68,1,cg_1778136498352_2,3642,cam2_20260507_004819.jpg,crops/cam2_20260507_004819_r1_c0.jpg,3644,cam2_20260507_004822.jpg,crops/cam2_20260507_004822_r1_c0.jpg,6749,27.4,,53,58,0,0,0,0,0,0.0,0.0,69.0,0.0,1.2,1.2,0.0,0.0,,2026-05-07 06:48:23
germ-germinadorap-de5832|LOT-20260506-651F-009|r1_c0|rep0,LOT-20260506-651F-009:A2:R0,germ-germinadorap-de5832,LOT-20260506-651F-009,A2,1,0,0,Betabel,,c4,vigorosa,2026-05-11 15:20:50,4960,manual,2026-05-07 07:03:20,2026-05-06 21:07:49,9.93,1,cg_1778137398355_2,3646,cam2_20260507_010319.jpg,crops/cam2_20260507_010319_r1_c0.jpg,3648,cam2_20260507_010322.jpg,crops/cam2_20260507_010322_r1_c0.jpg,6761,27.5,,52,100,0,0,0,0,0,0.0,0.0,69.0,0.0,1.2,1.2,0.0,0.0,,2026-05-07 07:03:23
germ-germinadorap-de5832|LOT-20260506-651F-009|r1_c0|rep0,LOT-20260506-651F-009:A2:R0,germ-germinadorap-de5832,LOT-20260506-651F-009,A2,1,0,0,Betabel,,c4,vigorosa,2026-05-11 15:20:50,4960,manual,2026-05-07 07:18:20,2026-05-06 21:07:49,10.18,1,cg_1778138298363_2,3650,cam2_20260507_011819.jpg,crops/cam2_20260507_011819_r1_c0.jpg,3652,cam2_20260507_011823.jpg,crops/cam2_20260507_011823_r1_c0.jpg,6773,27.5,,48,100,0,0,0,0,0,0.0,0.0,69.0,0.0,1.2,1.2,0.0,0.0,,2026-05-07 07:18:24
germ-germinadorap-de5832|LOT-20260506-651F-009|r1_c0|rep0,LOT-20260506-651F-009:A2:R0,germ-germinadorap-de5832,LOT-20260506-651F-009,A2,1,0,0,Betabel,,c4,vigorosa,2026-05-11 15:20:50,4960,manual,2026-05-07 07:33:20,2026-05-06 21:07:49,10.43,1,cg_1778139198367_2,3654,cam2_20260507_013319.jpg,crops/cam2_20260507_013319_r1_c0.jpg,3656,cam2_20260507_013322.jpg,crops/cam2_20260507_013322_r1_c0.jpg,6785,27.6,,50,89.8,0,0,0,0,0,0.0,0.0,69.0,0.0,1.2,1.2,0.0,0.0,,2026-05-07 07:33:23
germ-germinadorap-de5832|LOT-20260506-651F-009|r1_c0|rep0,LOT-20260506-651F-009:A2:R0,germ-germinadorap-de5832,LOT-20260506-651F-009,A2,1,0,0,Betabel,,c4,vigorosa,2026-05-11 15:20:50,4960,manual,2026-05-07 07:48:20,2026-05-06 21:07:49,10.68,1,cg_1778140098373_2,3658,cam2_20260507_014819.jpg,crops/cam2_20260507_014819_r1_c0.jpg,3660,cam2_20260507_014822.jpg,crops/cam2_20260507_014822_r1_c0.jpg,6797,27.5,,51,90.7,0,0,0,0,0,0.0,0.0,69.0,0.0,1.2,1.2,0.0,0.0,,2026-05-07 07:48:23
germ-germinadorap-de5832|LOT-20260506-651F-009|r1_c0|rep0,LOT-20260506-651F-009:A2:R0,germ-germinadorap-de5832,LOT-20260506-651F-009,A2,1,0,0,Betabel,,c4,vigorosa,2026-05-11 15:20:50,4960,manual,2026-05-07 08:03:20,2026-05-06 21:07:49,10.93,1,cg_1778140998374_2,3662,cam2_20260507_020319.jpg,crops/cam2_20260507_020319_r1_c0.jpg,3664,cam2_20260507_020322.jpg,crops/cam2_20260507_020322_r1_c0.jpg,6809,27.7,,52,98.1,0,0,0,0,0,0.0,0.0,69.0,0.0,1.3,1.3,0.0,0.0,,2026-05-07 08:03:23
germ-germinadorap-de5832|LOT-20260506-651F-009|r1_c0|rep0,LOT-20260506-651F-009:A2:R0,germ-germinadorap-de5832,LOT-20260506-651F-009,A2,1,0,0,Betabel,,c4,vigorosa,2026-05-11 15:20:50,4960,manual,2026-05-07 08:18:20,2026-05-06 21:07:49,11.18,1,cg_1778141898378_2,3666,cam2_20260507_021819.jpg,crops/cam2_20260507_021819_r1_c0.jpg,3668,cam2_20260507_021822.jpg,crops/cam2_20260507_021822_r1_c0.jpg,6821,27.7,,49,84.3,0,0,0,0,0,0.0,0.0,69.0,0.0,1.5,1.5,0.0,0.0,,2026-05-07 08:18:23
germ-germinadorap-de5832|LOT-20260506-651F-009|r1_c0|rep0,LOT-20260506-651F-009:A2:R0,germ-germinadorap-de5832,LOT-20260506-651F-009,A2,1,0,0,Betabel,,c4,vigorosa,2026-05-11 15:20:50,4960,manual,2026-05-07 08:33:20,2026-05-06 21:07:49,11.43,1,cg_1778142798383_2,3670,cam2_20260507_023319.jpg,crops/cam2_20260507_023319_r1_c0.jpg,3672,cam2_20260507_023322.jpg,crops/cam2_20260507_023322_r1_c0.jpg,6833,27.6,,51,88,0,0,0,0,0,0.0,0.0,69.0,0.0,1.8,1.8,0.0,0.0,,2026-05-07 08:33:23
germ-germinadorap-de5832|LOT-20260506-651F-009|r1_c0|rep0,LOT-20260506-651F-009:A2:R0,germ-germinadorap-de5832,LOT-20260506-651F-009,A2,1,0,0,Betabel,,c4,vigorosa,2026-05-11 15:20:50,4960,manual,2026-05-07 08:48:20,2026-05-06 21:07:49,11.68,1,cg_1778143698389_2,3674,cam2_20260507_024819.jpg,crops/cam2_20260507_024819_r1_c0.jpg,3676,cam2_20260507_024822.jpg,crops/cam2_20260507_024822_r1_c0.jpg,6845,27.6,,53,90.7,0,0,0,0,0,0.0,0.0,69.0,0.0,2.0,2.0,0.0,0.0,,2026-05-07 08:48:23
germ-germinadorap-de5832|LOT-20260506-651F-009|r1_c0|rep0,LOT-20260506-651F-009:A2:R0,germ-germinadorap-de5832,LOT-20260506-651F-009,A2,1,0,0,Betabel,,c4,vigorosa,2026-05-11 15:20:50,4960,manual,2026-05-07 09:03:20,2026-05-06 21:07:49,11.93,1,cg_1778144598395_2,3678,cam2_20260507_030320.jpg,crops/cam2_20260507_030320_r1_c0.jpg,3680,cam2_20260507_030322.jpg,crops/cam2_20260507_030322_r1_c0.jpg,6857,27.6,,53,87,0,0,0,0,0,0.0,0.0,69.0,0.0,2.2,2.2,0.0,0.0,,2026-05-07 09:03:23
germ-germinadorap-de5832|LOT-20260506-651F-009|r1_c0|rep0,LOT-20260506-651F-009:A2:R0,germ-germinadorap-de5832,LOT-20260506-651F-009,A2,1,0,0,Betabel,,c4,vigorosa,2026-05-11 15:20:50,4960,manual,2026-05-07 09:18:20,2026-05-06 21:07:49,12.18,1,cg_1778145498397_2,3682,cam2_20260507_031819.jpg,crops/cam2_20260507_031819_r1_c0.jpg,3684,cam2_20260507_031822.jpg,crops/cam2_20260507_031822_r1_c0.jpg,6869,27.6,,52,83.3,0,0,0,0,0,0.0,0.0,69.0,0.0,2.5,2.5,0.0,0.0,,2026-05-07 09:18:23
germ-germinadorap-de5832|LOT-20260506-651F-009|r1_c0|rep0,LOT-20260506-651F-009:A2:R0,germ-germinadorap-de5832,LOT-20260506-651F-009,A2,1,0,0,Betabel,,c4,vigorosa,2026-05-11 15:20:50,4960,manual,2026-05-07 09:33:20,2026-05-06 21:07:49,12.43,1,cg_1778146398401_2,3686,cam2_20260507_033319.jpg,crops/cam2_20260507_033319_r1_c0.jpg,3688,cam2_20260507_033322.jpg,crops/cam2_20260507_033322_r1_c0.jpg,6881,27.6,,52,79.6,0,0,0,0,0,0.0,0.0,69.0,0.0,2.7,2.7,0.0,0.0,,2026-05-07 09:33:23
germ-germinadorap-de5832|LOT-20260506-651F-009|r1_c0|rep0,LOT-20260506-651F-009:A2:R0,germ-germinadorap-de5832,LOT-20260506-651F-009,A2,1,0,0,Betabel,,c4,vigorosa,2026-05-11 15:20:50,4960,manual,2026-05-07 09:48:20,2026-05-06 21:07:49,12.68,1,cg_1778147298405_2,3690,cam2_20260507_034819.jpg,crops/cam2_20260507_034819_r1_c0.jpg,3692,cam2_20260507_034822.jpg,crops/cam2_20260507_034822_r1_c0.jpg,6893,27.6,,52,67.9,0,0,0,0,0,0.0,0.0,69.0,0.0,3.0,3.0,0.0,0.0,,2026-05-07 09:48:23
germ-germinadorap-de5832|LOT-20260506-651F-009|r1_c0|rep0,LOT-20260506-651F-009:A2:R0,germ-germinadorap-de5832,LOT-20260506-651F-009,A2,1,0,0,Betabel,,c4,vigorosa,2026-05-11 15:20:50,4960,manual,2026-05-07 10:03:20,2026-05-06 21:07:49,12.93,1,cg_1778148198408_2,3694,cam2_20260507_040319.jpg,crops/cam2_20260507_040319_r1_c0.jpg,3696,cam2_20260507_040322.jpg,crops/cam2_20260507_040322_r1_c0.jpg,6905,27.6,,53,79.6,0,0,0,0,0,0.0,0.0,69.0,0.0,3.2,3.2,0.0,0.0,,2026-05-07 10:03:23
germ-germinadorap-de5832|LOT-20260506-651F-009|r1_c0|rep0,LOT-20260506-651F-009:A2:R0,germ-germinadorap-de5832,LOT-20260506-651F-009,A2,1,0,0,Betabel,,c4,vigorosa,2026-05-11 15:20:50,4960,manual,2026-05-07 10:18:20,2026-05-06 21:07:49,13.18,1,cg_1778149098410_2,3698,cam2_20260507_041820.jpg,crops/cam2_20260507_041820_r1_c0.jpg,3700,cam2_20260507_041822.jpg,crops/cam2_20260507_041822_r1_c0.jpg,6917,27.8,,52,81.5,0,0,0,0,0,0.0,0.0,69.0,0.0,3.5,3.5,0.0,0.0,,2026-05-07 10:18:23
germ-germinadorap-de5832|LOT-20260506-651F-009|r1_c0|rep0,LOT-20260506-651F-009:A2:R0,germ-germinadorap-de5832,LOT-20260506-651F-009,A2,1,0,0,Betabel,,c4,vigorosa,2026-05-11 15:20:50,4960,manual,2026-05-07 10:33:20,2026-05-06 21:07:49,13.43,1,cg_1778149998416_2,3702,cam2_20260507_043319.jpg,crops/cam2_20260507_043319_r1_c0.jpg,3704,cam2_20260507_043322.jpg,crops/cam2_20260507_043322_r1_c0.jpg,6929,27.5,,52,80.6,0,0,0,0,0,0.0,0.0,70.0,0.0,3.7,3.7,0.0,0.0,,2026-05-07 10:33:23
germ-germinadorap-de5832|LOT-20260506-651F-009|r1_c0|rep0,LOT-20260506-651F-009:A2:R0,germ-germinadorap-de5832,LOT-20260506-651F-009,A2,1,0,0,Betabel,,c4,vigorosa,2026-05-11 15:20:50,4960,manual,2026-05-07 10:48:20,2026-05-06 21:07:49,13.68,1,cg_1778150898421_2,3706,cam2_20260507_044819.jpg,crops/cam2_20260507_044819_r1_c0.jpg,3708,cam2_20260507_044822.jpg,crops/cam2_20260507_044822_r1_c0.jpg,6941,27.8,,53,76.9,0,0,0,0,0,0.0,0.0,70.0,0.0,4.0,4.0,0.0,0.0,,2026-05-07 10:48:23
germ-germinadorap-de5832|LOT-20260506-651F-009|r1_c0|rep0,LOT-20260506-651F-009:A2:R0,germ-germinadorap-de5832,LOT-20260506-651F-009,A2,1,0,0,Betabel,,c4,vigorosa,2026-05-11 15:20:50,4960,manual,2026-05-07 11:03:20,2026-05-06 21:07:49,13.93,1,cg_1778151798424_2,3710,cam2_20260507_050320.jpg,crops/cam2_20260507_050320_r1_c0.jpg,3712,cam2_20260507_050322.jpg,crops/cam2_20260507_050322_r1_c0.jpg,6953,27.9,,52,62.5,0,0,0,0,0,0.0,0.0,70.0,0.0,4.2,4.2,0.0,0.0,,2026-05-07 11:03:23
germ-germinadorap-de5832|LOT-20260506-651F-009|r1_c0|rep0,LOT-20260506-651F-009:A2:R0,germ-germinadorap-de5832,LOT-20260506-651F-009,A2,1,0,0,Betabel,,c4,vigorosa,2026-05-11 15:20:50,4960,manual,2026-05-07 11:18:20,2026-05-06 21:07:49,14.18,1,cg_1778152698425_2,3714,cam2_20260507_051820.jpg,crops/cam2_20260507_051820_r1_c0.jpg,3716,cam2_20260507_051822.jpg,crops/cam2_20260507_051822_r1_c0.jpg,6965,27.6,,52,69.6,0,0,0,0,0,0.0,0.0,70.0,0.0,4.5,4.5,0.0,0.0,,2026-05-07 11:18:23
germ-germinadorap-de5832|LOT-20260506-651F-009|r1_c0|rep0,LOT-20260506-651F-009:A2:R0,germ-germinadorap-de5832,LOT-20260506-651F-009,A2,1,0,0,Betabel,,c4,vigorosa,2026-05-11 15:20:50,4960,manual,2026-05-07 11:33:20,2026-05-06 21:07:49,14.43,1,cg_1778153598427_2,3718,cam2_20260507_053320.jpg,crops/cam2_20260507_053320_r1_c0.jpg,3720,cam2_20260507_053322.jpg,crops/cam2_20260507_053322_r1_c0.jpg,6977,27.9,,51,72.3,0,0,0,0,0,0.0,0.0,70.0,0.0,4.7,4.7,0.0,0.0,,2026-05-07 11:33:23
germ-germinadorap-de5832|LOT-20260506-651F-009|r1_c0|rep0,LOT-20260506-651F-009:A2:R0,germ-germinadorap-de5832,LOT-20260506-651F-009,A2,1,0,0,Betabel,,c4,vigorosa,2026-05-11 15:20:50,4960,manual,2026-05-07 11:48:20,2026-05-06 21:07:49,14.68,1,cg_1778154498430_2,3722,cam2_20260507_054819.jpg,crops/cam2_20260507_054819_r1_c0.jpg,3724,cam2_20260507_054822.jpg,crops/cam2_20260507_054822_r1_c0.jpg,6989,27.2,,52,62.5,0,0,0,0,0,0.0,0.0,70.0,0.0,5.0,5.0,0.0,0.0,,2026-05-07 11:48:23
germ-germinadorap-de5832|LOT-20260506-651F-009|r1_c0|rep0,LOT-20260506-651F-009:A2:R0,germ-germinadorap-de5832,LOT-20260506-651F-009,A2,1,0,0,Betabel,,c4,vigorosa,2026-05-11 15:20:50,4960,manual,2026-05-07 12:03:20,2026-05-06 21:07:49,14.93,1,cg_1778155398434_2,3726,cam2_20260507_060319.jpg,crops/cam2_20260507_060319_r1_c0.jpg,3728,cam2_20260507_060322.jpg,crops/cam2_20260507_060322_r1_c0.jpg,7001,27.2,,53,49.5,0,0,0,0,0,0.0,0.0,70.0,0.0,5.2,5.2,0.0,0.0,,2026-05-07 12:03:23
germ-germinadorap-de5832|LOT-20260506-651F-009|r1_c0|rep0,LOT-20260506-651F-009:A2:R0,germ-germinadorap-de5832,LOT-20260506-651F-009,A2,1,0,0,Betabel,,c4,vigorosa,2026-05-11 15:20:50,4960,manual,2026-05-07 12:19:20,2026-05-06 21:07:49,15.19,1,cg_1778156358435_2,3730,cam2_20260507_061919.jpg,crops/cam2_20260507_061919_r1_c0.jpg,3732,cam2_20260507_061922.jpg,crops/cam2_20260507_061922_r1_c0.jpg,7013,27.7,,52,54.5,0,0,0,0,0,0.0,0.0,70.0,0.0,5.5,5.5,0.0,0.0,,2026-05-07 12:19:23
germ-germinadorap-de5832|LOT-20260506-651F-009|r1_c0|rep0,LOT-20260506-651F-009:A2:R0,germ-germinadorap-de5832,LOT-20260506-651F-009,A2,1,0,0,Betabel,,c4,vigorosa,2026-05-11 15:20:50,4960,manual,2026-05-07 12:34:20,2026-05-06 21:07:49,15.44,1,cg_1778157258438_2,3734,cam2_20260507_063419.jpg,crops/cam2_20260507_063419_r1_c0.jpg,3736,cam2_20260507_063422.jpg,crops/cam2_20260507_063422_r1_c0.jpg,7025,27.2,,53,50,0,0,0,0,0,0.0,0.0,70.0,0.0,5.7,5.7,0.0,0.0,,2026-05-07 12:34:23
germ-germinadorap-de5832|LOT-20260506-651F-009|r1_c0|rep0,LOT-20260506-651F-009:A2:R0,germ-germinadorap-de5832,LOT-20260506-651F-009,A2,1,0,0,Betabel,,c4,vigorosa,2026-05-11 15:20:50,4960,manual,2026-05-07 12:49:20,2026-05-06 21:07:49,15.69,1,cg_1778158158443_2,3738,cam2_20260507_064920.jpg,crops/cam2_20260507_064920_r1_c0.jpg,3740,cam2_20260507_064922.jpg,crops/cam2_20260507_064922_r1_c0.jpg,7037,27.7,,53,53.6,0,0,0,0,0,0.0,0.0,70.0,0.0,6.0,6.0,0.0,0.0,,2026-05-07 12:49:23
germ-germinadorap-de5832|LOT-20260506-651F-009|r1_c0|rep0,LOT-20260506-651F-009:A2:R0,germ-germinadorap-de5832,LOT-20260506-651F-009,A2,1,0,0,Betabel,,c4,vigorosa,2026-05-11 15:20:50,4960,manual,2026-05-07 13:04:20,2026-05-06 21:07:49,15.94,1,cg_1778159058444_2,3742,cam2_20260507_070419.jpg,crops/cam2_20260507_070419_r1_c0.jpg,3744,cam2_20260507_070422.jpg,crops/cam2_20260507_070422_r1_c0.jpg,7049,27.3,,54,50,0,0,0,0,0,0.0,0.0,70.0,0.0,6.2,6.2,0.0,0.0,,2026-05-07 13:04:23
germ-germinadorap-de5832|LOT-20260506-651F-009|r1_c0|rep0,LOT-20260506-651F-009:A2:R0,germ-germinadorap-de5832,LOT-20260506-651F-009,A2,1,0,0,Betabel,,c4,vigorosa,2026-05-11 15:20:50,4960,manual,2026-05-07 13:19:20,2026-05-06 21:07:49,16.19,1,cg_1778159958450_2,3746,cam2_20260507_071919.jpg,crops/cam2_20260507_071919_r1_c0.jpg,3748,cam2_20260507_071922.jpg,crops/cam2_20260507_071922_r1_c0.jpg,7061,27.6,,49,98.1,0,0,0,0,0,0.0,0.0,70.0,0.0,6.5,6.5,0.0,0.0,,2026-05-07 13:19:23
germ-germinadorap-de5832|LOT-20260506-651F-009|r1_c0|rep0,LOT-20260506-651F-009:A2:R0,germ-germinadorap-de5832,LOT-20260506-651F-009,A2,1,0,0,Betabel,,c4,vigorosa,2026-05-11 15:20:50,4960,manual,2026-05-07 13:34:20,2026-05-06 21:07:49,16.44,1,cg_1778160858451_2,3750,cam2_20260507_073419.jpg,crops/cam2_20260507_073419_r1_c0.jpg,3752,cam2_20260507_073422.jpg,crops/cam2_20260507_073422_r1_c0.jpg,7073,27.5,,54,91.7,0,0,0,0,0,0.0,0.0,70.0,0.0,6.7,6.7,0.0,0.0,,2026-05-07 13:34:23
germ-germinadorap-de5832|LOT-20260506-651F-009|r1_c0|rep0,LOT-20260506-651F-009:A2:R0,germ-germinadorap-de5832,LOT-20260506-651F-009,A2,1,0,0,Betabel,,c4,vigorosa,2026-05-11 15:20:50,4960,manual,2026-05-07 13:49:20,2026-05-06 21:07:49,16.69,1,cg_1778161758454_2,3754,cam2_20260507_074920.jpg,crops/cam2_20260507_074920_r1_c0.jpg,3756,cam2_20260507_074922.jpg,crops/cam2_20260507_074922_r1_c0.jpg,7085,27.6,,53,48.4,0,0,0,0,0,0.0,0.0,70.0,0.0,7.0,7.0,0.0,0.0,,2026-05-07 13:49:23
germ-germinadorap-de5832|LOT-20260506-651F-009|r1_c0|rep0,LOT-20260506-651F-009:A2:R0,germ-germinadorap-de5832,LOT-20260506-651F-009,A2,1,0,0,Betabel,,c4,vigorosa,2026-05-11 15:20:50,4960,manual,2026-05-07 14:04:20,2026-05-06 21:07:49,16.94,1,cg_1778162658462_2,3758,cam2_20260507_080419.jpg,crops/cam2_20260507_080419_r1_c0.jpg,3760,cam2_20260507_080422.jpg,crops/cam2_20260507_080422_r1_c0.jpg,7097,27.6,,50,73.2,0,0,0,0,0,0.0,0.0,74.0,0.0,7.2,7.2,0.0,0.0,,2026-05-07 14:04:23
germ-germinadorap-de5832|LOT-20260506-651F-009|r1_c0|rep0,LOT-20260506-651F-009:A2:R0,germ-germinadorap-de5832,LOT-20260506-651F-009,A2,1,0,0,Betabel,,c4,vigorosa,2026-05-11 15:20:50,4960,manual,2026-05-07 14:19:20,2026-05-06 21:07:49,17.19,1,cg_1778163558463_2,3762,cam2_20260507_081919.jpg,crops/cam2_20260507_081919_r1_c0.jpg,3764,cam2_20260507_081922.jpg,crops/cam2_20260507_081922_r1_c0.jpg,7109,28.1,,49,57.1,0,0,0,0,0,0.0,0.0,89.0,0.0,7.5,7.5,0.0,0.0,,2026-05-07 14:19:23
germ-germinadorap-de5832|LOT-20260506-651F-009|r1_c0|rep0,LOT-20260506-651F-009:A2:R0,germ-germinadorap-de5832,LOT-20260506-651F-009,A2,1,0,0,Betabel,,c4,vigorosa,2026-05-11 15:20:50,4960,manual,2026-05-07 14:34:20,2026-05-06 21:07:49,17.44,1,cg_1778164458466_2,3766,cam2_20260507_083419.jpg,crops/cam2_20260507_083419_r1_c0.jpg,3768,cam2_20260507_083422.jpg,crops/cam2_20260507_083422_r1_c0.jpg,7121,28.4,,50,55.4,0,0,0,0,0,0.0,0.0,104.0,0.0,7.7,7.7,0.0,0.0,,2026-05-07 14:34:23
germ-germinadorap-de5832|LOT-20260506-651F-009|r1_c0|rep0,LOT-20260506-651F-009:A2:R0,germ-germinadorap-de5832,LOT-20260506-651F-009,A2,1,0,0,Betabel,,c4,vigorosa,2026-05-11 15:20:50,4960,manual,2026-05-07 14:49:20,2026-05-06 21:07:49,17.69,1,cg_1778165358467_2,3770,cam2_20260507_084920.jpg,crops/cam2_20260507_084920_r1_c0.jpg,3772,cam2_20260507_084922.jpg,crops/cam2_20260507_084922_r1_c0.jpg,7133,28.4,,47,48.5,0,0,0,0,0,0.0,0.0,119.0,0.0,8.0,8.0,0.0,0.0,,2026-05-07 14:49:23
germ-germinadorap-de5832|LOT-20260506-651F-009|r1_c0|rep0,LOT-20260506-651F-009:A2:R0,germ-germinadorap-de5832,LOT-20260506-651F-009,A2,1,0,0,Betabel,,c4,vigorosa,2026-05-11 15:20:50,4960,manual,2026-05-07 15:04:46,2026-05-06 21:07:49,17.95,1,cg_1778166284023_2,3774,cam2_20260507_090445.jpg,crops/cam2_20260507_090445_r1_c0.jpg,3776,cam2_20260507_090448.jpg,crops/cam2_20260507_090448_r1_c0.jpg,7145,29.1,,47,56.3,0,0,0,0,0,0.0,0.0,134.0,0.0,8.2,8.2,0.0,0.0,,2026-05-07 15:04:50
germ-germinadorap-de5832|LOT-20260506-651F-009|r1_c0|rep0,LOT-20260506-651F-009:A2:R0,germ-germinadorap-de5832,LOT-20260506-651F-009,A2,1,0,0,Betabel,,c4,vigorosa,2026-05-11 15:20:50,4960,manual,2026-05-07 15:19:46,2026-05-06 21:07:49,18.20,1,cg_1778167184022_2,3778,cam2_20260507_091945.jpg,crops/cam2_20260507_091945_r1_c0.jpg,3780,cam2_20260507_091948.jpg,crops/cam2_20260507_091948_r1_c0.jpg,7157,28.6,,43,47,0,0,0,0,0,0.0,0.0,149.0,0.0,8.5,8.5,0.0,0.0,,2026-05-07 15:19:50
germ-germinadorap-de5832|LOT-20260506-651F-009|r1_c0|rep0,LOT-20260506-651F-009:A2:R0,germ-germinadorap-de5832,LOT-20260506-651F-009,A2,1,0,0,Betabel,,c4,vigorosa,2026-05-11 15:20:50,4960,manual,2026-05-07 15:34:46,2026-05-06 21:07:49,18.45,1,cg_1778168084028_2,3782,cam2_20260507_093445.jpg,crops/cam2_20260507_093445_r1_c0.jpg,3784,cam2_20260507_093448.jpg,crops/cam2_20260507_093448_r1_c0.jpg,7169,28.7,,38,47.3,0,0,0,0,0,0.0,0.0,164.0,0.0,8.7,8.7,0.0,0.0,,2026-05-07 15:34:50
germ-germinadorap-de5832|LOT-20260506-651F-009|r1_c0|rep0,LOT-20260506-651F-009:A2:R0,germ-germinadorap-de5832,LOT-20260506-651F-009,A2,1,0,0,Betabel,,c4,vigorosa,2026-05-11 15:20:50,4960,manual,2026-05-07 15:49:46,2026-05-06 21:07:49,18.70,1,cg_1778168984035_2,3786,cam2_20260507_094945.jpg,crops/cam2_20260507_094945_r1_c0.jpg,3788,cam2_20260507_094948.jpg,crops/cam2_20260507_094948_r1_c0.jpg,7181,28.7,,40,47.4,0,0,0,0,0,0.0,0.0,179.0,0.0,9.0,9.0,0.0,0.0,,2026-05-07 15:49:50
germ-germinadorap-de5832|LOT-20260506-651F-009|r1_c0|rep0,LOT-20260506-651F-009:A2:R0,germ-germinadorap-de5832,LOT-20260506-651F-009,A2,1,0,0,Betabel,,c4,vigorosa,2026-05-11 15:20:50,4960,manual,2026-05-07 16:04:46,2026-05-06 21:07:49,18.95,1,cg_1778169884039_2,3790,cam2_20260507_100445.jpg,crops/cam2_20260507_100445_r1_c0.jpg,3792,cam2_20260507_100448.jpg,crops/cam2_20260507_100448_r1_c0.jpg,7193,29,,40,47.9,0,0,0,0,0,0.0,0.0,194.0,0.0,9.2,9.2,0.0,0.0,,2026-05-07 16:04:50
germ-germinadorap-de5832|LOT-20260506-651F-009|r1_c0|rep0,LOT-20260506-651F-009:A2:R0,germ-germinadorap-de5832,LOT-20260506-651F-009,A2,1,0,0,Betabel,,c4,vigorosa,2026-05-11 15:20:50,4960,manual,2026-05-07 16:19:46,2026-05-06 21:07:49,19.20,1,cg_1778170784043_2,3794,cam2_20260507_101945.jpg,crops/cam2_20260507_101945_r1_c0.jpg,3796,cam2_20260507_101948.jpg,crops/cam2_20260507_101948_r1_c0.jpg,7205,29,,43,45.7,0,0,0,0,0,0.0,0.0,209.0,0.0,9.5,9.5,0.0,0.0,,2026-05-07 16:19:49
germ-germinadorap-de5832|LOT-20260506-651F-009|r1_c0|rep0,LOT-20260506-651F-009:A2:R0,germ-germinadorap-de5832,LOT-20260506-651F-009,A2,1,0,0,Betabel,,c4,vigorosa,2026-05-11 15:20:50,4960,manual,2026-05-07 16:34:46,2026-05-06 21:07:49,19.45,1,cg_1778171684048_2,3798,cam2_20260507_103445.jpg,crops/cam2_20260507_103445_r1_c0.jpg,3800,cam2_20260507_103448.jpg,crops/cam2_20260507_103448_r1_c0.jpg,7217,29,,40,48.9,0,0,0,0,0,0.0,0.0,223.0,0.0,9.7,9.7,0.0,0.0,,2026-05-07 16:34:50
germ-germinadorap-de5832|LOT-20260506-651F-009|r1_c0|rep0,LOT-20260506-651F-009:A2:R0,germ-germinadorap-de5832,LOT-20260506-651F-009,A2,1,0,0,Betabel,,c4,vigorosa,2026-05-11 15:20:50,4960,manual,2026-05-07 16:49:46,2026-05-06 21:07:49,19.70,1,cg_1778172584053_2,3802,cam2_20260507_104945.jpg,crops/cam2_20260507_104945_r1_c0.jpg,3804,cam2_20260507_104948.jpg,crops/cam2_20260507_104948_r1_c0.jpg,7229,29.1,,40,45.7,0,0,0,0,0,0.0,0.0,238.0,0.0,10.0,10.0,0.0,0.0,,2026-05-07 16:49:50
germ-germinadorap-de5832|LOT-20260506-651F-009|r1_c0|rep0,LOT-20260506-651F-009:A2:R0,germ-germinadorap-de5832,LOT-20260506-651F-009,A2,1,0,0,Betabel,,c4,vigorosa,2026-05-11 15:20:50,4960,manual,2026-05-07 17:04:46,2026-05-06 21:07:49,19.95,1,cg_1778173484055_2,3806,cam2_20260507_110445.jpg,crops/cam2_20260507_110445_r1_c0.jpg,3808,cam2_20260507_110448.jpg,crops/cam2_20260507_110448_r1_c0.jpg,7241,29.1,,41,45.3,0,0,0,0,0,0.0,0.0,253.0,0.0,10.2,10.2,0.0,0.0,,2026-05-07 17:04:50
germ-germinadorap-de5832|LOT-20260506-651F-009|r1_c0|rep0,LOT-20260506-651F-009:A2:R0,germ-germinadorap-de5832,LOT-20260506-651F-009,A2,1,0,0,Betabel,,c4,vigorosa,2026-05-11 15:20:50,4960,manual,2026-05-07 17:21:42,2026-05-06 21:07:49,20.23,1,cg_1778174499965_2,3810,cam2_20260507_112141.jpg,crops/cam2_20260507_112141_r1_c0.jpg,3812,cam2_20260507_112144.jpg,crops/cam2_20260507_112144_r1_c0.jpg,7253,29.2,,43,43,0,0,0,0,0,0.0,0.0,270.0,0.0,10.5,10.5,0.0,0.0,,2026-05-07 17:21:46
germ-germinadorap-de5832|LOT-20260506-651F-009|r1_c0|rep0,LOT-20260506-651F-009:A2:R0,germ-germinadorap-de5832,LOT-20260506-651F-009,A2,1,0,0,Betabel,,c4,vigorosa,2026-05-11 15:20:50,4960,manual,2026-05-07 17:37:04,2026-05-06 21:07:49,20.49,1,cg_1778175422029_2,3814,cam2_20260507_113703.jpg,crops/cam2_20260507_113703_r1_c0.jpg,3816,cam2_20260507_113706.jpg,crops/cam2_20260507_113706_r1_c0.jpg,7265,28.9,,42,46.8,0,0,0,0,0,0.0,0.0,285.0,0.0,10.8,10.8,0.0,0.0,,2026-05-07 17:37:07
germ-germinadorap-de5832|LOT-20260506-651F-009|r1_c0|rep0,LOT-20260506-651F-009:A2:R0,germ-germinadorap-de5832,LOT-20260506-651F-009,A2,1,0,0,Betabel,,c4,vigorosa,2026-05-11 15:20:50,4960,manual,2026-05-07 17:52:03,2026-05-06 21:07:49,20.74,1,cg_1778176322034_2,3818,cam2_20260507_115203.jpg,crops/cam2_20260507_115203_r1_c0.jpg,3820,cam2_20260507_115206.jpg,crops/cam2_20260507_115206_r1_c0.jpg,7277,29.2,,43,47.4,0,0,0,0,0,0.0,0.0,300.0,0.0,11.0,11.0,0.0,0.0,,2026-05-07 17:52:06
germ-germinadorap-de5832|LOT-20260506-651F-009|r1_c0|rep0,LOT-20260506-651F-009:A2:R0,germ-germinadorap-de5832,LOT-20260506-651F-009,A2,1,0,0,Betabel,,c4,vigorosa,2026-05-11 15:20:50,4960,manual,2026-05-07 18:07:23,2026-05-06 21:07:49,20.99,1,cg_1778177241352_2,3822,cam2_20260507_120722.jpg,crops/cam2_20260507_120722_r1_c0.jpg,3824,cam2_20260507_120725.jpg,crops/cam2_20260507_120725_r1_c0.jpg,7289,29.3,,43,42.3,0,0,0,0,0,0.0,0.0,315.0,0.0,11.3,11.3,0.0,0.0,,2026-05-07 18:07:27
germ-germinadorap-de5832|LOT-20260506-651F-009|r1_c0|rep0,LOT-20260506-651F-009:A2:R0,germ-germinadorap-de5832,LOT-20260506-651F-009,A2,1,0,0,Betabel,,c4,vigorosa,2026-05-11 15:20:50,4960,manual,2026-05-07 18:22:23,2026-05-06 21:07:49,21.24,1,cg_1778178141350_2,3826,cam2_20260507_122222.jpg,crops/cam2_20260507_122222_r1_c0.jpg,3828,cam2_20260507_122226.jpg,crops/cam2_20260507_122226_r1_c0.jpg,7301,29.5,,41,41.6,0,0,0,0,0,0.0,0.0,330.0,0.0,11.5,11.5,0.0,0.0,,2026-05-07 18:22:27
germ-germinadorap-de5832|LOT-20260506-651F-009|r1_c0|rep0,LOT-20260506-651F-009:A2:R0,germ-germinadorap-de5832,LOT-20260506-651F-009,A2,1,0,0,Betabel,,c4,vigorosa,2026-05-11 15:20:50,4960,manual,2026-05-07 18:37:39,2026-05-06 21:07:49,21.50,1,cg_1778179057875_2,3830,cam2_20260507_123739.jpg,crops/cam2_20260507_123739_r1_c0.jpg,3832,cam2_20260507_123741.jpg,crops/cam2_20260507_123741_r1_c0.jpg,7313,28.7,,37,100,0,0,0,0,0,0.0,0.0,346.0,0.0,11.8,11.8,0.0,0.0,,2026-05-07 18:37:42
germ-germinadorap-de5832|LOT-20260506-651F-009|r1_c0|rep0,LOT-20260506-651F-009:A2:R0,germ-germinadorap-de5832,LOT-20260506-651F-009,A2,1,0,0,Betabel,,c4,vigorosa,2026-05-11 15:20:50,4960,manual,2026-05-07 18:52:39,2026-05-06 21:07:49,21.75,1,cg_1778179957831_2,3834,cam2_20260507_125239.jpg,crops/cam2_20260507_125239_r1_c0.jpg,3836,cam2_20260507_125241.jpg,crops/cam2_20260507_125241_r1_c0.jpg,7325,28.2,,37,100,0,0,0,0,0,0.0,0.0,360.0,0.0,12.0,12.0,0.0,0.0,,2026-05-07 18:52:42
germ-germinadorap-de5832|LOT-20260506-651F-009|r1_c0|rep0,LOT-20260506-651F-009:A2:R0,germ-germinadorap-de5832,LOT-20260506-651F-009,A2,1,0,0,Betabel,,c4,vigorosa,2026-05-11 15:20:50,4960,manual,2026-05-07 19:07:39,2026-05-06 21:07:49,22.00,1,cg_1778180857834_2,3838,cam2_20260507_130739.jpg,crops/cam2_20260507_130739_r1_c0.jpg,3840,cam2_20260507_130741.jpg,crops/cam2_20260507_130741_r1_c0.jpg,7337,28,,36,100,0,0,0,0,0,0.0,0.0,375.0,0.0,12.3,12.3,0.0,0.0,,2026-05-07 19:07:42
germ-germinadorap-de5832|LOT-20260506-651F-009|r1_c0|rep0,LOT-20260506-651F-009:A2:R0,germ-germinadorap-de5832,LOT-20260506-651F-009,A2,1,0,0,Betabel,,c4,vigorosa,2026-05-11 15:20:50,4960,manual,2026-05-07 19:22:39,2026-05-06 21:07:49,22.25,1,cg_1778181757834_2,3842,cam2_20260507_132239.jpg,crops/cam2_20260507_132239_r1_c0.jpg,3844,cam2_20260507_132241.jpg,crops/cam2_20260507_132241_r1_c0.jpg,7349,27.8,,36,100,0,0,0,0,0,0.0,0.0,390.0,0.0,12.5,12.5,0.0,0.0,,2026-05-07 19:22:42
germ-germinadorap-de5832|LOT-20260506-651F-009|r1_c0|rep0,LOT-20260506-651F-009:A2:R0,germ-germinadorap-de5832,LOT-20260506-651F-009,A2,1,0,0,Betabel,,c4,vigorosa,2026-05-11 15:20:50,4960,manual,2026-05-07 19:37:39,2026-05-06 21:07:49,22.50,1,cg_1778182657840_2,3846,cam2_20260507_133739.jpg,crops/cam2_20260507_133739_r1_c0.jpg,3848,cam2_20260507_133741.jpg,crops/cam2_20260507_133741_r1_c0.jpg,7361,27.7,,35,100,0,0,0,0,0,0.0,0.0,405.0,0.0,12.8,12.8,0.0,0.0,,2026-05-07 19:37:42
germ-germinadorap-de5832|LOT-20260506-651F-009|r1_c0|rep0,LOT-20260506-651F-009:A2:R0,germ-germinadorap-de5832,LOT-20260506-651F-009,A2,1,0,0,Betabel,,c4,vigorosa,2026-05-11 15:20:50,4960,manual,2026-05-07 19:52:39,2026-05-06 21:07:49,22.75,1,cg_1778183557841_2,3850,cam2_20260507_135239.jpg,crops/cam2_20260507_135239_r1_c0.jpg,3852,cam2_20260507_135241.jpg,crops/cam2_20260507_135241_r1_c0.jpg,7373,27.7,,35,100,0,0,0,0,0,0.0,0.0,420.0,0.0,13.0,13.0,0.0,0.0,,2026-05-07 19:52:42
germ-germinadorap-de5832|LOT-20260506-651F-009|r1_c0|rep0,LOT-20260506-651F-009:A2:R0,germ-germinadorap-de5832,LOT-20260506-651F-009,A2,1,0,0,Betabel,,c4,vigorosa,2026-05-11 15:20:50,4960,manual,2026-05-07 20:07:39,2026-05-06 21:07:49,23.00,1,cg_1778184457843_2,3854,cam2_20260507_140739.jpg,crops/cam2_20260507_140739_r1_c0.jpg,3856,cam2_20260507_140741.jpg,crops/cam2_20260507_140741_r1_c0.jpg,7385,27.7,,36,100,0,0,0,0,0,0.0,0.0,435.0,0.0,13.1,13.1,0.0,0.0,,2026-05-07 20:07:42
germ-germinadorap-de5832|LOT-20260506-651F-009|r1_c0|rep0,LOT-20260506-651F-009:A2:R0,germ-germinadorap-de5832,LOT-20260506-651F-009,A2,1,0,0,Betabel,,c4,vigorosa,2026-05-11 15:20:50,4960,manual,2026-05-07 20:22:39,2026-05-06 21:07:49,23.25,1,cg_1778185357843_2,3858,cam2_20260507_142239.jpg,crops/cam2_20260507_142239_r1_c0.jpg,3860,cam2_20260507_142241.jpg,crops/cam2_20260507_142241_r1_c0.jpg,7397,27.7,,35,100,0,0,0,0,0,0.0,0.0,450.0,0.0,13.1,13.1,0.0,0.0,,2026-05-07 20:22:42
germ-germinadorap-de5832|LOT-20260506-651F-009|r1_c0|rep0,LOT-20260506-651F-009:A2:R0,germ-germinadorap-de5832,LOT-20260506-651F-009,A2,1,0,0,Betabel,,c4,vigorosa,2026-05-11 15:20:50,4960,manual,2026-05-07 20:37:39,2026-05-06 21:07:49,23.50,1,cg_1778186257843_2,3862,cam2_20260507_143739.jpg,crops/cam2_20260507_143739_r1_c0.jpg,3864,cam2_20260507_143741.jpg,crops/cam2_20260507_143741_r1_c0.jpg,7409,27.6,,34,93.5,0,0,0,0,0,0.0,0.0,465.0,0.0,13.1,13.1,0.0,0.0,,2026-05-07 20:37:42
germ-germinadorap-de5832|LOT-20260506-651F-009|r1_c0|rep0,LOT-20260506-651F-009:A2:R0,germ-germinadorap-de5832,LOT-20260506-651F-009,A2,1,0,0,Betabel,,c4,vigorosa,2026-05-11 15:20:50,4960,manual,2026-05-07 20:52:39,2026-05-06 21:07:49,23.75,1,cg_1778187157846_2,3866,cam2_20260507_145239.jpg,crops/cam2_20260507_145239_r1_c0.jpg,3868,cam2_20260507_145241.jpg,crops/cam2_20260507_145241_r1_c0.jpg,7421,27.3,,35,92.6,0,0,0,0,0,0.0,0.0,480.0,0.0,13.1,13.1,0.0,0.0,,2026-05-07 20:52:42
germ-germinadorap-de5832|LOT-20260506-651F-009|r1_c0|rep0,LOT-20260506-651F-009:A2:R0,germ-germinadorap-de5832,LOT-20260506-651F-009,A2,1,0,0,Betabel,,c4,vigorosa,2026-05-11 15:20:50,4960,manual,2026-05-07 21:07:39,2026-05-06 21:07:49,24.00,1,cg_1778188057855_2,3870,cam2_20260507_150739.jpg,crops/cam2_20260507_150739_r1_c0.jpg,3872,cam2_20260507_150741.jpg,crops/cam2_20260507_150741_r1_c0.jpg,7433,27.2,,35,91.7,0,0,0,0,0,0.0,0.0,495.0,0.0,13.1,13.1,0.0,0.0,,2026-05-07 21:07:42
germ-germinadorap-de5832|LOT-20260506-651F-009|r1_c0|rep0,LOT-20260506-651F-009:A2:R0,germ-germinadorap-de5832,LOT-20260506-651F-009,A2,1,0,0,Betabel,,c4,vigorosa,2026-05-11 15:20:50,4960,manual,2026-05-07 21:22:39,2026-05-06 21:07:49,24.25,2,cg_1778188957863_2,3874,cam2_20260507_152239.jpg,crops/cam2_20260507_152239_r1_c0.jpg,3876,cam2_20260507_152241.jpg,crops/cam2_20260507_152241_r1_c0.jpg,7445,27.2,,34,84.3,0,0,0,0,0,0.0,0.0,510.0,0.0,13.1,6.6,0.0,0.0,,2026-05-07 21:22:42
germ-germinadorap-de5832|LOT-20260506-651F-009|r1_c0|rep0,LOT-20260506-651F-009:A2:R0,germ-germinadorap-de5832,LOT-20260506-651F-009,A2,1,0,0,Betabel,,c4,vigorosa,2026-05-11 15:20:50,4960,manual,2026-05-07 21:37:39,2026-05-06 21:07:49,24.50,2,cg_1778189857875_2,3878,cam2_20260507_153739.jpg,crops/cam2_20260507_153739_r1_c0.jpg,3880,cam2_20260507_153741.jpg,crops/cam2_20260507_153741_r1_c0.jpg,7457,27.3,,35,82.4,0,0,0,0,0,0.0,0.0,525.0,0.0,13.1,6.6,0.0,0.0,,2026-05-07 21:37:42
germ-germinadorap-de5832|LOT-20260506-651F-009|r1_c0|rep0,LOT-20260506-651F-009:A2:R0,germ-germinadorap-de5832,LOT-20260506-651F-009,A2,1,0,0,Betabel,,c4,vigorosa,2026-05-11 15:20:50,4960,manual,2026-05-07 21:52:39,2026-05-06 21:07:49,24.75,2,cg_1778190757882_2,3882,cam2_20260507_155239.jpg,crops/cam2_20260507_155239_r1_c0.jpg,3884,cam2_20260507_155241.jpg,crops/cam2_20260507_155241_r1_c0.jpg,7469,27.2,,34,79.6,0,0,0,0,0,0.0,0.0,540.0,0.0,13.1,6.6,0.0,0.0,,2026-05-07 21:52:42
germ-germinadorap-de5832|LOT-20260506-651F-009|r1_c0|rep0,LOT-20260506-651F-009:A2:R0,germ-germinadorap-de5832,LOT-20260506-651F-009,A2,1,0,0,Betabel,,c4,vigorosa,2026-05-11 15:20:50,4960,manual,2026-05-07 22:07:39,2026-05-06 21:07:49,25.00,2,cg_1778191657885_2,3886,cam2_20260507_160739.jpg,crops/cam2_20260507_160739_r1_c0.jpg,3888,cam2_20260507_160741.jpg,crops/cam2_20260507_160741_r1_c0.jpg,7481,27.2,,34,78.7,0,0,0,0,0,0.0,0.0,555.0,0.0,13.1,6.6,0.0,0.0,,2026-05-07 22:07:42
germ-germinadorap-de5832|LOT-20260506-651F-009|r1_c0|rep0,LOT-20260506-651F-009:A2:R0,germ-germinadorap-de5832,LOT-20260506-651F-009,A2,1,0,0,Betabel,,c4,vigorosa,2026-05-11 15:20:50,4960,manual,2026-05-07 22:22:40,2026-05-06 21:07:49,25.25,2,cg_1778192557910_2,3890,cam2_20260507_162239.jpg,crops/cam2_20260507_162239_r1_c0.jpg,3892,cam2_20260507_162242.jpg,crops/cam2_20260507_162242_r1_c0.jpg,7493,26.4,,34,57.1,0,0,0,0,0,0.0,0.0,569.0,0.0,13.1,6.6,0.0,0.0,,2026-05-07 22:22:43
germ-germinadorap-de5832|LOT-20260506-651F-009|r1_c0|rep0,LOT-20260506-651F-009:A2:R0,germ-germinadorap-de5832,LOT-20260506-651F-009,A2,1,0,0,Betabel,,c4,vigorosa,2026-05-11 15:20:50,4960,manual,2026-05-07 22:37:41,2026-05-06 21:07:49,25.50,2,cg_1778193457892_2,3894,cam2_20260507_163741.jpg,crops/cam2_20260507_163741_r1_c0.jpg,3896,cam2_20260507_163744.jpg,crops/cam2_20260507_163744_r1_c0.jpg,7505,27.3,,36,100,0,0,0,0,0,0.0,0.0,584.0,0.0,13.1,6.6,0.0,0.0,,2026-05-07 22:37:45
germ-germinadorap-de5832|LOT-20260506-651F-009|r1_c0|rep0,LOT-20260506-651F-009:A2:R0,germ-germinadorap-de5832,LOT-20260506-651F-009,A2,1,0,0,Betabel,,c4,vigorosa,2026-05-11 15:20:50,4960,manual,2026-05-07 22:52:40,2026-05-06 21:07:49,25.75,2,cg_1778194357894_2,3898,cam2_20260507_165239.jpg,crops/cam2_20260507_165239_r1_c0.jpg,3900,cam2_20260507_165242.jpg,crops/cam2_20260507_165242_r1_c0.jpg,7517,27.5,,37,49.1,0,0,0,0,0,0.0,0.0,599.0,0.0,13.2,6.6,0.0,0.0,,2026-05-07 22:52:43
germ-germinadorap-de5832|LOT-20260506-651F-009|r1_c0|rep0,LOT-20260506-651F-009:A2:R0,germ-germinadorap-de5832,LOT-20260506-651F-009,A2,1,0,0,Betabel,,c4,vigorosa,2026-05-11 15:20:50,4960,manual,2026-05-07 23:07:40,2026-05-06 21:07:49,26.00,2,cg_1778195257898_2,3902,cam2_20260507_170739.jpg,crops/cam2_20260507_170739_r1_c0.jpg,3904,cam2_20260507_170744.jpg,crops/cam2_20260507_170744_r1_c0.jpg,7529,27.5,,37,100,0,0,0,0,0,0.0,0.0,614.0,0.0,13.2,6.6,0.0,0.0,,2026-05-07 23:07:45
germ-germinadorap-de5832|LOT-20260506-651F-009|r1_c0|rep0,LOT-20260506-651F-009:A2:R0,germ-germinadorap-de5832,LOT-20260506-651F-009,A2,1,0,0,Betabel,,c4,vigorosa,2026-05-11 15:20:50,4960,manual,2026-05-07 23:22:40,2026-05-06 21:07:49,26.25,2,cg_1778196157893_2,3906,cam2_20260507_172239.jpg,crops/cam2_20260507_172239_r1_c0.jpg,3908,cam2_20260507_172242.jpg,crops/cam2_20260507_172242_r1_c0.jpg,7541,27.2,,36,48.7,0,0,0,0,0,0.0,0.0,629.0,0.0,13.2,6.6,0.0,0.0,,2026-05-07 23:22:43
germ-germinadorap-de5832|LOT-20260506-651F-009|r1_c0|rep0,LOT-20260506-651F-009:A2:R0,germ-germinadorap-de5832,LOT-20260506-651F-009,A2,1,0,0,Betabel,,c4,vigorosa,2026-05-11 15:20:50,4960,manual,2026-05-07 23:37:40,2026-05-06 21:07:49,26.50,2,cg_1778197057895_2,3910,cam2_20260507_173739.jpg,crops/cam2_20260507_173739_r1_c0.jpg,3912,cam2_20260507_173742.jpg,crops/cam2_20260507_173742_r1_c0.jpg,7553,26.9,,36,58.9,0,0,0,0,0,0.0,0.0,644.0,0.0,13.2,6.6,0.0,0.0,,2026-05-07 23:37:43
germ-germinadorap-de5832|LOT-20260506-651F-009|r1_c0|rep0,LOT-20260506-651F-009:A2:R0,germ-germinadorap-de5832,LOT-20260506-651F-009,A2,1,0,0,Betabel,,c4,vigorosa,2026-05-11 15:20:50,4960,manual,2026-05-07 23:52:40,2026-05-06 21:07:49,26.75,2,cg_1778197957902_2,3914,cam2_20260507_175239.jpg,crops/cam2_20260507_175239_r1_c0.jpg,3916,cam2_20260507_175242.jpg,crops/cam2_20260507_175242_r1_c0.jpg,7565,27,,37,49.9,0,0,0,0,0,0.0,0.0,659.0,0.0,13.2,6.6,0.0,0.0,,2026-05-07 23:52:44
germ-germinadorap-de5832|LOT-20260506-651F-009|r1_c0|rep0,LOT-20260506-651F-009:A2:R0,germ-germinadorap-de5832,LOT-20260506-651F-009,A2,1,0,0,Betabel,,c4,vigorosa,2026-05-11 15:20:50,4960,manual,2026-05-08 01:13:31,2026-05-06 21:07:49,28.09,2,cg_1778202809057_2,3918,cam2_20260507_191330.jpg,crops/cam2_20260507_191330_r1_c0.jpg,3920,cam2_20260507_191333.jpg,crops/cam2_20260507_191333_r1_c0.jpg,7577,25.8,,38,58.9,0,0,0,0,0,0.0,0.0,740.0,0.0,13.2,6.6,0.0,0.0,,2026-05-08 01:13:34
germ-germinadorap-de5832|LOT-20260506-651F-009|r1_c0|rep0,LOT-20260506-651F-009:A2:R0,germ-germinadorap-de5832,LOT-20260506-651F-009,A2,1,0,0,Betabel,,c4,vigorosa,2026-05-11 15:20:50,4960,manual,2026-05-08 01:28:30,2026-05-06 21:07:49,28.34,2,cg_1778203709053_2,3922,cam2_20260507_192830.jpg,crops/cam2_20260507_192830_r1_c0.jpg,3924,cam2_20260507_192833.jpg,crops/cam2_20260507_192833_r1_c0.jpg,7589,27,,42,91.7,0,0,0,0,0,0.0,0.0,755.0,0.0,13.2,6.6,0.0,0.0,,2026-05-08 01:28:33
germ-germinadorap-de5832|LOT-20260506-651F-009|r1_c0|rep0,LOT-20260506-651F-009:A2:R0,germ-germinadorap-de5832,LOT-20260506-651F-009,A2,1,0,0,Betabel,,c4,vigorosa,2026-05-11 15:20:50,4960,manual,2026-05-08 01:43:30,2026-05-06 21:07:49,28.59,2,cg_1778204609061_2,3926,cam2_20260507_194330.jpg,crops/cam2_20260507_194330_r1_c0.jpg,3928,cam2_20260507_194333.jpg,crops/cam2_20260507_194333_r1_c0.jpg,7601,27.6,,41,97.2,0,0,0,0,0,0.0,0.0,769.0,0.0,13.2,6.6,0.0,0.0,,2026-05-08 01:43:34
germ-germinadorap-de5832|LOT-20260506-651F-009|r1_c0|rep0,LOT-20260506-651F-009:A2:R0,germ-germinadorap-de5832,LOT-20260506-651F-009,A2,1,0,0,Betabel,,c4,vigorosa,2026-05-11 15:20:50,4960,manual,2026-05-08 01:58:30,2026-05-06 21:07:49,28.84,2,cg_1778205509068_2,3930,cam2_20260507_195830.jpg,crops/cam2_20260507_195830_r1_c0.jpg,3932,cam2_20260507_195833.jpg,crops/cam2_20260507_195833_r1_c0.jpg,7613,28,,41,94.4,0,0,0,0,0,0.0,0.0,784.0,0.0,13.2,6.6,0.0,0.0,,2026-05-08 01:58:34
germ-germinadorap-de5832|LOT-20260506-651F-009|r1_c0|rep0,LOT-20260506-651F-009:A2:R0,germ-germinadorap-de5832,LOT-20260506-651F-009,A2,1,0,0,Betabel,,c4,vigorosa,2026-05-11 15:20:50,4960,manual,2026-05-08 02:13:31,2026-05-06 21:07:49,29.09,2,cg_1778206409073_2,3934,cam2_20260507_201330.jpg,crops/cam2_20260507_201330_r1_c0.jpg,3936,cam2_20260507_201333.jpg,crops/cam2_20260507_201333_r1_c0.jpg,7625,27.8,,39,91.7,0,0,0,0,0,0.0,0.0,786.0,0.0,13.2,6.6,0.0,0.0,,2026-05-08 02:13:34
germ-germinadorap-de5832|LOT-20260506-651F-009|r1_c0|rep0,LOT-20260506-651F-009:A2:R0,germ-germinadorap-de5832,LOT-20260506-651F-009,A2,1,0,0,Betabel,,c4,vigorosa,2026-05-11 15:20:50,4960,manual,2026-05-08 02:28:31,2026-05-06 21:07:49,29.34,2,cg_1778207309077_2,3938,cam2_20260507_202830.jpg,crops/cam2_20260507_202830_r1_c0.jpg,3940,cam2_20260507_202833.jpg,crops/cam2_20260507_202833_r1_c0.jpg,7637,27.7,,40,91.7,0,0,0,0,0,0.0,0.0,786.0,0.0,13.2,6.6,0.0,0.0,,2026-05-08 02:28:34
germ-germinadorap-de5832|LOT-20260506-651F-009|r1_c0|rep0,LOT-20260506-651F-009:A2:R0,germ-germinadorap-de5832,LOT-20260506-651F-009,A2,1,0,0,Betabel,,c4,vigorosa,2026-05-11 15:20:50,4960,manual,2026-05-08 02:43:31,2026-05-06 21:07:49,29.59,2,cg_1778208209082_2,3942,cam2_20260507_204330.jpg,crops/cam2_20260507_204330_r1_c0.jpg,3944,cam2_20260507_204333.jpg,crops/cam2_20260507_204333_r1_c0.jpg,7649,27.8,,43,90.7,0,0,0,0,0,0.0,0.0,786.0,0.0,13.2,6.6,0.0,0.0,,2026-05-08 02:43:34
germ-germinadorap-de5832|LOT-20260506-651F-009|r1_c0|rep0,LOT-20260506-651F-009:A2:R0,germ-germinadorap-de5832,LOT-20260506-651F-009,A2,1,0,0,Betabel,,c4,vigorosa,2026-05-11 15:20:50,4960,manual,2026-05-08 02:58:31,2026-05-06 21:07:49,29.84,2,cg_1778209109087_2,3946,cam2_20260507_205830.jpg,crops/cam2_20260507_205830_r1_c0.jpg,3948,cam2_20260507_205833.jpg,crops/cam2_20260507_205833_r1_c0.jpg,7661,27.6,,45,85.2,0,0,0,0,0,0.0,0.0,786.0,0.0,13.2,6.6,0.0,0.0,,2026-05-08 02:58:33
germ-germinadorap-de5832|LOT-20260506-651F-009|r1_c0|rep0,LOT-20260506-651F-009:A2:R0,germ-germinadorap-de5832,LOT-20260506-651F-009,A2,1,0,0,Betabel,,c4,vigorosa,2026-05-11 15:20:50,4960,manual,2026-05-08 03:13:31,2026-05-06 21:07:49,30.09,2,cg_1778210009093_2,3950,cam2_20260507_211330.jpg,crops/cam2_20260507_211330_r1_c0.jpg,3952,cam2_20260507_211333.jpg,crops/cam2_20260507_211333_r1_c0.jpg,7673,27.6,,51,90.7,0,0,0,0,0,0.0,0.0,786.0,0.0,13.2,6.6,0.0,0.0,,2026-05-08 03:13:34
germ-germinadorap-de5832|LOT-20260506-651F-009|r1_c0|rep0,LOT-20260506-651F-009:A2:R0,germ-germinadorap-de5832,LOT-20260506-651F-009,A2,1,0,0,Betabel,,c4,vigorosa,2026-05-11 15:20:50,4960,manual,2026-05-08 03:28:31,2026-05-06 21:07:49,30.34,2,cg_1778210909096_2,3954,cam2_20260507_212830.jpg,crops/cam2_20260507_212830_r1_c0.jpg,3956,cam2_20260507_212833.jpg,crops/cam2_20260507_212833_r1_c0.jpg,7685,27.5,,42,79.6,0,0,0,0,0,0.0,0.0,786.0,0.0,13.2,6.6,0.0,0.0,,2026-05-08 03:28:34
germ-germinadorap-de5832|LOT-20260506-651F-009|r1_c0|rep0,LOT-20260506-651F-009:A2:R0,germ-germinadorap-de5832,LOT-20260506-651F-009,A2,1,0,0,Betabel,,c4,vigorosa,2026-05-11 15:20:50,4960,manual,2026-05-08 04:48:45,2026-05-06 21:07:49,31.68,2,cg_1778215723183_2,3959,cam2_20260507_224844.jpg,crops/cam2_20260507_224844_r1_c0.jpg,3961,cam2_20260507_224849.jpg,crops/cam2_20260507_224849_r1_c0.jpg,7704,26.7,,50,68.8,0,0,0,0,0,0.0,0.0,787.0,0.0,13.2,6.6,0.0,0.0,,2026-05-08 04:48:50
germ-germinadorap-de5832|LOT-20260506-651F-009|r1_c0|rep0,LOT-20260506-651F-009:A2:R0,germ-germinadorap-de5832,LOT-20260506-651F-009,A2,1,0,0,Betabel,,c4,vigorosa,2026-05-11 15:20:50,4960,manual,2026-05-08 05:03:45,2026-05-06 21:07:49,31.93,2,cg_1778216623182_2,3963,cam2_20260507_230345.jpg,crops/cam2_20260507_230345_r1_c0.jpg,3965,cam2_20260507_230349.jpg,crops/cam2_20260507_230349_r1_c0.jpg,7716,27,,56,74.1,0,0,0,0,0,0.0,0.0,787.0,0.0,13.2,6.6,0.0,0.0,,2026-05-08 05:03:50
germ-germinadorap-de5832|LOT-20260506-651F-009|r1_c0|rep0,LOT-20260506-651F-009:A2:R0,germ-germinadorap-de5832,LOT-20260506-651F-009,A2,1,0,0,Betabel,,c4,vigorosa,2026-05-11 15:20:50,4960,manual,2026-05-08 05:18:45,2026-05-06 21:07:49,32.18,2,cg_1778217523187_2,3966,cam2_20260507_231844.jpg,crops/cam2_20260507_231844_r1_c0.jpg,3968,cam2_20260507_231847.jpg,crops/cam2_20260507_231847_r1_c0.jpg,7721,27.2,,55,69.6,0,0,0,0,0,0.0,0.0,787.0,0.0,13.2,6.6,0.0,0.0,,2026-05-08 05:18:48
germ-germinadorap-de5832|LOT-20260506-651F-009|r1_c0|rep0,LOT-20260506-651F-009:A2:R0,germ-germinadorap-de5832,LOT-20260506-651F-009,A2,1,0,0,Betabel,,c4,vigorosa,2026-05-11 15:20:50,4960,manual,2026-05-08 05:33:45,2026-05-06 21:07:49,32.43,2,cg_1778218423193_2,3971,cam2_20260507_233345.jpg,crops/cam2_20260507_233345_r1_c0.jpg,3973,cam2_20260507_233349.jpg,crops/cam2_20260507_233349_r1_c0.jpg,7740,27.3,,56,49,0,0,0,0,0,0.0,0.0,788.0,0.0,13.2,6.6,0.0,0.0,,2026-05-08 05:33:50
germ-germinadorap-de5832|LOT-20260506-651F-009|r1_c0|rep0,LOT-20260506-651F-009:A2:R0,germ-germinadorap-de5832,LOT-20260506-651F-009,A2,1,0,0,Betabel,,c4,vigorosa,2026-05-11 15:20:50,4960,manual,2026-05-08 05:48:45,2026-05-06 21:07:49,32.68,2,cg_1778219323201_2,3974,cam2_20260507_234844.jpg,crops/cam2_20260507_234844_r1_c0.jpg,3976,cam2_20260507_234847.jpg,crops/cam2_20260507_234847_r1_c0.jpg,7745,27.4,,56,70.5,0,0,0,0,0,0.0,0.0,788.0,0.0,13.2,6.6,0.0,0.0,,2026-05-08 05:48:48
germ-germinadorap-de5832|LOT-20260506-651F-009|r1_c0|rep0,LOT-20260506-651F-009:A2:R0,germ-germinadorap-de5832,LOT-20260506-651F-009,A2,1,0,0,Betabel,,c4,vigorosa,2026-05-11 15:20:50,4960,manual,2026-05-08 06:03:45,2026-05-06 21:07:49,32.93,2,cg_1778220223206_2,3978,cam2_20260508_000344.jpg,crops/cam2_20260508_000344_r1_c0.jpg,3980,cam2_20260508_000347.jpg,crops/cam2_20260508_000347_r1_c0.jpg,7757,27.5,,55,48.9,0,0,0,0,0,0.0,0.0,788.0,0.0,13.2,6.6,0.0,0.0,,2026-05-08 06:03:48
germ-germinadorap-de5832|LOT-20260506-651F-009|r1_c0|rep0,LOT-20260506-651F-009:A2:R0,germ-germinadorap-de5832,LOT-20260506-651F-009,A2,1,0,0,Betabel,,c4,vigorosa,2026-05-11 15:20:50,4960,manual,2026-05-08 06:18:45,2026-05-06 21:07:49,33.18,2,cg_1778221123210_2,3983,cam2_20260508_001845.jpg,crops/cam2_20260508_001845_r1_c0.jpg,3985,cam2_20260508_001849.jpg,crops/cam2_20260508_001849_r1_c0.jpg,7776,27.6,,56,48.4,0,0,0,0,0,0.0,0.0,788.0,0.0,13.2,6.6,0.0,0.0,,2026-05-08 06:18:50
germ-germinadorap-de5832|LOT-20260506-651F-009|r1_c0|rep0,LOT-20260506-651F-009:A2:R0,germ-germinadorap-de5832,LOT-20260506-651F-009,A2,1,0,0,Betabel,,c4,vigorosa,2026-05-11 15:20:50,4960,manual,2026-05-08 06:33:45,2026-05-06 21:07:49,33.43,2,cg_1778222023217_2,3986,cam2_20260508_003344.jpg,crops/cam2_20260508_003344_r1_c0.jpg,3988,cam2_20260508_003348.jpg,crops/cam2_20260508_003348_r1_c0.jpg,7781,27.6,,56,59.8,0,0,0,0,0,0.0,0.0,788.0,0.0,13.2,6.6,0.0,0.0,,2026-05-08 06:33:49
germ-germinadorap-de5832|LOT-20260506-651F-009|r1_c0|rep0,LOT-20260506-651F-009:A2:R0,germ-germinadorap-de5832,LOT-20260506-651F-009,A2,1,0,0,Betabel,,c4,vigorosa,2026-05-11 15:20:50,4960,manual,2026-05-08 06:48:45,2026-05-06 21:07:49,33.68,2,cg_1778222923220_2,3991,cam2_20260508_004845.jpg,crops/cam2_20260508_004845_r1_c0.jpg,3993,cam2_20260508_004849.jpg,crops/cam2_20260508_004849_r1_c0.jpg,7800,27.5,,57,49.4,0,0,0,0,0,0.0,0.0,788.0,0.0,13.2,6.6,0.0,0.0,,2026-05-08 06:48:50
germ-germinadorap-de5832|LOT-20260506-651F-009|r1_c0|rep0,LOT-20260506-651F-009:A2:R0,germ-germinadorap-de5832,LOT-20260506-651F-009,A2,1,0,0,Betabel,,c4,vigorosa,2026-05-11 15:20:50,4960,manual,2026-05-08 07:03:45,2026-05-06 21:07:49,33.93,2,cg_1778223823221_2,3994,cam2_20260508_010344.jpg,crops/cam2_20260508_010344_r1_c0.jpg,3996,cam2_20260508_010347.jpg,crops/cam2_20260508_010347_r1_c0.jpg,7805,27.6,,52,48.6,0,0,0,0,0,0.0,0.0,788.0,0.0,13.2,6.6,0.0,0.0,,2026-05-08 07:03:48
germ-germinadorap-de5832|LOT-20260506-651F-009|r1_c0|rep0,LOT-20260506-651F-009:A2:R0,germ-germinadorap-de5832,LOT-20260506-651F-009,A2,1,0,0,Betabel,,c4,vigorosa,2026-05-11 15:20:50,4960,manual,2026-05-08 07:18:45,2026-05-06 21:07:49,34.18,2,cg_1778224723222_2,3999,cam2_20260508_011845.jpg,crops/cam2_20260508_011845_r1_c0.jpg,4001,cam2_20260508_011849.jpg,crops/cam2_20260508_011849_r1_c0.jpg,7824,27.5,,54,56.3,0,0,0,0,0,0.0,0.0,788.0,0.0,13.2,6.6,0.0,0.0,,2026-05-08 07:18:50
germ-germinadorap-de5832|LOT-20260506-651F-009|r1_c0|rep0,LOT-20260506-651F-009:A2:R0,germ-germinadorap-de5832,LOT-20260506-651F-009,A2,1,0,0,Betabel,,c4,vigorosa,2026-05-11 15:20:50,4960,manual,2026-05-08 07:33:46,2026-05-06 21:07:49,34.43,2,cg_1778225623227_2,4003,cam2_20260508_013345.jpg,crops/cam2_20260508_013345_r1_c0.jpg,4005,cam2_20260508_013349.jpg,crops/cam2_20260508_013349_r1_c0.jpg,7836,27.6,,55,56.3,0,0,0,0,0,0.0,0.0,788.0,0.0,13.2,6.6,0.0,0.0,,2026-05-08 07:33:50
germ-germinadorap-de5832|LOT-20260506-651F-009|r1_c0|rep0,LOT-20260506-651F-009:A2:R0,germ-germinadorap-de5832,LOT-20260506-651F-009,A2,1,0,0,Betabel,,c4,vigorosa,2026-05-11 15:20:50,4960,manual,2026-05-08 07:48:45,2026-05-06 21:07:49,34.68,2,cg_1778226523230_2,4007,cam2_20260508_014845.jpg,crops/cam2_20260508_014845_r1_c0.jpg,4009,cam2_20260508_014849.jpg,crops/cam2_20260508_014849_r1_c0.jpg,7848,27.5,,56,54.5,0,0,0,0,0,0.0,0.0,788.0,0.0,13.2,6.6,0.0,0.0,,2026-05-08 07:48:50
germ-germinadorap-de5832|LOT-20260506-651F-009|r1_c0|rep0,LOT-20260506-651F-009:A2:R0,germ-germinadorap-de5832,LOT-20260506-651F-009,A2,1,0,0,Betabel,,c4,vigorosa,2026-05-11 15:20:50,4960,manual,2026-05-08 08:03:45,2026-05-06 21:07:49,34.93,2,cg_1778227423232_2,4010,cam2_20260508_020344.jpg,crops/cam2_20260508_020344_r1_c0.jpg,4012,cam2_20260508_020347.jpg,crops/cam2_20260508_020347_r1_c0.jpg,7853,27.6,,55,48,0,0,0,0,0,0.0,0.0,788.0,0.0,13.2,6.6,0.0,0.0,,2026-05-08 08:03:48
germ-germinadorap-de5832|LOT-20260506-651F-009|r1_c0|rep0,LOT-20260506-651F-009:A2:R0,germ-germinadorap-de5832,LOT-20260506-651F-009,A2,1,0,0,Betabel,,c4,vigorosa,2026-05-11 15:20:50,4960,manual,2026-05-08 08:18:45,2026-05-06 21:07:49,35.18,2,cg_1778228323235_2,4015,cam2_20260508_021844.jpg,crops/cam2_20260508_021844_r1_c0.jpg,4017,cam2_20260508_021849.jpg,crops/cam2_20260508_021849_r1_c0.jpg,7872,27.5,,53,47.5,0,0,0,0,0,0.0,0.0,788.0,0.0,13.5,6.7,0.0,0.0,,2026-05-08 08:18:50
germ-germinadorap-de5832|LOT-20260506-651F-009|r1_c0|rep0,LOT-20260506-651F-009:A2:R0,germ-germinadorap-de5832,LOT-20260506-651F-009,A2,1,0,0,Betabel,,c4,vigorosa,2026-05-11 15:20:50,4960,manual,2026-05-08 08:33:45,2026-05-06 21:07:49,35.43,2,cg_1778229223241_2,4018,cam2_20260508_023344.jpg,crops/cam2_20260508_023344_r1_c0.jpg,4020,cam2_20260508_023347.jpg,crops/cam2_20260508_023347_r1_c0.jpg,7877,27.6,,55,47.8,0,0,0,0,0,0.0,0.0,788.0,0.0,13.7,6.9,0.0,0.0,,2026-05-08 08:33:48
germ-germinadorap-de5832|LOT-20260506-651F-009|r1_c0|rep0,LOT-20260506-651F-009:A2:R0,germ-germinadorap-de5832,LOT-20260506-651F-009,A2,1,0,0,Betabel,,c4,vigorosa,2026-05-11 15:20:50,4960,manual,2026-05-08 08:48:45,2026-05-06 21:07:49,35.68,2,cg_1778230123241_2,4023,cam2_20260508_024844.jpg,crops/cam2_20260508_024844_r1_c0.jpg,4025,cam2_20260508_024849.jpg,crops/cam2_20260508_024849_r1_c0.jpg,7896,27.6,,55,51.8,0,0,0,0,0,0.0,0.0,788.0,0.0,14.0,7.0,0.0,0.0,,2026-05-08 08:48:50
germ-germinadorap-de5832|LOT-20260506-651F-009|r1_c0|rep0,LOT-20260506-651F-009:A2:R0,germ-germinadorap-de5832,LOT-20260506-651F-009,A2,1,0,0,Betabel,,c4,vigorosa,2026-05-11 15:20:50,4960,manual,2026-05-08 09:03:45,2026-05-06 21:07:49,35.93,2,cg_1778231023248_2,4027,cam2_20260508_030344.jpg,crops/cam2_20260508_030344_r1_c0.jpg,4029,cam2_20260508_030349.jpg,crops/cam2_20260508_030349_r1_c0.jpg,7908,27.6,,54,49.5,0,0,0,0,0,0.0,0.0,788.0,0.0,14.2,7.1,0.0,0.0,,2026-05-08 09:03:50
germ-germinadorap-de5832|LOT-20260506-651F-009|r1_c0|rep0,LOT-20260506-651F-009:A2:R0,germ-germinadorap-de5832,LOT-20260506-651F-009,A2,1,0,0,Betabel,,c4,vigorosa,2026-05-11 15:20:50,4960,manual,2026-05-08 09:18:45,2026-05-06 21:07:49,36.18,2,cg_1778231923249_2,4030,cam2_20260508_031844.jpg,crops/cam2_20260508_031844_r1_c0.jpg,4032,cam2_20260508_031847.jpg,crops/cam2_20260508_031847_r1_c0.jpg,7913,27.6,,53,49.6,0,0,0,0,0,0.0,0.0,788.0,0.0,14.5,7.2,0.0,0.0,,2026-05-08 09:18:48
germ-germinadorap-de5832|LOT-20260506-651F-009|r1_c0|rep0,LOT-20260506-651F-009:A2:R0,germ-germinadorap-de5832,LOT-20260506-651F-009,A2,1,0,0,Betabel,,c4,vigorosa,2026-05-11 15:20:50,4960,manual,2026-05-08 09:33:45,2026-05-06 21:07:49,36.43,2,cg_1778232823253_2,4035,cam2_20260508_033344.jpg,crops/cam2_20260508_033344_r1_c0.jpg,4037,cam2_20260508_033349.jpg,crops/cam2_20260508_033349_r1_c0.jpg,7932,27.6,,55,48.4,0,0,0,0,0,0.0,0.0,788.0,0.0,14.7,7.4,0.0,0.0,,2026-05-08 09:33:50
germ-germinadorap-de5832|LOT-20260506-651F-009|r1_c0|rep0,LOT-20260506-651F-009:A2:R0,germ-germinadorap-de5832,LOT-20260506-651F-009,A2,1,0,0,Betabel,,c4,vigorosa,2026-05-11 15:20:50,4960,manual,2026-05-08 09:48:45,2026-05-06 21:07:49,36.68,2,cg_1778233723258_2,4039,cam2_20260508_034845.jpg,crops/cam2_20260508_034845_r1_c0.jpg,4041,cam2_20260508_034849.jpg,crops/cam2_20260508_034849_r1_c0.jpg,7944,27.6,,54,48.5,0,0,0,0,0,0.0,0.0,788.0,0.0,15.0,7.5,0.0,0.0,,2026-05-08 09:48:50
germ-germinadorap-de5832|LOT-20260506-651F-009|r1_c0|rep0,LOT-20260506-651F-009:A2:R0,germ-germinadorap-de5832,LOT-20260506-651F-009,A2,1,0,0,Betabel,,c4,vigorosa,2026-05-11 15:20:50,4960,manual,2026-05-08 10:03:45,2026-05-06 21:07:49,36.93,2,cg_1778234623259_2,4042,cam2_20260508_040344.jpg,crops/cam2_20260508_040344_r1_c0.jpg,4044,cam2_20260508_040347.jpg,crops/cam2_20260508_040347_r1_c0.jpg,7949,27.5,,53,49.1,0,0,0,0,0,0.0,0.0,788.0,0.0,15.2,7.6,0.0,0.0,,2026-05-08 10:03:48
germ-germinadorap-de5832|LOT-20260506-651F-009|r1_c0|rep0,LOT-20260506-651F-009:A2:R0,germ-germinadorap-de5832,LOT-20260506-651F-009,A2,1,0,0,Betabel,,c4,vigorosa,2026-05-11 15:20:50,4960,manual,2026-05-08 10:18:45,2026-05-06 21:07:49,37.18,2,cg_1778235523260_2,4047,cam2_20260508_041845.jpg,crops/cam2_20260508_041845_r1_c0.jpg,4049,cam2_20260508_041849.jpg,crops/cam2_20260508_041849_r1_c0.jpg,7968,27.6,,54,48.2,0,0,0,0,0,0.0,0.0,788.0,0.0,15.5,7.7,0.0,0.0,,2026-05-08 10:18:50
germ-germinadorap-de5832|LOT-20260506-651F-009|r1_c0|rep0,LOT-20260506-651F-009:A2:R0,germ-germinadorap-de5832,LOT-20260506-651F-009,A2,1,0,0,Betabel,,c4,vigorosa,2026-05-11 15:20:50,4960,manual,2026-05-08 10:33:45,2026-05-06 21:07:49,37.43,2,cg_1778236423302_2,4051,cam2_20260508_043344.jpg,crops/cam2_20260508_043344_r1_c0.jpg,4053,cam2_20260508_043349.jpg,crops/cam2_20260508_043349_r1_c0.jpg,7980,27.5,,55,48.1,0,0,0,0,0,0.0,0.0,788.0,0.0,15.7,7.9,0.0,0.0,,2026-05-08 10:33:50
germ-germinadorap-de5832|LOT-20260506-651F-009|r1_c0|rep0,LOT-20260506-651F-009:A2:R0,germ-germinadorap-de5832,LOT-20260506-651F-009,A2,1,0,0,Betabel,,c4,vigorosa,2026-05-11 15:20:50,4960,manual,2026-05-08 10:48:45,2026-05-06 21:07:49,37.68,2,cg_1778237323262_2,4055,cam2_20260508_044844.jpg,crops/cam2_20260508_044844_r1_c0.jpg,4057,cam2_20260508_044849.jpg,crops/cam2_20260508_044849_r1_c0.jpg,7992,27.6,,54,47.5,0,0,0,0,0,0.0,0.0,788.0,0.0,16.0,8.0,0.0,0.0,,2026-05-08 10:48:50
germ-germinadorap-de5832|LOT-20260506-651F-009|r1_c0|rep0,LOT-20260506-651F-009:A2:R0,germ-germinadorap-de5832,LOT-20260506-651F-009,A2,1,0,0,Betabel,,c4,vigorosa,2026-05-11 15:20:50,4960,manual,2026-05-08 11:03:45,2026-05-06 21:07:49,37.93,2,cg_1778238223268_2,4059,cam2_20260508_050345.jpg,crops/cam2_20260508_050345_r1_c0.jpg,4061,cam2_20260508_050349.jpg,crops/cam2_20260508_050349_r1_c0.jpg,8004,27.5,,54,47.8,0,0,0,0,0,0.0,0.0,788.0,0.0,16.2,8.1,0.0,0.0,,2026-05-08 11:03:50
germ-germinadorap-de5832|LOT-20260506-651F-009|r1_c0|rep0,LOT-20260506-651F-009:A2:R0,germ-germinadorap-de5832,LOT-20260506-651F-009,A2,1,0,0,Betabel,,c4,vigorosa,2026-05-11 15:20:50,4960,manual,2026-05-08 11:18:45,2026-05-06 21:07:49,38.18,2,cg_1778239123269_2,4063,cam2_20260508_051845.jpg,crops/cam2_20260508_051845_r1_c0.jpg,4065,cam2_20260508_051849.jpg,crops/cam2_20260508_051849_r1_c0.jpg,8016,27.5,,53,47.9,0,0,0,0,0,0.0,0.0,789.0,0.0,16.5,8.2,0.0,0.0,,2026-05-08 11:18:50
germ-germinadorap-de5832|LOT-20260506-651F-009|r1_c0|rep0,LOT-20260506-651F-009:A2:R0,germ-germinadorap-de5832,LOT-20260506-651F-009,A2,1,0,0,Betabel,,c4,vigorosa,2026-05-11 15:20:50,4960,manual,2026-05-08 11:33:45,2026-05-06 21:07:49,38.43,2,cg_1778240023270_2,4067,cam2_20260508_053344.jpg,crops/cam2_20260508_053344_r1_c0.jpg,4069,cam2_20260508_053349.jpg,crops/cam2_20260508_053349_r1_c0.jpg,8028,27.5,,53,47.7,0,0,0,0,0,0.0,0.0,789.0,0.0,16.7,8.4,0.0,0.0,,2026-05-08 11:33:50
germ-germinadorap-de5832|LOT-20260506-651F-009|r1_c0|rep0,LOT-20260506-651F-009:A2:R0,germ-germinadorap-de5832,LOT-20260506-651F-009,A2,1,0,0,Betabel,,c4,vigorosa,2026-05-11 15:20:50,4960,manual,2026-05-08 11:48:45,2026-05-06 21:07:49,38.68,2,cg_1778240923271_2,4070,cam2_20260508_054844.jpg,crops/cam2_20260508_054844_r1_c0.jpg,4072,cam2_20260508_054847.jpg,crops/cam2_20260508_054847_r1_c0.jpg,8033,27.5,,54,47.9,0,0,0,0,0,0.0,0.0,789.0,0.0,17.0,8.5,0.0,0.0,,2026-05-08 11:48:48
germ-germinadorap-de5832|LOT-20260506-651F-009|r1_c0|rep0,LOT-20260506-651F-009:A2:R0,germ-germinadorap-de5832,LOT-20260506-651F-009,A2,1,0,0,Betabel,,c4,vigorosa,2026-05-11 15:20:50,4960,manual,2026-05-08 12:03:45,2026-05-06 21:07:49,38.93,2,cg_1778241823272_2,4074,cam2_20260508_060344.jpg,crops/cam2_20260508_060344_r1_c0.jpg,4076,cam2_20260508_060347.jpg,crops/cam2_20260508_060347_r1_c0.jpg,8045,27.5,,55,47.5,0,0,0,0,0,0.0,0.0,789.0,0.0,17.2,8.6,0.0,0.0,,2026-05-08 12:03:48
germ-germinadorap-de5832|LOT-20260506-651F-009|r1_c0|rep0,LOT-20260506-651F-009:A2:R0,germ-germinadorap-de5832,LOT-20260506-651F-009,A2,1,0,0,Betabel,,c4,vigorosa,2026-05-11 15:20:50,4960,manual,2026-05-08 12:18:45,2026-05-06 21:07:49,39.18,2,cg_1778242723277_2,4078,cam2_20260508_061844.jpg,crops/cam2_20260508_061844_r1_c0.jpg,4080,cam2_20260508_061847.jpg,crops/cam2_20260508_061847_r1_c0.jpg,8057,27.5,,54,47.5,0,0,0,0,0,0.0,0.0,789.0,0.0,17.5,8.7,0.0,0.0,,2026-05-08 12:18:48
germ-germinadorap-de5832|LOT-20260506-651F-009|r1_c0|rep0,LOT-20260506-651F-009:A2:R0,germ-germinadorap-de5832,LOT-20260506-651F-009,A2,1,0,0,Betabel,,c4,vigorosa,2026-05-11 15:20:50,4960,manual,2026-05-08 12:33:45,2026-05-06 21:07:49,39.43,2,cg_1778243623285_2,4083,cam2_20260508_063345.jpg,crops/cam2_20260508_063345_r1_c0.jpg,4085,cam2_20260508_063349.jpg,crops/cam2_20260508_063349_r1_c0.jpg,8076,27.5,,52,47.2,0,0,0,0,0,0.0,0.0,789.0,0.0,17.7,8.9,0.0,0.0,,2026-05-08 12:33:50
germ-germinadorap-de5832|LOT-20260506-651F-009|r1_c0|rep0,LOT-20260506-651F-009:A2:R0,germ-germinadorap-de5832,LOT-20260506-651F-009,A2,1,0,0,Betabel,,c4,vigorosa,2026-05-11 15:20:50,4960,manual,2026-05-08 12:48:45,2026-05-06 21:07:49,39.68,2,cg_1778244523295_2,4087,cam2_20260508_064845.jpg,crops/cam2_20260508_064845_r1_c0.jpg,4089,cam2_20260508_064850.jpg,crops/cam2_20260508_064850_r1_c0.jpg,8088,27.5,,50,46.7,0,0,0,0,0,0.0,0.0,789.0,0.0,17.9,9.0,0.0,0.0,,2026-05-08 12:48:51
germ-germinadorap-de5832|LOT-20260506-651F-009|r1_c0|rep0,LOT-20260506-651F-009:A2:R0,germ-germinadorap-de5832,LOT-20260506-651F-009,A2,1,0,0,Betabel,,c4,vigorosa,2026-05-11 15:20:50,4960,manual,2026-05-08 13:03:45,2026-05-06 21:07:49,39.93,2,cg_1778245423302_2,4090,cam2_20260508_070344.jpg,crops/cam2_20260508_070344_r1_c0.jpg,4092,cam2_20260508_070347.jpg,crops/cam2_20260508_070347_r1_c0.jpg,8093,27.3,,51,47,0,0,0,0,0,0.0,0.0,789.0,0.0,18.2,9.1,0.0,0.0,,2026-05-08 13:03:48
germ-germinadorap-de5832|LOT-20260506-651F-009|r1_c0|rep0,LOT-20260506-651F-009:A2:R0,germ-germinadorap-de5832,LOT-20260506-651F-009,A2,1,0,0,Betabel,,c4,vigorosa,2026-05-11 15:20:50,4960,manual,2026-05-08 13:18:45,2026-05-06 21:07:49,40.18,2,cg_1778246323311_2,4094,cam2_20260508_071844.jpg,crops/cam2_20260508_071844_r1_c0.jpg,4096,cam2_20260508_071847.jpg,crops/cam2_20260508_071847_r1_c0.jpg,8105,27.2,,51,46.5,0,0,0,0,0,0.0,0.0,789.0,0.0,18.4,9.2,0.0,0.0,,2026-05-08 13:18:48
germ-germinadorap-de5832|LOT-20260506-651F-009|r1_c0|rep0,LOT-20260506-651F-009:A2:R0,germ-germinadorap-de5832,LOT-20260506-651F-009,A2,1,0,0,Betabel,,c4,vigorosa,2026-05-11 15:20:50,4960,manual,2026-05-08 13:33:45,2026-05-06 21:07:49,40.43,2,cg_1778247223318_2,4098,cam2_20260508_073344.jpg,crops/cam2_20260508_073344_r1_c0.jpg,4100,cam2_20260508_073347.jpg,crops/cam2_20260508_073347_r1_c0.jpg,8117,27.2,,51,46.4,0,0,0,0,0,0.0,0.0,789.0,0.0,18.7,9.3,0.0,0.0,,2026-05-08 13:33:48
germ-germinadorap-de5832|LOT-20260506-651F-009|r1_c0|rep0,LOT-20260506-651F-009:A2:R0,germ-germinadorap-de5832,LOT-20260506-651F-009,A2,1,0,0,Betabel,,c4,vigorosa,2026-05-11 15:20:50,4960,manual,2026-05-08 13:48:45,2026-05-06 21:07:49,40.68,2,cg_1778248123322_2,4103,cam2_20260508_074845.jpg,crops/cam2_20260508_074845_r1_c0.jpg,4105,cam2_20260508_074849.jpg,crops/cam2_20260508_074849_r1_c0.jpg,8136,27.2,,53,45.7,0,0,0,0,0,0.0,0.0,789.0,0.0,18.9,9.5,0.0,0.0,,2026-05-08 13:48:50
germ-germinadorap-de5832|LOT-20260506-651F-009|r1_c0|rep0,LOT-20260506-651F-009:A2:R0,germ-germinadorap-de5832,LOT-20260506-651F-009,A2,1,0,0,Betabel,,c4,vigorosa,2026-05-11 15:20:50,4960,manual,2026-05-08 14:03:45,2026-05-06 21:07:49,40.93,2,cg_1778249023334_2,4106,cam2_20260508_080344.jpg,crops/cam2_20260508_080344_r1_c0.jpg,4108,cam2_20260508_080347.jpg,crops/cam2_20260508_080347_r1_c0.jpg,8141,27.4,,52,45.8,0,0,0,0,0,0.0,0.0,793.0,0.0,19.2,9.6,0.0,0.0,,2026-05-08 14:03:48
germ-germinadorap-de5832|LOT-20260506-651F-009|r1_c0|rep0,LOT-20260506-651F-009:A2:R0,germ-germinadorap-de5832,LOT-20260506-651F-009,A2,1,0,0,Betabel,,c4,vigorosa,2026-05-11 15:20:50,4960,manual,2026-05-08 14:18:45,2026-05-06 21:07:49,41.18,2,cg_1778249923343_2,4110,cam2_20260508_081844.jpg,crops/cam2_20260508_081844_r1_c0.jpg,4112,cam2_20260508_081847.jpg,crops/cam2_20260508_081847_r1_c0.jpg,8153,27.7,,49,44.7,0,0,0,0,0,0.0,0.0,807.0,0.0,19.4,9.7,0.0,0.0,,2026-05-08 14:18:48
germ-germinadorap-de5832|LOT-20260506-651F-009|r1_c0|rep0,LOT-20260506-651F-009:A2:R0,germ-germinadorap-de5832,LOT-20260506-651F-009,A2,1,0,0,Betabel,,c4,vigorosa,2026-05-11 15:20:50,4960,manual,2026-05-08 14:33:45,2026-05-06 21:07:49,41.43,2,cg_1778250823346_2,4114,cam2_20260508_083344.jpg,crops/cam2_20260508_083344_r1_c0.jpg,4116,cam2_20260508_083347.jpg,crops/cam2_20260508_083347_r1_c0.jpg,8165,28,,50,44.6,0,0,0,0,0,0.0,0.0,822.0,0.0,19.7,9.8,0.0,0.0,,2026-05-08 14:33:48
germ-germinadorap-de5832|LOT-20260506-651F-009|r1_c0|rep0,LOT-20260506-651F-009:A2:R0,germ-germinadorap-de5832,LOT-20260506-651F-009,A2,1,0,0,Betabel,,c4,vigorosa,2026-05-11 15:20:50,4960,manual,2026-05-08 14:48:45,2026-05-06 21:07:49,41.68,2,cg_1778251723357_2,4118,cam2_20260508_084844.jpg,crops/cam2_20260508_084844_r1_c0.jpg,4120,cam2_20260508_084847.jpg,crops/cam2_20260508_084847_r1_c0.jpg,8177,28.5,,49,44.5,0,0,0,0,0,0.0,0.0,837.0,0.0,19.9,10.0,0.0,0.0,,2026-05-08 14:48:48
germ-germinadorap-de5832|LOT-20260506-651F-009|r1_c0|rep0,LOT-20260506-651F-009:A2:R0,germ-germinadorap-de5832,LOT-20260506-651F-009,A2,1,0,0,Betabel,,c4,vigorosa,2026-05-11 15:20:50,4960,manual,2026-05-08 15:03:45,2026-05-06 21:07:49,41.93,2,cg_1778252623366_2,4122,cam2_20260508_090344.jpg,crops/cam2_20260508_090344_r1_c0.jpg,4124,cam2_20260508_090347.jpg,crops/cam2_20260508_090347_r1_c0.jpg,8189,28.8,,49,44.6,0,0,0,0,0,0.0,0.0,852.0,0.0,20.2,10.1,0.0,0.0,,2026-05-08 15:03:48
germ-germinadorap-de5832|LOT-20260506-651F-009|r1_c0|rep0,LOT-20260506-651F-009:A2:R0,germ-germinadorap-de5832,LOT-20260506-651F-009,A2,1,0,0,Betabel,,c4,vigorosa,2026-05-11 15:20:50,4960,manual,2026-05-08 15:18:45,2026-05-06 21:07:49,42.18,2,cg_1778253523374_2,4126,cam2_20260508_091844.jpg,crops/cam2_20260508_091844_r1_c0.jpg,4128,cam2_20260508_091847.jpg,crops/cam2_20260508_091847_r1_c0.jpg,8201,28.8,,42,44.3,0,0,0,0,0,0.0,0.0,867.0,0.0,20.4,10.2,0.0,0.0,,2026-05-08 15:18:48
germ-germinadorap-de5832|LOT-20260506-651F-009|r1_c0|rep0,LOT-20260506-651F-009:A2:R0,germ-germinadorap-de5832,LOT-20260506-651F-009,A2,1,0,0,Betabel,,c4,vigorosa,2026-05-11 15:20:50,4960,manual,2026-05-08 15:33:45,2026-05-06 21:07:49,42.43,2,cg_1778254423383_2,4130,cam2_20260508_093344.jpg,crops/cam2_20260508_093344_r1_c0.jpg,4132,cam2_20260508_093347.jpg,crops/cam2_20260508_093347_r1_c0.jpg,8213,28.7,,42,44.3,0,0,0,0,0,0.0,0.0,882.0,0.0,20.7,10.3,0.0,0.0,,2026-05-08 15:33:48
germ-germinadorap-de5832|LOT-20260506-651F-009|r1_c0|rep0,LOT-20260506-651F-009:A2:R0,germ-germinadorap-de5832,LOT-20260506-651F-009,A2,1,0,0,Betabel,,c4,vigorosa,2026-05-11 15:20:50,4960,manual,2026-05-08 15:48:45,2026-05-06 21:07:49,42.68,2,cg_1778255323386_2,4134,cam2_20260508_094844.jpg,crops/cam2_20260508_094844_r1_c0.jpg,4136,cam2_20260508_094847.jpg,crops/cam2_20260508_094847_r1_c0.jpg,8225,28.7,,41,43.8,0,0,0,0,0,0.0,0.0,897.0,0.0,20.9,10.5,0.0,0.0,,2026-05-08 15:48:48
germ-germinadorap-de5832|LOT-20260506-651F-009|r1_c0|rep0,LOT-20260506-651F-009:A2:R0,germ-germinadorap-de5832,LOT-20260506-651F-009,A2,1,0,0,Betabel,,c4,vigorosa,2026-05-11 15:20:50,4960,manual,2026-05-08 16:03:45,2026-05-06 21:07:49,42.93,2,cg_1778256223394_2,4138,cam2_20260508_100344.jpg,crops/cam2_20260508_100344_r1_c0.jpg,4140,cam2_20260508_100347.jpg,crops/cam2_20260508_100347_r1_c0.jpg,8237,28.8,,41,42.9,0,0,0,0,0,0.0,0.0,912.0,0.0,21.2,10.6,0.0,0.0,,2026-05-08 16:03:48
germ-germinadorap-de5832|LOT-20260506-651F-009|r1_c0|rep0,LOT-20260506-651F-009:A2:R0,germ-germinadorap-de5832,LOT-20260506-651F-009,A2,1,0,0,Betabel,,c4,vigorosa,2026-05-11 15:20:50,4960,manual,2026-05-08 16:18:45,2026-05-06 21:07:49,43.18,2,cg_1778257123403_2,4142,cam2_20260508_101844.jpg,crops/cam2_20260508_101844_r1_c0.jpg,4144,cam2_20260508_101847.jpg,crops/cam2_20260508_101847_r1_c0.jpg,8249,28.9,,42,44.1,0,0,0,0,0,0.0,0.0,927.0,0.0,21.4,10.7,0.0,0.0,,2026-05-08 16:18:48
germ-germinadorap-de5832|LOT-20260506-651F-009|r1_c0|rep0,LOT-20260506-651F-009:A2:R0,germ-germinadorap-de5832,LOT-20260506-651F-009,A2,1,0,0,Betabel,,c4,vigorosa,2026-05-11 15:20:50,4960,manual,2026-05-08 16:33:45,2026-05-06 21:07:49,43.43,2,cg_1778258023413_2,4146,cam2_20260508_103344.jpg,crops/cam2_20260508_103344_r1_c0.jpg,4148,cam2_20260508_103347.jpg,crops/cam2_20260508_103347_r1_c0.jpg,8261,28.7,,40,43.2,0,0,0,0,0,0.0,0.0,942.0,0.0,21.7,10.8,0.0,0.0,,2026-05-08 16:33:48
germ-germinadorap-de5832|LOT-20260506-651F-009|r1_c0|rep0,LOT-20260506-651F-009:A2:R0,germ-germinadorap-de5832,LOT-20260506-651F-009,A2,1,0,0,Betabel,,c4,vigorosa,2026-05-11 15:20:50,4960,manual,2026-05-08 16:48:45,2026-05-06 21:07:49,43.68,2,cg_1778258923424_2,4150,cam2_20260508_104845.jpg,crops/cam2_20260508_104845_r1_c0.jpg,4152,cam2_20260508_104847.jpg,crops/cam2_20260508_104847_r1_c0.jpg,8273,28.1,,39,42.5,0,0,0,0,0,0.0,0.0,957.0,0.0,21.9,11.0,0.0,0.0,,2026-05-08 16:48:48
germ-germinadorap-de5832|LOT-20260506-651F-009|r1_c0|rep0,LOT-20260506-651F-009:A2:R0,germ-germinadorap-de5832,LOT-20260506-651F-009,A2,1,0,0,Betabel,,c4,vigorosa,2026-05-11 15:20:50,4960,manual,2026-05-08 17:03:45,2026-05-06 21:07:49,43.93,2,cg_1778259823429_2,4154,cam2_20260508_110344.jpg,crops/cam2_20260508_110344_r1_c0.jpg,4156,cam2_20260508_110347.jpg,crops/cam2_20260508_110347_r1_c0.jpg,8285,27.8,,38,41.9,0,0,0,0,0,0.0,0.0,971.0,0.0,22.2,11.1,0.0,0.0,,2026-05-08 17:03:48
germ-germinadorap-de5832|LOT-20260506-651F-009|r1_c0|rep0,LOT-20260506-651F-009:A2:R0,germ-germinadorap-de5832,LOT-20260506-651F-009,A2,1,0,0,Betabel,,c4,vigorosa,2026-05-11 15:20:50,4960,manual,2026-05-08 17:18:45,2026-05-06 21:07:49,44.18,2,cg_1778260723434_2,4158,cam2_20260508_111844.jpg,crops/cam2_20260508_111844_r1_c0.jpg,4160,cam2_20260508_111847.jpg,crops/cam2_20260508_111847_r1_c0.jpg,8297,27.6,,36,41.7,0,0,0,0,0,0.0,0.0,986.0,0.0,22.4,11.2,0.0,0.0,,2026-05-08 17:18:48
germ-germinadorap-de5832|LOT-20260506-651F-009|r1_c0|rep0,LOT-20260506-651F-009:A2:R0,germ-germinadorap-de5832,LOT-20260506-651F-009,A2,1,0,0,Betabel,,c4,vigorosa,2026-05-11 15:20:50,4960,manual,2026-05-08 17:33:45,2026-05-06 21:07:49,44.43,2,cg_1778261623438_2,4162,cam2_20260508_113345.jpg,crops/cam2_20260508_113345_r1_c0.jpg,4164,cam2_20260508_113348.jpg,crops/cam2_20260508_113348_r1_c0.jpg,8309,27.4,,37,61.6,0,0,0,0,0,0.0,0.0,1001.0,0.0,22.7,11.3,0.0,0.0,,2026-05-08 17:33:49
germ-germinadorap-de5832|LOT-20260506-651F-009|r1_c0|rep0,LOT-20260506-651F-009:A2:R0,germ-germinadorap-de5832,LOT-20260506-651F-009,A2,1,0,0,Betabel,,c4,vigorosa,2026-05-11 15:20:50,4960,manual,2026-05-08 17:48:45,2026-05-06 21:07:49,44.68,2,cg_1778262523444_2,4167,cam2_20260508_114845.jpg,crops/cam2_20260508_114845_r1_c0.jpg,4169,cam2_20260508_114850.jpg,crops/cam2_20260508_114850_r1_c0.jpg,8328,27.3,,39,52.7,0,0,0,0,0,0.0,0.0,1016.0,0.0,22.9,11.5,0.0,0.0,,2026-05-08 17:48:52
germ-germinadorap-de5832|LOT-20260506-651F-009|r1_c0|rep0,LOT-20260506-651F-009:A2:R0,germ-germinadorap-de5832,LOT-20260506-651F-009,A2,1,0,0,Betabel,,c4,vigorosa,2026-05-11 15:20:50,4960,manual,2026-05-08 18:03:45,2026-05-06 21:07:49,44.93,2,cg_1778263423456_2,4170,cam2_20260508_120344.jpg,crops/cam2_20260508_120344_r1_c0.jpg,4172,cam2_20260508_120347.jpg,crops/cam2_20260508_120347_r1_c0.jpg,8333,27.4,,39,100,0,0,0,0,0,0.0,0.0,1031.0,0.0,23.2,11.6,0.0,0.0,,2026-05-08 18:03:48
germ-germinadorap-de5832|LOT-20260506-651F-009|r1_c0|rep0,LOT-20260506-651F-009:A2:R0,germ-germinadorap-de5832,LOT-20260506-651F-009,A2,1,0,0,Betabel,,c4,vigorosa,2026-05-11 15:20:50,4960,manual,2026-05-08 18:18:45,2026-05-06 21:07:49,45.18,2,cg_1778264323460_2,4174,cam2_20260508_121844.jpg,crops/cam2_20260508_121844_r1_c0.jpg,4176,cam2_20260508_121847.jpg,crops/cam2_20260508_121847_r1_c0.jpg,8345,27.2,,39,100,0,0,0,0,0,0.0,0.0,1046.0,0.0,23.4,11.7,0.0,0.0,,2026-05-08 18:18:48
germ-germinadorap-de5832|LOT-20260506-651F-009|r1_c0|rep0,LOT-20260506-651F-009:A2:R0,germ-germinadorap-de5832,LOT-20260506-651F-009,A2,1,0,0,Betabel,,c4,vigorosa,2026-05-11 15:20:50,4960,manual,2026-05-08 18:34:21,2026-05-06 21:07:49,45.44,2,cg_1778265259137_2,4178,cam2_20260508_123420.jpg,crops/cam2_20260508_123420_r1_c0.jpg,4180,cam2_20260508_123423.jpg,crops/cam2_20260508_123423_r1_c0.jpg,8357,27.3,,37,83.3,0,0,0,0,0,0.0,0.0,1061.0,0.0,23.7,11.8,0.0,0.0,,2026-05-08 18:34:24
germ-germinadorap-de5832|LOT-20260506-651F-009|r1_c0|rep0,LOT-20260506-651F-009:A2:R0,germ-germinadorap-de5832,LOT-20260506-651F-009,A2,1,0,0,Betabel,,c4,vigorosa,2026-05-11 15:20:50,4960,manual,2026-05-08 18:49:21,2026-05-06 21:07:49,45.69,2,cg_1778266159137_2,4182,cam2_20260508_124920.jpg,crops/cam2_20260508_124920_r1_c0.jpg,4184,cam2_20260508_124923.jpg,crops/cam2_20260508_124923_r1_c0.jpg,8369,27.5,,36,100,0,0,0,0,0,0.0,0.0,1076.0,0.0,23.9,12.0,0.0,0.0,,2026-05-08 18:49:24
germ-germinadorap-de5832|LOT-20260506-651F-009|r1_c0|rep0,LOT-20260506-651F-009:A2:R0,germ-germinadorap-de5832,LOT-20260506-651F-009,A2,1,0,0,Betabel,,c4,vigorosa,2026-05-11 15:20:50,4960,manual,2026-05-08 19:04:21,2026-05-06 21:07:49,45.94,2,cg_1778267059139_2,4186,cam2_20260508_130420.jpg,crops/cam2_20260508_130420_r1_c0.jpg,4188,cam2_20260508_130423.jpg,crops/cam2_20260508_130423_r1_c0.jpg,8381,27.4,,37,77.8,0,0,0,0,0,0.0,0.0,1091.0,0.0,24.2,12.1,0.0,0.0,,2026-05-08 19:04:24
germ-germinadorap-de5832|LOT-20260506-651F-009|r1_c0|rep0,LOT-20260506-651F-009:A2:R0,germ-germinadorap-de5832,LOT-20260506-651F-009,A2,1,0,0,Betabel,,c4,vigorosa,2026-05-11 15:20:50,4960,manual,2026-05-08 19:19:21,2026-05-06 21:07:49,46.19,2,cg_1778267959140_2,4190,cam2_20260508_131920.jpg,crops/cam2_20260508_131920_r1_c0.jpg,4192,cam2_20260508_131923.jpg,crops/cam2_20260508_131923_r1_c0.jpg,8393,27.2,,37,100,0,0,0,0,0,0.0,0.0,1106.0,0.0,24.4,12.2,0.0,0.0,,2026-05-08 19:19:24
germ-germinadorap-de5832|LOT-20260506-651F-009|r1_c0|rep0,LOT-20260506-651F-009:A2:R0,germ-germinadorap-de5832,LOT-20260506-651F-009,A2,1,0,0,Betabel,,c4,vigorosa,2026-05-11 15:20:50,4960,manual,2026-05-08 19:34:21,2026-05-06 21:07:49,46.44,2,cg_1778268859143_2,4194,cam2_20260508_133420.jpg,crops/cam2_20260508_133420_r1_c0.jpg,4196,cam2_20260508_133423.jpg,crops/cam2_20260508_133423_r1_c0.jpg,8405,27.2,,37,72.3,0,0,0,0,0,0.0,0.0,1121.0,0.0,24.7,12.3,0.0,0.0,,2026-05-08 19:34:24
germ-germinadorap-de5832|LOT-20260506-651F-009|r1_c0|rep0,LOT-20260506-651F-009:A2:R0,germ-germinadorap-de5832,LOT-20260506-651F-009,A2,1,0,0,Betabel,,c4,vigorosa,2026-05-11 15:20:50,4960,manual,2026-05-08 19:49:21,2026-05-06 21:07:49,46.69,2,cg_1778269759143_2,4198,cam2_20260508_134920.jpg,crops/cam2_20260508_134920_r1_c0.jpg,4200,cam2_20260508_134923.jpg,crops/cam2_20260508_134923_r1_c0.jpg,8417,27.2,,37,100,0,0,0,0,0,0.0,0.0,1136.0,0.0,24.9,12.5,0.0,0.0,,2026-05-08 19:49:24
germ-germinadorap-de5832|LOT-20260506-651F-009|r1_c0|rep0,LOT-20260506-651F-009:A2:R0,germ-germinadorap-de5832,LOT-20260506-651F-009,A2,1,0,0,Betabel,,c4,vigorosa,2026-05-11 15:20:50,4960,manual,2026-05-08 20:04:21,2026-05-06 21:07:49,46.94,2,cg_1778270659143_2,4202,cam2_20260508_140420.jpg,crops/cam2_20260508_140420_r1_c0.jpg,4204,cam2_20260508_140423.jpg,crops/cam2_20260508_140423_r1_c0.jpg,8429,27.3,,37,100,0,0,0,0,0,0.0,0.0,1151.0,0.0,25.1,12.6,0.0,0.0,,2026-05-08 20:04:24
germ-germinadorap-de5832|LOT-20260506-651F-009|r1_c0|rep0,LOT-20260506-651F-009:A2:R0,germ-germinadorap-de5832,LOT-20260506-651F-009,A2,1,0,0,Betabel,,c4,vigorosa,2026-05-11 15:20:50,4960,manual,2026-05-08 20:19:21,2026-05-06 21:07:49,47.19,2,cg_1778271559146_2,4206,cam2_20260508_141920.jpg,crops/cam2_20260508_141920_r1_c0.jpg,4208,cam2_20260508_141923.jpg,crops/cam2_20260508_141923_r1_c0.jpg,8441,27.2,,38,100,0,0,0,0,0,0.0,0.0,1166.0,0.0,25.1,12.6,0.0,0.0,,2026-05-08 20:19:24
germ-germinadorap-de5832|LOT-20260506-651F-009|r1_c0|rep0,LOT-20260506-651F-009:A2:R0,germ-germinadorap-de5832,LOT-20260506-651F-009,A2,1,0,0,Betabel,,c4,vigorosa,2026-05-11 15:20:50,4960,manual,2026-05-08 20:34:21,2026-05-06 21:07:49,47.44,2,cg_1778272459148_2,4210,cam2_20260508_143420.jpg,crops/cam2_20260508_143420_r1_c0.jpg,4212,cam2_20260508_143423.jpg,crops/cam2_20260508_143423_r1_c0.jpg,8453,27.2,,39,100,0,0,0,0,0,0.0,0.0,1181.0,0.0,25.1,12.6,0.0,0.0,,2026-05-08 20:34:24
germ-germinadorap-de5832|LOT-20260506-651F-009|r1_c0|rep0,LOT-20260506-651F-009:A2:R0,germ-germinadorap-de5832,LOT-20260506-651F-009,A2,1,0,0,Betabel,,c4,vigorosa,2026-05-11 15:20:50,4960,manual,2026-05-08 20:49:21,2026-05-06 21:07:49,47.69,2,cg_1778273359155_2,4214,cam2_20260508_144920.jpg,crops/cam2_20260508_144920_r1_c0.jpg,4216,cam2_20260508_144923.jpg,crops/cam2_20260508_144923_r1_c0.jpg,8465,27.2,,37,100,0,0,0,0,0,0.0,0.0,1196.0,0.0,25.1,12.6,0.0,0.0,,2026-05-08 20:49:24
germ-germinadorap-de5832|LOT-20260506-651F-009|r1_c0|rep0,LOT-20260506-651F-009:A2:R0,germ-germinadorap-de5832,LOT-20260506-651F-009,A2,1,0,0,Betabel,,c4,vigorosa,2026-05-11 15:20:50,4960,manual,2026-05-08 21:04:21,2026-05-06 21:07:49,47.94,2,cg_1778274259161_2,4218,cam2_20260508_150420.jpg,crops/cam2_20260508_150420_r1_c0.jpg,4220,cam2_20260508_150423.jpg,crops/cam2_20260508_150423_r1_c0.jpg,8477,27.3,,39,100,0,0,0,0,0,0.0,0.0,1211.0,0.0,25.1,12.6,0.0,0.0,,2026-05-08 21:04:24
germ-germinadorap-de5832|LOT-20260506-651F-009|r1_c0|rep0,LOT-20260506-651F-009:A2:R0,germ-germinadorap-de5832,LOT-20260506-651F-009,A2,1,0,0,Betabel,,c4,vigorosa,2026-05-11 15:20:50,4960,manual,2026-05-08 21:19:21,2026-05-06 21:07:49,48.19,3,cg_1778275159169_2,4223,cam2_20260508_151920.jpg,crops/cam2_20260508_151920_r1_c0.jpg,4225,cam2_20260508_151925.jpg,crops/cam2_20260508_151925_r1_c0.jpg,8496,27.2,,38,94.4,0,0,0,0,0,0.0,0.0,1226.0,0.0,25.1,8.4,0.0,0.0,,2026-05-08 21:19:26
germ-germinadorap-de5832|LOT-20260506-651F-009|r1_c0|rep0,LOT-20260506-651F-009:A2:R0,germ-germinadorap-de5832,LOT-20260506-651F-009,A2,1,0,0,Betabel,,c4,vigorosa,2026-05-11 15:20:50,4960,manual,2026-05-08 21:34:21,2026-05-06 21:07:49,48.44,3,cg_1778276059175_2,4226,cam2_20260508_153420.jpg,crops/cam2_20260508_153420_r1_c0.jpg,4228,cam2_20260508_153423.jpg,crops/cam2_20260508_153423_r1_c0.jpg,8501,27.1,,40,100,0,0,0,0,0,0.0,0.0,1241.0,0.0,25.1,8.4,0.0,0.0,,2026-05-08 21:34:24
germ-germinadorap-de5832|LOT-20260506-651F-009|r1_c0|rep0,LOT-20260506-651F-009:A2:R0,germ-germinadorap-de5832,LOT-20260506-651F-009,A2,1,0,0,Betabel,,c4,vigorosa,2026-05-11 15:20:50,4960,manual,2026-05-08 21:49:21,2026-05-06 21:07:49,48.69,3,cg_1778276959189_2,4230,cam2_20260508_154920.jpg,crops/cam2_20260508_154920_r1_c0.jpg,4232,cam2_20260508_154923.jpg,crops/cam2_20260508_154923_r1_c0.jpg,8513,27.2,,41,100,0,0,0,0,0,0.0,0.0,1255.0,0.0,25.1,8.4,0.0,0.0,,2026-05-08 21:49:24
germ-germinadorap-de5832|LOT-20260506-651F-009|r1_c0|rep0,LOT-20260506-651F-009:A2:R0,germ-germinadorap-de5832,LOT-20260506-651F-009,A2,1,0,0,Betabel,,c4,vigorosa,2026-05-11 15:20:50,4960,manual,2026-05-08 22:04:21,2026-05-06 21:07:49,48.94,3,cg_1778277859193_2,4234,cam2_20260508_160420.jpg,crops/cam2_20260508_160420_r1_c0.jpg,4236,cam2_20260508_160423.jpg,crops/cam2_20260508_160423_r1_c0.jpg,8525,27.1,,39,100,0,0,0,0,0,0.0,0.0,1270.0,0.0,25.1,8.4,0.0,0.0,,2026-05-08 22:04:24
germ-germinadorap-de5832|LOT-20260506-651F-009|r1_c0|rep0,LOT-20260506-651F-009:A2:R0,germ-germinadorap-de5832,LOT-20260506-651F-009,A2,1,0,0,Betabel,,c4,vigorosa,2026-05-11 15:20:50,4960,manual,2026-05-08 22:19:21,2026-05-06 21:07:49,49.19,3,cg_1778278759204_2,4238,cam2_20260508_161920.jpg,crops/cam2_20260508_161920_r1_c0.jpg,4240,cam2_20260508_161923.jpg,crops/cam2_20260508_161923_r1_c0.jpg,8537,27.2,,38,95.4,0,0,0,0,0,0.0,0.0,1285.0,0.0,25.1,8.4,0.0,0.0,,2026-05-08 22:19:24
germ-germinadorap-de5832|LOT-20260506-651F-009|r1_c0|rep0,LOT-20260506-651F-009:A2:R0,germ-germinadorap-de5832,LOT-20260506-651F-009,A2,1,0,0,Betabel,,c4,vigorosa,2026-05-11 15:20:50,4960,manual,2026-05-08 22:34:21,2026-05-06 21:07:49,49.44,3,cg_1778279659206_2,4242,cam2_20260508_163420.jpg,crops/cam2_20260508_163420_r1_c0.jpg,4244,cam2_20260508_163423.jpg,crops/cam2_20260508_163423_r1_c0.jpg,8549,27.7,,40,100,0,0,0,0,0,0.0,0.0,1300.0,0.0,25.1,8.4,0.0,0.0,,2026-05-08 22:34:24
germ-germinadorap-de5832|LOT-20260506-651F-009|r1_c0|rep0,LOT-20260506-651F-009:A2:R0,germ-germinadorap-de5832,LOT-20260506-651F-009,A2,1,0,0,Betabel,,c4,vigorosa,2026-05-11 15:20:50,4960,manual,2026-05-08 22:49:21,2026-05-06 21:07:49,49.69,3,cg_1778280559212_2,4246,cam2_20260508_164920.jpg,crops/cam2_20260508_164920_r1_c0.jpg,4248,cam2_20260508_164923.jpg,crops/cam2_20260508_164923_r1_c0.jpg,8561,28.1,,40,100,0,0,0,0,0,0.0,0.0,1315.0,0.0,25.1,8.4,0.0,0.0,,2026-05-08 22:49:24
germ-germinadorap-de5832|LOT-20260506-651F-009|r1_c0|rep0,LOT-20260506-651F-009:A2:R0,germ-germinadorap-de5832,LOT-20260506-651F-009,A2,1,0,0,Betabel,,c4,vigorosa,2026-05-11 15:20:50,4960,manual,2026-05-08 23:04:21,2026-05-06 21:07:49,49.94,3,cg_1778281459217_2,4250,cam2_20260508_170420.jpg,crops/cam2_20260508_170420_r1_c0.jpg,4252,cam2_20260508_170423.jpg,crops/cam2_20260508_170423_r1_c0.jpg,8573,28.4,,41,100,0,0,0,0,0,0.0,0.0,1330.0,0.0,25.1,8.4,0.0,0.0,,2026-05-08 23:04:24
germ-germinadorap-de5832|LOT-20260506-651F-009|r1_c0|rep0,LOT-20260506-651F-009:A2:R0,germ-germinadorap-de5832,LOT-20260506-651F-009,A2,1,0,0,Betabel,,c4,vigorosa,2026-05-11 15:20:50,4960,manual,2026-05-08 23:19:21,2026-05-06 21:07:49,50.19,3,cg_1778282359225_2,4254,cam2_20260508_171920.jpg,crops/cam2_20260508_171920_r1_c0.jpg,4256,cam2_20260508_171923.jpg,crops/cam2_20260508_171923_r1_c0.jpg,8585,28.5,,39,100,0,0,0,0,0,0.0,0.0,1345.0,0.0,25.1,8.4,0.0,0.0,,2026-05-08 23:19:24
germ-germinadorap-de5832|LOT-20260506-651F-009|r1_c0|rep0,LOT-20260506-651F-009:A2:R0,germ-germinadorap-de5832,LOT-20260506-651F-009,A2,1,0,0,Betabel,,c4,vigorosa,2026-05-11 15:20:50,4960,manual,2026-05-08 23:34:21,2026-05-06 21:07:49,50.44,3,cg_1778283259230_2,4258,cam2_20260508_173420.jpg,crops/cam2_20260508_173420_r1_c0.jpg,4260,cam2_20260508_173423.jpg,crops/cam2_20260508_173423_r1_c0.jpg,8597,28.7,,39,100,0,0,0,0,0,0.0,0.0,1360.0,0.0,25.1,8.4,0.0,0.0,,2026-05-08 23:34:24
germ-germinadorap-de5832|LOT-20260506-651F-009|r1_c0|rep0,LOT-20260506-651F-009:A2:R0,germ-germinadorap-de5832,LOT-20260506-651F-009,A2,1,0,0,Betabel,,c4,vigorosa,2026-05-11 15:20:50,4960,manual,2026-05-08 23:49:21,2026-05-06 21:07:49,50.69,3,cg_1778284159245_2,4262,cam2_20260508_174920.jpg,crops/cam2_20260508_174920_r1_c0.jpg,4264,cam2_20260508_174923.jpg,crops/cam2_20260508_174923_r1_c0.jpg,8609,28.7,,39,100,0,0,0,0,0,0.0,0.0,1375.0,0.0,25.1,8.4,0.0,0.0,,2026-05-08 23:49:24
germ-germinadorap-de5832|LOT-20260506-651F-009|r1_c0|rep0,LOT-20260506-651F-009:A2:R0,germ-germinadorap-de5832,LOT-20260506-651F-009,A2,1,0,0,Betabel,,c4,vigorosa,2026-05-11 15:20:50,4960,manual,2026-05-09 00:04:21,2026-05-06 21:07:49,50.94,3,cg_1778285059250_2,4266,cam2_20260508_180420.jpg,crops/cam2_20260508_180420_r1_c0.jpg,4268,cam2_20260508_180423.jpg,crops/cam2_20260508_180423_r1_c0.jpg,8621,28.7,,41,100,0,0,0,1,0,15.0,0.0,1390.0,0.0,25.1,8.4,0.0,0.0,,2026-05-09 00:04:24
germ-germinadorap-de5832|LOT-20260506-651F-009|r1_c0|rep0,LOT-20260506-651F-009:A2:R0,germ-germinadorap-de5832,LOT-20260506-651F-009,A2,1,0,0,Betabel,,c4,vigorosa,2026-05-11 15:20:50,4960,manual,2026-05-09 00:19:21,2026-05-06 21:07:49,51.19,3,cg_1778285959263_2,4270,cam2_20260508_181920.jpg,crops/cam2_20260508_181920_r1_c0.jpg,4272,cam2_20260508_181923.jpg,crops/cam2_20260508_181923_r1_c0.jpg,8633,28.6,,40,100,0,0,0,0,0,0.0,0.0,1405.0,0.0,25.1,8.4,0.0,0.0,,2026-05-09 00:19:24
germ-germinadorap-de5832|LOT-20260506-651F-009|r1_c0|rep0,LOT-20260506-651F-009:A2:R0,germ-germinadorap-de5832,LOT-20260506-651F-009,A2,1,0,0,Betabel,,c4,vigorosa,2026-05-11 15:20:50,4960,manual,2026-05-09 00:34:21,2026-05-06 21:07:49,51.44,3,cg_1778286859268_2,4274,cam2_20260508_183420.jpg,crops/cam2_20260508_183420_r1_c0.jpg,4276,cam2_20260508_183423.jpg,crops/cam2_20260508_183423_r1_c0.jpg,8645,28,,40,98.1,0,0,0,0,0,0.0,0.0,1420.0,0.0,25.1,8.4,0.0,0.0,,2026-05-09 00:34:24
germ-germinadorap-de5832|LOT-20260506-651F-009|r1_c0|rep0,LOT-20260506-651F-009:A2:R0,germ-germinadorap-de5832,LOT-20260506-651F-009,A2,1,0,0,Betabel,,c4,vigorosa,2026-05-11 15:20:50,4960,manual,2026-05-09 00:49:21,2026-05-06 21:07:49,51.69,3,cg_1778287759273_2,4278,cam2_20260508_184920.jpg,crops/cam2_20260508_184920_r1_c0.jpg,4280,cam2_20260508_184923.jpg,crops/cam2_20260508_184923_r1_c0.jpg,8657,27.5,,38,93.5,0,0,0,0,0,0.0,0.0,1435.0,0.0,25.1,8.4,0.0,0.0,,2026-05-09 00:49:24
germ-germinadorap-de5832|LOT-20260506-651F-009|r1_c0|rep0,LOT-20260506-651F-009:A2:R0,germ-germinadorap-de5832,LOT-20260506-651F-009,A2,1,0,0,Betabel,,c4,vigorosa,2026-05-11 15:20:50,4960,manual,2026-05-09 01:04:21,2026-05-06 21:07:49,51.94,3,cg_1778288659277_2,4282,cam2_20260508_190420.jpg,crops/cam2_20260508_190420_r1_c0.jpg,4284,cam2_20260508_190423.jpg,crops/cam2_20260508_190423_r1_c0.jpg,8669,27.7,,42,97.2,0,0,0,0,0,0.0,0.0,1449.0,0.0,25.1,8.4,0.0,0.0,,2026-05-09 01:04:24
germ-germinadorap-de5832|LOT-20260506-651F-009|r1_c0|rep0,LOT-20260506-651F-009:A2:R0,germ-germinadorap-de5832,LOT-20260506-651F-009,A2,1,0,0,Betabel,,c4,vigorosa,2026-05-11 15:20:50,4960,manual,2026-05-09 01:19:21,2026-05-06 21:07:49,52.19,3,cg_1778289559280_2,4286,cam2_20260508_191920.jpg,crops/cam2_20260508_191920_r1_c0.jpg,4288,cam2_20260508_191923.jpg,crops/cam2_20260508_191923_r1_c0.jpg,8681,28.2,,42,100,0,0,0,0,0,0.0,0.0,1464.0,0.0,25.1,8.4,0.0,0.0,,2026-05-09 01:19:24
germ-germinadorap-de5832|LOT-20260506-651F-009|r1_c0|rep0,LOT-20260506-651F-009:A2:R0,germ-germinadorap-de5832,LOT-20260506-651F-009,A2,1,0,0,Betabel,,c4,vigorosa,2026-05-11 15:20:50,4960,manual,2026-05-09 01:34:21,2026-05-06 21:07:49,52.44,3,cg_1778290459286_2,4290,cam2_20260508_193420.jpg,crops/cam2_20260508_193420_r1_c0.jpg,4292,cam2_20260508_193423.jpg,crops/cam2_20260508_193423_r1_c0.jpg,8693,28.4,,41,98.1,0,0,0,0,0,0.0,0.0,1479.0,0.0,25.1,8.4,0.0,0.0,,2026-05-09 01:34:24
germ-germinadorap-de5832|LOT-20260506-651F-009|r1_c0|rep0,LOT-20260506-651F-009:A2:R0,germ-germinadorap-de5832,LOT-20260506-651F-009,A2,1,0,0,Betabel,,c4,vigorosa,2026-05-11 15:20:50,4960,manual,2026-05-09 01:49:21,2026-05-06 21:07:49,52.69,3,cg_1778291359296_2,4294,cam2_20260508_194920.jpg,crops/cam2_20260508_194920_r1_c0.jpg,4296,cam2_20260508_194923.jpg,crops/cam2_20260508_194923_r1_c0.jpg,8705,28.5,,43,93.5,0,0,0,0,0,0.0,0.0,1494.0,0.0,25.2,8.4,0.0,0.0,,2026-05-09 01:49:24
germ-germinadorap-de5832|LOT-20260506-651F-009|r1_c0|rep0,LOT-20260506-651F-009:A2:R0,germ-germinadorap-de5832,LOT-20260506-651F-009,A2,1,0,0,Betabel,,c4,vigorosa,2026-05-11 15:20:50,4960,manual,2026-05-09 02:04:21,2026-05-06 21:07:49,52.94,3,cg_1778292259307_2,4298,cam2_20260508_200420.jpg,crops/cam2_20260508_200420_r1_c0.jpg,4300,cam2_20260508_200423.jpg,crops/cam2_20260508_200423_r1_c0.jpg,8717,28.5,,41,95.4,0,0,0,0,0,0.0,0.0,1505.0,0.0,25.2,8.4,0.0,0.0,,2026-05-09 02:04:24
germ-germinadorap-de5832|LOT-20260506-651F-009|r1_c0|rep0,LOT-20260506-651F-009:A2:R0,germ-germinadorap-de5832,LOT-20260506-651F-009,A2,1,0,0,Betabel,,c4,vigorosa,2026-05-11 15:20:50,4960,manual,2026-05-09 02:19:21,2026-05-06 21:07:49,53.19,3,cg_1778293159312_2,4302,cam2_20260508_201920.jpg,crops/cam2_20260508_201920_r1_c0.jpg,4304,cam2_20260508_201923.jpg,crops/cam2_20260508_201923_r1_c0.jpg,8729,28.1,,41,91.7,0,0,0,0,0,0.0,0.0,1505.0,0.0,25.2,8.4,0.0,0.0,,2026-05-09 02:19:24
germ-germinadorap-de5832|LOT-20260506-651F-009|r1_c0|rep0,LOT-20260506-651F-009:A2:R0,germ-germinadorap-de5832,LOT-20260506-651F-009,A2,1,0,0,Betabel,,c4,vigorosa,2026-05-11 15:20:50,4960,manual,2026-05-09 02:34:21,2026-05-06 21:07:49,53.44,3,cg_1778294059325_2,4306,cam2_20260508_203420.jpg,crops/cam2_20260508_203420_r1_c0.jpg,4308,cam2_20260508_203423.jpg,crops/cam2_20260508_203423_r1_c0.jpg,8741,28,,43,90.7,0,0,0,0,0,0.0,0.0,1505.0,0.0,25.2,8.4,0.0,0.0,,2026-05-09 02:34:24
germ-germinadorap-de5832|LOT-20260506-651F-009|r1_c0|rep0,LOT-20260506-651F-009:A2:R0,germ-germinadorap-de5832,LOT-20260506-651F-009,A2,1,0,0,Betabel,,c4,vigorosa,2026-05-11 15:20:50,4960,manual,2026-05-09 02:49:21,2026-05-06 21:07:49,53.69,3,cg_1778294959331_2,4311,cam2_20260508_204921.jpg,crops/cam2_20260508_204921_r1_c0.jpg,4313,cam2_20260508_204925.jpg,crops/cam2_20260508_204925_r1_c0.jpg,8760,27.8,,42,74.1,0,0,0,0,0,0.0,0.0,1505.0,0.0,25.2,8.4,0.0,0.0,,2026-05-09 02:49:26
germ-germinadorap-de5832|LOT-20260506-651F-009|r1_c0|rep0,LOT-20260506-651F-009:A2:R0,germ-germinadorap-de5832,LOT-20260506-651F-009,A2,1,0,0,Betabel,,c4,vigorosa,2026-05-11 15:20:50,4960,manual,2026-05-09 03:04:21,2026-05-06 21:07:49,53.94,3,cg_1778295859340_2,4315,cam2_20260508_210420.jpg,crops/cam2_20260508_210420_r1_c0.jpg,4317,cam2_20260508_210425.jpg,crops/cam2_20260508_210425_r1_c0.jpg,8772,27.8,,45,69.6,0,0,0,0,0,0.0,0.0,1505.0,0.0,25.2,8.4,0.0,0.0,,2026-05-09 03:04:26
germ-germinadorap-de5832|LOT-20260506-651F-009|r1_c0|rep0,LOT-20260506-651F-009:A2:R0,germ-germinadorap-de5832,LOT-20260506-651F-009,A2,1,0,0,Betabel,,c4,vigorosa,2026-05-11 15:20:50,4960,manual,2026-05-09 03:19:21,2026-05-06 21:07:49,54.19,3,cg_1778296759345_2,4319,cam2_20260508_211920.jpg,crops/cam2_20260508_211920_r1_c0.jpg,4321,cam2_20260508_211925.jpg,crops/cam2_20260508_211925_r1_c0.jpg,8784,27.8,,43,74.1,0,0,0,0,0,0.0,0.0,1505.0,0.0,25.2,8.4,0.0,0.0,,2026-05-09 03:19:26
germ-germinadorap-de5832|LOT-20260506-651F-009|r1_c0|rep0,LOT-20260506-651F-009:A2:R0,germ-germinadorap-de5832,LOT-20260506-651F-009,A2,1,0,0,Betabel,,c4,vigorosa,2026-05-11 15:20:50,4960,manual,2026-05-09 03:34:21,2026-05-06 21:07:49,54.44,3,cg_1778297659349_2,4322,cam2_20260508_213421.jpg,crops/cam2_20260508_213421_r1_c0.jpg,4324,cam2_20260508_213424.jpg,crops/cam2_20260508_213424_r1_c0.jpg,8789,27.7,,43,49.5,0,0,0,0,0,0.0,0.0,1505.0,0.0,25.2,8.4,0.0,0.0,,2026-05-09 03:34:24
germ-germinadorap-de5832|LOT-20260506-651F-009|r1_c0|rep0,LOT-20260506-651F-009:A2:R0,germ-germinadorap-de5832,LOT-20260506-651F-009,A2,1,0,0,Betabel,,c4,vigorosa,2026-05-11 15:20:50,4960,manual,2026-05-09 03:49:21,2026-05-06 21:07:49,54.69,3,cg_1778298559352_2,4327,cam2_20260508_214920.jpg,crops/cam2_20260508_214920_r1_c0.jpg,4329,cam2_20260508_214925.jpg,crops/cam2_20260508_214925_r1_c0.jpg,8808,27.7,,43,68.8,0,0,0,0,0,0.0,0.0,1505.0,0.0,25.2,8.4,0.0,0.0,,2026-05-09 03:49:26
germ-germinadorap-de5832|LOT-20260506-651F-009|r1_c0|rep0,LOT-20260506-651F-009:A2:R0,germ-germinadorap-de5832,LOT-20260506-651F-009,A2,1,0,0,Betabel,,c4,vigorosa,2026-05-11 15:20:50,4960,manual,2026-05-09 04:04:21,2026-05-06 21:07:49,54.94,3,cg_1778299459360_2,4330,cam2_20260508_220420.jpg,crops/cam2_20260508_220420_r1_c0.jpg,4332,cam2_20260508_220423.jpg,crops/cam2_20260508_220423_r1_c0.jpg,8813,27.8,,43,77.8,0,0,0,0,0,0.0,0.0,1506.0,0.0,25.2,8.4,0.0,0.0,,2026-05-09 04:04:24
germ-germinadorap-de5832|LOT-20260506-651F-009|r1_c0|rep0,LOT-20260506-651F-009:A2:R0,germ-germinadorap-de5832,LOT-20260506-651F-009,A2,1,0,0,Betabel,,c4,vigorosa,2026-05-11 15:20:50,4960,manual,2026-05-09 04:19:21,2026-05-06 21:07:49,55.19,3,cg_1778300359365_2,4334,cam2_20260508_221920.jpg,crops/cam2_20260508_221920_r1_c0.jpg,4336,cam2_20260508_221923.jpg,crops/cam2_20260508_221923_r1_c0.jpg,8825,27.9,,48,78.7,0,0,0,0,0,0.0,0.0,1506.0,0.0,25.2,8.4,0.0,0.0,,2026-05-09 04:19:24
germ-germinadorap-de5832|LOT-20260506-651F-009|r1_c0|rep0,LOT-20260506-651F-009:A2:R0,germ-germinadorap-de5832,LOT-20260506-651F-009,A2,1,0,0,Betabel,,c4,vigorosa,2026-05-11 15:20:50,4960,manual,2026-05-09 04:34:21,2026-05-06 21:07:49,55.44,3,cg_1778301259375_2,4339,cam2_20260508_223421.jpg,crops/cam2_20260508_223421_r1_c0.jpg,4341,cam2_20260508_223425.jpg,crops/cam2_20260508_223425_r1_c0.jpg,8844,27.9,,55,66.1,0,0,0,0,0,0.0,0.0,1506.0,0.0,25.2,8.4,0.0,0.0,,2026-05-09 04:34:26
germ-germinadorap-de5832|LOT-20260506-651F-009|r1_c0|rep0,LOT-20260506-651F-009:A2:R0,germ-germinadorap-de5832,LOT-20260506-651F-009,A2,1,0,0,Betabel,,c4,vigorosa,2026-05-11 15:20:50,4960,manual,2026-05-09 04:49:21,2026-05-06 21:07:49,55.69,3,cg_1778302159381_2,4343,cam2_20260508_224921.jpg,crops/cam2_20260508_224921_r1_c0.jpg,4345,cam2_20260508_224925.jpg,crops/cam2_20260508_224925_r1_c0.jpg,8856,27.8,,52,61.6,0,0,0,0,0,0.0,0.0,1506.0,0.0,25.2,8.4,0.0,0.0,,2026-05-09 04:49:26
germ-germinadorap-de5832|LOT-20260506-651F-009|r1_c0|rep0,LOT-20260506-651F-009:A2:R0,germ-germinadorap-de5832,LOT-20260506-651F-009,A2,1,0,0,Betabel,,c4,vigorosa,2026-05-11 15:20:50,4960,manual,2026-05-09 05:04:21,2026-05-06 21:07:49,55.94,3,cg_1778303059428_2,4347,cam2_20260508_230420.jpg,crops/cam2_20260508_230420_r1_c0.jpg,4349,cam2_20260508_230425.jpg,crops/cam2_20260508_230425_r1_c0.jpg,8868,27.8,,48,67,0,0,0,0,0,0.0,0.0,1506.0,0.0,25.2,8.4,0.0,0.0,,2026-05-09 05:04:26
germ-germinadorap-de5832|LOT-20260506-651F-009|r1_c0|rep0,LOT-20260506-651F-009:A2:R0,germ-germinadorap-de5832,LOT-20260506-651F-009,A2,1,0,0,Betabel,,c4,vigorosa,2026-05-11 15:20:50,4960,manual,2026-05-09 05:19:21,2026-05-06 21:07:49,56.19,3,cg_1778303959400_2,4351,cam2_20260508_231921.jpg,crops/cam2_20260508_231921_r1_c0.jpg,4353,cam2_20260508_231925.jpg,crops/cam2_20260508_231925_r1_c0.jpg,8880,27.8,,54,66.1,0,0,0,0,0,0.0,0.0,1506.0,0.0,25.2,8.4,0.0,0.0,,2026-05-09 05:19:26
germ-germinadorap-de5832|LOT-20260506-651F-009|r1_c0|rep0,LOT-20260506-651F-009:A2:R0,germ-germinadorap-de5832,LOT-20260506-651F-009,A2,1,0,0,Betabel,,c4,vigorosa,2026-05-11 15:20:50,4960,manual,2026-05-09 05:34:21,2026-05-06 21:07:49,56.44,3,cg_1778304859409_2,4354,cam2_20260508_233420.jpg,crops/cam2_20260508_233420_r1_c0.jpg,4356,cam2_20260508_233423.jpg,crops/cam2_20260508_233423_r1_c0.jpg,8885,27.7,,46,72.3,0,0,0,0,0,0.0,0.0,1506.0,0.0,25.2,8.4,0.0,0.0,,2026-05-09 05:34:24
germ-germinadorap-de5832|LOT-20260506-651F-009|r1_c0|rep0,LOT-20260506-651F-009:A2:R0,germ-germinadorap-de5832,LOT-20260506-651F-009,A2,1,0,0,Betabel,,c4,vigorosa,2026-05-11 15:20:50,4960,manual,2026-05-09 05:49:21,2026-05-06 21:07:49,56.69,3,cg_1778305759410_2,4359,cam2_20260508_234921.jpg,crops/cam2_20260508_234921_r1_c0.jpg,4361,cam2_20260508_234925.jpg,crops/cam2_20260508_234925_r1_c0.jpg,8904,26.9,,43,49.7,0,0,0,0,0,0.0,0.0,1507.0,0.0,25.2,8.4,0.0,0.0,,2026-05-09 05:49:26
germ-germinadorap-de5832|LOT-20260506-651F-009|r1_c0|rep0,LOT-20260506-651F-009:A2:R0,germ-germinadorap-de5832,LOT-20260506-651F-009,A2,1,0,0,Betabel,,c4,vigorosa,2026-05-11 15:20:50,4960,manual,2026-05-09 06:04:21,2026-05-06 21:07:49,56.94,3,cg_1778306659412_2,4362,cam2_20260509_000421.jpg,crops/cam2_20260509_000421_r1_c0.jpg,4364,cam2_20260509_000423.jpg,crops/cam2_20260509_000423_r1_c0.jpg,8909,26.7,,43,49.5,0,0,0,0,0,0.0,0.0,1507.0,0.0,25.2,8.4,0.0,0.0,,2026-05-09 06:04:24
germ-germinadorap-de5832|LOT-20260506-651F-009|r1_c0|rep0,LOT-20260506-651F-009:A2:R0,germ-germinadorap-de5832,LOT-20260506-651F-009,A2,1,0,0,Betabel,,c4,vigorosa,2026-05-11 15:20:50,4960,manual,2026-05-09 06:19:21,2026-05-06 21:07:49,57.19,3,cg_1778307559426_2,4366,cam2_20260509_001920.jpg,crops/cam2_20260509_001920_r1_c0.jpg,4368,cam2_20260509_001923.jpg,crops/cam2_20260509_001923_r1_c0.jpg,8921,26.6,,43,49.6,0,0,0,0,0,0.0,0.0,1507.0,0.0,25.2,8.4,0.0,0.0,,2026-05-09 06:19:24
germ-germinadorap-de5832|LOT-20260506-651F-009|r1_c0|rep0,LOT-20260506-651F-009:A2:R0,germ-germinadorap-de5832,LOT-20260506-651F-009,A2,1,0,0,Betabel,,c4,vigorosa,2026-05-11 15:20:50,4960,manual,2026-05-09 06:34:21,2026-05-06 21:07:49,57.44,3,cg_1778308459433_2,4370,cam2_20260509_003420.jpg,crops/cam2_20260509_003420_r1_c0.jpg,4372,cam2_20260509_003423.jpg,crops/cam2_20260509_003423_r1_c0.jpg,8933,26.5,,44,48.9,0,0,0,0,0,0.0,0.0,1507.0,0.0,25.2,8.4,0.0,0.0,,2026-05-09 06:34:24
germ-germinadorap-de5832|LOT-20260506-651F-009|r1_c0|rep0,LOT-20260506-651F-009:A2:R0,germ-germinadorap-de5832,LOT-20260506-651F-009,A2,1,0,0,Betabel,,c4,vigorosa,2026-05-11 15:20:50,4960,manual,2026-05-09 06:49:21,2026-05-06 21:07:49,57.69,3,cg_1778309359442_2,4375,cam2_20260509_004921.jpg,crops/cam2_20260509_004921_r1_c0.jpg,4377,cam2_20260509_004925.jpg,crops/cam2_20260509_004925_r1_c0.jpg,8952,26.1,,47,48.4,0,0,0,0,0,0.0,0.0,1507.0,0.0,25.2,8.4,0.0,0.0,,2026-05-09 06:49:26
germ-germinadorap-de5832|LOT-20260506-651F-009|r1_c0|rep0,LOT-20260506-651F-009:A2:R0,germ-germinadorap-de5832,LOT-20260506-651F-009,A2,1,0,0,Betabel,,c4,vigorosa,2026-05-11 15:20:50,4960,manual,2026-05-09 07:04:37,2026-05-06 21:07:49,57.95,3,cg_1778310275254_2,4379,cam2_20260509_010436.jpg,crops/cam2_20260509_010436_r1_c0.jpg,4381,cam2_20260509_010441.jpg,crops/cam2_20260509_010441_r1_c0.jpg,8964,26.8,,47,46.4,0,0,0,0,0,0.0,0.0,1507.0,0.0,25.2,8.4,0.0,0.0,,2026-05-09 07:04:42
germ-germinadorap-de5832|LOT-20260506-651F-009|r1_c0|rep0,LOT-20260506-651F-009:A2:R0,germ-germinadorap-de5832,LOT-20260506-651F-009,A2,1,0,0,Betabel,,c4,vigorosa,2026-05-11 15:20:50,4960,manual,2026-05-09 07:19:37,2026-05-06 21:07:49,58.20,3,cg_1778311175541_2,4383,cam2_20260509_011937.jpg,crops/cam2_20260509_011937_r1_c0.jpg,4385,cam2_20260509_011941.jpg,crops/cam2_20260509_011941_r1_c0.jpg,8976,27.3,,52,48.8,0,0,0,0,0,0.0,0.0,1507.0,0.0,25.2,8.4,0.0,0.0,,2026-05-09 07:19:42
germ-germinadorap-de5832|LOT-20260506-651F-009|r1_c0|rep0,LOT-20260506-651F-009:A2:R0,germ-germinadorap-de5832,LOT-20260506-651F-009,A2,1,0,0,Betabel,,c4,vigorosa,2026-05-11 15:20:50,4960,manual,2026-05-09 07:34:42,2026-05-06 21:07:49,58.45,3,cg_1778312079978_2,4387,cam2_20260509_013442.jpg,crops/cam2_20260509_013442_r1_c0.jpg,4389,cam2_20260509_013446.jpg,crops/cam2_20260509_013446_r1_c0.jpg,8988,27.3,,53,49,0,0,0,0,0,0.0,0.0,1507.0,0.0,25.2,8.4,0.0,0.0,,2026-05-09 07:34:47
germ-germinadorap-de5832|LOT-20260506-651F-009|r1_c0|rep0,LOT-20260506-651F-009:A2:R0,germ-germinadorap-de5832,LOT-20260506-651F-009,A2,1,0,0,Betabel,,c4,vigorosa,2026-05-11 15:20:50,4960,manual,2026-05-09 07:50:26,2026-05-06 21:07:49,58.71,3,cg_1778313024403_2,4391,cam2_20260509_015026.jpg,crops/cam2_20260509_015026_r1_c0.jpg,4393,cam2_20260509_015030.jpg,crops/cam2_20260509_015030_r1_c0.jpg,9000,27.3,,56,48.4,0,0,0,0,0,0.0,0.0,1509.0,0.0,25.2,8.4,0.0,0.0,,2026-05-09 07:50:31
germ-germinadorap-de5832|LOT-20260506-651F-009|r1_c0|rep0,LOT-20260506-651F-009:A2:R0,germ-germinadorap-de5832,LOT-20260506-651F-009,A2,1,0,0,Betabel,,c4,vigorosa,2026-05-11 15:20:50,4960,manual,2026-05-09 08:05:26,2026-05-06 21:07:49,58.96,3,cg_1778313924403_2,4395,cam2_20260509_020526.jpg,crops/cam2_20260509_020526_r1_c0.jpg,4397,cam2_20260509_020530.jpg,crops/cam2_20260509_020530_r1_c0.jpg,9012,27.5,,57,48.9,0,0,0,0,0,0.0,0.0,1509.0,0.0,25.3,8.4,0.0,0.0,,2026-05-09 08:05:31
germ-germinadorap-de5832|LOT-20260506-651F-009|r1_c0|rep0,LOT-20260506-651F-009:A2:R0,germ-germinadorap-de5832,LOT-20260506-651F-009,A2,1,0,0,Betabel,,c4,vigorosa,2026-05-11 15:20:50,4960,manual,2026-05-09 08:20:26,2026-05-06 21:07:49,59.21,3,cg_1778314824401_2,4398,cam2_20260509_022025.jpg,crops/cam2_20260509_022025_r1_c0.jpg,4400,cam2_20260509_022028.jpg,crops/cam2_20260509_022028_r1_c0.jpg,9017,27.4,,56,49.8,0,0,0,0,0,0.0,0.0,1509.0,0.0,25.5,8.5,0.0,0.0,,2026-05-09 08:20:29
germ-germinadorap-de5832|LOT-20260506-651F-009|r1_c0|rep0,LOT-20260506-651F-009:A2:R0,germ-germinadorap-de5832,LOT-20260506-651F-009,A2,1,0,0,Betabel,,c4,vigorosa,2026-05-11 15:20:50,4960,manual,2026-05-09 08:35:26,2026-05-06 21:07:49,59.46,3,cg_1778315724402_2,4402,cam2_20260509_023525.jpg,crops/cam2_20260509_023525_r1_c0.jpg,4404,cam2_20260509_023528.jpg,crops/cam2_20260509_023528_r1_c0.jpg,9029,27.5,,56,49,0,0,0,0,0,0.0,0.0,1509.0,0.0,25.8,8.6,0.0,0.0,,2026-05-09 08:35:29
germ-germinadorap-de5832|LOT-20260506-651F-009|r1_c0|rep0,LOT-20260506-651F-009:A2:R0,germ-germinadorap-de5832,LOT-20260506-651F-009,A2,1,0,0,Betabel,,c4,vigorosa,2026-05-11 15:20:50,4960,manual,2026-05-09 08:50:26,2026-05-06 21:07:49,59.71,3,cg_1778316624405_2,4406,cam2_20260509_025025.jpg,crops/cam2_20260509_025025_r1_c0.jpg,4408,cam2_20260509_025028.jpg,crops/cam2_20260509_025028_r1_c0.jpg,9041,27.4,,56,48.6,0,0,0,0,0,0.0,0.0,1509.0,0.0,26.0,8.7,0.0,0.0,,2026-05-09 08:50:29
germ-germinadorap-de5832|LOT-20260506-651F-009|r1_c0|rep0,LOT-20260506-651F-009:A2:R0,germ-germinadorap-de5832,LOT-20260506-651F-009,A2,1,0,0,Betabel,,c4,vigorosa,2026-05-11 15:20:50,4960,manual,2026-05-09 09:05:26,2026-05-06 21:07:49,59.96,3,cg_1778317524406_2,4410,cam2_20260509_030525.jpg,crops/cam2_20260509_030525_r1_c0.jpg,4412,cam2_20260509_030528.jpg,crops/cam2_20260509_030528_r1_c0.jpg,9053,27.3,,54,48.6,0,0,0,0,0,0.0,0.0,1509.0,0.0,26.3,8.8,0.0,0.0,,2026-05-09 09:05:29
germ-germinadorap-de5832|LOT-20260506-651F-009|r1_c0|rep0,LOT-20260506-651F-009:A2:R0,germ-germinadorap-de5832,LOT-20260506-651F-009,A2,1,0,0,Betabel,,c4,vigorosa,2026-05-11 15:20:50,4960,manual,2026-05-09 09:20:26,2026-05-06 21:07:49,60.21,3,cg_1778318424405_2,4414,cam2_20260509_032025.jpg,crops/cam2_20260509_032025_r1_c0.jpg,4416,cam2_20260509_032028.jpg,crops/cam2_20260509_032028_r1_c0.jpg,9065,27.5,,55,48.6,0,0,0,0,0,0.0,0.0,1509.0,0.0,26.5,8.8,0.0,0.0,,2026-05-09 09:20:29
germ-germinadorap-de5832|LOT-20260506-651F-009|r1_c0|rep0,LOT-20260506-651F-009:A2:R0,germ-germinadorap-de5832,LOT-20260506-651F-009,A2,1,0,0,Betabel,,c4,vigorosa,2026-05-11 15:20:50,4960,manual,2026-05-09 09:35:27,2026-05-06 21:07:49,60.46,3,cg_1778319324408_2,4419,cam2_20260509_033527.jpg,crops/cam2_20260509_033527_r1_c0.jpg,4421,cam2_20260509_033530.jpg,crops/cam2_20260509_033530_r1_c0.jpg,9084,27.2,,54,47.6,0,0,0,0,0,0.0,0.0,1509.0,0.0,26.8,8.9,0.0,0.0,,2026-05-09 09:35:31
germ-germinadorap-de5832|LOT-20260506-651F-009|r1_c0|rep0,LOT-20260506-651F-009:A2:R0,germ-germinadorap-de5832,LOT-20260506-651F-009,A2,1,0,0,Betabel,,c4,vigorosa,2026-05-11 15:20:50,4960,manual,2026-05-09 09:50:40,2026-05-06 21:07:49,60.71,3,cg_1778320224410_2,4422,cam2_20260509_035040.jpg,crops/cam2_20260509_035040_r1_c0.jpg,4423,cam2_20260509_035042.jpg,crops/cam2_20260509_035042_r1_c0.jpg,9089,27.3,,56,42.5,0,0,0,0,0,0.0,0.0,1509.0,0.0,27.0,9.0,0.0,0.0,,2026-05-09 09:50:44
germ-germinadorap-de5832|LOT-20260506-651F-009|r1_c0|rep0,LOT-20260506-651F-009:A2:R0,germ-germinadorap-de5832,LOT-20260506-651F-009,A2,1,0,0,Betabel,,c4,vigorosa,2026-05-11 15:20:50,4960,manual,2026-05-09 10:05:26,2026-05-06 21:07:49,60.96,3,cg_1778321124410_2,4425,cam2_20260509_040526.jpg,crops/cam2_20260509_040526_r1_c0.jpg,4427,cam2_20260509_040530.jpg,crops/cam2_20260509_040530_r1_c0.jpg,9101,27.3,,55,47.8,0,0,0,0,0,0.0,0.0,1509.0,0.0,27.3,9.1,0.0,0.0,,2026-05-09 10:05:31
germ-germinadorap-de5832|LOT-20260506-651F-009|r1_c0|rep0,LOT-20260506-651F-009:A2:R0,germ-germinadorap-de5832,LOT-20260506-651F-009,A2,1,0,0,Betabel,,c4,vigorosa,2026-05-11 15:20:50,4960,manual,2026-05-09 10:20:26,2026-05-06 21:07:49,61.21,3,cg_1778322024409_2,4428,cam2_20260509_042026.jpg,crops/cam2_20260509_042026_r1_c0.jpg,4430,cam2_20260509_042028.jpg,crops/cam2_20260509_042028_r1_c0.jpg,9106,27.3,,55,47.7,0,0,0,0,0,0.0,0.0,1509.0,0.0,27.5,9.2,0.0,0.0,,2026-05-09 10:20:29
germ-germinadorap-de5832|LOT-20260506-651F-009|r1_c0|rep0,LOT-20260506-651F-009:A2:R0,germ-germinadorap-de5832,LOT-20260506-651F-009,A2,1,0,0,Betabel,,c4,vigorosa,2026-05-11 15:20:50,4960,manual,2026-05-09 10:35:26,2026-05-06 21:07:49,61.46,3,cg_1778322924413_2,4432,cam2_20260509_043525.jpg,crops/cam2_20260509_043525_r1_c0.jpg,4434,cam2_20260509_043528.jpg,crops/cam2_20260509_043528_r1_c0.jpg,9118,27.2,,55,47.6,0,0,0,0,0,0.0,0.0,1509.0,0.0,27.8,9.3,0.0,0.0,,2026-05-09 10:35:29
germ-germinadorap-de5832|LOT-20260506-651F-009|r1_c0|rep0,LOT-20260506-651F-009:A2:R0,germ-germinadorap-de5832,LOT-20260506-651F-009,A2,1,0,0,Betabel,,c4,vigorosa,2026-05-11 15:20:50,4960,manual,2026-05-09 10:50:26,2026-05-06 21:07:49,61.71,3,cg_1778323824415_2,4436,cam2_20260509_045025.jpg,crops/cam2_20260509_045025_r1_c0.jpg,4438,cam2_20260509_045028.jpg,crops/cam2_20260509_045028_r1_c0.jpg,9130,27.3,,54,47.4,0,0,0,0,0,0.0,0.0,1509.0,0.0,28.0,9.3,0.0,0.0,,2026-05-09 10:50:29
germ-germinadorap-de5832|LOT-20260506-651F-009|r1_c0|rep0,LOT-20260506-651F-009:A2:R0,germ-germinadorap-de5832,LOT-20260506-651F-009,A2,1,0,0,Betabel,,c4,vigorosa,2026-05-11 15:20:50,4960,manual,2026-05-09 11:05:26,2026-05-06 21:07:49,61.96,3,cg_1778324724418_2,4441,cam2_20260509_050526.jpg,crops/cam2_20260509_050526_r1_c0.jpg,4443,cam2_20260509_050530.jpg,crops/cam2_20260509_050530_r1_c0.jpg,9149,27.2,,54,47.2,0,0,0,0,0,0.0,0.0,1509.0,0.0,28.3,9.4,0.0,0.0,,2026-05-09 11:05:31
germ-germinadorap-de5832|LOT-20260506-651F-009|r1_c0|rep0,LOT-20260506-651F-009:A2:R0,germ-germinadorap-de5832,LOT-20260506-651F-009,A2,1,0,0,Betabel,,c4,vigorosa,2026-05-11 15:20:50,4960,manual,2026-05-09 11:20:26,2026-05-06 21:07:49,62.21,3,cg_1778325624420_2,4445,cam2_20260509_052026.jpg,crops/cam2_20260509_052026_r1_c0.jpg,4447,cam2_20260509_052030.jpg,crops/cam2_20260509_052030_r1_c0.jpg,9161,27.3,,54,46.9,0,0,0,0,0,0.0,0.0,1509.0,0.0,28.5,9.5,0.0,0.0,,2026-05-09 11:20:31
germ-germinadorap-de5832|LOT-20260506-651F-009|r1_c0|rep0,LOT-20260506-651F-009:A2:R0,germ-germinadorap-de5832,LOT-20260506-651F-009,A2,1,0,0,Betabel,,c4,vigorosa,2026-05-11 15:20:50,4960,manual,2026-05-09 11:35:26,2026-05-06 21:07:49,62.46,3,cg_1778326524423_2,4448,cam2_20260509_053525.jpg,crops/cam2_20260509_053525_r1_c0.jpg,4450,cam2_20260509_053528.jpg,crops/cam2_20260509_053528_r1_c0.jpg,9166,27.2,,55,47,0,0,0,0,0,0.0,0.0,1510.0,0.0,28.8,9.6,0.0,0.0,,2026-05-09 11:35:29
germ-germinadorap-de5832|LOT-20260506-651F-009|r1_c0|rep0,LOT-20260506-651F-009:A2:R0,germ-germinadorap-de5832,LOT-20260506-651F-009,A2,1,0,0,Betabel,,c4,vigorosa,2026-05-11 15:20:50,4960,manual,2026-05-09 11:50:26,2026-05-06 21:07:49,62.71,3,cg_1778327424427_2,4453,cam2_20260509_055026.jpg,crops/cam2_20260509_055026_r1_c0.jpg,4455,cam2_20260509_055030.jpg,crops/cam2_20260509_055030_r1_c0.jpg,9185,27.2,,56,46.6,0,0,0,0,0,0.0,0.0,1510.0,0.0,29.0,9.7,0.0,0.0,,2026-05-09 11:50:31
germ-germinadorap-de5832|LOT-20260506-651F-009|r1_c0|rep0,LOT-20260506-651F-009:A2:R0,germ-germinadorap-de5832,LOT-20260506-651F-009,A2,1,0,0,Betabel,,c4,vigorosa,2026-05-11 15:20:50,4960,manual,2026-05-09 12:05:26,2026-05-06 21:07:49,62.96,3,cg_1778328324427_2,4457,cam2_20260509_060526.jpg,crops/cam2_20260509_060526_r1_c0.jpg,4459,cam2_20260509_060530.jpg,crops/cam2_20260509_060530_r1_c0.jpg,9197,27.2,,55,46.7,0,0,0,0,0,0.0,0.0,1510.0,0.0,29.3,9.8,0.0,0.0,,2026-05-09 12:05:31
germ-germinadorap-de5832|LOT-20260506-651F-009|r1_c0|rep0,LOT-20260506-651F-009:A2:R0,germ-germinadorap-de5832,LOT-20260506-651F-009,A2,1,0,0,Betabel,,c4,vigorosa,2026-05-11 15:20:50,4960,manual,2026-05-09 12:20:26,2026-05-06 21:07:49,63.21,3,cg_1778329224427_2,4460,cam2_20260509_062025.jpg,crops/cam2_20260509_062025_r1_c0.jpg,4462,cam2_20260509_062028.jpg,crops/cam2_20260509_062028_r1_c0.jpg,9202,27.1,,55,46.9,0,0,0,0,0,0.0,0.0,1510.0,0.0,29.5,9.8,0.0,0.0,,2026-05-09 12:20:29
germ-germinadorap-de5832|LOT-20260506-651F-009|r1_c0|rep0,LOT-20260506-651F-009:A2:R0,germ-germinadorap-de5832,LOT-20260506-651F-009,A2,1,0,0,Betabel,,c4,vigorosa,2026-05-11 15:20:50,4960,manual,2026-05-09 12:35:26,2026-05-06 21:07:49,63.46,3,cg_1778330124428_2,4464,cam2_20260509_063525.jpg,crops/cam2_20260509_063525_r1_c0.jpg,4466,cam2_20260509_063528.jpg,crops/cam2_20260509_063528_r1_c0.jpg,9214,27.2,,53,46.8,0,0,0,0,0,0.0,0.0,1510.0,0.0,29.8,9.9,0.0,0.0,,2026-05-09 12:35:29
germ-germinadorap-de5832|LOT-20260506-651F-009|r1_c0|rep0,LOT-20260506-651F-009:A2:R0,germ-germinadorap-de5832,LOT-20260506-651F-009,A2,1,0,0,Betabel,,c4,vigorosa,2026-05-11 15:20:50,4960,manual,2026-05-09 12:50:26,2026-05-06 21:07:49,63.71,3,cg_1778331024429_2,4468,cam2_20260509_065025.jpg,crops/cam2_20260509_065025_r1_c0.jpg,4470,cam2_20260509_065028.jpg,crops/cam2_20260509_065028_r1_c0.jpg,9226,27.3,,56,46,0,0,0,0,0,0.0,0.0,1510.0,0.0,30.0,10.0,0.0,0.0,,2026-05-09 12:50:29
germ-germinadorap-de5832|LOT-20260506-651F-009|r1_c0|rep0,LOT-20260506-651F-009:A2:R0,germ-germinadorap-de5832,LOT-20260506-651F-009,A2,1,0,0,Betabel,,c4,vigorosa,2026-05-11 15:20:50,4960,manual,2026-05-09 13:05:26,2026-05-06 21:07:49,63.96,3,cg_1778331924430_2,4473,cam2_20260509_070525.jpg,crops/cam2_20260509_070525_r1_c0.jpg,4475,cam2_20260509_070530.jpg,crops/cam2_20260509_070530_r1_c0.jpg,9245,27.1,,52,46.1,0,0,0,0,0,0.0,0.0,1510.0,0.0,30.3,10.1,0.0,0.0,,2026-05-09 13:05:31
germ-germinadorap-de5832|LOT-20260506-651F-009|r1_c0|rep0,LOT-20260506-651F-009:A2:R0,germ-germinadorap-de5832,LOT-20260506-651F-009,A2,1,0,0,Betabel,,c4,vigorosa,2026-05-11 15:20:50,4960,manual,2026-05-09 13:20:26,2026-05-06 21:07:49,64.21,3,cg_1778332824434_2,4477,cam2_20260509_072026.jpg,crops/cam2_20260509_072026_r1_c0.jpg,4479,cam2_20260509_072030.jpg,crops/cam2_20260509_072030_r1_c0.jpg,9257,27.1,,54,45.9,0,0,0,0,0,0.0,0.0,1510.0,0.0,30.5,10.2,0.0,0.0,,2026-05-09 13:20:31
germ-germinadorap-de5832|LOT-20260506-651F-009|r1_c0|rep0,LOT-20260506-651F-009:A2:R0,germ-germinadorap-de5832,LOT-20260506-651F-009,A2,1,0,0,Betabel,,c4,vigorosa,2026-05-11 15:20:50,4960,manual,2026-05-09 13:35:26,2026-05-06 21:07:49,64.46,3,cg_1778333724434_2,4480,cam2_20260509_073525.jpg,crops/cam2_20260509_073525_r1_c0.jpg,4482,cam2_20260509_073528.jpg,crops/cam2_20260509_073528_r1_c0.jpg,9262,27.1,,54,44.9,0,0,0,0,0,0.0,0.0,1510.0,0.0,30.8,10.3,0.0,0.0,,2026-05-09 13:35:29
germ-germinadorap-de5832|LOT-20260506-651F-009|r1_c0|rep0,LOT-20260506-651F-009:A2:R0,germ-germinadorap-de5832,LOT-20260506-651F-009,A2,1,0,0,Betabel,,c4,vigorosa,2026-05-11 15:20:50,4960,manual,2026-05-09 13:50:26,2026-05-06 21:07:49,64.71,3,cg_1778334624435_2,4485,cam2_20260509_075026.jpg,crops/cam2_20260509_075026_r1_c0.jpg,4487,cam2_20260509_075030.jpg,crops/cam2_20260509_075030_r1_c0.jpg,9281,27,,55,45.1,0,0,0,0,0,0.0,0.0,1510.0,0.0,31.0,10.3,0.0,0.0,,2026-05-09 13:50:31
germ-germinadorap-de5832|LOT-20260506-651F-009|r1_c0|rep0,LOT-20260506-651F-009:A2:R0,germ-germinadorap-de5832,LOT-20260506-651F-009,A2,1,0,0,Betabel,,c4,vigorosa,2026-05-11 15:20:50,4960,manual,2026-05-09 14:05:26,2026-05-06 21:07:49,64.96,3,cg_1778335524442_2,4488,cam2_20260509_080525.jpg,crops/cam2_20260509_080525_r1_c0.jpg,4490,cam2_20260509_080528.jpg,crops/cam2_20260509_080528_r1_c0.jpg,9286,27.3,,52,45.5,0,0,0,0,0,0.0,0.0,1515.0,0.0,31.3,10.4,0.0,0.0,,2026-05-09 14:05:29
germ-germinadorap-de5832|LOT-20260506-651F-009|r1_c0|rep0,LOT-20260506-651F-009:A2:R0,germ-germinadorap-de5832,LOT-20260506-651F-009,A2,1,0,0,Betabel,,c4,vigorosa,2026-05-11 15:20:50,4960,manual,2026-05-09 14:20:26,2026-05-06 21:07:49,65.21,3,cg_1778336424448_2,4492,cam2_20260509_082025.jpg,crops/cam2_20260509_082025_r1_c0.jpg,4494,cam2_20260509_082028.jpg,crops/cam2_20260509_082028_r1_c0.jpg,9298,27.5,,50,44.7,0,0,0,0,0,0.0,0.0,1530.0,0.0,31.5,10.5,0.0,0.0,,2026-05-09 14:20:29
germ-germinadorap-de5832|LOT-20260506-651F-009|r1_c0|rep0,LOT-20260506-651F-009:A2:R0,germ-germinadorap-de5832,LOT-20260506-651F-009,A2,1,0,0,Betabel,,c4,vigorosa,2026-05-11 15:20:50,4960,manual,2026-05-09 14:35:26,2026-05-06 21:07:49,65.46,3,cg_1778337324477_2,4496,cam2_20260509_083525.jpg,crops/cam2_20260509_083525_r1_c0.jpg,4498,cam2_20260509_083528.jpg,crops/cam2_20260509_083528_r1_c0.jpg,9310,27.8,,50,44.9,0,0,0,0,0,0.0,0.0,1545.0,0.0,31.8,10.6,0.0,0.0,,2026-05-09 14:35:29
germ-germinadorap-de5832|LOT-20260506-651F-009|r1_c0|rep0,LOT-20260506-651F-009:A2:R0,germ-germinadorap-de5832,LOT-20260506-651F-009,A2,1,0,0,Betabel,,c4,vigorosa,2026-05-11 15:20:50,4960,manual,2026-05-09 14:50:26,2026-05-06 21:07:49,65.71,3,cg_1778338224478_2,4500,cam2_20260509_085025.jpg,crops/cam2_20260509_085025_r1_c0.jpg,4502,cam2_20260509_085028.jpg,crops/cam2_20260509_085028_r1_c0.jpg,9322,27.9,,50,42.3,0,0,0,0,0,0.0,0.0,1560.0,0.0,32.0,10.7,0.0,0.0,,2026-05-09 14:50:29
germ-germinadorap-de5832|LOT-20260506-651F-009|r1_c0|rep0,LOT-20260506-651F-009:A2:R0,germ-germinadorap-de5832,LOT-20260506-651F-009,A2,1,0,0,Betabel,,c4,vigorosa,2026-05-11 15:20:50,4960,manual,2026-05-09 15:05:30,2026-05-06 21:07:49,65.96,3,cg_1778339124480_2,4505,cam2_20260509_090529.jpg,crops/cam2_20260509_090529_r1_c0.jpg,4507,cam2_20260509_090534.jpg,crops/cam2_20260509_090534_r1_c0.jpg,9341,28.1,,50,44.8,0,0,0,0,0,0.0,0.0,1575.0,0.0,32.3,10.8,0.0,0.0,,2026-05-09 15:05:35
germ-germinadorap-de5832|LOT-20260506-651F-009|r1_c0|rep0,LOT-20260506-651F-009:A2:R0,germ-germinadorap-de5832,LOT-20260506-651F-009,A2,1,0,0,Betabel,,c4,vigorosa,2026-05-11 15:20:50,4960,manual,2026-05-09 22:54:44,2026-05-06 21:07:49,73.78,4,cg_1778367281970_2,4509,cam2_20260509_165443.jpg,crops/cam2_20260509_165443_r1_c0.jpg,4511,cam2_20260509_165449.jpg,crops/cam2_20260509_165449_r1_c0.jpg,9353,26.5,,48,0,0,0,0,0,0,0.0,0.0,2044.0,0.0,37.3,9.3,0.0,0.0,,2026-05-09 22:54:50
germ-germinadorap-de5832|LOT-20260506-651F-009|r1_c0|rep0,LOT-20260506-651F-009:A2:R0,germ-germinadorap-de5832,LOT-20260506-651F-009,A2,1,0,0,Betabel,,c4,vigorosa,2026-05-11 15:20:50,4960,manual,2026-05-09 23:09:43,2026-05-06 21:07:49,74.03,4,cg_1778368181986_2,4512,cam2_20260509_170943.jpg,crops/cam2_20260509_170943_r1_c0.jpg,4514,cam2_20260509_170945.jpg,crops/cam2_20260509_170945_r1_c0.jpg,9358,27,,59,0,0,0,0,0,0,0.0,0.0,2059.0,0.0,37.4,9.3,0.0,0.0,,2026-05-09 23:09:46
germ-germinadorap-de5832|LOT-20260506-651F-009|r1_c0|rep0,LOT-20260506-651F-009:A2:R0,germ-germinadorap-de5832,LOT-20260506-651F-009,A2,1,0,0,Betabel,,c4,vigorosa,2026-05-11 15:20:50,4960,manual,2026-05-09 23:24:43,2026-05-06 21:07:49,74.28,4,cg_1778369081986_2,4516,cam2_20260509_172443.jpg,crops/cam2_20260509_172443_r1_c0.jpg,4518,cam2_20260509_172445.jpg,crops/cam2_20260509_172445_r1_c0.jpg,9370,27.3,,53,0,0,0,0,0,0,0.0,0.0,2074.0,0.0,37.4,9.3,0.0,0.0,,2026-05-09 23:24:47
germ-germinadorap-de5832|LOT-20260506-651F-009|r1_c0|rep0,LOT-20260506-651F-009:A2:R0,germ-germinadorap-de5832,LOT-20260506-651F-009,A2,1,0,0,Betabel,,c4,vigorosa,2026-05-11 15:20:50,4960,manual,2026-05-09 23:39:43,2026-05-06 21:07:49,74.53,4,cg_1778369981990_2,4520,cam2_20260509_173943.jpg,crops/cam2_20260509_173943_r1_c0.jpg,4522,cam2_20260509_173945.jpg,crops/cam2_20260509_173945_r1_c0.jpg,9382,27.6,,51,0,0,0,0,0,0,0.0,0.0,2089.0,0.0,37.4,9.3,0.0,0.0,,2026-05-09 23:39:47
germ-germinadorap-de5832|LOT-20260506-651F-009|r1_c0|rep0,LOT-20260506-651F-009:A2:R0,germ-germinadorap-de5832,LOT-20260506-651F-009,A2,1,0,0,Betabel,,c4,vigorosa,2026-05-11 15:20:50,4960,manual,2026-05-09 23:54:43,2026-05-06 21:07:49,74.78,4,cg_1778370881996_2,4524,cam2_20260509_175443.jpg,crops/cam2_20260509_175443_r1_c0.jpg,4526,cam2_20260509_175446.jpg,crops/cam2_20260509_175446_r1_c0.jpg,9394,27.9,,49,0,0,0,0,0,0,0.0,0.0,2104.0,0.0,37.4,9.3,0.0,0.0,,2026-05-09 23:54:47
germ-germinadorap-de5832|LOT-20260506-651F-009|r1_c0|rep0,LOT-20260506-651F-009:A2:R0,germ-germinadorap-de5832,LOT-20260506-651F-009,A2,1,0,0,Betabel,,c4,vigorosa,2026-05-11 15:20:50,4960,manual,2026-05-10 00:09:43,2026-05-06 21:07:49,75.03,4,cg_1778371781996_2,4528,cam2_20260509_180943.jpg,crops/cam2_20260509_180943_r1_c0.jpg,4530,cam2_20260509_180946.jpg,crops/cam2_20260509_180946_r1_c0.jpg,9406,28.1,,50,0,0,0,0,1,0,15.0,0.0,2119.0,0.0,37.4,9.3,0.0,0.0,,2026-05-10 00:09:47
germ-germinadorap-de5832|LOT-20260506-651F-009|r1_c0|rep0,LOT-20260506-651F-009:A2:R0,germ-germinadorap-de5832,LOT-20260506-651F-009,A2,1,0,0,Betabel,,c4,vigorosa,2026-05-11 15:20:50,4960,manual,2026-05-10 00:24:44,2026-05-06 21:07:49,75.28,4,cg_1778372682001_2,4532,cam2_20260509_182443.jpg,crops/cam2_20260509_182443_r1_c0.jpg,4534,cam2_20260509_182446.jpg,crops/cam2_20260509_182446_r1_c0.jpg,9418,28.3,,50,0,0,0,0,0,0,0.0,0.0,2134.0,0.0,37.4,9.3,0.0,0.0,,2026-05-10 00:24:47
germ-germinadorap-de5832|LOT-20260506-651F-009|r1_c0|rep0,LOT-20260506-651F-009:A2:R0,germ-germinadorap-de5832,LOT-20260506-651F-009,A2,1,0,0,Betabel,,c4,vigorosa,2026-05-11 15:20:50,4960,manual,2026-05-10 00:39:43,2026-05-06 21:07:49,75.53,4,cg_1778373582007_2,4536,cam2_20260509_183943.jpg,crops/cam2_20260509_183943_r1_c0.jpg,4538,cam2_20260509_183946.jpg,crops/cam2_20260509_183946_r1_c0.jpg,9430,28.2,,49,0,0,0,0,0,0,0.0,0.0,2149.0,0.0,37.4,9.3,0.0,0.0,,2026-05-10 00:39:47
germ-germinadorap-de5832|LOT-20260506-651F-009|r1_c0|rep0,LOT-20260506-651F-009:A2:R0,germ-germinadorap-de5832,LOT-20260506-651F-009,A2,1,0,0,Betabel,,c4,vigorosa,2026-05-11 15:20:50,4960,manual,2026-05-10 00:54:43,2026-05-06 21:07:49,75.78,4,cg_1778374482006_2,4540,cam2_20260509_185443.jpg,crops/cam2_20260509_185443_r1_c0.jpg,4542,cam2_20260509_185446.jpg,crops/cam2_20260509_185446_r1_c0.jpg,9442,28.4,,50,0,0,0,0,0,0,0.0,0.0,2164.0,0.0,37.4,9.3,0.0,0.0,,2026-05-10 00:54:47
germ-germinadorap-de5832|LOT-20260506-651F-009|r1_c0|rep0,LOT-20260506-651F-009:A2:R0,germ-germinadorap-de5832,LOT-20260506-651F-009,A2,1,0,0,Betabel,,c4,vigorosa,2026-05-11 15:20:50,4960,manual,2026-05-10 01:09:43,2026-05-06 21:07:49,76.03,4,cg_1778375382007_2,4544,cam2_20260509_190943.jpg,crops/cam2_20260509_190943_r1_c0.jpg,4546,cam2_20260509_190945.jpg,crops/cam2_20260509_190945_r1_c0.jpg,9454,28.4,,50,0,0,0,0,0,0,0.0,0.0,2178.0,0.0,37.4,9.3,0.0,0.0,,2026-05-10 01:09:47
germ-germinadorap-de5832|LOT-20260506-651F-009|r1_c0|rep0,LOT-20260506-651F-009:A2:R0,germ-germinadorap-de5832,LOT-20260506-651F-009,A2,1,0,0,Betabel,,c4,vigorosa,2026-05-11 15:20:50,4960,manual,2026-05-10 01:24:43,2026-05-06 21:07:49,76.28,4,cg_1778376282011_2,4548,cam2_20260509_192443.jpg,crops/cam2_20260509_192443_r1_c0.jpg,4550,cam2_20260509_192446.jpg,crops/cam2_20260509_192446_r1_c0.jpg,9466,28.4,,50,0,0,0,0,0,0,0.0,0.0,2193.0,0.0,37.4,9.3,0.0,0.0,,2026-05-10 01:24:47
germ-germinadorap-de5832|LOT-20260506-651F-009|r1_c0|rep0,LOT-20260506-651F-009:A2:R0,germ-germinadorap-de5832,LOT-20260506-651F-009,A2,1,0,0,Betabel,,c4,vigorosa,2026-05-11 15:20:50,4960,manual,2026-05-10 01:39:43,2026-05-06 21:07:49,76.53,4,cg_1778377182012_2,4552,cam2_20260509_193943.jpg,crops/cam2_20260509_193943_r1_c0.jpg,4554,cam2_20260509_193946.jpg,crops/cam2_20260509_193946_r1_c0.jpg,9478,28.5,,50,0,0,0,0,0,0,0.0,0.0,2208.0,0.0,37.4,9.3,0.0,0.0,,2026-05-10 01:39:47
germ-germinadorap-de5832|LOT-20260506-651F-009|r1_c0|rep0,LOT-20260506-651F-009:A2:R0,germ-germinadorap-de5832,LOT-20260506-651F-009,A2,1,0,0,Betabel,,c4,vigorosa,2026-05-11 15:20:50,4960,manual,2026-05-10 01:54:43,2026-05-06 21:07:49,76.78,4,cg_1778378082016_2,4556,cam2_20260509_195443.jpg,crops/cam2_20260509_195443_r1_c0.jpg,4558,cam2_20260509_195446.jpg,crops/cam2_20260509_195446_r1_c0.jpg,9490,28.6,,50,0,0,0,0,0,0,0.0,0.0,2223.0,0.0,37.4,9.3,0.0,0.0,,2026-05-10 01:54:47
germ-germinadorap-de5832|LOT-20260506-651F-009|r1_c0|rep0,LOT-20260506-651F-009:A2:R0,germ-germinadorap-de5832,LOT-20260506-651F-009,A2,1,0,0,Betabel,,c4,vigorosa,2026-05-11 15:20:50,4960,manual,2026-05-10 02:09:43,2026-05-06 21:07:49,77.03,4,cg_1778378982019_2,4560,cam2_20260509_200943.jpg,crops/cam2_20260509_200943_r1_c0.jpg,4562,cam2_20260509_200946.jpg,crops/cam2_20260509_200946_r1_c0.jpg,9502,28.5,,51,0,0,0,0,0,0,0.0,0.0,2228.0,0.0,37.4,9.3,0.0,0.0,,2026-05-10 02:09:47
germ-germinadorap-de5832|LOT-20260506-651F-009|r1_c0|rep0,LOT-20260506-651F-009:A2:R0,germ-germinadorap-de5832,LOT-20260506-651F-009,A2,1,0,0,Betabel,,c4,vigorosa,2026-05-11 15:20:50,4960,manual,2026-05-10 02:24:43,2026-05-06 21:07:49,77.28,4,cg_1778379882020_2,4564,cam2_20260509_202443.jpg,crops/cam2_20260509_202443_r1_c0.jpg,4566,cam2_20260509_202446.jpg,crops/cam2_20260509_202446_r1_c0.jpg,9514,28.3,,52,0,0,0,0,0,0,0.0,0.0,2228.0,0.0,37.4,9.3,0.0,0.0,,2026-05-10 02:24:47
germ-germinadorap-de5832|LOT-20260506-651F-009|r1_c0|rep0,LOT-20260506-651F-009:A2:R0,germ-germinadorap-de5832,LOT-20260506-651F-009,A2,1,0,0,Betabel,,c4,vigorosa,2026-05-11 15:20:50,4960,manual,2026-05-10 02:39:43,2026-05-06 21:07:49,77.53,4,cg_1778380782024_2,4568,cam2_20260509_203943.jpg,crops/cam2_20260509_203943_r1_c0.jpg,4570,cam2_20260509_203946.jpg,crops/cam2_20260509_203946_r1_c0.jpg,9526,28.2,,54,0,0,0,0,0,0,0.0,0.0,2229.0,0.0,37.4,9.3,0.0,0.0,,2026-05-10 02:39:47
germ-germinadorap-de5832|LOT-20260506-651F-009|r1_c0|rep0,LOT-20260506-651F-009:A2:R0,germ-germinadorap-de5832,LOT-20260506-651F-009,A2,1,0,0,Betabel,,c4,vigorosa,2026-05-11 15:20:50,4960,manual,2026-05-10 02:54:43,2026-05-06 21:07:49,77.78,4,cg_1778381682022_2,4572,cam2_20260509_205443.jpg,crops/cam2_20260509_205443_r1_c0.jpg,4574,cam2_20260509_205445.jpg,crops/cam2_20260509_205445_r1_c0.jpg,9538,28,,55,0,0,0,0,0,0,0.0,0.0,2229.0,0.0,37.4,9.3,0.0,0.0,,2026-05-10 02:54:47
germ-germinadorap-de5832|LOT-20260506-651F-009|r1_c0|rep0,LOT-20260506-651F-009:A2:R0,germ-germinadorap-de5832,LOT-20260506-651F-009,A2,1,0,0,Betabel,,c4,vigorosa,2026-05-11 15:20:50,4960,manual,2026-05-10 03:09:43,2026-05-06 21:07:49,78.03,4,cg_1778382582022_2,4576,cam2_20260509_210943.jpg,crops/cam2_20260509_210943_r1_c0.jpg,4578,cam2_20260509_210945.jpg,crops/cam2_20260509_210945_r1_c0.jpg,9550,28,,55,0,0,0,0,0,0,0.0,0.0,2229.0,0.0,37.4,9.3,0.0,0.0,,2026-05-10 03:09:47
germ-germinadorap-de5832|LOT-20260506-651F-009|r1_c0|rep0,LOT-20260506-651F-009:A2:R0,germ-germinadorap-de5832,LOT-20260506-651F-009,A2,1,0,0,Betabel,,c4,vigorosa,2026-05-11 15:20:50,4960,manual,2026-05-10 03:24:44,2026-05-06 21:07:49,78.28,4,cg_1778383482024_2,4580,cam2_20260509_212443.jpg,crops/cam2_20260509_212443_r1_c0.jpg,4582,cam2_20260509_212446.jpg,crops/cam2_20260509_212446_r1_c0.jpg,9562,27.8,,55,0,0,0,0,0,0,0.0,0.0,2229.0,0.0,37.4,9.3,0.0,0.0,,2026-05-10 03:24:47
germ-germinadorap-de5832|LOT-20260506-651F-009|r1_c0|rep0,LOT-20260506-651F-009:A2:R0,germ-germinadorap-de5832,LOT-20260506-651F-009,A2,1,0,0,Betabel,,c4,vigorosa,2026-05-11 15:20:50,4960,manual,2026-05-10 03:39:44,2026-05-06 21:07:49,78.53,4,cg_1778384382028_2,4584,cam2_20260509_213943.jpg,crops/cam2_20260509_213943_r1_c0.jpg,4586,cam2_20260509_213946.jpg,crops/cam2_20260509_213946_r1_c0.jpg,9574,27.8,,55,0,0,0,0,0,0,0.0,0.0,2229.0,0.0,37.4,9.3,0.0,0.0,,2026-05-10 03:39:47
germ-germinadorap-de5832|LOT-20260506-651F-009|r1_c0|rep0,LOT-20260506-651F-009:A2:R0,germ-germinadorap-de5832,LOT-20260506-651F-009,A2,1,0,0,Betabel,,c4,vigorosa,2026-05-11 15:20:50,4960,manual,2026-05-10 03:54:44,2026-05-06 21:07:49,78.78,4,cg_1778385282034_2,4588,cam2_20260509_215443.jpg,crops/cam2_20260509_215443_r1_c0.jpg,4590,cam2_20260509_215446.jpg,crops/cam2_20260509_215446_r1_c0.jpg,9586,27.8,,55,0,0,0,0,0,0,0.0,0.0,2229.0,0.0,37.4,9.3,0.0,0.0,,2026-05-10 03:54:47
germ-germinadorap-de5832|LOT-20260506-651F-009|r1_c0|rep0,LOT-20260506-651F-009:A2:R0,germ-germinadorap-de5832,LOT-20260506-651F-009,A2,1,0,0,Betabel,,c4,vigorosa,2026-05-11 15:20:50,4960,manual,2026-05-10 04:09:43,2026-05-06 21:07:49,79.03,4,cg_1778386182032_2,4592,cam2_20260509_220943.jpg,crops/cam2_20260509_220943_r1_c0.jpg,4594,cam2_20260509_220946.jpg,crops/cam2_20260509_220946_r1_c0.jpg,9598,27.8,,55,0,0,0,0,0,0,0.0,0.0,2229.0,0.0,37.4,9.3,0.0,0.0,,2026-05-10 04:09:47
germ-germinadorap-de5832|LOT-20260506-651F-009|r1_c0|rep0,LOT-20260506-651F-009:A2:R0,germ-germinadorap-de5832,LOT-20260506-651F-009,A2,1,0,0,Betabel,,c4,vigorosa,2026-05-11 15:20:50,4960,manual,2026-05-10 04:24:43,2026-05-06 21:07:49,79.28,4,cg_1778387082032_2,4596,cam2_20260509_222443.jpg,crops/cam2_20260509_222443_r1_c0.jpg,4598,cam2_20260509_222446.jpg,crops/cam2_20260509_222446_r1_c0.jpg,9610,27.8,,56,0,0,0,0,0,0,0.0,0.0,2229.0,0.0,37.4,9.3,0.0,0.0,,2026-05-10 04:24:47
germ-germinadorap-de5832|LOT-20260506-651F-009|r1_c0|rep0,LOT-20260506-651F-009:A2:R0,germ-germinadorap-de5832,LOT-20260506-651F-009,A2,1,0,0,Betabel,,c4,vigorosa,2026-05-11 15:20:50,4960,manual,2026-05-10 04:39:44,2026-05-06 21:07:49,79.53,4,cg_1778387982031_2,4601,cam2_20260509_223943.jpg,crops/cam2_20260509_223943_r1_c0.jpg,4603,cam2_20260509_223948.jpg,crops/cam2_20260509_223948_r1_c0.jpg,9629,27.8,,56,0,0,0,0,0,0,0.0,0.0,2229.0,0.0,37.4,9.3,0.0,0.0,,2026-05-10 04:39:49
germ-germinadorap-de5832|LOT-20260506-651F-009|r1_c0|rep0,LOT-20260506-651F-009:A2:R0,germ-germinadorap-de5832,LOT-20260506-651F-009,A2,1,0,0,Betabel,,c4,vigorosa,2026-05-11 15:20:50,4960,manual,2026-05-10 04:55:32,2026-05-06 21:07:49,79.80,4,cg_1778388930028_2,4604,cam2_20260509_225531.jpg,crops/cam2_20260509_225531_r1_c0.jpg,4606,cam2_20260509_225534.jpg,crops/cam2_20260509_225534_r1_c0.jpg,9634,28.2,,50,77.8,0,0,0,0,0,0.0,0.0,2235.0,0.0,37.4,9.3,0.0,0.0,,2026-05-10 04:55:35
germ-germinadorap-de5832|LOT-20260506-651F-009|r1_c0|rep0,LOT-20260506-651F-009:A2:R0,germ-germinadorap-de5832,LOT-20260506-651F-009,A2,1,0,0,Betabel,,c4,vigorosa,2026-05-11 15:20:50,4960,manual,2026-05-10 05:10:32,2026-05-06 21:07:49,80.05,4,cg_1778389830180_2,4608,cam2_20260509_231031.jpg,crops/cam2_20260509_231031_r1_c0.jpg,4610,cam2_20260509_231034.jpg,crops/cam2_20260509_231034_r1_c0.jpg,9646,28.6,,49,100,0,0,0,0,0,0.0,0.0,2241.0,0.0,37.4,9.3,0.0,0.0,,2026-05-10 05:10:35
germ-germinadorap-de5832|LOT-20260506-651F-009|r1_c0|rep0,LOT-20260506-651F-009:A2:R0,germ-germinadorap-de5832,LOT-20260506-651F-009,A2,1,0,0,Betabel,,c4,vigorosa,2026-05-11 15:20:50,4960,manual,2026-05-10 05:25:37,2026-05-06 21:07:49,80.30,4,cg_1778390735094_2,4612,cam2_20260509_232536.jpg,crops/cam2_20260509_232536_r1_c0.jpg,4614,cam2_20260509_232539.jpg,crops/cam2_20260509_232539_r1_c0.jpg,9658,28.7,,49,70.5,0,0,0,0,0,0.0,0.0,2242.0,0.0,37.4,9.3,0.0,0.0,,2026-05-10 05:25:41
germ-germinadorap-de5832|LOT-20260506-651F-009|r1_c0|rep0,LOT-20260506-651F-009:A2:R0,germ-germinadorap-de5832,LOT-20260506-651F-009,A2,1,0,0,Betabel,,c4,vigorosa,2026-05-11 15:20:50,4960,manual,2026-05-10 05:41:29,2026-05-06 21:07:49,80.56,4,cg_1778391684934_2,4617,cam2_20260509_234129.jpg,crops/cam2_20260509_234129_r1_c0.jpg,4619,cam2_20260509_234133.jpg,crops/cam2_20260509_234133_r1_c0.jpg,9677,28.5,,49,100,0,0,0,0,0,0.0,0.0,2242.0,0.0,37.4,9.3,0.0,0.0,,2026-05-10 05:41:34
germ-germinadorap-de5832|LOT-20260506-651F-009|r1_c0|rep0,LOT-20260506-651F-009:A2:R0,germ-germinadorap-de5832,LOT-20260506-651F-009,A2,1,0,0,Betabel,,c4,vigorosa,2026-05-11 15:20:50,4960,manual,2026-05-10 05:56:27,2026-05-06 21:07:49,80.81,4,cg_1778392584932_2,4620,cam2_20260509_235626.jpg,crops/cam2_20260509_235626_r1_c0.jpg,4622,cam2_20260509_235629.jpg,crops/cam2_20260509_235629_r1_c0.jpg,9682,28.7,,48,100,0,0,0,0,0,0.0,0.0,2242.0,0.0,37.4,9.3,0.0,0.0,,2026-05-10 05:56:30
germ-germinadorap-de5832|LOT-20260506-651F-009|r1_c0|rep0,LOT-20260506-651F-009:A2:R0,germ-germinadorap-de5832,LOT-20260506-651F-009,A2,1,0,0,Betabel,,c4,vigorosa,2026-05-11 15:20:50,4960,manual,2026-05-10 06:11:29,2026-05-06 21:07:49,81.06,4,cg_1778393484931_2,4629,cam2_20260510_001128.jpg,crops/cam2_20260510_001128_r1_c0.jpg,4631,cam2_20260510_001140.jpg,crops/cam2_20260510_001140_r1_c0.jpg,9701,28.3,,48,100,0,0,0,0,0,0.0,0.0,2242.0,0.0,37.4,9.3,0.0,0.0,,2026-05-10 06:11:42
germ-germinadorap-de5832|LOT-20260506-651F-009|r1_c0|rep0,LOT-20260506-651F-009:A2:R0,germ-germinadorap-de5832,LOT-20260506-651F-009,A2,1,0,0,Betabel,,c4,vigorosa,2026-05-11 15:20:50,4960,manual,2026-05-10 06:26:28,2026-05-06 21:07:49,81.31,4,cg_1778394384933_2,4632,cam2_20260510_002627.jpg,crops/cam2_20260510_002627_r1_c0.jpg,4634,cam2_20260510_002634.jpg,crops/cam2_20260510_002634_r1_c0.jpg,9706,28.5,,49,100,0,0,0,0,0,0.0,0.0,2242.0,0.0,37.4,9.3,0.0,0.0,,2026-05-10 06:26:35
germ-germinadorap-de5832|LOT-20260506-651F-009|r1_c0|rep0,LOT-20260506-651F-009:A2:R0,germ-germinadorap-de5832,LOT-20260506-651F-009,A2,1,0,0,Betabel,,c4,vigorosa,2026-05-11 15:20:50,4960,manual,2026-05-10 06:41:29,2026-05-06 21:07:49,81.56,4,cg_1778395284936_2,4636,cam2_20260510_004128.jpg,crops/cam2_20260510_004128_r1_c0.jpg,4638,cam2_20260510_004133.jpg,crops/cam2_20260510_004133_r1_c0.jpg,9718,28.4,,49,100,0,0,0,0,0,0.0,0.0,2242.0,0.0,37.4,9.3,0.0,0.0,,2026-05-10 06:41:34
germ-germinadorap-de5832|LOT-20260506-651F-009|r1_c0|rep0,LOT-20260506-651F-009:A2:R0,germ-germinadorap-de5832,LOT-20260506-651F-009,A2,1,0,0,Betabel,,c4,vigorosa,2026-05-11 15:20:50,4960,manual,2026-05-10 06:56:29,2026-05-06 21:07:49,81.81,4,cg_1778396184936_2,4641,cam2_20260510_005628.jpg,crops/cam2_20260510_005628_r1_c0.jpg,4643,cam2_20260510_005639.jpg,crops/cam2_20260510_005639_r1_c0.jpg,9737,28.5,,50,100,0,0,0,0,0,0.0,0.0,2242.0,0.0,37.4,9.3,0.0,0.0,,2026-05-10 06:56:40
germ-germinadorap-de5832|LOT-20260506-651F-009|r1_c0|rep0,LOT-20260506-651F-009:A2:R0,germ-germinadorap-de5832,LOT-20260506-651F-009,A2,1,0,0,Betabel,,c4,vigorosa,2026-05-11 15:20:50,4960,manual,2026-05-10 07:11:28,2026-05-06 21:07:49,82.06,4,cg_1778397084936_2,4644,cam2_20260510_011127.jpg,crops/cam2_20260510_011127_r1_c0.jpg,4646,cam2_20260510_011132.jpg,crops/cam2_20260510_011132_r1_c0.jpg,9742,28.3,,50,100,0,0,0,0,0,0.0,0.0,2243.0,0.0,37.4,9.3,0.0,0.0,,2026-05-10 07:11:34
germ-germinadorap-de5832|LOT-20260506-651F-009|r1_c0|rep0,LOT-20260506-651F-009:A2:R0,germ-germinadorap-de5832,LOT-20260506-651F-009,A2,1,0,0,Betabel,,c4,vigorosa,2026-05-11 15:20:50,4960,manual,2026-05-10 07:26:28,2026-05-06 21:07:49,82.31,4,cg_1778397984937_2,4649,cam2_20260510_012627.jpg,crops/cam2_20260510_012627_r1_c0.jpg,4651,cam2_20260510_012640.jpg,crops/cam2_20260510_012640_r1_c0.jpg,9761,28.2,,50,100,0,0,0,0,0,0.0,0.0,2243.0,0.0,37.4,9.3,0.0,0.0,,2026-05-10 07:26:41
germ-germinadorap-de5832|LOT-20260506-651F-009|r1_c0|rep0,LOT-20260506-651F-009:A2:R0,germ-germinadorap-de5832,LOT-20260506-651F-009,A2,1,0,0,Betabel,,c4,vigorosa,2026-05-11 15:20:50,4960,manual,2026-05-10 07:42:28,2026-05-06 21:07:49,82.58,4,cg_1778398944936_2,4652,cam2_20260510_014227.jpg,crops/cam2_20260510_014227_r1_c0.jpg,4654,cam2_20260510_014232.jpg,crops/cam2_20260510_014232_r1_c0.jpg,9766,28.4,,51,100,0,0,0,0,0,0.0,0.0,2243.0,0.0,37.4,9.3,0.0,0.0,,2026-05-10 07:42:34
germ-germinadorap-de5832|LOT-20260506-651F-009|r1_c0|rep0,LOT-20260506-651F-009:A2:R0,germ-germinadorap-de5832,LOT-20260506-651F-009,A2,1,0,0,Betabel,,c4,vigorosa,2026-05-11 15:20:50,4960,manual,2026-05-10 07:57:26,2026-05-06 21:07:49,82.83,4,cg_1778399844936_2,4656,cam2_20260510_015726.jpg,crops/cam2_20260510_015726_r1_c0.jpg,4658,cam2_20260510_015729.jpg,crops/cam2_20260510_015729_r1_c0.jpg,9778,28.4,,50,100,0,0,0,0,0,0.0,0.0,2243.0,0.0,37.4,9.3,0.0,0.0,,2026-05-10 07:57:30
germ-germinadorap-de5832|LOT-20260506-651F-009|r1_c0|rep0,LOT-20260506-651F-009:A2:R0,germ-germinadorap-de5832,LOT-20260506-651F-009,A2,1,0,0,Betabel,,c4,vigorosa,2026-05-11 15:20:50,4960,manual,2026-05-10 15:09:40,2026-05-06 21:07:49,90.03,4,cg_1778425778444_2,4660,cam2_20260510_090939.jpg,crops/cam2_20260510_090939_r1_c0.jpg,4662,cam2_20260510_090942.jpg,crops/cam2_20260510_090942_r1_c0.jpg,9790,27,,51,45.1,0,0,0,0,0,0.0,0.0,2244.0,0.0,43.4,10.8,0.6,0.2,,2026-05-10 15:09:44
germ-germinadorap-de5832|LOT-20260506-651F-009|r1_c0|rep0,LOT-20260506-651F-009:A2:R0,germ-germinadorap-de5832,LOT-20260506-651F-009,A2,1,0,0,Betabel,,c4,vigorosa,2026-05-11 15:20:50,4960,manual,2026-05-10 15:24:40,2026-05-06 21:07:49,90.28,4,cg_1778426678443_2,4664,cam2_20260510_092439.jpg,crops/cam2_20260510_092439_r1_c0.jpg,4666,cam2_20260510_092442.jpg,crops/cam2_20260510_092442_r1_c0.jpg,9802,27.8,,47,47.1,0,0,0,0,0,0.0,0.0,2259.0,0.0,43.6,10.9,0.7,0.2,,2026-05-10 15:24:43
germ-germinadorap-de5832|LOT-20260506-651F-009|r1_c0|rep0,LOT-20260506-651F-009:A2:R0,germ-germinadorap-de5832,LOT-20260506-651F-009,A2,1,0,0,Betabel,,c4,vigorosa,2026-05-11 15:20:50,4960,manual,2026-05-10 15:39:40,2026-05-06 21:07:49,90.53,4,cg_1778427578443_2,4668,cam2_20260510_093939.jpg,crops/cam2_20260510_093939_r1_c0.jpg,4670,cam2_20260510_093942.jpg,crops/cam2_20260510_093942_r1_c0.jpg,9814,28.4,,46,47.8,0,0,0,0,0,0.0,0.0,2274.0,0.0,43.9,11.0,0.8,0.2,,2026-05-10 15:39:43
germ-germinadorap-de5832|LOT-20260506-651F-009|r1_c0|rep0,LOT-20260506-651F-009:A2:R0,germ-germinadorap-de5832,LOT-20260506-651F-009,A2,1,0,0,Betabel,,c4,vigorosa,2026-05-11 15:20:50,4960,manual,2026-05-10 15:54:40,2026-05-06 21:07:49,90.78,4,cg_1778428478442_2,4672,cam2_20260510_095439.jpg,crops/cam2_20260510_095439_r1_c0.jpg,4674,cam2_20260510_095442.jpg,crops/cam2_20260510_095442_r1_c0.jpg,9826,28.7,,44,48.1,0,0,0,0,0,0.0,0.0,2289.0,0.0,44.1,11.0,0.8,0.2,,2026-05-10 15:54:43
germ-germinadorap-de5832|LOT-20260506-651F-009|r1_c0|rep0,LOT-20260506-651F-009:A2:R0,germ-germinadorap-de5832,LOT-20260506-651F-009,A2,1,0,0,Betabel,,c4,vigorosa,2026-05-11 15:20:50,4960,manual,2026-05-10 16:09:40,2026-05-06 21:07:49,91.03,4,cg_1778429378446_2,4676,cam2_20260510_100939.jpg,crops/cam2_20260510_100939_r1_c0.jpg,4678,cam2_20260510_100942.jpg,crops/cam2_20260510_100942_r1_c0.jpg,9838,29,,45,47.3,0,0,0,0,0,0.0,0.0,2303.0,0.0,44.4,11.1,0.9,0.2,,2026-05-10 16:09:43
germ-germinadorap-de5832|LOT-20260506-651F-009|r1_c0|rep0,LOT-20260506-651F-009:A2:R0,germ-germinadorap-de5832,LOT-20260506-651F-009,A2,1,0,0,Betabel,,c4,vigorosa,2026-05-11 15:20:50,4960,manual,2026-05-10 16:24:40,2026-05-06 21:07:49,91.28,4,cg_1778430278444_2,4680,cam2_20260510_102439.jpg,crops/cam2_20260510_102439_r1_c0.jpg,4682,cam2_20260510_102442.jpg,crops/cam2_20260510_102442_r1_c0.jpg,9850,29,,45,47.5,0,0,0,0,0,0.0,0.0,2318.0,0.0,44.6,11.2,1.0,0.3,,2026-05-10 16:24:43
germ-germinadorap-de5832|LOT-20260506-651F-009|r1_c0|rep0,LOT-20260506-651F-009:A2:R0,germ-germinadorap-de5832,LOT-20260506-651F-009,A2,1,0,0,Betabel,,c4,vigorosa,2026-05-11 15:20:50,4960,manual,2026-05-10 16:39:40,2026-05-06 21:07:49,91.53,4,cg_1778431178444_2,4684,cam2_20260510_103939.jpg,crops/cam2_20260510_103939_r1_c0.jpg,4686,cam2_20260510_103942.jpg,crops/cam2_20260510_103942_r1_c0.jpg,9862,29.1,,45,46.5,0,0,0,0,0,0.0,0.0,2333.0,0.0,44.9,11.2,1.1,0.3,,2026-05-10 16:39:43
germ-germinadorap-de5832|LOT-20260506-651F-009|r1_c0|rep0,LOT-20260506-651F-009:A2:R0,germ-germinadorap-de5832,LOT-20260506-651F-009,A2,1,0,0,Betabel,,c4,vigorosa,2026-05-11 15:20:50,4960,manual,2026-05-10 16:54:40,2026-05-06 21:07:49,91.78,4,cg_1778432078447_2,4688,cam2_20260510_105439.jpg,crops/cam2_20260510_105439_r1_c0.jpg,4690,cam2_20260510_105442.jpg,crops/cam2_20260510_105442_r1_c0.jpg,9874,29.2,,45,46.9,0,0,0,0,0,0.0,0.0,2348.0,0.0,45.1,11.3,1.1,0.3,,2026-05-10 16:54:43
germ-germinadorap-de5832|LOT-20260506-651F-009|r1_c0|rep0,LOT-20260506-651F-009:A2:R0,germ-germinadorap-de5832,LOT-20260506-651F-009,A2,1,0,0,Betabel,,c4,vigorosa,2026-05-11 15:20:50,4960,manual,2026-05-10 17:09:40,2026-05-06 21:07:49,92.03,4,cg_1778432978450_2,4692,cam2_20260510_110939.jpg,crops/cam2_20260510_110939_r1_c0.jpg,4694,cam2_20260510_110942.jpg,crops/cam2_20260510_110942_r1_c0.jpg,9886,29.3,,46,46.7,0,0,0,0,0,0.0,0.0,2363.0,0.0,45.4,11.3,1.2,0.3,,2026-05-10 17:09:43
germ-germinadorap-de5832|LOT-20260506-651F-009|r1_c0|rep0,LOT-20260506-651F-009:A2:R0,germ-germinadorap-de5832,LOT-20260506-651F-009,A2,1,0,0,Betabel,,c4,vigorosa,2026-05-11 15:20:50,4960,manual,2026-05-10 17:24:40,2026-05-06 21:07:49,92.28,4,cg_1778433878450_2,4696,cam2_20260510_112439.jpg,crops/cam2_20260510_112439_r1_c0.jpg,4698,cam2_20260510_112442.jpg,crops/cam2_20260510_112442_r1_c0.jpg,9898,29.3,,46,46.6,0,0,0,0,0,0.0,0.0,2378.0,0.0,45.6,11.4,1.2,0.3,,2026-05-10 17:24:43
germ-germinadorap-de5832|LOT-20260506-651F-009|r1_c0|rep0,LOT-20260506-651F-009:A2:R0,germ-germinadorap-de5832,LOT-20260506-651F-009,A2,1,0,0,Betabel,,c4,vigorosa,2026-05-11 15:20:50,4960,manual,2026-05-10 17:39:40,2026-05-06 21:07:49,92.53,4,cg_1778434778453_2,4700,cam2_20260510_113939.jpg,crops/cam2_20260510_113939_r1_c0.jpg,4702,cam2_20260510_113942.jpg,crops/cam2_20260510_113942_r1_c0.jpg,9910,29.6,,46,47.1,0,0,0,0,0,0.0,0.0,2393.0,0.0,45.9,11.5,1.3,0.3,,2026-05-10 17:39:43
germ-germinadorap-de5832|LOT-20260506-651F-009|r1_c0|rep0,LOT-20260506-651F-009:A2:R0,germ-germinadorap-de5832,LOT-20260506-651F-009,A2,1,0,0,Betabel,,c4,vigorosa,2026-05-11 15:20:50,4960,manual,2026-05-10 17:55:29,2026-05-06 21:07:49,92.79,4,cg_1778435727212_2,4704,cam2_20260510_115528.jpg,crops/cam2_20260510_115528_r1_c0.jpg,4706,cam2_20260510_115531.jpg,crops/cam2_20260510_115531_r1_c0.jpg,9922,29.6,,46,49.9,0,0,0,0,0,0.0,0.0,2409.0,0.0,46.1,11.5,1.3,0.3,,2026-05-10 17:55:32
germ-germinadorap-de5832|LOT-20260506-651F-009|r1_c0|rep0,LOT-20260506-651F-009:A2:R0,germ-germinadorap-de5832,LOT-20260506-651F-009,A2,1,0,0,Betabel,,c4,vigorosa,2026-05-11 15:20:50,4960,manual,2026-05-10 18:10:29,2026-05-06 21:07:49,93.04,4,cg_1778436627215_2,4708,cam2_20260510_121028.jpg,crops/cam2_20260510_121028_r1_c0.jpg,4710,cam2_20260510_121037.jpg,crops/cam2_20260510_121037_r1_c0.jpg,9934,29.7,,45,50,0,0,0,0,0,0.0,0.0,2424.0,0.0,46.4,11.6,1.4,0.3,,2026-05-10 18:10:38
germ-germinadorap-de5832|LOT-20260506-651F-009|r1_c0|rep0,LOT-20260506-651F-009:A2:R0,germ-germinadorap-de5832,LOT-20260506-651F-009,A2,1,0,0,Betabel,,c4,vigorosa,2026-05-11 15:20:50,4960,manual,2026-05-10 18:25:29,2026-05-06 21:07:49,93.29,4,cg_1778437527217_2,4712,cam2_20260510_122528.jpg,crops/cam2_20260510_122528_r1_c0.jpg,4714,cam2_20260510_122531.jpg,crops/cam2_20260510_122531_r1_c0.jpg,9946,29.7,,44,69.6,0,0,0,0,0,0.0,0.0,2438.0,0.0,46.6,11.7,1.4,0.4,,2026-05-10 18:25:32
germ-germinadorap-de5832|LOT-20260506-651F-009|r1_c0|rep0,LOT-20260506-651F-009:A2:R0,germ-germinadorap-de5832,LOT-20260506-651F-009,A2,1,0,0,Betabel,,c4,vigorosa,2026-05-11 15:20:50,4960,manual,2026-05-10 18:40:29,2026-05-06 21:07:49,93.54,4,cg_1778438427219_2,4716,cam2_20260510_124028.jpg,crops/cam2_20260510_124028_r1_c0.jpg,4718,cam2_20260510_124031.jpg,crops/cam2_20260510_124031_r1_c0.jpg,9958,29.8,,44,67.9,0,0,0,0,0,0.0,0.0,2453.0,0.0,46.9,11.7,1.5,0.4,,2026-05-10 18:40:32
germ-germinadorap-de5832|LOT-20260506-651F-009|r1_c0|rep0,LOT-20260506-651F-009:A2:R0,germ-germinadorap-de5832,LOT-20260506-651F-009,A2,1,0,0,Betabel,,c4,vigorosa,2026-05-11 15:20:50,4960,manual,2026-05-10 18:55:29,2026-05-06 21:07:49,93.79,4,cg_1778439327220_2,4720,cam2_20260510_125528.jpg,crops/cam2_20260510_125528_r1_c0.jpg,4722,cam2_20260510_125531.jpg,crops/cam2_20260510_125531_r1_c0.jpg,9970,29.8,,44,65.2,0,0,0,0,0,0.0,0.0,2468.0,0.0,47.1,11.8,1.5,0.4,,2026-05-10 18:55:32
germ-germinadorap-de5832|LOT-20260506-651F-009|r1_c0|rep0,LOT-20260506-651F-009:A2:R0,germ-germinadorap-de5832,LOT-20260506-651F-009,A2,1,0,0,Betabel,,c4,vigorosa,2026-05-11 15:20:50,4960,manual,2026-05-10 19:10:29,2026-05-06 21:07:49,94.04,4,cg_1778440227228_2,4728,cam2_20260510_131028.jpg,crops/cam2_20260510_131028_r1_c0.jpg,4730,cam2_20260510_131031.jpg,crops/cam2_20260510_131031_r1_c0.jpg,9982,29.8,,45,78.7,0,0,0,0,0,0.0,0.0,2483.0,4.0,47.4,11.8,1.6,0.4,,2026-05-10 19:10:32
germ-germinadorap-de5832|LOT-20260506-651F-009|r1_c0|rep0,LOT-20260506-651F-009:A2:R0,germ-germinadorap-de5832,LOT-20260506-651F-009,A2,1,0,0,Betabel,,c4,vigorosa,2026-05-11 15:20:50,4960,manual,2026-05-10 19:25:29,2026-05-06 21:07:49,94.29,4,cg_1778441127261_2,4732,cam2_20260510_132528.jpg,crops/cam2_20260510_132528_r1_c0.jpg,4734,cam2_20260510_132531.jpg,crops/cam2_20260510_132531_r1_c0.jpg,9994,29.7,,46,49.7,0,0,0,0,0,0.0,0.0,2498.0,8.0,47.6,11.9,1.6,0.4,,2026-05-10 19:25:32
germ-germinadorap-de5832|LOT-20260506-651F-009|r1_c0|rep0,LOT-20260506-651F-009:A2:R0,germ-germinadorap-de5832,LOT-20260506-651F-009,A2,1,0,0,Betabel,,c4,vigorosa,2026-05-11 15:20:50,4960,manual,2026-05-10 19:40:29,2026-05-06 21:07:49,94.54,4,cg_1778442027263_2,4736,cam2_20260510_134028.jpg,crops/cam2_20260510_134028_r1_c0.jpg,4738,cam2_20260510_134031.jpg,crops/cam2_20260510_134031_r1_c0.jpg,10006,29.9,,45,68.8,0,0,0,0,0,0.0,0.0,2513.0,11.0,47.9,12.0,1.6,0.4,,2026-05-10 19:40:32
germ-germinadorap-de5832|LOT-20260506-651F-009|r1_c0|rep0,LOT-20260506-651F-009:A2:R0,germ-germinadorap-de5832,LOT-20260506-651F-009,A2,1,0,0,Betabel,,c4,vigorosa,2026-05-11 15:20:50,4960,manual,2026-05-10 19:55:37,2026-05-06 21:07:49,94.80,4,cg_1778442935752_2,4748,cam2_20260510_135537.jpg,crops/cam2_20260510_135537_r1_c0.jpg,4750,cam2_20260510_135539.jpg,crops/cam2_20260510_135539_r1_c0.jpg,10018,29.9,,54,46.2,0,0,0,0,0,0.0,0.0,2528.0,14.0,48.1,12.0,1.7,0.4,,2026-05-10 19:55:41
germ-germinadorap-de5832|LOT-20260506-651F-009|r1_c0|rep0,LOT-20260506-651F-009:A2:R0,germ-germinadorap-de5832,LOT-20260506-651F-009,A2,1,0,0,Betabel,,c4,vigorosa,2026-05-11 15:20:50,4960,manual,2026-05-10 20:10:37,2026-05-06 21:07:49,95.05,4,cg_1778443835816_2,4752,cam2_20260510_141037.jpg,crops/cam2_20260510_141037_r1_c0.jpg,4754,cam2_20260510_141040.jpg,crops/cam2_20260510_141040_r1_c0.jpg,10030,29.9,,48,51.8,0,0,0,0,0,0.0,0.0,2542.0,19.0,48.2,12.0,1.7,0.4,,2026-05-10 20:10:41
germ-germinadorap-de5832|LOT-20260506-651F-009|r1_c0|rep0,LOT-20260506-651F-009:A2:R0,germ-germinadorap-de5832,LOT-20260506-651F-009,A2,1,0,0,Betabel,,c4,vigorosa,2026-05-11 15:20:50,4960,manual,2026-05-10 20:25:47,2026-05-06 21:07:49,95.30,4,cg_1778444745363_2,4760,cam2_20260510_142547.jpg,crops/cam2_20260510_142547_r1_c0.jpg,4762,cam2_20260510_142550.jpg,crops/cam2_20260510_142550_r1_c0.jpg,10042,29.7,,62,47.1,0,0,1,0,0,0.0,1.0,2558.0,23.0,48.2,12.0,1.7,0.4,,2026-05-10 20:25:52
germ-germinadorap-de5832|LOT-20260506-651F-009|r1_c0|rep0,LOT-20260506-651F-009:A2:R0,germ-germinadorap-de5832,LOT-20260506-651F-009,A2,1,0,0,Betabel,,c4,vigorosa,2026-05-11 15:20:50,4960,manual,2026-05-10 20:40:57,2026-05-06 21:07:49,95.55,4,cg_1778445655066_2,4768,cam2_20260510_144056.jpg,crops/cam2_20260510_144056_r1_c0.jpg,4769,cam2_20260510_144059.jpg,crops/cam2_20260510_144059_r1_c0.jpg,10054,29.7,,47,47.6,0,0,0,0,0,0.0,0.0,2572.0,29.0,48.2,12.0,1.7,0.4,,2026-05-10 20:41:01
germ-germinadorap-de5832|LOT-20260506-651F-009|r1_c0|rep0,LOT-20260506-651F-009:A2:R0,germ-germinadorap-de5832,LOT-20260506-651F-009,A2,1,0,0,Betabel,,c4,vigorosa,2026-05-11 15:20:50,4960,manual,2026-05-10 20:55:57,2026-05-06 21:07:49,95.80,4,cg_1778446555262_2,4776,cam2_20260510_145556.jpg,crops/cam2_20260510_145556_r1_c0.jpg,4778,cam2_20260510_145559.jpg,crops/cam2_20260510_145559_r1_c0.jpg,10066,29.9,,58,47.7,0,0,0,0,0,0.0,0.0,2587.0,34.0,48.2,12.0,1.7,0.4,,2026-05-10 20:56:01
germ-germinadorap-de5832|LOT-20260506-651F-009|r1_c0|rep0,LOT-20260506-651F-009:A2:R0,germ-germinadorap-de5832,LOT-20260506-651F-009,A2,1,0,0,Betabel,,c4,vigorosa,2026-05-11 15:20:50,4960,manual,2026-05-10 21:10:57,2026-05-06 21:07:49,96.05,5,cg_1778447455418_2,4780,cam2_20260510_151056.jpg,crops/cam2_20260510_151056_r1_c0.jpg,4782,cam2_20260510_151059.jpg,crops/cam2_20260510_151059_r1_c0.jpg,10078,29.8,,58,47.2,0,0,0,0,0,0.0,0.0,2602.0,39.0,48.4,9.7,1.7,0.3,,2026-05-10 21:11:01
germ-germinadorap-de5832|LOT-20260506-651F-009|r1_c0|rep0,LOT-20260506-651F-009:A2:R0,germ-germinadorap-de5832,LOT-20260506-651F-009,A2,1,0,0,Betabel,,c4,vigorosa,2026-05-11 15:20:50,4960,manual,2026-05-10 21:25:57,2026-05-06 21:07:49,96.30,5,cg_1778448355547_2,4788,cam2_20260510_152556.jpg,crops/cam2_20260510_152556_r1_c0.jpg,4790,cam2_20260510_152559.jpg,crops/cam2_20260510_152559_r1_c0.jpg,10090,29.8,,63,45.7,0,0,1,0,0,0.0,1.0,2617.0,42.0,48.6,9.7,1.7,0.3,,2026-05-10 21:26:01
germ-germinadorap-de5832|LOT-20260506-651F-009|r1_c0|rep0,LOT-20260506-651F-009:A2:R0,germ-germinadorap-de5832,LOT-20260506-651F-009,A2,1,0,0,Betabel,,c4,vigorosa,2026-05-11 15:20:50,4960,manual,2026-05-10 21:40:57,2026-05-06 21:07:49,96.55,5,cg_1778449255744_2,4792,cam2_20260510_154057.jpg,crops/cam2_20260510_154057_r1_c0.jpg,4794,cam2_20260510_154100.jpg,crops/cam2_20260510_154100_r1_c0.jpg,10102,29.7,,49,47.6,0,0,0,0,0,0.0,0.0,2632.0,47.0,48.9,9.8,1.7,0.3,,2026-05-10 21:41:01
germ-germinadorap-de5832|LOT-20260506-651F-009|r1_c0|rep0,LOT-20260506-651F-009:A2:R0,germ-germinadorap-de5832,LOT-20260506-651F-009,A2,1,0,0,Betabel,,c4,vigorosa,2026-05-11 15:20:50,4960,manual,2026-05-10 21:55:57,2026-05-06 21:07:49,96.80,5,cg_1778450155747_2,4796,cam2_20260510_155557.jpg,crops/cam2_20260510_155557_r1_c0.jpg,4798,cam2_20260510_155600.jpg,crops/cam2_20260510_155600_r1_c0.jpg,10114,29.8,,47,47.5,0,0,0,0,0,0.0,0.0,2647.0,50.0,49.1,9.8,1.7,0.3,,2026-05-10 21:56:01
germ-germinadorap-de5832|LOT-20260506-651F-009|r1_c0|rep0,LOT-20260506-651F-009:A2:R0,germ-germinadorap-de5832,LOT-20260506-651F-009,A2,1,0,0,Betabel,,c4,vigorosa,2026-05-11 15:20:50,4960,manual,2026-05-10 22:10:57,2026-05-06 21:07:49,97.05,5,cg_1778451055750_2,4800,cam2_20260510_161057.jpg,crops/cam2_20260510_161057_r1_c0.jpg,4801,cam2_20260510_161100.jpg,crops/cam2_20260510_161100_r1_c0.jpg,10126,29.9,,59,48.1,0,0,0,0,0,0.0,0.0,2662.0,54.0,49.4,9.9,1.7,0.3,,2026-05-10 22:11:01
germ-germinadorap-de5832|LOT-20260506-651F-009|r1_c0|rep0,LOT-20260506-651F-009:A2:R0,germ-germinadorap-de5832,LOT-20260506-651F-009,A2,1,0,0,Betabel,,c4,vigorosa,2026-05-11 15:20:50,4960,manual,2026-05-10 22:25:57,2026-05-06 21:07:49,97.30,5,cg_1778451955821_2,4804,cam2_20260510_162557.jpg,crops/cam2_20260510_162557_r1_c0.jpg,4806,cam2_20260510_162600.jpg,crops/cam2_20260510_162600_r1_c0.jpg,10138,29.6,,51,46.7,0,0,0,0,0,0.0,0.0,2677.0,60.0,49.6,9.9,1.7,0.3,,2026-05-10 22:26:01
germ-germinadorap-de5832|LOT-20260506-651F-009|r1_c0|rep0,LOT-20260506-651F-009:A2:R0,germ-germinadorap-de5832,LOT-20260506-651F-009,A2,1,0,0,Betabel,,c4,vigorosa,2026-05-11 15:20:50,4960,manual,2026-05-10 22:40:57,2026-05-06 21:07:49,97.55,5,cg_1778452855827_2,4812,cam2_20260510_164057.jpg,crops/cam2_20260510_164057_r1_c0.jpg,4814,cam2_20260510_164100.jpg,crops/cam2_20260510_164100_r1_c0.jpg,10150,29.7,,49,46.5,0,0,0,0,0,0.0,0.0,2691.0,64.0,49.8,10.0,1.7,0.3,,2026-05-10 22:41:01
germ-germinadorap-de5832|LOT-20260506-651F-009|r1_c0|rep0,LOT-20260506-651F-009:A2:R0,germ-germinadorap-de5832,LOT-20260506-651F-009,A2,1,0,0,Betabel,,c4,vigorosa,2026-05-11 15:20:50,4960,manual,2026-05-10 22:55:57,2026-05-06 21:07:49,97.80,5,cg_1778453755870_2,4816,cam2_20260510_165557.jpg,crops/cam2_20260510_165557_r1_c0.jpg,4818,cam2_20260510_165600.jpg,crops/cam2_20260510_165600_r1_c0.jpg,10162,29.7,,48,44,0,0,0,0,0,0.0,0.0,2706.0,67.0,50.1,10.0,1.7,0.3,,2026-05-10 22:56:01
germ-germinadorap-de5832|LOT-20260506-651F-009|r1_c0|rep0,LOT-20260506-651F-009:A2:R0,germ-germinadorap-de5832,LOT-20260506-651F-009,A2,1,0,0,Betabel,,c4,vigorosa,2026-05-11 15:20:50,4960,manual,2026-05-10 23:10:57,2026-05-06 21:07:49,98.05,5,cg_1778454655873_2,4820,cam2_20260510_171057.jpg,crops/cam2_20260510_171057_r1_c0.jpg,4822,cam2_20260510_171100.jpg,crops/cam2_20260510_171100_r1_c0.jpg,10174,29.8,,46,47.5,0,0,0,0,0,0.0,0.0,2721.0,70.0,50.3,10.1,1.7,0.3,,2026-05-10 23:11:01
germ-germinadorap-de5832|LOT-20260506-651F-009|r1_c0|rep0,LOT-20260506-651F-009:A2:R0,germ-germinadorap-de5832,LOT-20260506-651F-009,A2,1,0,0,Betabel,,c4,vigorosa,2026-05-11 15:20:50,4960,manual,2026-05-10 23:25:57,2026-05-06 21:07:49,98.30,5,cg_1778455555875_2,4824,cam2_20260510_172557.jpg,crops/cam2_20260510_172557_r1_c0.jpg,4826,cam2_20260510_172600.jpg,crops/cam2_20260510_172600_r1_c0.jpg,10185,29.8,,47,45.9,0,0,0,0,0,0.0,0.0,2737.0,74.0,50.6,10.1,1.7,0.3,,2026-05-10 23:26:01
germ-germinadorap-de5832|LOT-20260506-651F-009|r1_c0|rep0,LOT-20260506-651F-009:A2:R0,germ-germinadorap-de5832,LOT-20260506-651F-009,A2,1,0,0,Betabel,,c4,vigorosa,2026-05-11 15:20:50,4960,manual,2026-05-10 23:40:57,2026-05-06 21:07:49,98.55,5,cg_1778456455876_2,4828,cam2_20260510_174057.jpg,crops/cam2_20260510_174057_r1_c0.jpg,4830,cam2_20260510_174100.jpg,crops/cam2_20260510_174100_r1_c0.jpg,10196,29.8,,47,46.4,0,0,0,0,0,0.0,0.0,2752.0,77.0,50.8,10.2,1.7,0.3,,2026-05-10 23:41:01
germ-germinadorap-de5832|LOT-20260506-651F-009|r1_c0|rep0,LOT-20260506-651F-009:A2:R0,germ-germinadorap-de5832,LOT-20260506-651F-009,A2,1,0,0,Betabel,,c4,vigorosa,2026-05-11 15:20:50,4960,manual,2026-05-10 23:55:57,2026-05-06 21:07:49,98.80,5,cg_1778457355905_2,4832,cam2_20260510_175557.jpg,crops/cam2_20260510_175557_r1_c0.jpg,4834,cam2_20260510_175600.jpg,crops/cam2_20260510_175600_r1_c0.jpg,10208,29.8,,45,45.5,0,0,0,0,0,0.0,0.0,2767.0,80.0,51.1,10.2,1.7,0.3,,2026-05-10 23:56:01
germ-germinadorap-de5832|LOT-20260506-651F-009|r1_c0|rep0,LOT-20260506-651F-009:A2:R0,germ-germinadorap-de5832,LOT-20260506-651F-009,A2,1,0,0,Betabel,,c4,vigorosa,2026-05-11 15:20:50,4960,manual,2026-05-11 00:10:57,2026-05-06 21:07:49,99.05,5,cg_1778458255962_2,4836,cam2_20260510_181057.jpg,crops/cam2_20260510_181057_r1_c0.jpg,4838,cam2_20260510_181100.jpg,crops/cam2_20260510_181100_r1_c0.jpg,10220,29.7,,48,45.4,0,0,0,1,0,15.0,3.0,2782.0,84.0,51.3,10.3,1.7,0.3,,2026-05-11 00:11:01
germ-germinadorap-de5832|LOT-20260506-651F-009|r1_c0|rep0,LOT-20260506-651F-009:A2:R0,germ-germinadorap-de5832,LOT-20260506-651F-009,A2,1,0,0,Betabel,,c4,vigorosa,2026-05-11 15:20:50,4960,manual,2026-05-11 00:25:57,2026-05-06 21:07:49,99.30,5,cg_1778459155979_2,4840,cam2_20260510_182557.jpg,crops/cam2_20260510_182557_r1_c0.jpg,4842,cam2_20260510_182600.jpg,crops/cam2_20260510_182600_r1_c0.jpg,10232,29.7,,58,44.8,0,0,0,0,0,0.0,0.0,2797.0,87.0,51.5,10.3,1.7,0.3,,2026-05-11 00:26:01
germ-germinadorap-de5832|LOT-20260506-651F-009|r1_c0|rep0,LOT-20260506-651F-009:A2:R0,germ-germinadorap-de5832,LOT-20260506-651F-009,A2,1,0,0,Betabel,,c4,vigorosa,2026-05-11 15:20:50,4960,manual,2026-05-11 03:10:59,2026-05-06 21:07:49,102.05,5,cg_1778469056122_2,4884,cam2_20260510_211058.jpg,crops/cam2_20260510_211058_r1_c0.jpg,4886,cam2_20260510_211101.jpg,crops/cam2_20260510_211101_r1_c0.jpg,10366,29,,46,41,0,0,0,0,0,0.0,0.0,2900.0,101.0,51.5,10.3,1.7,0.3,,2026-05-11 03:11:04
germ-germinadorap-de5832|LOT-20260506-651F-009|r1_c0|rep0,LOT-20260506-651F-009:A2:R0,germ-germinadorap-de5832,LOT-20260506-651F-009,A2,1,0,0,Betabel,,c4,vigorosa,2026-05-11 15:20:50,4960,manual,2026-05-11 03:25:58,2026-05-06 21:07:49,102.30,5,cg_1778469956119_2,4888,cam2_20260510_212557.jpg,crops/cam2_20260510_212557_r1_c0.jpg,4890,cam2_20260510_212600.jpg,crops/cam2_20260510_212600_r1_c0.jpg,10378,29.1,,47,41.3,0,0,0,0,0,0.0,0.0,2914.0,101.0,51.5,10.3,1.7,0.3,,2026-05-11 03:26:02
germ-germinadorap-de5832|LOT-20260506-651F-009|r1_c0|rep0,LOT-20260506-651F-009:A2:R0,germ-germinadorap-de5832,LOT-20260506-651F-009,A2,1,0,0,Betabel,,c4,vigorosa,2026-05-11 15:20:50,4960,manual,2026-05-11 03:40:58,2026-05-06 21:07:49,102.55,5,cg_1778470856130_2,4892,cam2_20260510_214057.jpg,crops/cam2_20260510_214057_r1_c0.jpg,4894,cam2_20260510_214100.jpg,crops/cam2_20260510_214100_r1_c0.jpg,10390,27.6,,45,37.5,0,0,0,0,0,0.0,0.0,2929.0,101.0,51.5,10.3,1.7,0.3,,2026-05-11 03:41:02
germ-germinadorap-de5832|LOT-20260506-651F-009|r1_c0|rep0,LOT-20260506-651F-009:A2:R0,germ-germinadorap-de5832,LOT-20260506-651F-009,A2,1,0,0,Betabel,,c4,vigorosa,2026-05-11 15:20:50,4960,manual,2026-05-11 03:55:58,2026-05-06 21:07:49,102.80,5,cg_1778471756129_2,4896,cam2_20260510_215557.jpg,crops/cam2_20260510_215557_r1_c0.jpg,4898,cam2_20260510_215601.jpg,crops/cam2_20260510_215601_r1_c0.jpg,10402,27.3,,47,34.1,0,0,0,0,0,0.0,0.0,2944.0,101.0,51.5,10.3,1.7,0.3,,2026-05-11 03:56:03
germ-germinadorap-de5832|LOT-20260506-651F-009|r1_c0|rep0,LOT-20260506-651F-009:A2:R0,germ-germinadorap-de5832,LOT-20260506-651F-009,A2,1,0,0,Betabel,,c4,vigorosa,2026-05-11 15:20:50,4960,manual,2026-05-11 04:10:58,2026-05-06 21:07:49,103.05,5,cg_1778472656132_2,4900,cam2_20260510_221057.jpg,crops/cam2_20260510_221057_r1_c0.jpg,4902,cam2_20260510_221100.jpg,crops/cam2_20260510_221100_r1_c0.jpg,10414,26.8,,42,35.2,0,0,0,0,0,0.0,0.0,2959.0,101.0,51.5,10.3,1.7,0.3,,2026-05-11 04:11:02
germ-germinadorap-de5832|LOT-20260506-651F-009|r1_c0|rep0,LOT-20260506-651F-009:A2:R0,germ-germinadorap-de5832,LOT-20260506-651F-009,A2,1,0,0,Betabel,,c4,vigorosa,2026-05-11 15:20:50,4960,manual,2026-05-11 04:25:58,2026-05-06 21:07:49,103.30,5,cg_1778473556146_2,4904,cam2_20260510_222557.jpg,crops/cam2_20260510_222557_r1_c0.jpg,4906,cam2_20260510_222600.jpg,crops/cam2_20260510_222600_r1_c0.jpg,10426,26.2,,40,35.6,0,0,0,0,0,0.0,0.0,2974.0,101.0,51.5,10.3,1.7,0.3,,2026-05-11 04:26:02
germ-germinadorap-de5832|LOT-20260506-651F-009|r1_c0|rep0,LOT-20260506-651F-009:A2:R0,germ-germinadorap-de5832,LOT-20260506-651F-009,A2,1,0,0,Betabel,,c4,vigorosa,2026-05-11 15:20:50,4960,manual,2026-05-11 04:40:58,2026-05-06 21:07:49,103.55,5,cg_1778474456160_2,4908,cam2_20260510_224057.jpg,crops/cam2_20260510_224057_r1_c0.jpg,4910,cam2_20260510_224100.jpg,crops/cam2_20260510_224100_r1_c0.jpg,10438,26.8,,40,35.8,0,0,0,0,0,0.0,0.0,2989.0,101.0,51.5,10.3,1.7,0.3,,2026-05-11 04:41:02
germ-germinadorap-de5832|LOT-20260506-651F-009|r1_c0|rep0,LOT-20260506-651F-009:A2:R0,germ-germinadorap-de5832,LOT-20260506-651F-009,A2,1,0,0,Betabel,,c4,vigorosa,2026-05-11 15:20:50,4960,manual,2026-05-11 04:55:58,2026-05-06 21:07:49,103.80,5,cg_1778475356182_2,4912,cam2_20260510_225557.jpg,crops/cam2_20260510_225557_r1_c0.jpg,4914,cam2_20260510_225600.jpg,crops/cam2_20260510_225600_r1_c0.jpg,10450,28,,46,33.7,0,0,0,0,0,0.0,0.0,3004.0,101.0,51.5,10.3,1.7,0.3,,2026-05-11 04:56:02
germ-germinadorap-de5832|LOT-20260506-651F-009|r1_c0|rep0,LOT-20260506-651F-009:A2:R0,germ-germinadorap-de5832,LOT-20260506-651F-009,A2,1,0,0,Betabel,,c4,vigorosa,2026-05-11 15:20:50,4960,manual,2026-05-11 05:10:58,2026-05-06 21:07:49,104.05,5,cg_1778476256201_2,4916,cam2_20260510_231057.jpg,crops/cam2_20260510_231057_r1_c0.jpg,4918,cam2_20260510_231100.jpg,crops/cam2_20260510_231100_r1_c0.jpg,10462,28.2,,47,35.8,0,0,0,0,0,0.0,0.0,3019.0,101.0,51.5,10.3,1.7,0.3,,2026-05-11 05:11:02
germ-germinadorap-de5832|LOT-20260506-651F-009|r1_c0|rep0,LOT-20260506-651F-009:A2:R0,germ-germinadorap-de5832,LOT-20260506-651F-009,A2,1,0,0,Betabel,,c4,vigorosa,2026-05-11 15:20:50,4960,manual,2026-05-11 05:25:58,2026-05-06 21:07:49,104.30,5,cg_1778477156211_2,4920,cam2_20260510_232557.jpg,crops/cam2_20260510_232557_r1_c0.jpg,4922,cam2_20260510_232600.jpg,crops/cam2_20260510_232600_r1_c0.jpg,10474,28.2,,48,35.9,0,0,0,0,0,0.0,0.0,3034.0,101.0,51.5,10.3,1.7,0.3,,2026-05-11 05:26:02
germ-germinadorap-de5832|LOT-20260506-651F-009|r1_c0|rep0,LOT-20260506-651F-009:A2:R0,germ-germinadorap-de5832,LOT-20260506-651F-009,A2,1,0,0,Betabel,,c4,vigorosa,2026-05-11 15:20:50,4960,manual,2026-05-11 05:40:58,2026-05-06 21:07:49,104.55,5,cg_1778478056235_2,4924,cam2_20260510_234057.jpg,crops/cam2_20260510_234057_r1_c0.jpg,4926,cam2_20260510_234101.jpg,crops/cam2_20260510_234101_r1_c0.jpg,10486,28.4,,48,37.3,0,0,0,0,0,0.0,0.0,3048.0,101.0,51.5,10.3,1.7,0.3,,2026-05-11 05:41:02
germ-germinadorap-de5832|LOT-20260506-651F-009|r1_c0|rep0,LOT-20260506-651F-009:A2:R0,germ-germinadorap-de5832,LOT-20260506-651F-009,A2,1,0,0,Betabel,,c4,vigorosa,2026-05-11 15:20:50,4960,manual,2026-05-11 05:55:58,2026-05-06 21:07:49,104.80,5,cg_1778478956246_2,4928,cam2_20260510_235557.jpg,crops/cam2_20260510_235557_r1_c0.jpg,4930,cam2_20260510_235600.jpg,crops/cam2_20260510_235600_r1_c0.jpg,10498,28.4,,50,35.6,0,0,0,0,0,0.0,0.0,3063.0,101.0,51.5,10.3,1.7,0.3,,2026-05-11 05:56:02
germ-germinadorap-de5832|LOT-20260506-651F-009|r1_c0|rep0,LOT-20260506-651F-009:A2:R0,germ-germinadorap-de5832,LOT-20260506-651F-009,A2,1,0,0,Betabel,,c4,vigorosa,2026-05-11 15:20:50,4960,manual,2026-05-11 06:10:58,2026-05-06 21:07:49,105.05,5,cg_1778479856282_2,4932,cam2_20260511_001057.jpg,crops/cam2_20260511_001057_r1_c0.jpg,4934,cam2_20260511_001100.jpg,crops/cam2_20260511_001100_r1_c0.jpg,10510,28.5,,48,34.1,0,0,0,0,0,0.0,0.0,3078.0,101.0,51.5,10.3,1.7,0.3,,2026-05-11 06:11:02
germ-germinadorap-de5832|LOT-20260506-651F-009|r1_c0|rep0,LOT-20260506-651F-009:A2:R0,germ-germinadorap-de5832,LOT-20260506-651F-009,A2,1,0,0,Betabel,,c4,vigorosa,2026-05-11 15:20:50,4960,manual,2026-05-11 06:25:58,2026-05-06 21:07:49,105.30,5,cg_1778480756279_2,4936,cam2_20260511_002557.jpg,crops/cam2_20260511_002557_r1_c0.jpg,4938,cam2_20260511_002600.jpg,crops/cam2_20260511_002600_r1_c0.jpg,10522,28.6,,51,36.3,0,0,0,0,0,0.0,0.0,3089.0,101.0,51.5,10.3,1.7,0.3,,2026-05-11 06:26:02
germ-germinadorap-de5832|LOT-20260506-651F-009|r1_c0|rep0,LOT-20260506-651F-009:A2:R0,germ-germinadorap-de5832,LOT-20260506-651F-009,A2,1,0,0,Betabel,,c4,vigorosa,2026-05-11 15:20:50,4960,manual,2026-05-11 06:40:58,2026-05-06 21:07:49,105.55,5,cg_1778481656285_2,4940,cam2_20260511_004057.jpg,crops/cam2_20260511_004057_r1_c0.jpg,4942,cam2_20260511_004100.jpg,crops/cam2_20260511_004100_r1_c0.jpg,10534,28.7,,51,35.8,0,0,0,0,0,0.0,0.0,3089.0,101.0,51.5,10.3,1.7,0.3,,2026-05-11 06:41:02
germ-germinadorap-de5832|LOT-20260506-651F-009|r1_c0|rep0,LOT-20260506-651F-009:A2:R0,germ-germinadorap-de5832,LOT-20260506-651F-009,A2,1,0,0,Betabel,,c4,vigorosa,2026-05-11 15:20:50,4960,manual,2026-05-11 06:55:58,2026-05-06 21:07:49,105.80,5,cg_1778482556287_2,4944,cam2_20260511_005557.jpg,crops/cam2_20260511_005557_r1_c0.jpg,4946,cam2_20260511_005600.jpg,crops/cam2_20260511_005600_r1_c0.jpg,10546,28.5,,53,34.3,0,0,0,0,0,0.0,0.0,3089.0,101.0,51.5,10.3,1.7,0.3,,2026-05-11 06:56:02
germ-germinadorap-de5832|LOT-20260506-651F-009|r1_c0|rep0,LOT-20260506-651F-009:A2:R0,germ-germinadorap-de5832,LOT-20260506-651F-009,A2,1,0,0,Betabel,,c4,vigorosa,2026-05-11 15:20:50,4960,manual,2026-05-11 14:35:50,2026-05-06 21:07:49,113.47,5,cg_1778510148204_2,4949,cam2_20260511_083549.jpg,crops/cam2_20260511_083549_r1_c0.jpg,4951,cam2_20260511_083554.jpg,crops/cam2_20260511_083554_r1_c0.jpg,10565,26.8,,60,15,0,0,0,0,0,0.0,0.0,3090.0,101.0,57.5,11.5,1.7,0.3,,2026-05-11 14:35:55
germ-germinadorap-de5832|LOT-20260506-651F-009|r1_c0|rep0,LOT-20260506-651F-009:A2:R0,germ-germinadorap-de5832,LOT-20260506-651F-009,A2,1,0,0,Betabel,,c4,vigorosa,2026-05-11 15:20:50,4960,manual,2026-05-11 14:50:50,2026-05-06 21:07:49,113.72,5,cg_1778511048201_2,4952,cam2_20260511_085049.jpg,crops/cam2_20260511_085049_r1_c0.jpg,4954,cam2_20260511_085052.jpg,crops/cam2_20260511_085052_r1_c0.jpg,10570,27.2,,52,15.1,0,0,0,0,0,0.0,0.0,3105.0,101.0,57.7,11.5,1.7,0.3,,2026-05-11 14:50:53
germ-germinadorap-de5832|LOT-20260506-651F-009|r1_c0|rep0,LOT-20260506-651F-009:A2:R0,germ-germinadorap-de5832,LOT-20260506-651F-009,A2,1,0,0,Betabel,,c4,vigorosa,2026-05-11 15:20:50,4960,manual,2026-05-11 15:05:50,2026-05-06 21:07:49,113.97,5,cg_1778511948210_2,4956,cam2_20260511_090549.jpg,crops/cam2_20260511_090549_r1_c0.jpg,4958,cam2_20260511_090552.jpg,crops/cam2_20260511_090552_r1_c0.jpg,10582,27.9,,50,15.1,0,0,0,0,0,0.0,0.0,3120.0,101.0,58.0,11.6,1.7,0.3,,2026-05-11 15:05:54
germ-germinadorap-de5832|LOT-20260506-651F-009|r1_c0|rep0,LOT-20260506-651F-009:A2:R0,germ-germinadorap-de5832,LOT-20260506-651F-009,A2,1,0,0,Betabel,,c4,vigorosa,2026-05-11 15:20:50,4960,manual,2026-05-11 15:20:50,2026-05-06 21:07:49,114.22,5,cg_1778512848207_2,4960,cam2_20260511_092049.jpg,crops/cam2_20260511_092049_r1_c0.jpg,4962,cam2_20260511_092052.jpg,crops/cam2_20260511_092052_r1_c0.jpg,10594,28,,50,15.1,0,0,0,0,0,0.0,0.0,3135.0,101.0,58.2,11.6,1.7,0.3,,2026-05-11 15:20:54
germ-germinadorap-de5832|LOT-20260506-651F-009|r1_c0|rep0,LOT-20260506-651F-009:A2:R0,germ-germinadorap-de5832,LOT-20260506-651F-009,A2,1,0,0,Betabel,,c4,vigorosa,2026-05-11 15:20:50,4960,manual,2026-05-11 15:35:50,2026-05-06 21:07:49,114.47,5,cg_1778513748209_2,4972,cam2_20260511_093549.jpg,crops/cam2_20260511_093549_r1_c0.jpg,4974,cam2_20260511_093552.jpg,crops/cam2_20260511_093552_r1_c0.jpg,10606,28.3,,49,15.2,0,0,0,0,0,0.0,0.0,3149.0,101.0,58.5,11.7,1.7,0.3,,2026-05-11 15:35:54
germ-germinadorap-de5832|LOT-20260506-651F-009|r1_c0|rep0,LOT-20260506-651F-009:A2:R0,germ-germinadorap-de5832,LOT-20260506-651F-009,A2,1,0,0,Betabel,,c4,vigorosa,2026-05-11 15:20:50,4960,manual,2026-05-11 15:50:50,2026-05-06 21:07:49,114.72,5,cg_1778514648214_2,4976,cam2_20260511_095049.jpg,crops/cam2_20260511_095049_r1_c0.jpg,4978,cam2_20260511_095052.jpg,crops/cam2_20260511_095052_r1_c0.jpg,10618,28.5,,49,15.6,0,0,0,0,0,0.0,0.0,3164.0,101.0,58.7,11.7,1.7,0.3,,2026-05-11 15:50:54
germ-germinadorap-de5832|LOT-20260506-651F-009|r1_c0|rep0,LOT-20260506-651F-009:A2:R0,germ-germinadorap-de5832,LOT-20260506-651F-009,A2,1,0,0,Betabel,,c4,vigorosa,2026-05-11 15:20:50,4960,manual,2026-05-11 16:05:50,2026-05-06 21:07:49,114.97,5,cg_1778515548214_2,4980,cam2_20260511_100549.jpg,crops/cam2_20260511_100549_r1_c0.jpg,4982,cam2_20260511_100552.jpg,crops/cam2_20260511_100552_r1_c0.jpg,10630,28.6,,48,15.6,0,0,0,0,0,0.0,0.0,3179.0,101.0,59.0,11.8,1.7,0.3,,2026-05-11 16:05:54
germ-germinadorap-de5832|LOT-20260506-651F-009|r1_c0|rep0,LOT-20260506-651F-009:A2:R0,germ-germinadorap-de5832,LOT-20260506-651F-009,A2,1,0,0,Betabel,,c4,vigorosa,2026-05-11 15:20:50,4960,manual,2026-05-11 16:20:50,2026-05-06 21:07:49,115.22,5,cg_1778516448215_2,4984,cam2_20260511_102049.jpg,crops/cam2_20260511_102049_r1_c0.jpg,4986,cam2_20260511_102053.jpg,crops/cam2_20260511_102053_r1_c0.jpg,10642,28.6,,48,16,0,0,0,0,0,0.0,0.0,3194.0,101.0,59.2,11.8,1.7,0.3,,2026-05-11 16:20:54
germ-germinadorap-de5832|LOT-20260506-651F-009|r1_c0|rep0,LOT-20260506-651F-009:A2:R0,germ-germinadorap-de5832,LOT-20260506-651F-009,A2,1,0,0,Betabel,,c4,vigorosa,2026-05-11 15:20:50,4960,manual,2026-05-11 16:35:51,2026-05-06 21:07:49,115.47,5,cg_1778517348293_2,4988,cam2_20260511_103550.jpg,crops/cam2_20260511_103550_r1_c0.jpg,4990,cam2_20260511_103554.jpg,crops/cam2_20260511_103554_r1_c0.jpg,10654,28.5,,48,16.7,0,0,0,0,0,0.0,0.0,3209.0,101.0,59.5,11.9,1.7,0.3,,2026-05-11 16:35:57
germ-germinadorap-de5832|LOT-20260506-651F-009|r1_c0|rep0,LOT-20260506-651F-009:A2:R0,germ-germinadorap-de5832,LOT-20260506-651F-009,A2,1,0,0,Betabel,,c4,vigorosa,2026-05-11 15:20:50,4960,manual,2026-05-11 16:50:50,2026-05-06 21:07:49,115.72,5,cg_1778518248293_2,4992,cam2_20260511_105049.jpg,crops/cam2_20260511_105049_r1_c0.jpg,4994,cam2_20260511_105052.jpg,crops/cam2_20260511_105052_r1_c0.jpg,10666,28.7,,47,15.7,0,0,0,0,0,0.0,0.0,3224.0,102.0,59.7,11.9,1.7,0.3,,2026-05-11 16:50:54
germ-germinadorap-de5832|LOT-20260506-651F-009|r1_c0|rep0,LOT-20260506-651F-009:A2:R0,germ-germinadorap-de5832,LOT-20260506-651F-009,A2,1,0,0,Betabel,,c4,vigorosa,2026-05-11 15:20:50,4960,manual,2026-05-11 17:05:50,2026-05-06 21:07:49,115.97,5,cg_1778519148297_2,4996,cam2_20260511_110549.jpg,crops/cam2_20260511_110549_r1_c0.jpg,4998,cam2_20260511_110552.jpg,crops/cam2_20260511_110552_r1_c0.jpg,10678,28.9,,47,16,0,0,0,0,0,0.0,0.0,3239.0,102.0,60.0,12.0,1.7,0.3,,2026-05-11 17:05:54
germ-germinadorap-de5832|LOT-20260506-651F-009|r1_c0|rep0,LOT-20260506-651F-009:A2:R0,germ-germinadorap-de5832,LOT-20260506-651F-009,A2,1,0,0,Betabel,,c4,vigorosa,2026-05-11 15:20:50,4960,manual,2026-05-11 17:21:50,2026-05-06 21:07:49,116.23,5,cg_1778520108297_2,5000,cam2_20260511_112149.jpg,crops/cam2_20260511_112149_r1_c0.jpg,5002,cam2_20260511_112152.jpg,crops/cam2_20260511_112152_r1_c0.jpg,10690,29,,48,16,0,0,0,0,0,0.0,0.0,3254.0,102.0,60.2,12.0,1.7,0.3,,2026-05-11 17:21:54
germ-germinadorap-de5832|LOT-20260506-651F-009|r1_c0|rep0,LOT-20260506-651F-009:A2:R0,germ-germinadorap-de5832,LOT-20260506-651F-009,A2,1,0,0,Betabel,,c4,vigorosa,2026-05-11 15:20:50,4960,manual,2026-05-11 17:36:50,2026-05-06 21:07:49,116.48,5,cg_1778521008298_2,5004,cam2_20260511_113649.jpg,crops/cam2_20260511_113649_r1_c0.jpg,5006,cam2_20260511_113654.jpg,crops/cam2_20260511_113654_r1_c0.jpg,10702,29.2,,48,16.5,0,0,0,0,0,0.0,0.0,3269.0,102.0,60.5,12.1,1.7,0.3,,2026-05-11 17:36:56
germ-germinadorap-de5832|LOT-20260506-651F-009|r1_c0|rep0,LOT-20260506-651F-009:A2:R0,germ-germinadorap-de5832,LOT-20260506-651F-009,A2,1,0,0,Betabel,,c4,vigorosa,2026-05-11 15:20:50,4960,manual,2026-05-11 17:51:50,2026-05-06 21:07:49,116.73,5,cg_1778521908300_2,5008,cam2_20260511_115149.jpg,crops/cam2_20260511_115149_r1_c0.jpg,5010,cam2_20260511_115153.jpg,crops/cam2_20260511_115153_r1_c0.jpg,10714,29.3,,48,16.5,0,0,0,0,0,0.0,0.0,3284.0,102.0,60.7,12.1,1.7,0.3,,2026-05-11 17:51:54
germ-germinadorap-de5832|LOT-20260506-651F-009|r1_c0|rep0,LOT-20260506-651F-009:A2:R0,germ-germinadorap-de5832,LOT-20260506-651F-009,A2,1,0,0,Betabel,,c4,vigorosa,2026-05-11 15:20:50,4960,manual,2026-05-11 18:06:50,2026-05-06 21:07:49,116.98,5,cg_1778522808303_2,5012,cam2_20260511_120649.jpg,crops/cam2_20260511_120649_r1_c0.jpg,5014,cam2_20260511_120652.jpg,crops/cam2_20260511_120652_r1_c0.jpg,10726,29.3,,47,16.9,0,0,0,0,0,0.0,0.0,3299.0,102.0,61.0,12.2,1.7,0.3,,2026-05-11 18:06:54
germ-germinadorap-de5832|LOT-20260506-651F-009|r1_c0|rep0,LOT-20260506-651F-009:A2:R0,germ-germinadorap-de5832,LOT-20260506-651F-009,A2,1,0,0,Betabel,,c4,vigorosa,2026-05-11 15:20:50,4960,manual,2026-05-11 18:21:50,2026-05-06 21:07:49,117.23,5,cg_1778523708307_2,5016,cam2_20260511_122149.jpg,crops/cam2_20260511_122149_r1_c0.jpg,5018,cam2_20260511_122152.jpg,crops/cam2_20260511_122152_r1_c0.jpg,10738,29.3,,46,16.8,0,0,0,0,0,0.0,0.0,3314.0,102.0,61.2,12.2,1.7,0.3,,2026-05-11 18:21:54
germ-germinadorap-de5832|LOT-20260506-651F-009|r1_c0|rep0,LOT-20260506-651F-009:A2:R0,germ-germinadorap-de5832,LOT-20260506-651F-009,A2,1,0,0,Betabel,,c4,vigorosa,2026-05-11 15:20:50,4960,manual,2026-05-11 18:36:54,2026-05-06 21:07:49,117.48,5,cg_1778524612078_2,5020,cam2_20260511_123653.jpg,crops/cam2_20260511_123653_r1_c0.jpg,5022,cam2_20260511_123656.jpg,crops/cam2_20260511_123656_r1_c0.jpg,10750,29.4,,46,19.3,0,0,0,0,0,0.0,0.0,3329.0,102.0,61.5,12.3,1.7,0.3,,2026-05-11 18:36:57
germ-germinadorap-de5832|LOT-20260506-651F-009|r1_c0|rep0,LOT-20260506-651F-009:A2:R0,germ-germinadorap-de5832,LOT-20260506-651F-009,A2,1,0,0,Betabel,,c4,vigorosa,2026-05-11 15:20:50,4960,manual,2026-05-11 18:51:54,2026-05-06 21:07:49,117.73,5,cg_1778525512081_2,5024,cam2_20260511_125153.jpg,crops/cam2_20260511_125153_r1_c0.jpg,5026,cam2_20260511_125156.jpg,crops/cam2_20260511_125156_r1_c0.jpg,10762,29.6,,45,17,0,0,0,0,0,0.0,0.0,3344.0,102.0,61.7,12.3,1.7,0.3,,2026-05-11 18:51:57
germ-germinadorap-de5832|LOT-20260506-651F-009|r1_c0|rep0,LOT-20260506-651F-009:A2:R0,germ-germinadorap-de5832,LOT-20260506-651F-009,A2,1,0,0,Betabel,,c4,vigorosa,2026-05-11 15:20:50,4960,manual,2026-05-11 19:06:54,2026-05-06 21:07:49,117.98,5,cg_1778526412123_2,5032,cam2_20260511_130653.jpg,crops/cam2_20260511_130653_r1_c0.jpg,5034,cam2_20260511_130656.jpg,crops/cam2_20260511_130656_r1_c0.jpg,10774,29.6,,48,55.4,0,0,0,0,0,0.0,0.0,3359.0,102.0,62.0,12.4,1.7,0.3,,2026-05-11 19:06:58
germ-germinadorap-de5832|LOT-20260506-651F-009|r1_c0|rep0,LOT-20260506-651F-009:A2:R0,germ-germinadorap-de5832,LOT-20260506-651F-009,A2,1,0,0,Betabel,,c4,vigorosa,2026-05-11 15:20:50,4960,manual,2026-05-11 19:21:54,2026-05-06 21:07:49,118.23,5,cg_1778527312122_2,5036,cam2_20260511_132153.jpg,crops/cam2_20260511_132153_r1_c0.jpg,5038,cam2_20260511_132156.jpg,crops/cam2_20260511_132156_r1_c0.jpg,10786,29.5,,44,53.6,0,0,0,0,0,0.0,0.0,3373.0,102.0,62.2,12.4,1.7,0.3,,2026-05-11 19:21:57
germ-germinadorap-de5832|LOT-20260506-651F-009|r1_c0|rep0,LOT-20260506-651F-009:A2:R0,germ-germinadorap-de5832,LOT-20260506-651F-009,A2,1,0,0,Betabel,,c4,vigorosa,2026-05-11 15:20:50,4960,manual,2026-05-11 19:36:54,2026-05-06 21:07:49,118.48,5,cg_1778528212121_2,5040,cam2_20260511_133653.jpg,crops/cam2_20260511_133653_r1_c0.jpg,5042,cam2_20260511_133656.jpg,crops/cam2_20260511_133656_r1_c0.jpg,10798,29.5,,44,49.7,0,0,0,0,0,0.0,0.0,3388.0,102.0,62.5,12.5,1.7,0.3,,2026-05-11 19:36:57
germ-germinadorap-de5832|LOT-20260506-651F-009|r1_c0|rep0,LOT-20260506-651F-009:A2:R0,germ-germinadorap-de5832,LOT-20260506-651F-009,A2,1,0,0,Betabel,,c4,vigorosa,2026-05-11 15:20:50,4960,manual,2026-05-11 19:52:26,2026-05-06 21:07:49,118.74,5,cg_1778529144220_2,5048,cam2_20260511_135225.jpg,crops/cam2_20260511_135225_r1_c0.jpg,5050,cam2_20260511_135228.jpg,crops/cam2_20260511_135228_r1_c0.jpg,10810,29.6,,44,45.2,0,0,0,0,0,0.0,0.0,3404.0,102.0,62.7,12.5,1.7,0.3,,2026-05-11 19:52:30
germ-germinadorap-de5832|LOT-20260506-651F-009|r1_c0|rep0,LOT-20260506-651F-009:A2:R0,germ-germinadorap-de5832,LOT-20260506-651F-009,A2,1,0,0,Betabel,,c4,vigorosa,2026-05-11 15:20:50,4960,manual,2026-05-11 20:08:15,2026-05-06 21:07:49,119.01,5,cg_1778530093130_2,5052,cam2_20260511_140814.jpg,crops/cam2_20260511_140814_r1_c0.jpg,5054,cam2_20260511_140818.jpg,crops/cam2_20260511_140818_r1_c0.jpg,10822,29.5,,52,38.3,0,0,0,0,0,0.0,0.0,3420.0,102.0,63.0,12.6,1.7,0.3,,2026-05-11 20:08:20
germ-germinadorap-de5832|LOT-20260506-651F-009|r1_c0|rep0,LOT-20260506-651F-009:A2:R0,germ-germinadorap-de5832,LOT-20260506-651F-009,A2,1,0,0,Betabel,,c4,vigorosa,2026-05-11 15:20:50,4960,manual,2026-05-11 20:23:15,2026-05-06 21:07:49,119.26,5,cg_1778530993131_2,5056,cam2_20260511_142314.jpg,crops/cam2_20260511_142314_r1_c0.jpg,5058,cam2_20260511_142317.jpg,crops/cam2_20260511_142317_r1_c0.jpg,10834,29.6,,44,40.1,0,0,0,0,0,0.0,0.0,3434.0,102.0,63.3,12.7,1.7,0.3,,2026-05-11 20:23:19
germ-germinadorap-de5832|LOT-20260506-651F-009|r1_c0|rep0,LOT-20260506-651F-009:A2:R0,germ-germinadorap-de5832,LOT-20260506-651F-009,A2,1,0,0,Betabel,,c4,vigorosa,2026-05-11 15:20:50,4960,manual,2026-05-11 20:38:15,2026-05-06 21:07:49,119.51,5,cg_1778531893142_2,5060,cam2_20260511_143814.jpg,crops/cam2_20260511_143814_r1_c0.jpg,5062,cam2_20260511_143817.jpg,crops/cam2_20260511_143817_r1_c0.jpg,10846,29.5,,44,40.5,0,0,0,0,0,0.0,0.0,3449.0,102.0,63.3,12.7,1.7,0.3,,2026-05-11 20:38:19
germ-germinadorap-de5832|LOT-20260506-651F-009|r1_c0|rep0,LOT-20260506-651F-009:A2:R0,germ-germinadorap-de5832,LOT-20260506-651F-009,A2,1,0,0,Betabel,,c4,vigorosa,2026-05-11 15:20:50,4960,manual,2026-05-11 20:53:15,2026-05-06 21:07:49,119.76,5,cg_1778532793151_2,5064,cam2_20260511_145314.jpg,crops/cam2_20260511_145314_r1_c0.jpg,5066,cam2_20260511_145317.jpg,crops/cam2_20260511_145317_r1_c0.jpg,10858,29.6,,45,40.1,0,0,0,0,0,0.0,0.0,3464.0,102.0,63.3,12.7,1.7,0.3,,2026-05-11 20:53:19
germ-germinadorap-de5832|LOT-20260506-651F-009|r1_c0|rep0,LOT-20260506-651F-009:A2:R0,germ-germinadorap-de5832,LOT-20260506-651F-009,A2,1,0,0,Betabel,,c4,vigorosa,2026-05-11 15:20:50,4960,manual,2026-05-11 21:08:15,2026-05-06 21:07:49,120.01,6,cg_1778533693155_2,5068,cam2_20260511_150814.jpg,crops/cam2_20260511_150814_r1_c0.jpg,5070,cam2_20260511_150817.jpg,crops/cam2_20260511_150817_r1_c0.jpg,10870,29.6,,44,38.7,0,0,0,0,0,0.0,0.0,3479.0,102.0,63.3,10.6,1.8,0.3,,2026-05-11 21:08:18
germ-germinadorap-de5832|LOT-20260506-651F-009|r1_c0|rep0,LOT-20260506-651F-009:A2:R0,germ-germinadorap-de5832,LOT-20260506-651F-009,A2,1,0,0,Betabel,,c4,vigorosa,2026-05-11 15:20:50,4960,manual,2026-05-11 21:23:15,2026-05-06 21:07:49,120.26,6,cg_1778534593157_2,5072,cam2_20260511_152314.jpg,crops/cam2_20260511_152314_r1_c0.jpg,5074,cam2_20260511_152317.jpg,crops/cam2_20260511_152317_r1_c0.jpg,10882,29.7,,46,41.1,0,0,0,0,0,0.0,0.0,3494.0,102.0,63.3,10.6,1.8,0.3,,2026-05-11 21:23:19
germ-germinadorap-de5832|LOT-20260506-651F-009|r1_c0|rep0,LOT-20260506-651F-009:A2:R0,germ-germinadorap-de5832,LOT-20260506-651F-009,A2,1,0,0,Betabel,,c4,vigorosa,2026-05-11 15:20:50,4960,manual,2026-05-11 22:23:48,2026-05-06 21:07:49,121.27,6,cg_1778538226404_2,5077,cam2_20260511_162347.jpg,crops/cam2_20260511_162347_r1_c0.jpg,5079,cam2_20260511_162353.jpg,crops/cam2_20260511_162353_r1_c0.jpg,10901,28.7,,61,36.9,0,0,0,0,0,0.0,0.0,3554.0,102.0,63.8,10.6,1.8,0.3,,2026-05-11 22:23:54
germ-germinadorap-de5832|LOT-20260506-651F-009|r1_c0|rep0,LOT-20260506-651F-009:A2:R0,germ-germinadorap-de5832,LOT-20260506-651F-009,A2,1,0,0,Betabel,,c4,vigorosa,2026-05-11 15:20:50,4960,manual,2026-05-11 22:38:48,2026-05-06 21:07:49,121.52,6,cg_1778539126403_2,5084,cam2_20260511_163847.jpg,crops/cam2_20260511_163847_r1_c0.jpg,5086,cam2_20260511_163850.jpg,crops/cam2_20260511_163850_r1_c0.jpg,10906,28.9,,51,33.1,0,0,0,0,0,0.0,0.0,3569.0,102.0,64.0,10.7,1.8,0.3,,2026-05-11 22:38:52
germ-germinadorap-de5832|LOT-20260506-651F-009|r1_c0|rep0,LOT-20260506-651F-009:A2:R0,germ-germinadorap-de5832,LOT-20260506-651F-009,A2,1,0,0,Betabel,,c4,vigorosa,2026-05-11 15:20:50,4960,manual,2026-05-11 22:53:48,2026-05-06 21:07:49,121.77,6,cg_1778540026403_2,5088,cam2_20260511_165347.jpg,crops/cam2_20260511_165347_r1_c0.jpg,5090,cam2_20260511_165350.jpg,crops/cam2_20260511_165350_r1_c0.jpg,10918,29.4,,50,39.3,0,0,0,0,0,0.0,0.0,3584.0,102.0,64.1,10.7,1.8,0.3,,2026-05-11 22:53:52
germ-germinadorap-de5832|LOT-20260506-651F-009|r1_c0|rep0,LOT-20260506-651F-009:A2:R0,germ-germinadorap-de5832,LOT-20260506-651F-009,A2,1,0,0,Betabel,,c4,vigorosa,2026-05-11 15:20:50,4960,manual,2026-05-11 23:08:48,2026-05-06 21:07:49,122.02,6,cg_1778540926411_2,5092,cam2_20260511_170847.jpg,crops/cam2_20260511_170847_r1_c0.jpg,5094,cam2_20260511_170850.jpg,crops/cam2_20260511_170850_r1_c0.jpg,10930,29.5,,46,31.3,0,0,0,0,0,0.0,0.0,3599.0,102.0,64.1,10.7,1.8,0.3,,2026-05-11 23:08:52
germ-germinadorap-de5832|LOT-20260506-651F-009|r1_c0|rep0,LOT-20260506-651F-009:A2:R0,germ-germinadorap-de5832,LOT-20260506-651F-009,A2,1,0,0,Betabel,,c4,vigorosa,2026-05-11 15:20:50,4960,manual,2026-05-11 23:23:48,2026-05-06 21:07:49,122.27,6,cg_1778541826412_2,5096,cam2_20260511_172347.jpg,crops/cam2_20260511_172347_r1_c0.jpg,5098,cam2_20260511_172351.jpg,crops/cam2_20260511_172351_r1_c0.jpg,10942,28.7,,43,37.2,0,0,0,0,0,0.0,0.0,3614.0,102.0,64.1,10.7,1.8,0.3,,2026-05-11 23:23:52
germ-germinadorap-de5832|LOT-20260506-651F-009|r1_c0|rep0,LOT-20260506-651F-009:A2:R0,germ-germinadorap-de5832,LOT-20260506-651F-009,A2,1,0,0,Betabel,,c4,vigorosa,2026-05-11 15:20:50,4960,manual,2026-05-11 23:40:05,2026-05-06 21:07:49,122.54,6,cg_1778542803443_2,5100,cam2_20260511_174004.jpg,crops/cam2_20260511_174004_r1_c0.jpg,5102,cam2_20260511_174009.jpg,crops/cam2_20260511_174009_r1_c0.jpg,10954,28.2,,42,39.8,0,0,0,0,0,0.0,0.0,3630.0,102.0,64.3,10.7,1.8,0.3,,2026-05-11 23:40:11
germ-germinadorap-de5832|LOT-20260506-651F-009|r1_c0|rep0,LOT-20260506-651F-009:A2:R0,germ-germinadorap-de5832,LOT-20260506-651F-009,A2,1,0,0,Betabel,,c4,vigorosa,2026-05-11 15:20:50,4960,manual,2026-05-11 23:55:05,2026-05-06 21:07:49,122.79,6,cg_1778543703441_2,5104,cam2_20260511_175505.jpg,crops/cam2_20260511_175505_r1_c0.jpg,5106,cam2_20260511_175508.jpg,crops/cam2_20260511_175508_r1_c0.jpg,10966,28,,42,39.9,0,0,0,0,0,0.0,0.0,3645.0,102.0,64.6,10.8,1.8,0.3,,2026-05-11 23:55:09
germ-germinadorap-de5832|LOT-20260506-651F-009|r1_c0|rep0,LOT-20260506-651F-009:A2:R0,germ-germinadorap-de5832,LOT-20260506-651F-009,A2,1,0,0,Betabel,,c4,vigorosa,2026-05-11 15:20:50,4960,manual,2026-05-12 00:10:06,2026-05-06 21:07:49,123.04,6,cg_1778544603468_2,5108,cam2_20260511_181005.jpg,crops/cam2_20260511_181005_r1_c0.jpg,5110,cam2_20260511_181008.jpg,crops/cam2_20260511_181008_r1_c0.jpg,10978,28.7,,44,44.1,0,0,0,1,0,15.0,0.0,3660.0,102.0,64.8,10.8,1.8,0.3,,2026-05-12 00:10:10
germ-germinadorap-de5832|LOT-20260506-651F-009|r1_c0|rep0,LOT-20260506-651F-009:A2:R0,germ-germinadorap-de5832,LOT-20260506-651F-009,A2,1,0,0,Betabel,,c4,vigorosa,2026-05-11 15:20:50,4960,manual,2026-05-12 06:17:12,2026-05-06 21:07:49,129.16,6,cg_1778566630531_2,5121,cam2_20260512_001712.jpg,crops/cam2_20260512_001712_r1_c0.jpg,5123,cam2_20260512_001718.jpg,crops/cam2_20260512_001718_r1_c0.jpg,10997,29,,50,1.5,0,0,0,0,0,0.0,0.0,3894.0,106.0,65.1,10.9,1.8,0.3,,2026-05-12 06:17:20
germ-germinadorap-de5832|LOT-20260506-651F-009|r1_c0|rep0,LOT-20260506-651F-009:A2:R0,germ-germinadorap-de5832,LOT-20260506-651F-009,A2,1,0,0,Betabel,,c4,vigorosa,2026-05-11 15:20:50,4960,manual,2026-05-12 06:32:32,2026-05-06 21:07:49,129.41,6,cg_1778567549618_2,5128,cam2_20260512_003231.jpg,crops/cam2_20260512_003231_r1_c0.jpg,5130,cam2_20260512_003234.jpg,crops/cam2_20260512_003234_r1_c0.jpg,11002,29,,50,1.4,0,0,0,0,0,0.0,0.0,3905.0,106.0,65.1,10.9,1.8,0.3,,2026-05-12 06:32:35
germ-germinadorap-de5832|LOT-20260506-651F-009|r1_c0|rep0,LOT-20260506-651F-009:A2:R0,germ-germinadorap-de5832,LOT-20260506-651F-009,A2,1,0,0,Betabel,,c4,vigorosa,2026-05-11 15:20:50,4960,manual,2026-05-12 06:47:31,2026-05-06 21:07:49,129.66,6,cg_1778568449617_2,5132,cam2_20260512_004731.jpg,crops/cam2_20260512_004731_r1_c0.jpg,5134,cam2_20260512_004734.jpg,crops/cam2_20260512_004734_r1_c0.jpg,11014,29,,50,1.4,0,0,0,0,0,0.0,0.0,3905.0,106.0,65.1,10.9,1.8,0.3,,2026-05-12 06:47:35
germ-germinadorap-de5832|LOT-20260506-651F-009|r1_c0|rep0,LOT-20260506-651F-009:A2:R0,germ-germinadorap-de5832,LOT-20260506-651F-009,A2,1,0,0,Betabel,,c4,vigorosa,2026-05-11 15:20:50,4960,manual,2026-05-12 07:02:32,2026-05-06 21:07:49,129.91,6,cg_1778569349624_2,5136,cam2_20260512_010231.jpg,crops/cam2_20260512_010231_r1_c0.jpg,5138,cam2_20260512_010234.jpg,crops/cam2_20260512_010234_r1_c0.jpg,11026,29,,50,1.3,0,0,0,0,0,0.0,0.0,3905.0,106.0,65.1,10.9,1.8,0.3,,2026-05-12 07:02:35
germ-germinadorap-de5832|LOT-20260506-651F-009|r1_c0|rep0,LOT-20260506-651F-009:A2:R0,germ-germinadorap-de5832,LOT-20260506-651F-009,A2,1,0,0,Betabel,,c4,vigorosa,2026-05-11 15:20:50,4960,manual,2026-05-12 07:17:31,2026-05-06 21:07:49,130.16,6,cg_1778570249636_2,5140,cam2_20260512_011731.jpg,crops/cam2_20260512_011731_r1_c0.jpg,5142,cam2_20260512_011734.jpg,crops/cam2_20260512_011734_r1_c0.jpg,11038,29,,50,1.2,0,0,0,0,0,0.0,0.0,3905.0,106.0,65.1,10.9,1.8,0.3,,2026-05-12 07:17:35
germ-germinadorap-de5832|LOT-20260506-651F-009|r1_c0|rep0,LOT-20260506-651F-009:A2:R0,germ-germinadorap-de5832,LOT-20260506-651F-009,A2,1,0,0,Betabel,,c4,vigorosa,2026-05-11 15:20:50,4960,manual,2026-05-12 07:32:32,2026-05-06 21:07:49,130.41,6,cg_1778571149655_2,5144,cam2_20260512_013231.jpg,crops/cam2_20260512_013231_r1_c0.jpg,5146,cam2_20260512_013234.jpg,crops/cam2_20260512_013234_r1_c0.jpg,11050,29,,50,1.2,0,0,0,0,0,0.0,0.0,3905.0,106.0,65.1,10.9,1.8,0.3,,2026-05-12 07:32:35
germ-germinadorap-de5832|LOT-20260506-651F-009|r1_c0|rep0,LOT-20260506-651F-009:A2:R0,germ-germinadorap-de5832,LOT-20260506-651F-009,A2,1,0,0,Betabel,,c4,vigorosa,2026-05-11 15:20:50,4960,manual,2026-05-12 07:48:41,2026-05-06 21:07:49,130.68,6,cg_1778572119486_2,5149,cam2_20260512_014841.jpg,crops/cam2_20260512_014841_r1_c0.jpg,5151,cam2_20260512_014846.jpg,crops/cam2_20260512_014846_r1_c0.jpg,11069,29,,50,1.2,0,0,0,0,0,0.0,0.0,3905.0,106.0,65.1,10.9,1.8,0.3,,2026-05-12 07:48:48
germ-germinadorap-de5832|LOT-20260506-651F-009|r1_c0|rep0,LOT-20260506-651F-009:A2:R0,germ-germinadorap-de5832,LOT-20260506-651F-009,A2,1,0,0,Betabel,,c4,vigorosa,2026-05-11 15:20:50,4960,manual,2026-05-12 08:04:29,2026-05-06 21:07:49,130.94,6,cg_1778573066932_2,5152,cam2_20260512_020428.jpg,crops/cam2_20260512_020428_r1_c0.jpg,5154,cam2_20260512_020431.jpg,crops/cam2_20260512_020431_r1_c0.jpg,11074,29,,50,1.2,0,0,0,0,0,0.0,0.0,3905.0,106.0,65.2,10.9,1.8,0.3,,2026-05-12 08:04:33
germ-germinadorap-de5832|LOT-20260506-651F-009|r1_c0|rep0,LOT-20260506-651F-009:A2:R0,germ-germinadorap-de5832,LOT-20260506-651F-009,A2,1,0,0,Betabel,,c4,vigorosa,2026-05-11 15:20:50,4960,manual,2026-05-12 08:19:29,2026-05-06 21:07:49,131.19,6,cg_1778573966928_2,5156,cam2_20260512_021928.jpg,crops/cam2_20260512_021928_r1_c0.jpg,5158,cam2_20260512_021931.jpg,crops/cam2_20260512_021931_r1_c0.jpg,11086,29,,50,1.2,0,0,0,0,0,0.0,0.0,3905.0,106.0,65.5,10.9,1.8,0.3,,2026-05-12 08:19:33
germ-germinadorap-de5832|LOT-20260506-651F-009|r1_c0|rep0,LOT-20260506-651F-009:A2:R0,germ-germinadorap-de5832,LOT-20260506-651F-009,A2,1,0,0,Betabel,,c4,vigorosa,2026-05-11 15:20:50,4960,manual,2026-05-12 08:34:29,2026-05-06 21:07:49,131.44,6,cg_1778574866930_2,5160,cam2_20260512_023428.jpg,crops/cam2_20260512_023428_r1_c0.jpg,5162,cam2_20260512_023431.jpg,crops/cam2_20260512_023431_r1_c0.jpg,11098,29,,50,1.1,0,0,0,0,0,0.0,0.0,3905.0,106.0,65.7,11.0,1.8,0.3,,2026-05-12 08:34:32
germ-germinadorap-de5832|LOT-20260506-651F-009|r1_c0|rep0,LOT-20260506-651F-009:A2:R0,germ-germinadorap-de5832,LOT-20260506-651F-009,A2,1,0,0,Betabel,,c4,vigorosa,2026-05-11 15:20:50,4960,manual,2026-05-12 08:49:29,2026-05-06 21:07:49,131.69,6,cg_1778575766935_2,5164,cam2_20260512_024928.jpg,crops/cam2_20260512_024928_r1_c0.jpg,5166,cam2_20260512_024931.jpg,crops/cam2_20260512_024931_r1_c0.jpg,11110,29,,50,1.1,0,0,0,0,0,0.0,0.0,3906.0,106.0,66.0,11.0,1.8,0.3,,2026-05-12 08:49:33
germ-germinadorap-de5832|LOT-20260506-651F-009|r1_c0|rep0,LOT-20260506-651F-009:A2:R0,germ-germinadorap-de5832,LOT-20260506-651F-009,A2,1,0,0,Betabel,,c4,vigorosa,2026-05-11 15:20:50,4960,manual,2026-05-12 09:04:29,2026-05-06 21:07:49,131.94,6,cg_1778576666935_2,5168,cam2_20260512_030428.jpg,crops/cam2_20260512_030428_r1_c0.jpg,5170,cam2_20260512_030431.jpg,crops/cam2_20260512_030431_r1_c0.jpg,11122,29,,50,1,0,0,0,0,0,0.0,0.0,3906.0,106.0,66.2,11.0,1.8,0.3,,2026-05-12 09:04:33
germ-germinadorap-de5832|LOT-20260506-651F-009|r1_c0|rep0,LOT-20260506-651F-009:A2:R0,germ-germinadorap-de5832,LOT-20260506-651F-009,A2,1,0,0,Betabel,,c4,vigorosa,2026-05-11 15:20:50,4960,manual,2026-05-12 09:19:29,2026-05-06 21:07:49,132.19,6,cg_1778577566943_2,5172,cam2_20260512_031928.jpg,crops/cam2_20260512_031928_r1_c0.jpg,5174,cam2_20260512_031931.jpg,crops/cam2_20260512_031931_r1_c0.jpg,11134,29,,50,1,0,0,0,0,0,0.0,0.0,3906.0,106.0,66.5,11.1,1.8,0.3,,2026-05-12 09:19:32
germ-germinadorap-de5832|LOT-20260506-651F-009|r1_c0|rep0,LOT-20260506-651F-009:A2:R0,germ-germinadorap-de5832,LOT-20260506-651F-009,A2,1,0,0,Betabel,,c4,vigorosa,2026-05-11 15:20:50,4960,manual,2026-05-12 09:34:29,2026-05-06 21:07:49,132.44,6,cg_1778578466944_2,5177,cam2_20260512_033428.jpg,crops/cam2_20260512_033428_r1_c0.jpg,5179,cam2_20260512_033433.jpg,crops/cam2_20260512_033433_r1_c0.jpg,11153,29,,50,0.9,0,0,0,0,0,0.0,0.0,3906.0,106.0,66.7,11.1,1.8,0.3,,2026-05-12 09:34:35
germ-germinadorap-de5832|LOT-20260506-651F-009|r1_c0|rep0,LOT-20260506-651F-009:A2:R0,germ-germinadorap-de5832,LOT-20260506-651F-009,A2,1,0,0,Betabel,,c4,vigorosa,2026-05-11 15:20:50,4960,manual,2026-05-12 09:49:29,2026-05-06 21:07:49,132.69,6,cg_1778579366948_2,5180,cam2_20260512_034928.jpg,crops/cam2_20260512_034928_r1_c0.jpg,5182,cam2_20260512_034931.jpg,crops/cam2_20260512_034931_r1_c0.jpg,11158,29,,50,0.9,0,0,0,0,0,0.0,0.0,3906.0,106.0,67.0,11.2,1.8,0.3,,2026-05-12 09:49:32
germ-germinadorap-de5832|LOT-20260506-651F-009|r1_c0|rep0,LOT-20260506-651F-009:A2:R0,germ-germinadorap-de5832,LOT-20260506-651F-009,A2,1,0,0,Betabel,,c4,vigorosa,2026-05-11 15:20:50,4960,manual,2026-05-12 10:04:29,2026-05-06 21:07:49,132.94,6,cg_1778580266950_2,5184,cam2_20260512_040428.jpg,crops/cam2_20260512_040428_r1_c0.jpg,5186,cam2_20260512_040431.jpg,crops/cam2_20260512_040431_r1_c0.jpg,11170,29,,50,0.9,0,0,0,0,0,0.0,0.0,3906.0,106.0,67.2,11.2,1.8,0.3,,2026-05-12 10:04:33
germ-germinadorap-de5832|LOT-20260506-651F-009|r1_c0|rep0,LOT-20260506-651F-009:A2:R0,germ-germinadorap-de5832,LOT-20260506-651F-009,A2,1,0,0,Betabel,,c4,vigorosa,2026-05-11 15:20:50,4960,manual,2026-05-12 10:19:29,2026-05-06 21:07:49,133.19,6,cg_1778581166954_2,5188,cam2_20260512_041929.jpg,crops/cam2_20260512_041929_r1_c0.jpg,5190,cam2_20260512_041932.jpg,crops/cam2_20260512_041932_r1_c0.jpg,11182,29,,50,0.8,0,0,0,0,0,0.0,0.0,3906.0,106.0,67.5,11.2,1.8,0.3,,2026-05-12 10:19:33
germ-germinadorap-de5832|LOT-20260506-651F-009|r1_c0|rep0,LOT-20260506-651F-009:A2:R0,germ-germinadorap-de5832,LOT-20260506-651F-009,A2,1,0,0,Betabel,,c4,vigorosa,2026-05-11 15:20:50,4960,manual,2026-05-12 10:34:29,2026-05-06 21:07:49,133.44,6,cg_1778582066959_2,5192,cam2_20260512_043428.jpg,crops/cam2_20260512_043428_r1_c0.jpg,5194,cam2_20260512_043431.jpg,crops/cam2_20260512_043431_r1_c0.jpg,11194,29,,50,0.9,0,0,0,0,0,0.0,0.0,3906.0,106.0,67.7,11.3,1.8,0.3,,2026-05-12 10:34:33
germ-germinadorap-de5832|LOT-20260506-651F-009|r1_c0|rep0,LOT-20260506-651F-009:A2:R0,germ-germinadorap-de5832,LOT-20260506-651F-009,A2,1,0,0,Betabel,,c4,vigorosa,2026-05-11 15:20:50,4960,manual,2026-05-12 10:49:29,2026-05-06 21:07:49,133.69,6,cg_1778582966965_2,5196,cam2_20260512_044928.jpg,crops/cam2_20260512_044928_r1_c0.jpg,5198,cam2_20260512_044931.jpg,crops/cam2_20260512_044931_r1_c0.jpg,11206,29,,50,0.8,0,0,0,0,0,0.0,0.0,3906.0,106.0,67.9,11.3,1.8,0.3,,2026-05-12 10:49:32
germ-germinadorap-de5832|LOT-20260506-651F-009|r1_c0|rep0,LOT-20260506-651F-009:A2:R0,germ-germinadorap-de5832,LOT-20260506-651F-009,A2,1,0,0,Betabel,,c4,vigorosa,2026-05-11 15:20:50,4960,manual,2026-05-12 11:04:29,2026-05-06 21:07:49,133.94,6,cg_1778583866967_2,5200,cam2_20260512_050428.jpg,crops/cam2_20260512_050428_r1_c0.jpg,5202,cam2_20260512_050431.jpg,crops/cam2_20260512_050431_r1_c0.jpg,11218,29,,50,0.8,0,0,0,0,0,0.0,0.0,3906.0,106.0,68.2,11.4,1.8,0.3,,2026-05-12 11:04:32
germ-germinadorap-de5832|LOT-20260506-651F-009|r1_c0|rep0,LOT-20260506-651F-009:A2:R0,germ-germinadorap-de5832,LOT-20260506-651F-009,A2,1,0,0,Betabel,,c4,vigorosa,2026-05-11 15:20:50,4960,manual,2026-05-12 11:19:29,2026-05-06 21:07:49,134.19,6,cg_1778584766971_2,5204,cam2_20260512_051928.jpg,crops/cam2_20260512_051928_r1_c0.jpg,5206,cam2_20260512_051931.jpg,crops/cam2_20260512_051931_r1_c0.jpg,11230,29,,50,0.7,0,0,0,0,0,0.0,0.0,3906.0,106.0,68.4,11.4,1.8,0.3,,2026-05-12 11:19:33
germ-germinadorap-de5832|LOT-20260506-651F-009|r1_c0|rep0,LOT-20260506-651F-009:A2:R0,germ-germinadorap-de5832,LOT-20260506-651F-009,A2,1,0,0,Betabel,,c4,vigorosa,2026-05-11 15:20:50,4960,manual,2026-05-12 11:34:29,2026-05-06 21:07:49,134.44,6,cg_1778585666975_2,5208,cam2_20260512_053428.jpg,crops/cam2_20260512_053428_r1_c0.jpg,5210,cam2_20260512_053431.jpg,crops/cam2_20260512_053431_r1_c0.jpg,11242,29,,50,0.7,0,0,0,0,0,0.0,0.0,3906.0,106.0,68.7,11.4,1.8,0.3,,2026-05-12 11:34:33
germ-germinadorap-de5832|LOT-20260506-651F-009|r1_c0|rep0,LOT-20260506-651F-009:A2:R0,germ-germinadorap-de5832,LOT-20260506-651F-009,A2,1,0,0,Betabel,,c4,vigorosa,2026-05-11 15:20:50,4960,manual,2026-05-12 11:49:29,2026-05-06 21:07:49,134.69,6,cg_1778586566983_2,5212,cam2_20260512_054928.jpg,crops/cam2_20260512_054928_r1_c0.jpg,5214,cam2_20260512_054931.jpg,crops/cam2_20260512_054931_r1_c0.jpg,11254,29,,50,0.8,0,0,0,0,0,0.0,0.0,3906.0,106.0,68.9,11.5,1.8,0.3,,2026-05-12 11:49:33
germ-germinadorap-de5832|LOT-20260506-651F-009|r1_c0|rep0,LOT-20260506-651F-009:A2:R0,germ-germinadorap-de5832,LOT-20260506-651F-009,A2,1,0,0,Betabel,,c4,vigorosa,2026-05-11 15:20:50,4960,manual,2026-05-12 12:04:29,2026-05-06 21:07:49,134.94,6,cg_1778587466985_2,5216,cam2_20260512_060428.jpg,crops/cam2_20260512_060428_r1_c0.jpg,5218,cam2_20260512_060431.jpg,crops/cam2_20260512_060431_r1_c0.jpg,11266,29,,50,0.7,0,0,0,0,0,0.0,0.0,3906.0,106.0,69.2,11.5,1.8,0.3,,2026-05-12 12:04:33
germ-germinadorap-de5832|LOT-20260506-651F-009|r1_c0|rep0,LOT-20260506-651F-009:A2:R0,germ-germinadorap-de5832,LOT-20260506-651F-009,A2,1,0,0,Betabel,,c4,vigorosa,2026-05-11 15:20:50,4960,manual,2026-05-12 12:19:29,2026-05-06 21:07:49,135.19,6,cg_1778588366988_2,5220,cam2_20260512_061928.jpg,crops/cam2_20260512_061928_r1_c0.jpg,5222,cam2_20260512_061931.jpg,crops/cam2_20260512_061931_r1_c0.jpg,11278,29,,50,0.7,0,0,0,0,0,0.0,0.0,3906.0,106.0,69.4,11.6,1.8,0.3,,2026-05-12 12:19:33
germ-germinadorap-de5832|LOT-20260506-651F-009|r1_c0|rep0,LOT-20260506-651F-009:A2:R0,germ-germinadorap-de5832,LOT-20260506-651F-009,A2,1,0,0,Betabel,,c4,vigorosa,2026-05-11 15:20:50,4960,manual,2026-05-12 12:34:29,2026-05-06 21:07:49,135.44,6,cg_1778589266984_2,5224,cam2_20260512_063428.jpg,crops/cam2_20260512_063428_r1_c0.jpg,5226,cam2_20260512_063431.jpg,crops/cam2_20260512_063431_r1_c0.jpg,11290,29,,50,0.6,0,0,0,0,0,0.0,0.0,3906.0,106.0,69.7,11.6,1.8,0.3,,2026-05-12 12:34:33
germ-germinadorap-de5832|LOT-20260506-651F-009|r1_c0|rep0,LOT-20260506-651F-009:A2:R0,germ-germinadorap-de5832,LOT-20260506-651F-009,A2,1,0,0,Betabel,,c4,vigorosa,2026-05-11 15:20:50,4960,manual,2026-05-12 12:49:29,2026-05-06 21:07:49,135.69,6,cg_1778590166992_2,5228,cam2_20260512_064928.jpg,crops/cam2_20260512_064928_r1_c0.jpg,5230,cam2_20260512_064931.jpg,crops/cam2_20260512_064931_r1_c0.jpg,11302,29,,50,0.7,0,0,0,0,0,0.0,0.0,3907.0,106.0,69.9,11.7,1.8,0.3,,2026-05-12 12:49:33
germ-germinadorap-de5832|LOT-20260506-651F-009|r1_c0|rep0,LOT-20260506-651F-009:A2:R0,germ-germinadorap-de5832,LOT-20260506-651F-009,A2,1,0,0,Betabel,,c4,vigorosa,2026-05-11 15:20:50,4960,manual,2026-05-12 13:04:29,2026-05-06 21:07:49,135.94,6,cg_1778591066996_2,5232,cam2_20260512_070428.jpg,crops/cam2_20260512_070428_r1_c0.jpg,5234,cam2_20260512_070431.jpg,crops/cam2_20260512_070431_r1_c0.jpg,11314,29,,50,0.6,0,0,0,0,0,0.0,0.0,3907.0,106.0,70.2,11.7,1.8,0.3,,2026-05-12 13:04:33
germ-germinadorap-de5832|LOT-20260506-651F-009|r1_c0|rep0,LOT-20260506-651F-009:A2:R0,germ-germinadorap-de5832,LOT-20260506-651F-009,A2,1,0,0,Betabel,,c4,vigorosa,2026-05-11 15:20:50,4960,manual,2026-05-12 13:19:29,2026-05-06 21:07:49,136.19,6,cg_1778591966996_2,5236,cam2_20260512_071928.jpg,crops/cam2_20260512_071928_r1_c0.jpg,5238,cam2_20260512_071931.jpg,crops/cam2_20260512_071931_r1_c0.jpg,11326,29,,50,0.6,0,0,0,0,0,0.0,0.0,3907.0,106.0,70.4,11.7,1.8,0.3,,2026-05-12 13:19:33
germ-germinadorap-de5832|LOT-20260506-651F-009|r1_c0|rep0,LOT-20260506-651F-009:A2:R0,germ-germinadorap-de5832,LOT-20260506-651F-009,A2,1,0,0,Betabel,,c4,vigorosa,2026-05-11 15:20:50,4960,manual,2026-05-12 13:34:29,2026-05-06 21:07:49,136.44,6,cg_1778592867001_2,5240,cam2_20260512_073428.jpg,crops/cam2_20260512_073428_r1_c0.jpg,5242,cam2_20260512_073431.jpg,crops/cam2_20260512_073431_r1_c0.jpg,11338,29,,50,0.6,0,0,0,0,0,0.0,0.0,3907.0,106.0,70.7,11.8,1.8,0.3,,2026-05-12 13:34:33
germ-germinadorap-de5832|LOT-20260506-651F-009|r1_c0|rep0,LOT-20260506-651F-009:A2:R0,germ-germinadorap-de5832,LOT-20260506-651F-009,A2,1,0,0,Betabel,,c4,vigorosa,2026-05-11 15:20:50,4960,manual,2026-05-12 13:49:29,2026-05-06 21:07:49,136.69,6,cg_1778593767007_2,5244,cam2_20260512_074928.jpg,crops/cam2_20260512_074928_r1_c0.jpg,5246,cam2_20260512_074931.jpg,crops/cam2_20260512_074931_r1_c0.jpg,11350,29,,50,0.6,0,0,0,0,0,0.0,0.0,3907.0,106.0,70.9,11.8,1.8,0.3,,2026-05-12 13:49:33
germ-germinadorap-de5832|LOT-20260506-651F-009|r1_c0|rep0,LOT-20260506-651F-009:A2:R0,germ-germinadorap-de5832,LOT-20260506-651F-009,A2,1,0,0,Betabel,,c4,vigorosa,2026-05-11 15:20:50,4960,manual,2026-05-12 14:04:31,2026-05-06 21:07:49,136.94,6,cg_1778594669256_2,5252,cam2_20260512_080430.jpg,crops/cam2_20260512_080430_r1_c0.jpg,5254,cam2_20260512_080433.jpg,crops/cam2_20260512_080433_r1_c0.jpg,11362,29,,50,0.6,0,0,0,0,0,0.0,0.0,3911.0,106.0,71.2,11.9,1.8,0.3,,2026-05-12 14:04:35
germ-germinadorap-de5832|LOT-20260506-651F-009|r1_c0|rep0,LOT-20260506-651F-009:A2:R0,germ-germinadorap-de5832,LOT-20260506-651F-009,A2,1,0,0,Betabel,,c4,vigorosa,2026-05-11 15:20:50,4960,manual,2026-05-12 14:19:31,2026-05-06 21:07:49,137.19,6,cg_1778595569280_2,5256,cam2_20260512_081930.jpg,crops/cam2_20260512_081930_r1_c0.jpg,5258,cam2_20260512_081933.jpg,crops/cam2_20260512_081933_r1_c0.jpg,11374,29,,50,0.6,0,0,0,0,0,0.0,0.0,3926.0,106.0,71.4,11.9,1.8,0.3,,2026-05-12 14:19:35
germ-germinadorap-de5832|LOT-20260506-651F-009|r1_c0|rep0,LOT-20260506-651F-009:A2:R0,germ-germinadorap-de5832,LOT-20260506-651F-009,A2,1,0,0,Betabel,,c4,vigorosa,2026-05-11 15:20:50,4960,manual,2026-05-12 14:34:31,2026-05-06 21:07:49,137.44,6,cg_1778596469295_2,5260,cam2_20260512_083430.jpg,crops/cam2_20260512_083430_r1_c0.jpg,5262,cam2_20260512_083434.jpg,crops/cam2_20260512_083434_r1_c0.jpg,11386,29,,50,0.6,0,0,0,0,0,0.0,0.0,3941.0,106.0,71.7,11.9,1.8,0.3,,2026-05-12 14:34:35
germ-germinadorap-de5832|LOT-20260506-651F-009|r1_c0|rep0,LOT-20260506-651F-009:A2:R0,germ-germinadorap-de5832,LOT-20260506-651F-009,A2,1,0,0,Betabel,,c4,vigorosa,2026-05-11 15:20:50,4960,manual,2026-05-12 14:49:31,2026-05-06 21:07:49,137.69,6,cg_1778597369299_2,5264,cam2_20260512_084930.jpg,crops/cam2_20260512_084930_r1_c0.jpg,5266,cam2_20260512_084933.jpg,crops/cam2_20260512_084933_r1_c0.jpg,11398,29,,50,0.5,0,0,0,0,0,0.0,0.0,3956.0,106.0,71.9,12.0,1.8,0.3,,2026-05-12 14:49:35
germ-germinadorap-de5832|LOT-20260506-651F-009|r1_c0|rep0,LOT-20260506-651F-009:A2:R0,germ-germinadorap-de5832,LOT-20260506-651F-009,A2,1,0,0,Betabel,,c4,vigorosa,2026-05-11 15:20:50,4960,manual,2026-05-12 15:04:31,2026-05-06 21:07:49,137.94,6,cg_1778598269400_2,5268,cam2_20260512_090430.jpg,crops/cam2_20260512_090430_r1_c0.jpg,5270,cam2_20260512_090433.jpg,crops/cam2_20260512_090433_r1_c0.jpg,11410,29,,50,0.5,0,0,0,0,0,0.0,0.0,3970.0,106.0,72.2,12.0,1.8,0.3,,2026-05-12 15:04:35
germ-germinadorap-de5832|LOT-20260506-651F-009|r1_c0|rep0,LOT-20260506-651F-009:A2:R0,germ-germinadorap-de5832,LOT-20260506-651F-009,A2,1,0,0,Betabel,,c4,vigorosa,2026-05-11 15:20:50,4960,manual,2026-05-12 15:19:31,2026-05-06 21:07:49,138.19,6,cg_1778599169470_2,5272,cam2_20260512_091930.jpg,crops/cam2_20260512_091930_r1_c0.jpg,5274,cam2_20260512_091933.jpg,crops/cam2_20260512_091933_r1_c0.jpg,11422,29,,50,0.5,0,0,0,0,0,0.0,0.0,3985.0,106.0,72.4,12.1,1.8,0.3,,2026-05-12 15:19:35
germ-germinadorap-de5832|LOT-20260506-651F-009|r1_c0|rep0,LOT-20260506-651F-009:A2:R0,germ-germinadorap-de5832,LOT-20260506-651F-009,A2,1,0,0,Betabel,,c4,vigorosa,2026-05-11 15:20:50,4960,manual,2026-05-12 15:34:31,2026-05-06 21:07:49,138.44,6,cg_1778600069566_2,5276,cam2_20260512_093431.jpg,crops/cam2_20260512_093431_r1_c0.jpg,5278,cam2_20260512_093434.jpg,crops/cam2_20260512_093434_r1_c0.jpg,11434,29,,50,0.5,0,0,0,0,0,0.0,0.0,4000.0,106.0,72.7,12.1,1.8,0.3,,2026-05-12 15:34:35
germ-germinadorap-de5832|LOT-20260506-651F-009|r1_c0|rep0,LOT-20260506-651F-009:A2:R0,germ-germinadorap-de5832,LOT-20260506-651F-009,A2,1,0,0,Betabel,,c4,vigorosa,2026-05-11 15:20:50,4960,manual,2026-05-12 15:49:31,2026-05-06 21:07:49,138.69,6,cg_1778600969565_2,5280,cam2_20260512_094931.jpg,crops/cam2_20260512_094931_r1_c0.jpg,5282,cam2_20260512_094934.jpg,crops/cam2_20260512_094934_r1_c0.jpg,11446,29,,50,0.5,0,0,0,0,0,0.0,0.0,4015.0,106.0,72.9,12.2,1.8,0.3,,2026-05-12 15:49:35
germ-germinadorap-de5832|LOT-20260506-651F-009|r1_c0|rep0,LOT-20260506-651F-009:A2:R0,germ-germinadorap-de5832,LOT-20260506-651F-009,A2,1,0,0,Betabel,,c4,vigorosa,2026-05-11 15:20:50,4960,manual,2026-05-12 16:04:31,2026-05-06 21:07:49,138.94,6,cg_1778601869572_2,5284,cam2_20260512_100431.jpg,crops/cam2_20260512_100431_r1_c0.jpg,5286,cam2_20260512_100434.jpg,crops/cam2_20260512_100434_r1_c0.jpg,11458,29,,50,0.5,0,0,0,0,0,0.0,0.0,4030.0,106.0,73.2,12.2,1.8,0.3,,2026-05-12 16:04:35
germ-germinadorap-de5832|LOT-20260506-651F-009|r1_c0|rep0,LOT-20260506-651F-009:A2:R0,germ-germinadorap-de5832,LOT-20260506-651F-009,A2,1,0,0,Betabel,,c4,vigorosa,2026-05-11 15:20:50,4960,manual,2026-05-12 16:19:31,2026-05-06 21:07:49,139.19,6,cg_1778602769574_2,5288,cam2_20260512_101931.jpg,crops/cam2_20260512_101931_r1_c0.jpg,5290,cam2_20260512_101934.jpg,crops/cam2_20260512_101934_r1_c0.jpg,11470,29,,50,0.5,0,0,0,0,0,0.0,0.0,4045.0,106.0,73.4,12.2,1.8,0.3,,2026-05-12 16:19:35
germ-germinadorap-de5832|LOT-20260506-651F-009|r1_c0|rep0,LOT-20260506-651F-009:A2:R0,germ-germinadorap-de5832,LOT-20260506-651F-009,A2,1,0,0,Betabel,,c4,vigorosa,2026-05-11 15:20:50,4960,manual,2026-05-12 16:34:31,2026-05-06 21:07:49,139.44,6,cg_1778603669581_2,5293,cam2_20260512_103431.jpg,crops/cam2_20260512_103431_r1_c0.jpg,5295,cam2_20260512_103436.jpg,crops/cam2_20260512_103436_r1_c0.jpg,11489,29,,50,0.5,0,0,0,0,0,0.0,0.0,4060.0,106.0,73.7,12.3,1.8,0.3,,2026-05-12 16:34:38
germ-germinadorap-de5832|LOT-20260506-651F-009|r1_c0|rep0,LOT-20260506-651F-009:A2:R0,germ-germinadorap-de5832,LOT-20260506-651F-009,A2,1,0,0,Betabel,,c4,vigorosa,2026-05-11 15:20:50,4960,manual,2026-05-12 16:49:31,2026-05-06 21:07:49,139.69,6,cg_1778604569580_2,5296,cam2_20260512_104931.jpg,crops/cam2_20260512_104931_r1_c0.jpg,5298,cam2_20260512_104934.jpg,crops/cam2_20260512_104934_r1_c0.jpg,11494,29,,50,0.5,0,0,0,0,0,0.0,0.0,4075.0,106.0,73.9,12.3,1.8,0.3,,2026-05-12 16:49:35
germ-germinadorap-de5832|LOT-20260506-651F-009|r1_c0|rep0,LOT-20260506-651F-009:A2:R0,germ-germinadorap-de5832,LOT-20260506-651F-009,A2,1,0,0,Betabel,,c4,vigorosa,2026-05-11 15:20:50,4960,manual,2026-05-12 17:04:31,2026-05-06 21:07:49,139.94,6,cg_1778605469582_2,5300,cam2_20260512_110431.jpg,crops/cam2_20260512_110431_r1_c0.jpg,5302,cam2_20260512_110434.jpg,crops/cam2_20260512_110434_r1_c0.jpg,11506,29,,50,0.4,0,0,0,0,0,0.0,0.0,4090.0,106.0,74.2,12.4,1.8,0.3,,2026-05-12 17:04:35
germ-germinadorap-de5832|LOT-20260506-651F-009|r1_c0|rep0,LOT-20260506-651F-009:A2:R0,germ-germinadorap-de5832,LOT-20260506-651F-009,A2,1,0,0,Betabel,,c4,vigorosa,2026-05-11 15:20:50,4960,manual,2026-05-12 17:19:31,2026-05-06 21:07:49,140.19,6,cg_1778606369586_2,5304,cam2_20260512_111931.jpg,crops/cam2_20260512_111931_r1_c0.jpg,5306,cam2_20260512_111934.jpg,crops/cam2_20260512_111934_r1_c0.jpg,11518,29,,50,0.4,0,0,0,0,0,0.0,0.0,4105.0,106.0,74.4,12.4,1.8,0.3,,2026-05-12 17:19:35
germ-germinadorap-de5832|LOT-20260506-651F-009|r1_c0|rep0,LOT-20260506-651F-009:A2:R0,germ-germinadorap-de5832,LOT-20260506-651F-009,A2,1,0,0,Betabel,,c4,vigorosa,2026-05-11 15:20:50,4960,manual,2026-05-12 17:34:31,2026-05-06 21:07:49,140.44,6,cg_1778607269586_2,5308,cam2_20260512_113431.jpg,crops/cam2_20260512_113431_r1_c0.jpg,5310,cam2_20260512_113434.jpg,crops/cam2_20260512_113434_r1_c0.jpg,11530,29,,50,0.4,0,0,0,0,0,0.0,0.0,4120.0,106.0,74.7,12.4,1.8,0.3,,2026-05-12 17:34:35
germ-germinadorap-de5832|LOT-20260506-651F-009|r1_c0|rep0,LOT-20260506-651F-009:A2:R0,germ-germinadorap-de5832,LOT-20260506-651F-009,A2,1,0,0,Betabel,,c4,vigorosa,2026-05-11 15:20:50,4960,manual,2026-05-12 17:49:32,2026-05-06 21:07:49,140.70,6,cg_1778608169587_2,5312,cam2_20260512_114931.jpg,crops/cam2_20260512_114931_r1_c0.jpg,5314,cam2_20260512_114934.jpg,crops/cam2_20260512_114934_r1_c0.jpg,11542,29,,50,0.4,0,0,0,0,0,0.0,0.0,4134.0,106.0,74.9,12.5,1.8,0.3,,2026-05-12 17:49:35
germ-germinadorap-de5832|LOT-20260506-651F-009|r1_c0|rep0,LOT-20260506-651F-009:A2:R0,germ-germinadorap-de5832,LOT-20260506-651F-009,A2,1,0,0,Betabel,,c4,vigorosa,2026-05-11 15:20:50,4960,manual,2026-05-12 18:04:31,2026-05-06 21:07:49,140.94,6,cg_1778609069592_2,5316,cam2_20260512_120431.jpg,crops/cam2_20260512_120431_r1_c0.jpg,5318,cam2_20260512_120434.jpg,crops/cam2_20260512_120434_r1_c0.jpg,11554,29,,50,0.4,0,0,0,0,0,0.0,0.0,4149.0,106.0,75.2,12.5,1.8,0.3,,2026-05-12 18:04:35
germ-germinadorap-de5832|LOT-20260506-651F-009|r1_c0|rep0,LOT-20260506-651F-009:A2:R0,germ-germinadorap-de5832,LOT-20260506-651F-009,A2,1,0,0,Betabel,,c4,vigorosa,2026-05-11 15:20:50,4960,manual,2026-05-12 18:19:31,2026-05-06 21:07:49,141.19,6,cg_1778609969597_2,5320,cam2_20260512_121931.jpg,crops/cam2_20260512_121931_r1_c0.jpg,5322,cam2_20260512_121934.jpg,crops/cam2_20260512_121934_r1_c0.jpg,11566,29,,50,0.4,0,0,0,0,0,0.0,0.0,4164.0,106.0,75.4,12.6,1.8,0.3,,2026-05-12 18:19:35
germ-germinadorap-de5832|LOT-20260506-651F-009|r1_c0|rep0,LOT-20260506-651F-009:A2:R0,germ-germinadorap-de5832,LOT-20260506-651F-009,A2,1,0,0,Betabel,,c4,vigorosa,2026-05-11 15:20:50,4960,manual,2026-05-12 18:34:31,2026-05-06 21:07:49,141.44,6,cg_1778610869600_2,5324,cam2_20260512_123431.jpg,crops/cam2_20260512_123431_r1_c0.jpg,5326,cam2_20260512_123434.jpg,crops/cam2_20260512_123434_r1_c0.jpg,11578,29,,50,0.4,0,0,0,0,0,0.0,0.0,4179.0,106.0,75.7,12.6,1.8,0.3,,2026-05-12 18:34:35
germ-germinadorap-de5832|LOT-20260506-651F-009|r1_c0|rep0,LOT-20260506-651F-009:A2:R0,germ-germinadorap-de5832,LOT-20260506-651F-009,A2,1,0,0,Betabel,,c4,vigorosa,2026-05-11 15:20:50,4960,manual,2026-05-12 18:49:31,2026-05-06 21:07:49,141.69,6,cg_1778611769615_2,5328,cam2_20260512_124931.jpg,crops/cam2_20260512_124931_r1_c0.jpg,5330,cam2_20260512_124934.jpg,crops/cam2_20260512_124934_r1_c0.jpg,11590,29,,50,0.4,0,0,0,0,0,0.0,0.0,4194.0,106.0,75.9,12.7,1.8,0.3,,2026-05-12 18:49:35
germ-germinadorap-de5832|LOT-20260506-651F-009|r1_c0|rep0,LOT-20260506-651F-009:A2:R0,germ-germinadorap-de5832,LOT-20260506-651F-009,A2,1,0,0,Betabel,,c4,vigorosa,2026-05-11 15:20:50,4960,manual,2026-05-12 19:04:31,2026-05-06 21:07:49,141.94,6,cg_1778612669614_2,5332,cam2_20260512_130431.jpg,crops/cam2_20260512_130431_r1_c0.jpg,5334,cam2_20260512_130434.jpg,crops/cam2_20260512_130434_r1_c0.jpg,11602,29,,50,0.4,0,0,0,0,0,0.0,0.0,4209.0,106.0,76.1,12.7,1.8,0.3,,2026-05-12 19:04:35
germ-germinadorap-de5832|LOT-20260506-651F-009|r1_c0|rep0,LOT-20260506-651F-009:A2:R0,germ-germinadorap-de5832,LOT-20260506-651F-009,A2,1,0,0,Betabel,,c4,vigorosa,2026-05-11 15:20:50,4960,manual,2026-05-12 19:19:31,2026-05-06 21:07:49,142.19,6,cg_1778613569622_2,5336,cam2_20260512_131931.jpg,crops/cam2_20260512_131931_r1_c0.jpg,5338,cam2_20260512_131934.jpg,crops/cam2_20260512_131934_r1_c0.jpg,11614,29,,50,0.3,0,0,0,0,0,0.0,0.0,4224.0,106.0,76.4,12.7,1.8,0.3,,2026-05-12 19:19:35
germ-germinadorap-de5832|LOT-20260506-651F-009|r1_c0|rep0,LOT-20260506-651F-009:A2:R0,germ-germinadorap-de5832,LOT-20260506-651F-009,A2,1,0,0,Betabel,,c4,vigorosa,2026-05-11 15:20:50,4960,manual,2026-05-12 19:34:31,2026-05-06 21:07:49,142.44,6,cg_1778614469638_2,5340,cam2_20260512_133431.jpg,crops/cam2_20260512_133431_r1_c0.jpg,5342,cam2_20260512_133434.jpg,crops/cam2_20260512_133434_r1_c0.jpg,11626,29,,50,0.3,0,0,0,0,0,0.0,0.0,4239.0,106.0,76.6,12.8,1.8,0.3,,2026-05-12 19:34:35
germ-germinadorap-de5832|LOT-20260506-651F-009|r1_c0|rep0,LOT-20260506-651F-009:A2:R0,germ-germinadorap-de5832,LOT-20260506-651F-009,A2,1,0,0,Betabel,,c4,vigorosa,2026-05-11 15:20:50,4960,manual,2026-05-12 19:49:31,2026-05-06 21:07:49,142.69,6,cg_1778615369651_2,5344,cam2_20260512_134931.jpg,crops/cam2_20260512_134931_r1_c0.jpg,5346,cam2_20260512_134934.jpg,crops/cam2_20260512_134934_r1_c0.jpg,11638,29,,50,0.3,0,0,0,0,0,0.0,0.0,4254.0,106.0,76.9,12.8,1.8,0.3,,2026-05-12 19:49:35
germ-germinadorap-de5832|LOT-20260506-651F-009|r1_c0|rep0,LOT-20260506-651F-009:A2:R0,germ-germinadorap-de5832,LOT-20260506-651F-009,A2,1,0,0,Betabel,,c4,vigorosa,2026-05-11 15:20:50,4960,manual,2026-05-12 20:04:31,2026-05-06 21:07:49,142.94,6,cg_1778616269662_2,5348,cam2_20260512_140431.jpg,crops/cam2_20260512_140431_r1_c0.jpg,5350,cam2_20260512_140434.jpg,crops/cam2_20260512_140434_r1_c0.jpg,11650,29,,50,0.3,0,0,0,0,0,0.0,0.0,4269.0,106.0,77.1,12.8,1.8,0.3,,2026-05-12 20:04:35
germ-germinadorap-de5832|LOT-20260506-651F-009|r1_c0|rep0,LOT-20260506-651F-009:A2:R0,germ-germinadorap-de5832,LOT-20260506-651F-009,A2,1,0,0,Betabel,,c4,vigorosa,2026-05-11 15:20:50,4960,manual,2026-05-12 20:19:31,2026-05-06 21:07:49,143.19,6,cg_1778617169665_2,5352,cam2_20260512_141931.jpg,crops/cam2_20260512_141931_r1_c0.jpg,5354,cam2_20260512_141934.jpg,crops/cam2_20260512_141934_r1_c0.jpg,11662,29,,50,0.2,0,0,0,0,0,0.0,0.0,4284.0,106.0,77.1,12.8,1.8,0.3,,2026-05-12 20:19:35
germ-germinadorap-de5832|LOT-20260506-651F-009|r1_c0|rep0,LOT-20260506-651F-009:A2:R0,germ-germinadorap-de5832,LOT-20260506-651F-009,A2,1,0,0,Betabel,,c4,vigorosa,2026-05-11 15:20:50,4960,manual,2026-05-12 20:34:31,2026-05-06 21:07:49,143.44,6,cg_1778618069674_2,5356,cam2_20260512_143431.jpg,crops/cam2_20260512_143431_r1_c0.jpg,5358,cam2_20260512_143434.jpg,crops/cam2_20260512_143434_r1_c0.jpg,11674,29,,50,0.2,0,0,0,0,0,0.0,0.0,4298.0,106.0,77.1,12.8,1.8,0.3,,2026-05-12 20:34:35
germ-germinadorap-de5832|LOT-20260506-651F-009|r1_c0|rep0,LOT-20260506-651F-009:A2:R0,germ-germinadorap-de5832,LOT-20260506-651F-009,A2,1,0,0,Betabel,,c4,vigorosa,2026-05-11 15:20:50,4960,manual,2026-05-12 20:49:31,2026-05-06 21:07:49,143.69,6,cg_1778618969690_2,5360,cam2_20260512_144931.jpg,crops/cam2_20260512_144931_r1_c0.jpg,5362,cam2_20260512_144934.jpg,crops/cam2_20260512_144934_r1_c0.jpg,11686,29,,50,0.2,0,0,0,0,0,0.0,0.0,4313.0,106.0,77.1,12.8,1.8,0.3,,2026-05-12 20:49:35
germ-germinadorap-de5832|LOT-20260506-651F-009|r1_c0|rep0,LOT-20260506-651F-009:A2:R0,germ-germinadorap-de5832,LOT-20260506-651F-009,A2,1,0,0,Betabel,,c4,vigorosa,2026-05-11 15:20:50,4960,manual,2026-05-12 21:04:31,2026-05-06 21:07:49,143.94,6,cg_1778619869697_2,5364,cam2_20260512_150431.jpg,crops/cam2_20260512_150431_r1_c0.jpg,5366,cam2_20260512_150434.jpg,crops/cam2_20260512_150434_r1_c0.jpg,11698,29,,50,0.1,0,0,0,0,0,0.0,0.0,4328.0,106.0,77.1,12.8,1.8,0.3,,2026-05-12 21:04:35
germ-germinadorap-de5832|LOT-20260506-651F-009|r1_c0|rep0,LOT-20260506-651F-009:A2:R0,germ-germinadorap-de5832,LOT-20260506-651F-009,A2,1,0,0,Betabel,,c4,vigorosa,2026-05-11 15:20:50,4960,manual,2026-05-12 21:19:31,2026-05-06 21:07:49,144.19,7,cg_1778620769714_2,5368,cam2_20260512_151931.jpg,crops/cam2_20260512_151931_r1_c0.jpg,5370,cam2_20260512_151934.jpg,crops/cam2_20260512_151934_r1_c0.jpg,11710,29,,50,0.2,0,0,0,0,0,0.0,0.0,4343.0,106.0,77.1,11.0,1.8,0.3,,2026-05-12 21:19:35
germ-germinadorap-de5832|LOT-20260506-651F-009|r1_c0|rep0,LOT-20260506-651F-009:A2:R0,germ-germinadorap-de5832,LOT-20260506-651F-009,A2,1,0,0,Betabel,,c4,vigorosa,2026-05-11 15:20:50,4960,manual,2026-05-12 21:34:32,2026-05-06 21:07:49,144.45,7,cg_1778621669714_2,5372,cam2_20260512_153431.jpg,crops/cam2_20260512_153431_r1_c0.jpg,5374,cam2_20260512_153434.jpg,crops/cam2_20260512_153434_r1_c0.jpg,11722,29,,50,0.1,0,0,0,0,0,0.0,0.0,4358.0,106.0,77.1,11.0,1.8,0.3,,2026-05-12 21:34:35
germ-germinadorap-de5832|LOT-20260506-651F-009|r1_c0|rep0,LOT-20260506-651F-009:A2:R0,germ-germinadorap-de5832,LOT-20260506-651F-009,A2,1,0,0,Betabel,,c4,vigorosa,2026-05-11 15:20:50,4960,manual,2026-05-12 21:49:32,2026-05-06 21:07:49,144.70,7,cg_1778622569721_2,5376,cam2_20260512_154931.jpg,crops/cam2_20260512_154931_r1_c0.jpg,5378,cam2_20260512_154934.jpg,crops/cam2_20260512_154934_r1_c0.jpg,11734,29,,50,0.1,0,0,0,0,0,0.0,0.0,4373.0,106.0,77.1,11.0,1.8,0.3,,2026-05-12 21:49:35
germ-germinadorap-de5832|LOT-20260506-651F-009|r1_c0|rep0,LOT-20260506-651F-009:A2:R0,germ-germinadorap-de5832,LOT-20260506-651F-009,A2,1,0,0,Betabel,,c4,vigorosa,2026-05-11 15:20:50,4960,manual,2026-05-12 22:04:32,2026-05-06 21:07:49,144.95,7,cg_1778623469731_2,5380,cam2_20260512_160431.jpg,crops/cam2_20260512_160431_r1_c0.jpg,5382,cam2_20260512_160434.jpg,crops/cam2_20260512_160434_r1_c0.jpg,11746,29,,50,0.1,0,0,0,0,0,0.0,0.0,4388.0,106.0,77.1,11.0,1.8,0.3,,2026-05-12 22:04:35
germ-germinadorap-de5832|LOT-20260506-651F-009|r1_c0|rep0,LOT-20260506-651F-009:A2:R0,germ-germinadorap-de5832,LOT-20260506-651F-009,A2,1,0,0,Betabel,,c4,vigorosa,2026-05-11 15:20:50,4960,manual,2026-05-12 22:19:31,2026-05-06 21:07:49,145.19,7,cg_1778624369742_2,5384,cam2_20260512_161931.jpg,crops/cam2_20260512_161931_r1_c0.jpg,5386,cam2_20260512_161934.jpg,crops/cam2_20260512_161934_r1_c0.jpg,11758,29,,50,0.1,0,0,0,0,0,0.0,0.0,4403.0,106.0,77.1,11.0,1.8,0.3,,2026-05-12 22:19:35
germ-germinadorap-de5832|LOT-20260506-651F-009|r1_c0|rep0,LOT-20260506-651F-009:A2:R0,germ-germinadorap-de5832,LOT-20260506-651F-009,A2,1,0,0,Betabel,,c4,vigorosa,2026-05-11 15:20:50,4960,manual,2026-05-12 22:34:31,2026-05-06 21:07:49,145.44,7,cg_1778625269754_2,5388,cam2_20260512_163431.jpg,crops/cam2_20260512_163431_r1_c0.jpg,5390,cam2_20260512_163434.jpg,crops/cam2_20260512_163434_r1_c0.jpg,11770,29,,50,0,0,0,0,0,0,0.0,0.0,4418.0,106.0,77.1,11.0,1.8,0.3,,2026-05-12 22:34:35
germ-germinadorap-de5832|LOT-20260506-651F-009|r1_c0|rep0,LOT-20260506-651F-009:A2:R0,germ-germinadorap-de5832,LOT-20260506-651F-009,A2,1,0,0,Betabel,,c4,vigorosa,2026-05-11 15:20:50,4960,manual,2026-05-12 22:49:32,2026-05-06 21:07:49,145.70,7,cg_1778626169813_2,5392,cam2_20260512_164932.jpg,crops/cam2_20260512_164932_r1_c0.jpg,5394,cam2_20260512_164935.jpg,crops/cam2_20260512_164935_r1_c0.jpg,11782,29,,50,0.1,0,0,0,0,0,0.0,0.0,4433.0,106.0,77.1,11.0,1.8,0.3,,2026-05-12 22:49:37
germ-germinadorap-de5832|LOT-20260506-651F-009|r1_c0|rep0,LOT-20260506-651F-009:A2:R0,germ-germinadorap-de5832,LOT-20260506-651F-009,A2,1,0,0,Betabel,,c4,vigorosa,2026-05-11 15:20:50,4960,manual,2026-05-12 23:04:32,2026-05-06 21:07:49,145.95,7,cg_1778627069859_2,5396,cam2_20260512_170431.jpg,crops/cam2_20260512_170431_r1_c0.jpg,5398,cam2_20260512_170434.jpg,crops/cam2_20260512_170434_r1_c0.jpg,11794,29,,50,0.1,0,0,0,0,0,0.0,0.0,4448.0,106.0,77.1,11.0,1.8,0.3,,2026-05-12 23:04:35
germ-germinadorap-de5832|LOT-20260506-651F-009|r1_c0|rep0,LOT-20260506-651F-009:A2:R0,germ-germinadorap-de5832,LOT-20260506-651F-009,A2,1,0,0,Betabel,,c4,vigorosa,2026-05-11 15:20:50,4960,manual,2026-05-12 23:19:32,2026-05-06 21:07:49,146.20,7,cg_1778627969835_2,5400,cam2_20260512_171931.jpg,crops/cam2_20260512_171931_r1_c0.jpg,5402,cam2_20260512_171934.jpg,crops/cam2_20260512_171934_r1_c0.jpg,11806,29,,50,0.1,0,0,0,0,0,0.0,0.0,4463.0,106.0,77.1,11.0,1.8,0.3,,2026-05-12 23:19:35
germ-germinadorap-de5832|LOT-20260506-651F-009|r1_c0|rep0,LOT-20260506-651F-009:A2:R0,germ-germinadorap-de5832,LOT-20260506-651F-009,A2,1,0,0,Betabel,,c4,vigorosa,2026-05-11 15:20:50,4960,manual,2026-05-12 23:34:32,2026-05-06 21:07:49,146.45,7,cg_1778628869842_2,5404,cam2_20260512_173431.jpg,crops/cam2_20260512_173431_r1_c0.jpg,5406,cam2_20260512_173434.jpg,crops/cam2_20260512_173434_r1_c0.jpg,11818,29,,50,0.1,0,0,0,0,0,0.0,0.0,4477.0,106.0,77.1,11.0,1.8,0.3,,2026-05-12 23:34:35
germ-germinadorap-de5832|LOT-20260506-651F-009|r1_c0|rep0,LOT-20260506-651F-009:A2:R0,germ-germinadorap-de5832,LOT-20260506-651F-009,A2,1,0,0,Betabel,,c4,vigorosa,2026-05-11 15:20:50,4960,manual,2026-05-12 23:49:32,2026-05-06 21:07:49,146.70,7,cg_1778629769858_2,5408,cam2_20260512_174931.jpg,crops/cam2_20260512_174931_r1_c0.jpg,5410,cam2_20260512_174934.jpg,crops/cam2_20260512_174934_r1_c0.jpg,11830,29,,50,0.1,0,0,0,0,0,0.0,0.0,4492.0,106.0,77.1,11.0,1.8,0.3,,2026-05-12 23:49:35
germ-germinadorap-de5832|LOT-20260506-651F-009|r1_c0|rep0,LOT-20260506-651F-009:A2:R0,germ-germinadorap-de5832,LOT-20260506-651F-009,A2,1,0,0,Betabel,,c4,vigorosa,2026-05-11 15:20:50,4960,manual,2026-05-13 00:04:32,2026-05-06 21:07:49,146.95,7,cg_1778630669870_2,5412,cam2_20260512_180431.jpg,crops/cam2_20260512_180431_r1_c0.jpg,5414,cam2_20260512_180434.jpg,crops/cam2_20260512_180434_r1_c0.jpg,11842,29,,50,0.1,0,0,0,1,0,15.0,0.0,4507.0,106.0,77.1,11.0,1.8,0.3,,2026-05-13 00:04:35
germ-germinadorap-de5832|LOT-20260506-651F-009|r1_c0|rep0,LOT-20260506-651F-009:A2:R0,germ-germinadorap-de5832,LOT-20260506-651F-009,A2,1,0,0,Betabel,,c4,vigorosa,2026-05-11 15:20:50,4960,manual,2026-05-13 00:19:32,2026-05-06 21:07:49,147.20,7,cg_1778631569890_2,5416,cam2_20260512_181931.jpg,crops/cam2_20260512_181931_r1_c0.jpg,5418,cam2_20260512_181934.jpg,crops/cam2_20260512_181934_r1_c0.jpg,11854,29,,50,0.1,0,0,0,0,0,0.0,0.0,4522.0,106.0,77.1,11.0,1.8,0.3,,2026-05-13 00:19:35
germ-germinadorap-de5832|LOT-20260506-651F-009|r1_c0|rep0,LOT-20260506-651F-009:A2:R0,germ-germinadorap-de5832,LOT-20260506-651F-009,A2,1,0,0,Betabel,,c4,vigorosa,2026-05-11 15:20:50,4960,manual,2026-05-13 00:34:32,2026-05-06 21:07:49,147.45,7,cg_1778632469906_2,5420,cam2_20260512_183431.jpg,crops/cam2_20260512_183431_r1_c0.jpg,5422,cam2_20260512_183434.jpg,crops/cam2_20260512_183434_r1_c0.jpg,11866,29,,50,0.1,0,0,0,0,0,0.0,0.0,4537.0,106.0,77.1,11.0,1.8,0.3,,2026-05-13 00:34:35
germ-germinadorap-de5832|LOT-20260506-651F-009|r1_c0|rep0,LOT-20260506-651F-009:A2:R0,germ-germinadorap-de5832,LOT-20260506-651F-009,A2,1,0,0,Betabel,,c4,vigorosa,2026-05-11 15:20:50,4960,manual,2026-05-13 00:49:32,2026-05-06 21:07:49,147.70,7,cg_1778633369915_2,5424,cam2_20260512_184931.jpg,crops/cam2_20260512_184931_r1_c0.jpg,5426,cam2_20260512_184934.jpg,crops/cam2_20260512_184934_r1_c0.jpg,11878,29,,50,0.1,0,0,0,0,0,0.0,0.0,4552.0,106.0,77.1,11.0,1.8,0.3,,2026-05-13 00:49:35
germ-germinadorap-de5832|LOT-20260506-651F-009|r1_c0|rep0,LOT-20260506-651F-009:A2:R0,germ-germinadorap-de5832,LOT-20260506-651F-009,A2,1,0,0,Betabel,,c4,vigorosa,2026-05-11 15:20:50,4960,manual,2026-05-13 01:04:32,2026-05-06 21:07:49,147.95,7,cg_1778634269935_2,5428,cam2_20260512_190431.jpg,crops/cam2_20260512_190431_r1_c0.jpg,5430,cam2_20260512_190434.jpg,crops/cam2_20260512_190434_r1_c0.jpg,11890,29,,50,0.1,0,0,0,0,0,0.0,0.0,4567.0,106.0,77.1,11.0,1.8,0.3,,2026-05-13 01:04:35
germ-germinadorap-de5832|LOT-20260506-651F-009|r1_c0|rep0,LOT-20260506-651F-009:A2:R0,germ-germinadorap-de5832,LOT-20260506-651F-009,A2,1,0,0,Betabel,,c4,vigorosa,2026-05-11 15:20:50,4960,manual,2026-05-13 01:19:32,2026-05-06 21:07:49,148.20,7,cg_1778635169936_2,5432,cam2_20260512_191931.jpg,crops/cam2_20260512_191931_r1_c0.jpg,5434,cam2_20260512_191934.jpg,crops/cam2_20260512_191934_r1_c0.jpg,11902,29,,50,0,0,0,0,0,0,0.0,0.0,4582.0,106.0,77.1,11.0,1.8,0.3,,2026-05-13 01:19:35
germ-germinadorap-de5832|LOT-20260506-651F-009|r1_c0|rep0,LOT-20260506-651F-009:A2:R0,germ-germinadorap-de5832,LOT-20260506-651F-009,A2,1,0,0,Betabel,,c4,vigorosa,2026-05-11 15:20:50,4960,manual,2026-05-13 01:34:32,2026-05-06 21:07:49,148.45,7,cg_1778636069950_2,5436,cam2_20260512_193431.jpg,crops/cam2_20260512_193431_r1_c0.jpg,5438,cam2_20260512_193434.jpg,crops/cam2_20260512_193434_r1_c0.jpg,11914,29,,50,0,0,0,0,0,0,0.0,0.0,4597.0,106.0,77.1,11.0,1.8,0.3,,2026-05-13 01:34:35
germ-germinadorap-de5832|LOT-20260506-651F-009|r1_c0|rep0,LOT-20260506-651F-009:A2:R0,germ-germinadorap-de5832,LOT-20260506-651F-009,A2,1,0,0,Betabel,,c4,vigorosa,2026-05-11 15:20:50,4960,manual,2026-05-13 01:49:32,2026-05-06 21:07:49,148.70,7,cg_1778636969952_2,5444,cam2_20260512_194931.jpg,crops/cam2_20260512_194931_r1_c0.jpg,5446,cam2_20260512_194934.jpg,crops/cam2_20260512_194934_r1_c0.jpg,11926,29,,50,0.1,0,0,0,0,0,0.0,0.0,4612.0,106.0,77.3,11.0,1.8,0.3,,2026-05-13 01:49:35
germ-germinadorap-de5832|LOT-20260506-651F-009|r1_c0|rep0,LOT-20260506-651F-009:A2:R0,germ-germinadorap-de5832,LOT-20260506-651F-009,A2,1,0,0,Betabel,,c4,vigorosa,2026-05-11 15:20:50,4960,manual,2026-05-13 02:04:32,2026-05-06 21:07:49,148.95,7,cg_1778637870001_2,5448,cam2_20260512_200431.jpg,crops/cam2_20260512_200431_r1_c0.jpg,5450,cam2_20260512_200434.jpg,crops/cam2_20260512_200434_r1_c0.jpg,11938,29,,50,0,0,0,0,0,0,0.0,0.0,4622.0,106.0,77.5,11.1,1.8,0.3,,2026-05-13 02:04:36
germ-germinadorap-de5832|LOT-20260506-651F-009|r1_c0|rep0,LOT-20260506-651F-009:A2:R0,germ-germinadorap-de5832,LOT-20260506-651F-009,A2,1,0,0,Betabel,,c4,vigorosa,2026-05-11 15:20:50,4960,manual,2026-05-13 02:19:32,2026-05-06 21:07:49,149.20,7,cg_1778638770004_2,5452,cam2_20260512_201931.jpg,crops/cam2_20260512_201931_r1_c0.jpg,5454,cam2_20260512_201934.jpg,crops/cam2_20260512_201934_r1_c0.jpg,11950,29,,50,0,0,0,0,0,0,0.0,0.0,4622.0,106.0,77.8,11.1,1.8,0.3,,2026-05-13 02:19:36
germ-germinadorap-de5832|LOT-20260506-651F-009|r1_c0|rep0,LOT-20260506-651F-009:A2:R0,germ-germinadorap-de5832,LOT-20260506-651F-009,A2,1,0,0,Betabel,,c4,vigorosa,2026-05-11 15:20:50,4960,manual,2026-05-13 02:34:32,2026-05-06 21:07:49,149.45,7,cg_1778639670016_2,5456,cam2_20260512_203431.jpg,crops/cam2_20260512_203431_r1_c0.jpg,5458,cam2_20260512_203434.jpg,crops/cam2_20260512_203434_r1_c0.jpg,11962,29,,50,0,0,0,0,0,0,0.0,0.0,4623.0,106.0,78.0,11.1,1.8,0.3,,2026-05-13 02:34:35
germ-germinadorap-de5832|LOT-20260506-651F-009|r1_c0|rep0,LOT-20260506-651F-009:A2:R0,germ-germinadorap-de5832,LOT-20260506-651F-009,A2,1,0,0,Betabel,,c4,vigorosa,2026-05-11 15:20:50,4960,manual,2026-05-13 02:49:32,2026-05-06 21:07:49,149.70,7,cg_1778640570025_2,5464,cam2_20260512_204931.jpg,crops/cam2_20260512_204931_r1_c0.jpg,5466,cam2_20260512_204934.jpg,crops/cam2_20260512_204934_r1_c0.jpg,11974,29,,50,0,0,0,0,0,0,0.0,0.0,4623.0,106.0,78.3,11.2,1.8,0.3,,2026-05-13 02:49:36
germ-germinadorap-de5832|LOT-20260506-651F-009|r1_c0|rep0,LOT-20260506-651F-009:A2:R0,germ-germinadorap-de5832,LOT-20260506-651F-009,A2,1,0,0,Betabel,,c4,vigorosa,2026-05-11 15:20:50,4960,manual,2026-05-13 03:04:32,2026-05-06 21:07:49,149.95,7,cg_1778641470035_2,5468,cam2_20260512_210431.jpg,crops/cam2_20260512_210431_r1_c0.jpg,5470,cam2_20260512_210434.jpg,crops/cam2_20260512_210434_r1_c0.jpg,11986,29,,50,0,0,0,0,0,0,0.0,0.0,4623.0,106.0,78.5,11.2,1.8,0.3,,2026-05-13 03:04:36
germ-germinadorap-de5832|LOT-20260506-651F-009|r1_c0|rep0,LOT-20260506-651F-009:A2:R0,germ-germinadorap-de5832,LOT-20260506-651F-009,A2,1,0,0,Betabel,,c4,vigorosa,2026-05-11 15:20:50,4960,manual,2026-05-13 03:19:32,2026-05-06 21:07:49,150.20,7,cg_1778642370051_2,5472,cam2_20260512_211931.jpg,crops/cam2_20260512_211931_r1_c0.jpg,5474,cam2_20260512_211934.jpg,crops/cam2_20260512_211934_r1_c0.jpg,11998,29,,50,0,0,0,0,0,0,0.0,0.0,4623.0,106.0,78.8,11.3,1.8,0.3,,2026-05-13 03:19:36
germ-germinadorap-de5832|LOT-20260506-651F-009|r1_c0|rep0,LOT-20260506-651F-009:A2:R0,germ-germinadorap-de5832,LOT-20260506-651F-009,A2,1,0,0,Betabel,,c4,vigorosa,2026-05-11 15:20:50,4960,manual,2026-05-13 03:34:32,2026-05-06 21:07:49,150.45,7,cg_1778643270065_2,5476,cam2_20260512_213431.jpg,crops/cam2_20260512_213431_r1_c0.jpg,5478,cam2_20260512_213434.jpg,crops/cam2_20260512_213434_r1_c0.jpg,12010,29,,50,0,0,0,0,0,0,0.0,0.0,4623.0,106.0,79.0,11.3,1.8,0.3,,2026-05-13 03:34:36
germ-germinadorap-de5832|LOT-20260506-651F-009|r1_c0|rep0,LOT-20260506-651F-009:A2:R0,germ-germinadorap-de5832,LOT-20260506-651F-009,A2,1,0,0,Betabel,,c4,vigorosa,2026-05-11 15:20:50,4960,manual,2026-05-13 03:49:32,2026-05-06 21:07:49,150.70,7,cg_1778644170073_2,5480,cam2_20260512_214931.jpg,crops/cam2_20260512_214931_r1_c0.jpg,5482,cam2_20260512_214934.jpg,crops/cam2_20260512_214934_r1_c0.jpg,12022,29,,50,0,0,0,0,0,0,0.0,0.0,4623.0,106.0,79.3,11.3,1.8,0.3,,2026-05-13 03:49:36
germ-germinadorap-de5832|LOT-20260506-651F-009|r1_c0|rep0,LOT-20260506-651F-009:A2:R0,germ-germinadorap-de5832,LOT-20260506-651F-009,A2,1,0,0,Betabel,,c4,vigorosa,2026-05-11 15:20:50,4960,manual,2026-05-13 04:04:32,2026-05-06 21:07:49,150.95,7,cg_1778645070077_2,5484,cam2_20260512_220431.jpg,crops/cam2_20260512_220431_r1_c0.jpg,5486,cam2_20260512_220434.jpg,crops/cam2_20260512_220434_r1_c0.jpg,12034,29,,50,0,0,0,0,0,0,0.0,0.0,4623.0,106.0,79.5,11.4,1.8,0.3,,2026-05-13 04:04:36
germ-germinadorap-de5832|LOT-20260506-651F-009|r1_c0|rep0,LOT-20260506-651F-009:A2:R0,germ-germinadorap-de5832,LOT-20260506-651F-009,A2,1,0,0,Betabel,,c4,vigorosa,2026-05-11 15:20:50,4960,manual,2026-05-13 04:19:32,2026-05-06 21:07:49,151.20,7,cg_1778645970091_2,5488,cam2_20260512_221931.jpg,crops/cam2_20260512_221931_r1_c0.jpg,5490,cam2_20260512_221934.jpg,crops/cam2_20260512_221934_r1_c0.jpg,12046,29,,50,0,0,0,0,0,0,0.0,0.0,4623.0,106.0,79.8,11.4,1.8,0.3,,2026-05-13 04:19:36
germ-germinadorap-de5832|LOT-20260506-651F-009|r1_c0|rep0,LOT-20260506-651F-009:A2:R0,germ-germinadorap-de5832,LOT-20260506-651F-009,A2,1,0,0,Betabel,,c4,vigorosa,2026-05-11 15:20:50,4960,manual,2026-05-13 04:34:32,2026-05-06 21:07:49,151.45,7,cg_1778646870110_2,5492,cam2_20260512_223431.jpg,crops/cam2_20260512_223431_r1_c0.jpg,5494,cam2_20260512_223434.jpg,crops/cam2_20260512_223434_r1_c0.jpg,12058,29,,50,0,0,0,0,0,0,0.0,0.0,4623.0,106.0,80.0,11.4,1.8,0.3,,2026-05-13 04:34:36
germ-germinadorap-de5832|LOT-20260506-651F-009|r1_c0|rep0,LOT-20260506-651F-009:A2:R0,germ-germinadorap-de5832,LOT-20260506-651F-009,A2,1,0,0,Betabel,,c4,vigorosa,2026-05-11 15:20:50,4960,manual,2026-05-13 04:49:32,2026-05-06 21:07:49,151.70,7,cg_1778647770115_2,5497,cam2_20260512_224931.jpg,crops/cam2_20260512_224931_r1_c0.jpg,5499,cam2_20260512_224937.jpg,crops/cam2_20260512_224937_r1_c0.jpg,12077,29,,50,0,0,0,0,0,0,0.0,0.0,4623.0,106.0,80.3,11.5,1.8,0.3,,2026-05-13 04:49:38
germ-germinadorap-de5832|LOT-20260506-651F-009|r1_c0|rep0,LOT-20260506-651F-009:A2:R0,germ-germinadorap-de5832,LOT-20260506-651F-009,A2,1,0,0,Betabel,,c4,vigorosa,2026-05-11 15:20:50,4960,manual,2026-05-13 05:04:35,2026-05-06 21:07:49,151.95,7,cg_1778648670124_2,5500,cam2_20260512_230434.jpg,crops/cam2_20260512_230434_r1_c0.jpg,5502,cam2_20260512_230437.jpg,crops/cam2_20260512_230437_r1_c0.jpg,12082,29,,50,0,0,0,0,0,0,0.0,0.0,4623.0,106.0,80.5,11.5,1.8,0.3,,2026-05-13 05:04:39
germ-germinadorap-de5832|LOT-20260506-651F-009|r1_c0|rep0,LOT-20260506-651F-009:A2:R0,germ-germinadorap-de5832,LOT-20260506-651F-009,A2,1,0,0,Betabel,,c4,vigorosa,2026-05-11 15:20:50,4960,manual,2026-05-13 05:19:32,2026-05-06 21:07:49,152.20,7,cg_1778649570131_2,5504,cam2_20260512_231931.jpg,crops/cam2_20260512_231931_r1_c0.jpg,5506,cam2_20260512_231934.jpg,crops/cam2_20260512_231934_r1_c0.jpg,12094,29,,50,0,0,0,0,0,0,0.0,0.0,4623.0,106.0,80.8,11.5,1.8,0.3,,2026-05-13 05:19:36
germ-germinadorap-de5832|LOT-20260506-651F-009|r1_c0|rep0,LOT-20260506-651F-009:A2:R0,germ-germinadorap-de5832,LOT-20260506-651F-009,A2,1,0,0,Betabel,,c4,vigorosa,2026-05-11 15:20:50,4960,manual,2026-05-13 05:34:32,2026-05-06 21:07:49,152.45,7,cg_1778650470134_2,5508,cam2_20260512_233431.jpg,crops/cam2_20260512_233431_r1_c0.jpg,5510,cam2_20260512_233434.jpg,crops/cam2_20260512_233434_r1_c0.jpg,12106,29,,50,0,0,0,0,0,0,0.0,0.0,4623.0,106.0,81.0,11.6,1.8,0.3,,2026-05-13 05:34:36
germ-germinadorap-de5832|LOT-20260506-651F-009|r1_c0|rep0,LOT-20260506-651F-009:A2:R0,germ-germinadorap-de5832,LOT-20260506-651F-009,A2,1,0,0,Betabel,,c4,vigorosa,2026-05-11 15:20:50,4960,manual,2026-05-13 05:49:32,2026-05-06 21:07:49,152.70,7,cg_1778651370141_2,5512,cam2_20260512_234931.jpg,crops/cam2_20260512_234931_r1_c0.jpg,5514,cam2_20260512_234934.jpg,crops/cam2_20260512_234934_r1_c0.jpg,12118,29,,50,0,0,0,0,0,0,0.0,0.0,4623.0,106.0,81.3,11.6,1.8,0.3,,2026-05-13 05:49:36
germ-germinadorap-de5832|LOT-20260506-651F-009|r1_c0|rep0,LOT-20260506-651F-009:A2:R0,germ-germinadorap-de5832,LOT-20260506-651F-009,A2,1,0,0,Betabel,,c4,vigorosa,2026-05-11 15:20:50,4960,manual,2026-05-13 06:04:32,2026-05-06 21:07:49,152.95,7,cg_1778652270152_2,5516,cam2_20260513_000431.jpg,crops/cam2_20260513_000431_r1_c0.jpg,5518,cam2_20260513_000434.jpg,crops/cam2_20260513_000434_r1_c0.jpg,12130,29,,50,0,0,0,0,0,0,0.0,0.0,4623.0,106.0,81.5,11.6,1.8,0.3,,2026-05-13 06:04:36
germ-germinadorap-de5832|LOT-20260506-651F-009|r1_c0|rep0,LOT-20260506-651F-009:A2:R0,germ-germinadorap-de5832,LOT-20260506-651F-009,A2,1,0,0,Betabel,,c4,vigorosa,2026-05-11 15:20:50,4960,manual,2026-05-13 06:19:32,2026-05-06 21:07:49,153.20,7,cg_1778653170160_2,5520,cam2_20260513_001931.jpg,crops/cam2_20260513_001931_r1_c0.jpg,5522,cam2_20260513_001934.jpg,crops/cam2_20260513_001934_r1_c0.jpg,12142,29,,50,0,0,0,0,0,0,0.0,0.0,4623.0,106.0,81.8,11.7,1.8,0.3,,2026-05-13 06:19:36
germ-germinadorap-de5832|LOT-20260506-651F-009|r1_c0|rep0,LOT-20260506-651F-009:A2:R0,germ-germinadorap-de5832,LOT-20260506-651F-009,A2,1,0,0,Betabel,,c4,vigorosa,2026-05-11 15:20:50,4960,manual,2026-05-13 06:34:32,2026-05-06 21:07:49,153.45,7,cg_1778654070166_2,5524,cam2_20260513_003431.jpg,crops/cam2_20260513_003431_r1_c0.jpg,5526,cam2_20260513_003434.jpg,crops/cam2_20260513_003434_r1_c0.jpg,12154,29,,50,0,0,0,0,0,0,0.0,0.0,4623.0,106.0,82.0,11.7,1.8,0.3,,2026-05-13 06:34:36
germ-germinadorap-de5832|LOT-20260506-651F-009|r1_c0|rep0,LOT-20260506-651F-009:A2:R0,germ-germinadorap-de5832,LOT-20260506-651F-009,A2,1,0,0,Betabel,,c4,vigorosa,2026-05-11 15:20:50,4960,manual,2026-05-13 06:49:32,2026-05-06 21:07:49,153.70,7,cg_1778654970175_2,5528,cam2_20260513_004931.jpg,crops/cam2_20260513_004931_r1_c0.jpg,5530,cam2_20260513_004934.jpg,crops/cam2_20260513_004934_r1_c0.jpg,12166,29,,50,0,0,0,0,0,0,0.0,0.0,4623.0,106.0,82.3,11.8,1.8,0.3,,2026-05-13 06:49:36
germ-germinadorap-de5832|LOT-20260506-651F-009|r1_c0|rep0,LOT-20260506-651F-009:A2:R0,germ-germinadorap-de5832,LOT-20260506-651F-009,A2,1,0,0,Betabel,,c4,vigorosa,2026-05-11 15:20:50,4960,manual,2026-05-13 07:04:32,2026-05-06 21:07:49,153.95,7,cg_1778655870188_2,5532,cam2_20260513_010431.jpg,crops/cam2_20260513_010431_r1_c0.jpg,5534,cam2_20260513_010434.jpg,crops/cam2_20260513_010434_r1_c0.jpg,12178,29,,50,0,0,0,0,0,0,0.0,0.0,4623.0,106.0,82.5,11.8,1.8,0.3,,2026-05-13 07:04:36
germ-germinadorap-de5832|LOT-20260506-651F-009|r1_c0|rep0,LOT-20260506-651F-009:A2:R0,germ-germinadorap-de5832,LOT-20260506-651F-009,A2,1,0,0,Betabel,,c4,vigorosa,2026-05-11 15:20:50,4960,manual,2026-05-13 07:19:32,2026-05-06 21:07:49,154.20,7,cg_1778656770216_2,5536,cam2_20260513_011931.jpg,crops/cam2_20260513_011931_r1_c0.jpg,5538,cam2_20260513_011934.jpg,crops/cam2_20260513_011934_r1_c0.jpg,12190,29,,50,0,0,0,0,0,0,0.0,0.0,4623.0,106.0,82.5,11.8,1.8,0.3,,2026-05-13 07:19:36
germ-germinadorap-de5832|LOT-20260506-651F-009|r1_c0|rep0,LOT-20260506-651F-009:A2:R0,germ-germinadorap-de5832,LOT-20260506-651F-009,A2,1,0,0,Betabel,,c4,vigorosa,2026-05-11 15:20:50,4960,manual,2026-05-13 07:34:32,2026-05-06 21:07:49,154.45,7,cg_1778657670220_2,5540,cam2_20260513_013431.jpg,crops/cam2_20260513_013431_r1_c0.jpg,5542,cam2_20260513_013434.jpg,crops/cam2_20260513_013434_r1_c0.jpg,12202,29,,50,0,0,0,0,0,0,0.0,0.0,4623.0,106.0,82.5,11.8,1.8,0.3,,2026-05-13 07:34:36
germ-germinadorap-de5832|LOT-20260506-651F-009|r1_c0|rep0,LOT-20260506-651F-009:A2:R0,germ-germinadorap-de5832,LOT-20260506-651F-009,A2,1,0,0,Betabel,,c4,vigorosa,2026-05-11 15:20:50,4960,manual,2026-05-13 07:49:32,2026-05-06 21:07:49,154.70,7,cg_1778658570243_2,5544,cam2_20260513_014931.jpg,crops/cam2_20260513_014931_r1_c0.jpg,5546,cam2_20260513_014934.jpg,crops/cam2_20260513_014934_r1_c0.jpg,12214,29,,50,0,0,0,0,0,0,0.0,0.0,4635.0,106.0,82.5,11.8,1.8,0.3,,2026-05-13 07:49:36
germ-germinadorap-de5832|LOT-20260506-651F-009|r1_c0|rep0,LOT-20260506-651F-009:A2:R0,germ-germinadorap-de5832,LOT-20260506-651F-009,A2,1,0,0,Betabel,,c4,vigorosa,2026-05-11 15:20:50,4960,manual,2026-05-13 08:04:32,2026-05-06 21:07:49,154.95,7,cg_1778659470242_2,5548,cam2_20260513_020431.jpg,crops/cam2_20260513_020431_r1_c0.jpg,5550,cam2_20260513_020434.jpg,crops/cam2_20260513_020434_r1_c0.jpg,12226,29,,50,0,0,0,0,0,0,0.0,0.0,4650.0,106.0,82.5,11.8,1.8,0.3,,2026-05-13 08:04:36
germ-germinadorap-de5832|LOT-20260506-651F-009|r1_c0|rep0,LOT-20260506-651F-009:A2:R0,germ-germinadorap-de5832,LOT-20260506-651F-009,A2,1,0,0,Betabel,,c4,vigorosa,2026-05-11 15:20:50,4960,manual,2026-05-13 08:19:32,2026-05-06 21:07:49,155.20,7,cg_1778660370353_2,5552,cam2_20260513_021931.jpg,crops/cam2_20260513_021931_r1_c0.jpg,5554,cam2_20260513_021934.jpg,crops/cam2_20260513_021934_r1_c0.jpg,12238,29,,50,0,0,0,0,0,0,0.0,0.0,4665.0,106.0,82.5,11.8,1.8,0.3,,2026-05-13 08:19:36
germ-germinadorap-de5832|LOT-20260506-651F-009|r1_c0|rep0,LOT-20260506-651F-009:A2:R0,germ-germinadorap-de5832,LOT-20260506-651F-009,A2,1,0,0,Betabel,,c4,vigorosa,2026-05-11 15:20:50,4960,manual,2026-05-13 08:34:32,2026-05-06 21:07:49,155.45,7,cg_1778661270352_2,5556,cam2_20260513_023431.jpg,crops/cam2_20260513_023431_r1_c0.jpg,5558,cam2_20260513_023434.jpg,crops/cam2_20260513_023434_r1_c0.jpg,12250,29,,50,0.1,0,0,0,0,0,0.0,0.0,4680.0,106.0,82.5,11.8,1.8,0.3,,2026-05-13 08:34:36
germ-germinadorap-de5832|LOT-20260506-651F-009|r1_c0|rep0,LOT-20260506-651F-009:A2:R0,germ-germinadorap-de5832,LOT-20260506-651F-009,A2,1,0,0,Betabel,,c4,vigorosa,2026-05-11 15:20:50,4960,manual,2026-05-13 08:49:32,2026-05-06 21:07:49,155.70,7,cg_1778662170354_2,5560,cam2_20260513_024931.jpg,crops/cam2_20260513_024931_r1_c0.jpg,5562,cam2_20260513_024934.jpg,crops/cam2_20260513_024934_r1_c0.jpg,12262,29,,50,0,0,0,0,0,0,0.0,0.0,4695.0,106.0,82.5,11.8,1.8,0.3,,2026-05-13 08:49:36
germ-germinadorap-de5832|LOT-20260506-651F-009|r1_c0|rep0,LOT-20260506-651F-009:A2:R0,germ-germinadorap-de5832,LOT-20260506-651F-009,A2,1,0,0,Betabel,,c4,vigorosa,2026-05-11 15:20:50,4960,manual,2026-05-13 09:04:32,2026-05-06 21:07:49,155.95,7,cg_1778663070358_2,5564,cam2_20260513_030431.jpg,crops/cam2_20260513_030431_r1_c0.jpg,5566,cam2_20260513_030435.jpg,crops/cam2_20260513_030435_r1_c0.jpg,12274,29,,50,0,0,0,0,0,0,0.0,0.0,4710.0,106.0,82.5,11.8,1.8,0.3,,2026-05-13 09:04:36
germ-germinadorap-de5832|LOT-20260506-651F-009|r1_c0|rep0,LOT-20260506-651F-009:A2:R0,germ-germinadorap-de5832,LOT-20260506-651F-009,A2,1,0,0,Betabel,,c4,vigorosa,2026-05-11 15:20:50,4960,manual,2026-05-13 09:19:33,2026-05-06 21:07:49,156.20,7,cg_1778663970359_2,5568,cam2_20260513_031932.jpg,crops/cam2_20260513_031932_r1_c0.jpg,5570,cam2_20260513_031935.jpg,crops/cam2_20260513_031935_r1_c0.jpg,12286,29,,50,0,0,0,0,0,0,0.0,0.0,4725.0,106.0,82.5,11.8,1.8,0.3,,2026-05-13 09:19:37
germ-germinadorap-de5832|LOT-20260506-651F-009|r1_c0|rep0,LOT-20260506-651F-009:A2:R0,germ-germinadorap-de5832,LOT-20260506-651F-009,A2,1,0,0,Betabel,,c4,vigorosa,2026-05-11 15:20:50,4960,manual,2026-05-13 09:34:32,2026-05-06 21:07:49,156.45,7,cg_1778664870363_2,5572,cam2_20260513_033431.jpg,crops/cam2_20260513_033431_r1_c0.jpg,5574,cam2_20260513_033434.jpg,crops/cam2_20260513_033434_r1_c0.jpg,12298,29,,50,0,0,0,0,0,0,0.0,0.0,4740.0,106.0,82.5,11.8,1.8,0.3,,2026-05-13 09:34:36
germ-germinadorap-de5832|LOT-20260506-651F-009|r1_c0|rep0,LOT-20260506-651F-009:A2:R0,germ-germinadorap-de5832,LOT-20260506-651F-009,A2,1,0,0,Betabel,,c4,vigorosa,2026-05-11 15:20:50,4960,manual,2026-05-13 09:49:32,2026-05-06 21:07:49,156.70,7,cg_1778665770365_2,5576,cam2_20260513_034931.jpg,crops/cam2_20260513_034931_r1_c0.jpg,5578,cam2_20260513_034934.jpg,crops/cam2_20260513_034934_r1_c0.jpg,12310,29,,50,0,0,0,0,0,0,0.0,0.0,4755.0,106.0,82.5,11.8,1.8,0.3,,2026-05-13 09:49:36
germ-germinadorap-de5832|LOT-20260506-651F-009|r1_c0|rep0,LOT-20260506-651F-009:A2:R0,germ-germinadorap-de5832,LOT-20260506-651F-009,A2,1,0,0,Betabel,,c4,vigorosa,2026-05-11 15:20:50,4960,manual,2026-05-13 10:04:32,2026-05-06 21:07:49,156.95,7,cg_1778666670367_2,5580,cam2_20260513_040431.jpg,crops/cam2_20260513_040431_r1_c0.jpg,5582,cam2_20260513_040434.jpg,crops/cam2_20260513_040434_r1_c0.jpg,12322,29,,50,0,0,0,0,0,0,0.0,0.0,4770.0,106.0,82.5,11.8,1.8,0.3,,2026-05-13 10:04:36
germ-germinadorap-de5832|LOT-20260506-651F-009|r1_c0|rep0,LOT-20260506-651F-009:A2:R0,germ-germinadorap-de5832,LOT-20260506-651F-009,A2,1,0,0,Betabel,,c4,vigorosa,2026-05-11 15:20:50,4960,manual,2026-05-13 10:19:32,2026-05-06 21:07:49,157.20,7,cg_1778667570372_2,5584,cam2_20260513_041931.jpg,crops/cam2_20260513_041931_r1_c0.jpg,5586,cam2_20260513_041934.jpg,crops/cam2_20260513_041934_r1_c0.jpg,12334,29,,50,0,0,0,0,0,0,0.0,0.0,4784.0,106.0,82.5,11.8,1.8,0.3,,2026-05-13 10:19:36
germ-germinadorap-de5832|LOT-20260506-651F-009|r1_c0|rep0,LOT-20260506-651F-009:A2:R0,germ-germinadorap-de5832,LOT-20260506-651F-009,A2,1,0,0,Betabel,,c4,vigorosa,2026-05-11 15:20:50,4960,manual,2026-05-13 10:34:32,2026-05-06 21:07:49,157.45,7,cg_1778668470378_2,5588,cam2_20260513_043431.jpg,crops/cam2_20260513_043431_r1_c0.jpg,5590,cam2_20260513_043434.jpg,crops/cam2_20260513_043434_r1_c0.jpg,12346,29,,50,0,0,0,0,0,0,0.0,0.0,4799.0,106.0,82.5,11.8,1.8,0.3,,2026-05-13 10:34:36
germ-germinadorap-de5832|LOT-20260506-651F-009|r1_c0|rep0,LOT-20260506-651F-009:A2:R0,germ-germinadorap-de5832,LOT-20260506-651F-009,A2,1,0,0,Betabel,,c4,vigorosa,2026-05-11 15:20:50,4960,manual,2026-05-13 10:49:32,2026-05-06 21:07:49,157.70,7,cg_1778669370377_2,5592,cam2_20260513_044931.jpg,crops/cam2_20260513_044931_r1_c0.jpg,5594,cam2_20260513_044934.jpg,crops/cam2_20260513_044934_r1_c0.jpg,12358,29,,50,0,0,0,0,0,0,0.0,0.0,4814.0,106.0,82.5,11.8,1.8,0.3,,2026-05-13 10:49:36
germ-germinadorap-de5832|LOT-20260506-651F-009|r1_c0|rep0,LOT-20260506-651F-009:A2:R0,germ-germinadorap-de5832,LOT-20260506-651F-009,A2,1,0,0,Betabel,,c4,vigorosa,2026-05-11 15:20:50,4960,manual,2026-05-13 11:04:32,2026-05-06 21:07:49,157.95,7,cg_1778670270380_2,5596,cam2_20260513_050431.jpg,crops/cam2_20260513_050431_r1_c0.jpg,5598,cam2_20260513_050434.jpg,crops/cam2_20260513_050434_r1_c0.jpg,12370,29,,50,0,0,0,0,0,0,0.0,0.0,4829.0,106.0,82.5,11.8,1.8,0.3,,2026-05-13 11:04:36
germ-germinadorap-de5832|LOT-20260506-651F-009|r1_c0|rep0,LOT-20260506-651F-009:A2:R0,germ-germinadorap-de5832,LOT-20260506-651F-009,A2,1,0,0,Betabel,,c4,vigorosa,2026-05-11 15:20:50,4960,manual,2026-05-13 11:19:32,2026-05-06 21:07:49,158.20,7,cg_1778671170386_2,5600,cam2_20260513_051931.jpg,crops/cam2_20260513_051931_r1_c0.jpg,5602,cam2_20260513_051935.jpg,crops/cam2_20260513_051935_r1_c0.jpg,12382,29,,50,0,0,0,0,0,0,0.0,0.0,4844.0,106.0,82.5,11.8,1.8,0.3,,2026-05-13 11:19:37
germ-germinadorap-de5832|LOT-20260506-651F-009|r1_c0|rep0,LOT-20260506-651F-009:A2:R0,germ-germinadorap-de5832,LOT-20260506-651F-009,A2,1,0,0,Betabel,,c4,vigorosa,2026-05-11 15:20:50,4960,manual,2026-05-13 11:34:32,2026-05-06 21:07:49,158.45,7,cg_1778672070387_2,5604,cam2_20260513_053431.jpg,crops/cam2_20260513_053431_r1_c0.jpg,5606,cam2_20260513_053434.jpg,crops/cam2_20260513_053434_r1_c0.jpg,12394,29,,50,0,0,0,0,0,0,0.0,0.0,4859.0,106.0,82.5,11.8,1.8,0.3,,2026-05-13 11:34:36
germ-germinadorap-de5832|LOT-20260506-651F-009|r1_c0|rep0,LOT-20260506-651F-009:A2:R0,germ-germinadorap-de5832,LOT-20260506-651F-009,A2,1,0,0,Betabel,,c4,vigorosa,2026-05-11 15:20:50,4960,manual,2026-05-13 11:49:32,2026-05-06 21:07:49,158.70,7,cg_1778672970392_2,5608,cam2_20260513_054931.jpg,crops/cam2_20260513_054931_r1_c0.jpg,5610,cam2_20260513_054934.jpg,crops/cam2_20260513_054934_r1_c0.jpg,12406,29,,50,0,0,0,0,0,0,0.0,0.0,4874.0,106.0,82.5,11.8,1.8,0.3,,2026-05-13 11:49:36
germ-germinadorap-de5832|LOT-20260506-651F-009|r1_c0|rep0,LOT-20260506-651F-009:A2:R0,germ-germinadorap-de5832,LOT-20260506-651F-009,A2,1,0,0,Betabel,,c4,vigorosa,2026-05-11 15:20:50,4960,manual,2026-05-13 12:04:32,2026-05-06 21:07:49,158.95,7,cg_1778673870392_2,5612,cam2_20260513_060431.jpg,crops/cam2_20260513_060431_r1_c0.jpg,5614,cam2_20260513_060434.jpg,crops/cam2_20260513_060434_r1_c0.jpg,12418,29,,50,0,0,0,0,0,0,0.0,0.0,4889.0,106.0,82.5,11.8,1.8,0.3,,2026-05-13 12:04:36
germ-germinadorap-de5832|LOT-20260506-651F-009|r1_c0|rep0,LOT-20260506-651F-009:A2:R0,germ-germinadorap-de5832,LOT-20260506-651F-009,A2,1,0,0,Betabel,,c4,vigorosa,2026-05-11 15:20:50,4960,manual,2026-05-13 12:19:32,2026-05-06 21:07:49,159.20,7,cg_1778674770397_2,5616,cam2_20260513_061931.jpg,crops/cam2_20260513_061931_r1_c0.jpg,5618,cam2_20260513_061934.jpg,crops/cam2_20260513_061934_r1_c0.jpg,12430,29,,50,0,0,0,0,0,0,0.0,0.0,4904.0,106.0,82.5,11.8,1.8,0.3,,2026-05-13 12:19:36
germ-germinadorap-de5832|LOT-20260506-651F-009|r1_c0|rep0,LOT-20260506-651F-009:A2:R0,germ-germinadorap-de5832,LOT-20260506-651F-009,A2,1,0,0,Betabel,,c4,vigorosa,2026-05-11 15:20:50,4960,manual,2026-05-13 12:34:32,2026-05-06 21:07:49,159.45,7,cg_1778675670396_2,5620,cam2_20260513_063431.jpg,crops/cam2_20260513_063431_r1_c0.jpg,5622,cam2_20260513_063435.jpg,crops/cam2_20260513_063435_r1_c0.jpg,12442,29,,50,0,0,0,0,0,0,0.0,0.0,4919.0,106.0,82.5,11.8,1.8,0.3,,2026-05-13 12:34:36
germ-germinadorap-de5832|LOT-20260506-651F-009|r1_c0|rep0,LOT-20260506-651F-009:A2:R0,germ-germinadorap-de5832,LOT-20260506-651F-009,A2,1,0,0,Betabel,,c4,vigorosa,2026-05-11 15:20:50,4960,manual,2026-05-13 12:49:32,2026-05-06 21:07:49,159.70,7,cg_1778676570401_2,5624,cam2_20260513_064931.jpg,crops/cam2_20260513_064931_r1_c0.jpg,5626,cam2_20260513_064934.jpg,crops/cam2_20260513_064934_r1_c0.jpg,12454,29,,50,0,0,0,0,0,0,0.0,0.0,4933.0,106.0,82.5,11.8,1.8,0.3,,2026-05-13 12:49:36
germ-germinadorap-de5832|LOT-20260506-651F-009|r1_c0|rep0,LOT-20260506-651F-009:A2:R0,germ-germinadorap-de5832,LOT-20260506-651F-009,A2,1,0,0,Betabel,,c4,vigorosa,2026-05-11 15:20:50,4960,manual,2026-05-13 13:04:32,2026-05-06 21:07:49,159.95,7,cg_1778677470404_2,5628,cam2_20260513_070431.jpg,crops/cam2_20260513_070431_r1_c0.jpg,5630,cam2_20260513_070435.jpg,crops/cam2_20260513_070435_r1_c0.jpg,12466,29,,50,0,0,0,0,0,0,0.0,0.0,4948.0,106.0,82.5,11.8,1.8,0.3,,2026-05-13 13:04:36
germ-germinadorap-de5832|LOT-20260506-651F-009|r0_c1|rep0,LOT-20260506-651F-009:B1:R0,germ-germinadorap-de5832,LOT-20260506-651F-009,B1,0,1,0,Betabel,,c4,vigorosa,2026-05-10 16:39:40,4684,manual,2026-05-06 21:08:47,2026-05-06 21:07:49,0.02,1,cg_1778101726061_2,3538,cam2_20260506_150847.jpg,crops/cam2_20260506_150847_r0_c1.jpg,3539,cam2_20260506_150849.jpg,crops/cam2_20260506_150849_r0_c1.jpg,6471,27.9,,36,100,0,0,0,0,0,0.0,0.0,0.0,0.0,0.0,0.0,0.0,0.0,,2026-05-06 21:08:50
germ-germinadorap-de5832|LOT-20260506-651F-009|r0_c1|rep0,LOT-20260506-651F-009:B1:R0,germ-germinadorap-de5832,LOT-20260506-651F-009,B1,0,1,0,Betabel,,c4,vigorosa,2026-05-10 16:39:40,4684,manual,2026-05-06 21:41:09,2026-05-06 21:07:49,0.56,1,cg_1778103667169_2,3554,cam2_20260506_154108.jpg,crops/cam2_20260506_154108_r0_c1.jpg,3556,cam2_20260506_154111.jpg,crops/cam2_20260506_154111_r0_c1.jpg,6485,27.8,,37,100,0,0,0,0,0,0.0,0.0,0.0,0.0,0.6,0.6,0.0,0.0,,2026-05-06 21:41:11
germ-germinadorap-de5832|LOT-20260506-651F-009|r0_c1|rep0,LOT-20260506-651F-009:B1:R0,germ-germinadorap-de5832,LOT-20260506-651F-009,B1,0,1,0,Betabel,,c4,vigorosa,2026-05-10 16:39:40,4684,manual,2026-05-06 21:56:09,2026-05-06 21:07:49,0.81,1,cg_1778104567168_2,3558,cam2_20260506_155609.jpg,crops/cam2_20260506_155609_r0_c1.jpg,3560,cam2_20260506_155612.jpg,crops/cam2_20260506_155612_r0_c1.jpg,6497,28.1,,44,100,0,0,0,0,0,0.0,0.0,0.0,0.0,0.8,0.8,0.0,0.0,,2026-05-06 21:56:13
germ-germinadorap-de5832|LOT-20260506-651F-009|r0_c1|rep0,LOT-20260506-651F-009:B1:R0,germ-germinadorap-de5832,LOT-20260506-651F-009,B1,0,1,0,Betabel,,c4,vigorosa,2026-05-10 16:39:40,4684,manual,2026-05-06 22:11:50,2026-05-06 21:07:49,1.07,1,cg_1778105508313_2,3562,cam2_20260506_161149.jpg,crops/cam2_20260506_161149_r0_c1.jpg,3564,cam2_20260506_161152.jpg,crops/cam2_20260506_161152_r0_c1.jpg,6509,28.1,,41,100,0,0,0,0,0,0.0,0.0,0.0,0.0,1.1,1.1,0.0,0.0,,2026-05-06 22:11:54
germ-germinadorap-de5832|LOT-20260506-651F-009|r0_c1|rep0,LOT-20260506-651F-009:B1:R0,germ-germinadorap-de5832,LOT-20260506-651F-009,B1,0,1,0,Betabel,,c4,vigorosa,2026-05-10 16:39:40,4684,manual,2026-05-06 22:27:46,2026-05-06 21:07:49,1.33,1,cg_1778106463519_2,3567,cam2_20260506_162745.jpg,crops/cam2_20260506_162745_r0_c1.jpg,3569,cam2_20260506_162751.jpg,crops/cam2_20260506_162751_r0_c1.jpg,6528,27.1,,38,100,0,0,0,0,0,0.0,0.0,0.0,0.0,1.2,1.2,0.0,0.0,,2026-05-06 22:27:52
germ-germinadorap-de5832|LOT-20260506-651F-009|r0_c1|rep0,LOT-20260506-651F-009:B1:R0,germ-germinadorap-de5832,LOT-20260506-651F-009,B1,0,1,0,Betabel,,c4,vigorosa,2026-05-10 16:39:40,4684,manual,2026-05-06 22:42:46,2026-05-06 21:07:49,1.58,1,cg_1778107363505_2,3570,cam2_20260506_164245.jpg,crops/cam2_20260506_164245_r0_c1.jpg,3572,cam2_20260506_164249.jpg,crops/cam2_20260506_164249_r0_c1.jpg,6533,27.7,,37,100,0,0,0,0,0,0.0,0.0,0.0,0.0,1.2,1.2,0.0,0.0,,2026-05-06 22:42:50
germ-germinadorap-de5832|LOT-20260506-651F-009|r0_c1|rep0,LOT-20260506-651F-009:B1:R0,germ-germinadorap-de5832,LOT-20260506-651F-009,B1,0,1,0,Betabel,,c4,vigorosa,2026-05-10 16:39:40,4684,manual,2026-05-06 22:58:41,2026-05-06 21:07:49,1.85,1,cg_1778108318726_2,3574,cam2_20260506_165840.jpg,crops/cam2_20260506_165840_r0_c1.jpg,3576,cam2_20260506_165843.jpg,crops/cam2_20260506_165843_r0_c1.jpg,6545,27.5,,36,100,0,0,0,0,0,0.0,0.0,0.0,0.0,1.2,1.2,0.0,0.0,,2026-05-06 22:58:45
germ-germinadorap-de5832|LOT-20260506-651F-009|r0_c1|rep0,LOT-20260506-651F-009:B1:R0,germ-germinadorap-de5832,LOT-20260506-651F-009,B1,0,1,0,Betabel,,c4,vigorosa,2026-05-10 16:39:40,4684,manual,2026-05-06 23:13:41,2026-05-06 21:07:49,2.10,1,cg_1778109218719_2,3578,cam2_20260506_171340.jpg,crops/cam2_20260506_171340_r0_c1.jpg,3580,cam2_20260506_171343.jpg,crops/cam2_20260506_171343_r0_c1.jpg,6557,27.3,,36,100,0,0,0,0,0,0.0,0.0,0.0,0.0,1.2,1.2,0.0,0.0,,2026-05-06 23:13:45
germ-germinadorap-de5832|LOT-20260506-651F-009|r0_c1|rep0,LOT-20260506-651F-009:B1:R0,germ-germinadorap-de5832,LOT-20260506-651F-009,B1,0,1,0,Betabel,,c4,vigorosa,2026-05-10 16:39:40,4684,manual,2026-05-06 23:28:40,2026-05-06 21:07:49,2.35,1,cg_1778110118717_2,3582,cam2_20260506_172840.jpg,crops/cam2_20260506_172840_r0_c1.jpg,3584,cam2_20260506_172842.jpg,crops/cam2_20260506_172842_r0_c1.jpg,6569,27.7,,35,100,0,0,0,0,0,0.0,0.0,0.0,0.0,1.2,1.2,0.0,0.0,,2026-05-06 23:28:43
germ-germinadorap-de5832|LOT-20260506-651F-009|r0_c1|rep0,LOT-20260506-651F-009:B1:R0,germ-germinadorap-de5832,LOT-20260506-651F-009,B1,0,1,0,Betabel,,c4,vigorosa,2026-05-10 16:39:40,4684,manual,2026-05-06 23:43:41,2026-05-06 21:07:49,2.60,1,cg_1778111018719_2,3586,cam2_20260506_174340.jpg,crops/cam2_20260506_174340_r0_c1.jpg,3588,cam2_20260506_174343.jpg,crops/cam2_20260506_174343_r0_c1.jpg,6581,27.5,,36,100,0,0,0,0,0,0.0,0.0,0.0,0.0,1.2,1.2,0.0,0.0,,2026-05-06 23:43:45
germ-germinadorap-de5832|LOT-20260506-651F-009|r0_c1|rep0,LOT-20260506-651F-009:B1:R0,germ-germinadorap-de5832,LOT-20260506-651F-009,B1,0,1,0,Betabel,,c4,vigorosa,2026-05-10 16:39:40,4684,manual,2026-05-06 23:58:41,2026-05-06 21:07:49,2.85,1,cg_1778111918733_2,3591,cam2_20260506_175840.jpg,crops/cam2_20260506_175840_r0_c1.jpg,3593,cam2_20260506_175847.jpg,crops/cam2_20260506_175847_r0_c1.jpg,6600,27.3,,36,94.4,0,0,0,0,0,0.0,0.0,0.0,0.0,1.2,1.2,0.0,0.0,,2026-05-06 23:58:48
germ-germinadorap-de5832|LOT-20260506-651F-009|r0_c1|rep0,LOT-20260506-651F-009:B1:R0,germ-germinadorap-de5832,LOT-20260506-651F-009,B1,0,1,0,Betabel,,c4,vigorosa,2026-05-10 16:39:40,4684,manual,2026-05-07 00:13:41,2026-05-06 21:07:49,3.10,1,cg_1778112818736_2,3594,cam2_20260506_181340.jpg,crops/cam2_20260506_181340_r0_c1.jpg,3596,cam2_20260506_181344.jpg,crops/cam2_20260506_181344_r0_c1.jpg,6605,27.6,,37,100,0,0,0,1,0,15.0,0.0,0.0,0.0,1.2,1.2,0.0,0.0,,2026-05-07 00:13:45
germ-germinadorap-de5832|LOT-20260506-651F-009|r0_c1|rep0,LOT-20260506-651F-009:B1:R0,germ-germinadorap-de5832,LOT-20260506-651F-009,B1,0,1,0,Betabel,,c4,vigorosa,2026-05-10 16:39:40,4684,manual,2026-05-07 01:01:26,2026-05-06 21:07:49,3.89,1,cg_1778115683524_2,3598,cam2_20260506_190125.jpg,crops/cam2_20260506_190125_r0_c1.jpg,3600,cam2_20260506_190129.jpg,crops/cam2_20260506_190129_r0_c1.jpg,6617,27.6,,42,100,0,0,0,0,0,0.0,0.0,0.0,0.0,1.2,1.2,0.0,0.0,,2026-05-07 01:01:31
germ-germinadorap-de5832|LOT-20260506-651F-009|r0_c1|rep0,LOT-20260506-651F-009:B1:R0,germ-germinadorap-de5832,LOT-20260506-651F-009,B1,0,1,0,Betabel,,c4,vigorosa,2026-05-10 16:39:40,4684,manual,2026-05-07 04:18:20,2026-05-06 21:07:49,7.18,1,cg_1778127498310_2,3602,cam2_20260506_221819.jpg,crops/cam2_20260506_221819_r0_c1.jpg,3604,cam2_20260506_221822.jpg,crops/cam2_20260506_221822_r0_c1.jpg,6629,26.2,,43,100,0,0,0,0,0,0.0,0.0,68.0,0.0,1.2,1.2,0.0,0.0,,2026-05-07 04:18:24
germ-germinadorap-de5832|LOT-20260506-651F-009|r0_c1|rep0,LOT-20260506-651F-009:B1:R0,germ-germinadorap-de5832,LOT-20260506-651F-009,B1,0,1,0,Betabel,,c4,vigorosa,2026-05-10 16:39:40,4684,manual,2026-05-07 04:33:20,2026-05-06 21:07:49,7.43,1,cg_1778128398314_2,3606,cam2_20260506_223319.jpg,crops/cam2_20260506_223319_r0_c1.jpg,3608,cam2_20260506_223322.jpg,crops/cam2_20260506_223322_r0_c1.jpg,6641,26.3,,42,97.2,0,0,0,0,0,0.0,0.0,68.0,0.0,1.2,1.2,0.0,0.0,,2026-05-07 04:33:23
germ-germinadorap-de5832|LOT-20260506-651F-009|r0_c1|rep0,LOT-20260506-651F-009:B1:R0,germ-germinadorap-de5832,LOT-20260506-651F-009,B1,0,1,0,Betabel,,c4,vigorosa,2026-05-10 16:39:40,4684,manual,2026-05-07 04:48:20,2026-05-06 21:07:49,7.68,1,cg_1778129298319_2,3610,cam2_20260506_224819.jpg,crops/cam2_20260506_224819_r0_c1.jpg,3612,cam2_20260506_224822.jpg,crops/cam2_20260506_224822_r0_c1.jpg,6653,26.2,,42,100,0,0,0,0,0,0.0,0.0,68.0,0.0,1.2,1.2,0.0,0.0,,2026-05-07 04:48:23
germ-germinadorap-de5832|LOT-20260506-651F-009|r0_c1|rep0,LOT-20260506-651F-009:B1:R0,germ-germinadorap-de5832,LOT-20260506-651F-009,B1,0,1,0,Betabel,,c4,vigorosa,2026-05-10 16:39:40,4684,manual,2026-05-07 05:03:20,2026-05-06 21:07:49,7.93,1,cg_1778130198322_2,3614,cam2_20260506_230320.jpg,crops/cam2_20260506_230320_r0_c1.jpg,3616,cam2_20260506_230322.jpg,crops/cam2_20260506_230322_r0_c1.jpg,6665,26.2,,43,100,0,0,0,0,0,0.0,0.0,69.0,0.0,1.2,1.2,0.0,0.0,,2026-05-07 05:03:23
germ-germinadorap-de5832|LOT-20260506-651F-009|r0_c1|rep0,LOT-20260506-651F-009:B1:R0,germ-germinadorap-de5832,LOT-20260506-651F-009,B1,0,1,0,Betabel,,c4,vigorosa,2026-05-10 16:39:40,4684,manual,2026-05-07 05:18:20,2026-05-06 21:07:49,8.18,1,cg_1778131098329_2,3618,cam2_20260506_231819.jpg,crops/cam2_20260506_231819_r0_c1.jpg,3620,cam2_20260506_231822.jpg,crops/cam2_20260506_231822_r0_c1.jpg,6677,26.1,,42,98.1,0,0,0,0,0,0.0,0.0,69.0,0.0,1.2,1.2,0.0,0.0,,2026-05-07 05:18:23
germ-germinadorap-de5832|LOT-20260506-651F-009|r0_c1|rep0,LOT-20260506-651F-009:B1:R0,germ-germinadorap-de5832,LOT-20260506-651F-009,B1,0,1,0,Betabel,,c4,vigorosa,2026-05-10 16:39:40,4684,manual,2026-05-07 05:33:20,2026-05-06 21:07:49,8.43,1,cg_1778131998332_2,3622,cam2_20260506_233319.jpg,crops/cam2_20260506_233319_r0_c1.jpg,3624,cam2_20260506_233322.jpg,crops/cam2_20260506_233322_r0_c1.jpg,6689,26.2,,46,99.1,0,0,0,0,0,0.0,0.0,69.0,0.0,1.2,1.2,0.0,0.0,,2026-05-07 05:33:23
germ-germinadorap-de5832|LOT-20260506-651F-009|r0_c1|rep0,LOT-20260506-651F-009:B1:R0,germ-germinadorap-de5832,LOT-20260506-651F-009,B1,0,1,0,Betabel,,c4,vigorosa,2026-05-10 16:39:40,4684,manual,2026-05-07 05:48:20,2026-05-06 21:07:49,8.68,1,cg_1778132898336_2,3626,cam2_20260506_234819.jpg,crops/cam2_20260506_234819_r0_c1.jpg,3628,cam2_20260506_234822.jpg,crops/cam2_20260506_234822_r0_c1.jpg,6701,26.8,,52,100,0,0,0,0,0,0.0,0.0,69.0,0.0,1.2,1.2,0.0,0.0,,2026-05-07 05:48:23
germ-germinadorap-de5832|LOT-20260506-651F-009|r0_c1|rep0,LOT-20260506-651F-009:B1:R0,germ-germinadorap-de5832,LOT-20260506-651F-009,B1,0,1,0,Betabel,,c4,vigorosa,2026-05-10 16:39:40,4684,manual,2026-05-07 06:03:20,2026-05-06 21:07:49,8.93,1,cg_1778133798338_2,3630,cam2_20260507_000319.jpg,crops/cam2_20260507_000319_r0_c1.jpg,3632,cam2_20260507_000322.jpg,crops/cam2_20260507_000322_r0_c1.jpg,6713,27.2,,51,100,0,0,0,0,0,0.0,0.0,69.0,0.0,1.2,1.2,0.0,0.0,,2026-05-07 06:03:23
germ-germinadorap-de5832|LOT-20260506-651F-009|r0_c1|rep0,LOT-20260506-651F-009:B1:R0,germ-germinadorap-de5832,LOT-20260506-651F-009,B1,0,1,0,Betabel,,c4,vigorosa,2026-05-10 16:39:40,4684,manual,2026-05-07 06:18:20,2026-05-06 21:07:49,9.18,1,cg_1778134698344_2,3634,cam2_20260507_001820.jpg,crops/cam2_20260507_001820_r0_c1.jpg,3636,cam2_20260507_001822.jpg,crops/cam2_20260507_001822_r0_c1.jpg,6725,27.3,,54,96.3,0,0,0,0,0,0.0,0.0,69.0,0.0,1.2,1.2,0.0,0.0,,2026-05-07 06:18:23
germ-germinadorap-de5832|LOT-20260506-651F-009|r0_c1|rep0,LOT-20260506-651F-009:B1:R0,germ-germinadorap-de5832,LOT-20260506-651F-009,B1,0,1,0,Betabel,,c4,vigorosa,2026-05-10 16:39:40,4684,manual,2026-05-07 06:33:20,2026-05-06 21:07:49,9.43,1,cg_1778135598346_2,3638,cam2_20260507_003319.jpg,crops/cam2_20260507_003319_r0_c1.jpg,3640,cam2_20260507_003322.jpg,crops/cam2_20260507_003322_r0_c1.jpg,6737,27.2,,53,80.6,0,0,0,0,0,0.0,0.0,69.0,0.0,1.2,1.2,0.0,0.0,,2026-05-07 06:33:23
germ-germinadorap-de5832|LOT-20260506-651F-009|r0_c1|rep0,LOT-20260506-651F-009:B1:R0,germ-germinadorap-de5832,LOT-20260506-651F-009,B1,0,1,0,Betabel,,c4,vigorosa,2026-05-10 16:39:40,4684,manual,2026-05-07 06:48:20,2026-05-06 21:07:49,9.68,1,cg_1778136498352_2,3642,cam2_20260507_004819.jpg,crops/cam2_20260507_004819_r0_c1.jpg,3644,cam2_20260507_004822.jpg,crops/cam2_20260507_004822_r0_c1.jpg,6749,27.4,,53,58,0,0,0,0,0,0.0,0.0,69.0,0.0,1.2,1.2,0.0,0.0,,2026-05-07 06:48:23
germ-germinadorap-de5832|LOT-20260506-651F-009|r0_c1|rep0,LOT-20260506-651F-009:B1:R0,germ-germinadorap-de5832,LOT-20260506-651F-009,B1,0,1,0,Betabel,,c4,vigorosa,2026-05-10 16:39:40,4684,manual,2026-05-07 07:03:20,2026-05-06 21:07:49,9.93,1,cg_1778137398355_2,3646,cam2_20260507_010319.jpg,crops/cam2_20260507_010319_r0_c1.jpg,3648,cam2_20260507_010322.jpg,crops/cam2_20260507_010322_r0_c1.jpg,6761,27.5,,52,100,0,0,0,0,0,0.0,0.0,69.0,0.0,1.2,1.2,0.0,0.0,,2026-05-07 07:03:23
germ-germinadorap-de5832|LOT-20260506-651F-009|r0_c1|rep0,LOT-20260506-651F-009:B1:R0,germ-germinadorap-de5832,LOT-20260506-651F-009,B1,0,1,0,Betabel,,c4,vigorosa,2026-05-10 16:39:40,4684,manual,2026-05-07 07:18:20,2026-05-06 21:07:49,10.18,1,cg_1778138298363_2,3650,cam2_20260507_011819.jpg,crops/cam2_20260507_011819_r0_c1.jpg,3652,cam2_20260507_011823.jpg,crops/cam2_20260507_011823_r0_c1.jpg,6773,27.5,,48,100,0,0,0,0,0,0.0,0.0,69.0,0.0,1.2,1.2,0.0,0.0,,2026-05-07 07:18:24
germ-germinadorap-de5832|LOT-20260506-651F-009|r0_c1|rep0,LOT-20260506-651F-009:B1:R0,germ-germinadorap-de5832,LOT-20260506-651F-009,B1,0,1,0,Betabel,,c4,vigorosa,2026-05-10 16:39:40,4684,manual,2026-05-07 07:33:20,2026-05-06 21:07:49,10.43,1,cg_1778139198367_2,3654,cam2_20260507_013319.jpg,crops/cam2_20260507_013319_r0_c1.jpg,3656,cam2_20260507_013322.jpg,crops/cam2_20260507_013322_r0_c1.jpg,6785,27.6,,50,89.8,0,0,0,0,0,0.0,0.0,69.0,0.0,1.2,1.2,0.0,0.0,,2026-05-07 07:33:23
germ-germinadorap-de5832|LOT-20260506-651F-009|r0_c1|rep0,LOT-20260506-651F-009:B1:R0,germ-germinadorap-de5832,LOT-20260506-651F-009,B1,0,1,0,Betabel,,c4,vigorosa,2026-05-10 16:39:40,4684,manual,2026-05-07 07:48:20,2026-05-06 21:07:49,10.68,1,cg_1778140098373_2,3658,cam2_20260507_014819.jpg,crops/cam2_20260507_014819_r0_c1.jpg,3660,cam2_20260507_014822.jpg,crops/cam2_20260507_014822_r0_c1.jpg,6797,27.5,,51,90.7,0,0,0,0,0,0.0,0.0,69.0,0.0,1.2,1.2,0.0,0.0,,2026-05-07 07:48:23
germ-germinadorap-de5832|LOT-20260506-651F-009|r0_c1|rep0,LOT-20260506-651F-009:B1:R0,germ-germinadorap-de5832,LOT-20260506-651F-009,B1,0,1,0,Betabel,,c4,vigorosa,2026-05-10 16:39:40,4684,manual,2026-05-07 08:03:20,2026-05-06 21:07:49,10.93,1,cg_1778140998374_2,3662,cam2_20260507_020319.jpg,crops/cam2_20260507_020319_r0_c1.jpg,3664,cam2_20260507_020322.jpg,crops/cam2_20260507_020322_r0_c1.jpg,6809,27.7,,52,98.1,0,0,0,0,0,0.0,0.0,69.0,0.0,1.3,1.3,0.0,0.0,,2026-05-07 08:03:23
germ-germinadorap-de5832|LOT-20260506-651F-009|r0_c1|rep0,LOT-20260506-651F-009:B1:R0,germ-germinadorap-de5832,LOT-20260506-651F-009,B1,0,1,0,Betabel,,c4,vigorosa,2026-05-10 16:39:40,4684,manual,2026-05-07 08:18:20,2026-05-06 21:07:49,11.18,1,cg_1778141898378_2,3666,cam2_20260507_021819.jpg,crops/cam2_20260507_021819_r0_c1.jpg,3668,cam2_20260507_021822.jpg,crops/cam2_20260507_021822_r0_c1.jpg,6821,27.7,,49,84.3,0,0,0,0,0,0.0,0.0,69.0,0.0,1.5,1.5,0.0,0.0,,2026-05-07 08:18:23
germ-germinadorap-de5832|LOT-20260506-651F-009|r0_c1|rep0,LOT-20260506-651F-009:B1:R0,germ-germinadorap-de5832,LOT-20260506-651F-009,B1,0,1,0,Betabel,,c4,vigorosa,2026-05-10 16:39:40,4684,manual,2026-05-07 08:33:20,2026-05-06 21:07:49,11.43,1,cg_1778142798383_2,3670,cam2_20260507_023319.jpg,crops/cam2_20260507_023319_r0_c1.jpg,3672,cam2_20260507_023322.jpg,crops/cam2_20260507_023322_r0_c1.jpg,6833,27.6,,51,88,0,0,0,0,0,0.0,0.0,69.0,0.0,1.8,1.8,0.0,0.0,,2026-05-07 08:33:23
germ-germinadorap-de5832|LOT-20260506-651F-009|r0_c1|rep0,LOT-20260506-651F-009:B1:R0,germ-germinadorap-de5832,LOT-20260506-651F-009,B1,0,1,0,Betabel,,c4,vigorosa,2026-05-10 16:39:40,4684,manual,2026-05-07 08:48:20,2026-05-06 21:07:49,11.68,1,cg_1778143698389_2,3674,cam2_20260507_024819.jpg,crops/cam2_20260507_024819_r0_c1.jpg,3676,cam2_20260507_024822.jpg,crops/cam2_20260507_024822_r0_c1.jpg,6845,27.6,,53,90.7,0,0,0,0,0,0.0,0.0,69.0,0.0,2.0,2.0,0.0,0.0,,2026-05-07 08:48:23
germ-germinadorap-de5832|LOT-20260506-651F-009|r0_c1|rep0,LOT-20260506-651F-009:B1:R0,germ-germinadorap-de5832,LOT-20260506-651F-009,B1,0,1,0,Betabel,,c4,vigorosa,2026-05-10 16:39:40,4684,manual,2026-05-07 09:03:20,2026-05-06 21:07:49,11.93,1,cg_1778144598395_2,3678,cam2_20260507_030320.jpg,crops/cam2_20260507_030320_r0_c1.jpg,3680,cam2_20260507_030322.jpg,crops/cam2_20260507_030322_r0_c1.jpg,6857,27.6,,53,87,0,0,0,0,0,0.0,0.0,69.0,0.0,2.2,2.2,0.0,0.0,,2026-05-07 09:03:23
germ-germinadorap-de5832|LOT-20260506-651F-009|r0_c1|rep0,LOT-20260506-651F-009:B1:R0,germ-germinadorap-de5832,LOT-20260506-651F-009,B1,0,1,0,Betabel,,c4,vigorosa,2026-05-10 16:39:40,4684,manual,2026-05-07 09:18:20,2026-05-06 21:07:49,12.18,1,cg_1778145498397_2,3682,cam2_20260507_031819.jpg,crops/cam2_20260507_031819_r0_c1.jpg,3684,cam2_20260507_031822.jpg,crops/cam2_20260507_031822_r0_c1.jpg,6869,27.6,,52,83.3,0,0,0,0,0,0.0,0.0,69.0,0.0,2.5,2.5,0.0,0.0,,2026-05-07 09:18:23
germ-germinadorap-de5832|LOT-20260506-651F-009|r0_c1|rep0,LOT-20260506-651F-009:B1:R0,germ-germinadorap-de5832,LOT-20260506-651F-009,B1,0,1,0,Betabel,,c4,vigorosa,2026-05-10 16:39:40,4684,manual,2026-05-07 09:33:20,2026-05-06 21:07:49,12.43,1,cg_1778146398401_2,3686,cam2_20260507_033319.jpg,crops/cam2_20260507_033319_r0_c1.jpg,3688,cam2_20260507_033322.jpg,crops/cam2_20260507_033322_r0_c1.jpg,6881,27.6,,52,79.6,0,0,0,0,0,0.0,0.0,69.0,0.0,2.7,2.7,0.0,0.0,,2026-05-07 09:33:23
germ-germinadorap-de5832|LOT-20260506-651F-009|r0_c1|rep0,LOT-20260506-651F-009:B1:R0,germ-germinadorap-de5832,LOT-20260506-651F-009,B1,0,1,0,Betabel,,c4,vigorosa,2026-05-10 16:39:40,4684,manual,2026-05-07 09:48:20,2026-05-06 21:07:49,12.68,1,cg_1778147298405_2,3690,cam2_20260507_034819.jpg,crops/cam2_20260507_034819_r0_c1.jpg,3692,cam2_20260507_034822.jpg,crops/cam2_20260507_034822_r0_c1.jpg,6893,27.6,,52,67.9,0,0,0,0,0,0.0,0.0,69.0,0.0,3.0,3.0,0.0,0.0,,2026-05-07 09:48:23
germ-germinadorap-de5832|LOT-20260506-651F-009|r0_c1|rep0,LOT-20260506-651F-009:B1:R0,germ-germinadorap-de5832,LOT-20260506-651F-009,B1,0,1,0,Betabel,,c4,vigorosa,2026-05-10 16:39:40,4684,manual,2026-05-07 10:03:20,2026-05-06 21:07:49,12.93,1,cg_1778148198408_2,3694,cam2_20260507_040319.jpg,crops/cam2_20260507_040319_r0_c1.jpg,3696,cam2_20260507_040322.jpg,crops/cam2_20260507_040322_r0_c1.jpg,6905,27.6,,53,79.6,0,0,0,0,0,0.0,0.0,69.0,0.0,3.2,3.2,0.0,0.0,,2026-05-07 10:03:23
germ-germinadorap-de5832|LOT-20260506-651F-009|r0_c1|rep0,LOT-20260506-651F-009:B1:R0,germ-germinadorap-de5832,LOT-20260506-651F-009,B1,0,1,0,Betabel,,c4,vigorosa,2026-05-10 16:39:40,4684,manual,2026-05-07 10:18:20,2026-05-06 21:07:49,13.18,1,cg_1778149098410_2,3698,cam2_20260507_041820.jpg,crops/cam2_20260507_041820_r0_c1.jpg,3700,cam2_20260507_041822.jpg,crops/cam2_20260507_041822_r0_c1.jpg,6917,27.8,,52,81.5,0,0,0,0,0,0.0,0.0,69.0,0.0,3.5,3.5,0.0,0.0,,2026-05-07 10:18:23
germ-germinadorap-de5832|LOT-20260506-651F-009|r0_c1|rep0,LOT-20260506-651F-009:B1:R0,germ-germinadorap-de5832,LOT-20260506-651F-009,B1,0,1,0,Betabel,,c4,vigorosa,2026-05-10 16:39:40,4684,manual,2026-05-07 10:33:20,2026-05-06 21:07:49,13.43,1,cg_1778149998416_2,3702,cam2_20260507_043319.jpg,crops/cam2_20260507_043319_r0_c1.jpg,3704,cam2_20260507_043322.jpg,crops/cam2_20260507_043322_r0_c1.jpg,6929,27.5,,52,80.6,0,0,0,0,0,0.0,0.0,70.0,0.0,3.7,3.7,0.0,0.0,,2026-05-07 10:33:23
germ-germinadorap-de5832|LOT-20260506-651F-009|r0_c1|rep0,LOT-20260506-651F-009:B1:R0,germ-germinadorap-de5832,LOT-20260506-651F-009,B1,0,1,0,Betabel,,c4,vigorosa,2026-05-10 16:39:40,4684,manual,2026-05-07 10:48:20,2026-05-06 21:07:49,13.68,1,cg_1778150898421_2,3706,cam2_20260507_044819.jpg,crops/cam2_20260507_044819_r0_c1.jpg,3708,cam2_20260507_044822.jpg,crops/cam2_20260507_044822_r0_c1.jpg,6941,27.8,,53,76.9,0,0,0,0,0,0.0,0.0,70.0,0.0,4.0,4.0,0.0,0.0,,2026-05-07 10:48:23
germ-germinadorap-de5832|LOT-20260506-651F-009|r0_c1|rep0,LOT-20260506-651F-009:B1:R0,germ-germinadorap-de5832,LOT-20260506-651F-009,B1,0,1,0,Betabel,,c4,vigorosa,2026-05-10 16:39:40,4684,manual,2026-05-07 11:03:20,2026-05-06 21:07:49,13.93,1,cg_1778151798424_2,3710,cam2_20260507_050320.jpg,crops/cam2_20260507_050320_r0_c1.jpg,3712,cam2_20260507_050322.jpg,crops/cam2_20260507_050322_r0_c1.jpg,6953,27.9,,52,62.5,0,0,0,0,0,0.0,0.0,70.0,0.0,4.2,4.2,0.0,0.0,,2026-05-07 11:03:23
germ-germinadorap-de5832|LOT-20260506-651F-009|r0_c1|rep0,LOT-20260506-651F-009:B1:R0,germ-germinadorap-de5832,LOT-20260506-651F-009,B1,0,1,0,Betabel,,c4,vigorosa,2026-05-10 16:39:40,4684,manual,2026-05-07 11:18:20,2026-05-06 21:07:49,14.18,1,cg_1778152698425_2,3714,cam2_20260507_051820.jpg,crops/cam2_20260507_051820_r0_c1.jpg,3716,cam2_20260507_051822.jpg,crops/cam2_20260507_051822_r0_c1.jpg,6965,27.6,,52,69.6,0,0,0,0,0,0.0,0.0,70.0,0.0,4.5,4.5,0.0,0.0,,2026-05-07 11:18:23
germ-germinadorap-de5832|LOT-20260506-651F-009|r0_c1|rep0,LOT-20260506-651F-009:B1:R0,germ-germinadorap-de5832,LOT-20260506-651F-009,B1,0,1,0,Betabel,,c4,vigorosa,2026-05-10 16:39:40,4684,manual,2026-05-07 11:33:20,2026-05-06 21:07:49,14.43,1,cg_1778153598427_2,3718,cam2_20260507_053320.jpg,crops/cam2_20260507_053320_r0_c1.jpg,3720,cam2_20260507_053322.jpg,crops/cam2_20260507_053322_r0_c1.jpg,6977,27.9,,51,72.3,0,0,0,0,0,0.0,0.0,70.0,0.0,4.7,4.7,0.0,0.0,,2026-05-07 11:33:23
germ-germinadorap-de5832|LOT-20260506-651F-009|r0_c1|rep0,LOT-20260506-651F-009:B1:R0,germ-germinadorap-de5832,LOT-20260506-651F-009,B1,0,1,0,Betabel,,c4,vigorosa,2026-05-10 16:39:40,4684,manual,2026-05-07 11:48:20,2026-05-06 21:07:49,14.68,1,cg_1778154498430_2,3722,cam2_20260507_054819.jpg,crops/cam2_20260507_054819_r0_c1.jpg,3724,cam2_20260507_054822.jpg,crops/cam2_20260507_054822_r0_c1.jpg,6989,27.2,,52,62.5,0,0,0,0,0,0.0,0.0,70.0,0.0,5.0,5.0,0.0,0.0,,2026-05-07 11:48:23
germ-germinadorap-de5832|LOT-20260506-651F-009|r0_c1|rep0,LOT-20260506-651F-009:B1:R0,germ-germinadorap-de5832,LOT-20260506-651F-009,B1,0,1,0,Betabel,,c4,vigorosa,2026-05-10 16:39:40,4684,manual,2026-05-07 12:03:20,2026-05-06 21:07:49,14.93,1,cg_1778155398434_2,3726,cam2_20260507_060319.jpg,crops/cam2_20260507_060319_r0_c1.jpg,3728,cam2_20260507_060322.jpg,crops/cam2_20260507_060322_r0_c1.jpg,7001,27.2,,53,49.5,0,0,0,0,0,0.0,0.0,70.0,0.0,5.2,5.2,0.0,0.0,,2026-05-07 12:03:23
germ-germinadorap-de5832|LOT-20260506-651F-009|r0_c1|rep0,LOT-20260506-651F-009:B1:R0,germ-germinadorap-de5832,LOT-20260506-651F-009,B1,0,1,0,Betabel,,c4,vigorosa,2026-05-10 16:39:40,4684,manual,2026-05-07 12:19:20,2026-05-06 21:07:49,15.19,1,cg_1778156358435_2,3730,cam2_20260507_061919.jpg,crops/cam2_20260507_061919_r0_c1.jpg,3732,cam2_20260507_061922.jpg,crops/cam2_20260507_061922_r0_c1.jpg,7013,27.7,,52,54.5,0,0,0,0,0,0.0,0.0,70.0,0.0,5.5,5.5,0.0,0.0,,2026-05-07 12:19:23
germ-germinadorap-de5832|LOT-20260506-651F-009|r0_c1|rep0,LOT-20260506-651F-009:B1:R0,germ-germinadorap-de5832,LOT-20260506-651F-009,B1,0,1,0,Betabel,,c4,vigorosa,2026-05-10 16:39:40,4684,manual,2026-05-07 12:34:20,2026-05-06 21:07:49,15.44,1,cg_1778157258438_2,3734,cam2_20260507_063419.jpg,crops/cam2_20260507_063419_r0_c1.jpg,3736,cam2_20260507_063422.jpg,crops/cam2_20260507_063422_r0_c1.jpg,7025,27.2,,53,50,0,0,0,0,0,0.0,0.0,70.0,0.0,5.7,5.7,0.0,0.0,,2026-05-07 12:34:23
germ-germinadorap-de5832|LOT-20260506-651F-009|r0_c1|rep0,LOT-20260506-651F-009:B1:R0,germ-germinadorap-de5832,LOT-20260506-651F-009,B1,0,1,0,Betabel,,c4,vigorosa,2026-05-10 16:39:40,4684,manual,2026-05-07 12:49:20,2026-05-06 21:07:49,15.69,1,cg_1778158158443_2,3738,cam2_20260507_064920.jpg,crops/cam2_20260507_064920_r0_c1.jpg,3740,cam2_20260507_064922.jpg,crops/cam2_20260507_064922_r0_c1.jpg,7037,27.7,,53,53.6,0,0,0,0,0,0.0,0.0,70.0,0.0,6.0,6.0,0.0,0.0,,2026-05-07 12:49:23
germ-germinadorap-de5832|LOT-20260506-651F-009|r0_c1|rep0,LOT-20260506-651F-009:B1:R0,germ-germinadorap-de5832,LOT-20260506-651F-009,B1,0,1,0,Betabel,,c4,vigorosa,2026-05-10 16:39:40,4684,manual,2026-05-07 13:04:20,2026-05-06 21:07:49,15.94,1,cg_1778159058444_2,3742,cam2_20260507_070419.jpg,crops/cam2_20260507_070419_r0_c1.jpg,3744,cam2_20260507_070422.jpg,crops/cam2_20260507_070422_r0_c1.jpg,7049,27.3,,54,50,0,0,0,0,0,0.0,0.0,70.0,0.0,6.2,6.2,0.0,0.0,,2026-05-07 13:04:23
germ-germinadorap-de5832|LOT-20260506-651F-009|r0_c1|rep0,LOT-20260506-651F-009:B1:R0,germ-germinadorap-de5832,LOT-20260506-651F-009,B1,0,1,0,Betabel,,c4,vigorosa,2026-05-10 16:39:40,4684,manual,2026-05-07 13:19:20,2026-05-06 21:07:49,16.19,1,cg_1778159958450_2,3746,cam2_20260507_071919.jpg,crops/cam2_20260507_071919_r0_c1.jpg,3748,cam2_20260507_071922.jpg,crops/cam2_20260507_071922_r0_c1.jpg,7061,27.6,,49,98.1,0,0,0,0,0,0.0,0.0,70.0,0.0,6.5,6.5,0.0,0.0,,2026-05-07 13:19:23
germ-germinadorap-de5832|LOT-20260506-651F-009|r0_c1|rep0,LOT-20260506-651F-009:B1:R0,germ-germinadorap-de5832,LOT-20260506-651F-009,B1,0,1,0,Betabel,,c4,vigorosa,2026-05-10 16:39:40,4684,manual,2026-05-07 13:34:20,2026-05-06 21:07:49,16.44,1,cg_1778160858451_2,3750,cam2_20260507_073419.jpg,crops/cam2_20260507_073419_r0_c1.jpg,3752,cam2_20260507_073422.jpg,crops/cam2_20260507_073422_r0_c1.jpg,7073,27.5,,54,91.7,0,0,0,0,0,0.0,0.0,70.0,0.0,6.7,6.7,0.0,0.0,,2026-05-07 13:34:23
germ-germinadorap-de5832|LOT-20260506-651F-009|r0_c1|rep0,LOT-20260506-651F-009:B1:R0,germ-germinadorap-de5832,LOT-20260506-651F-009,B1,0,1,0,Betabel,,c4,vigorosa,2026-05-10 16:39:40,4684,manual,2026-05-07 13:49:20,2026-05-06 21:07:49,16.69,1,cg_1778161758454_2,3754,cam2_20260507_074920.jpg,crops/cam2_20260507_074920_r0_c1.jpg,3756,cam2_20260507_074922.jpg,crops/cam2_20260507_074922_r0_c1.jpg,7085,27.6,,53,48.4,0,0,0,0,0,0.0,0.0,70.0,0.0,7.0,7.0,0.0,0.0,,2026-05-07 13:49:23
germ-germinadorap-de5832|LOT-20260506-651F-009|r0_c1|rep0,LOT-20260506-651F-009:B1:R0,germ-germinadorap-de5832,LOT-20260506-651F-009,B1,0,1,0,Betabel,,c4,vigorosa,2026-05-10 16:39:40,4684,manual,2026-05-07 14:04:20,2026-05-06 21:07:49,16.94,1,cg_1778162658462_2,3758,cam2_20260507_080419.jpg,crops/cam2_20260507_080419_r0_c1.jpg,3760,cam2_20260507_080422.jpg,crops/cam2_20260507_080422_r0_c1.jpg,7097,27.6,,50,73.2,0,0,0,0,0,0.0,0.0,74.0,0.0,7.2,7.2,0.0,0.0,,2026-05-07 14:04:23
germ-germinadorap-de5832|LOT-20260506-651F-009|r0_c1|rep0,LOT-20260506-651F-009:B1:R0,germ-germinadorap-de5832,LOT-20260506-651F-009,B1,0,1,0,Betabel,,c4,vigorosa,2026-05-10 16:39:40,4684,manual,2026-05-07 14:19:20,2026-05-06 21:07:49,17.19,1,cg_1778163558463_2,3762,cam2_20260507_081919.jpg,crops/cam2_20260507_081919_r0_c1.jpg,3764,cam2_20260507_081922.jpg,crops/cam2_20260507_081922_r0_c1.jpg,7109,28.1,,49,57.1,0,0,0,0,0,0.0,0.0,89.0,0.0,7.5,7.5,0.0,0.0,,2026-05-07 14:19:23
germ-germinadorap-de5832|LOT-20260506-651F-009|r0_c1|rep0,LOT-20260506-651F-009:B1:R0,germ-germinadorap-de5832,LOT-20260506-651F-009,B1,0,1,0,Betabel,,c4,vigorosa,2026-05-10 16:39:40,4684,manual,2026-05-07 14:34:20,2026-05-06 21:07:49,17.44,1,cg_1778164458466_2,3766,cam2_20260507_083419.jpg,crops/cam2_20260507_083419_r0_c1.jpg,3768,cam2_20260507_083422.jpg,crops/cam2_20260507_083422_r0_c1.jpg,7121,28.4,,50,55.4,0,0,0,0,0,0.0,0.0,104.0,0.0,7.7,7.7,0.0,0.0,,2026-05-07 14:34:23
germ-germinadorap-de5832|LOT-20260506-651F-009|r0_c1|rep0,LOT-20260506-651F-009:B1:R0,germ-germinadorap-de5832,LOT-20260506-651F-009,B1,0,1,0,Betabel,,c4,vigorosa,2026-05-10 16:39:40,4684,manual,2026-05-07 14:49:20,2026-05-06 21:07:49,17.69,1,cg_1778165358467_2,3770,cam2_20260507_084920.jpg,crops/cam2_20260507_084920_r0_c1.jpg,3772,cam2_20260507_084922.jpg,crops/cam2_20260507_084922_r0_c1.jpg,7133,28.4,,47,48.5,0,0,0,0,0,0.0,0.0,119.0,0.0,8.0,8.0,0.0,0.0,,2026-05-07 14:49:23
germ-germinadorap-de5832|LOT-20260506-651F-009|r0_c1|rep0,LOT-20260506-651F-009:B1:R0,germ-germinadorap-de5832,LOT-20260506-651F-009,B1,0,1,0,Betabel,,c4,vigorosa,2026-05-10 16:39:40,4684,manual,2026-05-07 15:04:46,2026-05-06 21:07:49,17.95,1,cg_1778166284023_2,3774,cam2_20260507_090445.jpg,crops/cam2_20260507_090445_r0_c1.jpg,3776,cam2_20260507_090448.jpg,crops/cam2_20260507_090448_r0_c1.jpg,7145,29.1,,47,56.3,0,0,0,0,0,0.0,0.0,134.0,0.0,8.2,8.2,0.0,0.0,,2026-05-07 15:04:50
germ-germinadorap-de5832|LOT-20260506-651F-009|r0_c1|rep0,LOT-20260506-651F-009:B1:R0,germ-germinadorap-de5832,LOT-20260506-651F-009,B1,0,1,0,Betabel,,c4,vigorosa,2026-05-10 16:39:40,4684,manual,2026-05-07 15:19:46,2026-05-06 21:07:49,18.20,1,cg_1778167184022_2,3778,cam2_20260507_091945.jpg,crops/cam2_20260507_091945_r0_c1.jpg,3780,cam2_20260507_091948.jpg,crops/cam2_20260507_091948_r0_c1.jpg,7157,28.6,,43,47,0,0,0,0,0,0.0,0.0,149.0,0.0,8.5,8.5,0.0,0.0,,2026-05-07 15:19:50
germ-germinadorap-de5832|LOT-20260506-651F-009|r0_c1|rep0,LOT-20260506-651F-009:B1:R0,germ-germinadorap-de5832,LOT-20260506-651F-009,B1,0,1,0,Betabel,,c4,vigorosa,2026-05-10 16:39:40,4684,manual,2026-05-07 15:34:46,2026-05-06 21:07:49,18.45,1,cg_1778168084028_2,3782,cam2_20260507_093445.jpg,crops/cam2_20260507_093445_r0_c1.jpg,3784,cam2_20260507_093448.jpg,crops/cam2_20260507_093448_r0_c1.jpg,7169,28.7,,38,47.3,0,0,0,0,0,0.0,0.0,164.0,0.0,8.7,8.7,0.0,0.0,,2026-05-07 15:34:50
germ-germinadorap-de5832|LOT-20260506-651F-009|r0_c1|rep0,LOT-20260506-651F-009:B1:R0,germ-germinadorap-de5832,LOT-20260506-651F-009,B1,0,1,0,Betabel,,c4,vigorosa,2026-05-10 16:39:40,4684,manual,2026-05-07 15:49:46,2026-05-06 21:07:49,18.70,1,cg_1778168984035_2,3786,cam2_20260507_094945.jpg,crops/cam2_20260507_094945_r0_c1.jpg,3788,cam2_20260507_094948.jpg,crops/cam2_20260507_094948_r0_c1.jpg,7181,28.7,,40,47.4,0,0,0,0,0,0.0,0.0,179.0,0.0,9.0,9.0,0.0,0.0,,2026-05-07 15:49:50
germ-germinadorap-de5832|LOT-20260506-651F-009|r0_c1|rep0,LOT-20260506-651F-009:B1:R0,germ-germinadorap-de5832,LOT-20260506-651F-009,B1,0,1,0,Betabel,,c4,vigorosa,2026-05-10 16:39:40,4684,manual,2026-05-07 16:04:46,2026-05-06 21:07:49,18.95,1,cg_1778169884039_2,3790,cam2_20260507_100445.jpg,crops/cam2_20260507_100445_r0_c1.jpg,3792,cam2_20260507_100448.jpg,crops/cam2_20260507_100448_r0_c1.jpg,7193,29,,40,47.9,0,0,0,0,0,0.0,0.0,194.0,0.0,9.2,9.2,0.0,0.0,,2026-05-07 16:04:50
germ-germinadorap-de5832|LOT-20260506-651F-009|r0_c1|rep0,LOT-20260506-651F-009:B1:R0,germ-germinadorap-de5832,LOT-20260506-651F-009,B1,0,1,0,Betabel,,c4,vigorosa,2026-05-10 16:39:40,4684,manual,2026-05-07 16:19:46,2026-05-06 21:07:49,19.20,1,cg_1778170784043_2,3794,cam2_20260507_101945.jpg,crops/cam2_20260507_101945_r0_c1.jpg,3796,cam2_20260507_101948.jpg,crops/cam2_20260507_101948_r0_c1.jpg,7205,29,,43,45.7,0,0,0,0,0,0.0,0.0,209.0,0.0,9.5,9.5,0.0,0.0,,2026-05-07 16:19:49
germ-germinadorap-de5832|LOT-20260506-651F-009|r0_c1|rep0,LOT-20260506-651F-009:B1:R0,germ-germinadorap-de5832,LOT-20260506-651F-009,B1,0,1,0,Betabel,,c4,vigorosa,2026-05-10 16:39:40,4684,manual,2026-05-07 16:34:46,2026-05-06 21:07:49,19.45,1,cg_1778171684048_2,3798,cam2_20260507_103445.jpg,crops/cam2_20260507_103445_r0_c1.jpg,3800,cam2_20260507_103448.jpg,crops/cam2_20260507_103448_r0_c1.jpg,7217,29,,40,48.9,0,0,0,0,0,0.0,0.0,223.0,0.0,9.7,9.7,0.0,0.0,,2026-05-07 16:34:50
germ-germinadorap-de5832|LOT-20260506-651F-009|r0_c1|rep0,LOT-20260506-651F-009:B1:R0,germ-germinadorap-de5832,LOT-20260506-651F-009,B1,0,1,0,Betabel,,c4,vigorosa,2026-05-10 16:39:40,4684,manual,2026-05-07 16:49:46,2026-05-06 21:07:49,19.70,1,cg_1778172584053_2,3802,cam2_20260507_104945.jpg,crops/cam2_20260507_104945_r0_c1.jpg,3804,cam2_20260507_104948.jpg,crops/cam2_20260507_104948_r0_c1.jpg,7229,29.1,,40,45.7,0,0,0,0,0,0.0,0.0,238.0,0.0,10.0,10.0,0.0,0.0,,2026-05-07 16:49:50
germ-germinadorap-de5832|LOT-20260506-651F-009|r0_c1|rep0,LOT-20260506-651F-009:B1:R0,germ-germinadorap-de5832,LOT-20260506-651F-009,B1,0,1,0,Betabel,,c4,vigorosa,2026-05-10 16:39:40,4684,manual,2026-05-07 17:04:46,2026-05-06 21:07:49,19.95,1,cg_1778173484055_2,3806,cam2_20260507_110445.jpg,crops/cam2_20260507_110445_r0_c1.jpg,3808,cam2_20260507_110448.jpg,crops/cam2_20260507_110448_r0_c1.jpg,7241,29.1,,41,45.3,0,0,0,0,0,0.0,0.0,253.0,0.0,10.2,10.2,0.0,0.0,,2026-05-07 17:04:50
germ-germinadorap-de5832|LOT-20260506-651F-009|r0_c1|rep0,LOT-20260506-651F-009:B1:R0,germ-germinadorap-de5832,LOT-20260506-651F-009,B1,0,1,0,Betabel,,c4,vigorosa,2026-05-10 16:39:40,4684,manual,2026-05-07 17:21:42,2026-05-06 21:07:49,20.23,1,cg_1778174499965_2,3810,cam2_20260507_112141.jpg,crops/cam2_20260507_112141_r0_c1.jpg,3812,cam2_20260507_112144.jpg,crops/cam2_20260507_112144_r0_c1.jpg,7253,29.2,,43,43,0,0,0,0,0,0.0,0.0,270.0,0.0,10.5,10.5,0.0,0.0,,2026-05-07 17:21:46
germ-germinadorap-de5832|LOT-20260506-651F-009|r0_c1|rep0,LOT-20260506-651F-009:B1:R0,germ-germinadorap-de5832,LOT-20260506-651F-009,B1,0,1,0,Betabel,,c4,vigorosa,2026-05-10 16:39:40,4684,manual,2026-05-07 17:37:04,2026-05-06 21:07:49,20.49,1,cg_1778175422029_2,3814,cam2_20260507_113703.jpg,crops/cam2_20260507_113703_r0_c1.jpg,3816,cam2_20260507_113706.jpg,crops/cam2_20260507_113706_r0_c1.jpg,7265,28.9,,42,46.8,0,0,0,0,0,0.0,0.0,285.0,0.0,10.8,10.8,0.0,0.0,,2026-05-07 17:37:07
germ-germinadorap-de5832|LOT-20260506-651F-009|r0_c1|rep0,LOT-20260506-651F-009:B1:R0,germ-germinadorap-de5832,LOT-20260506-651F-009,B1,0,1,0,Betabel,,c4,vigorosa,2026-05-10 16:39:40,4684,manual,2026-05-07 17:52:03,2026-05-06 21:07:49,20.74,1,cg_1778176322034_2,3818,cam2_20260507_115203.jpg,crops/cam2_20260507_115203_r0_c1.jpg,3820,cam2_20260507_115206.jpg,crops/cam2_20260507_115206_r0_c1.jpg,7277,29.2,,43,47.4,0,0,0,0,0,0.0,0.0,300.0,0.0,11.0,11.0,0.0,0.0,,2026-05-07 17:52:06
germ-germinadorap-de5832|LOT-20260506-651F-009|r0_c1|rep0,LOT-20260506-651F-009:B1:R0,germ-germinadorap-de5832,LOT-20260506-651F-009,B1,0,1,0,Betabel,,c4,vigorosa,2026-05-10 16:39:40,4684,manual,2026-05-07 18:07:23,2026-05-06 21:07:49,20.99,1,cg_1778177241352_2,3822,cam2_20260507_120722.jpg,crops/cam2_20260507_120722_r0_c1.jpg,3824,cam2_20260507_120725.jpg,crops/cam2_20260507_120725_r0_c1.jpg,7289,29.3,,43,42.3,0,0,0,0,0,0.0,0.0,315.0,0.0,11.3,11.3,0.0,0.0,,2026-05-07 18:07:27
germ-germinadorap-de5832|LOT-20260506-651F-009|r0_c1|rep0,LOT-20260506-651F-009:B1:R0,germ-germinadorap-de5832,LOT-20260506-651F-009,B1,0,1,0,Betabel,,c4,vigorosa,2026-05-10 16:39:40,4684,manual,2026-05-07 18:22:23,2026-05-06 21:07:49,21.24,1,cg_1778178141350_2,3826,cam2_20260507_122222.jpg,crops/cam2_20260507_122222_r0_c1.jpg,3828,cam2_20260507_122226.jpg,crops/cam2_20260507_122226_r0_c1.jpg,7301,29.5,,41,41.6,0,0,0,0,0,0.0,0.0,330.0,0.0,11.5,11.5,0.0,0.0,,2026-05-07 18:22:27
germ-germinadorap-de5832|LOT-20260506-651F-009|r0_c1|rep0,LOT-20260506-651F-009:B1:R0,germ-germinadorap-de5832,LOT-20260506-651F-009,B1,0,1,0,Betabel,,c4,vigorosa,2026-05-10 16:39:40,4684,manual,2026-05-07 18:37:39,2026-05-06 21:07:49,21.50,1,cg_1778179057875_2,3830,cam2_20260507_123739.jpg,crops/cam2_20260507_123739_r0_c1.jpg,3832,cam2_20260507_123741.jpg,crops/cam2_20260507_123741_r0_c1.jpg,7313,28.7,,37,100,0,0,0,0,0,0.0,0.0,346.0,0.0,11.8,11.8,0.0,0.0,,2026-05-07 18:37:42
germ-germinadorap-de5832|LOT-20260506-651F-009|r0_c1|rep0,LOT-20260506-651F-009:B1:R0,germ-germinadorap-de5832,LOT-20260506-651F-009,B1,0,1,0,Betabel,,c4,vigorosa,2026-05-10 16:39:40,4684,manual,2026-05-07 18:52:39,2026-05-06 21:07:49,21.75,1,cg_1778179957831_2,3834,cam2_20260507_125239.jpg,crops/cam2_20260507_125239_r0_c1.jpg,3836,cam2_20260507_125241.jpg,crops/cam2_20260507_125241_r0_c1.jpg,7325,28.2,,37,100,0,0,0,0,0,0.0,0.0,360.0,0.0,12.0,12.0,0.0,0.0,,2026-05-07 18:52:42
germ-germinadorap-de5832|LOT-20260506-651F-009|r0_c1|rep0,LOT-20260506-651F-009:B1:R0,germ-germinadorap-de5832,LOT-20260506-651F-009,B1,0,1,0,Betabel,,c4,vigorosa,2026-05-10 16:39:40,4684,manual,2026-05-07 19:07:39,2026-05-06 21:07:49,22.00,1,cg_1778180857834_2,3838,cam2_20260507_130739.jpg,crops/cam2_20260507_130739_r0_c1.jpg,3840,cam2_20260507_130741.jpg,crops/cam2_20260507_130741_r0_c1.jpg,7337,28,,36,100,0,0,0,0,0,0.0,0.0,375.0,0.0,12.3,12.3,0.0,0.0,,2026-05-07 19:07:42
germ-germinadorap-de5832|LOT-20260506-651F-009|r0_c1|rep0,LOT-20260506-651F-009:B1:R0,germ-germinadorap-de5832,LOT-20260506-651F-009,B1,0,1,0,Betabel,,c4,vigorosa,2026-05-10 16:39:40,4684,manual,2026-05-07 19:22:39,2026-05-06 21:07:49,22.25,1,cg_1778181757834_2,3842,cam2_20260507_132239.jpg,crops/cam2_20260507_132239_r0_c1.jpg,3844,cam2_20260507_132241.jpg,crops/cam2_20260507_132241_r0_c1.jpg,7349,27.8,,36,100,0,0,0,0,0,0.0,0.0,390.0,0.0,12.5,12.5,0.0,0.0,,2026-05-07 19:22:42
germ-germinadorap-de5832|LOT-20260506-651F-009|r0_c1|rep0,LOT-20260506-651F-009:B1:R0,germ-germinadorap-de5832,LOT-20260506-651F-009,B1,0,1,0,Betabel,,c4,vigorosa,2026-05-10 16:39:40,4684,manual,2026-05-07 19:37:39,2026-05-06 21:07:49,22.50,1,cg_1778182657840_2,3846,cam2_20260507_133739.jpg,crops/cam2_20260507_133739_r0_c1.jpg,3848,cam2_20260507_133741.jpg,crops/cam2_20260507_133741_r0_c1.jpg,7361,27.7,,35,100,0,0,0,0,0,0.0,0.0,405.0,0.0,12.8,12.8,0.0,0.0,,2026-05-07 19:37:42
germ-germinadorap-de5832|LOT-20260506-651F-009|r0_c1|rep0,LOT-20260506-651F-009:B1:R0,germ-germinadorap-de5832,LOT-20260506-651F-009,B1,0,1,0,Betabel,,c4,vigorosa,2026-05-10 16:39:40,4684,manual,2026-05-07 19:52:39,2026-05-06 21:07:49,22.75,1,cg_1778183557841_2,3850,cam2_20260507_135239.jpg,crops/cam2_20260507_135239_r0_c1.jpg,3852,cam2_20260507_135241.jpg,crops/cam2_20260507_135241_r0_c1.jpg,7373,27.7,,35,100,0,0,0,0,0,0.0,0.0,420.0,0.0,13.0,13.0,0.0,0.0,,2026-05-07 19:52:42
germ-germinadorap-de5832|LOT-20260506-651F-009|r0_c1|rep0,LOT-20260506-651F-009:B1:R0,germ-germinadorap-de5832,LOT-20260506-651F-009,B1,0,1,0,Betabel,,c4,vigorosa,2026-05-10 16:39:40,4684,manual,2026-05-07 20:07:39,2026-05-06 21:07:49,23.00,1,cg_1778184457843_2,3854,cam2_20260507_140739.jpg,crops/cam2_20260507_140739_r0_c1.jpg,3856,cam2_20260507_140741.jpg,crops/cam2_20260507_140741_r0_c1.jpg,7385,27.7,,36,100,0,0,0,0,0,0.0,0.0,435.0,0.0,13.1,13.1,0.0,0.0,,2026-05-07 20:07:42
germ-germinadorap-de5832|LOT-20260506-651F-009|r0_c1|rep0,LOT-20260506-651F-009:B1:R0,germ-germinadorap-de5832,LOT-20260506-651F-009,B1,0,1,0,Betabel,,c4,vigorosa,2026-05-10 16:39:40,4684,manual,2026-05-07 20:22:39,2026-05-06 21:07:49,23.25,1,cg_1778185357843_2,3858,cam2_20260507_142239.jpg,crops/cam2_20260507_142239_r0_c1.jpg,3860,cam2_20260507_142241.jpg,crops/cam2_20260507_142241_r0_c1.jpg,7397,27.7,,35,100,0,0,0,0,0,0.0,0.0,450.0,0.0,13.1,13.1,0.0,0.0,,2026-05-07 20:22:42
germ-germinadorap-de5832|LOT-20260506-651F-009|r0_c1|rep0,LOT-20260506-651F-009:B1:R0,germ-germinadorap-de5832,LOT-20260506-651F-009,B1,0,1,0,Betabel,,c4,vigorosa,2026-05-10 16:39:40,4684,manual,2026-05-07 20:37:39,2026-05-06 21:07:49,23.50,1,cg_1778186257843_2,3862,cam2_20260507_143739.jpg,crops/cam2_20260507_143739_r0_c1.jpg,3864,cam2_20260507_143741.jpg,crops/cam2_20260507_143741_r0_c1.jpg,7409,27.6,,34,93.5,0,0,0,0,0,0.0,0.0,465.0,0.0,13.1,13.1,0.0,0.0,,2026-05-07 20:37:42
germ-germinadorap-de5832|LOT-20260506-651F-009|r0_c1|rep0,LOT-20260506-651F-009:B1:R0,germ-germinadorap-de5832,LOT-20260506-651F-009,B1,0,1,0,Betabel,,c4,vigorosa,2026-05-10 16:39:40,4684,manual,2026-05-07 20:52:39,2026-05-06 21:07:49,23.75,1,cg_1778187157846_2,3866,cam2_20260507_145239.jpg,crops/cam2_20260507_145239_r0_c1.jpg,3868,cam2_20260507_145241.jpg,crops/cam2_20260507_145241_r0_c1.jpg,7421,27.3,,35,92.6,0,0,0,0,0,0.0,0.0,480.0,0.0,13.1,13.1,0.0,0.0,,2026-05-07 20:52:42
germ-germinadorap-de5832|LOT-20260506-651F-009|r0_c1|rep0,LOT-20260506-651F-009:B1:R0,germ-germinadorap-de5832,LOT-20260506-651F-009,B1,0,1,0,Betabel,,c4,vigorosa,2026-05-10 16:39:40,4684,manual,2026-05-07 21:07:39,2026-05-06 21:07:49,24.00,1,cg_1778188057855_2,3870,cam2_20260507_150739.jpg,crops/cam2_20260507_150739_r0_c1.jpg,3872,cam2_20260507_150741.jpg,crops/cam2_20260507_150741_r0_c1.jpg,7433,27.2,,35,91.7,0,0,0,0,0,0.0,0.0,495.0,0.0,13.1,13.1,0.0,0.0,,2026-05-07 21:07:42
germ-germinadorap-de5832|LOT-20260506-651F-009|r0_c1|rep0,LOT-20260506-651F-009:B1:R0,germ-germinadorap-de5832,LOT-20260506-651F-009,B1,0,1,0,Betabel,,c4,vigorosa,2026-05-10 16:39:40,4684,manual,2026-05-07 21:22:39,2026-05-06 21:07:49,24.25,2,cg_1778188957863_2,3874,cam2_20260507_152239.jpg,crops/cam2_20260507_152239_r0_c1.jpg,3876,cam2_20260507_152241.jpg,crops/cam2_20260507_152241_r0_c1.jpg,7445,27.2,,34,84.3,0,0,0,0,0,0.0,0.0,510.0,0.0,13.1,6.6,0.0,0.0,,2026-05-07 21:22:42
germ-germinadorap-de5832|LOT-20260506-651F-009|r0_c1|rep0,LOT-20260506-651F-009:B1:R0,germ-germinadorap-de5832,LOT-20260506-651F-009,B1,0,1,0,Betabel,,c4,vigorosa,2026-05-10 16:39:40,4684,manual,2026-05-07 21:37:39,2026-05-06 21:07:49,24.50,2,cg_1778189857875_2,3878,cam2_20260507_153739.jpg,crops/cam2_20260507_153739_r0_c1.jpg,3880,cam2_20260507_153741.jpg,crops/cam2_20260507_153741_r0_c1.jpg,7457,27.3,,35,82.4,0,0,0,0,0,0.0,0.0,525.0,0.0,13.1,6.6,0.0,0.0,,2026-05-07 21:37:42
germ-germinadorap-de5832|LOT-20260506-651F-009|r0_c1|rep0,LOT-20260506-651F-009:B1:R0,germ-germinadorap-de5832,LOT-20260506-651F-009,B1,0,1,0,Betabel,,c4,vigorosa,2026-05-10 16:39:40,4684,manual,2026-05-07 21:52:39,2026-05-06 21:07:49,24.75,2,cg_1778190757882_2,3882,cam2_20260507_155239.jpg,crops/cam2_20260507_155239_r0_c1.jpg,3884,cam2_20260507_155241.jpg,crops/cam2_20260507_155241_r0_c1.jpg,7469,27.2,,34,79.6,0,0,0,0,0,0.0,0.0,540.0,0.0,13.1,6.6,0.0,0.0,,2026-05-07 21:52:42
germ-germinadorap-de5832|LOT-20260506-651F-009|r0_c1|rep0,LOT-20260506-651F-009:B1:R0,germ-germinadorap-de5832,LOT-20260506-651F-009,B1,0,1,0,Betabel,,c4,vigorosa,2026-05-10 16:39:40,4684,manual,2026-05-07 22:07:39,2026-05-06 21:07:49,25.00,2,cg_1778191657885_2,3886,cam2_20260507_160739.jpg,crops/cam2_20260507_160739_r0_c1.jpg,3888,cam2_20260507_160741.jpg,crops/cam2_20260507_160741_r0_c1.jpg,7481,27.2,,34,78.7,0,0,0,0,0,0.0,0.0,555.0,0.0,13.1,6.6,0.0,0.0,,2026-05-07 22:07:42
germ-germinadorap-de5832|LOT-20260506-651F-009|r0_c1|rep0,LOT-20260506-651F-009:B1:R0,germ-germinadorap-de5832,LOT-20260506-651F-009,B1,0,1,0,Betabel,,c4,vigorosa,2026-05-10 16:39:40,4684,manual,2026-05-07 22:22:40,2026-05-06 21:07:49,25.25,2,cg_1778192557910_2,3890,cam2_20260507_162239.jpg,crops/cam2_20260507_162239_r0_c1.jpg,3892,cam2_20260507_162242.jpg,crops/cam2_20260507_162242_r0_c1.jpg,7493,26.4,,34,57.1,0,0,0,0,0,0.0,0.0,569.0,0.0,13.1,6.6,0.0,0.0,,2026-05-07 22:22:43
germ-germinadorap-de5832|LOT-20260506-651F-009|r0_c1|rep0,LOT-20260506-651F-009:B1:R0,germ-germinadorap-de5832,LOT-20260506-651F-009,B1,0,1,0,Betabel,,c4,vigorosa,2026-05-10 16:39:40,4684,manual,2026-05-07 22:37:41,2026-05-06 21:07:49,25.50,2,cg_1778193457892_2,3894,cam2_20260507_163741.jpg,crops/cam2_20260507_163741_r0_c1.jpg,3896,cam2_20260507_163744.jpg,crops/cam2_20260507_163744_r0_c1.jpg,7505,27.3,,36,100,0,0,0,0,0,0.0,0.0,584.0,0.0,13.1,6.6,0.0,0.0,,2026-05-07 22:37:45
germ-germinadorap-de5832|LOT-20260506-651F-009|r0_c1|rep0,LOT-20260506-651F-009:B1:R0,germ-germinadorap-de5832,LOT-20260506-651F-009,B1,0,1,0,Betabel,,c4,vigorosa,2026-05-10 16:39:40,4684,manual,2026-05-07 22:52:40,2026-05-06 21:07:49,25.75,2,cg_1778194357894_2,3898,cam2_20260507_165239.jpg,crops/cam2_20260507_165239_r0_c1.jpg,3900,cam2_20260507_165242.jpg,crops/cam2_20260507_165242_r0_c1.jpg,7517,27.5,,37,49.1,0,0,0,0,0,0.0,0.0,599.0,0.0,13.2,6.6,0.0,0.0,,2026-05-07 22:52:43
germ-germinadorap-de5832|LOT-20260506-651F-009|r0_c1|rep0,LOT-20260506-651F-009:B1:R0,germ-germinadorap-de5832,LOT-20260506-651F-009,B1,0,1,0,Betabel,,c4,vigorosa,2026-05-10 16:39:40,4684,manual,2026-05-07 23:07:40,2026-05-06 21:07:49,26.00,2,cg_1778195257898_2,3902,cam2_20260507_170739.jpg,crops/cam2_20260507_170739_r0_c1.jpg,3904,cam2_20260507_170744.jpg,crops/cam2_20260507_170744_r0_c1.jpg,7529,27.5,,37,100,0,0,0,0,0,0.0,0.0,614.0,0.0,13.2,6.6,0.0,0.0,,2026-05-07 23:07:45
germ-germinadorap-de5832|LOT-20260506-651F-009|r0_c1|rep0,LOT-20260506-651F-009:B1:R0,germ-germinadorap-de5832,LOT-20260506-651F-009,B1,0,1,0,Betabel,,c4,vigorosa,2026-05-10 16:39:40,4684,manual,2026-05-07 23:22:40,2026-05-06 21:07:49,26.25,2,cg_1778196157893_2,3906,cam2_20260507_172239.jpg,crops/cam2_20260507_172239_r0_c1.jpg,3908,cam2_20260507_172242.jpg,crops/cam2_20260507_172242_r0_c1.jpg,7541,27.2,,36,48.7,0,0,0,0,0,0.0,0.0,629.0,0.0,13.2,6.6,0.0,0.0,,2026-05-07 23:22:43
germ-germinadorap-de5832|LOT-20260506-651F-009|r0_c1|rep0,LOT-20260506-651F-009:B1:R0,germ-germinadorap-de5832,LOT-20260506-651F-009,B1,0,1,0,Betabel,,c4,vigorosa,2026-05-10 16:39:40,4684,manual,2026-05-07 23:37:40,2026-05-06 21:07:49,26.50,2,cg_1778197057895_2,3910,cam2_20260507_173739.jpg,crops/cam2_20260507_173739_r0_c1.jpg,3912,cam2_20260507_173742.jpg,crops/cam2_20260507_173742_r0_c1.jpg,7553,26.9,,36,58.9,0,0,0,0,0,0.0,0.0,644.0,0.0,13.2,6.6,0.0,0.0,,2026-05-07 23:37:43
germ-germinadorap-de5832|LOT-20260506-651F-009|r0_c1|rep0,LOT-20260506-651F-009:B1:R0,germ-germinadorap-de5832,LOT-20260506-651F-009,B1,0,1,0,Betabel,,c4,vigorosa,2026-05-10 16:39:40,4684,manual,2026-05-07 23:52:40,2026-05-06 21:07:49,26.75,2,cg_1778197957902_2,3914,cam2_20260507_175239.jpg,crops/cam2_20260507_175239_r0_c1.jpg,3916,cam2_20260507_175242.jpg,crops/cam2_20260507_175242_r0_c1.jpg,7565,27,,37,49.9,0,0,0,0,0,0.0,0.0,659.0,0.0,13.2,6.6,0.0,0.0,,2026-05-07 23:52:44
germ-germinadorap-de5832|LOT-20260506-651F-009|r0_c1|rep0,LOT-20260506-651F-009:B1:R0,germ-germinadorap-de5832,LOT-20260506-651F-009,B1,0,1,0,Betabel,,c4,vigorosa,2026-05-10 16:39:40,4684,manual,2026-05-08 01:13:31,2026-05-06 21:07:49,28.09,2,cg_1778202809057_2,3918,cam2_20260507_191330.jpg,crops/cam2_20260507_191330_r0_c1.jpg,3920,cam2_20260507_191333.jpg,crops/cam2_20260507_191333_r0_c1.jpg,7577,25.8,,38,58.9,0,0,0,0,0,0.0,0.0,740.0,0.0,13.2,6.6,0.0,0.0,,2026-05-08 01:13:34
germ-germinadorap-de5832|LOT-20260506-651F-009|r0_c1|rep0,LOT-20260506-651F-009:B1:R0,germ-germinadorap-de5832,LOT-20260506-651F-009,B1,0,1,0,Betabel,,c4,vigorosa,2026-05-10 16:39:40,4684,manual,2026-05-08 01:28:30,2026-05-06 21:07:49,28.34,2,cg_1778203709053_2,3922,cam2_20260507_192830.jpg,crops/cam2_20260507_192830_r0_c1.jpg,3924,cam2_20260507_192833.jpg,crops/cam2_20260507_192833_r0_c1.jpg,7589,27,,42,91.7,0,0,0,0,0,0.0,0.0,755.0,0.0,13.2,6.6,0.0,0.0,,2026-05-08 01:28:33
germ-germinadorap-de5832|LOT-20260506-651F-009|r0_c1|rep0,LOT-20260506-651F-009:B1:R0,germ-germinadorap-de5832,LOT-20260506-651F-009,B1,0,1,0,Betabel,,c4,vigorosa,2026-05-10 16:39:40,4684,manual,2026-05-08 01:43:30,2026-05-06 21:07:49,28.59,2,cg_1778204609061_2,3926,cam2_20260507_194330.jpg,crops/cam2_20260507_194330_r0_c1.jpg,3928,cam2_20260507_194333.jpg,crops/cam2_20260507_194333_r0_c1.jpg,7601,27.6,,41,97.2,0,0,0,0,0,0.0,0.0,769.0,0.0,13.2,6.6,0.0,0.0,,2026-05-08 01:43:34
germ-germinadorap-de5832|LOT-20260506-651F-009|r0_c1|rep0,LOT-20260506-651F-009:B1:R0,germ-germinadorap-de5832,LOT-20260506-651F-009,B1,0,1,0,Betabel,,c4,vigorosa,2026-05-10 16:39:40,4684,manual,2026-05-08 01:58:30,2026-05-06 21:07:49,28.84,2,cg_1778205509068_2,3930,cam2_20260507_195830.jpg,crops/cam2_20260507_195830_r0_c1.jpg,3932,cam2_20260507_195833.jpg,crops/cam2_20260507_195833_r0_c1.jpg,7613,28,,41,94.4,0,0,0,0,0,0.0,0.0,784.0,0.0,13.2,6.6,0.0,0.0,,2026-05-08 01:58:34
germ-germinadorap-de5832|LOT-20260506-651F-009|r0_c1|rep0,LOT-20260506-651F-009:B1:R0,germ-germinadorap-de5832,LOT-20260506-651F-009,B1,0,1,0,Betabel,,c4,vigorosa,2026-05-10 16:39:40,4684,manual,2026-05-08 02:13:31,2026-05-06 21:07:49,29.09,2,cg_1778206409073_2,3934,cam2_20260507_201330.jpg,crops/cam2_20260507_201330_r0_c1.jpg,3936,cam2_20260507_201333.jpg,crops/cam2_20260507_201333_r0_c1.jpg,7625,27.8,,39,91.7,0,0,0,0,0,0.0,0.0,786.0,0.0,13.2,6.6,0.0,0.0,,2026-05-08 02:13:34
germ-germinadorap-de5832|LOT-20260506-651F-009|r0_c1|rep0,LOT-20260506-651F-009:B1:R0,germ-germinadorap-de5832,LOT-20260506-651F-009,B1,0,1,0,Betabel,,c4,vigorosa,2026-05-10 16:39:40,4684,manual,2026-05-08 02:28:31,2026-05-06 21:07:49,29.34,2,cg_1778207309077_2,3938,cam2_20260507_202830.jpg,crops/cam2_20260507_202830_r0_c1.jpg,3940,cam2_20260507_202833.jpg,crops/cam2_20260507_202833_r0_c1.jpg,7637,27.7,,40,91.7,0,0,0,0,0,0.0,0.0,786.0,0.0,13.2,6.6,0.0,0.0,,2026-05-08 02:28:34
germ-germinadorap-de5832|LOT-20260506-651F-009|r0_c1|rep0,LOT-20260506-651F-009:B1:R0,germ-germinadorap-de5832,LOT-20260506-651F-009,B1,0,1,0,Betabel,,c4,vigorosa,2026-05-10 16:39:40,4684,manual,2026-05-08 02:43:31,2026-05-06 21:07:49,29.59,2,cg_1778208209082_2,3942,cam2_20260507_204330.jpg,crops/cam2_20260507_204330_r0_c1.jpg,3944,cam2_20260507_204333.jpg,crops/cam2_20260507_204333_r0_c1.jpg,7649,27.8,,43,90.7,0,0,0,0,0,0.0,0.0,786.0,0.0,13.2,6.6,0.0,0.0,,2026-05-08 02:43:34
germ-germinadorap-de5832|LOT-20260506-651F-009|r0_c1|rep0,LOT-20260506-651F-009:B1:R0,germ-germinadorap-de5832,LOT-20260506-651F-009,B1,0,1,0,Betabel,,c4,vigorosa,2026-05-10 16:39:40,4684,manual,2026-05-08 02:58:31,2026-05-06 21:07:49,29.84,2,cg_1778209109087_2,3946,cam2_20260507_205830.jpg,crops/cam2_20260507_205830_r0_c1.jpg,3948,cam2_20260507_205833.jpg,crops/cam2_20260507_205833_r0_c1.jpg,7661,27.6,,45,85.2,0,0,0,0,0,0.0,0.0,786.0,0.0,13.2,6.6,0.0,0.0,,2026-05-08 02:58:33
germ-germinadorap-de5832|LOT-20260506-651F-009|r0_c1|rep0,LOT-20260506-651F-009:B1:R0,germ-germinadorap-de5832,LOT-20260506-651F-009,B1,0,1,0,Betabel,,c4,vigorosa,2026-05-10 16:39:40,4684,manual,2026-05-08 03:13:31,2026-05-06 21:07:49,30.09,2,cg_1778210009093_2,3950,cam2_20260507_211330.jpg,crops/cam2_20260507_211330_r0_c1.jpg,3952,cam2_20260507_211333.jpg,crops/cam2_20260507_211333_r0_c1.jpg,7673,27.6,,51,90.7,0,0,0,0,0,0.0,0.0,786.0,0.0,13.2,6.6,0.0,0.0,,2026-05-08 03:13:34
germ-germinadorap-de5832|LOT-20260506-651F-009|r0_c1|rep0,LOT-20260506-651F-009:B1:R0,germ-germinadorap-de5832,LOT-20260506-651F-009,B1,0,1,0,Betabel,,c4,vigorosa,2026-05-10 16:39:40,4684,manual,2026-05-08 03:28:31,2026-05-06 21:07:49,30.34,2,cg_1778210909096_2,3954,cam2_20260507_212830.jpg,crops/cam2_20260507_212830_r0_c1.jpg,3956,cam2_20260507_212833.jpg,crops/cam2_20260507_212833_r0_c1.jpg,7685,27.5,,42,79.6,0,0,0,0,0,0.0,0.0,786.0,0.0,13.2,6.6,0.0,0.0,,2026-05-08 03:28:34
germ-germinadorap-de5832|LOT-20260506-651F-009|r0_c1|rep0,LOT-20260506-651F-009:B1:R0,germ-germinadorap-de5832,LOT-20260506-651F-009,B1,0,1,0,Betabel,,c4,vigorosa,2026-05-10 16:39:40,4684,manual,2026-05-08 04:48:45,2026-05-06 21:07:49,31.68,2,cg_1778215723183_2,3959,cam2_20260507_224844.jpg,crops/cam2_20260507_224844_r0_c1.jpg,3961,cam2_20260507_224849.jpg,crops/cam2_20260507_224849_r0_c1.jpg,7704,26.7,,50,68.8,0,0,0,0,0,0.0,0.0,787.0,0.0,13.2,6.6,0.0,0.0,,2026-05-08 04:48:50
germ-germinadorap-de5832|LOT-20260506-651F-009|r0_c1|rep0,LOT-20260506-651F-009:B1:R0,germ-germinadorap-de5832,LOT-20260506-651F-009,B1,0,1,0,Betabel,,c4,vigorosa,2026-05-10 16:39:40,4684,manual,2026-05-08 05:03:45,2026-05-06 21:07:49,31.93,2,cg_1778216623182_2,3963,cam2_20260507_230345.jpg,crops/cam2_20260507_230345_r0_c1.jpg,3965,cam2_20260507_230349.jpg,crops/cam2_20260507_230349_r0_c1.jpg,7716,27,,56,74.1,0,0,0,0,0,0.0,0.0,787.0,0.0,13.2,6.6,0.0,0.0,,2026-05-08 05:03:50
germ-germinadorap-de5832|LOT-20260506-651F-009|r0_c1|rep0,LOT-20260506-651F-009:B1:R0,germ-germinadorap-de5832,LOT-20260506-651F-009,B1,0,1,0,Betabel,,c4,vigorosa,2026-05-10 16:39:40,4684,manual,2026-05-08 05:18:45,2026-05-06 21:07:49,32.18,2,cg_1778217523187_2,3966,cam2_20260507_231844.jpg,crops/cam2_20260507_231844_r0_c1.jpg,3968,cam2_20260507_231847.jpg,crops/cam2_20260507_231847_r0_c1.jpg,7721,27.2,,55,69.6,0,0,0,0,0,0.0,0.0,787.0,0.0,13.2,6.6,0.0,0.0,,2026-05-08 05:18:48
germ-germinadorap-de5832|LOT-20260506-651F-009|r0_c1|rep0,LOT-20260506-651F-009:B1:R0,germ-germinadorap-de5832,LOT-20260506-651F-009,B1,0,1,0,Betabel,,c4,vigorosa,2026-05-10 16:39:40,4684,manual,2026-05-08 05:33:45,2026-05-06 21:07:49,32.43,2,cg_1778218423193_2,3971,cam2_20260507_233345.jpg,crops/cam2_20260507_233345_r0_c1.jpg,3973,cam2_20260507_233349.jpg,crops/cam2_20260507_233349_r0_c1.jpg,7740,27.3,,56,49,0,0,0,0,0,0.0,0.0,788.0,0.0,13.2,6.6,0.0,0.0,,2026-05-08 05:33:50
germ-germinadorap-de5832|LOT-20260506-651F-009|r0_c1|rep0,LOT-20260506-651F-009:B1:R0,germ-germinadorap-de5832,LOT-20260506-651F-009,B1,0,1,0,Betabel,,c4,vigorosa,2026-05-10 16:39:40,4684,manual,2026-05-08 05:48:45,2026-05-06 21:07:49,32.68,2,cg_1778219323201_2,3974,cam2_20260507_234844.jpg,crops/cam2_20260507_234844_r0_c1.jpg,3976,cam2_20260507_234847.jpg,crops/cam2_20260507_234847_r0_c1.jpg,7745,27.4,,56,70.5,0,0,0,0,0,0.0,0.0,788.0,0.0,13.2,6.6,0.0,0.0,,2026-05-08 05:48:48
germ-germinadorap-de5832|LOT-20260506-651F-009|r0_c1|rep0,LOT-20260506-651F-009:B1:R0,germ-germinadorap-de5832,LOT-20260506-651F-009,B1,0,1,0,Betabel,,c4,vigorosa,2026-05-10 16:39:40,4684,manual,2026-05-08 06:03:45,2026-05-06 21:07:49,32.93,2,cg_1778220223206_2,3978,cam2_20260508_000344.jpg,crops/cam2_20260508_000344_r0_c1.jpg,3980,cam2_20260508_000347.jpg,crops/cam2_20260508_000347_r0_c1.jpg,7757,27.5,,55,48.9,0,0,0,0,0,0.0,0.0,788.0,0.0,13.2,6.6,0.0,0.0,,2026-05-08 06:03:48
germ-germinadorap-de5832|LOT-20260506-651F-009|r0_c1|rep0,LOT-20260506-651F-009:B1:R0,germ-germinadorap-de5832,LOT-20260506-651F-009,B1,0,1,0,Betabel,,c4,vigorosa,2026-05-10 16:39:40,4684,manual,2026-05-08 06:18:45,2026-05-06 21:07:49,33.18,2,cg_1778221123210_2,3983,cam2_20260508_001845.jpg,crops/cam2_20260508_001845_r0_c1.jpg,3985,cam2_20260508_001849.jpg,crops/cam2_20260508_001849_r0_c1.jpg,7776,27.6,,56,48.4,0,0,0,0,0,0.0,0.0,788.0,0.0,13.2,6.6,0.0,0.0,,2026-05-08 06:18:50
germ-germinadorap-de5832|LOT-20260506-651F-009|r0_c1|rep0,LOT-20260506-651F-009:B1:R0,germ-germinadorap-de5832,LOT-20260506-651F-009,B1,0,1,0,Betabel,,c4,vigorosa,2026-05-10 16:39:40,4684,manual,2026-05-08 06:33:45,2026-05-06 21:07:49,33.43,2,cg_1778222023217_2,3986,cam2_20260508_003344.jpg,crops/cam2_20260508_003344_r0_c1.jpg,3988,cam2_20260508_003348.jpg,crops/cam2_20260508_003348_r0_c1.jpg,7781,27.6,,56,59.8,0,0,0,0,0,0.0,0.0,788.0,0.0,13.2,6.6,0.0,0.0,,2026-05-08 06:33:49
germ-germinadorap-de5832|LOT-20260506-651F-009|r0_c1|rep0,LOT-20260506-651F-009:B1:R0,germ-germinadorap-de5832,LOT-20260506-651F-009,B1,0,1,0,Betabel,,c4,vigorosa,2026-05-10 16:39:40,4684,manual,2026-05-08 06:48:45,2026-05-06 21:07:49,33.68,2,cg_1778222923220_2,3991,cam2_20260508_004845.jpg,crops/cam2_20260508_004845_r0_c1.jpg,3993,cam2_20260508_004849.jpg,crops/cam2_20260508_004849_r0_c1.jpg,7800,27.5,,57,49.4,0,0,0,0,0,0.0,0.0,788.0,0.0,13.2,6.6,0.0,0.0,,2026-05-08 06:48:50
germ-germinadorap-de5832|LOT-20260506-651F-009|r0_c1|rep0,LOT-20260506-651F-009:B1:R0,germ-germinadorap-de5832,LOT-20260506-651F-009,B1,0,1,0,Betabel,,c4,vigorosa,2026-05-10 16:39:40,4684,manual,2026-05-08 07:03:45,2026-05-06 21:07:49,33.93,2,cg_1778223823221_2,3994,cam2_20260508_010344.jpg,crops/cam2_20260508_010344_r0_c1.jpg,3996,cam2_20260508_010347.jpg,crops/cam2_20260508_010347_r0_c1.jpg,7805,27.6,,52,48.6,0,0,0,0,0,0.0,0.0,788.0,0.0,13.2,6.6,0.0,0.0,,2026-05-08 07:03:48
germ-germinadorap-de5832|LOT-20260506-651F-009|r0_c1|rep0,LOT-20260506-651F-009:B1:R0,germ-germinadorap-de5832,LOT-20260506-651F-009,B1,0,1,0,Betabel,,c4,vigorosa,2026-05-10 16:39:40,4684,manual,2026-05-08 07:18:45,2026-05-06 21:07:49,34.18,2,cg_1778224723222_2,3999,cam2_20260508_011845.jpg,crops/cam2_20260508_011845_r0_c1.jpg,4001,cam2_20260508_011849.jpg,crops/cam2_20260508_011849_r0_c1.jpg,7824,27.5,,54,56.3,0,0,0,0,0,0.0,0.0,788.0,0.0,13.2,6.6,0.0,0.0,,2026-05-08 07:18:50
germ-germinadorap-de5832|LOT-20260506-651F-009|r0_c1|rep0,LOT-20260506-651F-009:B1:R0,germ-germinadorap-de5832,LOT-20260506-651F-009,B1,0,1,0,Betabel,,c4,vigorosa,2026-05-10 16:39:40,4684,manual,2026-05-08 07:33:46,2026-05-06 21:07:49,34.43,2,cg_1778225623227_2,4003,cam2_20260508_013345.jpg,crops/cam2_20260508_013345_r0_c1.jpg,4005,cam2_20260508_013349.jpg,crops/cam2_20260508_013349_r0_c1.jpg,7836,27.6,,55,56.3,0,0,0,0,0,0.0,0.0,788.0,0.0,13.2,6.6,0.0,0.0,,2026-05-08 07:33:50
germ-germinadorap-de5832|LOT-20260506-651F-009|r0_c1|rep0,LOT-20260506-651F-009:B1:R0,germ-germinadorap-de5832,LOT-20260506-651F-009,B1,0,1,0,Betabel,,c4,vigorosa,2026-05-10 16:39:40,4684,manual,2026-05-08 07:48:45,2026-05-06 21:07:49,34.68,2,cg_1778226523230_2,4007,cam2_20260508_014845.jpg,crops/cam2_20260508_014845_r0_c1.jpg,4009,cam2_20260508_014849.jpg,crops/cam2_20260508_014849_r0_c1.jpg,7848,27.5,,56,54.5,0,0,0,0,0,0.0,0.0,788.0,0.0,13.2,6.6,0.0,0.0,,2026-05-08 07:48:50
germ-germinadorap-de5832|LOT-20260506-651F-009|r0_c1|rep0,LOT-20260506-651F-009:B1:R0,germ-germinadorap-de5832,LOT-20260506-651F-009,B1,0,1,0,Betabel,,c4,vigorosa,2026-05-10 16:39:40,4684,manual,2026-05-08 08:03:45,2026-05-06 21:07:49,34.93,2,cg_1778227423232_2,4010,cam2_20260508_020344.jpg,crops/cam2_20260508_020344_r0_c1.jpg,4012,cam2_20260508_020347.jpg,crops/cam2_20260508_020347_r0_c1.jpg,7853,27.6,,55,48,0,0,0,0,0,0.0,0.0,788.0,0.0,13.2,6.6,0.0,0.0,,2026-05-08 08:03:48
germ-germinadorap-de5832|LOT-20260506-651F-009|r0_c1|rep0,LOT-20260506-651F-009:B1:R0,germ-germinadorap-de5832,LOT-20260506-651F-009,B1,0,1,0,Betabel,,c4,vigorosa,2026-05-10 16:39:40,4684,manual,2026-05-08 08:18:45,2026-05-06 21:07:49,35.18,2,cg_1778228323235_2,4015,cam2_20260508_021844.jpg,crops/cam2_20260508_021844_r0_c1.jpg,4017,cam2_20260508_021849.jpg,crops/cam2_20260508_021849_r0_c1.jpg,7872,27.5,,53,47.5,0,0,0,0,0,0.0,0.0,788.0,0.0,13.5,6.7,0.0,0.0,,2026-05-08 08:18:50
germ-germinadorap-de5832|LOT-20260506-651F-009|r0_c1|rep0,LOT-20260506-651F-009:B1:R0,germ-germinadorap-de5832,LOT-20260506-651F-009,B1,0,1,0,Betabel,,c4,vigorosa,2026-05-10 16:39:40,4684,manual,2026-05-08 08:33:45,2026-05-06 21:07:49,35.43,2,cg_1778229223241_2,4018,cam2_20260508_023344.jpg,crops/cam2_20260508_023344_r0_c1.jpg,4020,cam2_20260508_023347.jpg,crops/cam2_20260508_023347_r0_c1.jpg,7877,27.6,,55,47.8,0,0,0,0,0,0.0,0.0,788.0,0.0,13.7,6.9,0.0,0.0,,2026-05-08 08:33:48
germ-germinadorap-de5832|LOT-20260506-651F-009|r0_c1|rep0,LOT-20260506-651F-009:B1:R0,germ-germinadorap-de5832,LOT-20260506-651F-009,B1,0,1,0,Betabel,,c4,vigorosa,2026-05-10 16:39:40,4684,manual,2026-05-08 08:48:45,2026-05-06 21:07:49,35.68,2,cg_1778230123241_2,4023,cam2_20260508_024844.jpg,crops/cam2_20260508_024844_r0_c1.jpg,4025,cam2_20260508_024849.jpg,crops/cam2_20260508_024849_r0_c1.jpg,7896,27.6,,55,51.8,0,0,0,0,0,0.0,0.0,788.0,0.0,14.0,7.0,0.0,0.0,,2026-05-08 08:48:50
germ-germinadorap-de5832|LOT-20260506-651F-009|r0_c1|rep0,LOT-20260506-651F-009:B1:R0,germ-germinadorap-de5832,LOT-20260506-651F-009,B1,0,1,0,Betabel,,c4,vigorosa,2026-05-10 16:39:40,4684,manual,2026-05-08 09:03:45,2026-05-06 21:07:49,35.93,2,cg_1778231023248_2,4027,cam2_20260508_030344.jpg,crops/cam2_20260508_030344_r0_c1.jpg,4029,cam2_20260508_030349.jpg,crops/cam2_20260508_030349_r0_c1.jpg,7908,27.6,,54,49.5,0,0,0,0,0,0.0,0.0,788.0,0.0,14.2,7.1,0.0,0.0,,2026-05-08 09:03:50
germ-germinadorap-de5832|LOT-20260506-651F-009|r0_c1|rep0,LOT-20260506-651F-009:B1:R0,germ-germinadorap-de5832,LOT-20260506-651F-009,B1,0,1,0,Betabel,,c4,vigorosa,2026-05-10 16:39:40,4684,manual,2026-05-08 09:18:45,2026-05-06 21:07:49,36.18,2,cg_1778231923249_2,4030,cam2_20260508_031844.jpg,crops/cam2_20260508_031844_r0_c1.jpg,4032,cam2_20260508_031847.jpg,crops/cam2_20260508_031847_r0_c1.jpg,7913,27.6,,53,49.6,0,0,0,0,0,0.0,0.0,788.0,0.0,14.5,7.2,0.0,0.0,,2026-05-08 09:18:48
germ-germinadorap-de5832|LOT-20260506-651F-009|r0_c1|rep0,LOT-20260506-651F-009:B1:R0,germ-germinadorap-de5832,LOT-20260506-651F-009,B1,0,1,0,Betabel,,c4,vigorosa,2026-05-10 16:39:40,4684,manual,2026-05-08 09:33:45,2026-05-06 21:07:49,36.43,2,cg_1778232823253_2,4035,cam2_20260508_033344.jpg,crops/cam2_20260508_033344_r0_c1.jpg,4037,cam2_20260508_033349.jpg,crops/cam2_20260508_033349_r0_c1.jpg,7932,27.6,,55,48.4,0,0,0,0,0,0.0,0.0,788.0,0.0,14.7,7.4,0.0,0.0,,2026-05-08 09:33:50
germ-germinadorap-de5832|LOT-20260506-651F-009|r0_c1|rep0,LOT-20260506-651F-009:B1:R0,germ-germinadorap-de5832,LOT-20260506-651F-009,B1,0,1,0,Betabel,,c4,vigorosa,2026-05-10 16:39:40,4684,manual,2026-05-08 09:48:45,2026-05-06 21:07:49,36.68,2,cg_1778233723258_2,4039,cam2_20260508_034845.jpg,crops/cam2_20260508_034845_r0_c1.jpg,4041,cam2_20260508_034849.jpg,crops/cam2_20260508_034849_r0_c1.jpg,7944,27.6,,54,48.5,0,0,0,0,0,0.0,0.0,788.0,0.0,15.0,7.5,0.0,0.0,,2026-05-08 09:48:50
germ-germinadorap-de5832|LOT-20260506-651F-009|r0_c1|rep0,LOT-20260506-651F-009:B1:R0,germ-germinadorap-de5832,LOT-20260506-651F-009,B1,0,1,0,Betabel,,c4,vigorosa,2026-05-10 16:39:40,4684,manual,2026-05-08 10:03:45,2026-05-06 21:07:49,36.93,2,cg_1778234623259_2,4042,cam2_20260508_040344.jpg,crops/cam2_20260508_040344_r0_c1.jpg,4044,cam2_20260508_040347.jpg,crops/cam2_20260508_040347_r0_c1.jpg,7949,27.5,,53,49.1,0,0,0,0,0,0.0,0.0,788.0,0.0,15.2,7.6,0.0,0.0,,2026-05-08 10:03:48
germ-germinadorap-de5832|LOT-20260506-651F-009|r0_c1|rep0,LOT-20260506-651F-009:B1:R0,germ-germinadorap-de5832,LOT-20260506-651F-009,B1,0,1,0,Betabel,,c4,vigorosa,2026-05-10 16:39:40,4684,manual,2026-05-08 10:18:45,2026-05-06 21:07:49,37.18,2,cg_1778235523260_2,4047,cam2_20260508_041845.jpg,crops/cam2_20260508_041845_r0_c1.jpg,4049,cam2_20260508_041849.jpg,crops/cam2_20260508_041849_r0_c1.jpg,7968,27.6,,54,48.2,0,0,0,0,0,0.0,0.0,788.0,0.0,15.5,7.7,0.0,0.0,,2026-05-08 10:18:50
germ-germinadorap-de5832|LOT-20260506-651F-009|r0_c1|rep0,LOT-20260506-651F-009:B1:R0,germ-germinadorap-de5832,LOT-20260506-651F-009,B1,0,1,0,Betabel,,c4,vigorosa,2026-05-10 16:39:40,4684,manual,2026-05-08 10:33:45,2026-05-06 21:07:49,37.43,2,cg_1778236423302_2,4051,cam2_20260508_043344.jpg,crops/cam2_20260508_043344_r0_c1.jpg,4053,cam2_20260508_043349.jpg,crops/cam2_20260508_043349_r0_c1.jpg,7980,27.5,,55,48.1,0,0,0,0,0,0.0,0.0,788.0,0.0,15.7,7.9,0.0,0.0,,2026-05-08 10:33:50
germ-germinadorap-de5832|LOT-20260506-651F-009|r0_c1|rep0,LOT-20260506-651F-009:B1:R0,germ-germinadorap-de5832,LOT-20260506-651F-009,B1,0,1,0,Betabel,,c4,vigorosa,2026-05-10 16:39:40,4684,manual,2026-05-08 10:48:45,2026-05-06 21:07:49,37.68,2,cg_1778237323262_2,4055,cam2_20260508_044844.jpg,crops/cam2_20260508_044844_r0_c1.jpg,4057,cam2_20260508_044849.jpg,crops/cam2_20260508_044849_r0_c1.jpg,7992,27.6,,54,47.5,0,0,0,0,0,0.0,0.0,788.0,0.0,16.0,8.0,0.0,0.0,,2026-05-08 10:48:50
germ-germinadorap-de5832|LOT-20260506-651F-009|r0_c1|rep0,LOT-20260506-651F-009:B1:R0,germ-germinadorap-de5832,LOT-20260506-651F-009,B1,0,1,0,Betabel,,c4,vigorosa,2026-05-10 16:39:40,4684,manual,2026-05-08 11:03:45,2026-05-06 21:07:49,37.93,2,cg_1778238223268_2,4059,cam2_20260508_050345.jpg,crops/cam2_20260508_050345_r0_c1.jpg,4061,cam2_20260508_050349.jpg,crops/cam2_20260508_050349_r0_c1.jpg,8004,27.5,,54,47.8,0,0,0,0,0,0.0,0.0,788.0,0.0,16.2,8.1,0.0,0.0,,2026-05-08 11:03:50
germ-germinadorap-de5832|LOT-20260506-651F-009|r0_c1|rep0,LOT-20260506-651F-009:B1:R0,germ-germinadorap-de5832,LOT-20260506-651F-009,B1,0,1,0,Betabel,,c4,vigorosa,2026-05-10 16:39:40,4684,manual,2026-05-08 11:18:45,2026-05-06 21:07:49,38.18,2,cg_1778239123269_2,4063,cam2_20260508_051845.jpg,crops/cam2_20260508_051845_r0_c1.jpg,4065,cam2_20260508_051849.jpg,crops/cam2_20260508_051849_r0_c1.jpg,8016,27.5,,53,47.9,0,0,0,0,0,0.0,0.0,789.0,0.0,16.5,8.2,0.0,0.0,,2026-05-08 11:18:50
germ-germinadorap-de5832|LOT-20260506-651F-009|r0_c1|rep0,LOT-20260506-651F-009:B1:R0,germ-germinadorap-de5832,LOT-20260506-651F-009,B1,0,1,0,Betabel,,c4,vigorosa,2026-05-10 16:39:40,4684,manual,2026-05-08 11:33:45,2026-05-06 21:07:49,38.43,2,cg_1778240023270_2,4067,cam2_20260508_053344.jpg,crops/cam2_20260508_053344_r0_c1.jpg,4069,cam2_20260508_053349.jpg,crops/cam2_20260508_053349_r0_c1.jpg,8028,27.5,,53,47.7,0,0,0,0,0,0.0,0.0,789.0,0.0,16.7,8.4,0.0,0.0,,2026-05-08 11:33:50
germ-germinadorap-de5832|LOT-20260506-651F-009|r0_c1|rep0,LOT-20260506-651F-009:B1:R0,germ-germinadorap-de5832,LOT-20260506-651F-009,B1,0,1,0,Betabel,,c4,vigorosa,2026-05-10 16:39:40,4684,manual,2026-05-08 11:48:45,2026-05-06 21:07:49,38.68,2,cg_1778240923271_2,4070,cam2_20260508_054844.jpg,crops/cam2_20260508_054844_r0_c1.jpg,4072,cam2_20260508_054847.jpg,crops/cam2_20260508_054847_r0_c1.jpg,8033,27.5,,54,47.9,0,0,0,0,0,0.0,0.0,789.0,0.0,17.0,8.5,0.0,0.0,,2026-05-08 11:48:48
germ-germinadorap-de5832|LOT-20260506-651F-009|r0_c1|rep0,LOT-20260506-651F-009:B1:R0,germ-germinadorap-de5832,LOT-20260506-651F-009,B1,0,1,0,Betabel,,c4,vigorosa,2026-05-10 16:39:40,4684,manual,2026-05-08 12:03:45,2026-05-06 21:07:49,38.93,2,cg_1778241823272_2,4074,cam2_20260508_060344.jpg,crops/cam2_20260508_060344_r0_c1.jpg,4076,cam2_20260508_060347.jpg,crops/cam2_20260508_060347_r0_c1.jpg,8045,27.5,,55,47.5,0,0,0,0,0,0.0,0.0,789.0,0.0,17.2,8.6,0.0,0.0,,2026-05-08 12:03:48
germ-germinadorap-de5832|LOT-20260506-651F-009|r0_c1|rep0,LOT-20260506-651F-009:B1:R0,germ-germinadorap-de5832,LOT-20260506-651F-009,B1,0,1,0,Betabel,,c4,vigorosa,2026-05-10 16:39:40,4684,manual,2026-05-08 12:18:45,2026-05-06 21:07:49,39.18,2,cg_1778242723277_2,4078,cam2_20260508_061844.jpg,crops/cam2_20260508_061844_r0_c1.jpg,4080,cam2_20260508_061847.jpg,crops/cam2_20260508_061847_r0_c1.jpg,8057,27.5,,54,47.5,0,0,0,0,0,0.0,0.0,789.0,0.0,17.5,8.7,0.0,0.0,,2026-05-08 12:18:48
germ-germinadorap-de5832|LOT-20260506-651F-009|r0_c1|rep0,LOT-20260506-651F-009:B1:R0,germ-germinadorap-de5832,LOT-20260506-651F-009,B1,0,1,0,Betabel,,c4,vigorosa,2026-05-10 16:39:40,4684,manual,2026-05-08 12:33:45,2026-05-06 21:07:49,39.43,2,cg_1778243623285_2,4083,cam2_20260508_063345.jpg,crops/cam2_20260508_063345_r0_c1.jpg,4085,cam2_20260508_063349.jpg,crops/cam2_20260508_063349_r0_c1.jpg,8076,27.5,,52,47.2,0,0,0,0,0,0.0,0.0,789.0,0.0,17.7,8.9,0.0,0.0,,2026-05-08 12:33:50
germ-germinadorap-de5832|LOT-20260506-651F-009|r0_c1|rep0,LOT-20260506-651F-009:B1:R0,germ-germinadorap-de5832,LOT-20260506-651F-009,B1,0,1,0,Betabel,,c4,vigorosa,2026-05-10 16:39:40,4684,manual,2026-05-08 12:48:45,2026-05-06 21:07:49,39.68,2,cg_1778244523295_2,4087,cam2_20260508_064845.jpg,crops/cam2_20260508_064845_r0_c1.jpg,4089,cam2_20260508_064850.jpg,crops/cam2_20260508_064850_r0_c1.jpg,8088,27.5,,50,46.7,0,0,0,0,0,0.0,0.0,789.0,0.0,17.9,9.0,0.0,0.0,,2026-05-08 12:48:51
germ-germinadorap-de5832|LOT-20260506-651F-009|r0_c1|rep0,LOT-20260506-651F-009:B1:R0,germ-germinadorap-de5832,LOT-20260506-651F-009,B1,0,1,0,Betabel,,c4,vigorosa,2026-05-10 16:39:40,4684,manual,2026-05-08 13:03:45,2026-05-06 21:07:49,39.93,2,cg_1778245423302_2,4090,cam2_20260508_070344.jpg,crops/cam2_20260508_070344_r0_c1.jpg,4092,cam2_20260508_070347.jpg,crops/cam2_20260508_070347_r0_c1.jpg,8093,27.3,,51,47,0,0,0,0,0,0.0,0.0,789.0,0.0,18.2,9.1,0.0,0.0,,2026-05-08 13:03:48
germ-germinadorap-de5832|LOT-20260506-651F-009|r0_c1|rep0,LOT-20260506-651F-009:B1:R0,germ-germinadorap-de5832,LOT-20260506-651F-009,B1,0,1,0,Betabel,,c4,vigorosa,2026-05-10 16:39:40,4684,manual,2026-05-08 13:18:45,2026-05-06 21:07:49,40.18,2,cg_1778246323311_2,4094,cam2_20260508_071844.jpg,crops/cam2_20260508_071844_r0_c1.jpg,4096,cam2_20260508_071847.jpg,crops/cam2_20260508_071847_r0_c1.jpg,8105,27.2,,51,46.5,0,0,0,0,0,0.0,0.0,789.0,0.0,18.4,9.2,0.0,0.0,,2026-05-08 13:18:48
germ-germinadorap-de5832|LOT-20260506-651F-009|r0_c1|rep0,LOT-20260506-651F-009:B1:R0,germ-germinadorap-de5832,LOT-20260506-651F-009,B1,0,1,0,Betabel,,c4,vigorosa,2026-05-10 16:39:40,4684,manual,2026-05-08 13:33:45,2026-05-06 21:07:49,40.43,2,cg_1778247223318_2,4098,cam2_20260508_073344.jpg,crops/cam2_20260508_073344_r0_c1.jpg,4100,cam2_20260508_073347.jpg,crops/cam2_20260508_073347_r0_c1.jpg,8117,27.2,,51,46.4,0,0,0,0,0,0.0,0.0,789.0,0.0,18.7,9.3,0.0,0.0,,2026-05-08 13:33:48
germ-germinadorap-de5832|LOT-20260506-651F-009|r0_c1|rep0,LOT-20260506-651F-009:B1:R0,germ-germinadorap-de5832,LOT-20260506-651F-009,B1,0,1,0,Betabel,,c4,vigorosa,2026-05-10 16:39:40,4684,manual,2026-05-08 13:48:45,2026-05-06 21:07:49,40.68,2,cg_1778248123322_2,4103,cam2_20260508_074845.jpg,crops/cam2_20260508_074845_r0_c1.jpg,4105,cam2_20260508_074849.jpg,crops/cam2_20260508_074849_r0_c1.jpg,8136,27.2,,53,45.7,0,0,0,0,0,0.0,0.0,789.0,0.0,18.9,9.5,0.0,0.0,,2026-05-08 13:48:50
germ-germinadorap-de5832|LOT-20260506-651F-009|r0_c1|rep0,LOT-20260506-651F-009:B1:R0,germ-germinadorap-de5832,LOT-20260506-651F-009,B1,0,1,0,Betabel,,c4,vigorosa,2026-05-10 16:39:40,4684,manual,2026-05-08 14:03:45,2026-05-06 21:07:49,40.93,2,cg_1778249023334_2,4106,cam2_20260508_080344.jpg,crops/cam2_20260508_080344_r0_c1.jpg,4108,cam2_20260508_080347.jpg,crops/cam2_20260508_080347_r0_c1.jpg,8141,27.4,,52,45.8,0,0,0,0,0,0.0,0.0,793.0,0.0,19.2,9.6,0.0,0.0,,2026-05-08 14:03:48
germ-germinadorap-de5832|LOT-20260506-651F-009|r0_c1|rep0,LOT-20260506-651F-009:B1:R0,germ-germinadorap-de5832,LOT-20260506-651F-009,B1,0,1,0,Betabel,,c4,vigorosa,2026-05-10 16:39:40,4684,manual,2026-05-08 14:18:45,2026-05-06 21:07:49,41.18,2,cg_1778249923343_2,4110,cam2_20260508_081844.jpg,crops/cam2_20260508_081844_r0_c1.jpg,4112,cam2_20260508_081847.jpg,crops/cam2_20260508_081847_r0_c1.jpg,8153,27.7,,49,44.7,0,0,0,0,0,0.0,0.0,807.0,0.0,19.4,9.7,0.0,0.0,,2026-05-08 14:18:48
germ-germinadorap-de5832|LOT-20260506-651F-009|r0_c1|rep0,LOT-20260506-651F-009:B1:R0,germ-germinadorap-de5832,LOT-20260506-651F-009,B1,0,1,0,Betabel,,c4,vigorosa,2026-05-10 16:39:40,4684,manual,2026-05-08 14:33:45,2026-05-06 21:07:49,41.43,2,cg_1778250823346_2,4114,cam2_20260508_083344.jpg,crops/cam2_20260508_083344_r0_c1.jpg,4116,cam2_20260508_083347.jpg,crops/cam2_20260508_083347_r0_c1.jpg,8165,28,,50,44.6,0,0,0,0,0,0.0,0.0,822.0,0.0,19.7,9.8,0.0,0.0,,2026-05-08 14:33:48
germ-germinadorap-de5832|LOT-20260506-651F-009|r0_c1|rep0,LOT-20260506-651F-009:B1:R0,germ-germinadorap-de5832,LOT-20260506-651F-009,B1,0,1,0,Betabel,,c4,vigorosa,2026-05-10 16:39:40,4684,manual,2026-05-08 14:48:45,2026-05-06 21:07:49,41.68,2,cg_1778251723357_2,4118,cam2_20260508_084844.jpg,crops/cam2_20260508_084844_r0_c1.jpg,4120,cam2_20260508_084847.jpg,crops/cam2_20260508_084847_r0_c1.jpg,8177,28.5,,49,44.5,0,0,0,0,0,0.0,0.0,837.0,0.0,19.9,10.0,0.0,0.0,,2026-05-08 14:48:48
germ-germinadorap-de5832|LOT-20260506-651F-009|r0_c1|rep0,LOT-20260506-651F-009:B1:R0,germ-germinadorap-de5832,LOT-20260506-651F-009,B1,0,1,0,Betabel,,c4,vigorosa,2026-05-10 16:39:40,4684,manual,2026-05-08 15:03:45,2026-05-06 21:07:49,41.93,2,cg_1778252623366_2,4122,cam2_20260508_090344.jpg,crops/cam2_20260508_090344_r0_c1.jpg,4124,cam2_20260508_090347.jpg,crops/cam2_20260508_090347_r0_c1.jpg,8189,28.8,,49,44.6,0,0,0,0,0,0.0,0.0,852.0,0.0,20.2,10.1,0.0,0.0,,2026-05-08 15:03:48
germ-germinadorap-de5832|LOT-20260506-651F-009|r0_c1|rep0,LOT-20260506-651F-009:B1:R0,germ-germinadorap-de5832,LOT-20260506-651F-009,B1,0,1,0,Betabel,,c4,vigorosa,2026-05-10 16:39:40,4684,manual,2026-05-08 15:18:45,2026-05-06 21:07:49,42.18,2,cg_1778253523374_2,4126,cam2_20260508_091844.jpg,crops/cam2_20260508_091844_r0_c1.jpg,4128,cam2_20260508_091847.jpg,crops/cam2_20260508_091847_r0_c1.jpg,8201,28.8,,42,44.3,0,0,0,0,0,0.0,0.0,867.0,0.0,20.4,10.2,0.0,0.0,,2026-05-08 15:18:48
germ-germinadorap-de5832|LOT-20260506-651F-009|r0_c1|rep0,LOT-20260506-651F-009:B1:R0,germ-germinadorap-de5832,LOT-20260506-651F-009,B1,0,1,0,Betabel,,c4,vigorosa,2026-05-10 16:39:40,4684,manual,2026-05-08 15:33:45,2026-05-06 21:07:49,42.43,2,cg_1778254423383_2,4130,cam2_20260508_093344.jpg,crops/cam2_20260508_093344_r0_c1.jpg,4132,cam2_20260508_093347.jpg,crops/cam2_20260508_093347_r0_c1.jpg,8213,28.7,,42,44.3,0,0,0,0,0,0.0,0.0,882.0,0.0,20.7,10.3,0.0,0.0,,2026-05-08 15:33:48
germ-germinadorap-de5832|LOT-20260506-651F-009|r0_c1|rep0,LOT-20260506-651F-009:B1:R0,germ-germinadorap-de5832,LOT-20260506-651F-009,B1,0,1,0,Betabel,,c4,vigorosa,2026-05-10 16:39:40,4684,manual,2026-05-08 15:48:45,2026-05-06 21:07:49,42.68,2,cg_1778255323386_2,4134,cam2_20260508_094844.jpg,crops/cam2_20260508_094844_r0_c1.jpg,4136,cam2_20260508_094847.jpg,crops/cam2_20260508_094847_r0_c1.jpg,8225,28.7,,41,43.8,0,0,0,0,0,0.0,0.0,897.0,0.0,20.9,10.5,0.0,0.0,,2026-05-08 15:48:48
germ-germinadorap-de5832|LOT-20260506-651F-009|r0_c1|rep0,LOT-20260506-651F-009:B1:R0,germ-germinadorap-de5832,LOT-20260506-651F-009,B1,0,1,0,Betabel,,c4,vigorosa,2026-05-10 16:39:40,4684,manual,2026-05-08 16:03:45,2026-05-06 21:07:49,42.93,2,cg_1778256223394_2,4138,cam2_20260508_100344.jpg,crops/cam2_20260508_100344_r0_c1.jpg,4140,cam2_20260508_100347.jpg,crops/cam2_20260508_100347_r0_c1.jpg,8237,28.8,,41,42.9,0,0,0,0,0,0.0,0.0,912.0,0.0,21.2,10.6,0.0,0.0,,2026-05-08 16:03:48
germ-germinadorap-de5832|LOT-20260506-651F-009|r0_c1|rep0,LOT-20260506-651F-009:B1:R0,germ-germinadorap-de5832,LOT-20260506-651F-009,B1,0,1,0,Betabel,,c4,vigorosa,2026-05-10 16:39:40,4684,manual,2026-05-08 16:18:45,2026-05-06 21:07:49,43.18,2,cg_1778257123403_2,4142,cam2_20260508_101844.jpg,crops/cam2_20260508_101844_r0_c1.jpg,4144,cam2_20260508_101847.jpg,crops/cam2_20260508_101847_r0_c1.jpg,8249,28.9,,42,44.1,0,0,0,0,0,0.0,0.0,927.0,0.0,21.4,10.7,0.0,0.0,,2026-05-08 16:18:48
germ-germinadorap-de5832|LOT-20260506-651F-009|r0_c1|rep0,LOT-20260506-651F-009:B1:R0,germ-germinadorap-de5832,LOT-20260506-651F-009,B1,0,1,0,Betabel,,c4,vigorosa,2026-05-10 16:39:40,4684,manual,2026-05-08 16:33:45,2026-05-06 21:07:49,43.43,2,cg_1778258023413_2,4146,cam2_20260508_103344.jpg,crops/cam2_20260508_103344_r0_c1.jpg,4148,cam2_20260508_103347.jpg,crops/cam2_20260508_103347_r0_c1.jpg,8261,28.7,,40,43.2,0,0,0,0,0,0.0,0.0,942.0,0.0,21.7,10.8,0.0,0.0,,2026-05-08 16:33:48
germ-germinadorap-de5832|LOT-20260506-651F-009|r0_c1|rep0,LOT-20260506-651F-009:B1:R0,germ-germinadorap-de5832,LOT-20260506-651F-009,B1,0,1,0,Betabel,,c4,vigorosa,2026-05-10 16:39:40,4684,manual,2026-05-08 16:48:45,2026-05-06 21:07:49,43.68,2,cg_1778258923424_2,4150,cam2_20260508_104845.jpg,crops/cam2_20260508_104845_r0_c1.jpg,4152,cam2_20260508_104847.jpg,crops/cam2_20260508_104847_r0_c1.jpg,8273,28.1,,39,42.5,0,0,0,0,0,0.0,0.0,957.0,0.0,21.9,11.0,0.0,0.0,,2026-05-08 16:48:48
germ-germinadorap-de5832|LOT-20260506-651F-009|r0_c1|rep0,LOT-20260506-651F-009:B1:R0,germ-germinadorap-de5832,LOT-20260506-651F-009,B1,0,1,0,Betabel,,c4,vigorosa,2026-05-10 16:39:40,4684,manual,2026-05-08 17:03:45,2026-05-06 21:07:49,43.93,2,cg_1778259823429_2,4154,cam2_20260508_110344.jpg,crops/cam2_20260508_110344_r0_c1.jpg,4156,cam2_20260508_110347.jpg,crops/cam2_20260508_110347_r0_c1.jpg,8285,27.8,,38,41.9,0,0,0,0,0,0.0,0.0,971.0,0.0,22.2,11.1,0.0,0.0,,2026-05-08 17:03:48
germ-germinadorap-de5832|LOT-20260506-651F-009|r0_c1|rep0,LOT-20260506-651F-009:B1:R0,germ-germinadorap-de5832,LOT-20260506-651F-009,B1,0,1,0,Betabel,,c4,vigorosa,2026-05-10 16:39:40,4684,manual,2026-05-08 17:18:45,2026-05-06 21:07:49,44.18,2,cg_1778260723434_2,4158,cam2_20260508_111844.jpg,crops/cam2_20260508_111844_r0_c1.jpg,4160,cam2_20260508_111847.jpg,crops/cam2_20260508_111847_r0_c1.jpg,8297,27.6,,36,41.7,0,0,0,0,0,0.0,0.0,986.0,0.0,22.4,11.2,0.0,0.0,,2026-05-08 17:18:48
germ-germinadorap-de5832|LOT-20260506-651F-009|r0_c1|rep0,LOT-20260506-651F-009:B1:R0,germ-germinadorap-de5832,LOT-20260506-651F-009,B1,0,1,0,Betabel,,c4,vigorosa,2026-05-10 16:39:40,4684,manual,2026-05-08 17:33:45,2026-05-06 21:07:49,44.43,2,cg_1778261623438_2,4162,cam2_20260508_113345.jpg,crops/cam2_20260508_113345_r0_c1.jpg,4164,cam2_20260508_113348.jpg,crops/cam2_20260508_113348_r0_c1.jpg,8309,27.4,,37,61.6,0,0,0,0,0,0.0,0.0,1001.0,0.0,22.7,11.3,0.0,0.0,,2026-05-08 17:33:49
germ-germinadorap-de5832|LOT-20260506-651F-009|r0_c1|rep0,LOT-20260506-651F-009:B1:R0,germ-germinadorap-de5832,LOT-20260506-651F-009,B1,0,1,0,Betabel,,c4,vigorosa,2026-05-10 16:39:40,4684,manual,2026-05-08 17:48:45,2026-05-06 21:07:49,44.68,2,cg_1778262523444_2,4167,cam2_20260508_114845.jpg,crops/cam2_20260508_114845_r0_c1.jpg,4169,cam2_20260508_114850.jpg,crops/cam2_20260508_114850_r0_c1.jpg,8328,27.3,,39,52.7,0,0,0,0,0,0.0,0.0,1016.0,0.0,22.9,11.5,0.0,0.0,,2026-05-08 17:48:52
germ-germinadorap-de5832|LOT-20260506-651F-009|r0_c1|rep0,LOT-20260506-651F-009:B1:R0,germ-germinadorap-de5832,LOT-20260506-651F-009,B1,0,1,0,Betabel,,c4,vigorosa,2026-05-10 16:39:40,4684,manual,2026-05-08 18:03:45,2026-05-06 21:07:49,44.93,2,cg_1778263423456_2,4170,cam2_20260508_120344.jpg,crops/cam2_20260508_120344_r0_c1.jpg,4172,cam2_20260508_120347.jpg,crops/cam2_20260508_120347_r0_c1.jpg,8333,27.4,,39,100,0,0,0,0,0,0.0,0.0,1031.0,0.0,23.2,11.6,0.0,0.0,,2026-05-08 18:03:48
germ-germinadorap-de5832|LOT-20260506-651F-009|r0_c1|rep0,LOT-20260506-651F-009:B1:R0,germ-germinadorap-de5832,LOT-20260506-651F-009,B1,0,1,0,Betabel,,c4,vigorosa,2026-05-10 16:39:40,4684,manual,2026-05-08 18:18:45,2026-05-06 21:07:49,45.18,2,cg_1778264323460_2,4174,cam2_20260508_121844.jpg,crops/cam2_20260508_121844_r0_c1.jpg,4176,cam2_20260508_121847.jpg,crops/cam2_20260508_121847_r0_c1.jpg,8345,27.2,,39,100,0,0,0,0,0,0.0,0.0,1046.0,0.0,23.4,11.7,0.0,0.0,,2026-05-08 18:18:48
germ-germinadorap-de5832|LOT-20260506-651F-009|r0_c1|rep0,LOT-20260506-651F-009:B1:R0,germ-germinadorap-de5832,LOT-20260506-651F-009,B1,0,1,0,Betabel,,c4,vigorosa,2026-05-10 16:39:40,4684,manual,2026-05-08 18:34:21,2026-05-06 21:07:49,45.44,2,cg_1778265259137_2,4178,cam2_20260508_123420.jpg,crops/cam2_20260508_123420_r0_c1.jpg,4180,cam2_20260508_123423.jpg,crops/cam2_20260508_123423_r0_c1.jpg,8357,27.3,,37,83.3,0,0,0,0,0,0.0,0.0,1061.0,0.0,23.7,11.8,0.0,0.0,,2026-05-08 18:34:24
germ-germinadorap-de5832|LOT-20260506-651F-009|r0_c1|rep0,LOT-20260506-651F-009:B1:R0,germ-germinadorap-de5832,LOT-20260506-651F-009,B1,0,1,0,Betabel,,c4,vigorosa,2026-05-10 16:39:40,4684,manual,2026-05-08 18:49:21,2026-05-06 21:07:49,45.69,2,cg_1778266159137_2,4182,cam2_20260508_124920.jpg,crops/cam2_20260508_124920_r0_c1.jpg,4184,cam2_20260508_124923.jpg,crops/cam2_20260508_124923_r0_c1.jpg,8369,27.5,,36,100,0,0,0,0,0,0.0,0.0,1076.0,0.0,23.9,12.0,0.0,0.0,,2026-05-08 18:49:24
germ-germinadorap-de5832|LOT-20260506-651F-009|r0_c1|rep0,LOT-20260506-651F-009:B1:R0,germ-germinadorap-de5832,LOT-20260506-651F-009,B1,0,1,0,Betabel,,c4,vigorosa,2026-05-10 16:39:40,4684,manual,2026-05-08 19:04:21,2026-05-06 21:07:49,45.94,2,cg_1778267059139_2,4186,cam2_20260508_130420.jpg,crops/cam2_20260508_130420_r0_c1.jpg,4188,cam2_20260508_130423.jpg,crops/cam2_20260508_130423_r0_c1.jpg,8381,27.4,,37,77.8,0,0,0,0,0,0.0,0.0,1091.0,0.0,24.2,12.1,0.0,0.0,,2026-05-08 19:04:24
germ-germinadorap-de5832|LOT-20260506-651F-009|r0_c1|rep0,LOT-20260506-651F-009:B1:R0,germ-germinadorap-de5832,LOT-20260506-651F-009,B1,0,1,0,Betabel,,c4,vigorosa,2026-05-10 16:39:40,4684,manual,2026-05-08 19:19:21,2026-05-06 21:07:49,46.19,2,cg_1778267959140_2,4190,cam2_20260508_131920.jpg,crops/cam2_20260508_131920_r0_c1.jpg,4192,cam2_20260508_131923.jpg,crops/cam2_20260508_131923_r0_c1.jpg,8393,27.2,,37,100,0,0,0,0,0,0.0,0.0,1106.0,0.0,24.4,12.2,0.0,0.0,,2026-05-08 19:19:24
germ-germinadorap-de5832|LOT-20260506-651F-009|r0_c1|rep0,LOT-20260506-651F-009:B1:R0,germ-germinadorap-de5832,LOT-20260506-651F-009,B1,0,1,0,Betabel,,c4,vigorosa,2026-05-10 16:39:40,4684,manual,2026-05-08 19:34:21,2026-05-06 21:07:49,46.44,2,cg_1778268859143_2,4194,cam2_20260508_133420.jpg,crops/cam2_20260508_133420_r0_c1.jpg,4196,cam2_20260508_133423.jpg,crops/cam2_20260508_133423_r0_c1.jpg,8405,27.2,,37,72.3,0,0,0,0,0,0.0,0.0,1121.0,0.0,24.7,12.3,0.0,0.0,,2026-05-08 19:34:24
germ-germinadorap-de5832|LOT-20260506-651F-009|r0_c1|rep0,LOT-20260506-651F-009:B1:R0,germ-germinadorap-de5832,LOT-20260506-651F-009,B1,0,1,0,Betabel,,c4,vigorosa,2026-05-10 16:39:40,4684,manual,2026-05-08 19:49:21,2026-05-06 21:07:49,46.69,2,cg_1778269759143_2,4198,cam2_20260508_134920.jpg,crops/cam2_20260508_134920_r0_c1.jpg,4200,cam2_20260508_134923.jpg,crops/cam2_20260508_134923_r0_c1.jpg,8417,27.2,,37,100,0,0,0,0,0,0.0,0.0,1136.0,0.0,24.9,12.5,0.0,0.0,,2026-05-08 19:49:24
germ-germinadorap-de5832|LOT-20260506-651F-009|r0_c1|rep0,LOT-20260506-651F-009:B1:R0,germ-germinadorap-de5832,LOT-20260506-651F-009,B1,0,1,0,Betabel,,c4,vigorosa,2026-05-10 16:39:40,4684,manual,2026-05-08 20:04:21,2026-05-06 21:07:49,46.94,2,cg_1778270659143_2,4202,cam2_20260508_140420.jpg,crops/cam2_20260508_140420_r0_c1.jpg,4204,cam2_20260508_140423.jpg,crops/cam2_20260508_140423_r0_c1.jpg,8429,27.3,,37,100,0,0,0,0,0,0.0,0.0,1151.0,0.0,25.1,12.6,0.0,0.0,,2026-05-08 20:04:24
germ-germinadorap-de5832|LOT-20260506-651F-009|r0_c1|rep0,LOT-20260506-651F-009:B1:R0,germ-germinadorap-de5832,LOT-20260506-651F-009,B1,0,1,0,Betabel,,c4,vigorosa,2026-05-10 16:39:40,4684,manual,2026-05-08 20:19:21,2026-05-06 21:07:49,47.19,2,cg_1778271559146_2,4206,cam2_20260508_141920.jpg,crops/cam2_20260508_141920_r0_c1.jpg,4208,cam2_20260508_141923.jpg,crops/cam2_20260508_141923_r0_c1.jpg,8441,27.2,,38,100,0,0,0,0,0,0.0,0.0,1166.0,0.0,25.1,12.6,0.0,0.0,,2026-05-08 20:19:24
germ-germinadorap-de5832|LOT-20260506-651F-009|r0_c1|rep0,LOT-20260506-651F-009:B1:R0,germ-germinadorap-de5832,LOT-20260506-651F-009,B1,0,1,0,Betabel,,c4,vigorosa,2026-05-10 16:39:40,4684,manual,2026-05-08 20:34:21,2026-05-06 21:07:49,47.44,2,cg_1778272459148_2,4210,cam2_20260508_143420.jpg,crops/cam2_20260508_143420_r0_c1.jpg,4212,cam2_20260508_143423.jpg,crops/cam2_20260508_143423_r0_c1.jpg,8453,27.2,,39,100,0,0,0,0,0,0.0,0.0,1181.0,0.0,25.1,12.6,0.0,0.0,,2026-05-08 20:34:24
germ-germinadorap-de5832|LOT-20260506-651F-009|r0_c1|rep0,LOT-20260506-651F-009:B1:R0,germ-germinadorap-de5832,LOT-20260506-651F-009,B1,0,1,0,Betabel,,c4,vigorosa,2026-05-10 16:39:40,4684,manual,2026-05-08 20:49:21,2026-05-06 21:07:49,47.69,2,cg_1778273359155_2,4214,cam2_20260508_144920.jpg,crops/cam2_20260508_144920_r0_c1.jpg,4216,cam2_20260508_144923.jpg,crops/cam2_20260508_144923_r0_c1.jpg,8465,27.2,,37,100,0,0,0,0,0,0.0,0.0,1196.0,0.0,25.1,12.6,0.0,0.0,,2026-05-08 20:49:24
germ-germinadorap-de5832|LOT-20260506-651F-009|r0_c1|rep0,LOT-20260506-651F-009:B1:R0,germ-germinadorap-de5832,LOT-20260506-651F-009,B1,0,1,0,Betabel,,c4,vigorosa,2026-05-10 16:39:40,4684,manual,2026-05-08 21:04:21,2026-05-06 21:07:49,47.94,2,cg_1778274259161_2,4218,cam2_20260508_150420.jpg,crops/cam2_20260508_150420_r0_c1.jpg,4220,cam2_20260508_150423.jpg,crops/cam2_20260508_150423_r0_c1.jpg,8477,27.3,,39,100,0,0,0,0,0,0.0,0.0,1211.0,0.0,25.1,12.6,0.0,0.0,,2026-05-08 21:04:24
germ-germinadorap-de5832|LOT-20260506-651F-009|r0_c1|rep0,LOT-20260506-651F-009:B1:R0,germ-germinadorap-de5832,LOT-20260506-651F-009,B1,0,1,0,Betabel,,c4,vigorosa,2026-05-10 16:39:40,4684,manual,2026-05-08 21:19:21,2026-05-06 21:07:49,48.19,3,cg_1778275159169_2,4223,cam2_20260508_151920.jpg,crops/cam2_20260508_151920_r0_c1.jpg,4225,cam2_20260508_151925.jpg,crops/cam2_20260508_151925_r0_c1.jpg,8496,27.2,,38,94.4,0,0,0,0,0,0.0,0.0,1226.0,0.0,25.1,8.4,0.0,0.0,,2026-05-08 21:19:26
germ-germinadorap-de5832|LOT-20260506-651F-009|r0_c1|rep0,LOT-20260506-651F-009:B1:R0,germ-germinadorap-de5832,LOT-20260506-651F-009,B1,0,1,0,Betabel,,c4,vigorosa,2026-05-10 16:39:40,4684,manual,2026-05-08 21:34:21,2026-05-06 21:07:49,48.44,3,cg_1778276059175_2,4226,cam2_20260508_153420.jpg,crops/cam2_20260508_153420_r0_c1.jpg,4228,cam2_20260508_153423.jpg,crops/cam2_20260508_153423_r0_c1.jpg,8501,27.1,,40,100,0,0,0,0,0,0.0,0.0,1241.0,0.0,25.1,8.4,0.0,0.0,,2026-05-08 21:34:24
germ-germinadorap-de5832|LOT-20260506-651F-009|r0_c1|rep0,LOT-20260506-651F-009:B1:R0,germ-germinadorap-de5832,LOT-20260506-651F-009,B1,0,1,0,Betabel,,c4,vigorosa,2026-05-10 16:39:40,4684,manual,2026-05-08 21:49:21,2026-05-06 21:07:49,48.69,3,cg_1778276959189_2,4230,cam2_20260508_154920.jpg,crops/cam2_20260508_154920_r0_c1.jpg,4232,cam2_20260508_154923.jpg,crops/cam2_20260508_154923_r0_c1.jpg,8513,27.2,,41,100,0,0,0,0,0,0.0,0.0,1255.0,0.0,25.1,8.4,0.0,0.0,,2026-05-08 21:49:24
germ-germinadorap-de5832|LOT-20260506-651F-009|r0_c1|rep0,LOT-20260506-651F-009:B1:R0,germ-germinadorap-de5832,LOT-20260506-651F-009,B1,0,1,0,Betabel,,c4,vigorosa,2026-05-10 16:39:40,4684,manual,2026-05-08 22:04:21,2026-05-06 21:07:49,48.94,3,cg_1778277859193_2,4234,cam2_20260508_160420.jpg,crops/cam2_20260508_160420_r0_c1.jpg,4236,cam2_20260508_160423.jpg,crops/cam2_20260508_160423_r0_c1.jpg,8525,27.1,,39,100,0,0,0,0,0,0.0,0.0,1270.0,0.0,25.1,8.4,0.0,0.0,,2026-05-08 22:04:24
germ-germinadorap-de5832|LOT-20260506-651F-009|r0_c1|rep0,LOT-20260506-651F-009:B1:R0,germ-germinadorap-de5832,LOT-20260506-651F-009,B1,0,1,0,Betabel,,c4,vigorosa,2026-05-10 16:39:40,4684,manual,2026-05-08 22:19:21,2026-05-06 21:07:49,49.19,3,cg_1778278759204_2,4238,cam2_20260508_161920.jpg,crops/cam2_20260508_161920_r0_c1.jpg,4240,cam2_20260508_161923.jpg,crops/cam2_20260508_161923_r0_c1.jpg,8537,27.2,,38,95.4,0,0,0,0,0,0.0,0.0,1285.0,0.0,25.1,8.4,0.0,0.0,,2026-05-08 22:19:24
germ-germinadorap-de5832|LOT-20260506-651F-009|r0_c1|rep0,LOT-20260506-651F-009:B1:R0,germ-germinadorap-de5832,LOT-20260506-651F-009,B1,0,1,0,Betabel,,c4,vigorosa,2026-05-10 16:39:40,4684,manual,2026-05-08 22:34:21,2026-05-06 21:07:49,49.44,3,cg_1778279659206_2,4242,cam2_20260508_163420.jpg,crops/cam2_20260508_163420_r0_c1.jpg,4244,cam2_20260508_163423.jpg,crops/cam2_20260508_163423_r0_c1.jpg,8549,27.7,,40,100,0,0,0,0,0,0.0,0.0,1300.0,0.0,25.1,8.4,0.0,0.0,,2026-05-08 22:34:24
germ-germinadorap-de5832|LOT-20260506-651F-009|r0_c1|rep0,LOT-20260506-651F-009:B1:R0,germ-germinadorap-de5832,LOT-20260506-651F-009,B1,0,1,0,Betabel,,c4,vigorosa,2026-05-10 16:39:40,4684,manual,2026-05-08 22:49:21,2026-05-06 21:07:49,49.69,3,cg_1778280559212_2,4246,cam2_20260508_164920.jpg,crops/cam2_20260508_164920_r0_c1.jpg,4248,cam2_20260508_164923.jpg,crops/cam2_20260508_164923_r0_c1.jpg,8561,28.1,,40,100,0,0,0,0,0,0.0,0.0,1315.0,0.0,25.1,8.4,0.0,0.0,,2026-05-08 22:49:24
germ-germinadorap-de5832|LOT-20260506-651F-009|r0_c1|rep0,LOT-20260506-651F-009:B1:R0,germ-germinadorap-de5832,LOT-20260506-651F-009,B1,0,1,0,Betabel,,c4,vigorosa,2026-05-10 16:39:40,4684,manual,2026-05-08 23:04:21,2026-05-06 21:07:49,49.94,3,cg_1778281459217_2,4250,cam2_20260508_170420.jpg,crops/cam2_20260508_170420_r0_c1.jpg,4252,cam2_20260508_170423.jpg,crops/cam2_20260508_170423_r0_c1.jpg,8573,28.4,,41,100,0,0,0,0,0,0.0,0.0,1330.0,0.0,25.1,8.4,0.0,0.0,,2026-05-08 23:04:24
germ-germinadorap-de5832|LOT-20260506-651F-009|r0_c1|rep0,LOT-20260506-651F-009:B1:R0,germ-germinadorap-de5832,LOT-20260506-651F-009,B1,0,1,0,Betabel,,c4,vigorosa,2026-05-10 16:39:40,4684,manual,2026-05-08 23:19:21,2026-05-06 21:07:49,50.19,3,cg_1778282359225_2,4254,cam2_20260508_171920.jpg,crops/cam2_20260508_171920_r0_c1.jpg,4256,cam2_20260508_171923.jpg,crops/cam2_20260508_171923_r0_c1.jpg,8585,28.5,,39,100,0,0,0,0,0,0.0,0.0,1345.0,0.0,25.1,8.4,0.0,0.0,,2026-05-08 23:19:24
germ-germinadorap-de5832|LOT-20260506-651F-009|r0_c1|rep0,LOT-20260506-651F-009:B1:R0,germ-germinadorap-de5832,LOT-20260506-651F-009,B1,0,1,0,Betabel,,c4,vigorosa,2026-05-10 16:39:40,4684,manual,2026-05-08 23:34:21,2026-05-06 21:07:49,50.44,3,cg_1778283259230_2,4258,cam2_20260508_173420.jpg,crops/cam2_20260508_173420_r0_c1.jpg,4260,cam2_20260508_173423.jpg,crops/cam2_20260508_173423_r0_c1.jpg,8597,28.7,,39,100,0,0,0,0,0,0.0,0.0,1360.0,0.0,25.1,8.4,0.0,0.0,,2026-05-08 23:34:24
germ-germinadorap-de5832|LOT-20260506-651F-009|r0_c1|rep0,LOT-20260506-651F-009:B1:R0,germ-germinadorap-de5832,LOT-20260506-651F-009,B1,0,1,0,Betabel,,c4,vigorosa,2026-05-10 16:39:40,4684,manual,2026-05-08 23:49:21,2026-05-06 21:07:49,50.69,3,cg_1778284159245_2,4262,cam2_20260508_174920.jpg,crops/cam2_20260508_174920_r0_c1.jpg,4264,cam2_20260508_174923.jpg,crops/cam2_20260508_174923_r0_c1.jpg,8609,28.7,,39,100,0,0,0,0,0,0.0,0.0,1375.0,0.0,25.1,8.4,0.0,0.0,,2026-05-08 23:49:24
germ-germinadorap-de5832|LOT-20260506-651F-009|r0_c1|rep0,LOT-20260506-651F-009:B1:R0,germ-germinadorap-de5832,LOT-20260506-651F-009,B1,0,1,0,Betabel,,c4,vigorosa,2026-05-10 16:39:40,4684,manual,2026-05-09 00:04:21,2026-05-06 21:07:49,50.94,3,cg_1778285059250_2,4266,cam2_20260508_180420.jpg,crops/cam2_20260508_180420_r0_c1.jpg,4268,cam2_20260508_180423.jpg,crops/cam2_20260508_180423_r0_c1.jpg,8621,28.7,,41,100,0,0,0,1,0,15.0,0.0,1390.0,0.0,25.1,8.4,0.0,0.0,,2026-05-09 00:04:24
germ-germinadorap-de5832|LOT-20260506-651F-009|r0_c1|rep0,LOT-20260506-651F-009:B1:R0,germ-germinadorap-de5832,LOT-20260506-651F-009,B1,0,1,0,Betabel,,c4,vigorosa,2026-05-10 16:39:40,4684,manual,2026-05-09 00:19:21,2026-05-06 21:07:49,51.19,3,cg_1778285959263_2,4270,cam2_20260508_181920.jpg,crops/cam2_20260508_181920_r0_c1.jpg,4272,cam2_20260508_181923.jpg,crops/cam2_20260508_181923_r0_c1.jpg,8633,28.6,,40,100,0,0,0,0,0,0.0,0.0,1405.0,0.0,25.1,8.4,0.0,0.0,,2026-05-09 00:19:24
germ-germinadorap-de5832|LOT-20260506-651F-009|r0_c1|rep0,LOT-20260506-651F-009:B1:R0,germ-germinadorap-de5832,LOT-20260506-651F-009,B1,0,1,0,Betabel,,c4,vigorosa,2026-05-10 16:39:40,4684,manual,2026-05-09 00:34:21,2026-05-06 21:07:49,51.44,3,cg_1778286859268_2,4274,cam2_20260508_183420.jpg,crops/cam2_20260508_183420_r0_c1.jpg,4276,cam2_20260508_183423.jpg,crops/cam2_20260508_183423_r0_c1.jpg,8645,28,,40,98.1,0,0,0,0,0,0.0,0.0,1420.0,0.0,25.1,8.4,0.0,0.0,,2026-05-09 00:34:24
germ-germinadorap-de5832|LOT-20260506-651F-009|r0_c1|rep0,LOT-20260506-651F-009:B1:R0,germ-germinadorap-de5832,LOT-20260506-651F-009,B1,0,1,0,Betabel,,c4,vigorosa,2026-05-10 16:39:40,4684,manual,2026-05-09 00:49:21,2026-05-06 21:07:49,51.69,3,cg_1778287759273_2,4278,cam2_20260508_184920.jpg,crops/cam2_20260508_184920_r0_c1.jpg,4280,cam2_20260508_184923.jpg,crops/cam2_20260508_184923_r0_c1.jpg,8657,27.5,,38,93.5,0,0,0,0,0,0.0,0.0,1435.0,0.0,25.1,8.4,0.0,0.0,,2026-05-09 00:49:24
germ-germinadorap-de5832|LOT-20260506-651F-009|r0_c1|rep0,LOT-20260506-651F-009:B1:R0,germ-germinadorap-de5832,LOT-20260506-651F-009,B1,0,1,0,Betabel,,c4,vigorosa,2026-05-10 16:39:40,4684,manual,2026-05-09 01:04:21,2026-05-06 21:07:49,51.94,3,cg_1778288659277_2,4282,cam2_20260508_190420.jpg,crops/cam2_20260508_190420_r0_c1.jpg,4284,cam2_20260508_190423.jpg,crops/cam2_20260508_190423_r0_c1.jpg,8669,27.7,,42,97.2,0,0,0,0,0,0.0,0.0,1449.0,0.0,25.1,8.4,0.0,0.0,,2026-05-09 01:04:24
germ-germinadorap-de5832|LOT-20260506-651F-009|r0_c1|rep0,LOT-20260506-651F-009:B1:R0,germ-germinadorap-de5832,LOT-20260506-651F-009,B1,0,1,0,Betabel,,c4,vigorosa,2026-05-10 16:39:40,4684,manual,2026-05-09 01:19:21,2026-05-06 21:07:49,52.19,3,cg_1778289559280_2,4286,cam2_20260508_191920.jpg,crops/cam2_20260508_191920_r0_c1.jpg,4288,cam2_20260508_191923.jpg,crops/cam2_20260508_191923_r0_c1.jpg,8681,28.2,,42,100,0,0,0,0,0,0.0,0.0,1464.0,0.0,25.1,8.4,0.0,0.0,,2026-05-09 01:19:24
germ-germinadorap-de5832|LOT-20260506-651F-009|r0_c1|rep0,LOT-20260506-651F-009:B1:R0,germ-germinadorap-de5832,LOT-20260506-651F-009,B1,0,1,0,Betabel,,c4,vigorosa,2026-05-10 16:39:40,4684,manual,2026-05-09 01:34:21,2026-05-06 21:07:49,52.44,3,cg_1778290459286_2,4290,cam2_20260508_193420.jpg,crops/cam2_20260508_193420_r0_c1.jpg,4292,cam2_20260508_193423.jpg,crops/cam2_20260508_193423_r0_c1.jpg,8693,28.4,,41,98.1,0,0,0,0,0,0.0,0.0,1479.0,0.0,25.1,8.4,0.0,0.0,,2026-05-09 01:34:24
germ-germinadorap-de5832|LOT-20260506-651F-009|r0_c1|rep0,LOT-20260506-651F-009:B1:R0,germ-germinadorap-de5832,LOT-20260506-651F-009,B1,0,1,0,Betabel,,c4,vigorosa,2026-05-10 16:39:40,4684,manual,2026-05-09 01:49:21,2026-05-06 21:07:49,52.69,3,cg_1778291359296_2,4294,cam2_20260508_194920.jpg,crops/cam2_20260508_194920_r0_c1.jpg,4296,cam2_20260508_194923.jpg,crops/cam2_20260508_194923_r0_c1.jpg,8705,28.5,,43,93.5,0,0,0,0,0,0.0,0.0,1494.0,0.0,25.2,8.4,0.0,0.0,,2026-05-09 01:49:24
germ-germinadorap-de5832|LOT-20260506-651F-009|r0_c1|rep0,LOT-20260506-651F-009:B1:R0,germ-germinadorap-de5832,LOT-20260506-651F-009,B1,0,1,0,Betabel,,c4,vigorosa,2026-05-10 16:39:40,4684,manual,2026-05-09 02:04:21,2026-05-06 21:07:49,52.94,3,cg_1778292259307_2,4298,cam2_20260508_200420.jpg,crops/cam2_20260508_200420_r0_c1.jpg,4300,cam2_20260508_200423.jpg,crops/cam2_20260508_200423_r0_c1.jpg,8717,28.5,,41,95.4,0,0,0,0,0,0.0,0.0,1505.0,0.0,25.2,8.4,0.0,0.0,,2026-05-09 02:04:24
germ-germinadorap-de5832|LOT-20260506-651F-009|r0_c1|rep0,LOT-20260506-651F-009:B1:R0,germ-germinadorap-de5832,LOT-20260506-651F-009,B1,0,1,0,Betabel,,c4,vigorosa,2026-05-10 16:39:40,4684,manual,2026-05-09 02:19:21,2026-05-06 21:07:49,53.19,3,cg_1778293159312_2,4302,cam2_20260508_201920.jpg,crops/cam2_20260508_201920_r0_c1.jpg,4304,cam2_20260508_201923.jpg,crops/cam2_20260508_201923_r0_c1.jpg,8729,28.1,,41,91.7,0,0,0,0,0,0.0,0.0,1505.0,0.0,25.2,8.4,0.0,0.0,,2026-05-09 02:19:24
germ-germinadorap-de5832|LOT-20260506-651F-009|r0_c1|rep0,LOT-20260506-651F-009:B1:R0,germ-germinadorap-de5832,LOT-20260506-651F-009,B1,0,1,0,Betabel,,c4,vigorosa,2026-05-10 16:39:40,4684,manual,2026-05-09 02:34:21,2026-05-06 21:07:49,53.44,3,cg_1778294059325_2,4306,cam2_20260508_203420.jpg,crops/cam2_20260508_203420_r0_c1.jpg,4308,cam2_20260508_203423.jpg,crops/cam2_20260508_203423_r0_c1.jpg,8741,28,,43,90.7,0,0,0,0,0,0.0,0.0,1505.0,0.0,25.2,8.4,0.0,0.0,,2026-05-09 02:34:24
germ-germinadorap-de5832|LOT-20260506-651F-009|r0_c1|rep0,LOT-20260506-651F-009:B1:R0,germ-germinadorap-de5832,LOT-20260506-651F-009,B1,0,1,0,Betabel,,c4,vigorosa,2026-05-10 16:39:40,4684,manual,2026-05-09 02:49:21,2026-05-06 21:07:49,53.69,3,cg_1778294959331_2,4311,cam2_20260508_204921.jpg,crops/cam2_20260508_204921_r0_c1.jpg,4313,cam2_20260508_204925.jpg,crops/cam2_20260508_204925_r0_c1.jpg,8760,27.8,,42,74.1,0,0,0,0,0,0.0,0.0,1505.0,0.0,25.2,8.4,0.0,0.0,,2026-05-09 02:49:26
germ-germinadorap-de5832|LOT-20260506-651F-009|r0_c1|rep0,LOT-20260506-651F-009:B1:R0,germ-germinadorap-de5832,LOT-20260506-651F-009,B1,0,1,0,Betabel,,c4,vigorosa,2026-05-10 16:39:40,4684,manual,2026-05-09 03:04:21,2026-05-06 21:07:49,53.94,3,cg_1778295859340_2,4315,cam2_20260508_210420.jpg,crops/cam2_20260508_210420_r0_c1.jpg,4317,cam2_20260508_210425.jpg,crops/cam2_20260508_210425_r0_c1.jpg,8772,27.8,,45,69.6,0,0,0,0,0,0.0,0.0,1505.0,0.0,25.2,8.4,0.0,0.0,,2026-05-09 03:04:26
germ-germinadorap-de5832|LOT-20260506-651F-009|r0_c1|rep0,LOT-20260506-651F-009:B1:R0,germ-germinadorap-de5832,LOT-20260506-651F-009,B1,0,1,0,Betabel,,c4,vigorosa,2026-05-10 16:39:40,4684,manual,2026-05-09 03:19:21,2026-05-06 21:07:49,54.19,3,cg_1778296759345_2,4319,cam2_20260508_211920.jpg,crops/cam2_20260508_211920_r0_c1.jpg,4321,cam2_20260508_211925.jpg,crops/cam2_20260508_211925_r0_c1.jpg,8784,27.8,,43,74.1,0,0,0,0,0,0.0,0.0,1505.0,0.0,25.2,8.4,0.0,0.0,,2026-05-09 03:19:26
germ-germinadorap-de5832|LOT-20260506-651F-009|r0_c1|rep0,LOT-20260506-651F-009:B1:R0,germ-germinadorap-de5832,LOT-20260506-651F-009,B1,0,1,0,Betabel,,c4,vigorosa,2026-05-10 16:39:40,4684,manual,2026-05-09 03:34:21,2026-05-06 21:07:49,54.44,3,cg_1778297659349_2,4322,cam2_20260508_213421.jpg,crops/cam2_20260508_213421_r0_c1.jpg,4324,cam2_20260508_213424.jpg,crops/cam2_20260508_213424_r0_c1.jpg,8789,27.7,,43,49.5,0,0,0,0,0,0.0,0.0,1505.0,0.0,25.2,8.4,0.0,0.0,,2026-05-09 03:34:24
germ-germinadorap-de5832|LOT-20260506-651F-009|r0_c1|rep0,LOT-20260506-651F-009:B1:R0,germ-germinadorap-de5832,LOT-20260506-651F-009,B1,0,1,0,Betabel,,c4,vigorosa,2026-05-10 16:39:40,4684,manual,2026-05-09 03:49:21,2026-05-06 21:07:49,54.69,3,cg_1778298559352_2,4327,cam2_20260508_214920.jpg,crops/cam2_20260508_214920_r0_c1.jpg,4329,cam2_20260508_214925.jpg,crops/cam2_20260508_214925_r0_c1.jpg,8808,27.7,,43,68.8,0,0,0,0,0,0.0,0.0,1505.0,0.0,25.2,8.4,0.0,0.0,,2026-05-09 03:49:26
germ-germinadorap-de5832|LOT-20260506-651F-009|r0_c1|rep0,LOT-20260506-651F-009:B1:R0,germ-germinadorap-de5832,LOT-20260506-651F-009,B1,0,1,0,Betabel,,c4,vigorosa,2026-05-10 16:39:40,4684,manual,2026-05-09 04:04:21,2026-05-06 21:07:49,54.94,3,cg_1778299459360_2,4330,cam2_20260508_220420.jpg,crops/cam2_20260508_220420_r0_c1.jpg,4332,cam2_20260508_220423.jpg,crops/cam2_20260508_220423_r0_c1.jpg,8813,27.8,,43,77.8,0,0,0,0,0,0.0,0.0,1506.0,0.0,25.2,8.4,0.0,0.0,,2026-05-09 04:04:24
germ-germinadorap-de5832|LOT-20260506-651F-009|r0_c1|rep0,LOT-20260506-651F-009:B1:R0,germ-germinadorap-de5832,LOT-20260506-651F-009,B1,0,1,0,Betabel,,c4,vigorosa,2026-05-10 16:39:40,4684,manual,2026-05-09 04:19:21,2026-05-06 21:07:49,55.19,3,cg_1778300359365_2,4334,cam2_20260508_221920.jpg,crops/cam2_20260508_221920_r0_c1.jpg,4336,cam2_20260508_221923.jpg,crops/cam2_20260508_221923_r0_c1.jpg,8825,27.9,,48,78.7,0,0,0,0,0,0.0,0.0,1506.0,0.0,25.2,8.4,0.0,0.0,,2026-05-09 04:19:24
germ-germinadorap-de5832|LOT-20260506-651F-009|r0_c1|rep0,LOT-20260506-651F-009:B1:R0,germ-germinadorap-de5832,LOT-20260506-651F-009,B1,0,1,0,Betabel,,c4,vigorosa,2026-05-10 16:39:40,4684,manual,2026-05-09 04:34:21,2026-05-06 21:07:49,55.44,3,cg_1778301259375_2,4339,cam2_20260508_223421.jpg,crops/cam2_20260508_223421_r0_c1.jpg,4341,cam2_20260508_223425.jpg,crops/cam2_20260508_223425_r0_c1.jpg,8844,27.9,,55,66.1,0,0,0,0,0,0.0,0.0,1506.0,0.0,25.2,8.4,0.0,0.0,,2026-05-09 04:34:26
germ-germinadorap-de5832|LOT-20260506-651F-009|r0_c1|rep0,LOT-20260506-651F-009:B1:R0,germ-germinadorap-de5832,LOT-20260506-651F-009,B1,0,1,0,Betabel,,c4,vigorosa,2026-05-10 16:39:40,4684,manual,2026-05-09 04:49:21,2026-05-06 21:07:49,55.69,3,cg_1778302159381_2,4343,cam2_20260508_224921.jpg,crops/cam2_20260508_224921_r0_c1.jpg,4345,cam2_20260508_224925.jpg,crops/cam2_20260508_224925_r0_c1.jpg,8856,27.8,,52,61.6,0,0,0,0,0,0.0,0.0,1506.0,0.0,25.2,8.4,0.0,0.0,,2026-05-09 04:49:26
germ-germinadorap-de5832|LOT-20260506-651F-009|r0_c1|rep0,LOT-20260506-651F-009:B1:R0,germ-germinadorap-de5832,LOT-20260506-651F-009,B1,0,1,0,Betabel,,c4,vigorosa,2026-05-10 16:39:40,4684,manual,2026-05-09 05:04:21,2026-05-06 21:07:49,55.94,3,cg_1778303059428_2,4347,cam2_20260508_230420.jpg,crops/cam2_20260508_230420_r0_c1.jpg,4349,cam2_20260508_230425.jpg,crops/cam2_20260508_230425_r0_c1.jpg,8868,27.8,,48,67,0,0,0,0,0,0.0,0.0,1506.0,0.0,25.2,8.4,0.0,0.0,,2026-05-09 05:04:26
germ-germinadorap-de5832|LOT-20260506-651F-009|r0_c1|rep0,LOT-20260506-651F-009:B1:R0,germ-germinadorap-de5832,LOT-20260506-651F-009,B1,0,1,0,Betabel,,c4,vigorosa,2026-05-10 16:39:40,4684,manual,2026-05-09 05:19:21,2026-05-06 21:07:49,56.19,3,cg_1778303959400_2,4351,cam2_20260508_231921.jpg,crops/cam2_20260508_231921_r0_c1.jpg,4353,cam2_20260508_231925.jpg,crops/cam2_20260508_231925_r0_c1.jpg,8880,27.8,,54,66.1,0,0,0,0,0,0.0,0.0,1506.0,0.0,25.2,8.4,0.0,0.0,,2026-05-09 05:19:26
germ-germinadorap-de5832|LOT-20260506-651F-009|r0_c1|rep0,LOT-20260506-651F-009:B1:R0,germ-germinadorap-de5832,LOT-20260506-651F-009,B1,0,1,0,Betabel,,c4,vigorosa,2026-05-10 16:39:40,4684,manual,2026-05-09 05:34:21,2026-05-06 21:07:49,56.44,3,cg_1778304859409_2,4354,cam2_20260508_233420.jpg,crops/cam2_20260508_233420_r0_c1.jpg,4356,cam2_20260508_233423.jpg,crops/cam2_20260508_233423_r0_c1.jpg,8885,27.7,,46,72.3,0,0,0,0,0,0.0,0.0,1506.0,0.0,25.2,8.4,0.0,0.0,,2026-05-09 05:34:24
germ-germinadorap-de5832|LOT-20260506-651F-009|r0_c1|rep0,LOT-20260506-651F-009:B1:R0,germ-germinadorap-de5832,LOT-20260506-651F-009,B1,0,1,0,Betabel,,c4,vigorosa,2026-05-10 16:39:40,4684,manual,2026-05-09 05:49:21,2026-05-06 21:07:49,56.69,3,cg_1778305759410_2,4359,cam2_20260508_234921.jpg,crops/cam2_20260508_234921_r0_c1.jpg,4361,cam2_20260508_234925.jpg,crops/cam2_20260508_234925_r0_c1.jpg,8904,26.9,,43,49.7,0,0,0,0,0,0.0,0.0,1507.0,0.0,25.2,8.4,0.0,0.0,,2026-05-09 05:49:26
germ-germinadorap-de5832|LOT-20260506-651F-009|r0_c1|rep0,LOT-20260506-651F-009:B1:R0,germ-germinadorap-de5832,LOT-20260506-651F-009,B1,0,1,0,Betabel,,c4,vigorosa,2026-05-10 16:39:40,4684,manual,2026-05-09 06:04:21,2026-05-06 21:07:49,56.94,3,cg_1778306659412_2,4362,cam2_20260509_000421.jpg,crops/cam2_20260509_000421_r0_c1.jpg,4364,cam2_20260509_000423.jpg,crops/cam2_20260509_000423_r0_c1.jpg,8909,26.7,,43,49.5,0,0,0,0,0,0.0,0.0,1507.0,0.0,25.2,8.4,0.0,0.0,,2026-05-09 06:04:24
germ-germinadorap-de5832|LOT-20260506-651F-009|r0_c1|rep0,LOT-20260506-651F-009:B1:R0,germ-germinadorap-de5832,LOT-20260506-651F-009,B1,0,1,0,Betabel,,c4,vigorosa,2026-05-10 16:39:40,4684,manual,2026-05-09 06:19:21,2026-05-06 21:07:49,57.19,3,cg_1778307559426_2,4366,cam2_20260509_001920.jpg,crops/cam2_20260509_001920_r0_c1.jpg,4368,cam2_20260509_001923.jpg,crops/cam2_20260509_001923_r0_c1.jpg,8921,26.6,,43,49.6,0,0,0,0,0,0.0,0.0,1507.0,0.0,25.2,8.4,0.0,0.0,,2026-05-09 06:19:24
germ-germinadorap-de5832|LOT-20260506-651F-009|r0_c1|rep0,LOT-20260506-651F-009:B1:R0,germ-germinadorap-de5832,LOT-20260506-651F-009,B1,0,1,0,Betabel,,c4,vigorosa,2026-05-10 16:39:40,4684,manual,2026-05-09 06:34:21,2026-05-06 21:07:49,57.44,3,cg_1778308459433_2,4370,cam2_20260509_003420.jpg,crops/cam2_20260509_003420_r0_c1.jpg,4372,cam2_20260509_003423.jpg,crops/cam2_20260509_003423_r0_c1.jpg,8933,26.5,,44,48.9,0,0,0,0,0,0.0,0.0,1507.0,0.0,25.2,8.4,0.0,0.0,,2026-05-09 06:34:24
germ-germinadorap-de5832|LOT-20260506-651F-009|r0_c1|rep0,LOT-20260506-651F-009:B1:R0,germ-germinadorap-de5832,LOT-20260506-651F-009,B1,0,1,0,Betabel,,c4,vigorosa,2026-05-10 16:39:40,4684,manual,2026-05-09 06:49:21,2026-05-06 21:07:49,57.69,3,cg_1778309359442_2,4375,cam2_20260509_004921.jpg,crops/cam2_20260509_004921_r0_c1.jpg,4377,cam2_20260509_004925.jpg,crops/cam2_20260509_004925_r0_c1.jpg,8952,26.1,,47,48.4,0,0,0,0,0,0.0,0.0,1507.0,0.0,25.2,8.4,0.0,0.0,,2026-05-09 06:49:26
germ-germinadorap-de5832|LOT-20260506-651F-009|r0_c1|rep0,LOT-20260506-651F-009:B1:R0,germ-germinadorap-de5832,LOT-20260506-651F-009,B1,0,1,0,Betabel,,c4,vigorosa,2026-05-10 16:39:40,4684,manual,2026-05-09 07:04:37,2026-05-06 21:07:49,57.95,3,cg_1778310275254_2,4379,cam2_20260509_010436.jpg,crops/cam2_20260509_010436_r0_c1.jpg,4381,cam2_20260509_010441.jpg,crops/cam2_20260509_010441_r0_c1.jpg,8964,26.8,,47,46.4,0,0,0,0,0,0.0,0.0,1507.0,0.0,25.2,8.4,0.0,0.0,,2026-05-09 07:04:42
germ-germinadorap-de5832|LOT-20260506-651F-009|r0_c1|rep0,LOT-20260506-651F-009:B1:R0,germ-germinadorap-de5832,LOT-20260506-651F-009,B1,0,1,0,Betabel,,c4,vigorosa,2026-05-10 16:39:40,4684,manual,2026-05-09 07:19:37,2026-05-06 21:07:49,58.20,3,cg_1778311175541_2,4383,cam2_20260509_011937.jpg,crops/cam2_20260509_011937_r0_c1.jpg,4385,cam2_20260509_011941.jpg,crops/cam2_20260509_011941_r0_c1.jpg,8976,27.3,,52,48.8,0,0,0,0,0,0.0,0.0,1507.0,0.0,25.2,8.4,0.0,0.0,,2026-05-09 07:19:42
germ-germinadorap-de5832|LOT-20260506-651F-009|r0_c1|rep0,LOT-20260506-651F-009:B1:R0,germ-germinadorap-de5832,LOT-20260506-651F-009,B1,0,1,0,Betabel,,c4,vigorosa,2026-05-10 16:39:40,4684,manual,2026-05-09 07:34:42,2026-05-06 21:07:49,58.45,3,cg_1778312079978_2,4387,cam2_20260509_013442.jpg,crops/cam2_20260509_013442_r0_c1.jpg,4389,cam2_20260509_013446.jpg,crops/cam2_20260509_013446_r0_c1.jpg,8988,27.3,,53,49,0,0,0,0,0,0.0,0.0,1507.0,0.0,25.2,8.4,0.0,0.0,,2026-05-09 07:34:47
germ-germinadorap-de5832|LOT-20260506-651F-009|r0_c1|rep0,LOT-20260506-651F-009:B1:R0,germ-germinadorap-de5832,LOT-20260506-651F-009,B1,0,1,0,Betabel,,c4,vigorosa,2026-05-10 16:39:40,4684,manual,2026-05-09 07:50:26,2026-05-06 21:07:49,58.71,3,cg_1778313024403_2,4391,cam2_20260509_015026.jpg,crops/cam2_20260509_015026_r0_c1.jpg,4393,cam2_20260509_015030.jpg,crops/cam2_20260509_015030_r0_c1.jpg,9000,27.3,,56,48.4,0,0,0,0,0,0.0,0.0,1509.0,0.0,25.2,8.4,0.0,0.0,,2026-05-09 07:50:31
germ-germinadorap-de5832|LOT-20260506-651F-009|r0_c1|rep0,LOT-20260506-651F-009:B1:R0,germ-germinadorap-de5832,LOT-20260506-651F-009,B1,0,1,0,Betabel,,c4,vigorosa,2026-05-10 16:39:40,4684,manual,2026-05-09 08:05:26,2026-05-06 21:07:49,58.96,3,cg_1778313924403_2,4395,cam2_20260509_020526.jpg,crops/cam2_20260509_020526_r0_c1.jpg,4397,cam2_20260509_020530.jpg,crops/cam2_20260509_020530_r0_c1.jpg,9012,27.5,,57,48.9,0,0,0,0,0,0.0,0.0,1509.0,0.0,25.3,8.4,0.0,0.0,,2026-05-09 08:05:31
germ-germinadorap-de5832|LOT-20260506-651F-009|r0_c1|rep0,LOT-20260506-651F-009:B1:R0,germ-germinadorap-de5832,LOT-20260506-651F-009,B1,0,1,0,Betabel,,c4,vigorosa,2026-05-10 16:39:40,4684,manual,2026-05-09 08:20:26,2026-05-06 21:07:49,59.21,3,cg_1778314824401_2,4398,cam2_20260509_022025.jpg,crops/cam2_20260509_022025_r0_c1.jpg,4400,cam2_20260509_022028.jpg,crops/cam2_20260509_022028_r0_c1.jpg,9017,27.4,,56,49.8,0,0,0,0,0,0.0,0.0,1509.0,0.0,25.5,8.5,0.0,0.0,,2026-05-09 08:20:29
germ-germinadorap-de5832|LOT-20260506-651F-009|r0_c1|rep0,LOT-20260506-651F-009:B1:R0,germ-germinadorap-de5832,LOT-20260506-651F-009,B1,0,1,0,Betabel,,c4,vigorosa,2026-05-10 16:39:40,4684,manual,2026-05-09 08:35:26,2026-05-06 21:07:49,59.46,3,cg_1778315724402_2,4402,cam2_20260509_023525.jpg,crops/cam2_20260509_023525_r0_c1.jpg,4404,cam2_20260509_023528.jpg,crops/cam2_20260509_023528_r0_c1.jpg,9029,27.5,,56,49,0,0,0,0,0,0.0,0.0,1509.0,0.0,25.8,8.6,0.0,0.0,,2026-05-09 08:35:29
germ-germinadorap-de5832|LOT-20260506-651F-009|r0_c1|rep0,LOT-20260506-651F-009:B1:R0,germ-germinadorap-de5832,LOT-20260506-651F-009,B1,0,1,0,Betabel,,c4,vigorosa,2026-05-10 16:39:40,4684,manual,2026-05-09 08:50:26,2026-05-06 21:07:49,59.71,3,cg_1778316624405_2,4406,cam2_20260509_025025.jpg,crops/cam2_20260509_025025_r0_c1.jpg,4408,cam2_20260509_025028.jpg,crops/cam2_20260509_025028_r0_c1.jpg,9041,27.4,,56,48.6,0,0,0,0,0,0.0,0.0,1509.0,0.0,26.0,8.7,0.0,0.0,,2026-05-09 08:50:29
germ-germinadorap-de5832|LOT-20260506-651F-009|r0_c1|rep0,LOT-20260506-651F-009:B1:R0,germ-germinadorap-de5832,LOT-20260506-651F-009,B1,0,1,0,Betabel,,c4,vigorosa,2026-05-10 16:39:40,4684,manual,2026-05-09 09:05:26,2026-05-06 21:07:49,59.96,3,cg_1778317524406_2,4410,cam2_20260509_030525.jpg,crops/cam2_20260509_030525_r0_c1.jpg,4412,cam2_20260509_030528.jpg,crops/cam2_20260509_030528_r0_c1.jpg,9053,27.3,,54,48.6,0,0,0,0,0,0.0,0.0,1509.0,0.0,26.3,8.8,0.0,0.0,,2026-05-09 09:05:29
germ-germinadorap-de5832|LOT-20260506-651F-009|r0_c1|rep0,LOT-20260506-651F-009:B1:R0,germ-germinadorap-de5832,LOT-20260506-651F-009,B1,0,1,0,Betabel,,c4,vigorosa,2026-05-10 16:39:40,4684,manual,2026-05-09 09:20:26,2026-05-06 21:07:49,60.21,3,cg_1778318424405_2,4414,cam2_20260509_032025.jpg,crops/cam2_20260509_032025_r0_c1.jpg,4416,cam2_20260509_032028.jpg,crops/cam2_20260509_032028_r0_c1.jpg,9065,27.5,,55,48.6,0,0,0,0,0,0.0,0.0,1509.0,0.0,26.5,8.8,0.0,0.0,,2026-05-09 09:20:29
germ-germinadorap-de5832|LOT-20260506-651F-009|r0_c1|rep0,LOT-20260506-651F-009:B1:R0,germ-germinadorap-de5832,LOT-20260506-651F-009,B1,0,1,0,Betabel,,c4,vigorosa,2026-05-10 16:39:40,4684,manual,2026-05-09 09:35:27,2026-05-06 21:07:49,60.46,3,cg_1778319324408_2,4419,cam2_20260509_033527.jpg,crops/cam2_20260509_033527_r0_c1.jpg,4421,cam2_20260509_033530.jpg,crops/cam2_20260509_033530_r0_c1.jpg,9084,27.2,,54,47.6,0,0,0,0,0,0.0,0.0,1509.0,0.0,26.8,8.9,0.0,0.0,,2026-05-09 09:35:31
germ-germinadorap-de5832|LOT-20260506-651F-009|r0_c1|rep0,LOT-20260506-651F-009:B1:R0,germ-germinadorap-de5832,LOT-20260506-651F-009,B1,0,1,0,Betabel,,c4,vigorosa,2026-05-10 16:39:40,4684,manual,2026-05-09 09:50:40,2026-05-06 21:07:49,60.71,3,cg_1778320224410_2,4422,cam2_20260509_035040.jpg,crops/cam2_20260509_035040_r0_c1.jpg,4423,cam2_20260509_035042.jpg,crops/cam2_20260509_035042_r0_c1.jpg,9089,27.3,,56,42.5,0,0,0,0,0,0.0,0.0,1509.0,0.0,27.0,9.0,0.0,0.0,,2026-05-09 09:50:44
germ-germinadorap-de5832|LOT-20260506-651F-009|r0_c1|rep0,LOT-20260506-651F-009:B1:R0,germ-germinadorap-de5832,LOT-20260506-651F-009,B1,0,1,0,Betabel,,c4,vigorosa,2026-05-10 16:39:40,4684,manual,2026-05-09 10:05:26,2026-05-06 21:07:49,60.96,3,cg_1778321124410_2,4425,cam2_20260509_040526.jpg,crops/cam2_20260509_040526_r0_c1.jpg,4427,cam2_20260509_040530.jpg,crops/cam2_20260509_040530_r0_c1.jpg,9101,27.3,,55,47.8,0,0,0,0,0,0.0,0.0,1509.0,0.0,27.3,9.1,0.0,0.0,,2026-05-09 10:05:31
germ-germinadorap-de5832|LOT-20260506-651F-009|r0_c1|rep0,LOT-20260506-651F-009:B1:R0,germ-germinadorap-de5832,LOT-20260506-651F-009,B1,0,1,0,Betabel,,c4,vigorosa,2026-05-10 16:39:40,4684,manual,2026-05-09 10:20:26,2026-05-06 21:07:49,61.21,3,cg_1778322024409_2,4428,cam2_20260509_042026.jpg,crops/cam2_20260509_042026_r0_c1.jpg,4430,cam2_20260509_042028.jpg,crops/cam2_20260509_042028_r0_c1.jpg,9106,27.3,,55,47.7,0,0,0,0,0,0.0,0.0,1509.0,0.0,27.5,9.2,0.0,0.0,,2026-05-09 10:20:29
germ-germinadorap-de5832|LOT-20260506-651F-009|r0_c1|rep0,LOT-20260506-651F-009:B1:R0,germ-germinadorap-de5832,LOT-20260506-651F-009,B1,0,1,0,Betabel,,c4,vigorosa,2026-05-10 16:39:40,4684,manual,2026-05-09 10:35:26,2026-05-06 21:07:49,61.46,3,cg_1778322924413_2,4432,cam2_20260509_043525.jpg,crops/cam2_20260509_043525_r0_c1.jpg,4434,cam2_20260509_043528.jpg,crops/cam2_20260509_043528_r0_c1.jpg,9118,27.2,,55,47.6,0,0,0,0,0,0.0,0.0,1509.0,0.0,27.8,9.3,0.0,0.0,,2026-05-09 10:35:29
germ-germinadorap-de5832|LOT-20260506-651F-009|r0_c1|rep0,LOT-20260506-651F-009:B1:R0,germ-germinadorap-de5832,LOT-20260506-651F-009,B1,0,1,0,Betabel,,c4,vigorosa,2026-05-10 16:39:40,4684,manual,2026-05-09 10:50:26,2026-05-06 21:07:49,61.71,3,cg_1778323824415_2,4436,cam2_20260509_045025.jpg,crops/cam2_20260509_045025_r0_c1.jpg,4438,cam2_20260509_045028.jpg,crops/cam2_20260509_045028_r0_c1.jpg,9130,27.3,,54,47.4,0,0,0,0,0,0.0,0.0,1509.0,0.0,28.0,9.3,0.0,0.0,,2026-05-09 10:50:29
germ-germinadorap-de5832|LOT-20260506-651F-009|r0_c1|rep0,LOT-20260506-651F-009:B1:R0,germ-germinadorap-de5832,LOT-20260506-651F-009,B1,0,1,0,Betabel,,c4,vigorosa,2026-05-10 16:39:40,4684,manual,2026-05-09 11:05:26,2026-05-06 21:07:49,61.96,3,cg_1778324724418_2,4441,cam2_20260509_050526.jpg,crops/cam2_20260509_050526_r0_c1.jpg,4443,cam2_20260509_050530.jpg,crops/cam2_20260509_050530_r0_c1.jpg,9149,27.2,,54,47.2,0,0,0,0,0,0.0,0.0,1509.0,0.0,28.3,9.4,0.0,0.0,,2026-05-09 11:05:31
germ-germinadorap-de5832|LOT-20260506-651F-009|r0_c1|rep0,LOT-20260506-651F-009:B1:R0,germ-germinadorap-de5832,LOT-20260506-651F-009,B1,0,1,0,Betabel,,c4,vigorosa,2026-05-10 16:39:40,4684,manual,2026-05-09 11:20:26,2026-05-06 21:07:49,62.21,3,cg_1778325624420_2,4445,cam2_20260509_052026.jpg,crops/cam2_20260509_052026_r0_c1.jpg,4447,cam2_20260509_052030.jpg,crops/cam2_20260509_052030_r0_c1.jpg,9161,27.3,,54,46.9,0,0,0,0,0,0.0,0.0,1509.0,0.0,28.5,9.5,0.0,0.0,,2026-05-09 11:20:31
germ-germinadorap-de5832|LOT-20260506-651F-009|r0_c1|rep0,LOT-20260506-651F-009:B1:R0,germ-germinadorap-de5832,LOT-20260506-651F-009,B1,0,1,0,Betabel,,c4,vigorosa,2026-05-10 16:39:40,4684,manual,2026-05-09 11:35:26,2026-05-06 21:07:49,62.46,3,cg_1778326524423_2,4448,cam2_20260509_053525.jpg,crops/cam2_20260509_053525_r0_c1.jpg,4450,cam2_20260509_053528.jpg,crops/cam2_20260509_053528_r0_c1.jpg,9166,27.2,,55,47,0,0,0,0,0,0.0,0.0,1510.0,0.0,28.8,9.6,0.0,0.0,,2026-05-09 11:35:29
germ-germinadorap-de5832|LOT-20260506-651F-009|r0_c1|rep0,LOT-20260506-651F-009:B1:R0,germ-germinadorap-de5832,LOT-20260506-651F-009,B1,0,1,0,Betabel,,c4,vigorosa,2026-05-10 16:39:40,4684,manual,2026-05-09 11:50:26,2026-05-06 21:07:49,62.71,3,cg_1778327424427_2,4453,cam2_20260509_055026.jpg,crops/cam2_20260509_055026_r0_c1.jpg,4455,cam2_20260509_055030.jpg,crops/cam2_20260509_055030_r0_c1.jpg,9185,27.2,,56,46.6,0,0,0,0,0,0.0,0.0,1510.0,0.0,29.0,9.7,0.0,0.0,,2026-05-09 11:50:31
germ-germinadorap-de5832|LOT-20260506-651F-009|r0_c1|rep0,LOT-20260506-651F-009:B1:R0,germ-germinadorap-de5832,LOT-20260506-651F-009,B1,0,1,0,Betabel,,c4,vigorosa,2026-05-10 16:39:40,4684,manual,2026-05-09 12:05:26,2026-05-06 21:07:49,62.96,3,cg_1778328324427_2,4457,cam2_20260509_060526.jpg,crops/cam2_20260509_060526_r0_c1.jpg,4459,cam2_20260509_060530.jpg,crops/cam2_20260509_060530_r0_c1.jpg,9197,27.2,,55,46.7,0,0,0,0,0,0.0,0.0,1510.0,0.0,29.3,9.8,0.0,0.0,,2026-05-09 12:05:31
germ-germinadorap-de5832|LOT-20260506-651F-009|r0_c1|rep0,LOT-20260506-651F-009:B1:R0,germ-germinadorap-de5832,LOT-20260506-651F-009,B1,0,1,0,Betabel,,c4,vigorosa,2026-05-10 16:39:40,4684,manual,2026-05-09 12:20:26,2026-05-06 21:07:49,63.21,3,cg_1778329224427_2,4460,cam2_20260509_062025.jpg,crops/cam2_20260509_062025_r0_c1.jpg,4462,cam2_20260509_062028.jpg,crops/cam2_20260509_062028_r0_c1.jpg,9202,27.1,,55,46.9,0,0,0,0,0,0.0,0.0,1510.0,0.0,29.5,9.8,0.0,0.0,,2026-05-09 12:20:29
germ-germinadorap-de5832|LOT-20260506-651F-009|r0_c1|rep0,LOT-20260506-651F-009:B1:R0,germ-germinadorap-de5832,LOT-20260506-651F-009,B1,0,1,0,Betabel,,c4,vigorosa,2026-05-10 16:39:40,4684,manual,2026-05-09 12:35:26,2026-05-06 21:07:49,63.46,3,cg_1778330124428_2,4464,cam2_20260509_063525.jpg,crops/cam2_20260509_063525_r0_c1.jpg,4466,cam2_20260509_063528.jpg,crops/cam2_20260509_063528_r0_c1.jpg,9214,27.2,,53,46.8,0,0,0,0,0,0.0,0.0,1510.0,0.0,29.8,9.9,0.0,0.0,,2026-05-09 12:35:29
germ-germinadorap-de5832|LOT-20260506-651F-009|r0_c1|rep0,LOT-20260506-651F-009:B1:R0,germ-germinadorap-de5832,LOT-20260506-651F-009,B1,0,1,0,Betabel,,c4,vigorosa,2026-05-10 16:39:40,4684,manual,2026-05-09 12:50:26,2026-05-06 21:07:49,63.71,3,cg_1778331024429_2,4468,cam2_20260509_065025.jpg,crops/cam2_20260509_065025_r0_c1.jpg,4470,cam2_20260509_065028.jpg,crops/cam2_20260509_065028_r0_c1.jpg,9226,27.3,,56,46,0,0,0,0,0,0.0,0.0,1510.0,0.0,30.0,10.0,0.0,0.0,,2026-05-09 12:50:29
germ-germinadorap-de5832|LOT-20260506-651F-009|r0_c1|rep0,LOT-20260506-651F-009:B1:R0,germ-germinadorap-de5832,LOT-20260506-651F-009,B1,0,1,0,Betabel,,c4,vigorosa,2026-05-10 16:39:40,4684,manual,2026-05-09 13:05:26,2026-05-06 21:07:49,63.96,3,cg_1778331924430_2,4473,cam2_20260509_070525.jpg,crops/cam2_20260509_070525_r0_c1.jpg,4475,cam2_20260509_070530.jpg,crops/cam2_20260509_070530_r0_c1.jpg,9245,27.1,,52,46.1,0,0,0,0,0,0.0,0.0,1510.0,0.0,30.3,10.1,0.0,0.0,,2026-05-09 13:05:31
germ-germinadorap-de5832|LOT-20260506-651F-009|r0_c1|rep0,LOT-20260506-651F-009:B1:R0,germ-germinadorap-de5832,LOT-20260506-651F-009,B1,0,1,0,Betabel,,c4,vigorosa,2026-05-10 16:39:40,4684,manual,2026-05-09 13:20:26,2026-05-06 21:07:49,64.21,3,cg_1778332824434_2,4477,cam2_20260509_072026.jpg,crops/cam2_20260509_072026_r0_c1.jpg,4479,cam2_20260509_072030.jpg,crops/cam2_20260509_072030_r0_c1.jpg,9257,27.1,,54,45.9,0,0,0,0,0,0.0,0.0,1510.0,0.0,30.5,10.2,0.0,0.0,,2026-05-09 13:20:31
germ-germinadorap-de5832|LOT-20260506-651F-009|r0_c1|rep0,LOT-20260506-651F-009:B1:R0,germ-germinadorap-de5832,LOT-20260506-651F-009,B1,0,1,0,Betabel,,c4,vigorosa,2026-05-10 16:39:40,4684,manual,2026-05-09 13:35:26,2026-05-06 21:07:49,64.46,3,cg_1778333724434_2,4480,cam2_20260509_073525.jpg,crops/cam2_20260509_073525_r0_c1.jpg,4482,cam2_20260509_073528.jpg,crops/cam2_20260509_073528_r0_c1.jpg,9262,27.1,,54,44.9,0,0,0,0,0,0.0,0.0,1510.0,0.0,30.8,10.3,0.0,0.0,,2026-05-09 13:35:29
germ-germinadorap-de5832|LOT-20260506-651F-009|r0_c1|rep0,LOT-20260506-651F-009:B1:R0,germ-germinadorap-de5832,LOT-20260506-651F-009,B1,0,1,0,Betabel,,c4,vigorosa,2026-05-10 16:39:40,4684,manual,2026-05-09 13:50:26,2026-05-06 21:07:49,64.71,3,cg_1778334624435_2,4485,cam2_20260509_075026.jpg,crops/cam2_20260509_075026_r0_c1.jpg,4487,cam2_20260509_075030.jpg,crops/cam2_20260509_075030_r0_c1.jpg,9281,27,,55,45.1,0,0,0,0,0,0.0,0.0,1510.0,0.0,31.0,10.3,0.0,0.0,,2026-05-09 13:50:31
germ-germinadorap-de5832|LOT-20260506-651F-009|r0_c1|rep0,LOT-20260506-651F-009:B1:R0,germ-germinadorap-de5832,LOT-20260506-651F-009,B1,0,1,0,Betabel,,c4,vigorosa,2026-05-10 16:39:40,4684,manual,2026-05-09 14:05:26,2026-05-06 21:07:49,64.96,3,cg_1778335524442_2,4488,cam2_20260509_080525.jpg,crops/cam2_20260509_080525_r0_c1.jpg,4490,cam2_20260509_080528.jpg,crops/cam2_20260509_080528_r0_c1.jpg,9286,27.3,,52,45.5,0,0,0,0,0,0.0,0.0,1515.0,0.0,31.3,10.4,0.0,0.0,,2026-05-09 14:05:29
germ-germinadorap-de5832|LOT-20260506-651F-009|r0_c1|rep0,LOT-20260506-651F-009:B1:R0,germ-germinadorap-de5832,LOT-20260506-651F-009,B1,0,1,0,Betabel,,c4,vigorosa,2026-05-10 16:39:40,4684,manual,2026-05-09 14:20:26,2026-05-06 21:07:49,65.21,3,cg_1778336424448_2,4492,cam2_20260509_082025.jpg,crops/cam2_20260509_082025_r0_c1.jpg,4494,cam2_20260509_082028.jpg,crops/cam2_20260509_082028_r0_c1.jpg,9298,27.5,,50,44.7,0,0,0,0,0,0.0,0.0,1530.0,0.0,31.5,10.5,0.0,0.0,,2026-05-09 14:20:29
germ-germinadorap-de5832|LOT-20260506-651F-009|r0_c1|rep0,LOT-20260506-651F-009:B1:R0,germ-germinadorap-de5832,LOT-20260506-651F-009,B1,0,1,0,Betabel,,c4,vigorosa,2026-05-10 16:39:40,4684,manual,2026-05-09 14:35:26,2026-05-06 21:07:49,65.46,3,cg_1778337324477_2,4496,cam2_20260509_083525.jpg,crops/cam2_20260509_083525_r0_c1.jpg,4498,cam2_20260509_083528.jpg,crops/cam2_20260509_083528_r0_c1.jpg,9310,27.8,,50,44.9,0,0,0,0,0,0.0,0.0,1545.0,0.0,31.8,10.6,0.0,0.0,,2026-05-09 14:35:29
germ-germinadorap-de5832|LOT-20260506-651F-009|r0_c1|rep0,LOT-20260506-651F-009:B1:R0,germ-germinadorap-de5832,LOT-20260506-651F-009,B1,0,1,0,Betabel,,c4,vigorosa,2026-05-10 16:39:40,4684,manual,2026-05-09 14:50:26,2026-05-06 21:07:49,65.71,3,cg_1778338224478_2,4500,cam2_20260509_085025.jpg,crops/cam2_20260509_085025_r0_c1.jpg,4502,cam2_20260509_085028.jpg,crops/cam2_20260509_085028_r0_c1.jpg,9322,27.9,,50,42.3,0,0,0,0,0,0.0,0.0,1560.0,0.0,32.0,10.7,0.0,0.0,,2026-05-09 14:50:29
germ-germinadorap-de5832|LOT-20260506-651F-009|r0_c1|rep0,LOT-20260506-651F-009:B1:R0,germ-germinadorap-de5832,LOT-20260506-651F-009,B1,0,1,0,Betabel,,c4,vigorosa,2026-05-10 16:39:40,4684,manual,2026-05-09 15:05:30,2026-05-06 21:07:49,65.96,3,cg_1778339124480_2,4505,cam2_20260509_090529.jpg,crops/cam2_20260509_090529_r0_c1.jpg,4507,cam2_20260509_090534.jpg,crops/cam2_20260509_090534_r0_c1.jpg,9341,28.1,,50,44.8,0,0,0,0,0,0.0,0.0,1575.0,0.0,32.3,10.8,0.0,0.0,,2026-05-09 15:05:35
germ-germinadorap-de5832|LOT-20260506-651F-009|r0_c1|rep0,LOT-20260506-651F-009:B1:R0,germ-germinadorap-de5832,LOT-20260506-651F-009,B1,0,1,0,Betabel,,c4,vigorosa,2026-05-10 16:39:40,4684,manual,2026-05-09 22:54:44,2026-05-06 21:07:49,73.78,4,cg_1778367281970_2,4509,cam2_20260509_165443.jpg,crops/cam2_20260509_165443_r0_c1.jpg,4511,cam2_20260509_165449.jpg,crops/cam2_20260509_165449_r0_c1.jpg,9353,26.5,,48,0,0,0,0,0,0,0.0,0.0,2044.0,0.0,37.3,9.3,0.0,0.0,,2026-05-09 22:54:50
germ-germinadorap-de5832|LOT-20260506-651F-009|r0_c1|rep0,LOT-20260506-651F-009:B1:R0,germ-germinadorap-de5832,LOT-20260506-651F-009,B1,0,1,0,Betabel,,c4,vigorosa,2026-05-10 16:39:40,4684,manual,2026-05-09 23:09:43,2026-05-06 21:07:49,74.03,4,cg_1778368181986_2,4512,cam2_20260509_170943.jpg,crops/cam2_20260509_170943_r0_c1.jpg,4514,cam2_20260509_170945.jpg,crops/cam2_20260509_170945_r0_c1.jpg,9358,27,,59,0,0,0,0,0,0,0.0,0.0,2059.0,0.0,37.4,9.3,0.0,0.0,,2026-05-09 23:09:46
germ-germinadorap-de5832|LOT-20260506-651F-009|r0_c1|rep0,LOT-20260506-651F-009:B1:R0,germ-germinadorap-de5832,LOT-20260506-651F-009,B1,0,1,0,Betabel,,c4,vigorosa,2026-05-10 16:39:40,4684,manual,2026-05-09 23:24:43,2026-05-06 21:07:49,74.28,4,cg_1778369081986_2,4516,cam2_20260509_172443.jpg,crops/cam2_20260509_172443_r0_c1.jpg,4518,cam2_20260509_172445.jpg,crops/cam2_20260509_172445_r0_c1.jpg,9370,27.3,,53,0,0,0,0,0,0,0.0,0.0,2074.0,0.0,37.4,9.3,0.0,0.0,,2026-05-09 23:24:47
germ-germinadorap-de5832|LOT-20260506-651F-009|r0_c1|rep0,LOT-20260506-651F-009:B1:R0,germ-germinadorap-de5832,LOT-20260506-651F-009,B1,0,1,0,Betabel,,c4,vigorosa,2026-05-10 16:39:40,4684,manual,2026-05-09 23:39:43,2026-05-06 21:07:49,74.53,4,cg_1778369981990_2,4520,cam2_20260509_173943.jpg,crops/cam2_20260509_173943_r0_c1.jpg,4522,cam2_20260509_173945.jpg,crops/cam2_20260509_173945_r0_c1.jpg,9382,27.6,,51,0,0,0,0,0,0,0.0,0.0,2089.0,0.0,37.4,9.3,0.0,0.0,,2026-05-09 23:39:47
germ-germinadorap-de5832|LOT-20260506-651F-009|r0_c1|rep0,LOT-20260506-651F-009:B1:R0,germ-germinadorap-de5832,LOT-20260506-651F-009,B1,0,1,0,Betabel,,c4,vigorosa,2026-05-10 16:39:40,4684,manual,2026-05-09 23:54:43,2026-05-06 21:07:49,74.78,4,cg_1778370881996_2,4524,cam2_20260509_175443.jpg,crops/cam2_20260509_175443_r0_c1.jpg,4526,cam2_20260509_175446.jpg,crops/cam2_20260509_175446_r0_c1.jpg,9394,27.9,,49,0,0,0,0,0,0,0.0,0.0,2104.0,0.0,37.4,9.3,0.0,0.0,,2026-05-09 23:54:47
germ-germinadorap-de5832|LOT-20260506-651F-009|r0_c1|rep0,LOT-20260506-651F-009:B1:R0,germ-germinadorap-de5832,LOT-20260506-651F-009,B1,0,1,0,Betabel,,c4,vigorosa,2026-05-10 16:39:40,4684,manual,2026-05-10 00:09:43,2026-05-06 21:07:49,75.03,4,cg_1778371781996_2,4528,cam2_20260509_180943.jpg,crops/cam2_20260509_180943_r0_c1.jpg,4530,cam2_20260509_180946.jpg,crops/cam2_20260509_180946_r0_c1.jpg,9406,28.1,,50,0,0,0,0,1,0,15.0,0.0,2119.0,0.0,37.4,9.3,0.0,0.0,,2026-05-10 00:09:47
germ-germinadorap-de5832|LOT-20260506-651F-009|r0_c1|rep0,LOT-20260506-651F-009:B1:R0,germ-germinadorap-de5832,LOT-20260506-651F-009,B1,0,1,0,Betabel,,c4,vigorosa,2026-05-10 16:39:40,4684,manual,2026-05-10 00:24:44,2026-05-06 21:07:49,75.28,4,cg_1778372682001_2,4532,cam2_20260509_182443.jpg,crops/cam2_20260509_182443_r0_c1.jpg,4534,cam2_20260509_182446.jpg,crops/cam2_20260509_182446_r0_c1.jpg,9418,28.3,,50,0,0,0,0,0,0,0.0,0.0,2134.0,0.0,37.4,9.3,0.0,0.0,,2026-05-10 00:24:47
germ-germinadorap-de5832|LOT-20260506-651F-009|r0_c1|rep0,LOT-20260506-651F-009:B1:R0,germ-germinadorap-de5832,LOT-20260506-651F-009,B1,0,1,0,Betabel,,c4,vigorosa,2026-05-10 16:39:40,4684,manual,2026-05-10 00:39:43,2026-05-06 21:07:49,75.53,4,cg_1778373582007_2,4536,cam2_20260509_183943.jpg,crops/cam2_20260509_183943_r0_c1.jpg,4538,cam2_20260509_183946.jpg,crops/cam2_20260509_183946_r0_c1.jpg,9430,28.2,,49,0,0,0,0,0,0,0.0,0.0,2149.0,0.0,37.4,9.3,0.0,0.0,,2026-05-10 00:39:47
germ-germinadorap-de5832|LOT-20260506-651F-009|r0_c1|rep0,LOT-20260506-651F-009:B1:R0,germ-germinadorap-de5832,LOT-20260506-651F-009,B1,0,1,0,Betabel,,c4,vigorosa,2026-05-10 16:39:40,4684,manual,2026-05-10 00:54:43,2026-05-06 21:07:49,75.78,4,cg_1778374482006_2,4540,cam2_20260509_185443.jpg,crops/cam2_20260509_185443_r0_c1.jpg,4542,cam2_20260509_185446.jpg,crops/cam2_20260509_185446_r0_c1.jpg,9442,28.4,,50,0,0,0,0,0,0,0.0,0.0,2164.0,0.0,37.4,9.3,0.0,0.0,,2026-05-10 00:54:47
germ-germinadorap-de5832|LOT-20260506-651F-009|r0_c1|rep0,LOT-20260506-651F-009:B1:R0,germ-germinadorap-de5832,LOT-20260506-651F-009,B1,0,1,0,Betabel,,c4,vigorosa,2026-05-10 16:39:40,4684,manual,2026-05-10 01:09:43,2026-05-06 21:07:49,76.03,4,cg_1778375382007_2,4544,cam2_20260509_190943.jpg,crops/cam2_20260509_190943_r0_c1.jpg,4546,cam2_20260509_190945.jpg,crops/cam2_20260509_190945_r0_c1.jpg,9454,28.4,,50,0,0,0,0,0,0,0.0,0.0,2178.0,0.0,37.4,9.3,0.0,0.0,,2026-05-10 01:09:47
germ-germinadorap-de5832|LOT-20260506-651F-009|r0_c1|rep0,LOT-20260506-651F-009:B1:R0,germ-germinadorap-de5832,LOT-20260506-651F-009,B1,0,1,0,Betabel,,c4,vigorosa,2026-05-10 16:39:40,4684,manual,2026-05-10 01:24:43,2026-05-06 21:07:49,76.28,4,cg_1778376282011_2,4548,cam2_20260509_192443.jpg,crops/cam2_20260509_192443_r0_c1.jpg,4550,cam2_20260509_192446.jpg,crops/cam2_20260509_192446_r0_c1.jpg,9466,28.4,,50,0,0,0,0,0,0,0.0,0.0,2193.0,0.0,37.4,9.3,0.0,0.0,,2026-05-10 01:24:47
germ-germinadorap-de5832|LOT-20260506-651F-009|r0_c1|rep0,LOT-20260506-651F-009:B1:R0,germ-germinadorap-de5832,LOT-20260506-651F-009,B1,0,1,0,Betabel,,c4,vigorosa,2026-05-10 16:39:40,4684,manual,2026-05-10 01:39:43,2026-05-06 21:07:49,76.53,4,cg_1778377182012_2,4552,cam2_20260509_193943.jpg,crops/cam2_20260509_193943_r0_c1.jpg,4554,cam2_20260509_193946.jpg,crops/cam2_20260509_193946_r0_c1.jpg,9478,28.5,,50,0,0,0,0,0,0,0.0,0.0,2208.0,0.0,37.4,9.3,0.0,0.0,,2026-05-10 01:39:47
germ-germinadorap-de5832|LOT-20260506-651F-009|r0_c1|rep0,LOT-20260506-651F-009:B1:R0,germ-germinadorap-de5832,LOT-20260506-651F-009,B1,0,1,0,Betabel,,c4,vigorosa,2026-05-10 16:39:40,4684,manual,2026-05-10 01:54:43,2026-05-06 21:07:49,76.78,4,cg_1778378082016_2,4556,cam2_20260509_195443.jpg,crops/cam2_20260509_195443_r0_c1.jpg,4558,cam2_20260509_195446.jpg,crops/cam2_20260509_195446_r0_c1.jpg,9490,28.6,,50,0,0,0,0,0,0,0.0,0.0,2223.0,0.0,37.4,9.3,0.0,0.0,,2026-05-10 01:54:47
germ-germinadorap-de5832|LOT-20260506-651F-009|r0_c1|rep0,LOT-20260506-651F-009:B1:R0,germ-germinadorap-de5832,LOT-20260506-651F-009,B1,0,1,0,Betabel,,c4,vigorosa,2026-05-10 16:39:40,4684,manual,2026-05-10 02:09:43,2026-05-06 21:07:49,77.03,4,cg_1778378982019_2,4560,cam2_20260509_200943.jpg,crops/cam2_20260509_200943_r0_c1.jpg,4562,cam2_20260509_200946.jpg,crops/cam2_20260509_200946_r0_c1.jpg,9502,28.5,,51,0,0,0,0,0,0,0.0,0.0,2228.0,0.0,37.4,9.3,0.0,0.0,,2026-05-10 02:09:47
germ-germinadorap-de5832|LOT-20260506-651F-009|r0_c1|rep0,LOT-20260506-651F-009:B1:R0,germ-germinadorap-de5832,LOT-20260506-651F-009,B1,0,1,0,Betabel,,c4,vigorosa,2026-05-10 16:39:40,4684,manual,2026-05-10 02:24:43,2026-05-06 21:07:49,77.28,4,cg_1778379882020_2,4564,cam2_20260509_202443.jpg,crops/cam2_20260509_202443_r0_c1.jpg,4566,cam2_20260509_202446.jpg,crops/cam2_20260509_202446_r0_c1.jpg,9514,28.3,,52,0,0,0,0,0,0,0.0,0.0,2228.0,0.0,37.4,9.3,0.0,0.0,,2026-05-10 02:24:47
germ-germinadorap-de5832|LOT-20260506-651F-009|r0_c1|rep0,LOT-20260506-651F-009:B1:R0,germ-germinadorap-de5832,LOT-20260506-651F-009,B1,0,1,0,Betabel,,c4,vigorosa,2026-05-10 16:39:40,4684,manual,2026-05-10 02:39:43,2026-05-06 21:07:49,77.53,4,cg_1778380782024_2,4568,cam2_20260509_203943.jpg,crops/cam2_20260509_203943_r0_c1.jpg,4570,cam2_20260509_203946.jpg,crops/cam2_20260509_203946_r0_c1.jpg,9526,28.2,,54,0,0,0,0,0,0,0.0,0.0,2229.0,0.0,37.4,9.3,0.0,0.0,,2026-05-10 02:39:47
germ-germinadorap-de5832|LOT-20260506-651F-009|r0_c1|rep0,LOT-20260506-651F-009:B1:R0,germ-germinadorap-de5832,LOT-20260506-651F-009,B1,0,1,0,Betabel,,c4,vigorosa,2026-05-10 16:39:40,4684,manual,2026-05-10 02:54:43,2026-05-06 21:07:49,77.78,4,cg_1778381682022_2,4572,cam2_20260509_205443.jpg,crops/cam2_20260509_205443_r0_c1.jpg,4574,cam2_20260509_205445.jpg,crops/cam2_20260509_205445_r0_c1.jpg,9538,28,,55,0,0,0,0,0,0,0.0,0.0,2229.0,0.0,37.4,9.3,0.0,0.0,,2026-05-10 02:54:47
germ-germinadorap-de5832|LOT-20260506-651F-009|r0_c1|rep0,LOT-20260506-651F-009:B1:R0,germ-germinadorap-de5832,LOT-20260506-651F-009,B1,0,1,0,Betabel,,c4,vigorosa,2026-05-10 16:39:40,4684,manual,2026-05-10 03:09:43,2026-05-06 21:07:49,78.03,4,cg_1778382582022_2,4576,cam2_20260509_210943.jpg,crops/cam2_20260509_210943_r0_c1.jpg,4578,cam2_20260509_210945.jpg,crops/cam2_20260509_210945_r0_c1.jpg,9550,28,,55,0,0,0,0,0,0,0.0,0.0,2229.0,0.0,37.4,9.3,0.0,0.0,,2026-05-10 03:09:47
germ-germinadorap-de5832|LOT-20260506-651F-009|r0_c1|rep0,LOT-20260506-651F-009:B1:R0,germ-germinadorap-de5832,LOT-20260506-651F-009,B1,0,1,0,Betabel,,c4,vigorosa,2026-05-10 16:39:40,4684,manual,2026-05-10 03:24:44,2026-05-06 21:07:49,78.28,4,cg_1778383482024_2,4580,cam2_20260509_212443.jpg,crops/cam2_20260509_212443_r0_c1.jpg,4582,cam2_20260509_212446.jpg,crops/cam2_20260509_212446_r0_c1.jpg,9562,27.8,,55,0,0,0,0,0,0,0.0,0.0,2229.0,0.0,37.4,9.3,0.0,0.0,,2026-05-10 03:24:47
germ-germinadorap-de5832|LOT-20260506-651F-009|r0_c1|rep0,LOT-20260506-651F-009:B1:R0,germ-germinadorap-de5832,LOT-20260506-651F-009,B1,0,1,0,Betabel,,c4,vigorosa,2026-05-10 16:39:40,4684,manual,2026-05-10 03:39:44,2026-05-06 21:07:49,78.53,4,cg_1778384382028_2,4584,cam2_20260509_213943.jpg,crops/cam2_20260509_213943_r0_c1.jpg,4586,cam2_20260509_213946.jpg,crops/cam2_20260509_213946_r0_c1.jpg,9574,27.8,,55,0,0,0,0,0,0,0.0,0.0,2229.0,0.0,37.4,9.3,0.0,0.0,,2026-05-10 03:39:47
germ-germinadorap-de5832|LOT-20260506-651F-009|r0_c1|rep0,LOT-20260506-651F-009:B1:R0,germ-germinadorap-de5832,LOT-20260506-651F-009,B1,0,1,0,Betabel,,c4,vigorosa,2026-05-10 16:39:40,4684,manual,2026-05-10 03:54:44,2026-05-06 21:07:49,78.78,4,cg_1778385282034_2,4588,cam2_20260509_215443.jpg,crops/cam2_20260509_215443_r0_c1.jpg,4590,cam2_20260509_215446.jpg,crops/cam2_20260509_215446_r0_c1.jpg,9586,27.8,,55,0,0,0,0,0,0,0.0,0.0,2229.0,0.0,37.4,9.3,0.0,0.0,,2026-05-10 03:54:47
germ-germinadorap-de5832|LOT-20260506-651F-009|r0_c1|rep0,LOT-20260506-651F-009:B1:R0,germ-germinadorap-de5832,LOT-20260506-651F-009,B1,0,1,0,Betabel,,c4,vigorosa,2026-05-10 16:39:40,4684,manual,2026-05-10 04:09:43,2026-05-06 21:07:49,79.03,4,cg_1778386182032_2,4592,cam2_20260509_220943.jpg,crops/cam2_20260509_220943_r0_c1.jpg,4594,cam2_20260509_220946.jpg,crops/cam2_20260509_220946_r0_c1.jpg,9598,27.8,,55,0,0,0,0,0,0,0.0,0.0,2229.0,0.0,37.4,9.3,0.0,0.0,,2026-05-10 04:09:47
germ-germinadorap-de5832|LOT-20260506-651F-009|r0_c1|rep0,LOT-20260506-651F-009:B1:R0,germ-germinadorap-de5832,LOT-20260506-651F-009,B1,0,1,0,Betabel,,c4,vigorosa,2026-05-10 16:39:40,4684,manual,2026-05-10 04:24:43,2026-05-06 21:07:49,79.28,4,cg_1778387082032_2,4596,cam2_20260509_222443.jpg,crops/cam2_20260509_222443_r0_c1.jpg,4598,cam2_20260509_222446.jpg,crops/cam2_20260509_222446_r0_c1.jpg,9610,27.8,,56,0,0,0,0,0,0,0.0,0.0,2229.0,0.0,37.4,9.3,0.0,0.0,,2026-05-10 04:24:47
germ-germinadorap-de5832|LOT-20260506-651F-009|r0_c1|rep0,LOT-20260506-651F-009:B1:R0,germ-germinadorap-de5832,LOT-20260506-651F-009,B1,0,1,0,Betabel,,c4,vigorosa,2026-05-10 16:39:40,4684,manual,2026-05-10 04:39:44,2026-05-06 21:07:49,79.53,4,cg_1778387982031_2,4601,cam2_20260509_223943.jpg,crops/cam2_20260509_223943_r0_c1.jpg,4603,cam2_20260509_223948.jpg,crops/cam2_20260509_223948_r0_c1.jpg,9629,27.8,,56,0,0,0,0,0,0,0.0,0.0,2229.0,0.0,37.4,9.3,0.0,0.0,,2026-05-10 04:39:49
germ-germinadorap-de5832|LOT-20260506-651F-009|r0_c1|rep0,LOT-20260506-651F-009:B1:R0,germ-germinadorap-de5832,LOT-20260506-651F-009,B1,0,1,0,Betabel,,c4,vigorosa,2026-05-10 16:39:40,4684,manual,2026-05-10 04:55:32,2026-05-06 21:07:49,79.80,4,cg_1778388930028_2,4604,cam2_20260509_225531.jpg,crops/cam2_20260509_225531_r0_c1.jpg,4606,cam2_20260509_225534.jpg,crops/cam2_20260509_225534_r0_c1.jpg,9634,28.2,,50,77.8,0,0,0,0,0,0.0,0.0,2235.0,0.0,37.4,9.3,0.0,0.0,,2026-05-10 04:55:35
germ-germinadorap-de5832|LOT-20260506-651F-009|r0_c1|rep0,LOT-20260506-651F-009:B1:R0,germ-germinadorap-de5832,LOT-20260506-651F-009,B1,0,1,0,Betabel,,c4,vigorosa,2026-05-10 16:39:40,4684,manual,2026-05-10 05:10:32,2026-05-06 21:07:49,80.05,4,cg_1778389830180_2,4608,cam2_20260509_231031.jpg,crops/cam2_20260509_231031_r0_c1.jpg,4610,cam2_20260509_231034.jpg,crops/cam2_20260509_231034_r0_c1.jpg,9646,28.6,,49,100,0,0,0,0,0,0.0,0.0,2241.0,0.0,37.4,9.3,0.0,0.0,,2026-05-10 05:10:35
germ-germinadorap-de5832|LOT-20260506-651F-009|r0_c1|rep0,LOT-20260506-651F-009:B1:R0,germ-germinadorap-de5832,LOT-20260506-651F-009,B1,0,1,0,Betabel,,c4,vigorosa,2026-05-10 16:39:40,4684,manual,2026-05-10 05:25:37,2026-05-06 21:07:49,80.30,4,cg_1778390735094_2,4612,cam2_20260509_232536.jpg,crops/cam2_20260509_232536_r0_c1.jpg,4614,cam2_20260509_232539.jpg,crops/cam2_20260509_232539_r0_c1.jpg,9658,28.7,,49,70.5,0,0,0,0,0,0.0,0.0,2242.0,0.0,37.4,9.3,0.0,0.0,,2026-05-10 05:25:41
germ-germinadorap-de5832|LOT-20260506-651F-009|r0_c1|rep0,LOT-20260506-651F-009:B1:R0,germ-germinadorap-de5832,LOT-20260506-651F-009,B1,0,1,0,Betabel,,c4,vigorosa,2026-05-10 16:39:40,4684,manual,2026-05-10 05:41:29,2026-05-06 21:07:49,80.56,4,cg_1778391684934_2,4617,cam2_20260509_234129.jpg,crops/cam2_20260509_234129_r0_c1.jpg,4619,cam2_20260509_234133.jpg,crops/cam2_20260509_234133_r0_c1.jpg,9677,28.5,,49,100,0,0,0,0,0,0.0,0.0,2242.0,0.0,37.4,9.3,0.0,0.0,,2026-05-10 05:41:34
germ-germinadorap-de5832|LOT-20260506-651F-009|r0_c1|rep0,LOT-20260506-651F-009:B1:R0,germ-germinadorap-de5832,LOT-20260506-651F-009,B1,0,1,0,Betabel,,c4,vigorosa,2026-05-10 16:39:40,4684,manual,2026-05-10 05:56:27,2026-05-06 21:07:49,80.81,4,cg_1778392584932_2,4620,cam2_20260509_235626.jpg,crops/cam2_20260509_235626_r0_c1.jpg,4622,cam2_20260509_235629.jpg,crops/cam2_20260509_235629_r0_c1.jpg,9682,28.7,,48,100,0,0,0,0,0,0.0,0.0,2242.0,0.0,37.4,9.3,0.0,0.0,,2026-05-10 05:56:30
germ-germinadorap-de5832|LOT-20260506-651F-009|r0_c1|rep0,LOT-20260506-651F-009:B1:R0,germ-germinadorap-de5832,LOT-20260506-651F-009,B1,0,1,0,Betabel,,c4,vigorosa,2026-05-10 16:39:40,4684,manual,2026-05-10 06:11:29,2026-05-06 21:07:49,81.06,4,cg_1778393484931_2,4629,cam2_20260510_001128.jpg,crops/cam2_20260510_001128_r0_c1.jpg,4631,cam2_20260510_001140.jpg,crops/cam2_20260510_001140_r0_c1.jpg,9701,28.3,,48,100,0,0,0,0,0,0.0,0.0,2242.0,0.0,37.4,9.3,0.0,0.0,,2026-05-10 06:11:42
germ-germinadorap-de5832|LOT-20260506-651F-009|r0_c1|rep0,LOT-20260506-651F-009:B1:R0,germ-germinadorap-de5832,LOT-20260506-651F-009,B1,0,1,0,Betabel,,c4,vigorosa,2026-05-10 16:39:40,4684,manual,2026-05-10 06:26:28,2026-05-06 21:07:49,81.31,4,cg_1778394384933_2,4632,cam2_20260510_002627.jpg,crops/cam2_20260510_002627_r0_c1.jpg,4634,cam2_20260510_002634.jpg,crops/cam2_20260510_002634_r0_c1.jpg,9706,28.5,,49,100,0,0,0,0,0,0.0,0.0,2242.0,0.0,37.4,9.3,0.0,0.0,,2026-05-10 06:26:35
germ-germinadorap-de5832|LOT-20260506-651F-009|r0_c1|rep0,LOT-20260506-651F-009:B1:R0,germ-germinadorap-de5832,LOT-20260506-651F-009,B1,0,1,0,Betabel,,c4,vigorosa,2026-05-10 16:39:40,4684,manual,2026-05-10 06:41:29,2026-05-06 21:07:49,81.56,4,cg_1778395284936_2,4636,cam2_20260510_004128.jpg,crops/cam2_20260510_004128_r0_c1.jpg,4638,cam2_20260510_004133.jpg,crops/cam2_20260510_004133_r0_c1.jpg,9718,28.4,,49,100,0,0,0,0,0,0.0,0.0,2242.0,0.0,37.4,9.3,0.0,0.0,,2026-05-10 06:41:34
germ-germinadorap-de5832|LOT-20260506-651F-009|r0_c1|rep0,LOT-20260506-651F-009:B1:R0,germ-germinadorap-de5832,LOT-20260506-651F-009,B1,0,1,0,Betabel,,c4,vigorosa,2026-05-10 16:39:40,4684,manual,2026-05-10 06:56:29,2026-05-06 21:07:49,81.81,4,cg_1778396184936_2,4641,cam2_20260510_005628.jpg,crops/cam2_20260510_005628_r0_c1.jpg,4643,cam2_20260510_005639.jpg,crops/cam2_20260510_005639_r0_c1.jpg,9737,28.5,,50,100,0,0,0,0,0,0.0,0.0,2242.0,0.0,37.4,9.3,0.0,0.0,,2026-05-10 06:56:40
germ-germinadorap-de5832|LOT-20260506-651F-009|r0_c1|rep0,LOT-20260506-651F-009:B1:R0,germ-germinadorap-de5832,LOT-20260506-651F-009,B1,0,1,0,Betabel,,c4,vigorosa,2026-05-10 16:39:40,4684,manual,2026-05-10 07:11:28,2026-05-06 21:07:49,82.06,4,cg_1778397084936_2,4644,cam2_20260510_011127.jpg,crops/cam2_20260510_011127_r0_c1.jpg,4646,cam2_20260510_011132.jpg,crops/cam2_20260510_011132_r0_c1.jpg,9742,28.3,,50,100,0,0,0,0,0,0.0,0.0,2243.0,0.0,37.4,9.3,0.0,0.0,,2026-05-10 07:11:34
germ-germinadorap-de5832|LOT-20260506-651F-009|r0_c1|rep0,LOT-20260506-651F-009:B1:R0,germ-germinadorap-de5832,LOT-20260506-651F-009,B1,0,1,0,Betabel,,c4,vigorosa,2026-05-10 16:39:40,4684,manual,2026-05-10 07:26:28,2026-05-06 21:07:49,82.31,4,cg_1778397984937_2,4649,cam2_20260510_012627.jpg,crops/cam2_20260510_012627_r0_c1.jpg,4651,cam2_20260510_012640.jpg,crops/cam2_20260510_012640_r0_c1.jpg,9761,28.2,,50,100,0,0,0,0,0,0.0,0.0,2243.0,0.0,37.4,9.3,0.0,0.0,,2026-05-10 07:26:41
germ-germinadorap-de5832|LOT-20260506-651F-009|r0_c1|rep0,LOT-20260506-651F-009:B1:R0,germ-germinadorap-de5832,LOT-20260506-651F-009,B1,0,1,0,Betabel,,c4,vigorosa,2026-05-10 16:39:40,4684,manual,2026-05-10 07:42:28,2026-05-06 21:07:49,82.58,4,cg_1778398944936_2,4652,cam2_20260510_014227.jpg,crops/cam2_20260510_014227_r0_c1.jpg,4654,cam2_20260510_014232.jpg,crops/cam2_20260510_014232_r0_c1.jpg,9766,28.4,,51,100,0,0,0,0,0,0.0,0.0,2243.0,0.0,37.4,9.3,0.0,0.0,,2026-05-10 07:42:34
germ-germinadorap-de5832|LOT-20260506-651F-009|r0_c1|rep0,LOT-20260506-651F-009:B1:R0,germ-germinadorap-de5832,LOT-20260506-651F-009,B1,0,1,0,Betabel,,c4,vigorosa,2026-05-10 16:39:40,4684,manual,2026-05-10 07:57:26,2026-05-06 21:07:49,82.83,4,cg_1778399844936_2,4656,cam2_20260510_015726.jpg,crops/cam2_20260510_015726_r0_c1.jpg,4658,cam2_20260510_015729.jpg,crops/cam2_20260510_015729_r0_c1.jpg,9778,28.4,,50,100,0,0,0,0,0,0.0,0.0,2243.0,0.0,37.4,9.3,0.0,0.0,,2026-05-10 07:57:30
germ-germinadorap-de5832|LOT-20260506-651F-009|r0_c1|rep0,LOT-20260506-651F-009:B1:R0,germ-germinadorap-de5832,LOT-20260506-651F-009,B1,0,1,0,Betabel,,c4,vigorosa,2026-05-10 16:39:40,4684,manual,2026-05-10 15:09:40,2026-05-06 21:07:49,90.03,4,cg_1778425778444_2,4660,cam2_20260510_090939.jpg,crops/cam2_20260510_090939_r0_c1.jpg,4662,cam2_20260510_090942.jpg,crops/cam2_20260510_090942_r0_c1.jpg,9790,27,,51,45.1,0,0,0,0,0,0.0,0.0,2244.0,0.0,43.4,10.8,0.6,0.2,,2026-05-10 15:09:44
germ-germinadorap-de5832|LOT-20260506-651F-009|r0_c1|rep0,LOT-20260506-651F-009:B1:R0,germ-germinadorap-de5832,LOT-20260506-651F-009,B1,0,1,0,Betabel,,c4,vigorosa,2026-05-10 16:39:40,4684,manual,2026-05-10 15:24:40,2026-05-06 21:07:49,90.28,4,cg_1778426678443_2,4664,cam2_20260510_092439.jpg,crops/cam2_20260510_092439_r0_c1.jpg,4666,cam2_20260510_092442.jpg,crops/cam2_20260510_092442_r0_c1.jpg,9802,27.8,,47,47.1,0,0,0,0,0,0.0,0.0,2259.0,0.0,43.6,10.9,0.7,0.2,,2026-05-10 15:24:43
germ-germinadorap-de5832|LOT-20260506-651F-009|r0_c1|rep0,LOT-20260506-651F-009:B1:R0,germ-germinadorap-de5832,LOT-20260506-651F-009,B1,0,1,0,Betabel,,c4,vigorosa,2026-05-10 16:39:40,4684,manual,2026-05-10 15:39:40,2026-05-06 21:07:49,90.53,4,cg_1778427578443_2,4668,cam2_20260510_093939.jpg,crops/cam2_20260510_093939_r0_c1.jpg,4670,cam2_20260510_093942.jpg,crops/cam2_20260510_093942_r0_c1.jpg,9814,28.4,,46,47.8,0,0,0,0,0,0.0,0.0,2274.0,0.0,43.9,11.0,0.8,0.2,,2026-05-10 15:39:43
germ-germinadorap-de5832|LOT-20260506-651F-009|r0_c1|rep0,LOT-20260506-651F-009:B1:R0,germ-germinadorap-de5832,LOT-20260506-651F-009,B1,0,1,0,Betabel,,c4,vigorosa,2026-05-10 16:39:40,4684,manual,2026-05-10 15:54:40,2026-05-06 21:07:49,90.78,4,cg_1778428478442_2,4672,cam2_20260510_095439.jpg,crops/cam2_20260510_095439_r0_c1.jpg,4674,cam2_20260510_095442.jpg,crops/cam2_20260510_095442_r0_c1.jpg,9826,28.7,,44,48.1,0,0,0,0,0,0.0,0.0,2289.0,0.0,44.1,11.0,0.8,0.2,,2026-05-10 15:54:43
germ-germinadorap-de5832|LOT-20260506-651F-009|r0_c1|rep0,LOT-20260506-651F-009:B1:R0,germ-germinadorap-de5832,LOT-20260506-651F-009,B1,0,1,0,Betabel,,c4,vigorosa,2026-05-10 16:39:40,4684,manual,2026-05-10 16:09:40,2026-05-06 21:07:49,91.03,4,cg_1778429378446_2,4676,cam2_20260510_100939.jpg,crops/cam2_20260510_100939_r0_c1.jpg,4678,cam2_20260510_100942.jpg,crops/cam2_20260510_100942_r0_c1.jpg,9838,29,,45,47.3,0,0,0,0,0,0.0,0.0,2303.0,0.0,44.4,11.1,0.9,0.2,,2026-05-10 16:09:43
germ-germinadorap-de5832|LOT-20260506-651F-009|r0_c1|rep0,LOT-20260506-651F-009:B1:R0,germ-germinadorap-de5832,LOT-20260506-651F-009,B1,0,1,0,Betabel,,c4,vigorosa,2026-05-10 16:39:40,4684,manual,2026-05-10 16:24:40,2026-05-06 21:07:49,91.28,4,cg_1778430278444_2,4680,cam2_20260510_102439.jpg,crops/cam2_20260510_102439_r0_c1.jpg,4682,cam2_20260510_102442.jpg,crops/cam2_20260510_102442_r0_c1.jpg,9850,29,,45,47.5,0,0,0,0,0,0.0,0.0,2318.0,0.0,44.6,11.2,1.0,0.3,,2026-05-10 16:24:43
germ-germinadorap-de5832|LOT-20260506-651F-009|r0_c1|rep0,LOT-20260506-651F-009:B1:R0,germ-germinadorap-de5832,LOT-20260506-651F-009,B1,0,1,0,Betabel,,c4,vigorosa,2026-05-10 16:39:40,4684,manual,2026-05-10 16:39:40,2026-05-06 21:07:49,91.53,4,cg_1778431178444_2,4684,cam2_20260510_103939.jpg,crops/cam2_20260510_103939_r0_c1.jpg,4686,cam2_20260510_103942.jpg,crops/cam2_20260510_103942_r0_c1.jpg,9862,29.1,,45,46.5,0,0,0,0,0,0.0,0.0,2333.0,0.0,44.9,11.2,1.1,0.3,,2026-05-10 16:39:43
germ-germinadorap-de5832|LOT-20260506-651F-009|r0_c1|rep0,LOT-20260506-651F-009:B1:R0,germ-germinadorap-de5832,LOT-20260506-651F-009,B1,0,1,0,Betabel,,c4,vigorosa,2026-05-10 16:39:40,4684,manual,2026-05-10 16:54:40,2026-05-06 21:07:49,91.78,4,cg_1778432078447_2,4688,cam2_20260510_105439.jpg,crops/cam2_20260510_105439_r0_c1.jpg,4690,cam2_20260510_105442.jpg,crops/cam2_20260510_105442_r0_c1.jpg,9874,29.2,,45,46.9,0,0,0,0,0,0.0,0.0,2348.0,0.0,45.1,11.3,1.1,0.3,,2026-05-10 16:54:43
germ-germinadorap-de5832|LOT-20260506-651F-009|r0_c1|rep0,LOT-20260506-651F-009:B1:R0,germ-germinadorap-de5832,LOT-20260506-651F-009,B1,0,1,0,Betabel,,c4,vigorosa,2026-05-10 16:39:40,4684,manual,2026-05-10 17:09:40,2026-05-06 21:07:49,92.03,4,cg_1778432978450_2,4692,cam2_20260510_110939.jpg,crops/cam2_20260510_110939_r0_c1.jpg,4694,cam2_20260510_110942.jpg,crops/cam2_20260510_110942_r0_c1.jpg,9886,29.3,,46,46.7,0,0,0,0,0,0.0,0.0,2363.0,0.0,45.4,11.3,1.2,0.3,,2026-05-10 17:09:43
germ-germinadorap-de5832|LOT-20260506-651F-009|r0_c1|rep0,LOT-20260506-651F-009:B1:R0,germ-germinadorap-de5832,LOT-20260506-651F-009,B1,0,1,0,Betabel,,c4,vigorosa,2026-05-10 16:39:40,4684,manual,2026-05-10 17:24:40,2026-05-06 21:07:49,92.28,4,cg_1778433878450_2,4696,cam2_20260510_112439.jpg,crops/cam2_20260510_112439_r0_c1.jpg,4698,cam2_20260510_112442.jpg,crops/cam2_20260510_112442_r0_c1.jpg,9898,29.3,,46,46.6,0,0,0,0,0,0.0,0.0,2378.0,0.0,45.6,11.4,1.2,0.3,,2026-05-10 17:24:43
germ-germinadorap-de5832|LOT-20260506-651F-009|r0_c1|rep0,LOT-20260506-651F-009:B1:R0,germ-germinadorap-de5832,LOT-20260506-651F-009,B1,0,1,0,Betabel,,c4,vigorosa,2026-05-10 16:39:40,4684,manual,2026-05-10 17:39:40,2026-05-06 21:07:49,92.53,4,cg_1778434778453_2,4700,cam2_20260510_113939.jpg,crops/cam2_20260510_113939_r0_c1.jpg,4702,cam2_20260510_113942.jpg,crops/cam2_20260510_113942_r0_c1.jpg,9910,29.6,,46,47.1,0,0,0,0,0,0.0,0.0,2393.0,0.0,45.9,11.5,1.3,0.3,,2026-05-10 17:39:43
germ-germinadorap-de5832|LOT-20260506-651F-009|r0_c1|rep0,LOT-20260506-651F-009:B1:R0,germ-germinadorap-de5832,LOT-20260506-651F-009,B1,0,1,0,Betabel,,c4,vigorosa,2026-05-10 16:39:40,4684,manual,2026-05-10 17:55:29,2026-05-06 21:07:49,92.79,4,cg_1778435727212_2,4704,cam2_20260510_115528.jpg,crops/cam2_20260510_115528_r0_c1.jpg,4706,cam2_20260510_115531.jpg,crops/cam2_20260510_115531_r0_c1.jpg,9922,29.6,,46,49.9,0,0,0,0,0,0.0,0.0,2409.0,0.0,46.1,11.5,1.3,0.3,,2026-05-10 17:55:32
germ-germinadorap-de5832|LOT-20260506-651F-009|r0_c1|rep0,LOT-20260506-651F-009:B1:R0,germ-germinadorap-de5832,LOT-20260506-651F-009,B1,0,1,0,Betabel,,c4,vigorosa,2026-05-10 16:39:40,4684,manual,2026-05-10 18:10:29,2026-05-06 21:07:49,93.04,4,cg_1778436627215_2,4708,cam2_20260510_121028.jpg,crops/cam2_20260510_121028_r0_c1.jpg,4710,cam2_20260510_121037.jpg,crops/cam2_20260510_121037_r0_c1.jpg,9934,29.7,,45,50,0,0,0,0,0,0.0,0.0,2424.0,0.0,46.4,11.6,1.4,0.3,,2026-05-10 18:10:38
germ-germinadorap-de5832|LOT-20260506-651F-009|r0_c1|rep0,LOT-20260506-651F-009:B1:R0,germ-germinadorap-de5832,LOT-20260506-651F-009,B1,0,1,0,Betabel,,c4,vigorosa,2026-05-10 16:39:40,4684,manual,2026-05-10 18:25:29,2026-05-06 21:07:49,93.29,4,cg_1778437527217_2,4712,cam2_20260510_122528.jpg,crops/cam2_20260510_122528_r0_c1.jpg,4714,cam2_20260510_122531.jpg,crops/cam2_20260510_122531_r0_c1.jpg,9946,29.7,,44,69.6,0,0,0,0,0,0.0,0.0,2438.0,0.0,46.6,11.7,1.4,0.4,,2026-05-10 18:25:32
germ-germinadorap-de5832|LOT-20260506-651F-009|r0_c1|rep0,LOT-20260506-651F-009:B1:R0,germ-germinadorap-de5832,LOT-20260506-651F-009,B1,0,1,0,Betabel,,c4,vigorosa,2026-05-10 16:39:40,4684,manual,2026-05-10 18:40:29,2026-05-06 21:07:49,93.54,4,cg_1778438427219_2,4716,cam2_20260510_124028.jpg,crops/cam2_20260510_124028_r0_c1.jpg,4718,cam2_20260510_124031.jpg,crops/cam2_20260510_124031_r0_c1.jpg,9958,29.8,,44,67.9,0,0,0,0,0,0.0,0.0,2453.0,0.0,46.9,11.7,1.5,0.4,,2026-05-10 18:40:32
germ-germinadorap-de5832|LOT-20260506-651F-009|r0_c1|rep0,LOT-20260506-651F-009:B1:R0,germ-germinadorap-de5832,LOT-20260506-651F-009,B1,0,1,0,Betabel,,c4,vigorosa,2026-05-10 16:39:40,4684,manual,2026-05-10 18:55:29,2026-05-06 21:07:49,93.79,4,cg_1778439327220_2,4720,cam2_20260510_125528.jpg,crops/cam2_20260510_125528_r0_c1.jpg,4722,cam2_20260510_125531.jpg,crops/cam2_20260510_125531_r0_c1.jpg,9970,29.8,,44,65.2,0,0,0,0,0,0.0,0.0,2468.0,0.0,47.1,11.8,1.5,0.4,,2026-05-10 18:55:32
germ-germinadorap-de5832|LOT-20260506-651F-009|r0_c1|rep0,LOT-20260506-651F-009:B1:R0,germ-germinadorap-de5832,LOT-20260506-651F-009,B1,0,1,0,Betabel,,c4,vigorosa,2026-05-10 16:39:40,4684,manual,2026-05-10 19:10:29,2026-05-06 21:07:49,94.04,4,cg_1778440227228_2,4728,cam2_20260510_131028.jpg,crops/cam2_20260510_131028_r0_c1.jpg,4730,cam2_20260510_131031.jpg,crops/cam2_20260510_131031_r0_c1.jpg,9982,29.8,,45,78.7,0,0,0,0,0,0.0,0.0,2483.0,4.0,47.4,11.8,1.6,0.4,,2026-05-10 19:10:32
germ-germinadorap-de5832|LOT-20260506-651F-009|r0_c1|rep0,LOT-20260506-651F-009:B1:R0,germ-germinadorap-de5832,LOT-20260506-651F-009,B1,0,1,0,Betabel,,c4,vigorosa,2026-05-10 16:39:40,4684,manual,2026-05-10 19:25:29,2026-05-06 21:07:49,94.29,4,cg_1778441127261_2,4732,cam2_20260510_132528.jpg,crops/cam2_20260510_132528_r0_c1.jpg,4734,cam2_20260510_132531.jpg,crops/cam2_20260510_132531_r0_c1.jpg,9994,29.7,,46,49.7,0,0,0,0,0,0.0,0.0,2498.0,8.0,47.6,11.9,1.6,0.4,,2026-05-10 19:25:32
germ-germinadorap-de5832|LOT-20260506-651F-009|r0_c1|rep0,LOT-20260506-651F-009:B1:R0,germ-germinadorap-de5832,LOT-20260506-651F-009,B1,0,1,0,Betabel,,c4,vigorosa,2026-05-10 16:39:40,4684,manual,2026-05-10 19:40:29,2026-05-06 21:07:49,94.54,4,cg_1778442027263_2,4736,cam2_20260510_134028.jpg,crops/cam2_20260510_134028_r0_c1.jpg,4738,cam2_20260510_134031.jpg,crops/cam2_20260510_134031_r0_c1.jpg,10006,29.9,,45,68.8,0,0,0,0,0,0.0,0.0,2513.0,11.0,47.9,12.0,1.6,0.4,,2026-05-10 19:40:32
germ-germinadorap-de5832|LOT-20260506-651F-009|r0_c1|rep0,LOT-20260506-651F-009:B1:R0,germ-germinadorap-de5832,LOT-20260506-651F-009,B1,0,1,0,Betabel,,c4,vigorosa,2026-05-10 16:39:40,4684,manual,2026-05-10 19:55:37,2026-05-06 21:07:49,94.80,4,cg_1778442935752_2,4748,cam2_20260510_135537.jpg,crops/cam2_20260510_135537_r0_c1.jpg,4750,cam2_20260510_135539.jpg,crops/cam2_20260510_135539_r0_c1.jpg,10018,29.9,,54,46.2,0,0,0,0,0,0.0,0.0,2528.0,14.0,48.1,12.0,1.7,0.4,,2026-05-10 19:55:41
germ-germinadorap-de5832|LOT-20260506-651F-009|r0_c1|rep0,LOT-20260506-651F-009:B1:R0,germ-germinadorap-de5832,LOT-20260506-651F-009,B1,0,1,0,Betabel,,c4,vigorosa,2026-05-10 16:39:40,4684,manual,2026-05-10 20:10:37,2026-05-06 21:07:49,95.05,4,cg_1778443835816_2,4752,cam2_20260510_141037.jpg,crops/cam2_20260510_141037_r0_c1.jpg,4754,cam2_20260510_141040.jpg,crops/cam2_20260510_141040_r0_c1.jpg,10030,29.9,,48,51.8,0,0,0,0,0,0.0,0.0,2542.0,19.0,48.2,12.0,1.7,0.4,,2026-05-10 20:10:41
germ-germinadorap-de5832|LOT-20260506-651F-009|r0_c1|rep0,LOT-20260506-651F-009:B1:R0,germ-germinadorap-de5832,LOT-20260506-651F-009,B1,0,1,0,Betabel,,c4,vigorosa,2026-05-10 16:39:40,4684,manual,2026-05-10 20:25:47,2026-05-06 21:07:49,95.30,4,cg_1778444745363_2,4760,cam2_20260510_142547.jpg,crops/cam2_20260510_142547_r0_c1.jpg,4762,cam2_20260510_142550.jpg,crops/cam2_20260510_142550_r0_c1.jpg,10042,29.7,,62,47.1,0,0,1,0,0,0.0,1.0,2558.0,23.0,48.2,12.0,1.7,0.4,,2026-05-10 20:25:52
germ-germinadorap-de5832|LOT-20260506-651F-009|r0_c1|rep0,LOT-20260506-651F-009:B1:R0,germ-germinadorap-de5832,LOT-20260506-651F-009,B1,0,1,0,Betabel,,c4,vigorosa,2026-05-10 16:39:40,4684,manual,2026-05-10 20:40:57,2026-05-06 21:07:49,95.55,4,cg_1778445655066_2,4768,cam2_20260510_144056.jpg,crops/cam2_20260510_144056_r0_c1.jpg,4769,cam2_20260510_144059.jpg,crops/cam2_20260510_144059_r0_c1.jpg,10054,29.7,,47,47.6,0,0,0,0,0,0.0,0.0,2572.0,29.0,48.2,12.0,1.7,0.4,,2026-05-10 20:41:01
germ-germinadorap-de5832|LOT-20260506-651F-009|r0_c1|rep0,LOT-20260506-651F-009:B1:R0,germ-germinadorap-de5832,LOT-20260506-651F-009,B1,0,1,0,Betabel,,c4,vigorosa,2026-05-10 16:39:40,4684,manual,2026-05-10 20:55:57,2026-05-06 21:07:49,95.80,4,cg_1778446555262_2,4776,cam2_20260510_145556.jpg,crops/cam2_20260510_145556_r0_c1.jpg,4778,cam2_20260510_145559.jpg,crops/cam2_20260510_145559_r0_c1.jpg,10066,29.9,,58,47.7,0,0,0,0,0,0.0,0.0,2587.0,34.0,48.2,12.0,1.7,0.4,,2026-05-10 20:56:01
germ-germinadorap-de5832|LOT-20260506-651F-009|r0_c1|rep0,LOT-20260506-651F-009:B1:R0,germ-germinadorap-de5832,LOT-20260506-651F-009,B1,0,1,0,Betabel,,c4,vigorosa,2026-05-10 16:39:40,4684,manual,2026-05-10 21:10:57,2026-05-06 21:07:49,96.05,5,cg_1778447455418_2,4780,cam2_20260510_151056.jpg,crops/cam2_20260510_151056_r0_c1.jpg,4782,cam2_20260510_151059.jpg,crops/cam2_20260510_151059_r0_c1.jpg,10078,29.8,,58,47.2,0,0,0,0,0,0.0,0.0,2602.0,39.0,48.4,9.7,1.7,0.3,,2026-05-10 21:11:01
germ-germinadorap-de5832|LOT-20260506-651F-009|r0_c1|rep0,LOT-20260506-651F-009:B1:R0,germ-germinadorap-de5832,LOT-20260506-651F-009,B1,0,1,0,Betabel,,c4,vigorosa,2026-05-10 16:39:40,4684,manual,2026-05-10 21:25:57,2026-05-06 21:07:49,96.30,5,cg_1778448355547_2,4788,cam2_20260510_152556.jpg,crops/cam2_20260510_152556_r0_c1.jpg,4790,cam2_20260510_152559.jpg,crops/cam2_20260510_152559_r0_c1.jpg,10090,29.8,,63,45.7,0,0,1,0,0,0.0,1.0,2617.0,42.0,48.6,9.7,1.7,0.3,,2026-05-10 21:26:01
germ-germinadorap-de5832|LOT-20260506-651F-009|r0_c1|rep0,LOT-20260506-651F-009:B1:R0,germ-germinadorap-de5832,LOT-20260506-651F-009,B1,0,1,0,Betabel,,c4,vigorosa,2026-05-10 16:39:40,4684,manual,2026-05-10 21:40:57,2026-05-06 21:07:49,96.55,5,cg_1778449255744_2,4792,cam2_20260510_154057.jpg,crops/cam2_20260510_154057_r0_c1.jpg,4794,cam2_20260510_154100.jpg,crops/cam2_20260510_154100_r0_c1.jpg,10102,29.7,,49,47.6,0,0,0,0,0,0.0,0.0,2632.0,47.0,48.9,9.8,1.7,0.3,,2026-05-10 21:41:01
germ-germinadorap-de5832|LOT-20260506-651F-009|r0_c1|rep0,LOT-20260506-651F-009:B1:R0,germ-germinadorap-de5832,LOT-20260506-651F-009,B1,0,1,0,Betabel,,c4,vigorosa,2026-05-10 16:39:40,4684,manual,2026-05-10 21:55:57,2026-05-06 21:07:49,96.80,5,cg_1778450155747_2,4796,cam2_20260510_155557.jpg,crops/cam2_20260510_155557_r0_c1.jpg,4798,cam2_20260510_155600.jpg,crops/cam2_20260510_155600_r0_c1.jpg,10114,29.8,,47,47.5,0,0,0,0,0,0.0,0.0,2647.0,50.0,49.1,9.8,1.7,0.3,,2026-05-10 21:56:01
germ-germinadorap-de5832|LOT-20260506-651F-009|r0_c1|rep0,LOT-20260506-651F-009:B1:R0,germ-germinadorap-de5832,LOT-20260506-651F-009,B1,0,1,0,Betabel,,c4,vigorosa,2026-05-10 16:39:40,4684,manual,2026-05-10 22:10:57,2026-05-06 21:07:49,97.05,5,cg_1778451055750_2,4800,cam2_20260510_161057.jpg,crops/cam2_20260510_161057_r0_c1.jpg,4801,cam2_20260510_161100.jpg,crops/cam2_20260510_161100_r0_c1.jpg,10126,29.9,,59,48.1,0,0,0,0,0,0.0,0.0,2662.0,54.0,49.4,9.9,1.7,0.3,,2026-05-10 22:11:01
germ-germinadorap-de5832|LOT-20260506-651F-009|r0_c1|rep0,LOT-20260506-651F-009:B1:R0,germ-germinadorap-de5832,LOT-20260506-651F-009,B1,0,1,0,Betabel,,c4,vigorosa,2026-05-10 16:39:40,4684,manual,2026-05-10 22:25:57,2026-05-06 21:07:49,97.30,5,cg_1778451955821_2,4804,cam2_20260510_162557.jpg,crops/cam2_20260510_162557_r0_c1.jpg,4806,cam2_20260510_162600.jpg,crops/cam2_20260510_162600_r0_c1.jpg,10138,29.6,,51,46.7,0,0,0,0,0,0.0,0.0,2677.0,60.0,49.6,9.9,1.7,0.3,,2026-05-10 22:26:01
germ-germinadorap-de5832|LOT-20260506-651F-009|r0_c1|rep0,LOT-20260506-651F-009:B1:R0,germ-germinadorap-de5832,LOT-20260506-651F-009,B1,0,1,0,Betabel,,c4,vigorosa,2026-05-10 16:39:40,4684,manual,2026-05-10 22:40:57,2026-05-06 21:07:49,97.55,5,cg_1778452855827_2,4812,cam2_20260510_164057.jpg,crops/cam2_20260510_164057_r0_c1.jpg,4814,cam2_20260510_164100.jpg,crops/cam2_20260510_164100_r0_c1.jpg,10150,29.7,,49,46.5,0,0,0,0,0,0.0,0.0,2691.0,64.0,49.8,10.0,1.7,0.3,,2026-05-10 22:41:01
germ-germinadorap-de5832|LOT-20260506-651F-009|r0_c1|rep0,LOT-20260506-651F-009:B1:R0,germ-germinadorap-de5832,LOT-20260506-651F-009,B1,0,1,0,Betabel,,c4,vigorosa,2026-05-10 16:39:40,4684,manual,2026-05-10 22:55:57,2026-05-06 21:07:49,97.80,5,cg_1778453755870_2,4816,cam2_20260510_165557.jpg,crops/cam2_20260510_165557_r0_c1.jpg,4818,cam2_20260510_165600.jpg,crops/cam2_20260510_165600_r0_c1.jpg,10162,29.7,,48,44,0,0,0,0,0,0.0,0.0,2706.0,67.0,50.1,10.0,1.7,0.3,,2026-05-10 22:56:01
germ-germinadorap-de5832|LOT-20260506-651F-009|r0_c1|rep0,LOT-20260506-651F-009:B1:R0,germ-germinadorap-de5832,LOT-20260506-651F-009,B1,0,1,0,Betabel,,c4,vigorosa,2026-05-10 16:39:40,4684,manual,2026-05-10 23:10:57,2026-05-06 21:07:49,98.05,5,cg_1778454655873_2,4820,cam2_20260510_171057.jpg,crops/cam2_20260510_171057_r0_c1.jpg,4822,cam2_20260510_171100.jpg,crops/cam2_20260510_171100_r0_c1.jpg,10174,29.8,,46,47.5,0,0,0,0,0,0.0,0.0,2721.0,70.0,50.3,10.1,1.7,0.3,,2026-05-10 23:11:01
germ-germinadorap-de5832|LOT-20260506-651F-009|r0_c1|rep0,LOT-20260506-651F-009:B1:R0,germ-germinadorap-de5832,LOT-20260506-651F-009,B1,0,1,0,Betabel,,c4,vigorosa,2026-05-10 16:39:40,4684,manual,2026-05-10 23:25:57,2026-05-06 21:07:49,98.30,5,cg_1778455555875_2,4824,cam2_20260510_172557.jpg,crops/cam2_20260510_172557_r0_c1.jpg,4826,cam2_20260510_172600.jpg,crops/cam2_20260510_172600_r0_c1.jpg,10185,29.8,,47,45.9,0,0,0,0,0,0.0,0.0,2737.0,74.0,50.6,10.1,1.7,0.3,,2026-05-10 23:26:01
germ-germinadorap-de5832|LOT-20260506-651F-009|r0_c1|rep0,LOT-20260506-651F-009:B1:R0,germ-germinadorap-de5832,LOT-20260506-651F-009,B1,0,1,0,Betabel,,c4,vigorosa,2026-05-10 16:39:40,4684,manual,2026-05-10 23:40:57,2026-05-06 21:07:49,98.55,5,cg_1778456455876_2,4828,cam2_20260510_174057.jpg,crops/cam2_20260510_174057_r0_c1.jpg,4830,cam2_20260510_174100.jpg,crops/cam2_20260510_174100_r0_c1.jpg,10196,29.8,,47,46.4,0,0,0,0,0,0.0,0.0,2752.0,77.0,50.8,10.2,1.7,0.3,,2026-05-10 23:41:01
germ-germinadorap-de5832|LOT-20260506-651F-009|r0_c1|rep0,LOT-20260506-651F-009:B1:R0,germ-germinadorap-de5832,LOT-20260506-651F-009,B1,0,1,0,Betabel,,c4,vigorosa,2026-05-10 16:39:40,4684,manual,2026-05-10 23:55:57,2026-05-06 21:07:49,98.80,5,cg_1778457355905_2,4832,cam2_20260510_175557.jpg,crops/cam2_20260510_175557_r0_c1.jpg,4834,cam2_20260510_175600.jpg,crops/cam2_20260510_175600_r0_c1.jpg,10208,29.8,,45,45.5,0,0,0,0,0,0.0,0.0,2767.0,80.0,51.1,10.2,1.7,0.3,,2026-05-10 23:56:01
germ-germinadorap-de5832|LOT-20260506-651F-009|r0_c1|rep0,LOT-20260506-651F-009:B1:R0,germ-germinadorap-de5832,LOT-20260506-651F-009,B1,0,1,0,Betabel,,c4,vigorosa,2026-05-10 16:39:40,4684,manual,2026-05-11 00:10:57,2026-05-06 21:07:49,99.05,5,cg_1778458255962_2,4836,cam2_20260510_181057.jpg,crops/cam2_20260510_181057_r0_c1.jpg,4838,cam2_20260510_181100.jpg,crops/cam2_20260510_181100_r0_c1.jpg,10220,29.7,,48,45.4,0,0,0,1,0,15.0,3.0,2782.0,84.0,51.3,10.3,1.7,0.3,,2026-05-11 00:11:01
germ-germinadorap-de5832|LOT-20260506-651F-009|r0_c1|rep0,LOT-20260506-651F-009:B1:R0,germ-germinadorap-de5832,LOT-20260506-651F-009,B1,0,1,0,Betabel,,c4,vigorosa,2026-05-10 16:39:40,4684,manual,2026-05-11 00:25:57,2026-05-06 21:07:49,99.30,5,cg_1778459155979_2,4840,cam2_20260510_182557.jpg,crops/cam2_20260510_182557_r0_c1.jpg,4842,cam2_20260510_182600.jpg,crops/cam2_20260510_182600_r0_c1.jpg,10232,29.7,,58,44.8,0,0,0,0,0,0.0,0.0,2797.0,87.0,51.5,10.3,1.7,0.3,,2026-05-11 00:26:01
germ-germinadorap-de5832|LOT-20260506-651F-009|r0_c1|rep0,LOT-20260506-651F-009:B1:R0,germ-germinadorap-de5832,LOT-20260506-651F-009,B1,0,1,0,Betabel,,c4,vigorosa,2026-05-10 16:39:40,4684,manual,2026-05-11 03:10:59,2026-05-06 21:07:49,102.05,5,cg_1778469056122_2,4884,cam2_20260510_211058.jpg,crops/cam2_20260510_211058_r0_c1.jpg,4886,cam2_20260510_211101.jpg,crops/cam2_20260510_211101_r0_c1.jpg,10366,29,,46,41,0,0,0,0,0,0.0,0.0,2900.0,101.0,51.5,10.3,1.7,0.3,,2026-05-11 03:11:04
germ-germinadorap-de5832|LOT-20260506-651F-009|r0_c1|rep0,LOT-20260506-651F-009:B1:R0,germ-germinadorap-de5832,LOT-20260506-651F-009,B1,0,1,0,Betabel,,c4,vigorosa,2026-05-10 16:39:40,4684,manual,2026-05-11 03:25:58,2026-05-06 21:07:49,102.30,5,cg_1778469956119_2,4888,cam2_20260510_212557.jpg,crops/cam2_20260510_212557_r0_c1.jpg,4890,cam2_20260510_212600.jpg,crops/cam2_20260510_212600_r0_c1.jpg,10378,29.1,,47,41.3,0,0,0,0,0,0.0,0.0,2914.0,101.0,51.5,10.3,1.7,0.3,,2026-05-11 03:26:02
germ-germinadorap-de5832|LOT-20260506-651F-009|r0_c1|rep0,LOT-20260506-651F-009:B1:R0,germ-germinadorap-de5832,LOT-20260506-651F-009,B1,0,1,0,Betabel,,c4,vigorosa,2026-05-10 16:39:40,4684,manual,2026-05-11 03:40:58,2026-05-06 21:07:49,102.55,5,cg_1778470856130_2,4892,cam2_20260510_214057.jpg,crops/cam2_20260510_214057_r0_c1.jpg,4894,cam2_20260510_214100.jpg,crops/cam2_20260510_214100_r0_c1.jpg,10390,27.6,,45,37.5,0,0,0,0,0,0.0,0.0,2929.0,101.0,51.5,10.3,1.7,0.3,,2026-05-11 03:41:02
germ-germinadorap-de5832|LOT-20260506-651F-009|r0_c1|rep0,LOT-20260506-651F-009:B1:R0,germ-germinadorap-de5832,LOT-20260506-651F-009,B1,0,1,0,Betabel,,c4,vigorosa,2026-05-10 16:39:40,4684,manual,2026-05-11 03:55:58,2026-05-06 21:07:49,102.80,5,cg_1778471756129_2,4896,cam2_20260510_215557.jpg,crops/cam2_20260510_215557_r0_c1.jpg,4898,cam2_20260510_215601.jpg,crops/cam2_20260510_215601_r0_c1.jpg,10402,27.3,,47,34.1,0,0,0,0,0,0.0,0.0,2944.0,101.0,51.5,10.3,1.7,0.3,,2026-05-11 03:56:03
germ-germinadorap-de5832|LOT-20260506-651F-009|r0_c1|rep0,LOT-20260506-651F-009:B1:R0,germ-germinadorap-de5832,LOT-20260506-651F-009,B1,0,1,0,Betabel,,c4,vigorosa,2026-05-10 16:39:40,4684,manual,2026-05-11 04:10:58,2026-05-06 21:07:49,103.05,5,cg_1778472656132_2,4900,cam2_20260510_221057.jpg,crops/cam2_20260510_221057_r0_c1.jpg,4902,cam2_20260510_221100.jpg,crops/cam2_20260510_221100_r0_c1.jpg,10414,26.8,,42,35.2,0,0,0,0,0,0.0,0.0,2959.0,101.0,51.5,10.3,1.7,0.3,,2026-05-11 04:11:02
germ-germinadorap-de5832|LOT-20260506-651F-009|r0_c1|rep0,LOT-20260506-651F-009:B1:R0,germ-germinadorap-de5832,LOT-20260506-651F-009,B1,0,1,0,Betabel,,c4,vigorosa,2026-05-10 16:39:40,4684,manual,2026-05-11 04:25:58,2026-05-06 21:07:49,103.30,5,cg_1778473556146_2,4904,cam2_20260510_222557.jpg,crops/cam2_20260510_222557_r0_c1.jpg,4906,cam2_20260510_222600.jpg,crops/cam2_20260510_222600_r0_c1.jpg,10426,26.2,,40,35.6,0,0,0,0,0,0.0,0.0,2974.0,101.0,51.5,10.3,1.7,0.3,,2026-05-11 04:26:02
germ-germinadorap-de5832|LOT-20260506-651F-009|r0_c1|rep0,LOT-20260506-651F-009:B1:R0,germ-germinadorap-de5832,LOT-20260506-651F-009,B1,0,1,0,Betabel,,c4,vigorosa,2026-05-10 16:39:40,4684,manual,2026-05-11 04:40:58,2026-05-06 21:07:49,103.55,5,cg_1778474456160_2,4908,cam2_20260510_224057.jpg,crops/cam2_20260510_224057_r0_c1.jpg,4910,cam2_20260510_224100.jpg,crops/cam2_20260510_224100_r0_c1.jpg,10438,26.8,,40,35.8,0,0,0,0,0,0.0,0.0,2989.0,101.0,51.5,10.3,1.7,0.3,,2026-05-11 04:41:02
germ-germinadorap-de5832|LOT-20260506-651F-009|r0_c1|rep0,LOT-20260506-651F-009:B1:R0,germ-germinadorap-de5832,LOT-20260506-651F-009,B1,0,1,0,Betabel,,c4,vigorosa,2026-05-10 16:39:40,4684,manual,2026-05-11 04:55:58,2026-05-06 21:07:49,103.80,5,cg_1778475356182_2,4912,cam2_20260510_225557.jpg,crops/cam2_20260510_225557_r0_c1.jpg,4914,cam2_20260510_225600.jpg,crops/cam2_20260510_225600_r0_c1.jpg,10450,28,,46,33.7,0,0,0,0,0,0.0,0.0,3004.0,101.0,51.5,10.3,1.7,0.3,,2026-05-11 04:56:02
germ-germinadorap-de5832|LOT-20260506-651F-009|r0_c1|rep0,LOT-20260506-651F-009:B1:R0,germ-germinadorap-de5832,LOT-20260506-651F-009,B1,0,1,0,Betabel,,c4,vigorosa,2026-05-10 16:39:40,4684,manual,2026-05-11 05:10:58,2026-05-06 21:07:49,104.05,5,cg_1778476256201_2,4916,cam2_20260510_231057.jpg,crops/cam2_20260510_231057_r0_c1.jpg,4918,cam2_20260510_231100.jpg,crops/cam2_20260510_231100_r0_c1.jpg,10462,28.2,,47,35.8,0,0,0,0,0,0.0,0.0,3019.0,101.0,51.5,10.3,1.7,0.3,,2026-05-11 05:11:02
germ-germinadorap-de5832|LOT-20260506-651F-009|r0_c1|rep0,LOT-20260506-651F-009:B1:R0,germ-germinadorap-de5832,LOT-20260506-651F-009,B1,0,1,0,Betabel,,c4,vigorosa,2026-05-10 16:39:40,4684,manual,2026-05-11 05:25:58,2026-05-06 21:07:49,104.30,5,cg_1778477156211_2,4920,cam2_20260510_232557.jpg,crops/cam2_20260510_232557_r0_c1.jpg,4922,cam2_20260510_232600.jpg,crops/cam2_20260510_232600_r0_c1.jpg,10474,28.2,,48,35.9,0,0,0,0,0,0.0,0.0,3034.0,101.0,51.5,10.3,1.7,0.3,,2026-05-11 05:26:02
germ-germinadorap-de5832|LOT-20260506-651F-009|r0_c1|rep0,LOT-20260506-651F-009:B1:R0,germ-germinadorap-de5832,LOT-20260506-651F-009,B1,0,1,0,Betabel,,c4,vigorosa,2026-05-10 16:39:40,4684,manual,2026-05-11 05:40:58,2026-05-06 21:07:49,104.55,5,cg_1778478056235_2,4924,cam2_20260510_234057.jpg,crops/cam2_20260510_234057_r0_c1.jpg,4926,cam2_20260510_234101.jpg,crops/cam2_20260510_234101_r0_c1.jpg,10486,28.4,,48,37.3,0,0,0,0,0,0.0,0.0,3048.0,101.0,51.5,10.3,1.7,0.3,,2026-05-11 05:41:02
germ-germinadorap-de5832|LOT-20260506-651F-009|r0_c1|rep0,LOT-20260506-651F-009:B1:R0,germ-germinadorap-de5832,LOT-20260506-651F-009,B1,0,1,0,Betabel,,c4,vigorosa,2026-05-10 16:39:40,4684,manual,2026-05-11 05:55:58,2026-05-06 21:07:49,104.80,5,cg_1778478956246_2,4928,cam2_20260510_235557.jpg,crops/cam2_20260510_235557_r0_c1.jpg,4930,cam2_20260510_235600.jpg,crops/cam2_20260510_235600_r0_c1.jpg,10498,28.4,,50,35.6,0,0,0,0,0,0.0,0.0,3063.0,101.0,51.5,10.3,1.7,0.3,,2026-05-11 05:56:02
germ-germinadorap-de5832|LOT-20260506-651F-009|r0_c1|rep0,LOT-20260506-651F-009:B1:R0,germ-germinadorap-de5832,LOT-20260506-651F-009,B1,0,1,0,Betabel,,c4,vigorosa,2026-05-10 16:39:40,4684,manual,2026-05-11 06:10:58,2026-05-06 21:07:49,105.05,5,cg_1778479856282_2,4932,cam2_20260511_001057.jpg,crops/cam2_20260511_001057_r0_c1.jpg,4934,cam2_20260511_001100.jpg,crops/cam2_20260511_001100_r0_c1.jpg,10510,28.5,,48,34.1,0,0,0,0,0,0.0,0.0,3078.0,101.0,51.5,10.3,1.7,0.3,,2026-05-11 06:11:02
germ-germinadorap-de5832|LOT-20260506-651F-009|r0_c1|rep0,LOT-20260506-651F-009:B1:R0,germ-germinadorap-de5832,LOT-20260506-651F-009,B1,0,1,0,Betabel,,c4,vigorosa,2026-05-10 16:39:40,4684,manual,2026-05-11 06:25:58,2026-05-06 21:07:49,105.30,5,cg_1778480756279_2,4936,cam2_20260511_002557.jpg,crops/cam2_20260511_002557_r0_c1.jpg,4938,cam2_20260511_002600.jpg,crops/cam2_20260511_002600_r0_c1.jpg,10522,28.6,,51,36.3,0,0,0,0,0,0.0,0.0,3089.0,101.0,51.5,10.3,1.7,0.3,,2026-05-11 06:26:02
germ-germinadorap-de5832|LOT-20260506-651F-009|r0_c1|rep0,LOT-20260506-651F-009:B1:R0,germ-germinadorap-de5832,LOT-20260506-651F-009,B1,0,1,0,Betabel,,c4,vigorosa,2026-05-10 16:39:40,4684,manual,2026-05-11 06:40:58,2026-05-06 21:07:49,105.55,5,cg_1778481656285_2,4940,cam2_20260511_004057.jpg,crops/cam2_20260511_004057_r0_c1.jpg,4942,cam2_20260511_004100.jpg,crops/cam2_20260511_004100_r0_c1.jpg,10534,28.7,,51,35.8,0,0,0,0,0,0.0,0.0,3089.0,101.0,51.5,10.3,1.7,0.3,,2026-05-11 06:41:02
germ-germinadorap-de5832|LOT-20260506-651F-009|r0_c1|rep0,LOT-20260506-651F-009:B1:R0,germ-germinadorap-de5832,LOT-20260506-651F-009,B1,0,1,0,Betabel,,c4,vigorosa,2026-05-10 16:39:40,4684,manual,2026-05-11 06:55:58,2026-05-06 21:07:49,105.80,5,cg_1778482556287_2,4944,cam2_20260511_005557.jpg,crops/cam2_20260511_005557_r0_c1.jpg,4946,cam2_20260511_005600.jpg,crops/cam2_20260511_005600_r0_c1.jpg,10546,28.5,,53,34.3,0,0,0,0,0,0.0,0.0,3089.0,101.0,51.5,10.3,1.7,0.3,,2026-05-11 06:56:02
germ-germinadorap-de5832|LOT-20260506-651F-009|r0_c1|rep0,LOT-20260506-651F-009:B1:R0,germ-germinadorap-de5832,LOT-20260506-651F-009,B1,0,1,0,Betabel,,c4,vigorosa,2026-05-10 16:39:40,4684,manual,2026-05-11 14:35:50,2026-05-06 21:07:49,113.47,5,cg_1778510148204_2,4949,cam2_20260511_083549.jpg,crops/cam2_20260511_083549_r0_c1.jpg,4951,cam2_20260511_083554.jpg,crops/cam2_20260511_083554_r0_c1.jpg,10565,26.8,,60,15,0,0,0,0,0,0.0,0.0,3090.0,101.0,57.5,11.5,1.7,0.3,,2026-05-11 14:35:55
germ-germinadorap-de5832|LOT-20260506-651F-009|r0_c1|rep0,LOT-20260506-651F-009:B1:R0,germ-germinadorap-de5832,LOT-20260506-651F-009,B1,0,1,0,Betabel,,c4,vigorosa,2026-05-10 16:39:40,4684,manual,2026-05-11 14:50:50,2026-05-06 21:07:49,113.72,5,cg_1778511048201_2,4952,cam2_20260511_085049.jpg,crops/cam2_20260511_085049_r0_c1.jpg,4954,cam2_20260511_085052.jpg,crops/cam2_20260511_085052_r0_c1.jpg,10570,27.2,,52,15.1,0,0,0,0,0,0.0,0.0,3105.0,101.0,57.7,11.5,1.7,0.3,,2026-05-11 14:50:53
germ-germinadorap-de5832|LOT-20260506-651F-009|r0_c1|rep0,LOT-20260506-651F-009:B1:R0,germ-germinadorap-de5832,LOT-20260506-651F-009,B1,0,1,0,Betabel,,c4,vigorosa,2026-05-10 16:39:40,4684,manual,2026-05-11 15:05:50,2026-05-06 21:07:49,113.97,5,cg_1778511948210_2,4956,cam2_20260511_090549.jpg,crops/cam2_20260511_090549_r0_c1.jpg,4958,cam2_20260511_090552.jpg,crops/cam2_20260511_090552_r0_c1.jpg,10582,27.9,,50,15.1,0,0,0,0,0,0.0,0.0,3120.0,101.0,58.0,11.6,1.7,0.3,,2026-05-11 15:05:54
germ-germinadorap-de5832|LOT-20260506-651F-009|r0_c1|rep0,LOT-20260506-651F-009:B1:R0,germ-germinadorap-de5832,LOT-20260506-651F-009,B1,0,1,0,Betabel,,c4,vigorosa,2026-05-10 16:39:40,4684,manual,2026-05-11 15:20:50,2026-05-06 21:07:49,114.22,5,cg_1778512848207_2,4960,cam2_20260511_092049.jpg,crops/cam2_20260511_092049_r0_c1.jpg,4962,cam2_20260511_092052.jpg,crops/cam2_20260511_092052_r0_c1.jpg,10594,28,,50,15.1,0,0,0,0,0,0.0,0.0,3135.0,101.0,58.2,11.6,1.7,0.3,,2026-05-11 15:20:54
germ-germinadorap-de5832|LOT-20260506-651F-009|r0_c1|rep0,LOT-20260506-651F-009:B1:R0,germ-germinadorap-de5832,LOT-20260506-651F-009,B1,0,1,0,Betabel,,c4,vigorosa,2026-05-10 16:39:40,4684,manual,2026-05-11 15:35:50,2026-05-06 21:07:49,114.47,5,cg_1778513748209_2,4972,cam2_20260511_093549.jpg,crops/cam2_20260511_093549_r0_c1.jpg,4974,cam2_20260511_093552.jpg,crops/cam2_20260511_093552_r0_c1.jpg,10606,28.3,,49,15.2,0,0,0,0,0,0.0,0.0,3149.0,101.0,58.5,11.7,1.7,0.3,,2026-05-11 15:35:54
germ-germinadorap-de5832|LOT-20260506-651F-009|r0_c1|rep0,LOT-20260506-651F-009:B1:R0,germ-germinadorap-de5832,LOT-20260506-651F-009,B1,0,1,0,Betabel,,c4,vigorosa,2026-05-10 16:39:40,4684,manual,2026-05-11 15:50:50,2026-05-06 21:07:49,114.72,5,cg_1778514648214_2,4976,cam2_20260511_095049.jpg,crops/cam2_20260511_095049_r0_c1.jpg,4978,cam2_20260511_095052.jpg,crops/cam2_20260511_095052_r0_c1.jpg,10618,28.5,,49,15.6,0,0,0,0,0,0.0,0.0,3164.0,101.0,58.7,11.7,1.7,0.3,,2026-05-11 15:50:54
germ-germinadorap-de5832|LOT-20260506-651F-009|r0_c1|rep0,LOT-20260506-651F-009:B1:R0,germ-germinadorap-de5832,LOT-20260506-651F-009,B1,0,1,0,Betabel,,c4,vigorosa,2026-05-10 16:39:40,4684,manual,2026-05-11 16:05:50,2026-05-06 21:07:49,114.97,5,cg_1778515548214_2,4980,cam2_20260511_100549.jpg,crops/cam2_20260511_100549_r0_c1.jpg,4982,cam2_20260511_100552.jpg,crops/cam2_20260511_100552_r0_c1.jpg,10630,28.6,,48,15.6,0,0,0,0,0,0.0,0.0,3179.0,101.0,59.0,11.8,1.7,0.3,,2026-05-11 16:05:54
germ-germinadorap-de5832|LOT-20260506-651F-009|r0_c1|rep0,LOT-20260506-651F-009:B1:R0,germ-germinadorap-de5832,LOT-20260506-651F-009,B1,0,1,0,Betabel,,c4,vigorosa,2026-05-10 16:39:40,4684,manual,2026-05-11 16:20:50,2026-05-06 21:07:49,115.22,5,cg_1778516448215_2,4984,cam2_20260511_102049.jpg,crops/cam2_20260511_102049_r0_c1.jpg,4986,cam2_20260511_102053.jpg,crops/cam2_20260511_102053_r0_c1.jpg,10642,28.6,,48,16,0,0,0,0,0,0.0,0.0,3194.0,101.0,59.2,11.8,1.7,0.3,,2026-05-11 16:20:54
germ-germinadorap-de5832|LOT-20260506-651F-009|r0_c1|rep0,LOT-20260506-651F-009:B1:R0,germ-germinadorap-de5832,LOT-20260506-651F-009,B1,0,1,0,Betabel,,c4,vigorosa,2026-05-10 16:39:40,4684,manual,2026-05-11 16:35:51,2026-05-06 21:07:49,115.47,5,cg_1778517348293_2,4988,cam2_20260511_103550.jpg,crops/cam2_20260511_103550_r0_c1.jpg,4990,cam2_20260511_103554.jpg,crops/cam2_20260511_103554_r0_c1.jpg,10654,28.5,,48,16.7,0,0,0,0,0,0.0,0.0,3209.0,101.0,59.5,11.9,1.7,0.3,,2026-05-11 16:35:57
germ-germinadorap-de5832|LOT-20260506-651F-009|r0_c1|rep0,LOT-20260506-651F-009:B1:R0,germ-germinadorap-de5832,LOT-20260506-651F-009,B1,0,1,0,Betabel,,c4,vigorosa,2026-05-10 16:39:40,4684,manual,2026-05-11 16:50:50,2026-05-06 21:07:49,115.72,5,cg_1778518248293_2,4992,cam2_20260511_105049.jpg,crops/cam2_20260511_105049_r0_c1.jpg,4994,cam2_20260511_105052.jpg,crops/cam2_20260511_105052_r0_c1.jpg,10666,28.7,,47,15.7,0,0,0,0,0,0.0,0.0,3224.0,102.0,59.7,11.9,1.7,0.3,,2026-05-11 16:50:54
germ-germinadorap-de5832|LOT-20260506-651F-009|r0_c1|rep0,LOT-20260506-651F-009:B1:R0,germ-germinadorap-de5832,LOT-20260506-651F-009,B1,0,1,0,Betabel,,c4,vigorosa,2026-05-10 16:39:40,4684,manual,2026-05-11 17:05:50,2026-05-06 21:07:49,115.97,5,cg_1778519148297_2,4996,cam2_20260511_110549.jpg,crops/cam2_20260511_110549_r0_c1.jpg,4998,cam2_20260511_110552.jpg,crops/cam2_20260511_110552_r0_c1.jpg,10678,28.9,,47,16,0,0,0,0,0,0.0,0.0,3239.0,102.0,60.0,12.0,1.7,0.3,,2026-05-11 17:05:54
germ-germinadorap-de5832|LOT-20260506-651F-009|r0_c1|rep0,LOT-20260506-651F-009:B1:R0,germ-germinadorap-de5832,LOT-20260506-651F-009,B1,0,1,0,Betabel,,c4,vigorosa,2026-05-10 16:39:40,4684,manual,2026-05-11 17:21:50,2026-05-06 21:07:49,116.23,5,cg_1778520108297_2,5000,cam2_20260511_112149.jpg,crops/cam2_20260511_112149_r0_c1.jpg,5002,cam2_20260511_112152.jpg,crops/cam2_20260511_112152_r0_c1.jpg,10690,29,,48,16,0,0,0,0,0,0.0,0.0,3254.0,102.0,60.2,12.0,1.7,0.3,,2026-05-11 17:21:54
germ-germinadorap-de5832|LOT-20260506-651F-009|r0_c1|rep0,LOT-20260506-651F-009:B1:R0,germ-germinadorap-de5832,LOT-20260506-651F-009,B1,0,1,0,Betabel,,c4,vigorosa,2026-05-10 16:39:40,4684,manual,2026-05-11 17:36:50,2026-05-06 21:07:49,116.48,5,cg_1778521008298_2,5004,cam2_20260511_113649.jpg,crops/cam2_20260511_113649_r0_c1.jpg,5006,cam2_20260511_113654.jpg,crops/cam2_20260511_113654_r0_c1.jpg,10702,29.2,,48,16.5,0,0,0,0,0,0.0,0.0,3269.0,102.0,60.5,12.1,1.7,0.3,,2026-05-11 17:36:56
germ-germinadorap-de5832|LOT-20260506-651F-009|r0_c1|rep0,LOT-20260506-651F-009:B1:R0,germ-germinadorap-de5832,LOT-20260506-651F-009,B1,0,1,0,Betabel,,c4,vigorosa,2026-05-10 16:39:40,4684,manual,2026-05-11 17:51:50,2026-05-06 21:07:49,116.73,5,cg_1778521908300_2,5008,cam2_20260511_115149.jpg,crops/cam2_20260511_115149_r0_c1.jpg,5010,cam2_20260511_115153.jpg,crops/cam2_20260511_115153_r0_c1.jpg,10714,29.3,,48,16.5,0,0,0,0,0,0.0,0.0,3284.0,102.0,60.7,12.1,1.7,0.3,,2026-05-11 17:51:54
germ-germinadorap-de5832|LOT-20260506-651F-009|r0_c1|rep0,LOT-20260506-651F-009:B1:R0,germ-germinadorap-de5832,LOT-20260506-651F-009,B1,0,1,0,Betabel,,c4,vigorosa,2026-05-10 16:39:40,4684,manual,2026-05-11 18:06:50,2026-05-06 21:07:49,116.98,5,cg_1778522808303_2,5012,cam2_20260511_120649.jpg,crops/cam2_20260511_120649_r0_c1.jpg,5014,cam2_20260511_120652.jpg,crops/cam2_20260511_120652_r0_c1.jpg,10726,29.3,,47,16.9,0,0,0,0,0,0.0,0.0,3299.0,102.0,61.0,12.2,1.7,0.3,,2026-05-11 18:06:54
germ-germinadorap-de5832|LOT-20260506-651F-009|r0_c1|rep0,LOT-20260506-651F-009:B1:R0,germ-germinadorap-de5832,LOT-20260506-651F-009,B1,0,1,0,Betabel,,c4,vigorosa,2026-05-10 16:39:40,4684,manual,2026-05-11 18:21:50,2026-05-06 21:07:49,117.23,5,cg_1778523708307_2,5016,cam2_20260511_122149.jpg,crops/cam2_20260511_122149_r0_c1.jpg,5018,cam2_20260511_122152.jpg,crops/cam2_20260511_122152_r0_c1.jpg,10738,29.3,,46,16.8,0,0,0,0,0,0.0,0.0,3314.0,102.0,61.2,12.2,1.7,0.3,,2026-05-11 18:21:54
germ-germinadorap-de5832|LOT-20260506-651F-009|r0_c1|rep0,LOT-20260506-651F-009:B1:R0,germ-germinadorap-de5832,LOT-20260506-651F-009,B1,0,1,0,Betabel,,c4,vigorosa,2026-05-10 16:39:40,4684,manual,2026-05-11 18:36:54,2026-05-06 21:07:49,117.48,5,cg_1778524612078_2,5020,cam2_20260511_123653.jpg,crops/cam2_20260511_123653_r0_c1.jpg,5022,cam2_20260511_123656.jpg,crops/cam2_20260511_123656_r0_c1.jpg,10750,29.4,,46,19.3,0,0,0,0,0,0.0,0.0,3329.0,102.0,61.5,12.3,1.7,0.3,,2026-05-11 18:36:57
germ-germinadorap-de5832|LOT-20260506-651F-009|r0_c1|rep0,LOT-20260506-651F-009:B1:R0,germ-germinadorap-de5832,LOT-20260506-651F-009,B1,0,1,0,Betabel,,c4,vigorosa,2026-05-10 16:39:40,4684,manual,2026-05-11 18:51:54,2026-05-06 21:07:49,117.73,5,cg_1778525512081_2,5024,cam2_20260511_125153.jpg,crops/cam2_20260511_125153_r0_c1.jpg,5026,cam2_20260511_125156.jpg,crops/cam2_20260511_125156_r0_c1.jpg,10762,29.6,,45,17,0,0,0,0,0,0.0,0.0,3344.0,102.0,61.7,12.3,1.7,0.3,,2026-05-11 18:51:57
germ-germinadorap-de5832|LOT-20260506-651F-009|r0_c1|rep0,LOT-20260506-651F-009:B1:R0,germ-germinadorap-de5832,LOT-20260506-651F-009,B1,0,1,0,Betabel,,c4,vigorosa,2026-05-10 16:39:40,4684,manual,2026-05-11 19:06:54,2026-05-06 21:07:49,117.98,5,cg_1778526412123_2,5032,cam2_20260511_130653.jpg,crops/cam2_20260511_130653_r0_c1.jpg,5034,cam2_20260511_130656.jpg,crops/cam2_20260511_130656_r0_c1.jpg,10774,29.6,,48,55.4,0,0,0,0,0,0.0,0.0,3359.0,102.0,62.0,12.4,1.7,0.3,,2026-05-11 19:06:58
germ-germinadorap-de5832|LOT-20260506-651F-009|r0_c1|rep0,LOT-20260506-651F-009:B1:R0,germ-germinadorap-de5832,LOT-20260506-651F-009,B1,0,1,0,Betabel,,c4,vigorosa,2026-05-10 16:39:40,4684,manual,2026-05-11 19:21:54,2026-05-06 21:07:49,118.23,5,cg_1778527312122_2,5036,cam2_20260511_132153.jpg,crops/cam2_20260511_132153_r0_c1.jpg,5038,cam2_20260511_132156.jpg,crops/cam2_20260511_132156_r0_c1.jpg,10786,29.5,,44,53.6,0,0,0,0,0,0.0,0.0,3373.0,102.0,62.2,12.4,1.7,0.3,,2026-05-11 19:21:57
germ-germinadorap-de5832|LOT-20260506-651F-009|r0_c1|rep0,LOT-20260506-651F-009:B1:R0,germ-germinadorap-de5832,LOT-20260506-651F-009,B1,0,1,0,Betabel,,c4,vigorosa,2026-05-10 16:39:40,4684,manual,2026-05-11 19:36:54,2026-05-06 21:07:49,118.48,5,cg_1778528212121_2,5040,cam2_20260511_133653.jpg,crops/cam2_20260511_133653_r0_c1.jpg,5042,cam2_20260511_133656.jpg,crops/cam2_20260511_133656_r0_c1.jpg,10798,29.5,,44,49.7,0,0,0,0,0,0.0,0.0,3388.0,102.0,62.5,12.5,1.7,0.3,,2026-05-11 19:36:57
germ-germinadorap-de5832|LOT-20260506-651F-009|r0_c1|rep0,LOT-20260506-651F-009:B1:R0,germ-germinadorap-de5832,LOT-20260506-651F-009,B1,0,1,0,Betabel,,c4,vigorosa,2026-05-10 16:39:40,4684,manual,2026-05-11 19:52:26,2026-05-06 21:07:49,118.74,5,cg_1778529144220_2,5048,cam2_20260511_135225.jpg,crops/cam2_20260511_135225_r0_c1.jpg,5050,cam2_20260511_135228.jpg,crops/cam2_20260511_135228_r0_c1.jpg,10810,29.6,,44,45.2,0,0,0,0,0,0.0,0.0,3404.0,102.0,62.7,12.5,1.7,0.3,,2026-05-11 19:52:30
germ-germinadorap-de5832|LOT-20260506-651F-009|r0_c1|rep0,LOT-20260506-651F-009:B1:R0,germ-germinadorap-de5832,LOT-20260506-651F-009,B1,0,1,0,Betabel,,c4,vigorosa,2026-05-10 16:39:40,4684,manual,2026-05-11 20:08:15,2026-05-06 21:07:49,119.01,5,cg_1778530093130_2,5052,cam2_20260511_140814.jpg,crops/cam2_20260511_140814_r0_c1.jpg,5054,cam2_20260511_140818.jpg,crops/cam2_20260511_140818_r0_c1.jpg,10822,29.5,,52,38.3,0,0,0,0,0,0.0,0.0,3420.0,102.0,63.0,12.6,1.7,0.3,,2026-05-11 20:08:20
germ-germinadorap-de5832|LOT-20260506-651F-009|r0_c1|rep0,LOT-20260506-651F-009:B1:R0,germ-germinadorap-de5832,LOT-20260506-651F-009,B1,0,1,0,Betabel,,c4,vigorosa,2026-05-10 16:39:40,4684,manual,2026-05-11 20:23:15,2026-05-06 21:07:49,119.26,5,cg_1778530993131_2,5056,cam2_20260511_142314.jpg,crops/cam2_20260511_142314_r0_c1.jpg,5058,cam2_20260511_142317.jpg,crops/cam2_20260511_142317_r0_c1.jpg,10834,29.6,,44,40.1,0,0,0,0,0,0.0,0.0,3434.0,102.0,63.3,12.7,1.7,0.3,,2026-05-11 20:23:19
germ-germinadorap-de5832|LOT-20260506-651F-009|r0_c1|rep0,LOT-20260506-651F-009:B1:R0,germ-germinadorap-de5832,LOT-20260506-651F-009,B1,0,1,0,Betabel,,c4,vigorosa,2026-05-10 16:39:40,4684,manual,2026-05-11 20:38:15,2026-05-06 21:07:49,119.51,5,cg_1778531893142_2,5060,cam2_20260511_143814.jpg,crops/cam2_20260511_143814_r0_c1.jpg,5062,cam2_20260511_143817.jpg,crops/cam2_20260511_143817_r0_c1.jpg,10846,29.5,,44,40.5,0,0,0,0,0,0.0,0.0,3449.0,102.0,63.3,12.7,1.7,0.3,,2026-05-11 20:38:19
germ-germinadorap-de5832|LOT-20260506-651F-009|r0_c1|rep0,LOT-20260506-651F-009:B1:R0,germ-germinadorap-de5832,LOT-20260506-651F-009,B1,0,1,0,Betabel,,c4,vigorosa,2026-05-10 16:39:40,4684,manual,2026-05-11 20:53:15,2026-05-06 21:07:49,119.76,5,cg_1778532793151_2,5064,cam2_20260511_145314.jpg,crops/cam2_20260511_145314_r0_c1.jpg,5066,cam2_20260511_145317.jpg,crops/cam2_20260511_145317_r0_c1.jpg,10858,29.6,,45,40.1,0,0,0,0,0,0.0,0.0,3464.0,102.0,63.3,12.7,1.7,0.3,,2026-05-11 20:53:19
germ-germinadorap-de5832|LOT-20260506-651F-009|r0_c1|rep0,LOT-20260506-651F-009:B1:R0,germ-germinadorap-de5832,LOT-20260506-651F-009,B1,0,1,0,Betabel,,c4,vigorosa,2026-05-10 16:39:40,4684,manual,2026-05-11 21:08:15,2026-05-06 21:07:49,120.01,6,cg_1778533693155_2,5068,cam2_20260511_150814.jpg,crops/cam2_20260511_150814_r0_c1.jpg,5070,cam2_20260511_150817.jpg,crops/cam2_20260511_150817_r0_c1.jpg,10870,29.6,,44,38.7,0,0,0,0,0,0.0,0.0,3479.0,102.0,63.3,10.6,1.8,0.3,,2026-05-11 21:08:18
germ-germinadorap-de5832|LOT-20260506-651F-009|r0_c1|rep0,LOT-20260506-651F-009:B1:R0,germ-germinadorap-de5832,LOT-20260506-651F-009,B1,0,1,0,Betabel,,c4,vigorosa,2026-05-10 16:39:40,4684,manual,2026-05-11 21:23:15,2026-05-06 21:07:49,120.26,6,cg_1778534593157_2,5072,cam2_20260511_152314.jpg,crops/cam2_20260511_152314_r0_c1.jpg,5074,cam2_20260511_152317.jpg,crops/cam2_20260511_152317_r0_c1.jpg,10882,29.7,,46,41.1,0,0,0,0,0,0.0,0.0,3494.0,102.0,63.3,10.6,1.8,0.3,,2026-05-11 21:23:19
germ-germinadorap-de5832|LOT-20260506-651F-009|r0_c1|rep0,LOT-20260506-651F-009:B1:R0,germ-germinadorap-de5832,LOT-20260506-651F-009,B1,0,1,0,Betabel,,c4,vigorosa,2026-05-10 16:39:40,4684,manual,2026-05-11 22:23:48,2026-05-06 21:07:49,121.27,6,cg_1778538226404_2,5077,cam2_20260511_162347.jpg,crops/cam2_20260511_162347_r0_c1.jpg,5079,cam2_20260511_162353.jpg,crops/cam2_20260511_162353_r0_c1.jpg,10901,28.7,,61,36.9,0,0,0,0,0,0.0,0.0,3554.0,102.0,63.8,10.6,1.8,0.3,,2026-05-11 22:23:54
germ-germinadorap-de5832|LOT-20260506-651F-009|r0_c1|rep0,LOT-20260506-651F-009:B1:R0,germ-germinadorap-de5832,LOT-20260506-651F-009,B1,0,1,0,Betabel,,c4,vigorosa,2026-05-10 16:39:40,4684,manual,2026-05-11 22:38:48,2026-05-06 21:07:49,121.52,6,cg_1778539126403_2,5084,cam2_20260511_163847.jpg,crops/cam2_20260511_163847_r0_c1.jpg,5086,cam2_20260511_163850.jpg,crops/cam2_20260511_163850_r0_c1.jpg,10906,28.9,,51,33.1,0,0,0,0,0,0.0,0.0,3569.0,102.0,64.0,10.7,1.8,0.3,,2026-05-11 22:38:52
germ-germinadorap-de5832|LOT-20260506-651F-009|r0_c1|rep0,LOT-20260506-651F-009:B1:R0,germ-germinadorap-de5832,LOT-20260506-651F-009,B1,0,1,0,Betabel,,c4,vigorosa,2026-05-10 16:39:40,4684,manual,2026-05-11 22:53:48,2026-05-06 21:07:49,121.77,6,cg_1778540026403_2,5088,cam2_20260511_165347.jpg,crops/cam2_20260511_165347_r0_c1.jpg,5090,cam2_20260511_165350.jpg,crops/cam2_20260511_165350_r0_c1.jpg,10918,29.4,,50,39.3,0,0,0,0,0,0.0,0.0,3584.0,102.0,64.1,10.7,1.8,0.3,,2026-05-11 22:53:52
germ-germinadorap-de5832|LOT-20260506-651F-009|r0_c1|rep0,LOT-20260506-651F-009:B1:R0,germ-germinadorap-de5832,LOT-20260506-651F-009,B1,0,1,0,Betabel,,c4,vigorosa,2026-05-10 16:39:40,4684,manual,2026-05-11 23:08:48,2026-05-06 21:07:49,122.02,6,cg_1778540926411_2,5092,cam2_20260511_170847.jpg,crops/cam2_20260511_170847_r0_c1.jpg,5094,cam2_20260511_170850.jpg,crops/cam2_20260511_170850_r0_c1.jpg,10930,29.5,,46,31.3,0,0,0,0,0,0.0,0.0,3599.0,102.0,64.1,10.7,1.8,0.3,,2026-05-11 23:08:52
germ-germinadorap-de5832|LOT-20260506-651F-009|r0_c1|rep0,LOT-20260506-651F-009:B1:R0,germ-germinadorap-de5832,LOT-20260506-651F-009,B1,0,1,0,Betabel,,c4,vigorosa,2026-05-10 16:39:40,4684,manual,2026-05-11 23:23:48,2026-05-06 21:07:49,122.27,6,cg_1778541826412_2,5096,cam2_20260511_172347.jpg,crops/cam2_20260511_172347_r0_c1.jpg,5098,cam2_20260511_172351.jpg,crops/cam2_20260511_172351_r0_c1.jpg,10942,28.7,,43,37.2,0,0,0,0,0,0.0,0.0,3614.0,102.0,64.1,10.7,1.8,0.3,,2026-05-11 23:23:52
germ-germinadorap-de5832|LOT-20260506-651F-009|r0_c1|rep0,LOT-20260506-651F-009:B1:R0,germ-germinadorap-de5832,LOT-20260506-651F-009,B1,0,1,0,Betabel,,c4,vigorosa,2026-05-10 16:39:40,4684,manual,2026-05-11 23:40:05,2026-05-06 21:07:49,122.54,6,cg_1778542803443_2,5100,cam2_20260511_174004.jpg,crops/cam2_20260511_174004_r0_c1.jpg,5102,cam2_20260511_174009.jpg,crops/cam2_20260511_174009_r0_c1.jpg,10954,28.2,,42,39.8,0,0,0,0,0,0.0,0.0,3630.0,102.0,64.3,10.7,1.8,0.3,,2026-05-11 23:40:11
germ-germinadorap-de5832|LOT-20260506-651F-009|r0_c1|rep0,LOT-20260506-651F-009:B1:R0,germ-germinadorap-de5832,LOT-20260506-651F-009,B1,0,1,0,Betabel,,c4,vigorosa,2026-05-10 16:39:40,4684,manual,2026-05-11 23:55:05,2026-05-06 21:07:49,122.79,6,cg_1778543703441_2,5104,cam2_20260511_175505.jpg,crops/cam2_20260511_175505_r0_c1.jpg,5106,cam2_20260511_175508.jpg,crops/cam2_20260511_175508_r0_c1.jpg,10966,28,,42,39.9,0,0,0,0,0,0.0,0.0,3645.0,102.0,64.6,10.8,1.8,0.3,,2026-05-11 23:55:09
germ-germinadorap-de5832|LOT-20260506-651F-009|r0_c1|rep0,LOT-20260506-651F-009:B1:R0,germ-germinadorap-de5832,LOT-20260506-651F-009,B1,0,1,0,Betabel,,c4,vigorosa,2026-05-10 16:39:40,4684,manual,2026-05-12 00:10:06,2026-05-06 21:07:49,123.04,6,cg_1778544603468_2,5108,cam2_20260511_181005.jpg,crops/cam2_20260511_181005_r0_c1.jpg,5110,cam2_20260511_181008.jpg,crops/cam2_20260511_181008_r0_c1.jpg,10978,28.7,,44,44.1,0,0,0,1,0,15.0,0.0,3660.0,102.0,64.8,10.8,1.8,0.3,,2026-05-12 00:10:10
germ-germinadorap-de5832|LOT-20260506-651F-009|r0_c1|rep0,LOT-20260506-651F-009:B1:R0,germ-germinadorap-de5832,LOT-20260506-651F-009,B1,0,1,0,Betabel,,c4,vigorosa,2026-05-10 16:39:40,4684,manual,2026-05-12 06:17:12,2026-05-06 21:07:49,129.16,6,cg_1778566630531_2,5121,cam2_20260512_001712.jpg,crops/cam2_20260512_001712_r0_c1.jpg,5123,cam2_20260512_001718.jpg,crops/cam2_20260512_001718_r0_c1.jpg,10997,29,,50,1.5,0,0,0,0,0,0.0,0.0,3894.0,106.0,65.1,10.9,1.8,0.3,,2026-05-12 06:17:20
germ-germinadorap-de5832|LOT-20260506-651F-009|r0_c1|rep0,LOT-20260506-651F-009:B1:R0,germ-germinadorap-de5832,LOT-20260506-651F-009,B1,0,1,0,Betabel,,c4,vigorosa,2026-05-10 16:39:40,4684,manual,2026-05-12 06:32:32,2026-05-06 21:07:49,129.41,6,cg_1778567549618_2,5128,cam2_20260512_003231.jpg,crops/cam2_20260512_003231_r0_c1.jpg,5130,cam2_20260512_003234.jpg,crops/cam2_20260512_003234_r0_c1.jpg,11002,29,,50,1.4,0,0,0,0,0,0.0,0.0,3905.0,106.0,65.1,10.9,1.8,0.3,,2026-05-12 06:32:35
germ-germinadorap-de5832|LOT-20260506-651F-009|r0_c1|rep0,LOT-20260506-651F-009:B1:R0,germ-germinadorap-de5832,LOT-20260506-651F-009,B1,0,1,0,Betabel,,c4,vigorosa,2026-05-10 16:39:40,4684,manual,2026-05-12 06:47:31,2026-05-06 21:07:49,129.66,6,cg_1778568449617_2,5132,cam2_20260512_004731.jpg,crops/cam2_20260512_004731_r0_c1.jpg,5134,cam2_20260512_004734.jpg,crops/cam2_20260512_004734_r0_c1.jpg,11014,29,,50,1.4,0,0,0,0,0,0.0,0.0,3905.0,106.0,65.1,10.9,1.8,0.3,,2026-05-12 06:47:35
germ-germinadorap-de5832|LOT-20260506-651F-009|r0_c1|rep0,LOT-20260506-651F-009:B1:R0,germ-germinadorap-de5832,LOT-20260506-651F-009,B1,0,1,0,Betabel,,c4,vigorosa,2026-05-10 16:39:40,4684,manual,2026-05-12 07:02:32,2026-05-06 21:07:49,129.91,6,cg_1778569349624_2,5136,cam2_20260512_010231.jpg,crops/cam2_20260512_010231_r0_c1.jpg,5138,cam2_20260512_010234.jpg,crops/cam2_20260512_010234_r0_c1.jpg,11026,29,,50,1.3,0,0,0,0,0,0.0,0.0,3905.0,106.0,65.1,10.9,1.8,0.3,,2026-05-12 07:02:35
germ-germinadorap-de5832|LOT-20260506-651F-009|r0_c1|rep0,LOT-20260506-651F-009:B1:R0,germ-germinadorap-de5832,LOT-20260506-651F-009,B1,0,1,0,Betabel,,c4,vigorosa,2026-05-10 16:39:40,4684,manual,2026-05-12 07:17:31,2026-05-06 21:07:49,130.16,6,cg_1778570249636_2,5140,cam2_20260512_011731.jpg,crops/cam2_20260512_011731_r0_c1.jpg,5142,cam2_20260512_011734.jpg,crops/cam2_20260512_011734_r0_c1.jpg,11038,29,,50,1.2,0,0,0,0,0,0.0,0.0,3905.0,106.0,65.1,10.9,1.8,0.3,,2026-05-12 07:17:35
germ-germinadorap-de5832|LOT-20260506-651F-009|r0_c1|rep0,LOT-20260506-651F-009:B1:R0,germ-germinadorap-de5832,LOT-20260506-651F-009,B1,0,1,0,Betabel,,c4,vigorosa,2026-05-10 16:39:40,4684,manual,2026-05-12 07:32:32,2026-05-06 21:07:49,130.41,6,cg_1778571149655_2,5144,cam2_20260512_013231.jpg,crops/cam2_20260512_013231_r0_c1.jpg,5146,cam2_20260512_013234.jpg,crops/cam2_20260512_013234_r0_c1.jpg,11050,29,,50,1.2,0,0,0,0,0,0.0,0.0,3905.0,106.0,65.1,10.9,1.8,0.3,,2026-05-12 07:32:35
germ-germinadorap-de5832|LOT-20260506-651F-009|r0_c1|rep0,LOT-20260506-651F-009:B1:R0,germ-germinadorap-de5832,LOT-20260506-651F-009,B1,0,1,0,Betabel,,c4,vigorosa,2026-05-10 16:39:40,4684,manual,2026-05-12 07:48:41,2026-05-06 21:07:49,130.68,6,cg_1778572119486_2,5149,cam2_20260512_014841.jpg,crops/cam2_20260512_014841_r0_c1.jpg,5151,cam2_20260512_014846.jpg,crops/cam2_20260512_014846_r0_c1.jpg,11069,29,,50,1.2,0,0,0,0,0,0.0,0.0,3905.0,106.0,65.1,10.9,1.8,0.3,,2026-05-12 07:48:48
germ-germinadorap-de5832|LOT-20260506-651F-009|r0_c1|rep0,LOT-20260506-651F-009:B1:R0,germ-germinadorap-de5832,LOT-20260506-651F-009,B1,0,1,0,Betabel,,c4,vigorosa,2026-05-10 16:39:40,4684,manual,2026-05-12 08:04:29,2026-05-06 21:07:49,130.94,6,cg_1778573066932_2,5152,cam2_20260512_020428.jpg,crops/cam2_20260512_020428_r0_c1.jpg,5154,cam2_20260512_020431.jpg,crops/cam2_20260512_020431_r0_c1.jpg,11074,29,,50,1.2,0,0,0,0,0,0.0,0.0,3905.0,106.0,65.2,10.9,1.8,0.3,,2026-05-12 08:04:33
germ-germinadorap-de5832|LOT-20260506-651F-009|r0_c1|rep0,LOT-20260506-651F-009:B1:R0,germ-germinadorap-de5832,LOT-20260506-651F-009,B1,0,1,0,Betabel,,c4,vigorosa,2026-05-10 16:39:40,4684,manual,2026-05-12 08:19:29,2026-05-06 21:07:49,131.19,6,cg_1778573966928_2,5156,cam2_20260512_021928.jpg,crops/cam2_20260512_021928_r0_c1.jpg,5158,cam2_20260512_021931.jpg,crops/cam2_20260512_021931_r0_c1.jpg,11086,29,,50,1.2,0,0,0,0,0,0.0,0.0,3905.0,106.0,65.5,10.9,1.8,0.3,,2026-05-12 08:19:33
germ-germinadorap-de5832|LOT-20260506-651F-009|r0_c1|rep0,LOT-20260506-651F-009:B1:R0,germ-germinadorap-de5832,LOT-20260506-651F-009,B1,0,1,0,Betabel,,c4,vigorosa,2026-05-10 16:39:40,4684,manual,2026-05-12 08:34:29,2026-05-06 21:07:49,131.44,6,cg_1778574866930_2,5160,cam2_20260512_023428.jpg,crops/cam2_20260512_023428_r0_c1.jpg,5162,cam2_20260512_023431.jpg,crops/cam2_20260512_023431_r0_c1.jpg,11098,29,,50,1.1,0,0,0,0,0,0.0,0.0,3905.0,106.0,65.7,11.0,1.8,0.3,,2026-05-12 08:34:32
germ-germinadorap-de5832|LOT-20260506-651F-009|r0_c1|rep0,LOT-20260506-651F-009:B1:R0,germ-germinadorap-de5832,LOT-20260506-651F-009,B1,0,1,0,Betabel,,c4,vigorosa,2026-05-10 16:39:40,4684,manual,2026-05-12 08:49:29,2026-05-06 21:07:49,131.69,6,cg_1778575766935_2,5164,cam2_20260512_024928.jpg,crops/cam2_20260512_024928_r0_c1.jpg,5166,cam2_20260512_024931.jpg,crops/cam2_20260512_024931_r0_c1.jpg,11110,29,,50,1.1,0,0,0,0,0,0.0,0.0,3906.0,106.0,66.0,11.0,1.8,0.3,,2026-05-12 08:49:33
germ-germinadorap-de5832|LOT-20260506-651F-009|r0_c1|rep0,LOT-20260506-651F-009:B1:R0,germ-germinadorap-de5832,LOT-20260506-651F-009,B1,0,1,0,Betabel,,c4,vigorosa,2026-05-10 16:39:40,4684,manual,2026-05-12 09:04:29,2026-05-06 21:07:49,131.94,6,cg_1778576666935_2,5168,cam2_20260512_030428.jpg,crops/cam2_20260512_030428_r0_c1.jpg,5170,cam2_20260512_030431.jpg,crops/cam2_20260512_030431_r0_c1.jpg,11122,29,,50,1,0,0,0,0,0,0.0,0.0,3906.0,106.0,66.2,11.0,1.8,0.3,,2026-05-12 09:04:33
germ-germinadorap-de5832|LOT-20260506-651F-009|r0_c1|rep0,LOT-20260506-651F-009:B1:R0,germ-germinadorap-de5832,LOT-20260506-651F-009,B1,0,1,0,Betabel,,c4,vigorosa,2026-05-10 16:39:40,4684,manual,2026-05-12 09:19:29,2026-05-06 21:07:49,132.19,6,cg_1778577566943_2,5172,cam2_20260512_031928.jpg,crops/cam2_20260512_031928_r0_c1.jpg,5174,cam2_20260512_031931.jpg,crops/cam2_20260512_031931_r0_c1.jpg,11134,29,,50,1,0,0,0,0,0,0.0,0.0,3906.0,106.0,66.5,11.1,1.8,0.3,,2026-05-12 09:19:32
germ-germinadorap-de5832|LOT-20260506-651F-009|r0_c1|rep0,LOT-20260506-651F-009:B1:R0,germ-germinadorap-de5832,LOT-20260506-651F-009,B1,0,1,0,Betabel,,c4,vigorosa,2026-05-10 16:39:40,4684,manual,2026-05-12 09:34:29,2026-05-06 21:07:49,132.44,6,cg_1778578466944_2,5177,cam2_20260512_033428.jpg,crops/cam2_20260512_033428_r0_c1.jpg,5179,cam2_20260512_033433.jpg,crops/cam2_20260512_033433_r0_c1.jpg,11153,29,,50,0.9,0,0,0,0,0,0.0,0.0,3906.0,106.0,66.7,11.1,1.8,0.3,,2026-05-12 09:34:35
germ-germinadorap-de5832|LOT-20260506-651F-009|r0_c1|rep0,LOT-20260506-651F-009:B1:R0,germ-germinadorap-de5832,LOT-20260506-651F-009,B1,0,1,0,Betabel,,c4,vigorosa,2026-05-10 16:39:40,4684,manual,2026-05-12 09:49:29,2026-05-06 21:07:49,132.69,6,cg_1778579366948_2,5180,cam2_20260512_034928.jpg,crops/cam2_20260512_034928_r0_c1.jpg,5182,cam2_20260512_034931.jpg,crops/cam2_20260512_034931_r0_c1.jpg,11158,29,,50,0.9,0,0,0,0,0,0.0,0.0,3906.0,106.0,67.0,11.2,1.8,0.3,,2026-05-12 09:49:32
germ-germinadorap-de5832|LOT-20260506-651F-009|r0_c1|rep0,LOT-20260506-651F-009:B1:R0,germ-germinadorap-de5832,LOT-20260506-651F-009,B1,0,1,0,Betabel,,c4,vigorosa,2026-05-10 16:39:40,4684,manual,2026-05-12 10:04:29,2026-05-06 21:07:49,132.94,6,cg_1778580266950_2,5184,cam2_20260512_040428.jpg,crops/cam2_20260512_040428_r0_c1.jpg,5186,cam2_20260512_040431.jpg,crops/cam2_20260512_040431_r0_c1.jpg,11170,29,,50,0.9,0,0,0,0,0,0.0,0.0,3906.0,106.0,67.2,11.2,1.8,0.3,,2026-05-12 10:04:33
germ-germinadorap-de5832|LOT-20260506-651F-009|r0_c1|rep0,LOT-20260506-651F-009:B1:R0,germ-germinadorap-de5832,LOT-20260506-651F-009,B1,0,1,0,Betabel,,c4,vigorosa,2026-05-10 16:39:40,4684,manual,2026-05-12 10:19:29,2026-05-06 21:07:49,133.19,6,cg_1778581166954_2,5188,cam2_20260512_041929.jpg,crops/cam2_20260512_041929_r0_c1.jpg,5190,cam2_20260512_041932.jpg,crops/cam2_20260512_041932_r0_c1.jpg,11182,29,,50,0.8,0,0,0,0,0,0.0,0.0,3906.0,106.0,67.5,11.2,1.8,0.3,,2026-05-12 10:19:33
germ-germinadorap-de5832|LOT-20260506-651F-009|r0_c1|rep0,LOT-20260506-651F-009:B1:R0,germ-germinadorap-de5832,LOT-20260506-651F-009,B1,0,1,0,Betabel,,c4,vigorosa,2026-05-10 16:39:40,4684,manual,2026-05-12 10:34:29,2026-05-06 21:07:49,133.44,6,cg_1778582066959_2,5192,cam2_20260512_043428.jpg,crops/cam2_20260512_043428_r0_c1.jpg,5194,cam2_20260512_043431.jpg,crops/cam2_20260512_043431_r0_c1.jpg,11194,29,,50,0.9,0,0,0,0,0,0.0,0.0,3906.0,106.0,67.7,11.3,1.8,0.3,,2026-05-12 10:34:33
germ-germinadorap-de5832|LOT-20260506-651F-009|r0_c1|rep0,LOT-20260506-651F-009:B1:R0,germ-germinadorap-de5832,LOT-20260506-651F-009,B1,0,1,0,Betabel,,c4,vigorosa,2026-05-10 16:39:40,4684,manual,2026-05-12 10:49:29,2026-05-06 21:07:49,133.69,6,cg_1778582966965_2,5196,cam2_20260512_044928.jpg,crops/cam2_20260512_044928_r0_c1.jpg,5198,cam2_20260512_044931.jpg,crops/cam2_20260512_044931_r0_c1.jpg,11206,29,,50,0.8,0,0,0,0,0,0.0,0.0,3906.0,106.0,67.9,11.3,1.8,0.3,,2026-05-12 10:49:32
germ-germinadorap-de5832|LOT-20260506-651F-009|r0_c1|rep0,LOT-20260506-651F-009:B1:R0,germ-germinadorap-de5832,LOT-20260506-651F-009,B1,0,1,0,Betabel,,c4,vigorosa,2026-05-10 16:39:40,4684,manual,2026-05-12 11:04:29,2026-05-06 21:07:49,133.94,6,cg_1778583866967_2,5200,cam2_20260512_050428.jpg,crops/cam2_20260512_050428_r0_c1.jpg,5202,cam2_20260512_050431.jpg,crops/cam2_20260512_050431_r0_c1.jpg,11218,29,,50,0.8,0,0,0,0,0,0.0,0.0,3906.0,106.0,68.2,11.4,1.8,0.3,,2026-05-12 11:04:32
germ-germinadorap-de5832|LOT-20260506-651F-009|r0_c1|rep0,LOT-20260506-651F-009:B1:R0,germ-germinadorap-de5832,LOT-20260506-651F-009,B1,0,1,0,Betabel,,c4,vigorosa,2026-05-10 16:39:40,4684,manual,2026-05-12 11:19:29,2026-05-06 21:07:49,134.19,6,cg_1778584766971_2,5204,cam2_20260512_051928.jpg,crops/cam2_20260512_051928_r0_c1.jpg,5206,cam2_20260512_051931.jpg,crops/cam2_20260512_051931_r0_c1.jpg,11230,29,,50,0.7,0,0,0,0,0,0.0,0.0,3906.0,106.0,68.4,11.4,1.8,0.3,,2026-05-12 11:19:33
germ-germinadorap-de5832|LOT-20260506-651F-009|r0_c1|rep0,LOT-20260506-651F-009:B1:R0,germ-germinadorap-de5832,LOT-20260506-651F-009,B1,0,1,0,Betabel,,c4,vigorosa,2026-05-10 16:39:40,4684,manual,2026-05-12 11:34:29,2026-05-06 21:07:49,134.44,6,cg_1778585666975_2,5208,cam2_20260512_053428.jpg,crops/cam2_20260512_053428_r0_c1.jpg,5210,cam2_20260512_053431.jpg,crops/cam2_20260512_053431_r0_c1.jpg,11242,29,,50,0.7,0,0,0,0,0,0.0,0.0,3906.0,106.0,68.7,11.4,1.8,0.3,,2026-05-12 11:34:33
germ-germinadorap-de5832|LOT-20260506-651F-009|r0_c1|rep0,LOT-20260506-651F-009:B1:R0,germ-germinadorap-de5832,LOT-20260506-651F-009,B1,0,1,0,Betabel,,c4,vigorosa,2026-05-10 16:39:40,4684,manual,2026-05-12 11:49:29,2026-05-06 21:07:49,134.69,6,cg_1778586566983_2,5212,cam2_20260512_054928.jpg,crops/cam2_20260512_054928_r0_c1.jpg,5214,cam2_20260512_054931.jpg,crops/cam2_20260512_054931_r0_c1.jpg,11254,29,,50,0.8,0,0,0,0,0,0.0,0.0,3906.0,106.0,68.9,11.5,1.8,0.3,,2026-05-12 11:49:33
germ-germinadorap-de5832|LOT-20260506-651F-009|r0_c1|rep0,LOT-20260506-651F-009:B1:R0,germ-germinadorap-de5832,LOT-20260506-651F-009,B1,0,1,0,Betabel,,c4,vigorosa,2026-05-10 16:39:40,4684,manual,2026-05-12 12:04:29,2026-05-06 21:07:49,134.94,6,cg_1778587466985_2,5216,cam2_20260512_060428.jpg,crops/cam2_20260512_060428_r0_c1.jpg,5218,cam2_20260512_060431.jpg,crops/cam2_20260512_060431_r0_c1.jpg,11266,29,,50,0.7,0,0,0,0,0,0.0,0.0,3906.0,106.0,69.2,11.5,1.8,0.3,,2026-05-12 12:04:33
germ-germinadorap-de5832|LOT-20260506-651F-009|r0_c1|rep0,LOT-20260506-651F-009:B1:R0,germ-germinadorap-de5832,LOT-20260506-651F-009,B1,0,1,0,Betabel,,c4,vigorosa,2026-05-10 16:39:40,4684,manual,2026-05-12 12:19:29,2026-05-06 21:07:49,135.19,6,cg_1778588366988_2,5220,cam2_20260512_061928.jpg,crops/cam2_20260512_061928_r0_c1.jpg,5222,cam2_20260512_061931.jpg,crops/cam2_20260512_061931_r0_c1.jpg,11278,29,,50,0.7,0,0,0,0,0,0.0,0.0,3906.0,106.0,69.4,11.6,1.8,0.3,,2026-05-12 12:19:33
germ-germinadorap-de5832|LOT-20260506-651F-009|r0_c1|rep0,LOT-20260506-651F-009:B1:R0,germ-germinadorap-de5832,LOT-20260506-651F-009,B1,0,1,0,Betabel,,c4,vigorosa,2026-05-10 16:39:40,4684,manual,2026-05-12 12:34:29,2026-05-06 21:07:49,135.44,6,cg_1778589266984_2,5224,cam2_20260512_063428.jpg,crops/cam2_20260512_063428_r0_c1.jpg,5226,cam2_20260512_063431.jpg,crops/cam2_20260512_063431_r0_c1.jpg,11290,29,,50,0.6,0,0,0,0,0,0.0,0.0,3906.0,106.0,69.7,11.6,1.8,0.3,,2026-05-12 12:34:33
germ-germinadorap-de5832|LOT-20260506-651F-009|r0_c1|rep0,LOT-20260506-651F-009:B1:R0,germ-germinadorap-de5832,LOT-20260506-651F-009,B1,0,1,0,Betabel,,c4,vigorosa,2026-05-10 16:39:40,4684,manual,2026-05-12 12:49:29,2026-05-06 21:07:49,135.69,6,cg_1778590166992_2,5228,cam2_20260512_064928.jpg,crops/cam2_20260512_064928_r0_c1.jpg,5230,cam2_20260512_064931.jpg,crops/cam2_20260512_064931_r0_c1.jpg,11302,29,,50,0.7,0,0,0,0,0,0.0,0.0,3907.0,106.0,69.9,11.7,1.8,0.3,,2026-05-12 12:49:33
germ-germinadorap-de5832|LOT-20260506-651F-009|r0_c1|rep0,LOT-20260506-651F-009:B1:R0,germ-germinadorap-de5832,LOT-20260506-651F-009,B1,0,1,0,Betabel,,c4,vigorosa,2026-05-10 16:39:40,4684,manual,2026-05-12 13:04:29,2026-05-06 21:07:49,135.94,6,cg_1778591066996_2,5232,cam2_20260512_070428.jpg,crops/cam2_20260512_070428_r0_c1.jpg,5234,cam2_20260512_070431.jpg,crops/cam2_20260512_070431_r0_c1.jpg,11314,29,,50,0.6,0,0,0,0,0,0.0,0.0,3907.0,106.0,70.2,11.7,1.8,0.3,,2026-05-12 13:04:33
germ-germinadorap-de5832|LOT-20260506-651F-009|r0_c1|rep0,LOT-20260506-651F-009:B1:R0,germ-germinadorap-de5832,LOT-20260506-651F-009,B1,0,1,0,Betabel,,c4,vigorosa,2026-05-10 16:39:40,4684,manual,2026-05-12 13:19:29,2026-05-06 21:07:49,136.19,6,cg_1778591966996_2,5236,cam2_20260512_071928.jpg,crops/cam2_20260512_071928_r0_c1.jpg,5238,cam2_20260512_071931.jpg,crops/cam2_20260512_071931_r0_c1.jpg,11326,29,,50,0.6,0,0,0,0,0,0.0,0.0,3907.0,106.0,70.4,11.7,1.8,0.3,,2026-05-12 13:19:33
germ-germinadorap-de5832|LOT-20260506-651F-009|r0_c1|rep0,LOT-20260506-651F-009:B1:R0,germ-germinadorap-de5832,LOT-20260506-651F-009,B1,0,1,0,Betabel,,c4,vigorosa,2026-05-10 16:39:40,4684,manual,2026-05-12 13:34:29,2026-05-06 21:07:49,136.44,6,cg_1778592867001_2,5240,cam2_20260512_073428.jpg,crops/cam2_20260512_073428_r0_c1.jpg,5242,cam2_20260512_073431.jpg,crops/cam2_20260512_073431_r0_c1.jpg,11338,29,,50,0.6,0,0,0,0,0,0.0,0.0,3907.0,106.0,70.7,11.8,1.8,0.3,,2026-05-12 13:34:33
germ-germinadorap-de5832|LOT-20260506-651F-009|r0_c1|rep0,LOT-20260506-651F-009:B1:R0,germ-germinadorap-de5832,LOT-20260506-651F-009,B1,0,1,0,Betabel,,c4,vigorosa,2026-05-10 16:39:40,4684,manual,2026-05-12 13:49:29,2026-05-06 21:07:49,136.69,6,cg_1778593767007_2,5244,cam2_20260512_074928.jpg,crops/cam2_20260512_074928_r0_c1.jpg,5246,cam2_20260512_074931.jpg,crops/cam2_20260512_074931_r0_c1.jpg,11350,29,,50,0.6,0,0,0,0,0,0.0,0.0,3907.0,106.0,70.9,11.8,1.8,0.3,,2026-05-12 13:49:33
germ-germinadorap-de5832|LOT-20260506-651F-009|r0_c1|rep0,LOT-20260506-651F-009:B1:R0,germ-germinadorap-de5832,LOT-20260506-651F-009,B1,0,1,0,Betabel,,c4,vigorosa,2026-05-10 16:39:40,4684,manual,2026-05-12 14:04:31,2026-05-06 21:07:49,136.94,6,cg_1778594669256_2,5252,cam2_20260512_080430.jpg,crops/cam2_20260512_080430_r0_c1.jpg,5254,cam2_20260512_080433.jpg,crops/cam2_20260512_080433_r0_c1.jpg,11362,29,,50,0.6,0,0,0,0,0,0.0,0.0,3911.0,106.0,71.2,11.9,1.8,0.3,,2026-05-12 14:04:35
germ-germinadorap-de5832|LOT-20260506-651F-009|r0_c1|rep0,LOT-20260506-651F-009:B1:R0,germ-germinadorap-de5832,LOT-20260506-651F-009,B1,0,1,0,Betabel,,c4,vigorosa,2026-05-10 16:39:40,4684,manual,2026-05-12 14:19:31,2026-05-06 21:07:49,137.19,6,cg_1778595569280_2,5256,cam2_20260512_081930.jpg,crops/cam2_20260512_081930_r0_c1.jpg,5258,cam2_20260512_081933.jpg,crops/cam2_20260512_081933_r0_c1.jpg,11374,29,,50,0.6,0,0,0,0,0,0.0,0.0,3926.0,106.0,71.4,11.9,1.8,0.3,,2026-05-12 14:19:35
germ-germinadorap-de5832|LOT-20260506-651F-009|r0_c1|rep0,LOT-20260506-651F-009:B1:R0,germ-germinadorap-de5832,LOT-20260506-651F-009,B1,0,1,0,Betabel,,c4,vigorosa,2026-05-10 16:39:40,4684,manual,2026-05-12 14:34:31,2026-05-06 21:07:49,137.44,6,cg_1778596469295_2,5260,cam2_20260512_083430.jpg,crops/cam2_20260512_083430_r0_c1.jpg,5262,cam2_20260512_083434.jpg,crops/cam2_20260512_083434_r0_c1.jpg,11386,29,,50,0.6,0,0,0,0,0,0.0,0.0,3941.0,106.0,71.7,11.9,1.8,0.3,,2026-05-12 14:34:35
germ-germinadorap-de5832|LOT-20260506-651F-009|r0_c1|rep0,LOT-20260506-651F-009:B1:R0,germ-germinadorap-de5832,LOT-20260506-651F-009,B1,0,1,0,Betabel,,c4,vigorosa,2026-05-10 16:39:40,4684,manual,2026-05-12 14:49:31,2026-05-06 21:07:49,137.69,6,cg_1778597369299_2,5264,cam2_20260512_084930.jpg,crops/cam2_20260512_084930_r0_c1.jpg,5266,cam2_20260512_084933.jpg,crops/cam2_20260512_084933_r0_c1.jpg,11398,29,,50,0.5,0,0,0,0,0,0.0,0.0,3956.0,106.0,71.9,12.0,1.8,0.3,,2026-05-12 14:49:35
germ-germinadorap-de5832|LOT-20260506-651F-009|r0_c1|rep0,LOT-20260506-651F-009:B1:R0,germ-germinadorap-de5832,LOT-20260506-651F-009,B1,0,1,0,Betabel,,c4,vigorosa,2026-05-10 16:39:40,4684,manual,2026-05-12 15:04:31,2026-05-06 21:07:49,137.94,6,cg_1778598269400_2,5268,cam2_20260512_090430.jpg,crops/cam2_20260512_090430_r0_c1.jpg,5270,cam2_20260512_090433.jpg,crops/cam2_20260512_090433_r0_c1.jpg,11410,29,,50,0.5,0,0,0,0,0,0.0,0.0,3970.0,106.0,72.2,12.0,1.8,0.3,,2026-05-12 15:04:35
germ-germinadorap-de5832|LOT-20260506-651F-009|r0_c1|rep0,LOT-20260506-651F-009:B1:R0,germ-germinadorap-de5832,LOT-20260506-651F-009,B1,0,1,0,Betabel,,c4,vigorosa,2026-05-10 16:39:40,4684,manual,2026-05-12 15:19:31,2026-05-06 21:07:49,138.19,6,cg_1778599169470_2,5272,cam2_20260512_091930.jpg,crops/cam2_20260512_091930_r0_c1.jpg,5274,cam2_20260512_091933.jpg,crops/cam2_20260512_091933_r0_c1.jpg,11422,29,,50,0.5,0,0,0,0,0,0.0,0.0,3985.0,106.0,72.4,12.1,1.8,0.3,,2026-05-12 15:19:35
germ-germinadorap-de5832|LOT-20260506-651F-009|r0_c1|rep0,LOT-20260506-651F-009:B1:R0,germ-germinadorap-de5832,LOT-20260506-651F-009,B1,0,1,0,Betabel,,c4,vigorosa,2026-05-10 16:39:40,4684,manual,2026-05-12 15:34:31,2026-05-06 21:07:49,138.44,6,cg_1778600069566_2,5276,cam2_20260512_093431.jpg,crops/cam2_20260512_093431_r0_c1.jpg,5278,cam2_20260512_093434.jpg,crops/cam2_20260512_093434_r0_c1.jpg,11434,29,,50,0.5,0,0,0,0,0,0.0,0.0,4000.0,106.0,72.7,12.1,1.8,0.3,,2026-05-12 15:34:35
germ-germinadorap-de5832|LOT-20260506-651F-009|r0_c1|rep0,LOT-20260506-651F-009:B1:R0,germ-germinadorap-de5832,LOT-20260506-651F-009,B1,0,1,0,Betabel,,c4,vigorosa,2026-05-10 16:39:40,4684,manual,2026-05-12 15:49:31,2026-05-06 21:07:49,138.69,6,cg_1778600969565_2,5280,cam2_20260512_094931.jpg,crops/cam2_20260512_094931_r0_c1.jpg,5282,cam2_20260512_094934.jpg,crops/cam2_20260512_094934_r0_c1.jpg,11446,29,,50,0.5,0,0,0,0,0,0.0,0.0,4015.0,106.0,72.9,12.2,1.8,0.3,,2026-05-12 15:49:35
germ-germinadorap-de5832|LOT-20260506-651F-009|r0_c1|rep0,LOT-20260506-651F-009:B1:R0,germ-germinadorap-de5832,LOT-20260506-651F-009,B1,0,1,0,Betabel,,c4,vigorosa,2026-05-10 16:39:40,4684,manual,2026-05-12 16:04:31,2026-05-06 21:07:49,138.94,6,cg_1778601869572_2,5284,cam2_20260512_100431.jpg,crops/cam2_20260512_100431_r0_c1.jpg,5286,cam2_20260512_100434.jpg,crops/cam2_20260512_100434_r0_c1.jpg,11458,29,,50,0.5,0,0,0,0,0,0.0,0.0,4030.0,106.0,73.2,12.2,1.8,0.3,,2026-05-12 16:04:35
germ-germinadorap-de5832|LOT-20260506-651F-009|r0_c1|rep0,LOT-20260506-651F-009:B1:R0,germ-germinadorap-de5832,LOT-20260506-651F-009,B1,0,1,0,Betabel,,c4,vigorosa,2026-05-10 16:39:40,4684,manual,2026-05-12 16:19:31,2026-05-06 21:07:49,139.19,6,cg_1778602769574_2,5288,cam2_20260512_101931.jpg,crops/cam2_20260512_101931_r0_c1.jpg,5290,cam2_20260512_101934.jpg,crops/cam2_20260512_101934_r0_c1.jpg,11470,29,,50,0.5,0,0,0,0,0,0.0,0.0,4045.0,106.0,73.4,12.2,1.8,0.3,,2026-05-12 16:19:35
germ-germinadorap-de5832|LOT-20260506-651F-009|r0_c1|rep0,LOT-20260506-651F-009:B1:R0,germ-germinadorap-de5832,LOT-20260506-651F-009,B1,0,1,0,Betabel,,c4,vigorosa,2026-05-10 16:39:40,4684,manual,2026-05-12 16:34:31,2026-05-06 21:07:49,139.44,6,cg_1778603669581_2,5293,cam2_20260512_103431.jpg,crops/cam2_20260512_103431_r0_c1.jpg,5295,cam2_20260512_103436.jpg,crops/cam2_20260512_103436_r0_c1.jpg,11489,29,,50,0.5,0,0,0,0,0,0.0,0.0,4060.0,106.0,73.7,12.3,1.8,0.3,,2026-05-12 16:34:38
germ-germinadorap-de5832|LOT-20260506-651F-009|r0_c1|rep0,LOT-20260506-651F-009:B1:R0,germ-germinadorap-de5832,LOT-20260506-651F-009,B1,0,1,0,Betabel,,c4,vigorosa,2026-05-10 16:39:40,4684,manual,2026-05-12 16:49:31,2026-05-06 21:07:49,139.69,6,cg_1778604569580_2,5296,cam2_20260512_104931.jpg,crops/cam2_20260512_104931_r0_c1.jpg,5298,cam2_20260512_104934.jpg,crops/cam2_20260512_104934_r0_c1.jpg,11494,29,,50,0.5,0,0,0,0,0,0.0,0.0,4075.0,106.0,73.9,12.3,1.8,0.3,,2026-05-12 16:49:35
germ-germinadorap-de5832|LOT-20260506-651F-009|r0_c1|rep0,LOT-20260506-651F-009:B1:R0,germ-germinadorap-de5832,LOT-20260506-651F-009,B1,0,1,0,Betabel,,c4,vigorosa,2026-05-10 16:39:40,4684,manual,2026-05-12 17:04:31,2026-05-06 21:07:49,139.94,6,cg_1778605469582_2,5300,cam2_20260512_110431.jpg,crops/cam2_20260512_110431_r0_c1.jpg,5302,cam2_20260512_110434.jpg,crops/cam2_20260512_110434_r0_c1.jpg,11506,29,,50,0.4,0,0,0,0,0,0.0,0.0,4090.0,106.0,74.2,12.4,1.8,0.3,,2026-05-12 17:04:35
germ-germinadorap-de5832|LOT-20260506-651F-009|r0_c1|rep0,LOT-20260506-651F-009:B1:R0,germ-germinadorap-de5832,LOT-20260506-651F-009,B1,0,1,0,Betabel,,c4,vigorosa,2026-05-10 16:39:40,4684,manual,2026-05-12 17:19:31,2026-05-06 21:07:49,140.19,6,cg_1778606369586_2,5304,cam2_20260512_111931.jpg,crops/cam2_20260512_111931_r0_c1.jpg,5306,cam2_20260512_111934.jpg,crops/cam2_20260512_111934_r0_c1.jpg,11518,29,,50,0.4,0,0,0,0,0,0.0,0.0,4105.0,106.0,74.4,12.4,1.8,0.3,,2026-05-12 17:19:35
germ-germinadorap-de5832|LOT-20260506-651F-009|r0_c1|rep0,LOT-20260506-651F-009:B1:R0,germ-germinadorap-de5832,LOT-20260506-651F-009,B1,0,1,0,Betabel,,c4,vigorosa,2026-05-10 16:39:40,4684,manual,2026-05-12 17:34:31,2026-05-06 21:07:49,140.44,6,cg_1778607269586_2,5308,cam2_20260512_113431.jpg,crops/cam2_20260512_113431_r0_c1.jpg,5310,cam2_20260512_113434.jpg,crops/cam2_20260512_113434_r0_c1.jpg,11530,29,,50,0.4,0,0,0,0,0,0.0,0.0,4120.0,106.0,74.7,12.4,1.8,0.3,,2026-05-12 17:34:35
germ-germinadorap-de5832|LOT-20260506-651F-009|r0_c1|rep0,LOT-20260506-651F-009:B1:R0,germ-germinadorap-de5832,LOT-20260506-651F-009,B1,0,1,0,Betabel,,c4,vigorosa,2026-05-10 16:39:40,4684,manual,2026-05-12 17:49:32,2026-05-06 21:07:49,140.70,6,cg_1778608169587_2,5312,cam2_20260512_114931.jpg,crops/cam2_20260512_114931_r0_c1.jpg,5314,cam2_20260512_114934.jpg,crops/cam2_20260512_114934_r0_c1.jpg,11542,29,,50,0.4,0,0,0,0,0,0.0,0.0,4134.0,106.0,74.9,12.5,1.8,0.3,,2026-05-12 17:49:35
germ-germinadorap-de5832|LOT-20260506-651F-009|r0_c1|rep0,LOT-20260506-651F-009:B1:R0,germ-germinadorap-de5832,LOT-20260506-651F-009,B1,0,1,0,Betabel,,c4,vigorosa,2026-05-10 16:39:40,4684,manual,2026-05-12 18:04:31,2026-05-06 21:07:49,140.94,6,cg_1778609069592_2,5316,cam2_20260512_120431.jpg,crops/cam2_20260512_120431_r0_c1.jpg,5318,cam2_20260512_120434.jpg,crops/cam2_20260512_120434_r0_c1.jpg,11554,29,,50,0.4,0,0,0,0,0,0.0,0.0,4149.0,106.0,75.2,12.5,1.8,0.3,,2026-05-12 18:04:35
germ-germinadorap-de5832|LOT-20260506-651F-009|r0_c1|rep0,LOT-20260506-651F-009:B1:R0,germ-germinadorap-de5832,LOT-20260506-651F-009,B1,0,1,0,Betabel,,c4,vigorosa,2026-05-10 16:39:40,4684,manual,2026-05-12 18:19:31,2026-05-06 21:07:49,141.19,6,cg_1778609969597_2,5320,cam2_20260512_121931.jpg,crops/cam2_20260512_121931_r0_c1.jpg,5322,cam2_20260512_121934.jpg,crops/cam2_20260512_121934_r0_c1.jpg,11566,29,,50,0.4,0,0,0,0,0,0.0,0.0,4164.0,106.0,75.4,12.6,1.8,0.3,,2026-05-12 18:19:35
germ-germinadorap-de5832|LOT-20260506-651F-009|r0_c1|rep0,LOT-20260506-651F-009:B1:R0,germ-germinadorap-de5832,LOT-20260506-651F-009,B1,0,1,0,Betabel,,c4,vigorosa,2026-05-10 16:39:40,4684,manual,2026-05-12 18:34:31,2026-05-06 21:07:49,141.44,6,cg_1778610869600_2,5324,cam2_20260512_123431.jpg,crops/cam2_20260512_123431_r0_c1.jpg,5326,cam2_20260512_123434.jpg,crops/cam2_20260512_123434_r0_c1.jpg,11578,29,,50,0.4,0,0,0,0,0,0.0,0.0,4179.0,106.0,75.7,12.6,1.8,0.3,,2026-05-12 18:34:35
germ-germinadorap-de5832|LOT-20260506-651F-009|r0_c1|rep0,LOT-20260506-651F-009:B1:R0,germ-germinadorap-de5832,LOT-20260506-651F-009,B1,0,1,0,Betabel,,c4,vigorosa,2026-05-10 16:39:40,4684,manual,2026-05-12 18:49:31,2026-05-06 21:07:49,141.69,6,cg_1778611769615_2,5328,cam2_20260512_124931.jpg,crops/cam2_20260512_124931_r0_c1.jpg,5330,cam2_20260512_124934.jpg,crops/cam2_20260512_124934_r0_c1.jpg,11590,29,,50,0.4,0,0,0,0,0,0.0,0.0,4194.0,106.0,75.9,12.7,1.8,0.3,,2026-05-12 18:49:35
germ-germinadorap-de5832|LOT-20260506-651F-009|r0_c1|rep0,LOT-20260506-651F-009:B1:R0,germ-germinadorap-de5832,LOT-20260506-651F-009,B1,0,1,0,Betabel,,c4,vigorosa,2026-05-10 16:39:40,4684,manual,2026-05-12 19:04:31,2026-05-06 21:07:49,141.94,6,cg_1778612669614_2,5332,cam2_20260512_130431.jpg,crops/cam2_20260512_130431_r0_c1.jpg,5334,cam2_20260512_130434.jpg,crops/cam2_20260512_130434_r0_c1.jpg,11602,29,,50,0.4,0,0,0,0,0,0.0,0.0,4209.0,106.0,76.1,12.7,1.8,0.3,,2026-05-12 19:04:35
germ-germinadorap-de5832|LOT-20260506-651F-009|r0_c1|rep0,LOT-20260506-651F-009:B1:R0,germ-germinadorap-de5832,LOT-20260506-651F-009,B1,0,1,0,Betabel,,c4,vigorosa,2026-05-10 16:39:40,4684,manual,2026-05-12 19:19:31,2026-05-06 21:07:49,142.19,6,cg_1778613569622_2,5336,cam2_20260512_131931.jpg,crops/cam2_20260512_131931_r0_c1.jpg,5338,cam2_20260512_131934.jpg,crops/cam2_20260512_131934_r0_c1.jpg,11614,29,,50,0.3,0,0,0,0,0,0.0,0.0,4224.0,106.0,76.4,12.7,1.8,0.3,,2026-05-12 19:19:35
germ-germinadorap-de5832|LOT-20260506-651F-009|r0_c1|rep0,LOT-20260506-651F-009:B1:R0,germ-germinadorap-de5832,LOT-20260506-651F-009,B1,0,1,0,Betabel,,c4,vigorosa,2026-05-10 16:39:40,4684,manual,2026-05-12 19:34:31,2026-05-06 21:07:49,142.44,6,cg_1778614469638_2,5340,cam2_20260512_133431.jpg,crops/cam2_20260512_133431_r0_c1.jpg,5342,cam2_20260512_133434.jpg,crops/cam2_20260512_133434_r0_c1.jpg,11626,29,,50,0.3,0,0,0,0,0,0.0,0.0,4239.0,106.0,76.6,12.8,1.8,0.3,,2026-05-12 19:34:35
germ-germinadorap-de5832|LOT-20260506-651F-009|r0_c1|rep0,LOT-20260506-651F-009:B1:R0,germ-germinadorap-de5832,LOT-20260506-651F-009,B1,0,1,0,Betabel,,c4,vigorosa,2026-05-10 16:39:40,4684,manual,2026-05-12 19:49:31,2026-05-06 21:07:49,142.69,6,cg_1778615369651_2,5344,cam2_20260512_134931.jpg,crops/cam2_20260512_134931_r0_c1.jpg,5346,cam2_20260512_134934.jpg,crops/cam2_20260512_134934_r0_c1.jpg,11638,29,,50,0.3,0,0,0,0,0,0.0,0.0,4254.0,106.0,76.9,12.8,1.8,0.3,,2026-05-12 19:49:35
germ-germinadorap-de5832|LOT-20260506-651F-009|r0_c1|rep0,LOT-20260506-651F-009:B1:R0,germ-germinadorap-de5832,LOT-20260506-651F-009,B1,0,1,0,Betabel,,c4,vigorosa,2026-05-10 16:39:40,4684,manual,2026-05-12 20:04:31,2026-05-06 21:07:49,142.94,6,cg_1778616269662_2,5348,cam2_20260512_140431.jpg,crops/cam2_20260512_140431_r0_c1.jpg,5350,cam2_20260512_140434.jpg,crops/cam2_20260512_140434_r0_c1.jpg,11650,29,,50,0.3,0,0,0,0,0,0.0,0.0,4269.0,106.0,77.1,12.8,1.8,0.3,,2026-05-12 20:04:35
germ-germinadorap-de5832|LOT-20260506-651F-009|r0_c1|rep0,LOT-20260506-651F-009:B1:R0,germ-germinadorap-de5832,LOT-20260506-651F-009,B1,0,1,0,Betabel,,c4,vigorosa,2026-05-10 16:39:40,4684,manual,2026-05-12 20:19:31,2026-05-06 21:07:49,143.19,6,cg_1778617169665_2,5352,cam2_20260512_141931.jpg,crops/cam2_20260512_141931_r0_c1.jpg,5354,cam2_20260512_141934.jpg,crops/cam2_20260512_141934_r0_c1.jpg,11662,29,,50,0.2,0,0,0,0,0,0.0,0.0,4284.0,106.0,77.1,12.8,1.8,0.3,,2026-05-12 20:19:35
germ-germinadorap-de5832|LOT-20260506-651F-009|r0_c1|rep0,LOT-20260506-651F-009:B1:R0,germ-germinadorap-de5832,LOT-20260506-651F-009,B1,0,1,0,Betabel,,c4,vigorosa,2026-05-10 16:39:40,4684,manual,2026-05-12 20:34:31,2026-05-06 21:07:49,143.44,6,cg_1778618069674_2,5356,cam2_20260512_143431.jpg,crops/cam2_20260512_143431_r0_c1.jpg,5358,cam2_20260512_143434.jpg,crops/cam2_20260512_143434_r0_c1.jpg,11674,29,,50,0.2,0,0,0,0,0,0.0,0.0,4298.0,106.0,77.1,12.8,1.8,0.3,,2026-05-12 20:34:35
germ-germinadorap-de5832|LOT-20260506-651F-009|r0_c1|rep0,LOT-20260506-651F-009:B1:R0,germ-germinadorap-de5832,LOT-20260506-651F-009,B1,0,1,0,Betabel,,c4,vigorosa,2026-05-10 16:39:40,4684,manual,2026-05-12 20:49:31,2026-05-06 21:07:49,143.69,6,cg_1778618969690_2,5360,cam2_20260512_144931.jpg,crops/cam2_20260512_144931_r0_c1.jpg,5362,cam2_20260512_144934.jpg,crops/cam2_20260512_144934_r0_c1.jpg,11686,29,,50,0.2,0,0,0,0,0,0.0,0.0,4313.0,106.0,77.1,12.8,1.8,0.3,,2026-05-12 20:49:35
germ-germinadorap-de5832|LOT-20260506-651F-009|r0_c1|rep0,LOT-20260506-651F-009:B1:R0,germ-germinadorap-de5832,LOT-20260506-651F-009,B1,0,1,0,Betabel,,c4,vigorosa,2026-05-10 16:39:40,4684,manual,2026-05-12 21:04:31,2026-05-06 21:07:49,143.94,6,cg_1778619869697_2,5364,cam2_20260512_150431.jpg,crops/cam2_20260512_150431_r0_c1.jpg,5366,cam2_20260512_150434.jpg,crops/cam2_20260512_150434_r0_c1.jpg,11698,29,,50,0.1,0,0,0,0,0,0.0,0.0,4328.0,106.0,77.1,12.8,1.8,0.3,,2026-05-12 21:04:35
germ-germinadorap-de5832|LOT-20260506-651F-009|r0_c1|rep0,LOT-20260506-651F-009:B1:R0,germ-germinadorap-de5832,LOT-20260506-651F-009,B1,0,1,0,Betabel,,c4,vigorosa,2026-05-10 16:39:40,4684,manual,2026-05-12 21:19:31,2026-05-06 21:07:49,144.19,7,cg_1778620769714_2,5368,cam2_20260512_151931.jpg,crops/cam2_20260512_151931_r0_c1.jpg,5370,cam2_20260512_151934.jpg,crops/cam2_20260512_151934_r0_c1.jpg,11710,29,,50,0.2,0,0,0,0,0,0.0,0.0,4343.0,106.0,77.1,11.0,1.8,0.3,,2026-05-12 21:19:35
germ-germinadorap-de5832|LOT-20260506-651F-009|r0_c1|rep0,LOT-20260506-651F-009:B1:R0,germ-germinadorap-de5832,LOT-20260506-651F-009,B1,0,1,0,Betabel,,c4,vigorosa,2026-05-10 16:39:40,4684,manual,2026-05-12 21:34:32,2026-05-06 21:07:49,144.45,7,cg_1778621669714_2,5372,cam2_20260512_153431.jpg,crops/cam2_20260512_153431_r0_c1.jpg,5374,cam2_20260512_153434.jpg,crops/cam2_20260512_153434_r0_c1.jpg,11722,29,,50,0.1,0,0,0,0,0,0.0,0.0,4358.0,106.0,77.1,11.0,1.8,0.3,,2026-05-12 21:34:35
germ-germinadorap-de5832|LOT-20260506-651F-009|r0_c1|rep0,LOT-20260506-651F-009:B1:R0,germ-germinadorap-de5832,LOT-20260506-651F-009,B1,0,1,0,Betabel,,c4,vigorosa,2026-05-10 16:39:40,4684,manual,2026-05-12 21:49:32,2026-05-06 21:07:49,144.70,7,cg_1778622569721_2,5376,cam2_20260512_154931.jpg,crops/cam2_20260512_154931_r0_c1.jpg,5378,cam2_20260512_154934.jpg,crops/cam2_20260512_154934_r0_c1.jpg,11734,29,,50,0.1,0,0,0,0,0,0.0,0.0,4373.0,106.0,77.1,11.0,1.8,0.3,,2026-05-12 21:49:35
germ-germinadorap-de5832|LOT-20260506-651F-009|r0_c1|rep0,LOT-20260506-651F-009:B1:R0,germ-germinadorap-de5832,LOT-20260506-651F-009,B1,0,1,0,Betabel,,c4,vigorosa,2026-05-10 16:39:40,4684,manual,2026-05-12 22:04:32,2026-05-06 21:07:49,144.95,7,cg_1778623469731_2,5380,cam2_20260512_160431.jpg,crops/cam2_20260512_160431_r0_c1.jpg,5382,cam2_20260512_160434.jpg,crops/cam2_20260512_160434_r0_c1.jpg,11746,29,,50,0.1,0,0,0,0,0,0.0,0.0,4388.0,106.0,77.1,11.0,1.8,0.3,,2026-05-12 22:04:35
germ-germinadorap-de5832|LOT-20260506-651F-009|r0_c1|rep0,LOT-20260506-651F-009:B1:R0,germ-germinadorap-de5832,LOT-20260506-651F-009,B1,0,1,0,Betabel,,c4,vigorosa,2026-05-10 16:39:40,4684,manual,2026-05-12 22:19:31,2026-05-06 21:07:49,145.19,7,cg_1778624369742_2,5384,cam2_20260512_161931.jpg,crops/cam2_20260512_161931_r0_c1.jpg,5386,cam2_20260512_161934.jpg,crops/cam2_20260512_161934_r0_c1.jpg,11758,29,,50,0.1,0,0,0,0,0,0.0,0.0,4403.0,106.0,77.1,11.0,1.8,0.3,,2026-05-12 22:19:35
germ-germinadorap-de5832|LOT-20260506-651F-009|r0_c1|rep0,LOT-20260506-651F-009:B1:R0,germ-germinadorap-de5832,LOT-20260506-651F-009,B1,0,1,0,Betabel,,c4,vigorosa,2026-05-10 16:39:40,4684,manual,2026-05-12 22:34:31,2026-05-06 21:07:49,145.44,7,cg_1778625269754_2,5388,cam2_20260512_163431.jpg,crops/cam2_20260512_163431_r0_c1.jpg,5390,cam2_20260512_163434.jpg,crops/cam2_20260512_163434_r0_c1.jpg,11770,29,,50,0,0,0,0,0,0,0.0,0.0,4418.0,106.0,77.1,11.0,1.8,0.3,,2026-05-12 22:34:35
germ-germinadorap-de5832|LOT-20260506-651F-009|r0_c1|rep0,LOT-20260506-651F-009:B1:R0,germ-germinadorap-de5832,LOT-20260506-651F-009,B1,0,1,0,Betabel,,c4,vigorosa,2026-05-10 16:39:40,4684,manual,2026-05-12 22:49:32,2026-05-06 21:07:49,145.70,7,cg_1778626169813_2,5392,cam2_20260512_164932.jpg,crops/cam2_20260512_164932_r0_c1.jpg,5394,cam2_20260512_164935.jpg,crops/cam2_20260512_164935_r0_c1.jpg,11782,29,,50,0.1,0,0,0,0,0,0.0,0.0,4433.0,106.0,77.1,11.0,1.8,0.3,,2026-05-12 22:49:37
germ-germinadorap-de5832|LOT-20260506-651F-009|r0_c1|rep0,LOT-20260506-651F-009:B1:R0,germ-germinadorap-de5832,LOT-20260506-651F-009,B1,0,1,0,Betabel,,c4,vigorosa,2026-05-10 16:39:40,4684,manual,2026-05-12 23:04:32,2026-05-06 21:07:49,145.95,7,cg_1778627069859_2,5396,cam2_20260512_170431.jpg,crops/cam2_20260512_170431_r0_c1.jpg,5398,cam2_20260512_170434.jpg,crops/cam2_20260512_170434_r0_c1.jpg,11794,29,,50,0.1,0,0,0,0,0,0.0,0.0,4448.0,106.0,77.1,11.0,1.8,0.3,,2026-05-12 23:04:35
germ-germinadorap-de5832|LOT-20260506-651F-009|r0_c1|rep0,LOT-20260506-651F-009:B1:R0,germ-germinadorap-de5832,LOT-20260506-651F-009,B1,0,1,0,Betabel,,c4,vigorosa,2026-05-10 16:39:40,4684,manual,2026-05-12 23:19:32,2026-05-06 21:07:49,146.20,7,cg_1778627969835_2,5400,cam2_20260512_171931.jpg,crops/cam2_20260512_171931_r0_c1.jpg,5402,cam2_20260512_171934.jpg,crops/cam2_20260512_171934_r0_c1.jpg,11806,29,,50,0.1,0,0,0,0,0,0.0,0.0,4463.0,106.0,77.1,11.0,1.8,0.3,,2026-05-12 23:19:35
germ-germinadorap-de5832|LOT-20260506-651F-009|r0_c1|rep0,LOT-20260506-651F-009:B1:R0,germ-germinadorap-de5832,LOT-20260506-651F-009,B1,0,1,0,Betabel,,c4,vigorosa,2026-05-10 16:39:40,4684,manual,2026-05-12 23:34:32,2026-05-06 21:07:49,146.45,7,cg_1778628869842_2,5404,cam2_20260512_173431.jpg,crops/cam2_20260512_173431_r0_c1.jpg,5406,cam2_20260512_173434.jpg,crops/cam2_20260512_173434_r0_c1.jpg,11818,29,,50,0.1,0,0,0,0,0,0.0,0.0,4477.0,106.0,77.1,11.0,1.8,0.3,,2026-05-12 23:34:35
germ-germinadorap-de5832|LOT-20260506-651F-009|r0_c1|rep0,LOT-20260506-651F-009:B1:R0,germ-germinadorap-de5832,LOT-20260506-651F-009,B1,0,1,0,Betabel,,c4,vigorosa,2026-05-10 16:39:40,4684,manual,2026-05-12 23:49:32,2026-05-06 21:07:49,146.70,7,cg_1778629769858_2,5408,cam2_20260512_174931.jpg,crops/cam2_20260512_174931_r0_c1.jpg,5410,cam2_20260512_174934.jpg,crops/cam2_20260512_174934_r0_c1.jpg,11830,29,,50,0.1,0,0,0,0,0,0.0,0.0,4492.0,106.0,77.1,11.0,1.8,0.3,,2026-05-12 23:49:35
germ-germinadorap-de5832|LOT-20260506-651F-009|r0_c1|rep0,LOT-20260506-651F-009:B1:R0,germ-germinadorap-de5832,LOT-20260506-651F-009,B1,0,1,0,Betabel,,c4,vigorosa,2026-05-10 16:39:40,4684,manual,2026-05-13 00:04:32,2026-05-06 21:07:49,146.95,7,cg_1778630669870_2,5412,cam2_20260512_180431.jpg,crops/cam2_20260512_180431_r0_c1.jpg,5414,cam2_20260512_180434.jpg,crops/cam2_20260512_180434_r0_c1.jpg,11842,29,,50,0.1,0,0,0,1,0,15.0,0.0,4507.0,106.0,77.1,11.0,1.8,0.3,,2026-05-13 00:04:35
germ-germinadorap-de5832|LOT-20260506-651F-009|r0_c1|rep0,LOT-20260506-651F-009:B1:R0,germ-germinadorap-de5832,LOT-20260506-651F-009,B1,0,1,0,Betabel,,c4,vigorosa,2026-05-10 16:39:40,4684,manual,2026-05-13 00:19:32,2026-05-06 21:07:49,147.20,7,cg_1778631569890_2,5416,cam2_20260512_181931.jpg,crops/cam2_20260512_181931_r0_c1.jpg,5418,cam2_20260512_181934.jpg,crops/cam2_20260512_181934_r0_c1.jpg,11854,29,,50,0.1,0,0,0,0,0,0.0,0.0,4522.0,106.0,77.1,11.0,1.8,0.3,,2026-05-13 00:19:35
germ-germinadorap-de5832|LOT-20260506-651F-009|r0_c1|rep0,LOT-20260506-651F-009:B1:R0,germ-germinadorap-de5832,LOT-20260506-651F-009,B1,0,1,0,Betabel,,c4,vigorosa,2026-05-10 16:39:40,4684,manual,2026-05-13 00:34:32,2026-05-06 21:07:49,147.45,7,cg_1778632469906_2,5420,cam2_20260512_183431.jpg,crops/cam2_20260512_183431_r0_c1.jpg,5422,cam2_20260512_183434.jpg,crops/cam2_20260512_183434_r0_c1.jpg,11866,29,,50,0.1,0,0,0,0,0,0.0,0.0,4537.0,106.0,77.1,11.0,1.8,0.3,,2026-05-13 00:34:35
germ-germinadorap-de5832|LOT-20260506-651F-009|r0_c1|rep0,LOT-20260506-651F-009:B1:R0,germ-germinadorap-de5832,LOT-20260506-651F-009,B1,0,1,0,Betabel,,c4,vigorosa,2026-05-10 16:39:40,4684,manual,2026-05-13 00:49:32,2026-05-06 21:07:49,147.70,7,cg_1778633369915_2,5424,cam2_20260512_184931.jpg,crops/cam2_20260512_184931_r0_c1.jpg,5426,cam2_20260512_184934.jpg,crops/cam2_20260512_184934_r0_c1.jpg,11878,29,,50,0.1,0,0,0,0,0,0.0,0.0,4552.0,106.0,77.1,11.0,1.8,0.3,,2026-05-13 00:49:35
germ-germinadorap-de5832|LOT-20260506-651F-009|r0_c1|rep0,LOT-20260506-651F-009:B1:R0,germ-germinadorap-de5832,LOT-20260506-651F-009,B1,0,1,0,Betabel,,c4,vigorosa,2026-05-10 16:39:40,4684,manual,2026-05-13 01:04:32,2026-05-06 21:07:49,147.95,7,cg_1778634269935_2,5428,cam2_20260512_190431.jpg,crops/cam2_20260512_190431_r0_c1.jpg,5430,cam2_20260512_190434.jpg,crops/cam2_20260512_190434_r0_c1.jpg,11890,29,,50,0.1,0,0,0,0,0,0.0,0.0,4567.0,106.0,77.1,11.0,1.8,0.3,,2026-05-13 01:04:35
germ-germinadorap-de5832|LOT-20260506-651F-009|r0_c1|rep0,LOT-20260506-651F-009:B1:R0,germ-germinadorap-de5832,LOT-20260506-651F-009,B1,0,1,0,Betabel,,c4,vigorosa,2026-05-10 16:39:40,4684,manual,2026-05-13 01:19:32,2026-05-06 21:07:49,148.20,7,cg_1778635169936_2,5432,cam2_20260512_191931.jpg,crops/cam2_20260512_191931_r0_c1.jpg,5434,cam2_20260512_191934.jpg,crops/cam2_20260512_191934_r0_c1.jpg,11902,29,,50,0,0,0,0,0,0,0.0,0.0,4582.0,106.0,77.1,11.0,1.8,0.3,,2026-05-13 01:19:35
germ-germinadorap-de5832|LOT-20260506-651F-009|r0_c1|rep0,LOT-20260506-651F-009:B1:R0,germ-germinadorap-de5832,LOT-20260506-651F-009,B1,0,1,0,Betabel,,c4,vigorosa,2026-05-10 16:39:40,4684,manual,2026-05-13 01:34:32,2026-05-06 21:07:49,148.45,7,cg_1778636069950_2,5436,cam2_20260512_193431.jpg,crops/cam2_20260512_193431_r0_c1.jpg,5438,cam2_20260512_193434.jpg,crops/cam2_20260512_193434_r0_c1.jpg,11914,29,,50,0,0,0,0,0,0,0.0,0.0,4597.0,106.0,77.1,11.0,1.8,0.3,,2026-05-13 01:34:35
germ-germinadorap-de5832|LOT-20260506-651F-009|r0_c1|rep0,LOT-20260506-651F-009:B1:R0,germ-germinadorap-de5832,LOT-20260506-651F-009,B1,0,1,0,Betabel,,c4,vigorosa,2026-05-10 16:39:40,4684,manual,2026-05-13 01:49:32,2026-05-06 21:07:49,148.70,7,cg_1778636969952_2,5444,cam2_20260512_194931.jpg,crops/cam2_20260512_194931_r0_c1.jpg,5446,cam2_20260512_194934.jpg,crops/cam2_20260512_194934_r0_c1.jpg,11926,29,,50,0.1,0,0,0,0,0,0.0,0.0,4612.0,106.0,77.3,11.0,1.8,0.3,,2026-05-13 01:49:35
germ-germinadorap-de5832|LOT-20260506-651F-009|r0_c1|rep0,LOT-20260506-651F-009:B1:R0,germ-germinadorap-de5832,LOT-20260506-651F-009,B1,0,1,0,Betabel,,c4,vigorosa,2026-05-10 16:39:40,4684,manual,2026-05-13 02:04:32,2026-05-06 21:07:49,148.95,7,cg_1778637870001_2,5448,cam2_20260512_200431.jpg,crops/cam2_20260512_200431_r0_c1.jpg,5450,cam2_20260512_200434.jpg,crops/cam2_20260512_200434_r0_c1.jpg,11938,29,,50,0,0,0,0,0,0,0.0,0.0,4622.0,106.0,77.5,11.1,1.8,0.3,,2026-05-13 02:04:36
germ-germinadorap-de5832|LOT-20260506-651F-009|r0_c1|rep0,LOT-20260506-651F-009:B1:R0,germ-germinadorap-de5832,LOT-20260506-651F-009,B1,0,1,0,Betabel,,c4,vigorosa,2026-05-10 16:39:40,4684,manual,2026-05-13 02:19:32,2026-05-06 21:07:49,149.20,7,cg_1778638770004_2,5452,cam2_20260512_201931.jpg,crops/cam2_20260512_201931_r0_c1.jpg,5454,cam2_20260512_201934.jpg,crops/cam2_20260512_201934_r0_c1.jpg,11950,29,,50,0,0,0,0,0,0,0.0,0.0,4622.0,106.0,77.8,11.1,1.8,0.3,,2026-05-13 02:19:36
germ-germinadorap-de5832|LOT-20260506-651F-009|r0_c1|rep0,LOT-20260506-651F-009:B1:R0,germ-germinadorap-de5832,LOT-20260506-651F-009,B1,0,1,0,Betabel,,c4,vigorosa,2026-05-10 16:39:40,4684,manual,2026-05-13 02:34:32,2026-05-06 21:07:49,149.45,7,cg_1778639670016_2,5456,cam2_20260512_203431.jpg,crops/cam2_20260512_203431_r0_c1.jpg,5458,cam2_20260512_203434.jpg,crops/cam2_20260512_203434_r0_c1.jpg,11962,29,,50,0,0,0,0,0,0,0.0,0.0,4623.0,106.0,78.0,11.1,1.8,0.3,,2026-05-13 02:34:35
germ-germinadorap-de5832|LOT-20260506-651F-009|r0_c1|rep0,LOT-20260506-651F-009:B1:R0,germ-germinadorap-de5832,LOT-20260506-651F-009,B1,0,1,0,Betabel,,c4,vigorosa,2026-05-10 16:39:40,4684,manual,2026-05-13 02:49:32,2026-05-06 21:07:49,149.70,7,cg_1778640570025_2,5464,cam2_20260512_204931.jpg,crops/cam2_20260512_204931_r0_c1.jpg,5466,cam2_20260512_204934.jpg,crops/cam2_20260512_204934_r0_c1.jpg,11974,29,,50,0,0,0,0,0,0,0.0,0.0,4623.0,106.0,78.3,11.2,1.8,0.3,,2026-05-13 02:49:36
germ-germinadorap-de5832|LOT-20260506-651F-009|r0_c1|rep0,LOT-20260506-651F-009:B1:R0,germ-germinadorap-de5832,LOT-20260506-651F-009,B1,0,1,0,Betabel,,c4,vigorosa,2026-05-10 16:39:40,4684,manual,2026-05-13 03:04:32,2026-05-06 21:07:49,149.95,7,cg_1778641470035_2,5468,cam2_20260512_210431.jpg,crops/cam2_20260512_210431_r0_c1.jpg,5470,cam2_20260512_210434.jpg,crops/cam2_20260512_210434_r0_c1.jpg,11986,29,,50,0,0,0,0,0,0,0.0,0.0,4623.0,106.0,78.5,11.2,1.8,0.3,,2026-05-13 03:04:36
germ-germinadorap-de5832|LOT-20260506-651F-009|r0_c1|rep0,LOT-20260506-651F-009:B1:R0,germ-germinadorap-de5832,LOT-20260506-651F-009,B1,0,1,0,Betabel,,c4,vigorosa,2026-05-10 16:39:40,4684,manual,2026-05-13 03:19:32,2026-05-06 21:07:49,150.20,7,cg_1778642370051_2,5472,cam2_20260512_211931.jpg,crops/cam2_20260512_211931_r0_c1.jpg,5474,cam2_20260512_211934.jpg,crops/cam2_20260512_211934_r0_c1.jpg,11998,29,,50,0,0,0,0,0,0,0.0,0.0,4623.0,106.0,78.8,11.3,1.8,0.3,,2026-05-13 03:19:36
germ-germinadorap-de5832|LOT-20260506-651F-009|r0_c1|rep0,LOT-20260506-651F-009:B1:R0,germ-germinadorap-de5832,LOT-20260506-651F-009,B1,0,1,0,Betabel,,c4,vigorosa,2026-05-10 16:39:40,4684,manual,2026-05-13 03:34:32,2026-05-06 21:07:49,150.45,7,cg_1778643270065_2,5476,cam2_20260512_213431.jpg,crops/cam2_20260512_213431_r0_c1.jpg,5478,cam2_20260512_213434.jpg,crops/cam2_20260512_213434_r0_c1.jpg,12010,29,,50,0,0,0,0,0,0,0.0,0.0,4623.0,106.0,79.0,11.3,1.8,0.3,,2026-05-13 03:34:36
germ-germinadorap-de5832|LOT-20260506-651F-009|r0_c1|rep0,LOT-20260506-651F-009:B1:R0,germ-germinadorap-de5832,LOT-20260506-651F-009,B1,0,1,0,Betabel,,c4,vigorosa,2026-05-10 16:39:40,4684,manual,2026-05-13 03:49:32,2026-05-06 21:07:49,150.70,7,cg_1778644170073_2,5480,cam2_20260512_214931.jpg,crops/cam2_20260512_214931_r0_c1.jpg,5482,cam2_20260512_214934.jpg,crops/cam2_20260512_214934_r0_c1.jpg,12022,29,,50,0,0,0,0,0,0,0.0,0.0,4623.0,106.0,79.3,11.3,1.8,0.3,,2026-05-13 03:49:36
germ-germinadorap-de5832|LOT-20260506-651F-009|r0_c1|rep0,LOT-20260506-651F-009:B1:R0,germ-germinadorap-de5832,LOT-20260506-651F-009,B1,0,1,0,Betabel,,c4,vigorosa,2026-05-10 16:39:40,4684,manual,2026-05-13 04:04:32,2026-05-06 21:07:49,150.95,7,cg_1778645070077_2,5484,cam2_20260512_220431.jpg,crops/cam2_20260512_220431_r0_c1.jpg,5486,cam2_20260512_220434.jpg,crops/cam2_20260512_220434_r0_c1.jpg,12034,29,,50,0,0,0,0,0,0,0.0,0.0,4623.0,106.0,79.5,11.4,1.8,0.3,,2026-05-13 04:04:36
germ-germinadorap-de5832|LOT-20260506-651F-009|r0_c1|rep0,LOT-20260506-651F-009:B1:R0,germ-germinadorap-de5832,LOT-20260506-651F-009,B1,0,1,0,Betabel,,c4,vigorosa,2026-05-10 16:39:40,4684,manual,2026-05-13 04:19:32,2026-05-06 21:07:49,151.20,7,cg_1778645970091_2,5488,cam2_20260512_221931.jpg,crops/cam2_20260512_221931_r0_c1.jpg,5490,cam2_20260512_221934.jpg,crops/cam2_20260512_221934_r0_c1.jpg,12046,29,,50,0,0,0,0,0,0,0.0,0.0,4623.0,106.0,79.8,11.4,1.8,0.3,,2026-05-13 04:19:36
germ-germinadorap-de5832|LOT-20260506-651F-009|r0_c1|rep0,LOT-20260506-651F-009:B1:R0,germ-germinadorap-de5832,LOT-20260506-651F-009,B1,0,1,0,Betabel,,c4,vigorosa,2026-05-10 16:39:40,4684,manual,2026-05-13 04:34:32,2026-05-06 21:07:49,151.45,7,cg_1778646870110_2,5492,cam2_20260512_223431.jpg,crops/cam2_20260512_223431_r0_c1.jpg,5494,cam2_20260512_223434.jpg,crops/cam2_20260512_223434_r0_c1.jpg,12058,29,,50,0,0,0,0,0,0,0.0,0.0,4623.0,106.0,80.0,11.4,1.8,0.3,,2026-05-13 04:34:36
germ-germinadorap-de5832|LOT-20260506-651F-009|r0_c1|rep0,LOT-20260506-651F-009:B1:R0,germ-germinadorap-de5832,LOT-20260506-651F-009,B1,0,1,0,Betabel,,c4,vigorosa,2026-05-10 16:39:40,4684,manual,2026-05-13 04:49:32,2026-05-06 21:07:49,151.70,7,cg_1778647770115_2,5497,cam2_20260512_224931.jpg,crops/cam2_20260512_224931_r0_c1.jpg,5499,cam2_20260512_224937.jpg,crops/cam2_20260512_224937_r0_c1.jpg,12077,29,,50,0,0,0,0,0,0,0.0,0.0,4623.0,106.0,80.3,11.5,1.8,0.3,,2026-05-13 04:49:38
germ-germinadorap-de5832|LOT-20260506-651F-009|r0_c1|rep0,LOT-20260506-651F-009:B1:R0,germ-germinadorap-de5832,LOT-20260506-651F-009,B1,0,1,0,Betabel,,c4,vigorosa,2026-05-10 16:39:40,4684,manual,2026-05-13 05:04:35,2026-05-06 21:07:49,151.95,7,cg_1778648670124_2,5500,cam2_20260512_230434.jpg,crops/cam2_20260512_230434_r0_c1.jpg,5502,cam2_20260512_230437.jpg,crops/cam2_20260512_230437_r0_c1.jpg,12082,29,,50,0,0,0,0,0,0,0.0,0.0,4623.0,106.0,80.5,11.5,1.8,0.3,,2026-05-13 05:04:39
germ-germinadorap-de5832|LOT-20260506-651F-009|r0_c1|rep0,LOT-20260506-651F-009:B1:R0,germ-germinadorap-de5832,LOT-20260506-651F-009,B1,0,1,0,Betabel,,c4,vigorosa,2026-05-10 16:39:40,4684,manual,2026-05-13 05:19:32,2026-05-06 21:07:49,152.20,7,cg_1778649570131_2,5504,cam2_20260512_231931.jpg,crops/cam2_20260512_231931_r0_c1.jpg,5506,cam2_20260512_231934.jpg,crops/cam2_20260512_231934_r0_c1.jpg,12094,29,,50,0,0,0,0,0,0,0.0,0.0,4623.0,106.0,80.8,11.5,1.8,0.3,,2026-05-13 05:19:36
germ-germinadorap-de5832|LOT-20260506-651F-009|r0_c1|rep0,LOT-20260506-651F-009:B1:R0,germ-germinadorap-de5832,LOT-20260506-651F-009,B1,0,1,0,Betabel,,c4,vigorosa,2026-05-10 16:39:40,4684,manual,2026-05-13 05:34:32,2026-05-06 21:07:49,152.45,7,cg_1778650470134_2,5508,cam2_20260512_233431.jpg,crops/cam2_20260512_233431_r0_c1.jpg,5510,cam2_20260512_233434.jpg,crops/cam2_20260512_233434_r0_c1.jpg,12106,29,,50,0,0,0,0,0,0,0.0,0.0,4623.0,106.0,81.0,11.6,1.8,0.3,,2026-05-13 05:34:36
germ-germinadorap-de5832|LOT-20260506-651F-009|r0_c1|rep0,LOT-20260506-651F-009:B1:R0,germ-germinadorap-de5832,LOT-20260506-651F-009,B1,0,1,0,Betabel,,c4,vigorosa,2026-05-10 16:39:40,4684,manual,2026-05-13 05:49:32,2026-05-06 21:07:49,152.70,7,cg_1778651370141_2,5512,cam2_20260512_234931.jpg,crops/cam2_20260512_234931_r0_c1.jpg,5514,cam2_20260512_234934.jpg,crops/cam2_20260512_234934_r0_c1.jpg,12118,29,,50,0,0,0,0,0,0,0.0,0.0,4623.0,106.0,81.3,11.6,1.8,0.3,,2026-05-13 05:49:36
germ-germinadorap-de5832|LOT-20260506-651F-009|r0_c1|rep0,LOT-20260506-651F-009:B1:R0,germ-germinadorap-de5832,LOT-20260506-651F-009,B1,0,1,0,Betabel,,c4,vigorosa,2026-05-10 16:39:40,4684,manual,2026-05-13 06:04:32,2026-05-06 21:07:49,152.95,7,cg_1778652270152_2,5516,cam2_20260513_000431.jpg,crops/cam2_20260513_000431_r0_c1.jpg,5518,cam2_20260513_000434.jpg,crops/cam2_20260513_000434_r0_c1.jpg,12130,29,,50,0,0,0,0,0,0,0.0,0.0,4623.0,106.0,81.5,11.6,1.8,0.3,,2026-05-13 06:04:36
germ-germinadorap-de5832|LOT-20260506-651F-009|r0_c1|rep0,LOT-20260506-651F-009:B1:R0,germ-germinadorap-de5832,LOT-20260506-651F-009,B1,0,1,0,Betabel,,c4,vigorosa,2026-05-10 16:39:40,4684,manual,2026-05-13 06:19:32,2026-05-06 21:07:49,153.20,7,cg_1778653170160_2,5520,cam2_20260513_001931.jpg,crops/cam2_20260513_001931_r0_c1.jpg,5522,cam2_20260513_001934.jpg,crops/cam2_20260513_001934_r0_c1.jpg,12142,29,,50,0,0,0,0,0,0,0.0,0.0,4623.0,106.0,81.8,11.7,1.8,0.3,,2026-05-13 06:19:36
germ-germinadorap-de5832|LOT-20260506-651F-009|r0_c1|rep0,LOT-20260506-651F-009:B1:R0,germ-germinadorap-de5832,LOT-20260506-651F-009,B1,0,1,0,Betabel,,c4,vigorosa,2026-05-10 16:39:40,4684,manual,2026-05-13 06:34:32,2026-05-06 21:07:49,153.45,7,cg_1778654070166_2,5524,cam2_20260513_003431.jpg,crops/cam2_20260513_003431_r0_c1.jpg,5526,cam2_20260513_003434.jpg,crops/cam2_20260513_003434_r0_c1.jpg,12154,29,,50,0,0,0,0,0,0,0.0,0.0,4623.0,106.0,82.0,11.7,1.8,0.3,,2026-05-13 06:34:36
germ-germinadorap-de5832|LOT-20260506-651F-009|r0_c1|rep0,LOT-20260506-651F-009:B1:R0,germ-germinadorap-de5832,LOT-20260506-651F-009,B1,0,1,0,Betabel,,c4,vigorosa,2026-05-10 16:39:40,4684,manual,2026-05-13 06:49:32,2026-05-06 21:07:49,153.70,7,cg_1778654970175_2,5528,cam2_20260513_004931.jpg,crops/cam2_20260513_004931_r0_c1.jpg,5530,cam2_20260513_004934.jpg,crops/cam2_20260513_004934_r0_c1.jpg,12166,29,,50,0,0,0,0,0,0,0.0,0.0,4623.0,106.0,82.3,11.8,1.8,0.3,,2026-05-13 06:49:36
germ-germinadorap-de5832|LOT-20260506-651F-009|r0_c1|rep0,LOT-20260506-651F-009:B1:R0,germ-germinadorap-de5832,LOT-20260506-651F-009,B1,0,1,0,Betabel,,c4,vigorosa,2026-05-10 16:39:40,4684,manual,2026-05-13 07:04:32,2026-05-06 21:07:49,153.95,7,cg_1778655870188_2,5532,cam2_20260513_010431.jpg,crops/cam2_20260513_010431_r0_c1.jpg,5534,cam2_20260513_010434.jpg,crops/cam2_20260513_010434_r0_c1.jpg,12178,29,,50,0,0,0,0,0,0,0.0,0.0,4623.0,106.0,82.5,11.8,1.8,0.3,,2026-05-13 07:04:36
germ-germinadorap-de5832|LOT-20260506-651F-009|r0_c1|rep0,LOT-20260506-651F-009:B1:R0,germ-germinadorap-de5832,LOT-20260506-651F-009,B1,0,1,0,Betabel,,c4,vigorosa,2026-05-10 16:39:40,4684,manual,2026-05-13 07:19:32,2026-05-06 21:07:49,154.20,7,cg_1778656770216_2,5536,cam2_20260513_011931.jpg,crops/cam2_20260513_011931_r0_c1.jpg,5538,cam2_20260513_011934.jpg,crops/cam2_20260513_011934_r0_c1.jpg,12190,29,,50,0,0,0,0,0,0,0.0,0.0,4623.0,106.0,82.5,11.8,1.8,0.3,,2026-05-13 07:19:36
germ-germinadorap-de5832|LOT-20260506-651F-009|r0_c1|rep0,LOT-20260506-651F-009:B1:R0,germ-germinadorap-de5832,LOT-20260506-651F-009,B1,0,1,0,Betabel,,c4,vigorosa,2026-05-10 16:39:40,4684,manual,2026-05-13 07:34:32,2026-05-06 21:07:49,154.45,7,cg_1778657670220_2,5540,cam2_20260513_013431.jpg,crops/cam2_20260513_013431_r0_c1.jpg,5542,cam2_20260513_013434.jpg,crops/cam2_20260513_013434_r0_c1.jpg,12202,29,,50,0,0,0,0,0,0,0.0,0.0,4623.0,106.0,82.5,11.8,1.8,0.3,,2026-05-13 07:34:36
germ-germinadorap-de5832|LOT-20260506-651F-009|r0_c1|rep0,LOT-20260506-651F-009:B1:R0,germ-germinadorap-de5832,LOT-20260506-651F-009,B1,0,1,0,Betabel,,c4,vigorosa,2026-05-10 16:39:40,4684,manual,2026-05-13 07:49:32,2026-05-06 21:07:49,154.70,7,cg_1778658570243_2,5544,cam2_20260513_014931.jpg,crops/cam2_20260513_014931_r0_c1.jpg,5546,cam2_20260513_014934.jpg,crops/cam2_20260513_014934_r0_c1.jpg,12214,29,,50,0,0,0,0,0,0,0.0,0.0,4635.0,106.0,82.5,11.8,1.8,0.3,,2026-05-13 07:49:36
germ-germinadorap-de5832|LOT-20260506-651F-009|r0_c1|rep0,LOT-20260506-651F-009:B1:R0,germ-germinadorap-de5832,LOT-20260506-651F-009,B1,0,1,0,Betabel,,c4,vigorosa,2026-05-10 16:39:40,4684,manual,2026-05-13 08:04:32,2026-05-06 21:07:49,154.95,7,cg_1778659470242_2,5548,cam2_20260513_020431.jpg,crops/cam2_20260513_020431_r0_c1.jpg,5550,cam2_20260513_020434.jpg,crops/cam2_20260513_020434_r0_c1.jpg,12226,29,,50,0,0,0,0,0,0,0.0,0.0,4650.0,106.0,82.5,11.8,1.8,0.3,,2026-05-13 08:04:36
germ-germinadorap-de5832|LOT-20260506-651F-009|r0_c1|rep0,LOT-20260506-651F-009:B1:R0,germ-germinadorap-de5832,LOT-20260506-651F-009,B1,0,1,0,Betabel,,c4,vigorosa,2026-05-10 16:39:40,4684,manual,2026-05-13 08:19:32,2026-05-06 21:07:49,155.20,7,cg_1778660370353_2,5552,cam2_20260513_021931.jpg,crops/cam2_20260513_021931_r0_c1.jpg,5554,cam2_20260513_021934.jpg,crops/cam2_20260513_021934_r0_c1.jpg,12238,29,,50,0,0,0,0,0,0,0.0,0.0,4665.0,106.0,82.5,11.8,1.8,0.3,,2026-05-13 08:19:36
germ-germinadorap-de5832|LOT-20260506-651F-009|r0_c1|rep0,LOT-20260506-651F-009:B1:R0,germ-germinadorap-de5832,LOT-20260506-651F-009,B1,0,1,0,Betabel,,c4,vigorosa,2026-05-10 16:39:40,4684,manual,2026-05-13 08:34:32,2026-05-06 21:07:49,155.45,7,cg_1778661270352_2,5556,cam2_20260513_023431.jpg,crops/cam2_20260513_023431_r0_c1.jpg,5558,cam2_20260513_023434.jpg,crops/cam2_20260513_023434_r0_c1.jpg,12250,29,,50,0.1,0,0,0,0,0,0.0,0.0,4680.0,106.0,82.5,11.8,1.8,0.3,,2026-05-13 08:34:36
germ-germinadorap-de5832|LOT-20260506-651F-009|r0_c1|rep0,LOT-20260506-651F-009:B1:R0,germ-germinadorap-de5832,LOT-20260506-651F-009,B1,0,1,0,Betabel,,c4,vigorosa,2026-05-10 16:39:40,4684,manual,2026-05-13 08:49:32,2026-05-06 21:07:49,155.70,7,cg_1778662170354_2,5560,cam2_20260513_024931.jpg,crops/cam2_20260513_024931_r0_c1.jpg,5562,cam2_20260513_024934.jpg,crops/cam2_20260513_024934_r0_c1.jpg,12262,29,,50,0,0,0,0,0,0,0.0,0.0,4695.0,106.0,82.5,11.8,1.8,0.3,,2026-05-13 08:49:36
germ-germinadorap-de5832|LOT-20260506-651F-009|r0_c1|rep0,LOT-20260506-651F-009:B1:R0,germ-germinadorap-de5832,LOT-20260506-651F-009,B1,0,1,0,Betabel,,c4,vigorosa,2026-05-10 16:39:40,4684,manual,2026-05-13 09:04:32,2026-05-06 21:07:49,155.95,7,cg_1778663070358_2,5564,cam2_20260513_030431.jpg,crops/cam2_20260513_030431_r0_c1.jpg,5566,cam2_20260513_030435.jpg,crops/cam2_20260513_030435_r0_c1.jpg,12274,29,,50,0,0,0,0,0,0,0.0,0.0,4710.0,106.0,82.5,11.8,1.8,0.3,,2026-05-13 09:04:36
germ-germinadorap-de5832|LOT-20260506-651F-009|r0_c1|rep0,LOT-20260506-651F-009:B1:R0,germ-germinadorap-de5832,LOT-20260506-651F-009,B1,0,1,0,Betabel,,c4,vigorosa,2026-05-10 16:39:40,4684,manual,2026-05-13 09:19:33,2026-05-06 21:07:49,156.20,7,cg_1778663970359_2,5568,cam2_20260513_031932.jpg,crops/cam2_20260513_031932_r0_c1.jpg,5570,cam2_20260513_031935.jpg,crops/cam2_20260513_031935_r0_c1.jpg,12286,29,,50,0,0,0,0,0,0,0.0,0.0,4725.0,106.0,82.5,11.8,1.8,0.3,,2026-05-13 09:19:37
germ-germinadorap-de5832|LOT-20260506-651F-009|r0_c1|rep0,LOT-20260506-651F-009:B1:R0,germ-germinadorap-de5832,LOT-20260506-651F-009,B1,0,1,0,Betabel,,c4,vigorosa,2026-05-10 16:39:40,4684,manual,2026-05-13 09:34:32,2026-05-06 21:07:49,156.45,7,cg_1778664870363_2,5572,cam2_20260513_033431.jpg,crops/cam2_20260513_033431_r0_c1.jpg,5574,cam2_20260513_033434.jpg,crops/cam2_20260513_033434_r0_c1.jpg,12298,29,,50,0,0,0,0,0,0,0.0,0.0,4740.0,106.0,82.5,11.8,1.8,0.3,,2026-05-13 09:34:36
germ-germinadorap-de5832|LOT-20260506-651F-009|r0_c1|rep0,LOT-20260506-651F-009:B1:R0,germ-germinadorap-de5832,LOT-20260506-651F-009,B1,0,1,0,Betabel,,c4,vigorosa,2026-05-10 16:39:40,4684,manual,2026-05-13 09:49:32,2026-05-06 21:07:49,156.70,7,cg_1778665770365_2,5576,cam2_20260513_034931.jpg,crops/cam2_20260513_034931_r0_c1.jpg,5578,cam2_20260513_034934.jpg,crops/cam2_20260513_034934_r0_c1.jpg,12310,29,,50,0,0,0,0,0,0,0.0,0.0,4755.0,106.0,82.5,11.8,1.8,0.3,,2026-05-13 09:49:36
germ-germinadorap-de5832|LOT-20260506-651F-009|r0_c1|rep0,LOT-20260506-651F-009:B1:R0,germ-germinadorap-de5832,LOT-20260506-651F-009,B1,0,1,0,Betabel,,c4,vigorosa,2026-05-10 16:39:40,4684,manual,2026-05-13 10:04:32,2026-05-06 21:07:49,156.95,7,cg_1778666670367_2,5580,cam2_20260513_040431.jpg,crops/cam2_20260513_040431_r0_c1.jpg,5582,cam2_20260513_040434.jpg,crops/cam2_20260513_040434_r0_c1.jpg,12322,29,,50,0,0,0,0,0,0,0.0,0.0,4770.0,106.0,82.5,11.8,1.8,0.3,,2026-05-13 10:04:36
germ-germinadorap-de5832|LOT-20260506-651F-009|r0_c1|rep0,LOT-20260506-651F-009:B1:R0,germ-germinadorap-de5832,LOT-20260506-651F-009,B1,0,1,0,Betabel,,c4,vigorosa,2026-05-10 16:39:40,4684,manual,2026-05-13 10:19:32,2026-05-06 21:07:49,157.20,7,cg_1778667570372_2,5584,cam2_20260513_041931.jpg,crops/cam2_20260513_041931_r0_c1.jpg,5586,cam2_20260513_041934.jpg,crops/cam2_20260513_041934_r0_c1.jpg,12334,29,,50,0,0,0,0,0,0,0.0,0.0,4784.0,106.0,82.5,11.8,1.8,0.3,,2026-05-13 10:19:36
germ-germinadorap-de5832|LOT-20260506-651F-009|r0_c1|rep0,LOT-20260506-651F-009:B1:R0,germ-germinadorap-de5832,LOT-20260506-651F-009,B1,0,1,0,Betabel,,c4,vigorosa,2026-05-10 16:39:40,4684,manual,2026-05-13 10:34:32,2026-05-06 21:07:49,157.45,7,cg_1778668470378_2,5588,cam2_20260513_043431.jpg,crops/cam2_20260513_043431_r0_c1.jpg,5590,cam2_20260513_043434.jpg,crops/cam2_20260513_043434_r0_c1.jpg,12346,29,,50,0,0,0,0,0,0,0.0,0.0,4799.0,106.0,82.5,11.8,1.8,0.3,,2026-05-13 10:34:36
germ-germinadorap-de5832|LOT-20260506-651F-009|r0_c1|rep0,LOT-20260506-651F-009:B1:R0,germ-germinadorap-de5832,LOT-20260506-651F-009,B1,0,1,0,Betabel,,c4,vigorosa,2026-05-10 16:39:40,4684,manual,2026-05-13 10:49:32,2026-05-06 21:07:49,157.70,7,cg_1778669370377_2,5592,cam2_20260513_044931.jpg,crops/cam2_20260513_044931_r0_c1.jpg,5594,cam2_20260513_044934.jpg,crops/cam2_20260513_044934_r0_c1.jpg,12358,29,,50,0,0,0,0,0,0,0.0,0.0,4814.0,106.0,82.5,11.8,1.8,0.3,,2026-05-13 10:49:36
germ-germinadorap-de5832|LOT-20260506-651F-009|r0_c1|rep0,LOT-20260506-651F-009:B1:R0,germ-germinadorap-de5832,LOT-20260506-651F-009,B1,0,1,0,Betabel,,c4,vigorosa,2026-05-10 16:39:40,4684,manual,2026-05-13 11:04:32,2026-05-06 21:07:49,157.95,7,cg_1778670270380_2,5596,cam2_20260513_050431.jpg,crops/cam2_20260513_050431_r0_c1.jpg,5598,cam2_20260513_050434.jpg,crops/cam2_20260513_050434_r0_c1.jpg,12370,29,,50,0,0,0,0,0,0,0.0,0.0,4829.0,106.0,82.5,11.8,1.8,0.3,,2026-05-13 11:04:36
germ-germinadorap-de5832|LOT-20260506-651F-009|r0_c1|rep0,LOT-20260506-651F-009:B1:R0,germ-germinadorap-de5832,LOT-20260506-651F-009,B1,0,1,0,Betabel,,c4,vigorosa,2026-05-10 16:39:40,4684,manual,2026-05-13 11:19:32,2026-05-06 21:07:49,158.20,7,cg_1778671170386_2,5600,cam2_20260513_051931.jpg,crops/cam2_20260513_051931_r0_c1.jpg,5602,cam2_20260513_051935.jpg,crops/cam2_20260513_051935_r0_c1.jpg,12382,29,,50,0,0,0,0,0,0,0.0,0.0,4844.0,106.0,82.5,11.8,1.8,0.3,,2026-05-13 11:19:37
germ-germinadorap-de5832|LOT-20260506-651F-009|r0_c1|rep0,LOT-20260506-651F-009:B1:R0,germ-germinadorap-de5832,LOT-20260506-651F-009,B1,0,1,0,Betabel,,c4,vigorosa,2026-05-10 16:39:40,4684,manual,2026-05-13 11:34:32,2026-05-06 21:07:49,158.45,7,cg_1778672070387_2,5604,cam2_20260513_053431.jpg,crops/cam2_20260513_053431_r0_c1.jpg,5606,cam2_20260513_053434.jpg,crops/cam2_20260513_053434_r0_c1.jpg,12394,29,,50,0,0,0,0,0,0,0.0,0.0,4859.0,106.0,82.5,11.8,1.8,0.3,,2026-05-13 11:34:36
germ-germinadorap-de5832|LOT-20260506-651F-009|r0_c1|rep0,LOT-20260506-651F-009:B1:R0,germ-germinadorap-de5832,LOT-20260506-651F-009,B1,0,1,0,Betabel,,c4,vigorosa,2026-05-10 16:39:40,4684,manual,2026-05-13 11:49:32,2026-05-06 21:07:49,158.70,7,cg_1778672970392_2,5608,cam2_20260513_054931.jpg,crops/cam2_20260513_054931_r0_c1.jpg,5610,cam2_20260513_054934.jpg,crops/cam2_20260513_054934_r0_c1.jpg,12406,29,,50,0,0,0,0,0,0,0.0,0.0,4874.0,106.0,82.5,11.8,1.8,0.3,,2026-05-13 11:49:36
germ-germinadorap-de5832|LOT-20260506-651F-009|r0_c1|rep0,LOT-20260506-651F-009:B1:R0,germ-germinadorap-de5832,LOT-20260506-651F-009,B1,0,1,0,Betabel,,c4,vigorosa,2026-05-10 16:39:40,4684,manual,2026-05-13 12:04:32,2026-05-06 21:07:49,158.95,7,cg_1778673870392_2,5612,cam2_20260513_060431.jpg,crops/cam2_20260513_060431_r0_c1.jpg,5614,cam2_20260513_060434.jpg,crops/cam2_20260513_060434_r0_c1.jpg,12418,29,,50,0,0,0,0,0,0,0.0,0.0,4889.0,106.0,82.5,11.8,1.8,0.3,,2026-05-13 12:04:36
germ-germinadorap-de5832|LOT-20260506-651F-009|r0_c1|rep0,LOT-20260506-651F-009:B1:R0,germ-germinadorap-de5832,LOT-20260506-651F-009,B1,0,1,0,Betabel,,c4,vigorosa,2026-05-10 16:39:40,4684,manual,2026-05-13 12:19:32,2026-05-06 21:07:49,159.20,7,cg_1778674770397_2,5616,cam2_20260513_061931.jpg,crops/cam2_20260513_061931_r0_c1.jpg,5618,cam2_20260513_061934.jpg,crops/cam2_20260513_061934_r0_c1.jpg,12430,29,,50,0,0,0,0,0,0,0.0,0.0,4904.0,106.0,82.5,11.8,1.8,0.3,,2026-05-13 12:19:36
germ-germinadorap-de5832|LOT-20260506-651F-009|r0_c1|rep0,LOT-20260506-651F-009:B1:R0,germ-germinadorap-de5832,LOT-20260506-651F-009,B1,0,1,0,Betabel,,c4,vigorosa,2026-05-10 16:39:40,4684,manual,2026-05-13 12:34:32,2026-05-06 21:07:49,159.45,7,cg_1778675670396_2,5620,cam2_20260513_063431.jpg,crops/cam2_20260513_063431_r0_c1.jpg,5622,cam2_20260513_063435.jpg,crops/cam2_20260513_063435_r0_c1.jpg,12442,29,,50,0,0,0,0,0,0,0.0,0.0,4919.0,106.0,82.5,11.8,1.8,0.3,,2026-05-13 12:34:36
germ-germinadorap-de5832|LOT-20260506-651F-009|r0_c1|rep0,LOT-20260506-651F-009:B1:R0,germ-germinadorap-de5832,LOT-20260506-651F-009,B1,0,1,0,Betabel,,c4,vigorosa,2026-05-10 16:39:40,4684,manual,2026-05-13 12:49:32,2026-05-06 21:07:49,159.70,7,cg_1778676570401_2,5624,cam2_20260513_064931.jpg,crops/cam2_20260513_064931_r0_c1.jpg,5626,cam2_20260513_064934.jpg,crops/cam2_20260513_064934_r0_c1.jpg,12454,29,,50,0,0,0,0,0,0,0.0,0.0,4933.0,106.0,82.5,11.8,1.8,0.3,,2026-05-13 12:49:36
germ-germinadorap-de5832|LOT-20260506-651F-009|r0_c1|rep0,LOT-20260506-651F-009:B1:R0,germ-germinadorap-de5832,LOT-20260506-651F-009,B1,0,1,0,Betabel,,c4,vigorosa,2026-05-10 16:39:40,4684,manual,2026-05-13 13:04:32,2026-05-06 21:07:49,159.95,7,cg_1778677470404_2,5628,cam2_20260513_070431.jpg,crops/cam2_20260513_070431_r0_c1.jpg,5630,cam2_20260513_070435.jpg,crops/cam2_20260513_070435_r0_c1.jpg,12466,29,,50,0,0,0,0,0,0,0.0,0.0,4948.0,106.0,82.5,11.8,1.8,0.3,,2026-05-13 13:04:36
germ-germinadorap-de5832|LOT-20260506-651F-009|r1_c1|rep0,LOT-20260506-651F-009:B2:R0,germ-germinadorap-de5832,LOT-20260506-651F-009,B2,1,1,0,Betabel,,c1,sin_cambio,,,,2026-05-06 21:08:47,2026-05-06 21:07:49,0.02,1,cg_1778101726061_2,3538,cam2_20260506_150847.jpg,crops/cam2_20260506_150847_r1_c1.jpg,3539,cam2_20260506_150849.jpg,crops/cam2_20260506_150849_r1_c1.jpg,6471,27.9,,36,100,0,0,0,0,0,0.0,0.0,0.0,0.0,0.0,0.0,0.0,0.0,,2026-05-06 21:08:50
germ-germinadorap-de5832|LOT-20260506-651F-009|r1_c1|rep0,LOT-20260506-651F-009:B2:R0,germ-germinadorap-de5832,LOT-20260506-651F-009,B2,1,1,0,Betabel,,c1,sin_cambio,,,,2026-05-06 21:41:09,2026-05-06 21:07:49,0.56,1,cg_1778103667169_2,3554,cam2_20260506_154108.jpg,crops/cam2_20260506_154108_r1_c1.jpg,3556,cam2_20260506_154111.jpg,crops/cam2_20260506_154111_r1_c1.jpg,6485,27.8,,37,100,0,0,0,0,0,0.0,0.0,0.0,0.0,0.6,0.6,0.0,0.0,,2026-05-06 21:41:11
germ-germinadorap-de5832|LOT-20260506-651F-009|r1_c1|rep0,LOT-20260506-651F-009:B2:R0,germ-germinadorap-de5832,LOT-20260506-651F-009,B2,1,1,0,Betabel,,c1,sin_cambio,,,,2026-05-06 21:56:09,2026-05-06 21:07:49,0.81,1,cg_1778104567168_2,3558,cam2_20260506_155609.jpg,crops/cam2_20260506_155609_r1_c1.jpg,3560,cam2_20260506_155612.jpg,crops/cam2_20260506_155612_r1_c1.jpg,6497,28.1,,44,100,0,0,0,0,0,0.0,0.0,0.0,0.0,0.8,0.8,0.0,0.0,,2026-05-06 21:56:13
germ-germinadorap-de5832|LOT-20260506-651F-009|r1_c1|rep0,LOT-20260506-651F-009:B2:R0,germ-germinadorap-de5832,LOT-20260506-651F-009,B2,1,1,0,Betabel,,c1,sin_cambio,,,,2026-05-06 22:11:50,2026-05-06 21:07:49,1.07,1,cg_1778105508313_2,3562,cam2_20260506_161149.jpg,crops/cam2_20260506_161149_r1_c1.jpg,3564,cam2_20260506_161152.jpg,crops/cam2_20260506_161152_r1_c1.jpg,6509,28.1,,41,100,0,0,0,0,0,0.0,0.0,0.0,0.0,1.1,1.1,0.0,0.0,,2026-05-06 22:11:54
germ-germinadorap-de5832|LOT-20260506-651F-009|r1_c1|rep0,LOT-20260506-651F-009:B2:R0,germ-germinadorap-de5832,LOT-20260506-651F-009,B2,1,1,0,Betabel,,c1,sin_cambio,,,,2026-05-06 22:27:46,2026-05-06 21:07:49,1.33,1,cg_1778106463519_2,3567,cam2_20260506_162745.jpg,crops/cam2_20260506_162745_r1_c1.jpg,3569,cam2_20260506_162751.jpg,crops/cam2_20260506_162751_r1_c1.jpg,6528,27.1,,38,100,0,0,0,0,0,0.0,0.0,0.0,0.0,1.2,1.2,0.0,0.0,,2026-05-06 22:27:52
germ-germinadorap-de5832|LOT-20260506-651F-009|r1_c1|rep0,LOT-20260506-651F-009:B2:R0,germ-germinadorap-de5832,LOT-20260506-651F-009,B2,1,1,0,Betabel,,c1,sin_cambio,,,,2026-05-06 22:42:46,2026-05-06 21:07:49,1.58,1,cg_1778107363505_2,3570,cam2_20260506_164245.jpg,crops/cam2_20260506_164245_r1_c1.jpg,3572,cam2_20260506_164249.jpg,crops/cam2_20260506_164249_r1_c1.jpg,6533,27.7,,37,100,0,0,0,0,0,0.0,0.0,0.0,0.0,1.2,1.2,0.0,0.0,,2026-05-06 22:42:50
germ-germinadorap-de5832|LOT-20260506-651F-009|r1_c1|rep0,LOT-20260506-651F-009:B2:R0,germ-germinadorap-de5832,LOT-20260506-651F-009,B2,1,1,0,Betabel,,c1,sin_cambio,,,,2026-05-06 22:58:41,2026-05-06 21:07:49,1.85,1,cg_1778108318726_2,3574,cam2_20260506_165840.jpg,crops/cam2_20260506_165840_r1_c1.jpg,3576,cam2_20260506_165843.jpg,crops/cam2_20260506_165843_r1_c1.jpg,6545,27.5,,36,100,0,0,0,0,0,0.0,0.0,0.0,0.0,1.2,1.2,0.0,0.0,,2026-05-06 22:58:45
germ-germinadorap-de5832|LOT-20260506-651F-009|r1_c1|rep0,LOT-20260506-651F-009:B2:R0,germ-germinadorap-de5832,LOT-20260506-651F-009,B2,1,1,0,Betabel,,c1,sin_cambio,,,,2026-05-06 23:13:41,2026-05-06 21:07:49,2.10,1,cg_1778109218719_2,3578,cam2_20260506_171340.jpg,crops/cam2_20260506_171340_r1_c1.jpg,3580,cam2_20260506_171343.jpg,crops/cam2_20260506_171343_r1_c1.jpg,6557,27.3,,36,100,0,0,0,0,0,0.0,0.0,0.0,0.0,1.2,1.2,0.0,0.0,,2026-05-06 23:13:45
germ-germinadorap-de5832|LOT-20260506-651F-009|r1_c1|rep0,LOT-20260506-651F-009:B2:R0,germ-germinadorap-de5832,LOT-20260506-651F-009,B2,1,1,0,Betabel,,c1,sin_cambio,,,,2026-05-06 23:28:40,2026-05-06 21:07:49,2.35,1,cg_1778110118717_2,3582,cam2_20260506_172840.jpg,crops/cam2_20260506_172840_r1_c1.jpg,3584,cam2_20260506_172842.jpg,crops/cam2_20260506_172842_r1_c1.jpg,6569,27.7,,35,100,0,0,0,0,0,0.0,0.0,0.0,0.0,1.2,1.2,0.0,0.0,,2026-05-06 23:28:43
germ-germinadorap-de5832|LOT-20260506-651F-009|r1_c1|rep0,LOT-20260506-651F-009:B2:R0,germ-germinadorap-de5832,LOT-20260506-651F-009,B2,1,1,0,Betabel,,c1,sin_cambio,,,,2026-05-06 23:43:41,2026-05-06 21:07:49,2.60,1,cg_1778111018719_2,3586,cam2_20260506_174340.jpg,crops/cam2_20260506_174340_r1_c1.jpg,3588,cam2_20260506_174343.jpg,crops/cam2_20260506_174343_r1_c1.jpg,6581,27.5,,36,100,0,0,0,0,0,0.0,0.0,0.0,0.0,1.2,1.2,0.0,0.0,,2026-05-06 23:43:45
germ-germinadorap-de5832|LOT-20260506-651F-009|r1_c1|rep0,LOT-20260506-651F-009:B2:R0,germ-germinadorap-de5832,LOT-20260506-651F-009,B2,1,1,0,Betabel,,c1,sin_cambio,,,,2026-05-06 23:58:41,2026-05-06 21:07:49,2.85,1,cg_1778111918733_2,3591,cam2_20260506_175840.jpg,crops/cam2_20260506_175840_r1_c1.jpg,3593,cam2_20260506_175847.jpg,crops/cam2_20260506_175847_r1_c1.jpg,6600,27.3,,36,94.4,0,0,0,0,0,0.0,0.0,0.0,0.0,1.2,1.2,0.0,0.0,,2026-05-06 23:58:48
germ-germinadorap-de5832|LOT-20260506-651F-009|r1_c1|rep0,LOT-20260506-651F-009:B2:R0,germ-germinadorap-de5832,LOT-20260506-651F-009,B2,1,1,0,Betabel,,c1,sin_cambio,,,,2026-05-07 00:13:41,2026-05-06 21:07:49,3.10,1,cg_1778112818736_2,3594,cam2_20260506_181340.jpg,crops/cam2_20260506_181340_r1_c1.jpg,3596,cam2_20260506_181344.jpg,crops/cam2_20260506_181344_r1_c1.jpg,6605,27.6,,37,100,0,0,0,1,0,15.0,0.0,0.0,0.0,1.2,1.2,0.0,0.0,,2026-05-07 00:13:45
germ-germinadorap-de5832|LOT-20260506-651F-009|r1_c1|rep0,LOT-20260506-651F-009:B2:R0,germ-germinadorap-de5832,LOT-20260506-651F-009,B2,1,1,0,Betabel,,c1,sin_cambio,,,,2026-05-07 01:01:26,2026-05-06 21:07:49,3.89,1,cg_1778115683524_2,3598,cam2_20260506_190125.jpg,crops/cam2_20260506_190125_r1_c1.jpg,3600,cam2_20260506_190129.jpg,crops/cam2_20260506_190129_r1_c1.jpg,6617,27.6,,42,100,0,0,0,0,0,0.0,0.0,0.0,0.0,1.2,1.2,0.0,0.0,,2026-05-07 01:01:31
germ-germinadorap-de5832|LOT-20260506-651F-009|r1_c1|rep0,LOT-20260506-651F-009:B2:R0,germ-germinadorap-de5832,LOT-20260506-651F-009,B2,1,1,0,Betabel,,c1,sin_cambio,,,,2026-05-07 04:18:20,2026-05-06 21:07:49,7.18,1,cg_1778127498310_2,3602,cam2_20260506_221819.jpg,crops/cam2_20260506_221819_r1_c1.jpg,3604,cam2_20260506_221822.jpg,crops/cam2_20260506_221822_r1_c1.jpg,6629,26.2,,43,100,0,0,0,0,0,0.0,0.0,68.0,0.0,1.2,1.2,0.0,0.0,,2026-05-07 04:18:24
germ-germinadorap-de5832|LOT-20260506-651F-009|r1_c1|rep0,LOT-20260506-651F-009:B2:R0,germ-germinadorap-de5832,LOT-20260506-651F-009,B2,1,1,0,Betabel,,c1,sin_cambio,,,,2026-05-07 04:33:20,2026-05-06 21:07:49,7.43,1,cg_1778128398314_2,3606,cam2_20260506_223319.jpg,crops/cam2_20260506_223319_r1_c1.jpg,3608,cam2_20260506_223322.jpg,crops/cam2_20260506_223322_r1_c1.jpg,6641,26.3,,42,97.2,0,0,0,0,0,0.0,0.0,68.0,0.0,1.2,1.2,0.0,0.0,,2026-05-07 04:33:23
germ-germinadorap-de5832|LOT-20260506-651F-009|r1_c1|rep0,LOT-20260506-651F-009:B2:R0,germ-germinadorap-de5832,LOT-20260506-651F-009,B2,1,1,0,Betabel,,c1,sin_cambio,,,,2026-05-07 04:48:20,2026-05-06 21:07:49,7.68,1,cg_1778129298319_2,3610,cam2_20260506_224819.jpg,crops/cam2_20260506_224819_r1_c1.jpg,3612,cam2_20260506_224822.jpg,crops/cam2_20260506_224822_r1_c1.jpg,6653,26.2,,42,100,0,0,0,0,0,0.0,0.0,68.0,0.0,1.2,1.2,0.0,0.0,,2026-05-07 04:48:23
germ-germinadorap-de5832|LOT-20260506-651F-009|r1_c1|rep0,LOT-20260506-651F-009:B2:R0,germ-germinadorap-de5832,LOT-20260506-651F-009,B2,1,1,0,Betabel,,c1,sin_cambio,,,,2026-05-07 05:03:20,2026-05-06 21:07:49,7.93,1,cg_1778130198322_2,3614,cam2_20260506_230320.jpg,crops/cam2_20260506_230320_r1_c1.jpg,3616,cam2_20260506_230322.jpg,crops/cam2_20260506_230322_r1_c1.jpg,6665,26.2,,43,100,0,0,0,0,0,0.0,0.0,69.0,0.0,1.2,1.2,0.0,0.0,,2026-05-07 05:03:23
germ-germinadorap-de5832|LOT-20260506-651F-009|r1_c1|rep0,LOT-20260506-651F-009:B2:R0,germ-germinadorap-de5832,LOT-20260506-651F-009,B2,1,1,0,Betabel,,c1,sin_cambio,,,,2026-05-07 05:18:20,2026-05-06 21:07:49,8.18,1,cg_1778131098329_2,3618,cam2_20260506_231819.jpg,crops/cam2_20260506_231819_r1_c1.jpg,3620,cam2_20260506_231822.jpg,crops/cam2_20260506_231822_r1_c1.jpg,6677,26.1,,42,98.1,0,0,0,0,0,0.0,0.0,69.0,0.0,1.2,1.2,0.0,0.0,,2026-05-07 05:18:23
germ-germinadorap-de5832|LOT-20260506-651F-009|r1_c1|rep0,LOT-20260506-651F-009:B2:R0,germ-germinadorap-de5832,LOT-20260506-651F-009,B2,1,1,0,Betabel,,c1,sin_cambio,,,,2026-05-07 05:33:20,2026-05-06 21:07:49,8.43,1,cg_1778131998332_2,3622,cam2_20260506_233319.jpg,crops/cam2_20260506_233319_r1_c1.jpg,3624,cam2_20260506_233322.jpg,crops/cam2_20260506_233322_r1_c1.jpg,6689,26.2,,46,99.1,0,0,0,0,0,0.0,0.0,69.0,0.0,1.2,1.2,0.0,0.0,,2026-05-07 05:33:23
germ-germinadorap-de5832|LOT-20260506-651F-009|r1_c1|rep0,LOT-20260506-651F-009:B2:R0,germ-germinadorap-de5832,LOT-20260506-651F-009,B2,1,1,0,Betabel,,c1,sin_cambio,,,,2026-05-07 05:48:20,2026-05-06 21:07:49,8.68,1,cg_1778132898336_2,3626,cam2_20260506_234819.jpg,crops/cam2_20260506_234819_r1_c1.jpg,3628,cam2_20260506_234822.jpg,crops/cam2_20260506_234822_r1_c1.jpg,6701,26.8,,52,100,0,0,0,0,0,0.0,0.0,69.0,0.0,1.2,1.2,0.0,0.0,,2026-05-07 05:48:23
germ-germinadorap-de5832|LOT-20260506-651F-009|r1_c1|rep0,LOT-20260506-651F-009:B2:R0,germ-germinadorap-de5832,LOT-20260506-651F-009,B2,1,1,0,Betabel,,c1,sin_cambio,,,,2026-05-07 06:03:20,2026-05-06 21:07:49,8.93,1,cg_1778133798338_2,3630,cam2_20260507_000319.jpg,crops/cam2_20260507_000319_r1_c1.jpg,3632,cam2_20260507_000322.jpg,crops/cam2_20260507_000322_r1_c1.jpg,6713,27.2,,51,100,0,0,0,0,0,0.0,0.0,69.0,0.0,1.2,1.2,0.0,0.0,,2026-05-07 06:03:23
germ-germinadorap-de5832|LOT-20260506-651F-009|r1_c1|rep0,LOT-20260506-651F-009:B2:R0,germ-germinadorap-de5832,LOT-20260506-651F-009,B2,1,1,0,Betabel,,c1,sin_cambio,,,,2026-05-07 06:18:20,2026-05-06 21:07:49,9.18,1,cg_1778134698344_2,3634,cam2_20260507_001820.jpg,crops/cam2_20260507_001820_r1_c1.jpg,3636,cam2_20260507_001822.jpg,crops/cam2_20260507_001822_r1_c1.jpg,6725,27.3,,54,96.3,0,0,0,0,0,0.0,0.0,69.0,0.0,1.2,1.2,0.0,0.0,,2026-05-07 06:18:23
germ-germinadorap-de5832|LOT-20260506-651F-009|r1_c1|rep0,LOT-20260506-651F-009:B2:R0,germ-germinadorap-de5832,LOT-20260506-651F-009,B2,1,1,0,Betabel,,c1,sin_cambio,,,,2026-05-07 06:33:20,2026-05-06 21:07:49,9.43,1,cg_1778135598346_2,3638,cam2_20260507_003319.jpg,crops/cam2_20260507_003319_r1_c1.jpg,3640,cam2_20260507_003322.jpg,crops/cam2_20260507_003322_r1_c1.jpg,6737,27.2,,53,80.6,0,0,0,0,0,0.0,0.0,69.0,0.0,1.2,1.2,0.0,0.0,,2026-05-07 06:33:23
germ-germinadorap-de5832|LOT-20260506-651F-009|r1_c1|rep0,LOT-20260506-651F-009:B2:R0,germ-germinadorap-de5832,LOT-20260506-651F-009,B2,1,1,0,Betabel,,c1,sin_cambio,,,,2026-05-07 06:48:20,2026-05-06 21:07:49,9.68,1,cg_1778136498352_2,3642,cam2_20260507_004819.jpg,crops/cam2_20260507_004819_r1_c1.jpg,3644,cam2_20260507_004822.jpg,crops/cam2_20260507_004822_r1_c1.jpg,6749,27.4,,53,58,0,0,0,0,0,0.0,0.0,69.0,0.0,1.2,1.2,0.0,0.0,,2026-05-07 06:48:23
germ-germinadorap-de5832|LOT-20260506-651F-009|r1_c1|rep0,LOT-20260506-651F-009:B2:R0,germ-germinadorap-de5832,LOT-20260506-651F-009,B2,1,1,0,Betabel,,c1,sin_cambio,,,,2026-05-07 07:03:20,2026-05-06 21:07:49,9.93,1,cg_1778137398355_2,3646,cam2_20260507_010319.jpg,crops/cam2_20260507_010319_r1_c1.jpg,3648,cam2_20260507_010322.jpg,crops/cam2_20260507_010322_r1_c1.jpg,6761,27.5,,52,100,0,0,0,0,0,0.0,0.0,69.0,0.0,1.2,1.2,0.0,0.0,,2026-05-07 07:03:23
germ-germinadorap-de5832|LOT-20260506-651F-009|r1_c1|rep0,LOT-20260506-651F-009:B2:R0,germ-germinadorap-de5832,LOT-20260506-651F-009,B2,1,1,0,Betabel,,c1,sin_cambio,,,,2026-05-07 07:18:20,2026-05-06 21:07:49,10.18,1,cg_1778138298363_2,3650,cam2_20260507_011819.jpg,crops/cam2_20260507_011819_r1_c1.jpg,3652,cam2_20260507_011823.jpg,crops/cam2_20260507_011823_r1_c1.jpg,6773,27.5,,48,100,0,0,0,0,0,0.0,0.0,69.0,0.0,1.2,1.2,0.0,0.0,,2026-05-07 07:18:24
germ-germinadorap-de5832|LOT-20260506-651F-009|r1_c1|rep0,LOT-20260506-651F-009:B2:R0,germ-germinadorap-de5832,LOT-20260506-651F-009,B2,1,1,0,Betabel,,c1,sin_cambio,,,,2026-05-07 07:33:20,2026-05-06 21:07:49,10.43,1,cg_1778139198367_2,3654,cam2_20260507_013319.jpg,crops/cam2_20260507_013319_r1_c1.jpg,3656,cam2_20260507_013322.jpg,crops/cam2_20260507_013322_r1_c1.jpg,6785,27.6,,50,89.8,0,0,0,0,0,0.0,0.0,69.0,0.0,1.2,1.2,0.0,0.0,,2026-05-07 07:33:23
germ-germinadorap-de5832|LOT-20260506-651F-009|r1_c1|rep0,LOT-20260506-651F-009:B2:R0,germ-germinadorap-de5832,LOT-20260506-651F-009,B2,1,1,0,Betabel,,c1,sin_cambio,,,,2026-05-07 07:48:20,2026-05-06 21:07:49,10.68,1,cg_1778140098373_2,3658,cam2_20260507_014819.jpg,crops/cam2_20260507_014819_r1_c1.jpg,3660,cam2_20260507_014822.jpg,crops/cam2_20260507_014822_r1_c1.jpg,6797,27.5,,51,90.7,0,0,0,0,0,0.0,0.0,69.0,0.0,1.2,1.2,0.0,0.0,,2026-05-07 07:48:23
germ-germinadorap-de5832|LOT-20260506-651F-009|r1_c1|rep0,LOT-20260506-651F-009:B2:R0,germ-germinadorap-de5832,LOT-20260506-651F-009,B2,1,1,0,Betabel,,c1,sin_cambio,,,,2026-05-07 08:03:20,2026-05-06 21:07:49,10.93,1,cg_1778140998374_2,3662,cam2_20260507_020319.jpg,crops/cam2_20260507_020319_r1_c1.jpg,3664,cam2_20260507_020322.jpg,crops/cam2_20260507_020322_r1_c1.jpg,6809,27.7,,52,98.1,0,0,0,0,0,0.0,0.0,69.0,0.0,1.3,1.3,0.0,0.0,,2026-05-07 08:03:23
germ-germinadorap-de5832|LOT-20260506-651F-009|r1_c1|rep0,LOT-20260506-651F-009:B2:R0,germ-germinadorap-de5832,LOT-20260506-651F-009,B2,1,1,0,Betabel,,c1,sin_cambio,,,,2026-05-07 08:18:20,2026-05-06 21:07:49,11.18,1,cg_1778141898378_2,3666,cam2_20260507_021819.jpg,crops/cam2_20260507_021819_r1_c1.jpg,3668,cam2_20260507_021822.jpg,crops/cam2_20260507_021822_r1_c1.jpg,6821,27.7,,49,84.3,0,0,0,0,0,0.0,0.0,69.0,0.0,1.5,1.5,0.0,0.0,,2026-05-07 08:18:23
germ-germinadorap-de5832|LOT-20260506-651F-009|r1_c1|rep0,LOT-20260506-651F-009:B2:R0,germ-germinadorap-de5832,LOT-20260506-651F-009,B2,1,1,0,Betabel,,c1,sin_cambio,,,,2026-05-07 08:33:20,2026-05-06 21:07:49,11.43,1,cg_1778142798383_2,3670,cam2_20260507_023319.jpg,crops/cam2_20260507_023319_r1_c1.jpg,3672,cam2_20260507_023322.jpg,crops/cam2_20260507_023322_r1_c1.jpg,6833,27.6,,51,88,0,0,0,0,0,0.0,0.0,69.0,0.0,1.8,1.8,0.0,0.0,,2026-05-07 08:33:23
germ-germinadorap-de5832|LOT-20260506-651F-009|r1_c1|rep0,LOT-20260506-651F-009:B2:R0,germ-germinadorap-de5832,LOT-20260506-651F-009,B2,1,1,0,Betabel,,c1,sin_cambio,,,,2026-05-07 08:48:20,2026-05-06 21:07:49,11.68,1,cg_1778143698389_2,3674,cam2_20260507_024819.jpg,crops/cam2_20260507_024819_r1_c1.jpg,3676,cam2_20260507_024822.jpg,crops/cam2_20260507_024822_r1_c1.jpg,6845,27.6,,53,90.7,0,0,0,0,0,0.0,0.0,69.0,0.0,2.0,2.0,0.0,0.0,,2026-05-07 08:48:23
germ-germinadorap-de5832|LOT-20260506-651F-009|r1_c1|rep0,LOT-20260506-651F-009:B2:R0,germ-germinadorap-de5832,LOT-20260506-651F-009,B2,1,1,0,Betabel,,c1,sin_cambio,,,,2026-05-07 09:03:20,2026-05-06 21:07:49,11.93,1,cg_1778144598395_2,3678,cam2_20260507_030320.jpg,crops/cam2_20260507_030320_r1_c1.jpg,3680,cam2_20260507_030322.jpg,crops/cam2_20260507_030322_r1_c1.jpg,6857,27.6,,53,87,0,0,0,0,0,0.0,0.0,69.0,0.0,2.2,2.2,0.0,0.0,,2026-05-07 09:03:23
germ-germinadorap-de5832|LOT-20260506-651F-009|r1_c1|rep0,LOT-20260506-651F-009:B2:R0,germ-germinadorap-de5832,LOT-20260506-651F-009,B2,1,1,0,Betabel,,c1,sin_cambio,,,,2026-05-07 09:18:20,2026-05-06 21:07:49,12.18,1,cg_1778145498397_2,3682,cam2_20260507_031819.jpg,crops/cam2_20260507_031819_r1_c1.jpg,3684,cam2_20260507_031822.jpg,crops/cam2_20260507_031822_r1_c1.jpg,6869,27.6,,52,83.3,0,0,0,0,0,0.0,0.0,69.0,0.0,2.5,2.5,0.0,0.0,,2026-05-07 09:18:23
germ-germinadorap-de5832|LOT-20260506-651F-009|r1_c1|rep0,LOT-20260506-651F-009:B2:R0,germ-germinadorap-de5832,LOT-20260506-651F-009,B2,1,1,0,Betabel,,c1,sin_cambio,,,,2026-05-07 09:33:20,2026-05-06 21:07:49,12.43,1,cg_1778146398401_2,3686,cam2_20260507_033319.jpg,crops/cam2_20260507_033319_r1_c1.jpg,3688,cam2_20260507_033322.jpg,crops/cam2_20260507_033322_r1_c1.jpg,6881,27.6,,52,79.6,0,0,0,0,0,0.0,0.0,69.0,0.0,2.7,2.7,0.0,0.0,,2026-05-07 09:33:23
germ-germinadorap-de5832|LOT-20260506-651F-009|r1_c1|rep0,LOT-20260506-651F-009:B2:R0,germ-germinadorap-de5832,LOT-20260506-651F-009,B2,1,1,0,Betabel,,c1,sin_cambio,,,,2026-05-07 09:48:20,2026-05-06 21:07:49,12.68,1,cg_1778147298405_2,3690,cam2_20260507_034819.jpg,crops/cam2_20260507_034819_r1_c1.jpg,3692,cam2_20260507_034822.jpg,crops/cam2_20260507_034822_r1_c1.jpg,6893,27.6,,52,67.9,0,0,0,0,0,0.0,0.0,69.0,0.0,3.0,3.0,0.0,0.0,,2026-05-07 09:48:23
germ-germinadorap-de5832|LOT-20260506-651F-009|r1_c1|rep0,LOT-20260506-651F-009:B2:R0,germ-germinadorap-de5832,LOT-20260506-651F-009,B2,1,1,0,Betabel,,c1,sin_cambio,,,,2026-05-07 10:03:20,2026-05-06 21:07:49,12.93,1,cg_1778148198408_2,3694,cam2_20260507_040319.jpg,crops/cam2_20260507_040319_r1_c1.jpg,3696,cam2_20260507_040322.jpg,crops/cam2_20260507_040322_r1_c1.jpg,6905,27.6,,53,79.6,0,0,0,0,0,0.0,0.0,69.0,0.0,3.2,3.2,0.0,0.0,,2026-05-07 10:03:23
germ-germinadorap-de5832|LOT-20260506-651F-009|r1_c1|rep0,LOT-20260506-651F-009:B2:R0,germ-germinadorap-de5832,LOT-20260506-651F-009,B2,1,1,0,Betabel,,c1,sin_cambio,,,,2026-05-07 10:18:20,2026-05-06 21:07:49,13.18,1,cg_1778149098410_2,3698,cam2_20260507_041820.jpg,crops/cam2_20260507_041820_r1_c1.jpg,3700,cam2_20260507_041822.jpg,crops/cam2_20260507_041822_r1_c1.jpg,6917,27.8,,52,81.5,0,0,0,0,0,0.0,0.0,69.0,0.0,3.5,3.5,0.0,0.0,,2026-05-07 10:18:23
germ-germinadorap-de5832|LOT-20260506-651F-009|r1_c1|rep0,LOT-20260506-651F-009:B2:R0,germ-germinadorap-de5832,LOT-20260506-651F-009,B2,1,1,0,Betabel,,c1,sin_cambio,,,,2026-05-07 10:33:20,2026-05-06 21:07:49,13.43,1,cg_1778149998416_2,3702,cam2_20260507_043319.jpg,crops/cam2_20260507_043319_r1_c1.jpg,3704,cam2_20260507_043322.jpg,crops/cam2_20260507_043322_r1_c1.jpg,6929,27.5,,52,80.6,0,0,0,0,0,0.0,0.0,70.0,0.0,3.7,3.7,0.0,0.0,,2026-05-07 10:33:23
germ-germinadorap-de5832|LOT-20260506-651F-009|r1_c1|rep0,LOT-20260506-651F-009:B2:R0,germ-germinadorap-de5832,LOT-20260506-651F-009,B2,1,1,0,Betabel,,c1,sin_cambio,,,,2026-05-07 10:48:20,2026-05-06 21:07:49,13.68,1,cg_1778150898421_2,3706,cam2_20260507_044819.jpg,crops/cam2_20260507_044819_r1_c1.jpg,3708,cam2_20260507_044822.jpg,crops/cam2_20260507_044822_r1_c1.jpg,6941,27.8,,53,76.9,0,0,0,0,0,0.0,0.0,70.0,0.0,4.0,4.0,0.0,0.0,,2026-05-07 10:48:23
germ-germinadorap-de5832|LOT-20260506-651F-009|r1_c1|rep0,LOT-20260506-651F-009:B2:R0,germ-germinadorap-de5832,LOT-20260506-651F-009,B2,1,1,0,Betabel,,c1,sin_cambio,,,,2026-05-07 11:03:20,2026-05-06 21:07:49,13.93,1,cg_1778151798424_2,3710,cam2_20260507_050320.jpg,crops/cam2_20260507_050320_r1_c1.jpg,3712,cam2_20260507_050322.jpg,crops/cam2_20260507_050322_r1_c1.jpg,6953,27.9,,52,62.5,0,0,0,0,0,0.0,0.0,70.0,0.0,4.2,4.2,0.0,0.0,,2026-05-07 11:03:23
germ-germinadorap-de5832|LOT-20260506-651F-009|r1_c1|rep0,LOT-20260506-651F-009:B2:R0,germ-germinadorap-de5832,LOT-20260506-651F-009,B2,1,1,0,Betabel,,c1,sin_cambio,,,,2026-05-07 11:18:20,2026-05-06 21:07:49,14.18,1,cg_1778152698425_2,3714,cam2_20260507_051820.jpg,crops/cam2_20260507_051820_r1_c1.jpg,3716,cam2_20260507_051822.jpg,crops/cam2_20260507_051822_r1_c1.jpg,6965,27.6,,52,69.6,0,0,0,0,0,0.0,0.0,70.0,0.0,4.5,4.5,0.0,0.0,,2026-05-07 11:18:23
germ-germinadorap-de5832|LOT-20260506-651F-009|r1_c1|rep0,LOT-20260506-651F-009:B2:R0,germ-germinadorap-de5832,LOT-20260506-651F-009,B2,1,1,0,Betabel,,c1,sin_cambio,,,,2026-05-07 11:33:20,2026-05-06 21:07:49,14.43,1,cg_1778153598427_2,3718,cam2_20260507_053320.jpg,crops/cam2_20260507_053320_r1_c1.jpg,3720,cam2_20260507_053322.jpg,crops/cam2_20260507_053322_r1_c1.jpg,6977,27.9,,51,72.3,0,0,0,0,0,0.0,0.0,70.0,0.0,4.7,4.7,0.0,0.0,,2026-05-07 11:33:23
germ-germinadorap-de5832|LOT-20260506-651F-009|r1_c1|rep0,LOT-20260506-651F-009:B2:R0,germ-germinadorap-de5832,LOT-20260506-651F-009,B2,1,1,0,Betabel,,c1,sin_cambio,,,,2026-05-07 11:48:20,2026-05-06 21:07:49,14.68,1,cg_1778154498430_2,3722,cam2_20260507_054819.jpg,crops/cam2_20260507_054819_r1_c1.jpg,3724,cam2_20260507_054822.jpg,crops/cam2_20260507_054822_r1_c1.jpg,6989,27.2,,52,62.5,0,0,0,0,0,0.0,0.0,70.0,0.0,5.0,5.0,0.0,0.0,,2026-05-07 11:48:23
germ-germinadorap-de5832|LOT-20260506-651F-009|r1_c1|rep0,LOT-20260506-651F-009:B2:R0,germ-germinadorap-de5832,LOT-20260506-651F-009,B2,1,1,0,Betabel,,c1,sin_cambio,,,,2026-05-07 12:03:20,2026-05-06 21:07:49,14.93,1,cg_1778155398434_2,3726,cam2_20260507_060319.jpg,crops/cam2_20260507_060319_r1_c1.jpg,3728,cam2_20260507_060322.jpg,crops/cam2_20260507_060322_r1_c1.jpg,7001,27.2,,53,49.5,0,0,0,0,0,0.0,0.0,70.0,0.0,5.2,5.2,0.0,0.0,,2026-05-07 12:03:23
germ-germinadorap-de5832|LOT-20260506-651F-009|r1_c1|rep0,LOT-20260506-651F-009:B2:R0,germ-germinadorap-de5832,LOT-20260506-651F-009,B2,1,1,0,Betabel,,c1,sin_cambio,,,,2026-05-07 12:19:20,2026-05-06 21:07:49,15.19,1,cg_1778156358435_2,3730,cam2_20260507_061919.jpg,crops/cam2_20260507_061919_r1_c1.jpg,3732,cam2_20260507_061922.jpg,crops/cam2_20260507_061922_r1_c1.jpg,7013,27.7,,52,54.5,0,0,0,0,0,0.0,0.0,70.0,0.0,5.5,5.5,0.0,0.0,,2026-05-07 12:19:23
germ-germinadorap-de5832|LOT-20260506-651F-009|r1_c1|rep0,LOT-20260506-651F-009:B2:R0,germ-germinadorap-de5832,LOT-20260506-651F-009,B2,1,1,0,Betabel,,c1,sin_cambio,,,,2026-05-07 12:34:20,2026-05-06 21:07:49,15.44,1,cg_1778157258438_2,3734,cam2_20260507_063419.jpg,crops/cam2_20260507_063419_r1_c1.jpg,3736,cam2_20260507_063422.jpg,crops/cam2_20260507_063422_r1_c1.jpg,7025,27.2,,53,50,0,0,0,0,0,0.0,0.0,70.0,0.0,5.7,5.7,0.0,0.0,,2026-05-07 12:34:23
germ-germinadorap-de5832|LOT-20260506-651F-009|r1_c1|rep0,LOT-20260506-651F-009:B2:R0,germ-germinadorap-de5832,LOT-20260506-651F-009,B2,1,1,0,Betabel,,c1,sin_cambio,,,,2026-05-07 12:49:20,2026-05-06 21:07:49,15.69,1,cg_1778158158443_2,3738,cam2_20260507_064920.jpg,crops/cam2_20260507_064920_r1_c1.jpg,3740,cam2_20260507_064922.jpg,crops/cam2_20260507_064922_r1_c1.jpg,7037,27.7,,53,53.6,0,0,0,0,0,0.0,0.0,70.0,0.0,6.0,6.0,0.0,0.0,,2026-05-07 12:49:23
germ-germinadorap-de5832|LOT-20260506-651F-009|r1_c1|rep0,LOT-20260506-651F-009:B2:R0,germ-germinadorap-de5832,LOT-20260506-651F-009,B2,1,1,0,Betabel,,c1,sin_cambio,,,,2026-05-07 13:04:20,2026-05-06 21:07:49,15.94,1,cg_1778159058444_2,3742,cam2_20260507_070419.jpg,crops/cam2_20260507_070419_r1_c1.jpg,3744,cam2_20260507_070422.jpg,crops/cam2_20260507_070422_r1_c1.jpg,7049,27.3,,54,50,0,0,0,0,0,0.0,0.0,70.0,0.0,6.2,6.2,0.0,0.0,,2026-05-07 13:04:23
germ-germinadorap-de5832|LOT-20260506-651F-009|r1_c1|rep0,LOT-20260506-651F-009:B2:R0,germ-germinadorap-de5832,LOT-20260506-651F-009,B2,1,1,0,Betabel,,c1,sin_cambio,,,,2026-05-07 13:19:20,2026-05-06 21:07:49,16.19,1,cg_1778159958450_2,3746,cam2_20260507_071919.jpg,crops/cam2_20260507_071919_r1_c1.jpg,3748,cam2_20260507_071922.jpg,crops/cam2_20260507_071922_r1_c1.jpg,7061,27.6,,49,98.1,0,0,0,0,0,0.0,0.0,70.0,0.0,6.5,6.5,0.0,0.0,,2026-05-07 13:19:23
germ-germinadorap-de5832|LOT-20260506-651F-009|r1_c1|rep0,LOT-20260506-651F-009:B2:R0,germ-germinadorap-de5832,LOT-20260506-651F-009,B2,1,1,0,Betabel,,c1,sin_cambio,,,,2026-05-07 13:34:20,2026-05-06 21:07:49,16.44,1,cg_1778160858451_2,3750,cam2_20260507_073419.jpg,crops/cam2_20260507_073419_r1_c1.jpg,3752,cam2_20260507_073422.jpg,crops/cam2_20260507_073422_r1_c1.jpg,7073,27.5,,54,91.7,0,0,0,0,0,0.0,0.0,70.0,0.0,6.7,6.7,0.0,0.0,,2026-05-07 13:34:23
germ-germinadorap-de5832|LOT-20260506-651F-009|r1_c1|rep0,LOT-20260506-651F-009:B2:R0,germ-germinadorap-de5832,LOT-20260506-651F-009,B2,1,1,0,Betabel,,c1,sin_cambio,,,,2026-05-07 13:49:20,2026-05-06 21:07:49,16.69,1,cg_1778161758454_2,3754,cam2_20260507_074920.jpg,crops/cam2_20260507_074920_r1_c1.jpg,3756,cam2_20260507_074922.jpg,crops/cam2_20260507_074922_r1_c1.jpg,7085,27.6,,53,48.4,0,0,0,0,0,0.0,0.0,70.0,0.0,7.0,7.0,0.0,0.0,,2026-05-07 13:49:23
germ-germinadorap-de5832|LOT-20260506-651F-009|r1_c1|rep0,LOT-20260506-651F-009:B2:R0,germ-germinadorap-de5832,LOT-20260506-651F-009,B2,1,1,0,Betabel,,c1,sin_cambio,,,,2026-05-07 14:04:20,2026-05-06 21:07:49,16.94,1,cg_1778162658462_2,3758,cam2_20260507_080419.jpg,crops/cam2_20260507_080419_r1_c1.jpg,3760,cam2_20260507_080422.jpg,crops/cam2_20260507_080422_r1_c1.jpg,7097,27.6,,50,73.2,0,0,0,0,0,0.0,0.0,74.0,0.0,7.2,7.2,0.0,0.0,,2026-05-07 14:04:23
germ-germinadorap-de5832|LOT-20260506-651F-009|r1_c1|rep0,LOT-20260506-651F-009:B2:R0,germ-germinadorap-de5832,LOT-20260506-651F-009,B2,1,1,0,Betabel,,c1,sin_cambio,,,,2026-05-07 14:19:20,2026-05-06 21:07:49,17.19,1,cg_1778163558463_2,3762,cam2_20260507_081919.jpg,crops/cam2_20260507_081919_r1_c1.jpg,3764,cam2_20260507_081922.jpg,crops/cam2_20260507_081922_r1_c1.jpg,7109,28.1,,49,57.1,0,0,0,0,0,0.0,0.0,89.0,0.0,7.5,7.5,0.0,0.0,,2026-05-07 14:19:23
germ-germinadorap-de5832|LOT-20260506-651F-009|r1_c1|rep0,LOT-20260506-651F-009:B2:R0,germ-germinadorap-de5832,LOT-20260506-651F-009,B2,1,1,0,Betabel,,c1,sin_cambio,,,,2026-05-07 14:34:20,2026-05-06 21:07:49,17.44,1,cg_1778164458466_2,3766,cam2_20260507_083419.jpg,crops/cam2_20260507_083419_r1_c1.jpg,3768,cam2_20260507_083422.jpg,crops/cam2_20260507_083422_r1_c1.jpg,7121,28.4,,50,55.4,0,0,0,0,0,0.0,0.0,104.0,0.0,7.7,7.7,0.0,0.0,,2026-05-07 14:34:23
germ-germinadorap-de5832|LOT-20260506-651F-009|r1_c1|rep0,LOT-20260506-651F-009:B2:R0,germ-germinadorap-de5832,LOT-20260506-651F-009,B2,1,1,0,Betabel,,c1,sin_cambio,,,,2026-05-07 14:49:20,2026-05-06 21:07:49,17.69,1,cg_1778165358467_2,3770,cam2_20260507_084920.jpg,crops/cam2_20260507_084920_r1_c1.jpg,3772,cam2_20260507_084922.jpg,crops/cam2_20260507_084922_r1_c1.jpg,7133,28.4,,47,48.5,0,0,0,0,0,0.0,0.0,119.0,0.0,8.0,8.0,0.0,0.0,,2026-05-07 14:49:23
germ-germinadorap-de5832|LOT-20260506-651F-009|r1_c1|rep0,LOT-20260506-651F-009:B2:R0,germ-germinadorap-de5832,LOT-20260506-651F-009,B2,1,1,0,Betabel,,c1,sin_cambio,,,,2026-05-07 15:04:46,2026-05-06 21:07:49,17.95,1,cg_1778166284023_2,3774,cam2_20260507_090445.jpg,crops/cam2_20260507_090445_r1_c1.jpg,3776,cam2_20260507_090448.jpg,crops/cam2_20260507_090448_r1_c1.jpg,7145,29.1,,47,56.3,0,0,0,0,0,0.0,0.0,134.0,0.0,8.2,8.2,0.0,0.0,,2026-05-07 15:04:50
germ-germinadorap-de5832|LOT-20260506-651F-009|r1_c1|rep0,LOT-20260506-651F-009:B2:R0,germ-germinadorap-de5832,LOT-20260506-651F-009,B2,1,1,0,Betabel,,c1,sin_cambio,,,,2026-05-07 15:19:46,2026-05-06 21:07:49,18.20,1,cg_1778167184022_2,3778,cam2_20260507_091945.jpg,crops/cam2_20260507_091945_r1_c1.jpg,3780,cam2_20260507_091948.jpg,crops/cam2_20260507_091948_r1_c1.jpg,7157,28.6,,43,47,0,0,0,0,0,0.0,0.0,149.0,0.0,8.5,8.5,0.0,0.0,,2026-05-07 15:19:50
germ-germinadorap-de5832|LOT-20260506-651F-009|r1_c1|rep0,LOT-20260506-651F-009:B2:R0,germ-germinadorap-de5832,LOT-20260506-651F-009,B2,1,1,0,Betabel,,c1,sin_cambio,,,,2026-05-07 15:34:46,2026-05-06 21:07:49,18.45,1,cg_1778168084028_2,3782,cam2_20260507_093445.jpg,crops/cam2_20260507_093445_r1_c1.jpg,3784,cam2_20260507_093448.jpg,crops/cam2_20260507_093448_r1_c1.jpg,7169,28.7,,38,47.3,0,0,0,0,0,0.0,0.0,164.0,0.0,8.7,8.7,0.0,0.0,,2026-05-07 15:34:50
germ-germinadorap-de5832|LOT-20260506-651F-009|r1_c1|rep0,LOT-20260506-651F-009:B2:R0,germ-germinadorap-de5832,LOT-20260506-651F-009,B2,1,1,0,Betabel,,c1,sin_cambio,,,,2026-05-07 15:49:46,2026-05-06 21:07:49,18.70,1,cg_1778168984035_2,3786,cam2_20260507_094945.jpg,crops/cam2_20260507_094945_r1_c1.jpg,3788,cam2_20260507_094948.jpg,crops/cam2_20260507_094948_r1_c1.jpg,7181,28.7,,40,47.4,0,0,0,0,0,0.0,0.0,179.0,0.0,9.0,9.0,0.0,0.0,,2026-05-07 15:49:50
germ-germinadorap-de5832|LOT-20260506-651F-009|r1_c1|rep0,LOT-20260506-651F-009:B2:R0,germ-germinadorap-de5832,LOT-20260506-651F-009,B2,1,1,0,Betabel,,c1,sin_cambio,,,,2026-05-07 16:04:46,2026-05-06 21:07:49,18.95,1,cg_1778169884039_2,3790,cam2_20260507_100445.jpg,crops/cam2_20260507_100445_r1_c1.jpg,3792,cam2_20260507_100448.jpg,crops/cam2_20260507_100448_r1_c1.jpg,7193,29,,40,47.9,0,0,0,0,0,0.0,0.0,194.0,0.0,9.2,9.2,0.0,0.0,,2026-05-07 16:04:50
germ-germinadorap-de5832|LOT-20260506-651F-009|r1_c1|rep0,LOT-20260506-651F-009:B2:R0,germ-germinadorap-de5832,LOT-20260506-651F-009,B2,1,1,0,Betabel,,c1,sin_cambio,,,,2026-05-07 16:19:46,2026-05-06 21:07:49,19.20,1,cg_1778170784043_2,3794,cam2_20260507_101945.jpg,crops/cam2_20260507_101945_r1_c1.jpg,3796,cam2_20260507_101948.jpg,crops/cam2_20260507_101948_r1_c1.jpg,7205,29,,43,45.7,0,0,0,0,0,0.0,0.0,209.0,0.0,9.5,9.5,0.0,0.0,,2026-05-07 16:19:49
germ-germinadorap-de5832|LOT-20260506-651F-009|r1_c1|rep0,LOT-20260506-651F-009:B2:R0,germ-germinadorap-de5832,LOT-20260506-651F-009,B2,1,1,0,Betabel,,c1,sin_cambio,,,,2026-05-07 16:34:46,2026-05-06 21:07:49,19.45,1,cg_1778171684048_2,3798,cam2_20260507_103445.jpg,crops/cam2_20260507_103445_r1_c1.jpg,3800,cam2_20260507_103448.jpg,crops/cam2_20260507_103448_r1_c1.jpg,7217,29,,40,48.9,0,0,0,0,0,0.0,0.0,223.0,0.0,9.7,9.7,0.0,0.0,,2026-05-07 16:34:50
germ-germinadorap-de5832|LOT-20260506-651F-009|r1_c1|rep0,LOT-20260506-651F-009:B2:R0,germ-germinadorap-de5832,LOT-20260506-651F-009,B2,1,1,0,Betabel,,c1,sin_cambio,,,,2026-05-07 16:49:46,2026-05-06 21:07:49,19.70,1,cg_1778172584053_2,3802,cam2_20260507_104945.jpg,crops/cam2_20260507_104945_r1_c1.jpg,3804,cam2_20260507_104948.jpg,crops/cam2_20260507_104948_r1_c1.jpg,7229,29.1,,40,45.7,0,0,0,0,0,0.0,0.0,238.0,0.0,10.0,10.0,0.0,0.0,,2026-05-07 16:49:50
germ-germinadorap-de5832|LOT-20260506-651F-009|r1_c1|rep0,LOT-20260506-651F-009:B2:R0,germ-germinadorap-de5832,LOT-20260506-651F-009,B2,1,1,0,Betabel,,c1,sin_cambio,,,,2026-05-07 17:04:46,2026-05-06 21:07:49,19.95,1,cg_1778173484055_2,3806,cam2_20260507_110445.jpg,crops/cam2_20260507_110445_r1_c1.jpg,3808,cam2_20260507_110448.jpg,crops/cam2_20260507_110448_r1_c1.jpg,7241,29.1,,41,45.3,0,0,0,0,0,0.0,0.0,253.0,0.0,10.2,10.2,0.0,0.0,,2026-05-07 17:04:50
germ-germinadorap-de5832|LOT-20260506-651F-009|r1_c1|rep0,LOT-20260506-651F-009:B2:R0,germ-germinadorap-de5832,LOT-20260506-651F-009,B2,1,1,0,Betabel,,c1,sin_cambio,,,,2026-05-07 17:21:42,2026-05-06 21:07:49,20.23,1,cg_1778174499965_2,3810,cam2_20260507_112141.jpg,crops/cam2_20260507_112141_r1_c1.jpg,3812,cam2_20260507_112144.jpg,crops/cam2_20260507_112144_r1_c1.jpg,7253,29.2,,43,43,0,0,0,0,0,0.0,0.0,270.0,0.0,10.5,10.5,0.0,0.0,,2026-05-07 17:21:46
germ-germinadorap-de5832|LOT-20260506-651F-009|r1_c1|rep0,LOT-20260506-651F-009:B2:R0,germ-germinadorap-de5832,LOT-20260506-651F-009,B2,1,1,0,Betabel,,c1,sin_cambio,,,,2026-05-07 17:37:04,2026-05-06 21:07:49,20.49,1,cg_1778175422029_2,3814,cam2_20260507_113703.jpg,crops/cam2_20260507_113703_r1_c1.jpg,3816,cam2_20260507_113706.jpg,crops/cam2_20260507_113706_r1_c1.jpg,7265,28.9,,42,46.8,0,0,0,0,0,0.0,0.0,285.0,0.0,10.8,10.8,0.0,0.0,,2026-05-07 17:37:07
germ-germinadorap-de5832|LOT-20260506-651F-009|r1_c1|rep0,LOT-20260506-651F-009:B2:R0,germ-germinadorap-de5832,LOT-20260506-651F-009,B2,1,1,0,Betabel,,c1,sin_cambio,,,,2026-05-07 17:52:03,2026-05-06 21:07:49,20.74,1,cg_1778176322034_2,3818,cam2_20260507_115203.jpg,crops/cam2_20260507_115203_r1_c1.jpg,3820,cam2_20260507_115206.jpg,crops/cam2_20260507_115206_r1_c1.jpg,7277,29.2,,43,47.4,0,0,0,0,0,0.0,0.0,300.0,0.0,11.0,11.0,0.0,0.0,,2026-05-07 17:52:06
germ-germinadorap-de5832|LOT-20260506-651F-009|r1_c1|rep0,LOT-20260506-651F-009:B2:R0,germ-germinadorap-de5832,LOT-20260506-651F-009,B2,1,1,0,Betabel,,c1,sin_cambio,,,,2026-05-07 18:07:23,2026-05-06 21:07:49,20.99,1,cg_1778177241352_2,3822,cam2_20260507_120722.jpg,crops/cam2_20260507_120722_r1_c1.jpg,3824,cam2_20260507_120725.jpg,crops/cam2_20260507_120725_r1_c1.jpg,7289,29.3,,43,42.3,0,0,0,0,0,0.0,0.0,315.0,0.0,11.3,11.3,0.0,0.0,,2026-05-07 18:07:27
germ-germinadorap-de5832|LOT-20260506-651F-009|r1_c1|rep0,LOT-20260506-651F-009:B2:R0,germ-germinadorap-de5832,LOT-20260506-651F-009,B2,1,1,0,Betabel,,c1,sin_cambio,,,,2026-05-07 18:22:23,2026-05-06 21:07:49,21.24,1,cg_1778178141350_2,3826,cam2_20260507_122222.jpg,crops/cam2_20260507_122222_r1_c1.jpg,3828,cam2_20260507_122226.jpg,crops/cam2_20260507_122226_r1_c1.jpg,7301,29.5,,41,41.6,0,0,0,0,0,0.0,0.0,330.0,0.0,11.5,11.5,0.0,0.0,,2026-05-07 18:22:27
germ-germinadorap-de5832|LOT-20260506-651F-009|r1_c1|rep0,LOT-20260506-651F-009:B2:R0,germ-germinadorap-de5832,LOT-20260506-651F-009,B2,1,1,0,Betabel,,c1,sin_cambio,,,,2026-05-07 18:37:39,2026-05-06 21:07:49,21.50,1,cg_1778179057875_2,3830,cam2_20260507_123739.jpg,crops/cam2_20260507_123739_r1_c1.jpg,3832,cam2_20260507_123741.jpg,crops/cam2_20260507_123741_r1_c1.jpg,7313,28.7,,37,100,0,0,0,0,0,0.0,0.0,346.0,0.0,11.8,11.8,0.0,0.0,,2026-05-07 18:37:42
germ-germinadorap-de5832|LOT-20260506-651F-009|r1_c1|rep0,LOT-20260506-651F-009:B2:R0,germ-germinadorap-de5832,LOT-20260506-651F-009,B2,1,1,0,Betabel,,c1,sin_cambio,,,,2026-05-07 18:52:39,2026-05-06 21:07:49,21.75,1,cg_1778179957831_2,3834,cam2_20260507_125239.jpg,crops/cam2_20260507_125239_r1_c1.jpg,3836,cam2_20260507_125241.jpg,crops/cam2_20260507_125241_r1_c1.jpg,7325,28.2,,37,100,0,0,0,0,0,0.0,0.0,360.0,0.0,12.0,12.0,0.0,0.0,,2026-05-07 18:52:42
germ-germinadorap-de5832|LOT-20260506-651F-009|r1_c1|rep0,LOT-20260506-651F-009:B2:R0,germ-germinadorap-de5832,LOT-20260506-651F-009,B2,1,1,0,Betabel,,c1,sin_cambio,,,,2026-05-07 19:07:39,2026-05-06 21:07:49,22.00,1,cg_1778180857834_2,3838,cam2_20260507_130739.jpg,crops/cam2_20260507_130739_r1_c1.jpg,3840,cam2_20260507_130741.jpg,crops/cam2_20260507_130741_r1_c1.jpg,7337,28,,36,100,0,0,0,0,0,0.0,0.0,375.0,0.0,12.3,12.3,0.0,0.0,,2026-05-07 19:07:42
germ-germinadorap-de5832|LOT-20260506-651F-009|r1_c1|rep0,LOT-20260506-651F-009:B2:R0,germ-germinadorap-de5832,LOT-20260506-651F-009,B2,1,1,0,Betabel,,c1,sin_cambio,,,,2026-05-07 19:22:39,2026-05-06 21:07:49,22.25,1,cg_1778181757834_2,3842,cam2_20260507_132239.jpg,crops/cam2_20260507_132239_r1_c1.jpg,3844,cam2_20260507_132241.jpg,crops/cam2_20260507_132241_r1_c1.jpg,7349,27.8,,36,100,0,0,0,0,0,0.0,0.0,390.0,0.0,12.5,12.5,0.0,0.0,,2026-05-07 19:22:42
germ-germinadorap-de5832|LOT-20260506-651F-009|r1_c1|rep0,LOT-20260506-651F-009:B2:R0,germ-germinadorap-de5832,LOT-20260506-651F-009,B2,1,1,0,Betabel,,c1,sin_cambio,,,,2026-05-07 19:37:39,2026-05-06 21:07:49,22.50,1,cg_1778182657840_2,3846,cam2_20260507_133739.jpg,crops/cam2_20260507_133739_r1_c1.jpg,3848,cam2_20260507_133741.jpg,crops/cam2_20260507_133741_r1_c1.jpg,7361,27.7,,35,100,0,0,0,0,0,0.0,0.0,405.0,0.0,12.8,12.8,0.0,0.0,,2026-05-07 19:37:42
germ-germinadorap-de5832|LOT-20260506-651F-009|r1_c1|rep0,LOT-20260506-651F-009:B2:R0,germ-germinadorap-de5832,LOT-20260506-651F-009,B2,1,1,0,Betabel,,c1,sin_cambio,,,,2026-05-07 19:52:39,2026-05-06 21:07:49,22.75,1,cg_1778183557841_2,3850,cam2_20260507_135239.jpg,crops/cam2_20260507_135239_r1_c1.jpg,3852,cam2_20260507_135241.jpg,crops/cam2_20260507_135241_r1_c1.jpg,7373,27.7,,35,100,0,0,0,0,0,0.0,0.0,420.0,0.0,13.0,13.0,0.0,0.0,,2026-05-07 19:52:42
germ-germinadorap-de5832|LOT-20260506-651F-009|r1_c1|rep0,LOT-20260506-651F-009:B2:R0,germ-germinadorap-de5832,LOT-20260506-651F-009,B2,1,1,0,Betabel,,c1,sin_cambio,,,,2026-05-07 20:07:39,2026-05-06 21:07:49,23.00,1,cg_1778184457843_2,3854,cam2_20260507_140739.jpg,crops/cam2_20260507_140739_r1_c1.jpg,3856,cam2_20260507_140741.jpg,crops/cam2_20260507_140741_r1_c1.jpg,7385,27.7,,36,100,0,0,0,0,0,0.0,0.0,435.0,0.0,13.1,13.1,0.0,0.0,,2026-05-07 20:07:42
germ-germinadorap-de5832|LOT-20260506-651F-009|r1_c1|rep0,LOT-20260506-651F-009:B2:R0,germ-germinadorap-de5832,LOT-20260506-651F-009,B2,1,1,0,Betabel,,c1,sin_cambio,,,,2026-05-07 20:22:39,2026-05-06 21:07:49,23.25,1,cg_1778185357843_2,3858,cam2_20260507_142239.jpg,crops/cam2_20260507_142239_r1_c1.jpg,3860,cam2_20260507_142241.jpg,crops/cam2_20260507_142241_r1_c1.jpg,7397,27.7,,35,100,0,0,0,0,0,0.0,0.0,450.0,0.0,13.1,13.1,0.0,0.0,,2026-05-07 20:22:42
germ-germinadorap-de5832|LOT-20260506-651F-009|r1_c1|rep0,LOT-20260506-651F-009:B2:R0,germ-germinadorap-de5832,LOT-20260506-651F-009,B2,1,1,0,Betabel,,c1,sin_cambio,,,,2026-05-07 20:37:39,2026-05-06 21:07:49,23.50,1,cg_1778186257843_2,3862,cam2_20260507_143739.jpg,crops/cam2_20260507_143739_r1_c1.jpg,3864,cam2_20260507_143741.jpg,crops/cam2_20260507_143741_r1_c1.jpg,7409,27.6,,34,93.5,0,0,0,0,0,0.0,0.0,465.0,0.0,13.1,13.1,0.0,0.0,,2026-05-07 20:37:42
germ-germinadorap-de5832|LOT-20260506-651F-009|r1_c1|rep0,LOT-20260506-651F-009:B2:R0,germ-germinadorap-de5832,LOT-20260506-651F-009,B2,1,1,0,Betabel,,c1,sin_cambio,,,,2026-05-07 20:52:39,2026-05-06 21:07:49,23.75,1,cg_1778187157846_2,3866,cam2_20260507_145239.jpg,crops/cam2_20260507_145239_r1_c1.jpg,3868,cam2_20260507_145241.jpg,crops/cam2_20260507_145241_r1_c1.jpg,7421,27.3,,35,92.6,0,0,0,0,0,0.0,0.0,480.0,0.0,13.1,13.1,0.0,0.0,,2026-05-07 20:52:42
germ-germinadorap-de5832|LOT-20260506-651F-009|r1_c1|rep0,LOT-20260506-651F-009:B2:R0,germ-germinadorap-de5832,LOT-20260506-651F-009,B2,1,1,0,Betabel,,c1,sin_cambio,,,,2026-05-07 21:07:39,2026-05-06 21:07:49,24.00,1,cg_1778188057855_2,3870,cam2_20260507_150739.jpg,crops/cam2_20260507_150739_r1_c1.jpg,3872,cam2_20260507_150741.jpg,crops/cam2_20260507_150741_r1_c1.jpg,7433,27.2,,35,91.7,0,0,0,0,0,0.0,0.0,495.0,0.0,13.1,13.1,0.0,0.0,,2026-05-07 21:07:42
germ-germinadorap-de5832|LOT-20260506-651F-009|r1_c1|rep0,LOT-20260506-651F-009:B2:R0,germ-germinadorap-de5832,LOT-20260506-651F-009,B2,1,1,0,Betabel,,c1,sin_cambio,,,,2026-05-07 21:22:39,2026-05-06 21:07:49,24.25,2,cg_1778188957863_2,3874,cam2_20260507_152239.jpg,crops/cam2_20260507_152239_r1_c1.jpg,3876,cam2_20260507_152241.jpg,crops/cam2_20260507_152241_r1_c1.jpg,7445,27.2,,34,84.3,0,0,0,0,0,0.0,0.0,510.0,0.0,13.1,6.6,0.0,0.0,,2026-05-07 21:22:42
germ-germinadorap-de5832|LOT-20260506-651F-009|r1_c1|rep0,LOT-20260506-651F-009:B2:R0,germ-germinadorap-de5832,LOT-20260506-651F-009,B2,1,1,0,Betabel,,c1,sin_cambio,,,,2026-05-07 21:37:39,2026-05-06 21:07:49,24.50,2,cg_1778189857875_2,3878,cam2_20260507_153739.jpg,crops/cam2_20260507_153739_r1_c1.jpg,3880,cam2_20260507_153741.jpg,crops/cam2_20260507_153741_r1_c1.jpg,7457,27.3,,35,82.4,0,0,0,0,0,0.0,0.0,525.0,0.0,13.1,6.6,0.0,0.0,,2026-05-07 21:37:42
germ-germinadorap-de5832|LOT-20260506-651F-009|r1_c1|rep0,LOT-20260506-651F-009:B2:R0,germ-germinadorap-de5832,LOT-20260506-651F-009,B2,1,1,0,Betabel,,c1,sin_cambio,,,,2026-05-07 21:52:39,2026-05-06 21:07:49,24.75,2,cg_1778190757882_2,3882,cam2_20260507_155239.jpg,crops/cam2_20260507_155239_r1_c1.jpg,3884,cam2_20260507_155241.jpg,crops/cam2_20260507_155241_r1_c1.jpg,7469,27.2,,34,79.6,0,0,0,0,0,0.0,0.0,540.0,0.0,13.1,6.6,0.0,0.0,,2026-05-07 21:52:42
germ-germinadorap-de5832|LOT-20260506-651F-009|r1_c1|rep0,LOT-20260506-651F-009:B2:R0,germ-germinadorap-de5832,LOT-20260506-651F-009,B2,1,1,0,Betabel,,c1,sin_cambio,,,,2026-05-07 22:07:39,2026-05-06 21:07:49,25.00,2,cg_1778191657885_2,3886,cam2_20260507_160739.jpg,crops/cam2_20260507_160739_r1_c1.jpg,3888,cam2_20260507_160741.jpg,crops/cam2_20260507_160741_r1_c1.jpg,7481,27.2,,34,78.7,0,0,0,0,0,0.0,0.0,555.0,0.0,13.1,6.6,0.0,0.0,,2026-05-07 22:07:42
germ-germinadorap-de5832|LOT-20260506-651F-009|r1_c1|rep0,LOT-20260506-651F-009:B2:R0,germ-germinadorap-de5832,LOT-20260506-651F-009,B2,1,1,0,Betabel,,c1,sin_cambio,,,,2026-05-07 22:22:40,2026-05-06 21:07:49,25.25,2,cg_1778192557910_2,3890,cam2_20260507_162239.jpg,crops/cam2_20260507_162239_r1_c1.jpg,3892,cam2_20260507_162242.jpg,crops/cam2_20260507_162242_r1_c1.jpg,7493,26.4,,34,57.1,0,0,0,0,0,0.0,0.0,569.0,0.0,13.1,6.6,0.0,0.0,,2026-05-07 22:22:43
germ-germinadorap-de5832|LOT-20260506-651F-009|r1_c1|rep0,LOT-20260506-651F-009:B2:R0,germ-germinadorap-de5832,LOT-20260506-651F-009,B2,1,1,0,Betabel,,c1,sin_cambio,,,,2026-05-07 22:37:41,2026-05-06 21:07:49,25.50,2,cg_1778193457892_2,3894,cam2_20260507_163741.jpg,crops/cam2_20260507_163741_r1_c1.jpg,3896,cam2_20260507_163744.jpg,crops/cam2_20260507_163744_r1_c1.jpg,7505,27.3,,36,100,0,0,0,0,0,0.0,0.0,584.0,0.0,13.1,6.6,0.0,0.0,,2026-05-07 22:37:45
germ-germinadorap-de5832|LOT-20260506-651F-009|r1_c1|rep0,LOT-20260506-651F-009:B2:R0,germ-germinadorap-de5832,LOT-20260506-651F-009,B2,1,1,0,Betabel,,c1,sin_cambio,,,,2026-05-07 22:52:40,2026-05-06 21:07:49,25.75,2,cg_1778194357894_2,3898,cam2_20260507_165239.jpg,crops/cam2_20260507_165239_r1_c1.jpg,3900,cam2_20260507_165242.jpg,crops/cam2_20260507_165242_r1_c1.jpg,7517,27.5,,37,49.1,0,0,0,0,0,0.0,0.0,599.0,0.0,13.2,6.6,0.0,0.0,,2026-05-07 22:52:43
germ-germinadorap-de5832|LOT-20260506-651F-009|r1_c1|rep0,LOT-20260506-651F-009:B2:R0,germ-germinadorap-de5832,LOT-20260506-651F-009,B2,1,1,0,Betabel,,c1,sin_cambio,,,,2026-05-07 23:07:40,2026-05-06 21:07:49,26.00,2,cg_1778195257898_2,3902,cam2_20260507_170739.jpg,crops/cam2_20260507_170739_r1_c1.jpg,3904,cam2_20260507_170744.jpg,crops/cam2_20260507_170744_r1_c1.jpg,7529,27.5,,37,100,0,0,0,0,0,0.0,0.0,614.0,0.0,13.2,6.6,0.0,0.0,,2026-05-07 23:07:45
germ-germinadorap-de5832|LOT-20260506-651F-009|r1_c1|rep0,LOT-20260506-651F-009:B2:R0,germ-germinadorap-de5832,LOT-20260506-651F-009,B2,1,1,0,Betabel,,c1,sin_cambio,,,,2026-05-07 23:22:40,2026-05-06 21:07:49,26.25,2,cg_1778196157893_2,3906,cam2_20260507_172239.jpg,crops/cam2_20260507_172239_r1_c1.jpg,3908,cam2_20260507_172242.jpg,crops/cam2_20260507_172242_r1_c1.jpg,7541,27.2,,36,48.7,0,0,0,0,0,0.0,0.0,629.0,0.0,13.2,6.6,0.0,0.0,,2026-05-07 23:22:43
germ-germinadorap-de5832|LOT-20260506-651F-009|r1_c1|rep0,LOT-20260506-651F-009:B2:R0,germ-germinadorap-de5832,LOT-20260506-651F-009,B2,1,1,0,Betabel,,c1,sin_cambio,,,,2026-05-07 23:37:40,2026-05-06 21:07:49,26.50,2,cg_1778197057895_2,3910,cam2_20260507_173739.jpg,crops/cam2_20260507_173739_r1_c1.jpg,3912,cam2_20260507_173742.jpg,crops/cam2_20260507_173742_r1_c1.jpg,7553,26.9,,36,58.9,0,0,0,0,0,0.0,0.0,644.0,0.0,13.2,6.6,0.0,0.0,,2026-05-07 23:37:43
germ-germinadorap-de5832|LOT-20260506-651F-009|r1_c1|rep0,LOT-20260506-651F-009:B2:R0,germ-germinadorap-de5832,LOT-20260506-651F-009,B2,1,1,0,Betabel,,c1,sin_cambio,,,,2026-05-07 23:52:40,2026-05-06 21:07:49,26.75,2,cg_1778197957902_2,3914,cam2_20260507_175239.jpg,crops/cam2_20260507_175239_r1_c1.jpg,3916,cam2_20260507_175242.jpg,crops/cam2_20260507_175242_r1_c1.jpg,7565,27,,37,49.9,0,0,0,0,0,0.0,0.0,659.0,0.0,13.2,6.6,0.0,0.0,,2026-05-07 23:52:44
germ-germinadorap-de5832|LOT-20260506-651F-009|r1_c1|rep0,LOT-20260506-651F-009:B2:R0,germ-germinadorap-de5832,LOT-20260506-651F-009,B2,1,1,0,Betabel,,c1,sin_cambio,,,,2026-05-08 01:13:31,2026-05-06 21:07:49,28.09,2,cg_1778202809057_2,3918,cam2_20260507_191330.jpg,crops/cam2_20260507_191330_r1_c1.jpg,3920,cam2_20260507_191333.jpg,crops/cam2_20260507_191333_r1_c1.jpg,7577,25.8,,38,58.9,0,0,0,0,0,0.0,0.0,740.0,0.0,13.2,6.6,0.0,0.0,,2026-05-08 01:13:34
germ-germinadorap-de5832|LOT-20260506-651F-009|r1_c1|rep0,LOT-20260506-651F-009:B2:R0,germ-germinadorap-de5832,LOT-20260506-651F-009,B2,1,1,0,Betabel,,c1,sin_cambio,,,,2026-05-08 01:28:30,2026-05-06 21:07:49,28.34,2,cg_1778203709053_2,3922,cam2_20260507_192830.jpg,crops/cam2_20260507_192830_r1_c1.jpg,3924,cam2_20260507_192833.jpg,crops/cam2_20260507_192833_r1_c1.jpg,7589,27,,42,91.7,0,0,0,0,0,0.0,0.0,755.0,0.0,13.2,6.6,0.0,0.0,,2026-05-08 01:28:33
germ-germinadorap-de5832|LOT-20260506-651F-009|r1_c1|rep0,LOT-20260506-651F-009:B2:R0,germ-germinadorap-de5832,LOT-20260506-651F-009,B2,1,1,0,Betabel,,c1,sin_cambio,,,,2026-05-08 01:43:30,2026-05-06 21:07:49,28.59,2,cg_1778204609061_2,3926,cam2_20260507_194330.jpg,crops/cam2_20260507_194330_r1_c1.jpg,3928,cam2_20260507_194333.jpg,crops/cam2_20260507_194333_r1_c1.jpg,7601,27.6,,41,97.2,0,0,0,0,0,0.0,0.0,769.0,0.0,13.2,6.6,0.0,0.0,,2026-05-08 01:43:34
germ-germinadorap-de5832|LOT-20260506-651F-009|r1_c1|rep0,LOT-20260506-651F-009:B2:R0,germ-germinadorap-de5832,LOT-20260506-651F-009,B2,1,1,0,Betabel,,c1,sin_cambio,,,,2026-05-08 01:58:30,2026-05-06 21:07:49,28.84,2,cg_1778205509068_2,3930,cam2_20260507_195830.jpg,crops/cam2_20260507_195830_r1_c1.jpg,3932,cam2_20260507_195833.jpg,crops/cam2_20260507_195833_r1_c1.jpg,7613,28,,41,94.4,0,0,0,0,0,0.0,0.0,784.0,0.0,13.2,6.6,0.0,0.0,,2026-05-08 01:58:34
germ-germinadorap-de5832|LOT-20260506-651F-009|r1_c1|rep0,LOT-20260506-651F-009:B2:R0,germ-germinadorap-de5832,LOT-20260506-651F-009,B2,1,1,0,Betabel,,c1,sin_cambio,,,,2026-05-08 02:13:31,2026-05-06 21:07:49,29.09,2,cg_1778206409073_2,3934,cam2_20260507_201330.jpg,crops/cam2_20260507_201330_r1_c1.jpg,3936,cam2_20260507_201333.jpg,crops/cam2_20260507_201333_r1_c1.jpg,7625,27.8,,39,91.7,0,0,0,0,0,0.0,0.0,786.0,0.0,13.2,6.6,0.0,0.0,,2026-05-08 02:13:34
germ-germinadorap-de5832|LOT-20260506-651F-009|r1_c1|rep0,LOT-20260506-651F-009:B2:R0,germ-germinadorap-de5832,LOT-20260506-651F-009,B2,1,1,0,Betabel,,c1,sin_cambio,,,,2026-05-08 02:28:31,2026-05-06 21:07:49,29.34,2,cg_1778207309077_2,3938,cam2_20260507_202830.jpg,crops/cam2_20260507_202830_r1_c1.jpg,3940,cam2_20260507_202833.jpg,crops/cam2_20260507_202833_r1_c1.jpg,7637,27.7,,40,91.7,0,0,0,0,0,0.0,0.0,786.0,0.0,13.2,6.6,0.0,0.0,,2026-05-08 02:28:34
germ-germinadorap-de5832|LOT-20260506-651F-009|r1_c1|rep0,LOT-20260506-651F-009:B2:R0,germ-germinadorap-de5832,LOT-20260506-651F-009,B2,1,1,0,Betabel,,c1,sin_cambio,,,,2026-05-08 02:43:31,2026-05-06 21:07:49,29.59,2,cg_1778208209082_2,3942,cam2_20260507_204330.jpg,crops/cam2_20260507_204330_r1_c1.jpg,3944,cam2_20260507_204333.jpg,crops/cam2_20260507_204333_r1_c1.jpg,7649,27.8,,43,90.7,0,0,0,0,0,0.0,0.0,786.0,0.0,13.2,6.6,0.0,0.0,,2026-05-08 02:43:34
germ-germinadorap-de5832|LOT-20260506-651F-009|r1_c1|rep0,LOT-20260506-651F-009:B2:R0,germ-germinadorap-de5832,LOT-20260506-651F-009,B2,1,1,0,Betabel,,c1,sin_cambio,,,,2026-05-08 02:58:31,2026-05-06 21:07:49,29.84,2,cg_1778209109087_2,3946,cam2_20260507_205830.jpg,crops/cam2_20260507_205830_r1_c1.jpg,3948,cam2_20260507_205833.jpg,crops/cam2_20260507_205833_r1_c1.jpg,7661,27.6,,45,85.2,0,0,0,0,0,0.0,0.0,786.0,0.0,13.2,6.6,0.0,0.0,,2026-05-08 02:58:33
germ-germinadorap-de5832|LOT-20260506-651F-009|r1_c1|rep0,LOT-20260506-651F-009:B2:R0,germ-germinadorap-de5832,LOT-20260506-651F-009,B2,1,1,0,Betabel,,c1,sin_cambio,,,,2026-05-08 03:13:31,2026-05-06 21:07:49,30.09,2,cg_1778210009093_2,3950,cam2_20260507_211330.jpg,crops/cam2_20260507_211330_r1_c1.jpg,3952,cam2_20260507_211333.jpg,crops/cam2_20260507_211333_r1_c1.jpg,7673,27.6,,51,90.7,0,0,0,0,0,0.0,0.0,786.0,0.0,13.2,6.6,0.0,0.0,,2026-05-08 03:13:34
germ-germinadorap-de5832|LOT-20260506-651F-009|r1_c1|rep0,LOT-20260506-651F-009:B2:R0,germ-germinadorap-de5832,LOT-20260506-651F-009,B2,1,1,0,Betabel,,c1,sin_cambio,,,,2026-05-08 03:28:31,2026-05-06 21:07:49,30.34,2,cg_1778210909096_2,3954,cam2_20260507_212830.jpg,crops/cam2_20260507_212830_r1_c1.jpg,3956,cam2_20260507_212833.jpg,crops/cam2_20260507_212833_r1_c1.jpg,7685,27.5,,42,79.6,0,0,0,0,0,0.0,0.0,786.0,0.0,13.2,6.6,0.0,0.0,,2026-05-08 03:28:34
germ-germinadorap-de5832|LOT-20260506-651F-009|r1_c1|rep0,LOT-20260506-651F-009:B2:R0,germ-germinadorap-de5832,LOT-20260506-651F-009,B2,1,1,0,Betabel,,c1,sin_cambio,,,,2026-05-08 04:48:45,2026-05-06 21:07:49,31.68,2,cg_1778215723183_2,3959,cam2_20260507_224844.jpg,crops/cam2_20260507_224844_r1_c1.jpg,3961,cam2_20260507_224849.jpg,crops/cam2_20260507_224849_r1_c1.jpg,7704,26.7,,50,68.8,0,0,0,0,0,0.0,0.0,787.0,0.0,13.2,6.6,0.0,0.0,,2026-05-08 04:48:50
germ-germinadorap-de5832|LOT-20260506-651F-009|r1_c1|rep0,LOT-20260506-651F-009:B2:R0,germ-germinadorap-de5832,LOT-20260506-651F-009,B2,1,1,0,Betabel,,c1,sin_cambio,,,,2026-05-08 05:03:45,2026-05-06 21:07:49,31.93,2,cg_1778216623182_2,3963,cam2_20260507_230345.jpg,crops/cam2_20260507_230345_r1_c1.jpg,3965,cam2_20260507_230349.jpg,crops/cam2_20260507_230349_r1_c1.jpg,7716,27,,56,74.1,0,0,0,0,0,0.0,0.0,787.0,0.0,13.2,6.6,0.0,0.0,,2026-05-08 05:03:50
germ-germinadorap-de5832|LOT-20260506-651F-009|r1_c1|rep0,LOT-20260506-651F-009:B2:R0,germ-germinadorap-de5832,LOT-20260506-651F-009,B2,1,1,0,Betabel,,c1,sin_cambio,,,,2026-05-08 05:18:45,2026-05-06 21:07:49,32.18,2,cg_1778217523187_2,3966,cam2_20260507_231844.jpg,crops/cam2_20260507_231844_r1_c1.jpg,3968,cam2_20260507_231847.jpg,crops/cam2_20260507_231847_r1_c1.jpg,7721,27.2,,55,69.6,0,0,0,0,0,0.0,0.0,787.0,0.0,13.2,6.6,0.0,0.0,,2026-05-08 05:18:48
germ-germinadorap-de5832|LOT-20260506-651F-009|r1_c1|rep0,LOT-20260506-651F-009:B2:R0,germ-germinadorap-de5832,LOT-20260506-651F-009,B2,1,1,0,Betabel,,c1,sin_cambio,,,,2026-05-08 05:33:45,2026-05-06 21:07:49,32.43,2,cg_1778218423193_2,3971,cam2_20260507_233345.jpg,crops/cam2_20260507_233345_r1_c1.jpg,3973,cam2_20260507_233349.jpg,crops/cam2_20260507_233349_r1_c1.jpg,7740,27.3,,56,49,0,0,0,0,0,0.0,0.0,788.0,0.0,13.2,6.6,0.0,0.0,,2026-05-08 05:33:50
germ-germinadorap-de5832|LOT-20260506-651F-009|r1_c1|rep0,LOT-20260506-651F-009:B2:R0,germ-germinadorap-de5832,LOT-20260506-651F-009,B2,1,1,0,Betabel,,c1,sin_cambio,,,,2026-05-08 05:48:45,2026-05-06 21:07:49,32.68,2,cg_1778219323201_2,3974,cam2_20260507_234844.jpg,crops/cam2_20260507_234844_r1_c1.jpg,3976,cam2_20260507_234847.jpg,crops/cam2_20260507_234847_r1_c1.jpg,7745,27.4,,56,70.5,0,0,0,0,0,0.0,0.0,788.0,0.0,13.2,6.6,0.0,0.0,,2026-05-08 05:48:48
germ-germinadorap-de5832|LOT-20260506-651F-009|r1_c1|rep0,LOT-20260506-651F-009:B2:R0,germ-germinadorap-de5832,LOT-20260506-651F-009,B2,1,1,0,Betabel,,c1,sin_cambio,,,,2026-05-08 06:03:45,2026-05-06 21:07:49,32.93,2,cg_1778220223206_2,3978,cam2_20260508_000344.jpg,crops/cam2_20260508_000344_r1_c1.jpg,3980,cam2_20260508_000347.jpg,crops/cam2_20260508_000347_r1_c1.jpg,7757,27.5,,55,48.9,0,0,0,0,0,0.0,0.0,788.0,0.0,13.2,6.6,0.0,0.0,,2026-05-08 06:03:48
germ-germinadorap-de5832|LOT-20260506-651F-009|r1_c1|rep0,LOT-20260506-651F-009:B2:R0,germ-germinadorap-de5832,LOT-20260506-651F-009,B2,1,1,0,Betabel,,c1,sin_cambio,,,,2026-05-08 06:18:45,2026-05-06 21:07:49,33.18,2,cg_1778221123210_2,3983,cam2_20260508_001845.jpg,crops/cam2_20260508_001845_r1_c1.jpg,3985,cam2_20260508_001849.jpg,crops/cam2_20260508_001849_r1_c1.jpg,7776,27.6,,56,48.4,0,0,0,0,0,0.0,0.0,788.0,0.0,13.2,6.6,0.0,0.0,,2026-05-08 06:18:50
germ-germinadorap-de5832|LOT-20260506-651F-009|r1_c1|rep0,LOT-20260506-651F-009:B2:R0,germ-germinadorap-de5832,LOT-20260506-651F-009,B2,1,1,0,Betabel,,c1,sin_cambio,,,,2026-05-08 06:33:45,2026-05-06 21:07:49,33.43,2,cg_1778222023217_2,3986,cam2_20260508_003344.jpg,crops/cam2_20260508_003344_r1_c1.jpg,3988,cam2_20260508_003348.jpg,crops/cam2_20260508_003348_r1_c1.jpg,7781,27.6,,56,59.8,0,0,0,0,0,0.0,0.0,788.0,0.0,13.2,6.6,0.0,0.0,,2026-05-08 06:33:49
germ-germinadorap-de5832|LOT-20260506-651F-009|r1_c1|rep0,LOT-20260506-651F-009:B2:R0,germ-germinadorap-de5832,LOT-20260506-651F-009,B2,1,1,0,Betabel,,c1,sin_cambio,,,,2026-05-08 06:48:45,2026-05-06 21:07:49,33.68,2,cg_1778222923220_2,3991,cam2_20260508_004845.jpg,crops/cam2_20260508_004845_r1_c1.jpg,3993,cam2_20260508_004849.jpg,crops/cam2_20260508_004849_r1_c1.jpg,7800,27.5,,57,49.4,0,0,0,0,0,0.0,0.0,788.0,0.0,13.2,6.6,0.0,0.0,,2026-05-08 06:48:50
germ-germinadorap-de5832|LOT-20260506-651F-009|r1_c1|rep0,LOT-20260506-651F-009:B2:R0,germ-germinadorap-de5832,LOT-20260506-651F-009,B2,1,1,0,Betabel,,c1,sin_cambio,,,,2026-05-08 07:03:45,2026-05-06 21:07:49,33.93,2,cg_1778223823221_2,3994,cam2_20260508_010344.jpg,crops/cam2_20260508_010344_r1_c1.jpg,3996,cam2_20260508_010347.jpg,crops/cam2_20260508_010347_r1_c1.jpg,7805,27.6,,52,48.6,0,0,0,0,0,0.0,0.0,788.0,0.0,13.2,6.6,0.0,0.0,,2026-05-08 07:03:48
germ-germinadorap-de5832|LOT-20260506-651F-009|r1_c1|rep0,LOT-20260506-651F-009:B2:R0,germ-germinadorap-de5832,LOT-20260506-651F-009,B2,1,1,0,Betabel,,c1,sin_cambio,,,,2026-05-08 07:18:45,2026-05-06 21:07:49,34.18,2,cg_1778224723222_2,3999,cam2_20260508_011845.jpg,crops/cam2_20260508_011845_r1_c1.jpg,4001,cam2_20260508_011849.jpg,crops/cam2_20260508_011849_r1_c1.jpg,7824,27.5,,54,56.3,0,0,0,0,0,0.0,0.0,788.0,0.0,13.2,6.6,0.0,0.0,,2026-05-08 07:18:50
germ-germinadorap-de5832|LOT-20260506-651F-009|r1_c1|rep0,LOT-20260506-651F-009:B2:R0,germ-germinadorap-de5832,LOT-20260506-651F-009,B2,1,1,0,Betabel,,c1,sin_cambio,,,,2026-05-08 07:33:46,2026-05-06 21:07:49,34.43,2,cg_1778225623227_2,4003,cam2_20260508_013345.jpg,crops/cam2_20260508_013345_r1_c1.jpg,4005,cam2_20260508_013349.jpg,crops/cam2_20260508_013349_r1_c1.jpg,7836,27.6,,55,56.3,0,0,0,0,0,0.0,0.0,788.0,0.0,13.2,6.6,0.0,0.0,,2026-05-08 07:33:50
germ-germinadorap-de5832|LOT-20260506-651F-009|r1_c1|rep0,LOT-20260506-651F-009:B2:R0,germ-germinadorap-de5832,LOT-20260506-651F-009,B2,1,1,0,Betabel,,c1,sin_cambio,,,,2026-05-08 07:48:45,2026-05-06 21:07:49,34.68,2,cg_1778226523230_2,4007,cam2_20260508_014845.jpg,crops/cam2_20260508_014845_r1_c1.jpg,4009,cam2_20260508_014849.jpg,crops/cam2_20260508_014849_r1_c1.jpg,7848,27.5,,56,54.5,0,0,0,0,0,0.0,0.0,788.0,0.0,13.2,6.6,0.0,0.0,,2026-05-08 07:48:50
germ-germinadorap-de5832|LOT-20260506-651F-009|r1_c1|rep0,LOT-20260506-651F-009:B2:R0,germ-germinadorap-de5832,LOT-20260506-651F-009,B2,1,1,0,Betabel,,c1,sin_cambio,,,,2026-05-08 08:03:45,2026-05-06 21:07:49,34.93,2,cg_1778227423232_2,4010,cam2_20260508_020344.jpg,crops/cam2_20260508_020344_r1_c1.jpg,4012,cam2_20260508_020347.jpg,crops/cam2_20260508_020347_r1_c1.jpg,7853,27.6,,55,48,0,0,0,0,0,0.0,0.0,788.0,0.0,13.2,6.6,0.0,0.0,,2026-05-08 08:03:48
germ-germinadorap-de5832|LOT-20260506-651F-009|r1_c1|rep0,LOT-20260506-651F-009:B2:R0,germ-germinadorap-de5832,LOT-20260506-651F-009,B2,1,1,0,Betabel,,c1,sin_cambio,,,,2026-05-08 08:18:45,2026-05-06 21:07:49,35.18,2,cg_1778228323235_2,4015,cam2_20260508_021844.jpg,crops/cam2_20260508_021844_r1_c1.jpg,4017,cam2_20260508_021849.jpg,crops/cam2_20260508_021849_r1_c1.jpg,7872,27.5,,53,47.5,0,0,0,0,0,0.0,0.0,788.0,0.0,13.5,6.7,0.0,0.0,,2026-05-08 08:18:50
germ-germinadorap-de5832|LOT-20260506-651F-009|r1_c1|rep0,LOT-20260506-651F-009:B2:R0,germ-germinadorap-de5832,LOT-20260506-651F-009,B2,1,1,0,Betabel,,c1,sin_cambio,,,,2026-05-08 08:33:45,2026-05-06 21:07:49,35.43,2,cg_1778229223241_2,4018,cam2_20260508_023344.jpg,crops/cam2_20260508_023344_r1_c1.jpg,4020,cam2_20260508_023347.jpg,crops/cam2_20260508_023347_r1_c1.jpg,7877,27.6,,55,47.8,0,0,0,0,0,0.0,0.0,788.0,0.0,13.7,6.9,0.0,0.0,,2026-05-08 08:33:48
germ-germinadorap-de5832|LOT-20260506-651F-009|r1_c1|rep0,LOT-20260506-651F-009:B2:R0,germ-germinadorap-de5832,LOT-20260506-651F-009,B2,1,1,0,Betabel,,c1,sin_cambio,,,,2026-05-08 08:48:45,2026-05-06 21:07:49,35.68,2,cg_1778230123241_2,4023,cam2_20260508_024844.jpg,crops/cam2_20260508_024844_r1_c1.jpg,4025,cam2_20260508_024849.jpg,crops/cam2_20260508_024849_r1_c1.jpg,7896,27.6,,55,51.8,0,0,0,0,0,0.0,0.0,788.0,0.0,14.0,7.0,0.0,0.0,,2026-05-08 08:48:50
germ-germinadorap-de5832|LOT-20260506-651F-009|r1_c1|rep0,LOT-20260506-651F-009:B2:R0,germ-germinadorap-de5832,LOT-20260506-651F-009,B2,1,1,0,Betabel,,c1,sin_cambio,,,,2026-05-08 09:03:45,2026-05-06 21:07:49,35.93,2,cg_1778231023248_2,4027,cam2_20260508_030344.jpg,crops/cam2_20260508_030344_r1_c1.jpg,4029,cam2_20260508_030349.jpg,crops/cam2_20260508_030349_r1_c1.jpg,7908,27.6,,54,49.5,0,0,0,0,0,0.0,0.0,788.0,0.0,14.2,7.1,0.0,0.0,,2026-05-08 09:03:50
germ-germinadorap-de5832|LOT-20260506-651F-009|r1_c1|rep0,LOT-20260506-651F-009:B2:R0,germ-germinadorap-de5832,LOT-20260506-651F-009,B2,1,1,0,Betabel,,c1,sin_cambio,,,,2026-05-08 09:18:45,2026-05-06 21:07:49,36.18,2,cg_1778231923249_2,4030,cam2_20260508_031844.jpg,crops/cam2_20260508_031844_r1_c1.jpg,4032,cam2_20260508_031847.jpg,crops/cam2_20260508_031847_r1_c1.jpg,7913,27.6,,53,49.6,0,0,0,0,0,0.0,0.0,788.0,0.0,14.5,7.2,0.0,0.0,,2026-05-08 09:18:48
germ-germinadorap-de5832|LOT-20260506-651F-009|r1_c1|rep0,LOT-20260506-651F-009:B2:R0,germ-germinadorap-de5832,LOT-20260506-651F-009,B2,1,1,0,Betabel,,c1,sin_cambio,,,,2026-05-08 09:33:45,2026-05-06 21:07:49,36.43,2,cg_1778232823253_2,4035,cam2_20260508_033344.jpg,crops/cam2_20260508_033344_r1_c1.jpg,4037,cam2_20260508_033349.jpg,crops/cam2_20260508_033349_r1_c1.jpg,7932,27.6,,55,48.4,0,0,0,0,0,0.0,0.0,788.0,0.0,14.7,7.4,0.0,0.0,,2026-05-08 09:33:50
germ-germinadorap-de5832|LOT-20260506-651F-009|r1_c1|rep0,LOT-20260506-651F-009:B2:R0,germ-germinadorap-de5832,LOT-20260506-651F-009,B2,1,1,0,Betabel,,c1,sin_cambio,,,,2026-05-08 09:48:45,2026-05-06 21:07:49,36.68,2,cg_1778233723258_2,4039,cam2_20260508_034845.jpg,crops/cam2_20260508_034845_r1_c1.jpg,4041,cam2_20260508_034849.jpg,crops/cam2_20260508_034849_r1_c1.jpg,7944,27.6,,54,48.5,0,0,0,0,0,0.0,0.0,788.0,0.0,15.0,7.5,0.0,0.0,,2026-05-08 09:48:50
germ-germinadorap-de5832|LOT-20260506-651F-009|r1_c1|rep0,LOT-20260506-651F-009:B2:R0,germ-germinadorap-de5832,LOT-20260506-651F-009,B2,1,1,0,Betabel,,c1,sin_cambio,,,,2026-05-08 10:03:45,2026-05-06 21:07:49,36.93,2,cg_1778234623259_2,4042,cam2_20260508_040344.jpg,crops/cam2_20260508_040344_r1_c1.jpg,4044,cam2_20260508_040347.jpg,crops/cam2_20260508_040347_r1_c1.jpg,7949,27.5,,53,49.1,0,0,0,0,0,0.0,0.0,788.0,0.0,15.2,7.6,0.0,0.0,,2026-05-08 10:03:48
germ-germinadorap-de5832|LOT-20260506-651F-009|r1_c1|rep0,LOT-20260506-651F-009:B2:R0,germ-germinadorap-de5832,LOT-20260506-651F-009,B2,1,1,0,Betabel,,c1,sin_cambio,,,,2026-05-08 10:18:45,2026-05-06 21:07:49,37.18,2,cg_1778235523260_2,4047,cam2_20260508_041845.jpg,crops/cam2_20260508_041845_r1_c1.jpg,4049,cam2_20260508_041849.jpg,crops/cam2_20260508_041849_r1_c1.jpg,7968,27.6,,54,48.2,0,0,0,0,0,0.0,0.0,788.0,0.0,15.5,7.7,0.0,0.0,,2026-05-08 10:18:50
germ-germinadorap-de5832|LOT-20260506-651F-009|r1_c1|rep0,LOT-20260506-651F-009:B2:R0,germ-germinadorap-de5832,LOT-20260506-651F-009,B2,1,1,0,Betabel,,c1,sin_cambio,,,,2026-05-08 10:33:45,2026-05-06 21:07:49,37.43,2,cg_1778236423302_2,4051,cam2_20260508_043344.jpg,crops/cam2_20260508_043344_r1_c1.jpg,4053,cam2_20260508_043349.jpg,crops/cam2_20260508_043349_r1_c1.jpg,7980,27.5,,55,48.1,0,0,0,0,0,0.0,0.0,788.0,0.0,15.7,7.9,0.0,0.0,,2026-05-08 10:33:50
germ-germinadorap-de5832|LOT-20260506-651F-009|r1_c1|rep0,LOT-20260506-651F-009:B2:R0,germ-germinadorap-de5832,LOT-20260506-651F-009,B2,1,1,0,Betabel,,c1,sin_cambio,,,,2026-05-08 10:48:45,2026-05-06 21:07:49,37.68,2,cg_1778237323262_2,4055,cam2_20260508_044844.jpg,crops/cam2_20260508_044844_r1_c1.jpg,4057,cam2_20260508_044849.jpg,crops/cam2_20260508_044849_r1_c1.jpg,7992,27.6,,54,47.5,0,0,0,0,0,0.0,0.0,788.0,0.0,16.0,8.0,0.0,0.0,,2026-05-08 10:48:50
germ-germinadorap-de5832|LOT-20260506-651F-009|r1_c1|rep0,LOT-20260506-651F-009:B2:R0,germ-germinadorap-de5832,LOT-20260506-651F-009,B2,1,1,0,Betabel,,c1,sin_cambio,,,,2026-05-08 11:03:45,2026-05-06 21:07:49,37.93,2,cg_1778238223268_2,4059,cam2_20260508_050345.jpg,crops/cam2_20260508_050345_r1_c1.jpg,4061,cam2_20260508_050349.jpg,crops/cam2_20260508_050349_r1_c1.jpg,8004,27.5,,54,47.8,0,0,0,0,0,0.0,0.0,788.0,0.0,16.2,8.1,0.0,0.0,,2026-05-08 11:03:50
germ-germinadorap-de5832|LOT-20260506-651F-009|r1_c1|rep0,LOT-20260506-651F-009:B2:R0,germ-germinadorap-de5832,LOT-20260506-651F-009,B2,1,1,0,Betabel,,c1,sin_cambio,,,,2026-05-08 11:18:45,2026-05-06 21:07:49,38.18,2,cg_1778239123269_2,4063,cam2_20260508_051845.jpg,crops/cam2_20260508_051845_r1_c1.jpg,4065,cam2_20260508_051849.jpg,crops/cam2_20260508_051849_r1_c1.jpg,8016,27.5,,53,47.9,0,0,0,0,0,0.0,0.0,789.0,0.0,16.5,8.2,0.0,0.0,,2026-05-08 11:18:50
germ-germinadorap-de5832|LOT-20260506-651F-009|r1_c1|rep0,LOT-20260506-651F-009:B2:R0,germ-germinadorap-de5832,LOT-20260506-651F-009,B2,1,1,0,Betabel,,c1,sin_cambio,,,,2026-05-08 11:33:45,2026-05-06 21:07:49,38.43,2,cg_1778240023270_2,4067,cam2_20260508_053344.jpg,crops/cam2_20260508_053344_r1_c1.jpg,4069,cam2_20260508_053349.jpg,crops/cam2_20260508_053349_r1_c1.jpg,8028,27.5,,53,47.7,0,0,0,0,0,0.0,0.0,789.0,0.0,16.7,8.4,0.0,0.0,,2026-05-08 11:33:50
germ-germinadorap-de5832|LOT-20260506-651F-009|r1_c1|rep0,LOT-20260506-651F-009:B2:R0,germ-germinadorap-de5832,LOT-20260506-651F-009,B2,1,1,0,Betabel,,c1,sin_cambio,,,,2026-05-08 11:48:45,2026-05-06 21:07:49,38.68,2,cg_1778240923271_2,4070,cam2_20260508_054844.jpg,crops/cam2_20260508_054844_r1_c1.jpg,4072,cam2_20260508_054847.jpg,crops/cam2_20260508_054847_r1_c1.jpg,8033,27.5,,54,47.9,0,0,0,0,0,0.0,0.0,789.0,0.0,17.0,8.5,0.0,0.0,,2026-05-08 11:48:48
germ-germinadorap-de5832|LOT-20260506-651F-009|r1_c1|rep0,LOT-20260506-651F-009:B2:R0,germ-germinadorap-de5832,LOT-20260506-651F-009,B2,1,1,0,Betabel,,c1,sin_cambio,,,,2026-05-08 12:03:45,2026-05-06 21:07:49,38.93,2,cg_1778241823272_2,4074,cam2_20260508_060344.jpg,crops/cam2_20260508_060344_r1_c1.jpg,4076,cam2_20260508_060347.jpg,crops/cam2_20260508_060347_r1_c1.jpg,8045,27.5,,55,47.5,0,0,0,0,0,0.0,0.0,789.0,0.0,17.2,8.6,0.0,0.0,,2026-05-08 12:03:48
germ-germinadorap-de5832|LOT-20260506-651F-009|r1_c1|rep0,LOT-20260506-651F-009:B2:R0,germ-germinadorap-de5832,LOT-20260506-651F-009,B2,1,1,0,Betabel,,c1,sin_cambio,,,,2026-05-08 12:18:45,2026-05-06 21:07:49,39.18,2,cg_1778242723277_2,4078,cam2_20260508_061844.jpg,crops/cam2_20260508_061844_r1_c1.jpg,4080,cam2_20260508_061847.jpg,crops/cam2_20260508_061847_r1_c1.jpg,8057,27.5,,54,47.5,0,0,0,0,0,0.0,0.0,789.0,0.0,17.5,8.7,0.0,0.0,,2026-05-08 12:18:48
germ-germinadorap-de5832|LOT-20260506-651F-009|r1_c1|rep0,LOT-20260506-651F-009:B2:R0,germ-germinadorap-de5832,LOT-20260506-651F-009,B2,1,1,0,Betabel,,c1,sin_cambio,,,,2026-05-08 12:33:45,2026-05-06 21:07:49,39.43,2,cg_1778243623285_2,4083,cam2_20260508_063345.jpg,crops/cam2_20260508_063345_r1_c1.jpg,4085,cam2_20260508_063349.jpg,crops/cam2_20260508_063349_r1_c1.jpg,8076,27.5,,52,47.2,0,0,0,0,0,0.0,0.0,789.0,0.0,17.7,8.9,0.0,0.0,,2026-05-08 12:33:50
germ-germinadorap-de5832|LOT-20260506-651F-009|r1_c1|rep0,LOT-20260506-651F-009:B2:R0,germ-germinadorap-de5832,LOT-20260506-651F-009,B2,1,1,0,Betabel,,c1,sin_cambio,,,,2026-05-08 12:48:45,2026-05-06 21:07:49,39.68,2,cg_1778244523295_2,4087,cam2_20260508_064845.jpg,crops/cam2_20260508_064845_r1_c1.jpg,4089,cam2_20260508_064850.jpg,crops/cam2_20260508_064850_r1_c1.jpg,8088,27.5,,50,46.7,0,0,0,0,0,0.0,0.0,789.0,0.0,17.9,9.0,0.0,0.0,,2026-05-08 12:48:51
germ-germinadorap-de5832|LOT-20260506-651F-009|r1_c1|rep0,LOT-20260506-651F-009:B2:R0,germ-germinadorap-de5832,LOT-20260506-651F-009,B2,1,1,0,Betabel,,c1,sin_cambio,,,,2026-05-08 13:03:45,2026-05-06 21:07:49,39.93,2,cg_1778245423302_2,4090,cam2_20260508_070344.jpg,crops/cam2_20260508_070344_r1_c1.jpg,4092,cam2_20260508_070347.jpg,crops/cam2_20260508_070347_r1_c1.jpg,8093,27.3,,51,47,0,0,0,0,0,0.0,0.0,789.0,0.0,18.2,9.1,0.0,0.0,,2026-05-08 13:03:48
germ-germinadorap-de5832|LOT-20260506-651F-009|r1_c1|rep0,LOT-20260506-651F-009:B2:R0,germ-germinadorap-de5832,LOT-20260506-651F-009,B2,1,1,0,Betabel,,c1,sin_cambio,,,,2026-05-08 13:18:45,2026-05-06 21:07:49,40.18,2,cg_1778246323311_2,4094,cam2_20260508_071844.jpg,crops/cam2_20260508_071844_r1_c1.jpg,4096,cam2_20260508_071847.jpg,crops/cam2_20260508_071847_r1_c1.jpg,8105,27.2,,51,46.5,0,0,0,0,0,0.0,0.0,789.0,0.0,18.4,9.2,0.0,0.0,,2026-05-08 13:18:48
germ-germinadorap-de5832|LOT-20260506-651F-009|r1_c1|rep0,LOT-20260506-651F-009:B2:R0,germ-germinadorap-de5832,LOT-20260506-651F-009,B2,1,1,0,Betabel,,c1,sin_cambio,,,,2026-05-08 13:33:45,2026-05-06 21:07:49,40.43,2,cg_1778247223318_2,4098,cam2_20260508_073344.jpg,crops/cam2_20260508_073344_r1_c1.jpg,4100,cam2_20260508_073347.jpg,crops/cam2_20260508_073347_r1_c1.jpg,8117,27.2,,51,46.4,0,0,0,0,0,0.0,0.0,789.0,0.0,18.7,9.3,0.0,0.0,,2026-05-08 13:33:48
germ-germinadorap-de5832|LOT-20260506-651F-009|r1_c1|rep0,LOT-20260506-651F-009:B2:R0,germ-germinadorap-de5832,LOT-20260506-651F-009,B2,1,1,0,Betabel,,c1,sin_cambio,,,,2026-05-08 13:48:45,2026-05-06 21:07:49,40.68,2,cg_1778248123322_2,4103,cam2_20260508_074845.jpg,crops/cam2_20260508_074845_r1_c1.jpg,4105,cam2_20260508_074849.jpg,crops/cam2_20260508_074849_r1_c1.jpg,8136,27.2,,53,45.7,0,0,0,0,0,0.0,0.0,789.0,0.0,18.9,9.5,0.0,0.0,,2026-05-08 13:48:50
germ-germinadorap-de5832|LOT-20260506-651F-009|r1_c1|rep0,LOT-20260506-651F-009:B2:R0,germ-germinadorap-de5832,LOT-20260506-651F-009,B2,1,1,0,Betabel,,c1,sin_cambio,,,,2026-05-08 14:03:45,2026-05-06 21:07:49,40.93,2,cg_1778249023334_2,4106,cam2_20260508_080344.jpg,crops/cam2_20260508_080344_r1_c1.jpg,4108,cam2_20260508_080347.jpg,crops/cam2_20260508_080347_r1_c1.jpg,8141,27.4,,52,45.8,0,0,0,0,0,0.0,0.0,793.0,0.0,19.2,9.6,0.0,0.0,,2026-05-08 14:03:48
germ-germinadorap-de5832|LOT-20260506-651F-009|r1_c1|rep0,LOT-20260506-651F-009:B2:R0,germ-germinadorap-de5832,LOT-20260506-651F-009,B2,1,1,0,Betabel,,c1,sin_cambio,,,,2026-05-08 14:18:45,2026-05-06 21:07:49,41.18,2,cg_1778249923343_2,4110,cam2_20260508_081844.jpg,crops/cam2_20260508_081844_r1_c1.jpg,4112,cam2_20260508_081847.jpg,crops/cam2_20260508_081847_r1_c1.jpg,8153,27.7,,49,44.7,0,0,0,0,0,0.0,0.0,807.0,0.0,19.4,9.7,0.0,0.0,,2026-05-08 14:18:48
germ-germinadorap-de5832|LOT-20260506-651F-009|r1_c1|rep0,LOT-20260506-651F-009:B2:R0,germ-germinadorap-de5832,LOT-20260506-651F-009,B2,1,1,0,Betabel,,c1,sin_cambio,,,,2026-05-08 14:33:45,2026-05-06 21:07:49,41.43,2,cg_1778250823346_2,4114,cam2_20260508_083344.jpg,crops/cam2_20260508_083344_r1_c1.jpg,4116,cam2_20260508_083347.jpg,crops/cam2_20260508_083347_r1_c1.jpg,8165,28,,50,44.6,0,0,0,0,0,0.0,0.0,822.0,0.0,19.7,9.8,0.0,0.0,,2026-05-08 14:33:48
germ-germinadorap-de5832|LOT-20260506-651F-009|r1_c1|rep0,LOT-20260506-651F-009:B2:R0,germ-germinadorap-de5832,LOT-20260506-651F-009,B2,1,1,0,Betabel,,c1,sin_cambio,,,,2026-05-08 14:48:45,2026-05-06 21:07:49,41.68,2,cg_1778251723357_2,4118,cam2_20260508_084844.jpg,crops/cam2_20260508_084844_r1_c1.jpg,4120,cam2_20260508_084847.jpg,crops/cam2_20260508_084847_r1_c1.jpg,8177,28.5,,49,44.5,0,0,0,0,0,0.0,0.0,837.0,0.0,19.9,10.0,0.0,0.0,,2026-05-08 14:48:48
germ-germinadorap-de5832|LOT-20260506-651F-009|r1_c1|rep0,LOT-20260506-651F-009:B2:R0,germ-germinadorap-de5832,LOT-20260506-651F-009,B2,1,1,0,Betabel,,c1,sin_cambio,,,,2026-05-08 15:03:45,2026-05-06 21:07:49,41.93,2,cg_1778252623366_2,4122,cam2_20260508_090344.jpg,crops/cam2_20260508_090344_r1_c1.jpg,4124,cam2_20260508_090347.jpg,crops/cam2_20260508_090347_r1_c1.jpg,8189,28.8,,49,44.6,0,0,0,0,0,0.0,0.0,852.0,0.0,20.2,10.1,0.0,0.0,,2026-05-08 15:03:48
germ-germinadorap-de5832|LOT-20260506-651F-009|r1_c1|rep0,LOT-20260506-651F-009:B2:R0,germ-germinadorap-de5832,LOT-20260506-651F-009,B2,1,1,0,Betabel,,c1,sin_cambio,,,,2026-05-08 15:18:45,2026-05-06 21:07:49,42.18,2,cg_1778253523374_2,4126,cam2_20260508_091844.jpg,crops/cam2_20260508_091844_r1_c1.jpg,4128,cam2_20260508_091847.jpg,crops/cam2_20260508_091847_r1_c1.jpg,8201,28.8,,42,44.3,0,0,0,0,0,0.0,0.0,867.0,0.0,20.4,10.2,0.0,0.0,,2026-05-08 15:18:48
germ-germinadorap-de5832|LOT-20260506-651F-009|r1_c1|rep0,LOT-20260506-651F-009:B2:R0,germ-germinadorap-de5832,LOT-20260506-651F-009,B2,1,1,0,Betabel,,c1,sin_cambio,,,,2026-05-08 15:33:45,2026-05-06 21:07:49,42.43,2,cg_1778254423383_2,4130,cam2_20260508_093344.jpg,crops/cam2_20260508_093344_r1_c1.jpg,4132,cam2_20260508_093347.jpg,crops/cam2_20260508_093347_r1_c1.jpg,8213,28.7,,42,44.3,0,0,0,0,0,0.0,0.0,882.0,0.0,20.7,10.3,0.0,0.0,,2026-05-08 15:33:48
germ-germinadorap-de5832|LOT-20260506-651F-009|r1_c1|rep0,LOT-20260506-651F-009:B2:R0,germ-germinadorap-de5832,LOT-20260506-651F-009,B2,1,1,0,Betabel,,c1,sin_cambio,,,,2026-05-08 15:48:45,2026-05-06 21:07:49,42.68,2,cg_1778255323386_2,4134,cam2_20260508_094844.jpg,crops/cam2_20260508_094844_r1_c1.jpg,4136,cam2_20260508_094847.jpg,crops/cam2_20260508_094847_r1_c1.jpg,8225,28.7,,41,43.8,0,0,0,0,0,0.0,0.0,897.0,0.0,20.9,10.5,0.0,0.0,,2026-05-08 15:48:48
germ-germinadorap-de5832|LOT-20260506-651F-009|r1_c1|rep0,LOT-20260506-651F-009:B2:R0,germ-germinadorap-de5832,LOT-20260506-651F-009,B2,1,1,0,Betabel,,c1,sin_cambio,,,,2026-05-08 16:03:45,2026-05-06 21:07:49,42.93,2,cg_1778256223394_2,4138,cam2_20260508_100344.jpg,crops/cam2_20260508_100344_r1_c1.jpg,4140,cam2_20260508_100347.jpg,crops/cam2_20260508_100347_r1_c1.jpg,8237,28.8,,41,42.9,0,0,0,0,0,0.0,0.0,912.0,0.0,21.2,10.6,0.0,0.0,,2026-05-08 16:03:48
germ-germinadorap-de5832|LOT-20260506-651F-009|r1_c1|rep0,LOT-20260506-651F-009:B2:R0,germ-germinadorap-de5832,LOT-20260506-651F-009,B2,1,1,0,Betabel,,c1,sin_cambio,,,,2026-05-08 16:18:45,2026-05-06 21:07:49,43.18,2,cg_1778257123403_2,4142,cam2_20260508_101844.jpg,crops/cam2_20260508_101844_r1_c1.jpg,4144,cam2_20260508_101847.jpg,crops/cam2_20260508_101847_r1_c1.jpg,8249,28.9,,42,44.1,0,0,0,0,0,0.0,0.0,927.0,0.0,21.4,10.7,0.0,0.0,,2026-05-08 16:18:48
germ-germinadorap-de5832|LOT-20260506-651F-009|r1_c1|rep0,LOT-20260506-651F-009:B2:R0,germ-germinadorap-de5832,LOT-20260506-651F-009,B2,1,1,0,Betabel,,c1,sin_cambio,,,,2026-05-08 16:33:45,2026-05-06 21:07:49,43.43,2,cg_1778258023413_2,4146,cam2_20260508_103344.jpg,crops/cam2_20260508_103344_r1_c1.jpg,4148,cam2_20260508_103347.jpg,crops/cam2_20260508_103347_r1_c1.jpg,8261,28.7,,40,43.2,0,0,0,0,0,0.0,0.0,942.0,0.0,21.7,10.8,0.0,0.0,,2026-05-08 16:33:48
germ-germinadorap-de5832|LOT-20260506-651F-009|r1_c1|rep0,LOT-20260506-651F-009:B2:R0,germ-germinadorap-de5832,LOT-20260506-651F-009,B2,1,1,0,Betabel,,c1,sin_cambio,,,,2026-05-08 16:48:45,2026-05-06 21:07:49,43.68,2,cg_1778258923424_2,4150,cam2_20260508_104845.jpg,crops/cam2_20260508_104845_r1_c1.jpg,4152,cam2_20260508_104847.jpg,crops/cam2_20260508_104847_r1_c1.jpg,8273,28.1,,39,42.5,0,0,0,0,0,0.0,0.0,957.0,0.0,21.9,11.0,0.0,0.0,,2026-05-08 16:48:48
germ-germinadorap-de5832|LOT-20260506-651F-009|r1_c1|rep0,LOT-20260506-651F-009:B2:R0,germ-germinadorap-de5832,LOT-20260506-651F-009,B2,1,1,0,Betabel,,c1,sin_cambio,,,,2026-05-08 17:03:45,2026-05-06 21:07:49,43.93,2,cg_1778259823429_2,4154,cam2_20260508_110344.jpg,crops/cam2_20260508_110344_r1_c1.jpg,4156,cam2_20260508_110347.jpg,crops/cam2_20260508_110347_r1_c1.jpg,8285,27.8,,38,41.9,0,0,0,0,0,0.0,0.0,971.0,0.0,22.2,11.1,0.0,0.0,,2026-05-08 17:03:48
germ-germinadorap-de5832|LOT-20260506-651F-009|r1_c1|rep0,LOT-20260506-651F-009:B2:R0,germ-germinadorap-de5832,LOT-20260506-651F-009,B2,1,1,0,Betabel,,c1,sin_cambio,,,,2026-05-08 17:18:45,2026-05-06 21:07:49,44.18,2,cg_1778260723434_2,4158,cam2_20260508_111844.jpg,crops/cam2_20260508_111844_r1_c1.jpg,4160,cam2_20260508_111847.jpg,crops/cam2_20260508_111847_r1_c1.jpg,8297,27.6,,36,41.7,0,0,0,0,0,0.0,0.0,986.0,0.0,22.4,11.2,0.0,0.0,,2026-05-08 17:18:48
germ-germinadorap-de5832|LOT-20260506-651F-009|r1_c1|rep0,LOT-20260506-651F-009:B2:R0,germ-germinadorap-de5832,LOT-20260506-651F-009,B2,1,1,0,Betabel,,c1,sin_cambio,,,,2026-05-08 17:33:45,2026-05-06 21:07:49,44.43,2,cg_1778261623438_2,4162,cam2_20260508_113345.jpg,crops/cam2_20260508_113345_r1_c1.jpg,4164,cam2_20260508_113348.jpg,crops/cam2_20260508_113348_r1_c1.jpg,8309,27.4,,37,61.6,0,0,0,0,0,0.0,0.0,1001.0,0.0,22.7,11.3,0.0,0.0,,2026-05-08 17:33:49
germ-germinadorap-de5832|LOT-20260506-651F-009|r1_c1|rep0,LOT-20260506-651F-009:B2:R0,germ-germinadorap-de5832,LOT-20260506-651F-009,B2,1,1,0,Betabel,,c1,sin_cambio,,,,2026-05-08 17:48:45,2026-05-06 21:07:49,44.68,2,cg_1778262523444_2,4167,cam2_20260508_114845.jpg,crops/cam2_20260508_114845_r1_c1.jpg,4169,cam2_20260508_114850.jpg,crops/cam2_20260508_114850_r1_c1.jpg,8328,27.3,,39,52.7,0,0,0,0,0,0.0,0.0,1016.0,0.0,22.9,11.5,0.0,0.0,,2026-05-08 17:48:52
germ-germinadorap-de5832|LOT-20260506-651F-009|r1_c1|rep0,LOT-20260506-651F-009:B2:R0,germ-germinadorap-de5832,LOT-20260506-651F-009,B2,1,1,0,Betabel,,c1,sin_cambio,,,,2026-05-08 18:03:45,2026-05-06 21:07:49,44.93,2,cg_1778263423456_2,4170,cam2_20260508_120344.jpg,crops/cam2_20260508_120344_r1_c1.jpg,4172,cam2_20260508_120347.jpg,crops/cam2_20260508_120347_r1_c1.jpg,8333,27.4,,39,100,0,0,0,0,0,0.0,0.0,1031.0,0.0,23.2,11.6,0.0,0.0,,2026-05-08 18:03:48
germ-germinadorap-de5832|LOT-20260506-651F-009|r1_c1|rep0,LOT-20260506-651F-009:B2:R0,germ-germinadorap-de5832,LOT-20260506-651F-009,B2,1,1,0,Betabel,,c1,sin_cambio,,,,2026-05-08 18:18:45,2026-05-06 21:07:49,45.18,2,cg_1778264323460_2,4174,cam2_20260508_121844.jpg,crops/cam2_20260508_121844_r1_c1.jpg,4176,cam2_20260508_121847.jpg,crops/cam2_20260508_121847_r1_c1.jpg,8345,27.2,,39,100,0,0,0,0,0,0.0,0.0,1046.0,0.0,23.4,11.7,0.0,0.0,,2026-05-08 18:18:48
germ-germinadorap-de5832|LOT-20260506-651F-009|r1_c1|rep0,LOT-20260506-651F-009:B2:R0,germ-germinadorap-de5832,LOT-20260506-651F-009,B2,1,1,0,Betabel,,c1,sin_cambio,,,,2026-05-08 18:34:21,2026-05-06 21:07:49,45.44,2,cg_1778265259137_2,4178,cam2_20260508_123420.jpg,crops/cam2_20260508_123420_r1_c1.jpg,4180,cam2_20260508_123423.jpg,crops/cam2_20260508_123423_r1_c1.jpg,8357,27.3,,37,83.3,0,0,0,0,0,0.0,0.0,1061.0,0.0,23.7,11.8,0.0,0.0,,2026-05-08 18:34:24
germ-germinadorap-de5832|LOT-20260506-651F-009|r1_c1|rep0,LOT-20260506-651F-009:B2:R0,germ-germinadorap-de5832,LOT-20260506-651F-009,B2,1,1,0,Betabel,,c1,sin_cambio,,,,2026-05-08 18:49:21,2026-05-06 21:07:49,45.69,2,cg_1778266159137_2,4182,cam2_20260508_124920.jpg,crops/cam2_20260508_124920_r1_c1.jpg,4184,cam2_20260508_124923.jpg,crops/cam2_20260508_124923_r1_c1.jpg,8369,27.5,,36,100,0,0,0,0,0,0.0,0.0,1076.0,0.0,23.9,12.0,0.0,0.0,,2026-05-08 18:49:24
germ-germinadorap-de5832|LOT-20260506-651F-009|r1_c1|rep0,LOT-20260506-651F-009:B2:R0,germ-germinadorap-de5832,LOT-20260506-651F-009,B2,1,1,0,Betabel,,c1,sin_cambio,,,,2026-05-08 19:04:21,2026-05-06 21:07:49,45.94,2,cg_1778267059139_2,4186,cam2_20260508_130420.jpg,crops/cam2_20260508_130420_r1_c1.jpg,4188,cam2_20260508_130423.jpg,crops/cam2_20260508_130423_r1_c1.jpg,8381,27.4,,37,77.8,0,0,0,0,0,0.0,0.0,1091.0,0.0,24.2,12.1,0.0,0.0,,2026-05-08 19:04:24
germ-germinadorap-de5832|LOT-20260506-651F-009|r1_c1|rep0,LOT-20260506-651F-009:B2:R0,germ-germinadorap-de5832,LOT-20260506-651F-009,B2,1,1,0,Betabel,,c1,sin_cambio,,,,2026-05-08 19:19:21,2026-05-06 21:07:49,46.19,2,cg_1778267959140_2,4190,cam2_20260508_131920.jpg,crops/cam2_20260508_131920_r1_c1.jpg,4192,cam2_20260508_131923.jpg,crops/cam2_20260508_131923_r1_c1.jpg,8393,27.2,,37,100,0,0,0,0,0,0.0,0.0,1106.0,0.0,24.4,12.2,0.0,0.0,,2026-05-08 19:19:24
germ-germinadorap-de5832|LOT-20260506-651F-009|r1_c1|rep0,LOT-20260506-651F-009:B2:R0,germ-germinadorap-de5832,LOT-20260506-651F-009,B2,1,1,0,Betabel,,c1,sin_cambio,,,,2026-05-08 19:34:21,2026-05-06 21:07:49,46.44,2,cg_1778268859143_2,4194,cam2_20260508_133420.jpg,crops/cam2_20260508_133420_r1_c1.jpg,4196,cam2_20260508_133423.jpg,crops/cam2_20260508_133423_r1_c1.jpg,8405,27.2,,37,72.3,0,0,0,0,0,0.0,0.0,1121.0,0.0,24.7,12.3,0.0,0.0,,2026-05-08 19:34:24
germ-germinadorap-de5832|LOT-20260506-651F-009|r1_c1|rep0,LOT-20260506-651F-009:B2:R0,germ-germinadorap-de5832,LOT-20260506-651F-009,B2,1,1,0,Betabel,,c1,sin_cambio,,,,2026-05-08 19:49:21,2026-05-06 21:07:49,46.69,2,cg_1778269759143_2,4198,cam2_20260508_134920.jpg,crops/cam2_20260508_134920_r1_c1.jpg,4200,cam2_20260508_134923.jpg,crops/cam2_20260508_134923_r1_c1.jpg,8417,27.2,,37,100,0,0,0,0,0,0.0,0.0,1136.0,0.0,24.9,12.5,0.0,0.0,,2026-05-08 19:49:24
germ-germinadorap-de5832|LOT-20260506-651F-009|r1_c1|rep0,LOT-20260506-651F-009:B2:R0,germ-germinadorap-de5832,LOT-20260506-651F-009,B2,1,1,0,Betabel,,c1,sin_cambio,,,,2026-05-08 20:04:21,2026-05-06 21:07:49,46.94,2,cg_1778270659143_2,4202,cam2_20260508_140420.jpg,crops/cam2_20260508_140420_r1_c1.jpg,4204,cam2_20260508_140423.jpg,crops/cam2_20260508_140423_r1_c1.jpg,8429,27.3,,37,100,0,0,0,0,0,0.0,0.0,1151.0,0.0,25.1,12.6,0.0,0.0,,2026-05-08 20:04:24
germ-germinadorap-de5832|LOT-20260506-651F-009|r1_c1|rep0,LOT-20260506-651F-009:B2:R0,germ-germinadorap-de5832,LOT-20260506-651F-009,B2,1,1,0,Betabel,,c1,sin_cambio,,,,2026-05-08 20:19:21,2026-05-06 21:07:49,47.19,2,cg_1778271559146_2,4206,cam2_20260508_141920.jpg,crops/cam2_20260508_141920_r1_c1.jpg,4208,cam2_20260508_141923.jpg,crops/cam2_20260508_141923_r1_c1.jpg,8441,27.2,,38,100,0,0,0,0,0,0.0,0.0,1166.0,0.0,25.1,12.6,0.0,0.0,,2026-05-08 20:19:24
germ-germinadorap-de5832|LOT-20260506-651F-009|r1_c1|rep0,LOT-20260506-651F-009:B2:R0,germ-germinadorap-de5832,LOT-20260506-651F-009,B2,1,1,0,Betabel,,c1,sin_cambio,,,,2026-05-08 20:34:21,2026-05-06 21:07:49,47.44,2,cg_1778272459148_2,4210,cam2_20260508_143420.jpg,crops/cam2_20260508_143420_r1_c1.jpg,4212,cam2_20260508_143423.jpg,crops/cam2_20260508_143423_r1_c1.jpg,8453,27.2,,39,100,0,0,0,0,0,0.0,0.0,1181.0,0.0,25.1,12.6,0.0,0.0,,2026-05-08 20:34:24
germ-germinadorap-de5832|LOT-20260506-651F-009|r1_c1|rep0,LOT-20260506-651F-009:B2:R0,germ-germinadorap-de5832,LOT-20260506-651F-009,B2,1,1,0,Betabel,,c1,sin_cambio,,,,2026-05-08 20:49:21,2026-05-06 21:07:49,47.69,2,cg_1778273359155_2,4214,cam2_20260508_144920.jpg,crops/cam2_20260508_144920_r1_c1.jpg,4216,cam2_20260508_144923.jpg,crops/cam2_20260508_144923_r1_c1.jpg,8465,27.2,,37,100,0,0,0,0,0,0.0,0.0,1196.0,0.0,25.1,12.6,0.0,0.0,,2026-05-08 20:49:24
germ-germinadorap-de5832|LOT-20260506-651F-009|r1_c1|rep0,LOT-20260506-651F-009:B2:R0,germ-germinadorap-de5832,LOT-20260506-651F-009,B2,1,1,0,Betabel,,c1,sin_cambio,,,,2026-05-08 21:04:21,2026-05-06 21:07:49,47.94,2,cg_1778274259161_2,4218,cam2_20260508_150420.jpg,crops/cam2_20260508_150420_r1_c1.jpg,4220,cam2_20260508_150423.jpg,crops/cam2_20260508_150423_r1_c1.jpg,8477,27.3,,39,100,0,0,0,0,0,0.0,0.0,1211.0,0.0,25.1,12.6,0.0,0.0,,2026-05-08 21:04:24
germ-germinadorap-de5832|LOT-20260506-651F-009|r1_c1|rep0,LOT-20260506-651F-009:B2:R0,germ-germinadorap-de5832,LOT-20260506-651F-009,B2,1,1,0,Betabel,,c1,sin_cambio,,,,2026-05-08 21:19:21,2026-05-06 21:07:49,48.19,3,cg_1778275159169_2,4223,cam2_20260508_151920.jpg,crops/cam2_20260508_151920_r1_c1.jpg,4225,cam2_20260508_151925.jpg,crops/cam2_20260508_151925_r1_c1.jpg,8496,27.2,,38,94.4,0,0,0,0,0,0.0,0.0,1226.0,0.0,25.1,8.4,0.0,0.0,,2026-05-08 21:19:26
germ-germinadorap-de5832|LOT-20260506-651F-009|r1_c1|rep0,LOT-20260506-651F-009:B2:R0,germ-germinadorap-de5832,LOT-20260506-651F-009,B2,1,1,0,Betabel,,c1,sin_cambio,,,,2026-05-08 21:34:21,2026-05-06 21:07:49,48.44,3,cg_1778276059175_2,4226,cam2_20260508_153420.jpg,crops/cam2_20260508_153420_r1_c1.jpg,4228,cam2_20260508_153423.jpg,crops/cam2_20260508_153423_r1_c1.jpg,8501,27.1,,40,100,0,0,0,0,0,0.0,0.0,1241.0,0.0,25.1,8.4,0.0,0.0,,2026-05-08 21:34:24
germ-germinadorap-de5832|LOT-20260506-651F-009|r1_c1|rep0,LOT-20260506-651F-009:B2:R0,germ-germinadorap-de5832,LOT-20260506-651F-009,B2,1,1,0,Betabel,,c1,sin_cambio,,,,2026-05-08 21:49:21,2026-05-06 21:07:49,48.69,3,cg_1778276959189_2,4230,cam2_20260508_154920.jpg,crops/cam2_20260508_154920_r1_c1.jpg,4232,cam2_20260508_154923.jpg,crops/cam2_20260508_154923_r1_c1.jpg,8513,27.2,,41,100,0,0,0,0,0,0.0,0.0,1255.0,0.0,25.1,8.4,0.0,0.0,,2026-05-08 21:49:24
germ-germinadorap-de5832|LOT-20260506-651F-009|r1_c1|rep0,LOT-20260506-651F-009:B2:R0,germ-germinadorap-de5832,LOT-20260506-651F-009,B2,1,1,0,Betabel,,c1,sin_cambio,,,,2026-05-08 22:04:21,2026-05-06 21:07:49,48.94,3,cg_1778277859193_2,4234,cam2_20260508_160420.jpg,crops/cam2_20260508_160420_r1_c1.jpg,4236,cam2_20260508_160423.jpg,crops/cam2_20260508_160423_r1_c1.jpg,8525,27.1,,39,100,0,0,0,0,0,0.0,0.0,1270.0,0.0,25.1,8.4,0.0,0.0,,2026-05-08 22:04:24
germ-germinadorap-de5832|LOT-20260506-651F-009|r1_c1|rep0,LOT-20260506-651F-009:B2:R0,germ-germinadorap-de5832,LOT-20260506-651F-009,B2,1,1,0,Betabel,,c1,sin_cambio,,,,2026-05-08 22:19:21,2026-05-06 21:07:49,49.19,3,cg_1778278759204_2,4238,cam2_20260508_161920.jpg,crops/cam2_20260508_161920_r1_c1.jpg,4240,cam2_20260508_161923.jpg,crops/cam2_20260508_161923_r1_c1.jpg,8537,27.2,,38,95.4,0,0,0,0,0,0.0,0.0,1285.0,0.0,25.1,8.4,0.0,0.0,,2026-05-08 22:19:24
germ-germinadorap-de5832|LOT-20260506-651F-009|r1_c1|rep0,LOT-20260506-651F-009:B2:R0,germ-germinadorap-de5832,LOT-20260506-651F-009,B2,1,1,0,Betabel,,c1,sin_cambio,,,,2026-05-08 22:34:21,2026-05-06 21:07:49,49.44,3,cg_1778279659206_2,4242,cam2_20260508_163420.jpg,crops/cam2_20260508_163420_r1_c1.jpg,4244,cam2_20260508_163423.jpg,crops/cam2_20260508_163423_r1_c1.jpg,8549,27.7,,40,100,0,0,0,0,0,0.0,0.0,1300.0,0.0,25.1,8.4,0.0,0.0,,2026-05-08 22:34:24
germ-germinadorap-de5832|LOT-20260506-651F-009|r1_c1|rep0,LOT-20260506-651F-009:B2:R0,germ-germinadorap-de5832,LOT-20260506-651F-009,B2,1,1,0,Betabel,,c1,sin_cambio,,,,2026-05-08 22:49:21,2026-05-06 21:07:49,49.69,3,cg_1778280559212_2,4246,cam2_20260508_164920.jpg,crops/cam2_20260508_164920_r1_c1.jpg,4248,cam2_20260508_164923.jpg,crops/cam2_20260508_164923_r1_c1.jpg,8561,28.1,,40,100,0,0,0,0,0,0.0,0.0,1315.0,0.0,25.1,8.4,0.0,0.0,,2026-05-08 22:49:24
germ-germinadorap-de5832|LOT-20260506-651F-009|r1_c1|rep0,LOT-20260506-651F-009:B2:R0,germ-germinadorap-de5832,LOT-20260506-651F-009,B2,1,1,0,Betabel,,c1,sin_cambio,,,,2026-05-08 23:04:21,2026-05-06 21:07:49,49.94,3,cg_1778281459217_2,4250,cam2_20260508_170420.jpg,crops/cam2_20260508_170420_r1_c1.jpg,4252,cam2_20260508_170423.jpg,crops/cam2_20260508_170423_r1_c1.jpg,8573,28.4,,41,100,0,0,0,0,0,0.0,0.0,1330.0,0.0,25.1,8.4,0.0,0.0,,2026-05-08 23:04:24
germ-germinadorap-de5832|LOT-20260506-651F-009|r1_c1|rep0,LOT-20260506-651F-009:B2:R0,germ-germinadorap-de5832,LOT-20260506-651F-009,B2,1,1,0,Betabel,,c1,sin_cambio,,,,2026-05-08 23:19:21,2026-05-06 21:07:49,50.19,3,cg_1778282359225_2,4254,cam2_20260508_171920.jpg,crops/cam2_20260508_171920_r1_c1.jpg,4256,cam2_20260508_171923.jpg,crops/cam2_20260508_171923_r1_c1.jpg,8585,28.5,,39,100,0,0,0,0,0,0.0,0.0,1345.0,0.0,25.1,8.4,0.0,0.0,,2026-05-08 23:19:24
germ-germinadorap-de5832|LOT-20260506-651F-009|r1_c1|rep0,LOT-20260506-651F-009:B2:R0,germ-germinadorap-de5832,LOT-20260506-651F-009,B2,1,1,0,Betabel,,c1,sin_cambio,,,,2026-05-08 23:34:21,2026-05-06 21:07:49,50.44,3,cg_1778283259230_2,4258,cam2_20260508_173420.jpg,crops/cam2_20260508_173420_r1_c1.jpg,4260,cam2_20260508_173423.jpg,crops/cam2_20260508_173423_r1_c1.jpg,8597,28.7,,39,100,0,0,0,0,0,0.0,0.0,1360.0,0.0,25.1,8.4,0.0,0.0,,2026-05-08 23:34:24
germ-germinadorap-de5832|LOT-20260506-651F-009|r1_c1|rep0,LOT-20260506-651F-009:B2:R0,germ-germinadorap-de5832,LOT-20260506-651F-009,B2,1,1,0,Betabel,,c1,sin_cambio,,,,2026-05-08 23:49:21,2026-05-06 21:07:49,50.69,3,cg_1778284159245_2,4262,cam2_20260508_174920.jpg,crops/cam2_20260508_174920_r1_c1.jpg,4264,cam2_20260508_174923.jpg,crops/cam2_20260508_174923_r1_c1.jpg,8609,28.7,,39,100,0,0,0,0,0,0.0,0.0,1375.0,0.0,25.1,8.4,0.0,0.0,,2026-05-08 23:49:24
germ-germinadorap-de5832|LOT-20260506-651F-009|r1_c1|rep0,LOT-20260506-651F-009:B2:R0,germ-germinadorap-de5832,LOT-20260506-651F-009,B2,1,1,0,Betabel,,c1,sin_cambio,,,,2026-05-09 00:04:21,2026-05-06 21:07:49,50.94,3,cg_1778285059250_2,4266,cam2_20260508_180420.jpg,crops/cam2_20260508_180420_r1_c1.jpg,4268,cam2_20260508_180423.jpg,crops/cam2_20260508_180423_r1_c1.jpg,8621,28.7,,41,100,0,0,0,1,0,15.0,0.0,1390.0,0.0,25.1,8.4,0.0,0.0,,2026-05-09 00:04:24
germ-germinadorap-de5832|LOT-20260506-651F-009|r1_c1|rep0,LOT-20260506-651F-009:B2:R0,germ-germinadorap-de5832,LOT-20260506-651F-009,B2,1,1,0,Betabel,,c1,sin_cambio,,,,2026-05-09 00:19:21,2026-05-06 21:07:49,51.19,3,cg_1778285959263_2,4270,cam2_20260508_181920.jpg,crops/cam2_20260508_181920_r1_c1.jpg,4272,cam2_20260508_181923.jpg,crops/cam2_20260508_181923_r1_c1.jpg,8633,28.6,,40,100,0,0,0,0,0,0.0,0.0,1405.0,0.0,25.1,8.4,0.0,0.0,,2026-05-09 00:19:24
germ-germinadorap-de5832|LOT-20260506-651F-009|r1_c1|rep0,LOT-20260506-651F-009:B2:R0,germ-germinadorap-de5832,LOT-20260506-651F-009,B2,1,1,0,Betabel,,c1,sin_cambio,,,,2026-05-09 00:34:21,2026-05-06 21:07:49,51.44,3,cg_1778286859268_2,4274,cam2_20260508_183420.jpg,crops/cam2_20260508_183420_r1_c1.jpg,4276,cam2_20260508_183423.jpg,crops/cam2_20260508_183423_r1_c1.jpg,8645,28,,40,98.1,0,0,0,0,0,0.0,0.0,1420.0,0.0,25.1,8.4,0.0,0.0,,2026-05-09 00:34:24
germ-germinadorap-de5832|LOT-20260506-651F-009|r1_c1|rep0,LOT-20260506-651F-009:B2:R0,germ-germinadorap-de5832,LOT-20260506-651F-009,B2,1,1,0,Betabel,,c1,sin_cambio,,,,2026-05-09 00:49:21,2026-05-06 21:07:49,51.69,3,cg_1778287759273_2,4278,cam2_20260508_184920.jpg,crops/cam2_20260508_184920_r1_c1.jpg,4280,cam2_20260508_184923.jpg,crops/cam2_20260508_184923_r1_c1.jpg,8657,27.5,,38,93.5,0,0,0,0,0,0.0,0.0,1435.0,0.0,25.1,8.4,0.0,0.0,,2026-05-09 00:49:24
germ-germinadorap-de5832|LOT-20260506-651F-009|r1_c1|rep0,LOT-20260506-651F-009:B2:R0,germ-germinadorap-de5832,LOT-20260506-651F-009,B2,1,1,0,Betabel,,c1,sin_cambio,,,,2026-05-09 01:04:21,2026-05-06 21:07:49,51.94,3,cg_1778288659277_2,4282,cam2_20260508_190420.jpg,crops/cam2_20260508_190420_r1_c1.jpg,4284,cam2_20260508_190423.jpg,crops/cam2_20260508_190423_r1_c1.jpg,8669,27.7,,42,97.2,0,0,0,0,0,0.0,0.0,1449.0,0.0,25.1,8.4,0.0,0.0,,2026-05-09 01:04:24
germ-germinadorap-de5832|LOT-20260506-651F-009|r1_c1|rep0,LOT-20260506-651F-009:B2:R0,germ-germinadorap-de5832,LOT-20260506-651F-009,B2,1,1,0,Betabel,,c1,sin_cambio,,,,2026-05-09 01:19:21,2026-05-06 21:07:49,52.19,3,cg_1778289559280_2,4286,cam2_20260508_191920.jpg,crops/cam2_20260508_191920_r1_c1.jpg,4288,cam2_20260508_191923.jpg,crops/cam2_20260508_191923_r1_c1.jpg,8681,28.2,,42,100,0,0,0,0,0,0.0,0.0,1464.0,0.0,25.1,8.4,0.0,0.0,,2026-05-09 01:19:24
germ-germinadorap-de5832|LOT-20260506-651F-009|r1_c1|rep0,LOT-20260506-651F-009:B2:R0,germ-germinadorap-de5832,LOT-20260506-651F-009,B2,1,1,0,Betabel,,c1,sin_cambio,,,,2026-05-09 01:34:21,2026-05-06 21:07:49,52.44,3,cg_1778290459286_2,4290,cam2_20260508_193420.jpg,crops/cam2_20260508_193420_r1_c1.jpg,4292,cam2_20260508_193423.jpg,crops/cam2_20260508_193423_r1_c1.jpg,8693,28.4,,41,98.1,0,0,0,0,0,0.0,0.0,1479.0,0.0,25.1,8.4,0.0,0.0,,2026-05-09 01:34:24
germ-germinadorap-de5832|LOT-20260506-651F-009|r1_c1|rep0,LOT-20260506-651F-009:B2:R0,germ-germinadorap-de5832,LOT-20260506-651F-009,B2,1,1,0,Betabel,,c1,sin_cambio,,,,2026-05-09 01:49:21,2026-05-06 21:07:49,52.69,3,cg_1778291359296_2,4294,cam2_20260508_194920.jpg,crops/cam2_20260508_194920_r1_c1.jpg,4296,cam2_20260508_194923.jpg,crops/cam2_20260508_194923_r1_c1.jpg,8705,28.5,,43,93.5,0,0,0,0,0,0.0,0.0,1494.0,0.0,25.2,8.4,0.0,0.0,,2026-05-09 01:49:24
germ-germinadorap-de5832|LOT-20260506-651F-009|r1_c1|rep0,LOT-20260506-651F-009:B2:R0,germ-germinadorap-de5832,LOT-20260506-651F-009,B2,1,1,0,Betabel,,c1,sin_cambio,,,,2026-05-09 02:04:21,2026-05-06 21:07:49,52.94,3,cg_1778292259307_2,4298,cam2_20260508_200420.jpg,crops/cam2_20260508_200420_r1_c1.jpg,4300,cam2_20260508_200423.jpg,crops/cam2_20260508_200423_r1_c1.jpg,8717,28.5,,41,95.4,0,0,0,0,0,0.0,0.0,1505.0,0.0,25.2,8.4,0.0,0.0,,2026-05-09 02:04:24
germ-germinadorap-de5832|LOT-20260506-651F-009|r1_c1|rep0,LOT-20260506-651F-009:B2:R0,germ-germinadorap-de5832,LOT-20260506-651F-009,B2,1,1,0,Betabel,,c1,sin_cambio,,,,2026-05-09 02:19:21,2026-05-06 21:07:49,53.19,3,cg_1778293159312_2,4302,cam2_20260508_201920.jpg,crops/cam2_20260508_201920_r1_c1.jpg,4304,cam2_20260508_201923.jpg,crops/cam2_20260508_201923_r1_c1.jpg,8729,28.1,,41,91.7,0,0,0,0,0,0.0,0.0,1505.0,0.0,25.2,8.4,0.0,0.0,,2026-05-09 02:19:24
germ-germinadorap-de5832|LOT-20260506-651F-009|r1_c1|rep0,LOT-20260506-651F-009:B2:R0,germ-germinadorap-de5832,LOT-20260506-651F-009,B2,1,1,0,Betabel,,c1,sin_cambio,,,,2026-05-09 02:34:21,2026-05-06 21:07:49,53.44,3,cg_1778294059325_2,4306,cam2_20260508_203420.jpg,crops/cam2_20260508_203420_r1_c1.jpg,4308,cam2_20260508_203423.jpg,crops/cam2_20260508_203423_r1_c1.jpg,8741,28,,43,90.7,0,0,0,0,0,0.0,0.0,1505.0,0.0,25.2,8.4,0.0,0.0,,2026-05-09 02:34:24
germ-germinadorap-de5832|LOT-20260506-651F-009|r1_c1|rep0,LOT-20260506-651F-009:B2:R0,germ-germinadorap-de5832,LOT-20260506-651F-009,B2,1,1,0,Betabel,,c1,sin_cambio,,,,2026-05-09 02:49:21,2026-05-06 21:07:49,53.69,3,cg_1778294959331_2,4311,cam2_20260508_204921.jpg,crops/cam2_20260508_204921_r1_c1.jpg,4313,cam2_20260508_204925.jpg,crops/cam2_20260508_204925_r1_c1.jpg,8760,27.8,,42,74.1,0,0,0,0,0,0.0,0.0,1505.0,0.0,25.2,8.4,0.0,0.0,,2026-05-09 02:49:26
germ-germinadorap-de5832|LOT-20260506-651F-009|r1_c1|rep0,LOT-20260506-651F-009:B2:R0,germ-germinadorap-de5832,LOT-20260506-651F-009,B2,1,1,0,Betabel,,c1,sin_cambio,,,,2026-05-09 03:04:21,2026-05-06 21:07:49,53.94,3,cg_1778295859340_2,4315,cam2_20260508_210420.jpg,crops/cam2_20260508_210420_r1_c1.jpg,4317,cam2_20260508_210425.jpg,crops/cam2_20260508_210425_r1_c1.jpg,8772,27.8,,45,69.6,0,0,0,0,0,0.0,0.0,1505.0,0.0,25.2,8.4,0.0,0.0,,2026-05-09 03:04:26
germ-germinadorap-de5832|LOT-20260506-651F-009|r1_c1|rep0,LOT-20260506-651F-009:B2:R0,germ-germinadorap-de5832,LOT-20260506-651F-009,B2,1,1,0,Betabel,,c1,sin_cambio,,,,2026-05-09 03:19:21,2026-05-06 21:07:49,54.19,3,cg_1778296759345_2,4319,cam2_20260508_211920.jpg,crops/cam2_20260508_211920_r1_c1.jpg,4321,cam2_20260508_211925.jpg,crops/cam2_20260508_211925_r1_c1.jpg,8784,27.8,,43,74.1,0,0,0,0,0,0.0,0.0,1505.0,0.0,25.2,8.4,0.0,0.0,,2026-05-09 03:19:26
germ-germinadorap-de5832|LOT-20260506-651F-009|r1_c1|rep0,LOT-20260506-651F-009:B2:R0,germ-germinadorap-de5832,LOT-20260506-651F-009,B2,1,1,0,Betabel,,c1,sin_cambio,,,,2026-05-09 03:34:21,2026-05-06 21:07:49,54.44,3,cg_1778297659349_2,4322,cam2_20260508_213421.jpg,crops/cam2_20260508_213421_r1_c1.jpg,4324,cam2_20260508_213424.jpg,crops/cam2_20260508_213424_r1_c1.jpg,8789,27.7,,43,49.5,0,0,0,0,0,0.0,0.0,1505.0,0.0,25.2,8.4,0.0,0.0,,2026-05-09 03:34:24
germ-germinadorap-de5832|LOT-20260506-651F-009|r1_c1|rep0,LOT-20260506-651F-009:B2:R0,germ-germinadorap-de5832,LOT-20260506-651F-009,B2,1,1,0,Betabel,,c1,sin_cambio,,,,2026-05-09 03:49:21,2026-05-06 21:07:49,54.69,3,cg_1778298559352_2,4327,cam2_20260508_214920.jpg,crops/cam2_20260508_214920_r1_c1.jpg,4329,cam2_20260508_214925.jpg,crops/cam2_20260508_214925_r1_c1.jpg,8808,27.7,,43,68.8,0,0,0,0,0,0.0,0.0,1505.0,0.0,25.2,8.4,0.0,0.0,,2026-05-09 03:49:26
germ-germinadorap-de5832|LOT-20260506-651F-009|r1_c1|rep0,LOT-20260506-651F-009:B2:R0,germ-germinadorap-de5832,LOT-20260506-651F-009,B2,1,1,0,Betabel,,c1,sin_cambio,,,,2026-05-09 04:04:21,2026-05-06 21:07:49,54.94,3,cg_1778299459360_2,4330,cam2_20260508_220420.jpg,crops/cam2_20260508_220420_r1_c1.jpg,4332,cam2_20260508_220423.jpg,crops/cam2_20260508_220423_r1_c1.jpg,8813,27.8,,43,77.8,0,0,0,0,0,0.0,0.0,1506.0,0.0,25.2,8.4,0.0,0.0,,2026-05-09 04:04:24
germ-germinadorap-de5832|LOT-20260506-651F-009|r1_c1|rep0,LOT-20260506-651F-009:B2:R0,germ-germinadorap-de5832,LOT-20260506-651F-009,B2,1,1,0,Betabel,,c1,sin_cambio,,,,2026-05-09 04:19:21,2026-05-06 21:07:49,55.19,3,cg_1778300359365_2,4334,cam2_20260508_221920.jpg,crops/cam2_20260508_221920_r1_c1.jpg,4336,cam2_20260508_221923.jpg,crops/cam2_20260508_221923_r1_c1.jpg,8825,27.9,,48,78.7,0,0,0,0,0,0.0,0.0,1506.0,0.0,25.2,8.4,0.0,0.0,,2026-05-09 04:19:24
germ-germinadorap-de5832|LOT-20260506-651F-009|r1_c1|rep0,LOT-20260506-651F-009:B2:R0,germ-germinadorap-de5832,LOT-20260506-651F-009,B2,1,1,0,Betabel,,c1,sin_cambio,,,,2026-05-09 04:34:21,2026-05-06 21:07:49,55.44,3,cg_1778301259375_2,4339,cam2_20260508_223421.jpg,crops/cam2_20260508_223421_r1_c1.jpg,4341,cam2_20260508_223425.jpg,crops/cam2_20260508_223425_r1_c1.jpg,8844,27.9,,55,66.1,0,0,0,0,0,0.0,0.0,1506.0,0.0,25.2,8.4,0.0,0.0,,2026-05-09 04:34:26
germ-germinadorap-de5832|LOT-20260506-651F-009|r1_c1|rep0,LOT-20260506-651F-009:B2:R0,germ-germinadorap-de5832,LOT-20260506-651F-009,B2,1,1,0,Betabel,,c1,sin_cambio,,,,2026-05-09 04:49:21,2026-05-06 21:07:49,55.69,3,cg_1778302159381_2,4343,cam2_20260508_224921.jpg,crops/cam2_20260508_224921_r1_c1.jpg,4345,cam2_20260508_224925.jpg,crops/cam2_20260508_224925_r1_c1.jpg,8856,27.8,,52,61.6,0,0,0,0,0,0.0,0.0,1506.0,0.0,25.2,8.4,0.0,0.0,,2026-05-09 04:49:26
germ-germinadorap-de5832|LOT-20260506-651F-009|r1_c1|rep0,LOT-20260506-651F-009:B2:R0,germ-germinadorap-de5832,LOT-20260506-651F-009,B2,1,1,0,Betabel,,c1,sin_cambio,,,,2026-05-09 05:04:21,2026-05-06 21:07:49,55.94,3,cg_1778303059428_2,4347,cam2_20260508_230420.jpg,crops/cam2_20260508_230420_r1_c1.jpg,4349,cam2_20260508_230425.jpg,crops/cam2_20260508_230425_r1_c1.jpg,8868,27.8,,48,67,0,0,0,0,0,0.0,0.0,1506.0,0.0,25.2,8.4,0.0,0.0,,2026-05-09 05:04:26
germ-germinadorap-de5832|LOT-20260506-651F-009|r1_c1|rep0,LOT-20260506-651F-009:B2:R0,germ-germinadorap-de5832,LOT-20260506-651F-009,B2,1,1,0,Betabel,,c1,sin_cambio,,,,2026-05-09 05:19:21,2026-05-06 21:07:49,56.19,3,cg_1778303959400_2,4351,cam2_20260508_231921.jpg,crops/cam2_20260508_231921_r1_c1.jpg,4353,cam2_20260508_231925.jpg,crops/cam2_20260508_231925_r1_c1.jpg,8880,27.8,,54,66.1,0,0,0,0,0,0.0,0.0,1506.0,0.0,25.2,8.4,0.0,0.0,,2026-05-09 05:19:26
germ-germinadorap-de5832|LOT-20260506-651F-009|r1_c1|rep0,LOT-20260506-651F-009:B2:R0,germ-germinadorap-de5832,LOT-20260506-651F-009,B2,1,1,0,Betabel,,c1,sin_cambio,,,,2026-05-09 05:34:21,2026-05-06 21:07:49,56.44,3,cg_1778304859409_2,4354,cam2_20260508_233420.jpg,crops/cam2_20260508_233420_r1_c1.jpg,4356,cam2_20260508_233423.jpg,crops/cam2_20260508_233423_r1_c1.jpg,8885,27.7,,46,72.3,0,0,0,0,0,0.0,0.0,1506.0,0.0,25.2,8.4,0.0,0.0,,2026-05-09 05:34:24
germ-germinadorap-de5832|LOT-20260506-651F-009|r1_c1|rep0,LOT-20260506-651F-009:B2:R0,germ-germinadorap-de5832,LOT-20260506-651F-009,B2,1,1,0,Betabel,,c1,sin_cambio,,,,2026-05-09 05:49:21,2026-05-06 21:07:49,56.69,3,cg_1778305759410_2,4359,cam2_20260508_234921.jpg,crops/cam2_20260508_234921_r1_c1.jpg,4361,cam2_20260508_234925.jpg,crops/cam2_20260508_234925_r1_c1.jpg,8904,26.9,,43,49.7,0,0,0,0,0,0.0,0.0,1507.0,0.0,25.2,8.4,0.0,0.0,,2026-05-09 05:49:26
germ-germinadorap-de5832|LOT-20260506-651F-009|r1_c1|rep0,LOT-20260506-651F-009:B2:R0,germ-germinadorap-de5832,LOT-20260506-651F-009,B2,1,1,0,Betabel,,c1,sin_cambio,,,,2026-05-09 06:04:21,2026-05-06 21:07:49,56.94,3,cg_1778306659412_2,4362,cam2_20260509_000421.jpg,crops/cam2_20260509_000421_r1_c1.jpg,4364,cam2_20260509_000423.jpg,crops/cam2_20260509_000423_r1_c1.jpg,8909,26.7,,43,49.5,0,0,0,0,0,0.0,0.0,1507.0,0.0,25.2,8.4,0.0,0.0,,2026-05-09 06:04:24
germ-germinadorap-de5832|LOT-20260506-651F-009|r1_c1|rep0,LOT-20260506-651F-009:B2:R0,germ-germinadorap-de5832,LOT-20260506-651F-009,B2,1,1,0,Betabel,,c1,sin_cambio,,,,2026-05-09 06:19:21,2026-05-06 21:07:49,57.19,3,cg_1778307559426_2,4366,cam2_20260509_001920.jpg,crops/cam2_20260509_001920_r1_c1.jpg,4368,cam2_20260509_001923.jpg,crops/cam2_20260509_001923_r1_c1.jpg,8921,26.6,,43,49.6,0,0,0,0,0,0.0,0.0,1507.0,0.0,25.2,8.4,0.0,0.0,,2026-05-09 06:19:24
germ-germinadorap-de5832|LOT-20260506-651F-009|r1_c1|rep0,LOT-20260506-651F-009:B2:R0,germ-germinadorap-de5832,LOT-20260506-651F-009,B2,1,1,0,Betabel,,c1,sin_cambio,,,,2026-05-09 06:34:21,2026-05-06 21:07:49,57.44,3,cg_1778308459433_2,4370,cam2_20260509_003420.jpg,crops/cam2_20260509_003420_r1_c1.jpg,4372,cam2_20260509_003423.jpg,crops/cam2_20260509_003423_r1_c1.jpg,8933,26.5,,44,48.9,0,0,0,0,0,0.0,0.0,1507.0,0.0,25.2,8.4,0.0,0.0,,2026-05-09 06:34:24
germ-germinadorap-de5832|LOT-20260506-651F-009|r1_c1|rep0,LOT-20260506-651F-009:B2:R0,germ-germinadorap-de5832,LOT-20260506-651F-009,B2,1,1,0,Betabel,,c1,sin_cambio,,,,2026-05-09 06:49:21,2026-05-06 21:07:49,57.69,3,cg_1778309359442_2,4375,cam2_20260509_004921.jpg,crops/cam2_20260509_004921_r1_c1.jpg,4377,cam2_20260509_004925.jpg,crops/cam2_20260509_004925_r1_c1.jpg,8952,26.1,,47,48.4,0,0,0,0,0,0.0,0.0,1507.0,0.0,25.2,8.4,0.0,0.0,,2026-05-09 06:49:26
germ-germinadorap-de5832|LOT-20260506-651F-009|r1_c1|rep0,LOT-20260506-651F-009:B2:R0,germ-germinadorap-de5832,LOT-20260506-651F-009,B2,1,1,0,Betabel,,c1,sin_cambio,,,,2026-05-09 07:04:37,2026-05-06 21:07:49,57.95,3,cg_1778310275254_2,4379,cam2_20260509_010436.jpg,crops/cam2_20260509_010436_r1_c1.jpg,4381,cam2_20260509_010441.jpg,crops/cam2_20260509_010441_r1_c1.jpg,8964,26.8,,47,46.4,0,0,0,0,0,0.0,0.0,1507.0,0.0,25.2,8.4,0.0,0.0,,2026-05-09 07:04:42
germ-germinadorap-de5832|LOT-20260506-651F-009|r1_c1|rep0,LOT-20260506-651F-009:B2:R0,germ-germinadorap-de5832,LOT-20260506-651F-009,B2,1,1,0,Betabel,,c1,sin_cambio,,,,2026-05-09 07:19:37,2026-05-06 21:07:49,58.20,3,cg_1778311175541_2,4383,cam2_20260509_011937.jpg,crops/cam2_20260509_011937_r1_c1.jpg,4385,cam2_20260509_011941.jpg,crops/cam2_20260509_011941_r1_c1.jpg,8976,27.3,,52,48.8,0,0,0,0,0,0.0,0.0,1507.0,0.0,25.2,8.4,0.0,0.0,,2026-05-09 07:19:42
germ-germinadorap-de5832|LOT-20260506-651F-009|r1_c1|rep0,LOT-20260506-651F-009:B2:R0,germ-germinadorap-de5832,LOT-20260506-651F-009,B2,1,1,0,Betabel,,c1,sin_cambio,,,,2026-05-09 07:34:42,2026-05-06 21:07:49,58.45,3,cg_1778312079978_2,4387,cam2_20260509_013442.jpg,crops/cam2_20260509_013442_r1_c1.jpg,4389,cam2_20260509_013446.jpg,crops/cam2_20260509_013446_r1_c1.jpg,8988,27.3,,53,49,0,0,0,0,0,0.0,0.0,1507.0,0.0,25.2,8.4,0.0,0.0,,2026-05-09 07:34:47
germ-germinadorap-de5832|LOT-20260506-651F-009|r1_c1|rep0,LOT-20260506-651F-009:B2:R0,germ-germinadorap-de5832,LOT-20260506-651F-009,B2,1,1,0,Betabel,,c1,sin_cambio,,,,2026-05-09 07:50:26,2026-05-06 21:07:49,58.71,3,cg_1778313024403_2,4391,cam2_20260509_015026.jpg,crops/cam2_20260509_015026_r1_c1.jpg,4393,cam2_20260509_015030.jpg,crops/cam2_20260509_015030_r1_c1.jpg,9000,27.3,,56,48.4,0,0,0,0,0,0.0,0.0,1509.0,0.0,25.2,8.4,0.0,0.0,,2026-05-09 07:50:31
germ-germinadorap-de5832|LOT-20260506-651F-009|r1_c1|rep0,LOT-20260506-651F-009:B2:R0,germ-germinadorap-de5832,LOT-20260506-651F-009,B2,1,1,0,Betabel,,c1,sin_cambio,,,,2026-05-09 08:05:26,2026-05-06 21:07:49,58.96,3,cg_1778313924403_2,4395,cam2_20260509_020526.jpg,crops/cam2_20260509_020526_r1_c1.jpg,4397,cam2_20260509_020530.jpg,crops/cam2_20260509_020530_r1_c1.jpg,9012,27.5,,57,48.9,0,0,0,0,0,0.0,0.0,1509.0,0.0,25.3,8.4,0.0,0.0,,2026-05-09 08:05:31
germ-germinadorap-de5832|LOT-20260506-651F-009|r1_c1|rep0,LOT-20260506-651F-009:B2:R0,germ-germinadorap-de5832,LOT-20260506-651F-009,B2,1,1,0,Betabel,,c1,sin_cambio,,,,2026-05-09 08:20:26,2026-05-06 21:07:49,59.21,3,cg_1778314824401_2,4398,cam2_20260509_022025.jpg,crops/cam2_20260509_022025_r1_c1.jpg,4400,cam2_20260509_022028.jpg,crops/cam2_20260509_022028_r1_c1.jpg,9017,27.4,,56,49.8,0,0,0,0,0,0.0,0.0,1509.0,0.0,25.5,8.5,0.0,0.0,,2026-05-09 08:20:29
germ-germinadorap-de5832|LOT-20260506-651F-009|r1_c1|rep0,LOT-20260506-651F-009:B2:R0,germ-germinadorap-de5832,LOT-20260506-651F-009,B2,1,1,0,Betabel,,c1,sin_cambio,,,,2026-05-09 08:35:26,2026-05-06 21:07:49,59.46,3,cg_1778315724402_2,4402,cam2_20260509_023525.jpg,crops/cam2_20260509_023525_r1_c1.jpg,4404,cam2_20260509_023528.jpg,crops/cam2_20260509_023528_r1_c1.jpg,9029,27.5,,56,49,0,0,0,0,0,0.0,0.0,1509.0,0.0,25.8,8.6,0.0,0.0,,2026-05-09 08:35:29
germ-germinadorap-de5832|LOT-20260506-651F-009|r1_c1|rep0,LOT-20260506-651F-009:B2:R0,germ-germinadorap-de5832,LOT-20260506-651F-009,B2,1,1,0,Betabel,,c1,sin_cambio,,,,2026-05-09 08:50:26,2026-05-06 21:07:49,59.71,3,cg_1778316624405_2,4406,cam2_20260509_025025.jpg,crops/cam2_20260509_025025_r1_c1.jpg,4408,cam2_20260509_025028.jpg,crops/cam2_20260509_025028_r1_c1.jpg,9041,27.4,,56,48.6,0,0,0,0,0,0.0,0.0,1509.0,0.0,26.0,8.7,0.0,0.0,,2026-05-09 08:50:29
germ-germinadorap-de5832|LOT-20260506-651F-009|r1_c1|rep0,LOT-20260506-651F-009:B2:R0,germ-germinadorap-de5832,LOT-20260506-651F-009,B2,1,1,0,Betabel,,c1,sin_cambio,,,,2026-05-09 09:05:26,2026-05-06 21:07:49,59.96,3,cg_1778317524406_2,4410,cam2_20260509_030525.jpg,crops/cam2_20260509_030525_r1_c1.jpg,4412,cam2_20260509_030528.jpg,crops/cam2_20260509_030528_r1_c1.jpg,9053,27.3,,54,48.6,0,0,0,0,0,0.0,0.0,1509.0,0.0,26.3,8.8,0.0,0.0,,2026-05-09 09:05:29
germ-germinadorap-de5832|LOT-20260506-651F-009|r1_c1|rep0,LOT-20260506-651F-009:B2:R0,germ-germinadorap-de5832,LOT-20260506-651F-009,B2,1,1,0,Betabel,,c1,sin_cambio,,,,2026-05-09 09:20:26,2026-05-06 21:07:49,60.21,3,cg_1778318424405_2,4414,cam2_20260509_032025.jpg,crops/cam2_20260509_032025_r1_c1.jpg,4416,cam2_20260509_032028.jpg,crops/cam2_20260509_032028_r1_c1.jpg,9065,27.5,,55,48.6,0,0,0,0,0,0.0,0.0,1509.0,0.0,26.5,8.8,0.0,0.0,,2026-05-09 09:20:29
germ-germinadorap-de5832|LOT-20260506-651F-009|r1_c1|rep0,LOT-20260506-651F-009:B2:R0,germ-germinadorap-de5832,LOT-20260506-651F-009,B2,1,1,0,Betabel,,c1,sin_cambio,,,,2026-05-09 09:35:27,2026-05-06 21:07:49,60.46,3,cg_1778319324408_2,4419,cam2_20260509_033527.jpg,crops/cam2_20260509_033527_r1_c1.jpg,4421,cam2_20260509_033530.jpg,crops/cam2_20260509_033530_r1_c1.jpg,9084,27.2,,54,47.6,0,0,0,0,0,0.0,0.0,1509.0,0.0,26.8,8.9,0.0,0.0,,2026-05-09 09:35:31
germ-germinadorap-de5832|LOT-20260506-651F-009|r1_c1|rep0,LOT-20260506-651F-009:B2:R0,germ-germinadorap-de5832,LOT-20260506-651F-009,B2,1,1,0,Betabel,,c1,sin_cambio,,,,2026-05-09 09:50:40,2026-05-06 21:07:49,60.71,3,cg_1778320224410_2,4422,cam2_20260509_035040.jpg,crops/cam2_20260509_035040_r1_c1.jpg,4423,cam2_20260509_035042.jpg,crops/cam2_20260509_035042_r1_c1.jpg,9089,27.3,,56,42.5,0,0,0,0,0,0.0,0.0,1509.0,0.0,27.0,9.0,0.0,0.0,,2026-05-09 09:50:44
germ-germinadorap-de5832|LOT-20260506-651F-009|r1_c1|rep0,LOT-20260506-651F-009:B2:R0,germ-germinadorap-de5832,LOT-20260506-651F-009,B2,1,1,0,Betabel,,c1,sin_cambio,,,,2026-05-09 10:05:26,2026-05-06 21:07:49,60.96,3,cg_1778321124410_2,4425,cam2_20260509_040526.jpg,crops/cam2_20260509_040526_r1_c1.jpg,4427,cam2_20260509_040530.jpg,crops/cam2_20260509_040530_r1_c1.jpg,9101,27.3,,55,47.8,0,0,0,0,0,0.0,0.0,1509.0,0.0,27.3,9.1,0.0,0.0,,2026-05-09 10:05:31
germ-germinadorap-de5832|LOT-20260506-651F-009|r1_c1|rep0,LOT-20260506-651F-009:B2:R0,germ-germinadorap-de5832,LOT-20260506-651F-009,B2,1,1,0,Betabel,,c1,sin_cambio,,,,2026-05-09 10:20:26,2026-05-06 21:07:49,61.21,3,cg_1778322024409_2,4428,cam2_20260509_042026.jpg,crops/cam2_20260509_042026_r1_c1.jpg,4430,cam2_20260509_042028.jpg,crops/cam2_20260509_042028_r1_c1.jpg,9106,27.3,,55,47.7,0,0,0,0,0,0.0,0.0,1509.0,0.0,27.5,9.2,0.0,0.0,,2026-05-09 10:20:29
germ-germinadorap-de5832|LOT-20260506-651F-009|r1_c1|rep0,LOT-20260506-651F-009:B2:R0,germ-germinadorap-de5832,LOT-20260506-651F-009,B2,1,1,0,Betabel,,c1,sin_cambio,,,,2026-05-09 10:35:26,2026-05-06 21:07:49,61.46,3,cg_1778322924413_2,4432,cam2_20260509_043525.jpg,crops/cam2_20260509_043525_r1_c1.jpg,4434,cam2_20260509_043528.jpg,crops/cam2_20260509_043528_r1_c1.jpg,9118,27.2,,55,47.6,0,0,0,0,0,0.0,0.0,1509.0,0.0,27.8,9.3,0.0,0.0,,2026-05-09 10:35:29
germ-germinadorap-de5832|LOT-20260506-651F-009|r1_c1|rep0,LOT-20260506-651F-009:B2:R0,germ-germinadorap-de5832,LOT-20260506-651F-009,B2,1,1,0,Betabel,,c1,sin_cambio,,,,2026-05-09 10:50:26,2026-05-06 21:07:49,61.71,3,cg_1778323824415_2,4436,cam2_20260509_045025.jpg,crops/cam2_20260509_045025_r1_c1.jpg,4438,cam2_20260509_045028.jpg,crops/cam2_20260509_045028_r1_c1.jpg,9130,27.3,,54,47.4,0,0,0,0,0,0.0,0.0,1509.0,0.0,28.0,9.3,0.0,0.0,,2026-05-09 10:50:29
germ-germinadorap-de5832|LOT-20260506-651F-009|r1_c1|rep0,LOT-20260506-651F-009:B2:R0,germ-germinadorap-de5832,LOT-20260506-651F-009,B2,1,1,0,Betabel,,c1,sin_cambio,,,,2026-05-09 11:05:26,2026-05-06 21:07:49,61.96,3,cg_1778324724418_2,4441,cam2_20260509_050526.jpg,crops/cam2_20260509_050526_r1_c1.jpg,4443,cam2_20260509_050530.jpg,crops/cam2_20260509_050530_r1_c1.jpg,9149,27.2,,54,47.2,0,0,0,0,0,0.0,0.0,1509.0,0.0,28.3,9.4,0.0,0.0,,2026-05-09 11:05:31
germ-germinadorap-de5832|LOT-20260506-651F-009|r1_c1|rep0,LOT-20260506-651F-009:B2:R0,germ-germinadorap-de5832,LOT-20260506-651F-009,B2,1,1,0,Betabel,,c1,sin_cambio,,,,2026-05-09 11:20:26,2026-05-06 21:07:49,62.21,3,cg_1778325624420_2,4445,cam2_20260509_052026.jpg,crops/cam2_20260509_052026_r1_c1.jpg,4447,cam2_20260509_052030.jpg,crops/cam2_20260509_052030_r1_c1.jpg,9161,27.3,,54,46.9,0,0,0,0,0,0.0,0.0,1509.0,0.0,28.5,9.5,0.0,0.0,,2026-05-09 11:20:31
germ-germinadorap-de5832|LOT-20260506-651F-009|r1_c1|rep0,LOT-20260506-651F-009:B2:R0,germ-germinadorap-de5832,LOT-20260506-651F-009,B2,1,1,0,Betabel,,c1,sin_cambio,,,,2026-05-09 11:35:26,2026-05-06 21:07:49,62.46,3,cg_1778326524423_2,4448,cam2_20260509_053525.jpg,crops/cam2_20260509_053525_r1_c1.jpg,4450,cam2_20260509_053528.jpg,crops/cam2_20260509_053528_r1_c1.jpg,9166,27.2,,55,47,0,0,0,0,0,0.0,0.0,1510.0,0.0,28.8,9.6,0.0,0.0,,2026-05-09 11:35:29
germ-germinadorap-de5832|LOT-20260506-651F-009|r1_c1|rep0,LOT-20260506-651F-009:B2:R0,germ-germinadorap-de5832,LOT-20260506-651F-009,B2,1,1,0,Betabel,,c1,sin_cambio,,,,2026-05-09 11:50:26,2026-05-06 21:07:49,62.71,3,cg_1778327424427_2,4453,cam2_20260509_055026.jpg,crops/cam2_20260509_055026_r1_c1.jpg,4455,cam2_20260509_055030.jpg,crops/cam2_20260509_055030_r1_c1.jpg,9185,27.2,,56,46.6,0,0,0,0,0,0.0,0.0,1510.0,0.0,29.0,9.7,0.0,0.0,,2026-05-09 11:50:31
germ-germinadorap-de5832|LOT-20260506-651F-009|r1_c1|rep0,LOT-20260506-651F-009:B2:R0,germ-germinadorap-de5832,LOT-20260506-651F-009,B2,1,1,0,Betabel,,c1,sin_cambio,,,,2026-05-09 12:05:26,2026-05-06 21:07:49,62.96,3,cg_1778328324427_2,4457,cam2_20260509_060526.jpg,crops/cam2_20260509_060526_r1_c1.jpg,4459,cam2_20260509_060530.jpg,crops/cam2_20260509_060530_r1_c1.jpg,9197,27.2,,55,46.7,0,0,0,0,0,0.0,0.0,1510.0,0.0,29.3,9.8,0.0,0.0,,2026-05-09 12:05:31
germ-germinadorap-de5832|LOT-20260506-651F-009|r1_c1|rep0,LOT-20260506-651F-009:B2:R0,germ-germinadorap-de5832,LOT-20260506-651F-009,B2,1,1,0,Betabel,,c1,sin_cambio,,,,2026-05-09 12:20:26,2026-05-06 21:07:49,63.21,3,cg_1778329224427_2,4460,cam2_20260509_062025.jpg,crops/cam2_20260509_062025_r1_c1.jpg,4462,cam2_20260509_062028.jpg,crops/cam2_20260509_062028_r1_c1.jpg,9202,27.1,,55,46.9,0,0,0,0,0,0.0,0.0,1510.0,0.0,29.5,9.8,0.0,0.0,,2026-05-09 12:20:29
germ-germinadorap-de5832|LOT-20260506-651F-009|r1_c1|rep0,LOT-20260506-651F-009:B2:R0,germ-germinadorap-de5832,LOT-20260506-651F-009,B2,1,1,0,Betabel,,c1,sin_cambio,,,,2026-05-09 12:35:26,2026-05-06 21:07:49,63.46,3,cg_1778330124428_2,4464,cam2_20260509_063525.jpg,crops/cam2_20260509_063525_r1_c1.jpg,4466,cam2_20260509_063528.jpg,crops/cam2_20260509_063528_r1_c1.jpg,9214,27.2,,53,46.8,0,0,0,0,0,0.0,0.0,1510.0,0.0,29.8,9.9,0.0,0.0,,2026-05-09 12:35:29
germ-germinadorap-de5832|LOT-20260506-651F-009|r1_c1|rep0,LOT-20260506-651F-009:B2:R0,germ-germinadorap-de5832,LOT-20260506-651F-009,B2,1,1,0,Betabel,,c1,sin_cambio,,,,2026-05-09 12:50:26,2026-05-06 21:07:49,63.71,3,cg_1778331024429_2,4468,cam2_20260509_065025.jpg,crops/cam2_20260509_065025_r1_c1.jpg,4470,cam2_20260509_065028.jpg,crops/cam2_20260509_065028_r1_c1.jpg,9226,27.3,,56,46,0,0,0,0,0,0.0,0.0,1510.0,0.0,30.0,10.0,0.0,0.0,,2026-05-09 12:50:29
germ-germinadorap-de5832|LOT-20260506-651F-009|r1_c1|rep0,LOT-20260506-651F-009:B2:R0,germ-germinadorap-de5832,LOT-20260506-651F-009,B2,1,1,0,Betabel,,c1,sin_cambio,,,,2026-05-09 13:05:26,2026-05-06 21:07:49,63.96,3,cg_1778331924430_2,4473,cam2_20260509_070525.jpg,crops/cam2_20260509_070525_r1_c1.jpg,4475,cam2_20260509_070530.jpg,crops/cam2_20260509_070530_r1_c1.jpg,9245,27.1,,52,46.1,0,0,0,0,0,0.0,0.0,1510.0,0.0,30.3,10.1,0.0,0.0,,2026-05-09 13:05:31
germ-germinadorap-de5832|LOT-20260506-651F-009|r1_c1|rep0,LOT-20260506-651F-009:B2:R0,germ-germinadorap-de5832,LOT-20260506-651F-009,B2,1,1,0,Betabel,,c1,sin_cambio,,,,2026-05-09 13:20:26,2026-05-06 21:07:49,64.21,3,cg_1778332824434_2,4477,cam2_20260509_072026.jpg,crops/cam2_20260509_072026_r1_c1.jpg,4479,cam2_20260509_072030.jpg,crops/cam2_20260509_072030_r1_c1.jpg,9257,27.1,,54,45.9,0,0,0,0,0,0.0,0.0,1510.0,0.0,30.5,10.2,0.0,0.0,,2026-05-09 13:20:31
germ-germinadorap-de5832|LOT-20260506-651F-009|r1_c1|rep0,LOT-20260506-651F-009:B2:R0,germ-germinadorap-de5832,LOT-20260506-651F-009,B2,1,1,0,Betabel,,c1,sin_cambio,,,,2026-05-09 13:35:26,2026-05-06 21:07:49,64.46,3,cg_1778333724434_2,4480,cam2_20260509_073525.jpg,crops/cam2_20260509_073525_r1_c1.jpg,4482,cam2_20260509_073528.jpg,crops/cam2_20260509_073528_r1_c1.jpg,9262,27.1,,54,44.9,0,0,0,0,0,0.0,0.0,1510.0,0.0,30.8,10.3,0.0,0.0,,2026-05-09 13:35:29
germ-germinadorap-de5832|LOT-20260506-651F-009|r1_c1|rep0,LOT-20260506-651F-009:B2:R0,germ-germinadorap-de5832,LOT-20260506-651F-009,B2,1,1,0,Betabel,,c1,sin_cambio,,,,2026-05-09 13:50:26,2026-05-06 21:07:49,64.71,3,cg_1778334624435_2,4485,cam2_20260509_075026.jpg,crops/cam2_20260509_075026_r1_c1.jpg,4487,cam2_20260509_075030.jpg,crops/cam2_20260509_075030_r1_c1.jpg,9281,27,,55,45.1,0,0,0,0,0,0.0,0.0,1510.0,0.0,31.0,10.3,0.0,0.0,,2026-05-09 13:50:31
germ-germinadorap-de5832|LOT-20260506-651F-009|r1_c1|rep0,LOT-20260506-651F-009:B2:R0,germ-germinadorap-de5832,LOT-20260506-651F-009,B2,1,1,0,Betabel,,c1,sin_cambio,,,,2026-05-09 14:05:26,2026-05-06 21:07:49,64.96,3,cg_1778335524442_2,4488,cam2_20260509_080525.jpg,crops/cam2_20260509_080525_r1_c1.jpg,4490,cam2_20260509_080528.jpg,crops/cam2_20260509_080528_r1_c1.jpg,9286,27.3,,52,45.5,0,0,0,0,0,0.0,0.0,1515.0,0.0,31.3,10.4,0.0,0.0,,2026-05-09 14:05:29
germ-germinadorap-de5832|LOT-20260506-651F-009|r1_c1|rep0,LOT-20260506-651F-009:B2:R0,germ-germinadorap-de5832,LOT-20260506-651F-009,B2,1,1,0,Betabel,,c1,sin_cambio,,,,2026-05-09 14:20:26,2026-05-06 21:07:49,65.21,3,cg_1778336424448_2,4492,cam2_20260509_082025.jpg,crops/cam2_20260509_082025_r1_c1.jpg,4494,cam2_20260509_082028.jpg,crops/cam2_20260509_082028_r1_c1.jpg,9298,27.5,,50,44.7,0,0,0,0,0,0.0,0.0,1530.0,0.0,31.5,10.5,0.0,0.0,,2026-05-09 14:20:29
germ-germinadorap-de5832|LOT-20260506-651F-009|r1_c1|rep0,LOT-20260506-651F-009:B2:R0,germ-germinadorap-de5832,LOT-20260506-651F-009,B2,1,1,0,Betabel,,c1,sin_cambio,,,,2026-05-09 14:35:26,2026-05-06 21:07:49,65.46,3,cg_1778337324477_2,4496,cam2_20260509_083525.jpg,crops/cam2_20260509_083525_r1_c1.jpg,4498,cam2_20260509_083528.jpg,crops/cam2_20260509_083528_r1_c1.jpg,9310,27.8,,50,44.9,0,0,0,0,0,0.0,0.0,1545.0,0.0,31.8,10.6,0.0,0.0,,2026-05-09 14:35:29
germ-germinadorap-de5832|LOT-20260506-651F-009|r1_c1|rep0,LOT-20260506-651F-009:B2:R0,germ-germinadorap-de5832,LOT-20260506-651F-009,B2,1,1,0,Betabel,,c1,sin_cambio,,,,2026-05-09 14:50:26,2026-05-06 21:07:49,65.71,3,cg_1778338224478_2,4500,cam2_20260509_085025.jpg,crops/cam2_20260509_085025_r1_c1.jpg,4502,cam2_20260509_085028.jpg,crops/cam2_20260509_085028_r1_c1.jpg,9322,27.9,,50,42.3,0,0,0,0,0,0.0,0.0,1560.0,0.0,32.0,10.7,0.0,0.0,,2026-05-09 14:50:29
germ-germinadorap-de5832|LOT-20260506-651F-009|r1_c1|rep0,LOT-20260506-651F-009:B2:R0,germ-germinadorap-de5832,LOT-20260506-651F-009,B2,1,1,0,Betabel,,c1,sin_cambio,,,,2026-05-09 15:05:30,2026-05-06 21:07:49,65.96,3,cg_1778339124480_2,4505,cam2_20260509_090529.jpg,crops/cam2_20260509_090529_r1_c1.jpg,4507,cam2_20260509_090534.jpg,crops/cam2_20260509_090534_r1_c1.jpg,9341,28.1,,50,44.8,0,0,0,0,0,0.0,0.0,1575.0,0.0,32.3,10.8,0.0,0.0,,2026-05-09 15:05:35
germ-germinadorap-de5832|LOT-20260506-651F-009|r1_c1|rep0,LOT-20260506-651F-009:B2:R0,germ-germinadorap-de5832,LOT-20260506-651F-009,B2,1,1,0,Betabel,,c1,sin_cambio,,,,2026-05-09 22:54:44,2026-05-06 21:07:49,73.78,4,cg_1778367281970_2,4509,cam2_20260509_165443.jpg,crops/cam2_20260509_165443_r1_c1.jpg,4511,cam2_20260509_165449.jpg,crops/cam2_20260509_165449_r1_c1.jpg,9353,26.5,,48,0,0,0,0,0,0,0.0,0.0,2044.0,0.0,37.3,9.3,0.0,0.0,,2026-05-09 22:54:50
germ-germinadorap-de5832|LOT-20260506-651F-009|r1_c1|rep0,LOT-20260506-651F-009:B2:R0,germ-germinadorap-de5832,LOT-20260506-651F-009,B2,1,1,0,Betabel,,c1,sin_cambio,,,,2026-05-09 23:09:43,2026-05-06 21:07:49,74.03,4,cg_1778368181986_2,4512,cam2_20260509_170943.jpg,crops/cam2_20260509_170943_r1_c1.jpg,4514,cam2_20260509_170945.jpg,crops/cam2_20260509_170945_r1_c1.jpg,9358,27,,59,0,0,0,0,0,0,0.0,0.0,2059.0,0.0,37.4,9.3,0.0,0.0,,2026-05-09 23:09:46
germ-germinadorap-de5832|LOT-20260506-651F-009|r1_c1|rep0,LOT-20260506-651F-009:B2:R0,germ-germinadorap-de5832,LOT-20260506-651F-009,B2,1,1,0,Betabel,,c1,sin_cambio,,,,2026-05-09 23:24:43,2026-05-06 21:07:49,74.28,4,cg_1778369081986_2,4516,cam2_20260509_172443.jpg,crops/cam2_20260509_172443_r1_c1.jpg,4518,cam2_20260509_172445.jpg,crops/cam2_20260509_172445_r1_c1.jpg,9370,27.3,,53,0,0,0,0,0,0,0.0,0.0,2074.0,0.0,37.4,9.3,0.0,0.0,,2026-05-09 23:24:47
germ-germinadorap-de5832|LOT-20260506-651F-009|r1_c1|rep0,LOT-20260506-651F-009:B2:R0,germ-germinadorap-de5832,LOT-20260506-651F-009,B2,1,1,0,Betabel,,c1,sin_cambio,,,,2026-05-09 23:39:43,2026-05-06 21:07:49,74.53,4,cg_1778369981990_2,4520,cam2_20260509_173943.jpg,crops/cam2_20260509_173943_r1_c1.jpg,4522,cam2_20260509_173945.jpg,crops/cam2_20260509_173945_r1_c1.jpg,9382,27.6,,51,0,0,0,0,0,0,0.0,0.0,2089.0,0.0,37.4,9.3,0.0,0.0,,2026-05-09 23:39:47
germ-germinadorap-de5832|LOT-20260506-651F-009|r1_c1|rep0,LOT-20260506-651F-009:B2:R0,germ-germinadorap-de5832,LOT-20260506-651F-009,B2,1,1,0,Betabel,,c1,sin_cambio,,,,2026-05-09 23:54:43,2026-05-06 21:07:49,74.78,4,cg_1778370881996_2,4524,cam2_20260509_175443.jpg,crops/cam2_20260509_175443_r1_c1.jpg,4526,cam2_20260509_175446.jpg,crops/cam2_20260509_175446_r1_c1.jpg,9394,27.9,,49,0,0,0,0,0,0,0.0,0.0,2104.0,0.0,37.4,9.3,0.0,0.0,,2026-05-09 23:54:47
germ-germinadorap-de5832|LOT-20260506-651F-009|r1_c1|rep0,LOT-20260506-651F-009:B2:R0,germ-germinadorap-de5832,LOT-20260506-651F-009,B2,1,1,0,Betabel,,c1,sin_cambio,,,,2026-05-10 00:09:43,2026-05-06 21:07:49,75.03,4,cg_1778371781996_2,4528,cam2_20260509_180943.jpg,crops/cam2_20260509_180943_r1_c1.jpg,4530,cam2_20260509_180946.jpg,crops/cam2_20260509_180946_r1_c1.jpg,9406,28.1,,50,0,0,0,0,1,0,15.0,0.0,2119.0,0.0,37.4,9.3,0.0,0.0,,2026-05-10 00:09:47
germ-germinadorap-de5832|LOT-20260506-651F-009|r1_c1|rep0,LOT-20260506-651F-009:B2:R0,germ-germinadorap-de5832,LOT-20260506-651F-009,B2,1,1,0,Betabel,,c1,sin_cambio,,,,2026-05-10 00:24:44,2026-05-06 21:07:49,75.28,4,cg_1778372682001_2,4532,cam2_20260509_182443.jpg,crops/cam2_20260509_182443_r1_c1.jpg,4534,cam2_20260509_182446.jpg,crops/cam2_20260509_182446_r1_c1.jpg,9418,28.3,,50,0,0,0,0,0,0,0.0,0.0,2134.0,0.0,37.4,9.3,0.0,0.0,,2026-05-10 00:24:47
germ-germinadorap-de5832|LOT-20260506-651F-009|r1_c1|rep0,LOT-20260506-651F-009:B2:R0,germ-germinadorap-de5832,LOT-20260506-651F-009,B2,1,1,0,Betabel,,c1,sin_cambio,,,,2026-05-10 00:39:43,2026-05-06 21:07:49,75.53,4,cg_1778373582007_2,4536,cam2_20260509_183943.jpg,crops/cam2_20260509_183943_r1_c1.jpg,4538,cam2_20260509_183946.jpg,crops/cam2_20260509_183946_r1_c1.jpg,9430,28.2,,49,0,0,0,0,0,0,0.0,0.0,2149.0,0.0,37.4,9.3,0.0,0.0,,2026-05-10 00:39:47
germ-germinadorap-de5832|LOT-20260506-651F-009|r1_c1|rep0,LOT-20260506-651F-009:B2:R0,germ-germinadorap-de5832,LOT-20260506-651F-009,B2,1,1,0,Betabel,,c1,sin_cambio,,,,2026-05-10 00:54:43,2026-05-06 21:07:49,75.78,4,cg_1778374482006_2,4540,cam2_20260509_185443.jpg,crops/cam2_20260509_185443_r1_c1.jpg,4542,cam2_20260509_185446.jpg,crops/cam2_20260509_185446_r1_c1.jpg,9442,28.4,,50,0,0,0,0,0,0,0.0,0.0,2164.0,0.0,37.4,9.3,0.0,0.0,,2026-05-10 00:54:47
germ-germinadorap-de5832|LOT-20260506-651F-009|r1_c1|rep0,LOT-20260506-651F-009:B2:R0,germ-germinadorap-de5832,LOT-20260506-651F-009,B2,1,1,0,Betabel,,c1,sin_cambio,,,,2026-05-10 01:09:43,2026-05-06 21:07:49,76.03,4,cg_1778375382007_2,4544,cam2_20260509_190943.jpg,crops/cam2_20260509_190943_r1_c1.jpg,4546,cam2_20260509_190945.jpg,crops/cam2_20260509_190945_r1_c1.jpg,9454,28.4,,50,0,0,0,0,0,0,0.0,0.0,2178.0,0.0,37.4,9.3,0.0,0.0,,2026-05-10 01:09:47
germ-germinadorap-de5832|LOT-20260506-651F-009|r1_c1|rep0,LOT-20260506-651F-009:B2:R0,germ-germinadorap-de5832,LOT-20260506-651F-009,B2,1,1,0,Betabel,,c1,sin_cambio,,,,2026-05-10 01:24:43,2026-05-06 21:07:49,76.28,4,cg_1778376282011_2,4548,cam2_20260509_192443.jpg,crops/cam2_20260509_192443_r1_c1.jpg,4550,cam2_20260509_192446.jpg,crops/cam2_20260509_192446_r1_c1.jpg,9466,28.4,,50,0,0,0,0,0,0,0.0,0.0,2193.0,0.0,37.4,9.3,0.0,0.0,,2026-05-10 01:24:47
germ-germinadorap-de5832|LOT-20260506-651F-009|r1_c1|rep0,LOT-20260506-651F-009:B2:R0,germ-germinadorap-de5832,LOT-20260506-651F-009,B2,1,1,0,Betabel,,c1,sin_cambio,,,,2026-05-10 01:39:43,2026-05-06 21:07:49,76.53,4,cg_1778377182012_2,4552,cam2_20260509_193943.jpg,crops/cam2_20260509_193943_r1_c1.jpg,4554,cam2_20260509_193946.jpg,crops/cam2_20260509_193946_r1_c1.jpg,9478,28.5,,50,0,0,0,0,0,0,0.0,0.0,2208.0,0.0,37.4,9.3,0.0,0.0,,2026-05-10 01:39:47
germ-germinadorap-de5832|LOT-20260506-651F-009|r1_c1|rep0,LOT-20260506-651F-009:B2:R0,germ-germinadorap-de5832,LOT-20260506-651F-009,B2,1,1,0,Betabel,,c1,sin_cambio,,,,2026-05-10 01:54:43,2026-05-06 21:07:49,76.78,4,cg_1778378082016_2,4556,cam2_20260509_195443.jpg,crops/cam2_20260509_195443_r1_c1.jpg,4558,cam2_20260509_195446.jpg,crops/cam2_20260509_195446_r1_c1.jpg,9490,28.6,,50,0,0,0,0,0,0,0.0,0.0,2223.0,0.0,37.4,9.3,0.0,0.0,,2026-05-10 01:54:47
germ-germinadorap-de5832|LOT-20260506-651F-009|r1_c1|rep0,LOT-20260506-651F-009:B2:R0,germ-germinadorap-de5832,LOT-20260506-651F-009,B2,1,1,0,Betabel,,c1,sin_cambio,,,,2026-05-10 02:09:43,2026-05-06 21:07:49,77.03,4,cg_1778378982019_2,4560,cam2_20260509_200943.jpg,crops/cam2_20260509_200943_r1_c1.jpg,4562,cam2_20260509_200946.jpg,crops/cam2_20260509_200946_r1_c1.jpg,9502,28.5,,51,0,0,0,0,0,0,0.0,0.0,2228.0,0.0,37.4,9.3,0.0,0.0,,2026-05-10 02:09:47
germ-germinadorap-de5832|LOT-20260506-651F-009|r1_c1|rep0,LOT-20260506-651F-009:B2:R0,germ-germinadorap-de5832,LOT-20260506-651F-009,B2,1,1,0,Betabel,,c1,sin_cambio,,,,2026-05-10 02:24:43,2026-05-06 21:07:49,77.28,4,cg_1778379882020_2,4564,cam2_20260509_202443.jpg,crops/cam2_20260509_202443_r1_c1.jpg,4566,cam2_20260509_202446.jpg,crops/cam2_20260509_202446_r1_c1.jpg,9514,28.3,,52,0,0,0,0,0,0,0.0,0.0,2228.0,0.0,37.4,9.3,0.0,0.0,,2026-05-10 02:24:47
germ-germinadorap-de5832|LOT-20260506-651F-009|r1_c1|rep0,LOT-20260506-651F-009:B2:R0,germ-germinadorap-de5832,LOT-20260506-651F-009,B2,1,1,0,Betabel,,c1,sin_cambio,,,,2026-05-10 02:39:43,2026-05-06 21:07:49,77.53,4,cg_1778380782024_2,4568,cam2_20260509_203943.jpg,crops/cam2_20260509_203943_r1_c1.jpg,4570,cam2_20260509_203946.jpg,crops/cam2_20260509_203946_r1_c1.jpg,9526,28.2,,54,0,0,0,0,0,0,0.0,0.0,2229.0,0.0,37.4,9.3,0.0,0.0,,2026-05-10 02:39:47
germ-germinadorap-de5832|LOT-20260506-651F-009|r1_c1|rep0,LOT-20260506-651F-009:B2:R0,germ-germinadorap-de5832,LOT-20260506-651F-009,B2,1,1,0,Betabel,,c1,sin_cambio,,,,2026-05-10 02:54:43,2026-05-06 21:07:49,77.78,4,cg_1778381682022_2,4572,cam2_20260509_205443.jpg,crops/cam2_20260509_205443_r1_c1.jpg,4574,cam2_20260509_205445.jpg,crops/cam2_20260509_205445_r1_c1.jpg,9538,28,,55,0,0,0,0,0,0,0.0,0.0,2229.0,0.0,37.4,9.3,0.0,0.0,,2026-05-10 02:54:47
germ-germinadorap-de5832|LOT-20260506-651F-009|r1_c1|rep0,LOT-20260506-651F-009:B2:R0,germ-germinadorap-de5832,LOT-20260506-651F-009,B2,1,1,0,Betabel,,c1,sin_cambio,,,,2026-05-10 03:09:43,2026-05-06 21:07:49,78.03,4,cg_1778382582022_2,4576,cam2_20260509_210943.jpg,crops/cam2_20260509_210943_r1_c1.jpg,4578,cam2_20260509_210945.jpg,crops/cam2_20260509_210945_r1_c1.jpg,9550,28,,55,0,0,0,0,0,0,0.0,0.0,2229.0,0.0,37.4,9.3,0.0,0.0,,2026-05-10 03:09:47
germ-germinadorap-de5832|LOT-20260506-651F-009|r1_c1|rep0,LOT-20260506-651F-009:B2:R0,germ-germinadorap-de5832,LOT-20260506-651F-009,B2,1,1,0,Betabel,,c1,sin_cambio,,,,2026-05-10 03:24:44,2026-05-06 21:07:49,78.28,4,cg_1778383482024_2,4580,cam2_20260509_212443.jpg,crops/cam2_20260509_212443_r1_c1.jpg,4582,cam2_20260509_212446.jpg,crops/cam2_20260509_212446_r1_c1.jpg,9562,27.8,,55,0,0,0,0,0,0,0.0,0.0,2229.0,0.0,37.4,9.3,0.0,0.0,,2026-05-10 03:24:47
germ-germinadorap-de5832|LOT-20260506-651F-009|r1_c1|rep0,LOT-20260506-651F-009:B2:R0,germ-germinadorap-de5832,LOT-20260506-651F-009,B2,1,1,0,Betabel,,c1,sin_cambio,,,,2026-05-10 03:39:44,2026-05-06 21:07:49,78.53,4,cg_1778384382028_2,4584,cam2_20260509_213943.jpg,crops/cam2_20260509_213943_r1_c1.jpg,4586,cam2_20260509_213946.jpg,crops/cam2_20260509_213946_r1_c1.jpg,9574,27.8,,55,0,0,0,0,0,0,0.0,0.0,2229.0,0.0,37.4,9.3,0.0,0.0,,2026-05-10 03:39:47
germ-germinadorap-de5832|LOT-20260506-651F-009|r1_c1|rep0,LOT-20260506-651F-009:B2:R0,germ-germinadorap-de5832,LOT-20260506-651F-009,B2,1,1,0,Betabel,,c1,sin_cambio,,,,2026-05-10 03:54:44,2026-05-06 21:07:49,78.78,4,cg_1778385282034_2,4588,cam2_20260509_215443.jpg,crops/cam2_20260509_215443_r1_c1.jpg,4590,cam2_20260509_215446.jpg,crops/cam2_20260509_215446_r1_c1.jpg,9586,27.8,,55,0,0,0,0,0,0,0.0,0.0,2229.0,0.0,37.4,9.3,0.0,0.0,,2026-05-10 03:54:47
germ-germinadorap-de5832|LOT-20260506-651F-009|r1_c1|rep0,LOT-20260506-651F-009:B2:R0,germ-germinadorap-de5832,LOT-20260506-651F-009,B2,1,1,0,Betabel,,c1,sin_cambio,,,,2026-05-10 04:09:43,2026-05-06 21:07:49,79.03,4,cg_1778386182032_2,4592,cam2_20260509_220943.jpg,crops/cam2_20260509_220943_r1_c1.jpg,4594,cam2_20260509_220946.jpg,crops/cam2_20260509_220946_r1_c1.jpg,9598,27.8,,55,0,0,0,0,0,0,0.0,0.0,2229.0,0.0,37.4,9.3,0.0,0.0,,2026-05-10 04:09:47
germ-germinadorap-de5832|LOT-20260506-651F-009|r1_c1|rep0,LOT-20260506-651F-009:B2:R0,germ-germinadorap-de5832,LOT-20260506-651F-009,B2,1,1,0,Betabel,,c1,sin_cambio,,,,2026-05-10 04:24:43,2026-05-06 21:07:49,79.28,4,cg_1778387082032_2,4596,cam2_20260509_222443.jpg,crops/cam2_20260509_222443_r1_c1.jpg,4598,cam2_20260509_222446.jpg,crops/cam2_20260509_222446_r1_c1.jpg,9610,27.8,,56,0,0,0,0,0,0,0.0,0.0,2229.0,0.0,37.4,9.3,0.0,0.0,,2026-05-10 04:24:47
germ-germinadorap-de5832|LOT-20260506-651F-009|r1_c1|rep0,LOT-20260506-651F-009:B2:R0,germ-germinadorap-de5832,LOT-20260506-651F-009,B2,1,1,0,Betabel,,c1,sin_cambio,,,,2026-05-10 04:39:44,2026-05-06 21:07:49,79.53,4,cg_1778387982031_2,4601,cam2_20260509_223943.jpg,crops/cam2_20260509_223943_r1_c1.jpg,4603,cam2_20260509_223948.jpg,crops/cam2_20260509_223948_r1_c1.jpg,9629,27.8,,56,0,0,0,0,0,0,0.0,0.0,2229.0,0.0,37.4,9.3,0.0,0.0,,2026-05-10 04:39:49
germ-germinadorap-de5832|LOT-20260506-651F-009|r1_c1|rep0,LOT-20260506-651F-009:B2:R0,germ-germinadorap-de5832,LOT-20260506-651F-009,B2,1,1,0,Betabel,,c1,sin_cambio,,,,2026-05-10 04:55:32,2026-05-06 21:07:49,79.80,4,cg_1778388930028_2,4604,cam2_20260509_225531.jpg,crops/cam2_20260509_225531_r1_c1.jpg,4606,cam2_20260509_225534.jpg,crops/cam2_20260509_225534_r1_c1.jpg,9634,28.2,,50,77.8,0,0,0,0,0,0.0,0.0,2235.0,0.0,37.4,9.3,0.0,0.0,,2026-05-10 04:55:35
germ-germinadorap-de5832|LOT-20260506-651F-009|r1_c1|rep0,LOT-20260506-651F-009:B2:R0,germ-germinadorap-de5832,LOT-20260506-651F-009,B2,1,1,0,Betabel,,c1,sin_cambio,,,,2026-05-10 05:10:32,2026-05-06 21:07:49,80.05,4,cg_1778389830180_2,4608,cam2_20260509_231031.jpg,crops/cam2_20260509_231031_r1_c1.jpg,4610,cam2_20260509_231034.jpg,crops/cam2_20260509_231034_r1_c1.jpg,9646,28.6,,49,100,0,0,0,0,0,0.0,0.0,2241.0,0.0,37.4,9.3,0.0,0.0,,2026-05-10 05:10:35
germ-germinadorap-de5832|LOT-20260506-651F-009|r1_c1|rep0,LOT-20260506-651F-009:B2:R0,germ-germinadorap-de5832,LOT-20260506-651F-009,B2,1,1,0,Betabel,,c1,sin_cambio,,,,2026-05-10 05:25:37,2026-05-06 21:07:49,80.30,4,cg_1778390735094_2,4612,cam2_20260509_232536.jpg,crops/cam2_20260509_232536_r1_c1.jpg,4614,cam2_20260509_232539.jpg,crops/cam2_20260509_232539_r1_c1.jpg,9658,28.7,,49,70.5,0,0,0,0,0,0.0,0.0,2242.0,0.0,37.4,9.3,0.0,0.0,,2026-05-10 05:25:41
germ-germinadorap-de5832|LOT-20260506-651F-009|r1_c1|rep0,LOT-20260506-651F-009:B2:R0,germ-germinadorap-de5832,LOT-20260506-651F-009,B2,1,1,0,Betabel,,c1,sin_cambio,,,,2026-05-10 05:41:29,2026-05-06 21:07:49,80.56,4,cg_1778391684934_2,4617,cam2_20260509_234129.jpg,crops/cam2_20260509_234129_r1_c1.jpg,4619,cam2_20260509_234133.jpg,crops/cam2_20260509_234133_r1_c1.jpg,9677,28.5,,49,100,0,0,0,0,0,0.0,0.0,2242.0,0.0,37.4,9.3,0.0,0.0,,2026-05-10 05:41:34
germ-germinadorap-de5832|LOT-20260506-651F-009|r1_c1|rep0,LOT-20260506-651F-009:B2:R0,germ-germinadorap-de5832,LOT-20260506-651F-009,B2,1,1,0,Betabel,,c1,sin_cambio,,,,2026-05-10 05:56:27,2026-05-06 21:07:49,80.81,4,cg_1778392584932_2,4620,cam2_20260509_235626.jpg,crops/cam2_20260509_235626_r1_c1.jpg,4622,cam2_20260509_235629.jpg,crops/cam2_20260509_235629_r1_c1.jpg,9682,28.7,,48,100,0,0,0,0,0,0.0,0.0,2242.0,0.0,37.4,9.3,0.0,0.0,,2026-05-10 05:56:30
germ-germinadorap-de5832|LOT-20260506-651F-009|r1_c1|rep0,LOT-20260506-651F-009:B2:R0,germ-germinadorap-de5832,LOT-20260506-651F-009,B2,1,1,0,Betabel,,c1,sin_cambio,,,,2026-05-10 06:11:29,2026-05-06 21:07:49,81.06,4,cg_1778393484931_2,4629,cam2_20260510_001128.jpg,crops/cam2_20260510_001128_r1_c1.jpg,4631,cam2_20260510_001140.jpg,crops/cam2_20260510_001140_r1_c1.jpg,9701,28.3,,48,100,0,0,0,0,0,0.0,0.0,2242.0,0.0,37.4,9.3,0.0,0.0,,2026-05-10 06:11:42
germ-germinadorap-de5832|LOT-20260506-651F-009|r1_c1|rep0,LOT-20260506-651F-009:B2:R0,germ-germinadorap-de5832,LOT-20260506-651F-009,B2,1,1,0,Betabel,,c1,sin_cambio,,,,2026-05-10 06:26:28,2026-05-06 21:07:49,81.31,4,cg_1778394384933_2,4632,cam2_20260510_002627.jpg,crops/cam2_20260510_002627_r1_c1.jpg,4634,cam2_20260510_002634.jpg,crops/cam2_20260510_002634_r1_c1.jpg,9706,28.5,,49,100,0,0,0,0,0,0.0,0.0,2242.0,0.0,37.4,9.3,0.0,0.0,,2026-05-10 06:26:35
germ-germinadorap-de5832|LOT-20260506-651F-009|r1_c1|rep0,LOT-20260506-651F-009:B2:R0,germ-germinadorap-de5832,LOT-20260506-651F-009,B2,1,1,0,Betabel,,c1,sin_cambio,,,,2026-05-10 06:41:29,2026-05-06 21:07:49,81.56,4,cg_1778395284936_2,4636,cam2_20260510_004128.jpg,crops/cam2_20260510_004128_r1_c1.jpg,4638,cam2_20260510_004133.jpg,crops/cam2_20260510_004133_r1_c1.jpg,9718,28.4,,49,100,0,0,0,0,0,0.0,0.0,2242.0,0.0,37.4,9.3,0.0,0.0,,2026-05-10 06:41:34
germ-germinadorap-de5832|LOT-20260506-651F-009|r1_c1|rep0,LOT-20260506-651F-009:B2:R0,germ-germinadorap-de5832,LOT-20260506-651F-009,B2,1,1,0,Betabel,,c1,sin_cambio,,,,2026-05-10 06:56:29,2026-05-06 21:07:49,81.81,4,cg_1778396184936_2,4641,cam2_20260510_005628.jpg,crops/cam2_20260510_005628_r1_c1.jpg,4643,cam2_20260510_005639.jpg,crops/cam2_20260510_005639_r1_c1.jpg,9737,28.5,,50,100,0,0,0,0,0,0.0,0.0,2242.0,0.0,37.4,9.3,0.0,0.0,,2026-05-10 06:56:40
germ-germinadorap-de5832|LOT-20260506-651F-009|r1_c1|rep0,LOT-20260506-651F-009:B2:R0,germ-germinadorap-de5832,LOT-20260506-651F-009,B2,1,1,0,Betabel,,c1,sin_cambio,,,,2026-05-10 07:11:28,2026-05-06 21:07:49,82.06,4,cg_1778397084936_2,4644,cam2_20260510_011127.jpg,crops/cam2_20260510_011127_r1_c1.jpg,4646,cam2_20260510_011132.jpg,crops/cam2_20260510_011132_r1_c1.jpg,9742,28.3,,50,100,0,0,0,0,0,0.0,0.0,2243.0,0.0,37.4,9.3,0.0,0.0,,2026-05-10 07:11:34
germ-germinadorap-de5832|LOT-20260506-651F-009|r1_c1|rep0,LOT-20260506-651F-009:B2:R0,germ-germinadorap-de5832,LOT-20260506-651F-009,B2,1,1,0,Betabel,,c1,sin_cambio,,,,2026-05-10 07:26:28,2026-05-06 21:07:49,82.31,4,cg_1778397984937_2,4649,cam2_20260510_012627.jpg,crops/cam2_20260510_012627_r1_c1.jpg,4651,cam2_20260510_012640.jpg,crops/cam2_20260510_012640_r1_c1.jpg,9761,28.2,,50,100,0,0,0,0,0,0.0,0.0,2243.0,0.0,37.4,9.3,0.0,0.0,,2026-05-10 07:26:41
germ-germinadorap-de5832|LOT-20260506-651F-009|r1_c1|rep0,LOT-20260506-651F-009:B2:R0,germ-germinadorap-de5832,LOT-20260506-651F-009,B2,1,1,0,Betabel,,c1,sin_cambio,,,,2026-05-10 07:42:28,2026-05-06 21:07:49,82.58,4,cg_1778398944936_2,4652,cam2_20260510_014227.jpg,crops/cam2_20260510_014227_r1_c1.jpg,4654,cam2_20260510_014232.jpg,crops/cam2_20260510_014232_r1_c1.jpg,9766,28.4,,51,100,0,0,0,0,0,0.0,0.0,2243.0,0.0,37.4,9.3,0.0,0.0,,2026-05-10 07:42:34
germ-germinadorap-de5832|LOT-20260506-651F-009|r1_c1|rep0,LOT-20260506-651F-009:B2:R0,germ-germinadorap-de5832,LOT-20260506-651F-009,B2,1,1,0,Betabel,,c1,sin_cambio,,,,2026-05-10 07:57:26,2026-05-06 21:07:49,82.83,4,cg_1778399844936_2,4656,cam2_20260510_015726.jpg,crops/cam2_20260510_015726_r1_c1.jpg,4658,cam2_20260510_015729.jpg,crops/cam2_20260510_015729_r1_c1.jpg,9778,28.4,,50,100,0,0,0,0,0,0.0,0.0,2243.0,0.0,37.4,9.3,0.0,0.0,,2026-05-10 07:57:30
germ-germinadorap-de5832|LOT-20260506-651F-009|r1_c1|rep0,LOT-20260506-651F-009:B2:R0,germ-germinadorap-de5832,LOT-20260506-651F-009,B2,1,1,0,Betabel,,c1,sin_cambio,,,,2026-05-10 15:09:40,2026-05-06 21:07:49,90.03,4,cg_1778425778444_2,4660,cam2_20260510_090939.jpg,crops/cam2_20260510_090939_r1_c1.jpg,4662,cam2_20260510_090942.jpg,crops/cam2_20260510_090942_r1_c1.jpg,9790,27,,51,45.1,0,0,0,0,0,0.0,0.0,2244.0,0.0,43.4,10.8,0.6,0.2,,2026-05-10 15:09:44
germ-germinadorap-de5832|LOT-20260506-651F-009|r1_c1|rep0,LOT-20260506-651F-009:B2:R0,germ-germinadorap-de5832,LOT-20260506-651F-009,B2,1,1,0,Betabel,,c1,sin_cambio,,,,2026-05-10 15:24:40,2026-05-06 21:07:49,90.28,4,cg_1778426678443_2,4664,cam2_20260510_092439.jpg,crops/cam2_20260510_092439_r1_c1.jpg,4666,cam2_20260510_092442.jpg,crops/cam2_20260510_092442_r1_c1.jpg,9802,27.8,,47,47.1,0,0,0,0,0,0.0,0.0,2259.0,0.0,43.6,10.9,0.7,0.2,,2026-05-10 15:24:43
germ-germinadorap-de5832|LOT-20260506-651F-009|r1_c1|rep0,LOT-20260506-651F-009:B2:R0,germ-germinadorap-de5832,LOT-20260506-651F-009,B2,1,1,0,Betabel,,c1,sin_cambio,,,,2026-05-10 15:39:40,2026-05-06 21:07:49,90.53,4,cg_1778427578443_2,4668,cam2_20260510_093939.jpg,crops/cam2_20260510_093939_r1_c1.jpg,4670,cam2_20260510_093942.jpg,crops/cam2_20260510_093942_r1_c1.jpg,9814,28.4,,46,47.8,0,0,0,0,0,0.0,0.0,2274.0,0.0,43.9,11.0,0.8,0.2,,2026-05-10 15:39:43
germ-germinadorap-de5832|LOT-20260506-651F-009|r1_c1|rep0,LOT-20260506-651F-009:B2:R0,germ-germinadorap-de5832,LOT-20260506-651F-009,B2,1,1,0,Betabel,,c1,sin_cambio,,,,2026-05-10 15:54:40,2026-05-06 21:07:49,90.78,4,cg_1778428478442_2,4672,cam2_20260510_095439.jpg,crops/cam2_20260510_095439_r1_c1.jpg,4674,cam2_20260510_095442.jpg,crops/cam2_20260510_095442_r1_c1.jpg,9826,28.7,,44,48.1,0,0,0,0,0,0.0,0.0,2289.0,0.0,44.1,11.0,0.8,0.2,,2026-05-10 15:54:43
germ-germinadorap-de5832|LOT-20260506-651F-009|r1_c1|rep0,LOT-20260506-651F-009:B2:R0,germ-germinadorap-de5832,LOT-20260506-651F-009,B2,1,1,0,Betabel,,c1,sin_cambio,,,,2026-05-10 16:09:40,2026-05-06 21:07:49,91.03,4,cg_1778429378446_2,4676,cam2_20260510_100939.jpg,crops/cam2_20260510_100939_r1_c1.jpg,4678,cam2_20260510_100942.jpg,crops/cam2_20260510_100942_r1_c1.jpg,9838,29,,45,47.3,0,0,0,0,0,0.0,0.0,2303.0,0.0,44.4,11.1,0.9,0.2,,2026-05-10 16:09:43
germ-germinadorap-de5832|LOT-20260506-651F-009|r1_c1|rep0,LOT-20260506-651F-009:B2:R0,germ-germinadorap-de5832,LOT-20260506-651F-009,B2,1,1,0,Betabel,,c1,sin_cambio,,,,2026-05-10 16:24:40,2026-05-06 21:07:49,91.28,4,cg_1778430278444_2,4680,cam2_20260510_102439.jpg,crops/cam2_20260510_102439_r1_c1.jpg,4682,cam2_20260510_102442.jpg,crops/cam2_20260510_102442_r1_c1.jpg,9850,29,,45,47.5,0,0,0,0,0,0.0,0.0,2318.0,0.0,44.6,11.2,1.0,0.3,,2026-05-10 16:24:43
germ-germinadorap-de5832|LOT-20260506-651F-009|r1_c1|rep0,LOT-20260506-651F-009:B2:R0,germ-germinadorap-de5832,LOT-20260506-651F-009,B2,1,1,0,Betabel,,c1,sin_cambio,,,,2026-05-10 16:39:40,2026-05-06 21:07:49,91.53,4,cg_1778431178444_2,4684,cam2_20260510_103939.jpg,crops/cam2_20260510_103939_r1_c1.jpg,4686,cam2_20260510_103942.jpg,crops/cam2_20260510_103942_r1_c1.jpg,9862,29.1,,45,46.5,0,0,0,0,0,0.0,0.0,2333.0,0.0,44.9,11.2,1.1,0.3,,2026-05-10 16:39:43
germ-germinadorap-de5832|LOT-20260506-651F-009|r1_c1|rep0,LOT-20260506-651F-009:B2:R0,germ-germinadorap-de5832,LOT-20260506-651F-009,B2,1,1,0,Betabel,,c1,sin_cambio,,,,2026-05-10 16:54:40,2026-05-06 21:07:49,91.78,4,cg_1778432078447_2,4688,cam2_20260510_105439.jpg,crops/cam2_20260510_105439_r1_c1.jpg,4690,cam2_20260510_105442.jpg,crops/cam2_20260510_105442_r1_c1.jpg,9874,29.2,,45,46.9,0,0,0,0,0,0.0,0.0,2348.0,0.0,45.1,11.3,1.1,0.3,,2026-05-10 16:54:43
germ-germinadorap-de5832|LOT-20260506-651F-009|r1_c1|rep0,LOT-20260506-651F-009:B2:R0,germ-germinadorap-de5832,LOT-20260506-651F-009,B2,1,1,0,Betabel,,c1,sin_cambio,,,,2026-05-10 17:09:40,2026-05-06 21:07:49,92.03,4,cg_1778432978450_2,4692,cam2_20260510_110939.jpg,crops/cam2_20260510_110939_r1_c1.jpg,4694,cam2_20260510_110942.jpg,crops/cam2_20260510_110942_r1_c1.jpg,9886,29.3,,46,46.7,0,0,0,0,0,0.0,0.0,2363.0,0.0,45.4,11.3,1.2,0.3,,2026-05-10 17:09:43
germ-germinadorap-de5832|LOT-20260506-651F-009|r1_c1|rep0,LOT-20260506-651F-009:B2:R0,germ-germinadorap-de5832,LOT-20260506-651F-009,B2,1,1,0,Betabel,,c1,sin_cambio,,,,2026-05-10 17:24:40,2026-05-06 21:07:49,92.28,4,cg_1778433878450_2,4696,cam2_20260510_112439.jpg,crops/cam2_20260510_112439_r1_c1.jpg,4698,cam2_20260510_112442.jpg,crops/cam2_20260510_112442_r1_c1.jpg,9898,29.3,,46,46.6,0,0,0,0,0,0.0,0.0,2378.0,0.0,45.6,11.4,1.2,0.3,,2026-05-10 17:24:43
germ-germinadorap-de5832|LOT-20260506-651F-009|r1_c1|rep0,LOT-20260506-651F-009:B2:R0,germ-germinadorap-de5832,LOT-20260506-651F-009,B2,1,1,0,Betabel,,c1,sin_cambio,,,,2026-05-10 17:39:40,2026-05-06 21:07:49,92.53,4,cg_1778434778453_2,4700,cam2_20260510_113939.jpg,crops/cam2_20260510_113939_r1_c1.jpg,4702,cam2_20260510_113942.jpg,crops/cam2_20260510_113942_r1_c1.jpg,9910,29.6,,46,47.1,0,0,0,0,0,0.0,0.0,2393.0,0.0,45.9,11.5,1.3,0.3,,2026-05-10 17:39:43
germ-germinadorap-de5832|LOT-20260506-651F-009|r1_c1|rep0,LOT-20260506-651F-009:B2:R0,germ-germinadorap-de5832,LOT-20260506-651F-009,B2,1,1,0,Betabel,,c1,sin_cambio,,,,2026-05-10 17:55:29,2026-05-06 21:07:49,92.79,4,cg_1778435727212_2,4704,cam2_20260510_115528.jpg,crops/cam2_20260510_115528_r1_c1.jpg,4706,cam2_20260510_115531.jpg,crops/cam2_20260510_115531_r1_c1.jpg,9922,29.6,,46,49.9,0,0,0,0,0,0.0,0.0,2409.0,0.0,46.1,11.5,1.3,0.3,,2026-05-10 17:55:32
germ-germinadorap-de5832|LOT-20260506-651F-009|r1_c1|rep0,LOT-20260506-651F-009:B2:R0,germ-germinadorap-de5832,LOT-20260506-651F-009,B2,1,1,0,Betabel,,c1,sin_cambio,,,,2026-05-10 18:10:29,2026-05-06 21:07:49,93.04,4,cg_1778436627215_2,4708,cam2_20260510_121028.jpg,crops/cam2_20260510_121028_r1_c1.jpg,4710,cam2_20260510_121037.jpg,crops/cam2_20260510_121037_r1_c1.jpg,9934,29.7,,45,50,0,0,0,0,0,0.0,0.0,2424.0,0.0,46.4,11.6,1.4,0.3,,2026-05-10 18:10:38
germ-germinadorap-de5832|LOT-20260506-651F-009|r1_c1|rep0,LOT-20260506-651F-009:B2:R0,germ-germinadorap-de5832,LOT-20260506-651F-009,B2,1,1,0,Betabel,,c1,sin_cambio,,,,2026-05-10 18:25:29,2026-05-06 21:07:49,93.29,4,cg_1778437527217_2,4712,cam2_20260510_122528.jpg,crops/cam2_20260510_122528_r1_c1.jpg,4714,cam2_20260510_122531.jpg,crops/cam2_20260510_122531_r1_c1.jpg,9946,29.7,,44,69.6,0,0,0,0,0,0.0,0.0,2438.0,0.0,46.6,11.7,1.4,0.4,,2026-05-10 18:25:32
germ-germinadorap-de5832|LOT-20260506-651F-009|r1_c1|rep0,LOT-20260506-651F-009:B2:R0,germ-germinadorap-de5832,LOT-20260506-651F-009,B2,1,1,0,Betabel,,c1,sin_cambio,,,,2026-05-10 18:40:29,2026-05-06 21:07:49,93.54,4,cg_1778438427219_2,4716,cam2_20260510_124028.jpg,crops/cam2_20260510_124028_r1_c1.jpg,4718,cam2_20260510_124031.jpg,crops/cam2_20260510_124031_r1_c1.jpg,9958,29.8,,44,67.9,0,0,0,0,0,0.0,0.0,2453.0,0.0,46.9,11.7,1.5,0.4,,2026-05-10 18:40:32
germ-germinadorap-de5832|LOT-20260506-651F-009|r1_c1|rep0,LOT-20260506-651F-009:B2:R0,germ-germinadorap-de5832,LOT-20260506-651F-009,B2,1,1,0,Betabel,,c1,sin_cambio,,,,2026-05-10 18:55:29,2026-05-06 21:07:49,93.79,4,cg_1778439327220_2,4720,cam2_20260510_125528.jpg,crops/cam2_20260510_125528_r1_c1.jpg,4722,cam2_20260510_125531.jpg,crops/cam2_20260510_125531_r1_c1.jpg,9970,29.8,,44,65.2,0,0,0,0,0,0.0,0.0,2468.0,0.0,47.1,11.8,1.5,0.4,,2026-05-10 18:55:32
germ-germinadorap-de5832|LOT-20260506-651F-009|r1_c1|rep0,LOT-20260506-651F-009:B2:R0,germ-germinadorap-de5832,LOT-20260506-651F-009,B2,1,1,0,Betabel,,c1,sin_cambio,,,,2026-05-10 19:10:29,2026-05-06 21:07:49,94.04,4,cg_1778440227228_2,4728,cam2_20260510_131028.jpg,crops/cam2_20260510_131028_r1_c1.jpg,4730,cam2_20260510_131031.jpg,crops/cam2_20260510_131031_r1_c1.jpg,9982,29.8,,45,78.7,0,0,0,0,0,0.0,0.0,2483.0,4.0,47.4,11.8,1.6,0.4,,2026-05-10 19:10:32
germ-germinadorap-de5832|LOT-20260506-651F-009|r1_c1|rep0,LOT-20260506-651F-009:B2:R0,germ-germinadorap-de5832,LOT-20260506-651F-009,B2,1,1,0,Betabel,,c1,sin_cambio,,,,2026-05-10 19:25:29,2026-05-06 21:07:49,94.29,4,cg_1778441127261_2,4732,cam2_20260510_132528.jpg,crops/cam2_20260510_132528_r1_c1.jpg,4734,cam2_20260510_132531.jpg,crops/cam2_20260510_132531_r1_c1.jpg,9994,29.7,,46,49.7,0,0,0,0,0,0.0,0.0,2498.0,8.0,47.6,11.9,1.6,0.4,,2026-05-10 19:25:32
germ-germinadorap-de5832|LOT-20260506-651F-009|r1_c1|rep0,LOT-20260506-651F-009:B2:R0,germ-germinadorap-de5832,LOT-20260506-651F-009,B2,1,1,0,Betabel,,c1,sin_cambio,,,,2026-05-10 19:40:29,2026-05-06 21:07:49,94.54,4,cg_1778442027263_2,4736,cam2_20260510_134028.jpg,crops/cam2_20260510_134028_r1_c1.jpg,4738,cam2_20260510_134031.jpg,crops/cam2_20260510_134031_r1_c1.jpg,10006,29.9,,45,68.8,0,0,0,0,0,0.0,0.0,2513.0,11.0,47.9,12.0,1.6,0.4,,2026-05-10 19:40:32
germ-germinadorap-de5832|LOT-20260506-651F-009|r1_c1|rep0,LOT-20260506-651F-009:B2:R0,germ-germinadorap-de5832,LOT-20260506-651F-009,B2,1,1,0,Betabel,,c1,sin_cambio,,,,2026-05-10 19:55:37,2026-05-06 21:07:49,94.80,4,cg_1778442935752_2,4748,cam2_20260510_135537.jpg,crops/cam2_20260510_135537_r1_c1.jpg,4750,cam2_20260510_135539.jpg,crops/cam2_20260510_135539_r1_c1.jpg,10018,29.9,,54,46.2,0,0,0,0,0,0.0,0.0,2528.0,14.0,48.1,12.0,1.7,0.4,,2026-05-10 19:55:41
germ-germinadorap-de5832|LOT-20260506-651F-009|r1_c1|rep0,LOT-20260506-651F-009:B2:R0,germ-germinadorap-de5832,LOT-20260506-651F-009,B2,1,1,0,Betabel,,c1,sin_cambio,,,,2026-05-10 20:10:37,2026-05-06 21:07:49,95.05,4,cg_1778443835816_2,4752,cam2_20260510_141037.jpg,crops/cam2_20260510_141037_r1_c1.jpg,4754,cam2_20260510_141040.jpg,crops/cam2_20260510_141040_r1_c1.jpg,10030,29.9,,48,51.8,0,0,0,0,0,0.0,0.0,2542.0,19.0,48.2,12.0,1.7,0.4,,2026-05-10 20:10:41
germ-germinadorap-de5832|LOT-20260506-651F-009|r1_c1|rep0,LOT-20260506-651F-009:B2:R0,germ-germinadorap-de5832,LOT-20260506-651F-009,B2,1,1,0,Betabel,,c1,sin_cambio,,,,2026-05-10 20:25:47,2026-05-06 21:07:49,95.30,4,cg_1778444745363_2,4760,cam2_20260510_142547.jpg,crops/cam2_20260510_142547_r1_c1.jpg,4762,cam2_20260510_142550.jpg,crops/cam2_20260510_142550_r1_c1.jpg,10042,29.7,,62,47.1,0,0,1,0,0,0.0,1.0,2558.0,23.0,48.2,12.0,1.7,0.4,,2026-05-10 20:25:52
germ-germinadorap-de5832|LOT-20260506-651F-009|r1_c1|rep0,LOT-20260506-651F-009:B2:R0,germ-germinadorap-de5832,LOT-20260506-651F-009,B2,1,1,0,Betabel,,c1,sin_cambio,,,,2026-05-10 20:40:57,2026-05-06 21:07:49,95.55,4,cg_1778445655066_2,4768,cam2_20260510_144056.jpg,crops/cam2_20260510_144056_r1_c1.jpg,4769,cam2_20260510_144059.jpg,crops/cam2_20260510_144059_r1_c1.jpg,10054,29.7,,47,47.6,0,0,0,0,0,0.0,0.0,2572.0,29.0,48.2,12.0,1.7,0.4,,2026-05-10 20:41:01
germ-germinadorap-de5832|LOT-20260506-651F-009|r1_c1|rep0,LOT-20260506-651F-009:B2:R0,germ-germinadorap-de5832,LOT-20260506-651F-009,B2,1,1,0,Betabel,,c1,sin_cambio,,,,2026-05-10 20:55:57,2026-05-06 21:07:49,95.80,4,cg_1778446555262_2,4776,cam2_20260510_145556.jpg,crops/cam2_20260510_145556_r1_c1.jpg,4778,cam2_20260510_145559.jpg,crops/cam2_20260510_145559_r1_c1.jpg,10066,29.9,,58,47.7,0,0,0,0,0,0.0,0.0,2587.0,34.0,48.2,12.0,1.7,0.4,,2026-05-10 20:56:01
germ-germinadorap-de5832|LOT-20260506-651F-009|r1_c1|rep0,LOT-20260506-651F-009:B2:R0,germ-germinadorap-de5832,LOT-20260506-651F-009,B2,1,1,0,Betabel,,c1,sin_cambio,,,,2026-05-10 21:10:57,2026-05-06 21:07:49,96.05,5,cg_1778447455418_2,4780,cam2_20260510_151056.jpg,crops/cam2_20260510_151056_r1_c1.jpg,4782,cam2_20260510_151059.jpg,crops/cam2_20260510_151059_r1_c1.jpg,10078,29.8,,58,47.2,0,0,0,0,0,0.0,0.0,2602.0,39.0,48.4,9.7,1.7,0.3,,2026-05-10 21:11:01
germ-germinadorap-de5832|LOT-20260506-651F-009|r1_c1|rep0,LOT-20260506-651F-009:B2:R0,germ-germinadorap-de5832,LOT-20260506-651F-009,B2,1,1,0,Betabel,,c1,sin_cambio,,,,2026-05-10 21:25:57,2026-05-06 21:07:49,96.30,5,cg_1778448355547_2,4788,cam2_20260510_152556.jpg,crops/cam2_20260510_152556_r1_c1.jpg,4790,cam2_20260510_152559.jpg,crops/cam2_20260510_152559_r1_c1.jpg,10090,29.8,,63,45.7,0,0,1,0,0,0.0,1.0,2617.0,42.0,48.6,9.7,1.7,0.3,,2026-05-10 21:26:01
germ-germinadorap-de5832|LOT-20260506-651F-009|r1_c1|rep0,LOT-20260506-651F-009:B2:R0,germ-germinadorap-de5832,LOT-20260506-651F-009,B2,1,1,0,Betabel,,c1,sin_cambio,,,,2026-05-10 21:40:57,2026-05-06 21:07:49,96.55,5,cg_1778449255744_2,4792,cam2_20260510_154057.jpg,crops/cam2_20260510_154057_r1_c1.jpg,4794,cam2_20260510_154100.jpg,crops/cam2_20260510_154100_r1_c1.jpg,10102,29.7,,49,47.6,0,0,0,0,0,0.0,0.0,2632.0,47.0,48.9,9.8,1.7,0.3,,2026-05-10 21:41:01
germ-germinadorap-de5832|LOT-20260506-651F-009|r1_c1|rep0,LOT-20260506-651F-009:B2:R0,germ-germinadorap-de5832,LOT-20260506-651F-009,B2,1,1,0,Betabel,,c1,sin_cambio,,,,2026-05-10 21:55:57,2026-05-06 21:07:49,96.80,5,cg_1778450155747_2,4796,cam2_20260510_155557.jpg,crops/cam2_20260510_155557_r1_c1.jpg,4798,cam2_20260510_155600.jpg,crops/cam2_20260510_155600_r1_c1.jpg,10114,29.8,,47,47.5,0,0,0,0,0,0.0,0.0,2647.0,50.0,49.1,9.8,1.7,0.3,,2026-05-10 21:56:01
germ-germinadorap-de5832|LOT-20260506-651F-009|r1_c1|rep0,LOT-20260506-651F-009:B2:R0,germ-germinadorap-de5832,LOT-20260506-651F-009,B2,1,1,0,Betabel,,c1,sin_cambio,,,,2026-05-10 22:10:57,2026-05-06 21:07:49,97.05,5,cg_1778451055750_2,4800,cam2_20260510_161057.jpg,crops/cam2_20260510_161057_r1_c1.jpg,4801,cam2_20260510_161100.jpg,crops/cam2_20260510_161100_r1_c1.jpg,10126,29.9,,59,48.1,0,0,0,0,0,0.0,0.0,2662.0,54.0,49.4,9.9,1.7,0.3,,2026-05-10 22:11:01
germ-germinadorap-de5832|LOT-20260506-651F-009|r1_c1|rep0,LOT-20260506-651F-009:B2:R0,germ-germinadorap-de5832,LOT-20260506-651F-009,B2,1,1,0,Betabel,,c1,sin_cambio,,,,2026-05-10 22:25:57,2026-05-06 21:07:49,97.30,5,cg_1778451955821_2,4804,cam2_20260510_162557.jpg,crops/cam2_20260510_162557_r1_c1.jpg,4806,cam2_20260510_162600.jpg,crops/cam2_20260510_162600_r1_c1.jpg,10138,29.6,,51,46.7,0,0,0,0,0,0.0,0.0,2677.0,60.0,49.6,9.9,1.7,0.3,,2026-05-10 22:26:01
germ-germinadorap-de5832|LOT-20260506-651F-009|r1_c1|rep0,LOT-20260506-651F-009:B2:R0,germ-germinadorap-de5832,LOT-20260506-651F-009,B2,1,1,0,Betabel,,c1,sin_cambio,,,,2026-05-10 22:40:57,2026-05-06 21:07:49,97.55,5,cg_1778452855827_2,4812,cam2_20260510_164057.jpg,crops/cam2_20260510_164057_r1_c1.jpg,4814,cam2_20260510_164100.jpg,crops/cam2_20260510_164100_r1_c1.jpg,10150,29.7,,49,46.5,0,0,0,0,0,0.0,0.0,2691.0,64.0,49.8,10.0,1.7,0.3,,2026-05-10 22:41:01
germ-germinadorap-de5832|LOT-20260506-651F-009|r1_c1|rep0,LOT-20260506-651F-009:B2:R0,germ-germinadorap-de5832,LOT-20260506-651F-009,B2,1,1,0,Betabel,,c1,sin_cambio,,,,2026-05-10 22:55:57,2026-05-06 21:07:49,97.80,5,cg_1778453755870_2,4816,cam2_20260510_165557.jpg,crops/cam2_20260510_165557_r1_c1.jpg,4818,cam2_20260510_165600.jpg,crops/cam2_20260510_165600_r1_c1.jpg,10162,29.7,,48,44,0,0,0,0,0,0.0,0.0,2706.0,67.0,50.1,10.0,1.7,0.3,,2026-05-10 22:56:01
germ-germinadorap-de5832|LOT-20260506-651F-009|r1_c1|rep0,LOT-20260506-651F-009:B2:R0,germ-germinadorap-de5832,LOT-20260506-651F-009,B2,1,1,0,Betabel,,c1,sin_cambio,,,,2026-05-10 23:10:57,2026-05-06 21:07:49,98.05,5,cg_1778454655873_2,4820,cam2_20260510_171057.jpg,crops/cam2_20260510_171057_r1_c1.jpg,4822,cam2_20260510_171100.jpg,crops/cam2_20260510_171100_r1_c1.jpg,10174,29.8,,46,47.5,0,0,0,0,0,0.0,0.0,2721.0,70.0,50.3,10.1,1.7,0.3,,2026-05-10 23:11:01
germ-germinadorap-de5832|LOT-20260506-651F-009|r1_c1|rep0,LOT-20260506-651F-009:B2:R0,germ-germinadorap-de5832,LOT-20260506-651F-009,B2,1,1,0,Betabel,,c1,sin_cambio,,,,2026-05-10 23:25:57,2026-05-06 21:07:49,98.30,5,cg_1778455555875_2,4824,cam2_20260510_172557.jpg,crops/cam2_20260510_172557_r1_c1.jpg,4826,cam2_20260510_172600.jpg,crops/cam2_20260510_172600_r1_c1.jpg,10185,29.8,,47,45.9,0,0,0,0,0,0.0,0.0,2737.0,74.0,50.6,10.1,1.7,0.3,,2026-05-10 23:26:01
germ-germinadorap-de5832|LOT-20260506-651F-009|r1_c1|rep0,LOT-20260506-651F-009:B2:R0,germ-germinadorap-de5832,LOT-20260506-651F-009,B2,1,1,0,Betabel,,c1,sin_cambio,,,,2026-05-10 23:40:57,2026-05-06 21:07:49,98.55,5,cg_1778456455876_2,4828,cam2_20260510_174057.jpg,crops/cam2_20260510_174057_r1_c1.jpg,4830,cam2_20260510_174100.jpg,crops/cam2_20260510_174100_r1_c1.jpg,10196,29.8,,47,46.4,0,0,0,0,0,0.0,0.0,2752.0,77.0,50.8,10.2,1.7,0.3,,2026-05-10 23:41:01
germ-germinadorap-de5832|LOT-20260506-651F-009|r1_c1|rep0,LOT-20260506-651F-009:B2:R0,germ-germinadorap-de5832,LOT-20260506-651F-009,B2,1,1,0,Betabel,,c1,sin_cambio,,,,2026-05-10 23:55:57,2026-05-06 21:07:49,98.80,5,cg_1778457355905_2,4832,cam2_20260510_175557.jpg,crops/cam2_20260510_175557_r1_c1.jpg,4834,cam2_20260510_175600.jpg,crops/cam2_20260510_175600_r1_c1.jpg,10208,29.8,,45,45.5,0,0,0,0,0,0.0,0.0,2767.0,80.0,51.1,10.2,1.7,0.3,,2026-05-10 23:56:01
germ-germinadorap-de5832|LOT-20260506-651F-009|r1_c1|rep0,LOT-20260506-651F-009:B2:R0,germ-germinadorap-de5832,LOT-20260506-651F-009,B2,1,1,0,Betabel,,c1,sin_cambio,,,,2026-05-11 00:10:57,2026-05-06 21:07:49,99.05,5,cg_1778458255962_2,4836,cam2_20260510_181057.jpg,crops/cam2_20260510_181057_r1_c1.jpg,4838,cam2_20260510_181100.jpg,crops/cam2_20260510_181100_r1_c1.jpg,10220,29.7,,48,45.4,0,0,0,1,0,15.0,3.0,2782.0,84.0,51.3,10.3,1.7,0.3,,2026-05-11 00:11:01
germ-germinadorap-de5832|LOT-20260506-651F-009|r1_c1|rep0,LOT-20260506-651F-009:B2:R0,germ-germinadorap-de5832,LOT-20260506-651F-009,B2,1,1,0,Betabel,,c1,sin_cambio,,,,2026-05-11 00:25:57,2026-05-06 21:07:49,99.30,5,cg_1778459155979_2,4840,cam2_20260510_182557.jpg,crops/cam2_20260510_182557_r1_c1.jpg,4842,cam2_20260510_182600.jpg,crops/cam2_20260510_182600_r1_c1.jpg,10232,29.7,,58,44.8,0,0,0,0,0,0.0,0.0,2797.0,87.0,51.5,10.3,1.7,0.3,,2026-05-11 00:26:01
germ-germinadorap-de5832|LOT-20260506-651F-009|r1_c1|rep0,LOT-20260506-651F-009:B2:R0,germ-germinadorap-de5832,LOT-20260506-651F-009,B2,1,1,0,Betabel,,c1,sin_cambio,,,,2026-05-11 03:10:59,2026-05-06 21:07:49,102.05,5,cg_1778469056122_2,4884,cam2_20260510_211058.jpg,crops/cam2_20260510_211058_r1_c1.jpg,4886,cam2_20260510_211101.jpg,crops/cam2_20260510_211101_r1_c1.jpg,10366,29,,46,41,0,0,0,0,0,0.0,0.0,2900.0,101.0,51.5,10.3,1.7,0.3,,2026-05-11 03:11:04
germ-germinadorap-de5832|LOT-20260506-651F-009|r1_c1|rep0,LOT-20260506-651F-009:B2:R0,germ-germinadorap-de5832,LOT-20260506-651F-009,B2,1,1,0,Betabel,,c1,sin_cambio,,,,2026-05-11 03:25:58,2026-05-06 21:07:49,102.30,5,cg_1778469956119_2,4888,cam2_20260510_212557.jpg,crops/cam2_20260510_212557_r1_c1.jpg,4890,cam2_20260510_212600.jpg,crops/cam2_20260510_212600_r1_c1.jpg,10378,29.1,,47,41.3,0,0,0,0,0,0.0,0.0,2914.0,101.0,51.5,10.3,1.7,0.3,,2026-05-11 03:26:02
germ-germinadorap-de5832|LOT-20260506-651F-009|r1_c1|rep0,LOT-20260506-651F-009:B2:R0,germ-germinadorap-de5832,LOT-20260506-651F-009,B2,1,1,0,Betabel,,c1,sin_cambio,,,,2026-05-11 03:40:58,2026-05-06 21:07:49,102.55,5,cg_1778470856130_2,4892,cam2_20260510_214057.jpg,crops/cam2_20260510_214057_r1_c1.jpg,4894,cam2_20260510_214100.jpg,crops/cam2_20260510_214100_r1_c1.jpg,10390,27.6,,45,37.5,0,0,0,0,0,0.0,0.0,2929.0,101.0,51.5,10.3,1.7,0.3,,2026-05-11 03:41:02
germ-germinadorap-de5832|LOT-20260506-651F-009|r1_c1|rep0,LOT-20260506-651F-009:B2:R0,germ-germinadorap-de5832,LOT-20260506-651F-009,B2,1,1,0,Betabel,,c1,sin_cambio,,,,2026-05-11 03:55:58,2026-05-06 21:07:49,102.80,5,cg_1778471756129_2,4896,cam2_20260510_215557.jpg,crops/cam2_20260510_215557_r1_c1.jpg,4898,cam2_20260510_215601.jpg,crops/cam2_20260510_215601_r1_c1.jpg,10402,27.3,,47,34.1,0,0,0,0,0,0.0,0.0,2944.0,101.0,51.5,10.3,1.7,0.3,,2026-05-11 03:56:03
germ-germinadorap-de5832|LOT-20260506-651F-009|r1_c1|rep0,LOT-20260506-651F-009:B2:R0,germ-germinadorap-de5832,LOT-20260506-651F-009,B2,1,1,0,Betabel,,c1,sin_cambio,,,,2026-05-11 04:10:58,2026-05-06 21:07:49,103.05,5,cg_1778472656132_2,4900,cam2_20260510_221057.jpg,crops/cam2_20260510_221057_r1_c1.jpg,4902,cam2_20260510_221100.jpg,crops/cam2_20260510_221100_r1_c1.jpg,10414,26.8,,42,35.2,0,0,0,0,0,0.0,0.0,2959.0,101.0,51.5,10.3,1.7,0.3,,2026-05-11 04:11:02
germ-germinadorap-de5832|LOT-20260506-651F-009|r1_c1|rep0,LOT-20260506-651F-009:B2:R0,germ-germinadorap-de5832,LOT-20260506-651F-009,B2,1,1,0,Betabel,,c1,sin_cambio,,,,2026-05-11 04:25:58,2026-05-06 21:07:49,103.30,5,cg_1778473556146_2,4904,cam2_20260510_222557.jpg,crops/cam2_20260510_222557_r1_c1.jpg,4906,cam2_20260510_222600.jpg,crops/cam2_20260510_222600_r1_c1.jpg,10426,26.2,,40,35.6,0,0,0,0,0,0.0,0.0,2974.0,101.0,51.5,10.3,1.7,0.3,,2026-05-11 04:26:02
germ-germinadorap-de5832|LOT-20260506-651F-009|r1_c1|rep0,LOT-20260506-651F-009:B2:R0,germ-germinadorap-de5832,LOT-20260506-651F-009,B2,1,1,0,Betabel,,c1,sin_cambio,,,,2026-05-11 04:40:58,2026-05-06 21:07:49,103.55,5,cg_1778474456160_2,4908,cam2_20260510_224057.jpg,crops/cam2_20260510_224057_r1_c1.jpg,4910,cam2_20260510_224100.jpg,crops/cam2_20260510_224100_r1_c1.jpg,10438,26.8,,40,35.8,0,0,0,0,0,0.0,0.0,2989.0,101.0,51.5,10.3,1.7,0.3,,2026-05-11 04:41:02
germ-germinadorap-de5832|LOT-20260506-651F-009|r1_c1|rep0,LOT-20260506-651F-009:B2:R0,germ-germinadorap-de5832,LOT-20260506-651F-009,B2,1,1,0,Betabel,,c1,sin_cambio,,,,2026-05-11 04:55:58,2026-05-06 21:07:49,103.80,5,cg_1778475356182_2,4912,cam2_20260510_225557.jpg,crops/cam2_20260510_225557_r1_c1.jpg,4914,cam2_20260510_225600.jpg,crops/cam2_20260510_225600_r1_c1.jpg,10450,28,,46,33.7,0,0,0,0,0,0.0,0.0,3004.0,101.0,51.5,10.3,1.7,0.3,,2026-05-11 04:56:02
germ-germinadorap-de5832|LOT-20260506-651F-009|r1_c1|rep0,LOT-20260506-651F-009:B2:R0,germ-germinadorap-de5832,LOT-20260506-651F-009,B2,1,1,0,Betabel,,c1,sin_cambio,,,,2026-05-11 05:10:58,2026-05-06 21:07:49,104.05,5,cg_1778476256201_2,4916,cam2_20260510_231057.jpg,crops/cam2_20260510_231057_r1_c1.jpg,4918,cam2_20260510_231100.jpg,crops/cam2_20260510_231100_r1_c1.jpg,10462,28.2,,47,35.8,0,0,0,0,0,0.0,0.0,3019.0,101.0,51.5,10.3,1.7,0.3,,2026-05-11 05:11:02
germ-germinadorap-de5832|LOT-20260506-651F-009|r1_c1|rep0,LOT-20260506-651F-009:B2:R0,germ-germinadorap-de5832,LOT-20260506-651F-009,B2,1,1,0,Betabel,,c1,sin_cambio,,,,2026-05-11 05:25:58,2026-05-06 21:07:49,104.30,5,cg_1778477156211_2,4920,cam2_20260510_232557.jpg,crops/cam2_20260510_232557_r1_c1.jpg,4922,cam2_20260510_232600.jpg,crops/cam2_20260510_232600_r1_c1.jpg,10474,28.2,,48,35.9,0,0,0,0,0,0.0,0.0,3034.0,101.0,51.5,10.3,1.7,0.3,,2026-05-11 05:26:02
germ-germinadorap-de5832|LOT-20260506-651F-009|r1_c1|rep0,LOT-20260506-651F-009:B2:R0,germ-germinadorap-de5832,LOT-20260506-651F-009,B2,1,1,0,Betabel,,c1,sin_cambio,,,,2026-05-11 05:40:58,2026-05-06 21:07:49,104.55,5,cg_1778478056235_2,4924,cam2_20260510_234057.jpg,crops/cam2_20260510_234057_r1_c1.jpg,4926,cam2_20260510_234101.jpg,crops/cam2_20260510_234101_r1_c1.jpg,10486,28.4,,48,37.3,0,0,0,0,0,0.0,0.0,3048.0,101.0,51.5,10.3,1.7,0.3,,2026-05-11 05:41:02
germ-germinadorap-de5832|LOT-20260506-651F-009|r1_c1|rep0,LOT-20260506-651F-009:B2:R0,germ-germinadorap-de5832,LOT-20260506-651F-009,B2,1,1,0,Betabel,,c1,sin_cambio,,,,2026-05-11 05:55:58,2026-05-06 21:07:49,104.80,5,cg_1778478956246_2,4928,cam2_20260510_235557.jpg,crops/cam2_20260510_235557_r1_c1.jpg,4930,cam2_20260510_235600.jpg,crops/cam2_20260510_235600_r1_c1.jpg,10498,28.4,,50,35.6,0,0,0,0,0,0.0,0.0,3063.0,101.0,51.5,10.3,1.7,0.3,,2026-05-11 05:56:02
germ-germinadorap-de5832|LOT-20260506-651F-009|r1_c1|rep0,LOT-20260506-651F-009:B2:R0,germ-germinadorap-de5832,LOT-20260506-651F-009,B2,1,1,0,Betabel,,c1,sin_cambio,,,,2026-05-11 06:10:58,2026-05-06 21:07:49,105.05,5,cg_1778479856282_2,4932,cam2_20260511_001057.jpg,crops/cam2_20260511_001057_r1_c1.jpg,4934,cam2_20260511_001100.jpg,crops/cam2_20260511_001100_r1_c1.jpg,10510,28.5,,48,34.1,0,0,0,0,0,0.0,0.0,3078.0,101.0,51.5,10.3,1.7,0.3,,2026-05-11 06:11:02
germ-germinadorap-de5832|LOT-20260506-651F-009|r1_c1|rep0,LOT-20260506-651F-009:B2:R0,germ-germinadorap-de5832,LOT-20260506-651F-009,B2,1,1,0,Betabel,,c1,sin_cambio,,,,2026-05-11 06:25:58,2026-05-06 21:07:49,105.30,5,cg_1778480756279_2,4936,cam2_20260511_002557.jpg,crops/cam2_20260511_002557_r1_c1.jpg,4938,cam2_20260511_002600.jpg,crops/cam2_20260511_002600_r1_c1.jpg,10522,28.6,,51,36.3,0,0,0,0,0,0.0,0.0,3089.0,101.0,51.5,10.3,1.7,0.3,,2026-05-11 06:26:02
germ-germinadorap-de5832|LOT-20260506-651F-009|r1_c1|rep0,LOT-20260506-651F-009:B2:R0,germ-germinadorap-de5832,LOT-20260506-651F-009,B2,1,1,0,Betabel,,c1,sin_cambio,,,,2026-05-11 06:40:58,2026-05-06 21:07:49,105.55,5,cg_1778481656285_2,4940,cam2_20260511_004057.jpg,crops/cam2_20260511_004057_r1_c1.jpg,4942,cam2_20260511_004100.jpg,crops/cam2_20260511_004100_r1_c1.jpg,10534,28.7,,51,35.8,0,0,0,0,0,0.0,0.0,3089.0,101.0,51.5,10.3,1.7,0.3,,2026-05-11 06:41:02
germ-germinadorap-de5832|LOT-20260506-651F-009|r1_c1|rep0,LOT-20260506-651F-009:B2:R0,germ-germinadorap-de5832,LOT-20260506-651F-009,B2,1,1,0,Betabel,,c1,sin_cambio,,,,2026-05-11 06:55:58,2026-05-06 21:07:49,105.80,5,cg_1778482556287_2,4944,cam2_20260511_005557.jpg,crops/cam2_20260511_005557_r1_c1.jpg,4946,cam2_20260511_005600.jpg,crops/cam2_20260511_005600_r1_c1.jpg,10546,28.5,,53,34.3,0,0,0,0,0,0.0,0.0,3089.0,101.0,51.5,10.3,1.7,0.3,,2026-05-11 06:56:02
germ-germinadorap-de5832|LOT-20260506-651F-009|r1_c1|rep0,LOT-20260506-651F-009:B2:R0,germ-germinadorap-de5832,LOT-20260506-651F-009,B2,1,1,0,Betabel,,c1,sin_cambio,,,,2026-05-11 14:35:50,2026-05-06 21:07:49,113.47,5,cg_1778510148204_2,4949,cam2_20260511_083549.jpg,crops/cam2_20260511_083549_r1_c1.jpg,4951,cam2_20260511_083554.jpg,crops/cam2_20260511_083554_r1_c1.jpg,10565,26.8,,60,15,0,0,0,0,0,0.0,0.0,3090.0,101.0,57.5,11.5,1.7,0.3,,2026-05-11 14:35:55
germ-germinadorap-de5832|LOT-20260506-651F-009|r1_c1|rep0,LOT-20260506-651F-009:B2:R0,germ-germinadorap-de5832,LOT-20260506-651F-009,B2,1,1,0,Betabel,,c1,sin_cambio,,,,2026-05-11 14:50:50,2026-05-06 21:07:49,113.72,5,cg_1778511048201_2,4952,cam2_20260511_085049.jpg,crops/cam2_20260511_085049_r1_c1.jpg,4954,cam2_20260511_085052.jpg,crops/cam2_20260511_085052_r1_c1.jpg,10570,27.2,,52,15.1,0,0,0,0,0,0.0,0.0,3105.0,101.0,57.7,11.5,1.7,0.3,,2026-05-11 14:50:53
germ-germinadorap-de5832|LOT-20260506-651F-009|r1_c1|rep0,LOT-20260506-651F-009:B2:R0,germ-germinadorap-de5832,LOT-20260506-651F-009,B2,1,1,0,Betabel,,c1,sin_cambio,,,,2026-05-11 15:05:50,2026-05-06 21:07:49,113.97,5,cg_1778511948210_2,4956,cam2_20260511_090549.jpg,crops/cam2_20260511_090549_r1_c1.jpg,4958,cam2_20260511_090552.jpg,crops/cam2_20260511_090552_r1_c1.jpg,10582,27.9,,50,15.1,0,0,0,0,0,0.0,0.0,3120.0,101.0,58.0,11.6,1.7,0.3,,2026-05-11 15:05:54
germ-germinadorap-de5832|LOT-20260506-651F-009|r1_c1|rep0,LOT-20260506-651F-009:B2:R0,germ-germinadorap-de5832,LOT-20260506-651F-009,B2,1,1,0,Betabel,,c1,sin_cambio,,,,2026-05-11 15:20:50,2026-05-06 21:07:49,114.22,5,cg_1778512848207_2,4960,cam2_20260511_092049.jpg,crops/cam2_20260511_092049_r1_c1.jpg,4962,cam2_20260511_092052.jpg,crops/cam2_20260511_092052_r1_c1.jpg,10594,28,,50,15.1,0,0,0,0,0,0.0,0.0,3135.0,101.0,58.2,11.6,1.7,0.3,,2026-05-11 15:20:54
germ-germinadorap-de5832|LOT-20260506-651F-009|r1_c1|rep0,LOT-20260506-651F-009:B2:R0,germ-germinadorap-de5832,LOT-20260506-651F-009,B2,1,1,0,Betabel,,c1,sin_cambio,,,,2026-05-11 15:35:50,2026-05-06 21:07:49,114.47,5,cg_1778513748209_2,4972,cam2_20260511_093549.jpg,crops/cam2_20260511_093549_r1_c1.jpg,4974,cam2_20260511_093552.jpg,crops/cam2_20260511_093552_r1_c1.jpg,10606,28.3,,49,15.2,0,0,0,0,0,0.0,0.0,3149.0,101.0,58.5,11.7,1.7,0.3,,2026-05-11 15:35:54
germ-germinadorap-de5832|LOT-20260506-651F-009|r1_c1|rep0,LOT-20260506-651F-009:B2:R0,germ-germinadorap-de5832,LOT-20260506-651F-009,B2,1,1,0,Betabel,,c1,sin_cambio,,,,2026-05-11 15:50:50,2026-05-06 21:07:49,114.72,5,cg_1778514648214_2,4976,cam2_20260511_095049.jpg,crops/cam2_20260511_095049_r1_c1.jpg,4978,cam2_20260511_095052.jpg,crops/cam2_20260511_095052_r1_c1.jpg,10618,28.5,,49,15.6,0,0,0,0,0,0.0,0.0,3164.0,101.0,58.7,11.7,1.7,0.3,,2026-05-11 15:50:54
germ-germinadorap-de5832|LOT-20260506-651F-009|r1_c1|rep0,LOT-20260506-651F-009:B2:R0,germ-germinadorap-de5832,LOT-20260506-651F-009,B2,1,1,0,Betabel,,c1,sin_cambio,,,,2026-05-11 16:05:50,2026-05-06 21:07:49,114.97,5,cg_1778515548214_2,4980,cam2_20260511_100549.jpg,crops/cam2_20260511_100549_r1_c1.jpg,4982,cam2_20260511_100552.jpg,crops/cam2_20260511_100552_r1_c1.jpg,10630,28.6,,48,15.6,0,0,0,0,0,0.0,0.0,3179.0,101.0,59.0,11.8,1.7,0.3,,2026-05-11 16:05:54
germ-germinadorap-de5832|LOT-20260506-651F-009|r1_c1|rep0,LOT-20260506-651F-009:B2:R0,germ-germinadorap-de5832,LOT-20260506-651F-009,B2,1,1,0,Betabel,,c1,sin_cambio,,,,2026-05-11 16:20:50,2026-05-06 21:07:49,115.22,5,cg_1778516448215_2,4984,cam2_20260511_102049.jpg,crops/cam2_20260511_102049_r1_c1.jpg,4986,cam2_20260511_102053.jpg,crops/cam2_20260511_102053_r1_c1.jpg,10642,28.6,,48,16,0,0,0,0,0,0.0,0.0,3194.0,101.0,59.2,11.8,1.7,0.3,,2026-05-11 16:20:54
germ-germinadorap-de5832|LOT-20260506-651F-009|r1_c1|rep0,LOT-20260506-651F-009:B2:R0,germ-germinadorap-de5832,LOT-20260506-651F-009,B2,1,1,0,Betabel,,c1,sin_cambio,,,,2026-05-11 16:35:51,2026-05-06 21:07:49,115.47,5,cg_1778517348293_2,4988,cam2_20260511_103550.jpg,crops/cam2_20260511_103550_r1_c1.jpg,4990,cam2_20260511_103554.jpg,crops/cam2_20260511_103554_r1_c1.jpg,10654,28.5,,48,16.7,0,0,0,0,0,0.0,0.0,3209.0,101.0,59.5,11.9,1.7,0.3,,2026-05-11 16:35:57
germ-germinadorap-de5832|LOT-20260506-651F-009|r1_c1|rep0,LOT-20260506-651F-009:B2:R0,germ-germinadorap-de5832,LOT-20260506-651F-009,B2,1,1,0,Betabel,,c1,sin_cambio,,,,2026-05-11 16:50:50,2026-05-06 21:07:49,115.72,5,cg_1778518248293_2,4992,cam2_20260511_105049.jpg,crops/cam2_20260511_105049_r1_c1.jpg,4994,cam2_20260511_105052.jpg,crops/cam2_20260511_105052_r1_c1.jpg,10666,28.7,,47,15.7,0,0,0,0,0,0.0,0.0,3224.0,102.0,59.7,11.9,1.7,0.3,,2026-05-11 16:50:54
germ-germinadorap-de5832|LOT-20260506-651F-009|r1_c1|rep0,LOT-20260506-651F-009:B2:R0,germ-germinadorap-de5832,LOT-20260506-651F-009,B2,1,1,0,Betabel,,c1,sin_cambio,,,,2026-05-11 17:05:50,2026-05-06 21:07:49,115.97,5,cg_1778519148297_2,4996,cam2_20260511_110549.jpg,crops/cam2_20260511_110549_r1_c1.jpg,4998,cam2_20260511_110552.jpg,crops/cam2_20260511_110552_r1_c1.jpg,10678,28.9,,47,16,0,0,0,0,0,0.0,0.0,3239.0,102.0,60.0,12.0,1.7,0.3,,2026-05-11 17:05:54
germ-germinadorap-de5832|LOT-20260506-651F-009|r1_c1|rep0,LOT-20260506-651F-009:B2:R0,germ-germinadorap-de5832,LOT-20260506-651F-009,B2,1,1,0,Betabel,,c1,sin_cambio,,,,2026-05-11 17:21:50,2026-05-06 21:07:49,116.23,5,cg_1778520108297_2,5000,cam2_20260511_112149.jpg,crops/cam2_20260511_112149_r1_c1.jpg,5002,cam2_20260511_112152.jpg,crops/cam2_20260511_112152_r1_c1.jpg,10690,29,,48,16,0,0,0,0,0,0.0,0.0,3254.0,102.0,60.2,12.0,1.7,0.3,,2026-05-11 17:21:54
germ-germinadorap-de5832|LOT-20260506-651F-009|r1_c1|rep0,LOT-20260506-651F-009:B2:R0,germ-germinadorap-de5832,LOT-20260506-651F-009,B2,1,1,0,Betabel,,c1,sin_cambio,,,,2026-05-11 17:36:50,2026-05-06 21:07:49,116.48,5,cg_1778521008298_2,5004,cam2_20260511_113649.jpg,crops/cam2_20260511_113649_r1_c1.jpg,5006,cam2_20260511_113654.jpg,crops/cam2_20260511_113654_r1_c1.jpg,10702,29.2,,48,16.5,0,0,0,0,0,0.0,0.0,3269.0,102.0,60.5,12.1,1.7,0.3,,2026-05-11 17:36:56
germ-germinadorap-de5832|LOT-20260506-651F-009|r1_c1|rep0,LOT-20260506-651F-009:B2:R0,germ-germinadorap-de5832,LOT-20260506-651F-009,B2,1,1,0,Betabel,,c1,sin_cambio,,,,2026-05-11 17:51:50,2026-05-06 21:07:49,116.73,5,cg_1778521908300_2,5008,cam2_20260511_115149.jpg,crops/cam2_20260511_115149_r1_c1.jpg,5010,cam2_20260511_115153.jpg,crops/cam2_20260511_115153_r1_c1.jpg,10714,29.3,,48,16.5,0,0,0,0,0,0.0,0.0,3284.0,102.0,60.7,12.1,1.7,0.3,,2026-05-11 17:51:54
germ-germinadorap-de5832|LOT-20260506-651F-009|r1_c1|rep0,LOT-20260506-651F-009:B2:R0,germ-germinadorap-de5832,LOT-20260506-651F-009,B2,1,1,0,Betabel,,c1,sin_cambio,,,,2026-05-11 18:06:50,2026-05-06 21:07:49,116.98,5,cg_1778522808303_2,5012,cam2_20260511_120649.jpg,crops/cam2_20260511_120649_r1_c1.jpg,5014,cam2_20260511_120652.jpg,crops/cam2_20260511_120652_r1_c1.jpg,10726,29.3,,47,16.9,0,0,0,0,0,0.0,0.0,3299.0,102.0,61.0,12.2,1.7,0.3,,2026-05-11 18:06:54
germ-germinadorap-de5832|LOT-20260506-651F-009|r1_c1|rep0,LOT-20260506-651F-009:B2:R0,germ-germinadorap-de5832,LOT-20260506-651F-009,B2,1,1,0,Betabel,,c1,sin_cambio,,,,2026-05-11 18:21:50,2026-05-06 21:07:49,117.23,5,cg_1778523708307_2,5016,cam2_20260511_122149.jpg,crops/cam2_20260511_122149_r1_c1.jpg,5018,cam2_20260511_122152.jpg,crops/cam2_20260511_122152_r1_c1.jpg,10738,29.3,,46,16.8,0,0,0,0,0,0.0,0.0,3314.0,102.0,61.2,12.2,1.7,0.3,,2026-05-11 18:21:54
germ-germinadorap-de5832|LOT-20260506-651F-009|r1_c1|rep0,LOT-20260506-651F-009:B2:R0,germ-germinadorap-de5832,LOT-20260506-651F-009,B2,1,1,0,Betabel,,c1,sin_cambio,,,,2026-05-11 18:36:54,2026-05-06 21:07:49,117.48,5,cg_1778524612078_2,5020,cam2_20260511_123653.jpg,crops/cam2_20260511_123653_r1_c1.jpg,5022,cam2_20260511_123656.jpg,crops/cam2_20260511_123656_r1_c1.jpg,10750,29.4,,46,19.3,0,0,0,0,0,0.0,0.0,3329.0,102.0,61.5,12.3,1.7,0.3,,2026-05-11 18:36:57
germ-germinadorap-de5832|LOT-20260506-651F-009|r1_c1|rep0,LOT-20260506-651F-009:B2:R0,germ-germinadorap-de5832,LOT-20260506-651F-009,B2,1,1,0,Betabel,,c1,sin_cambio,,,,2026-05-11 18:51:54,2026-05-06 21:07:49,117.73,5,cg_1778525512081_2,5024,cam2_20260511_125153.jpg,crops/cam2_20260511_125153_r1_c1.jpg,5026,cam2_20260511_125156.jpg,crops/cam2_20260511_125156_r1_c1.jpg,10762,29.6,,45,17,0,0,0,0,0,0.0,0.0,3344.0,102.0,61.7,12.3,1.7,0.3,,2026-05-11 18:51:57
germ-germinadorap-de5832|LOT-20260506-651F-009|r1_c1|rep0,LOT-20260506-651F-009:B2:R0,germ-germinadorap-de5832,LOT-20260506-651F-009,B2,1,1,0,Betabel,,c1,sin_cambio,,,,2026-05-11 19:06:54,2026-05-06 21:07:49,117.98,5,cg_1778526412123_2,5032,cam2_20260511_130653.jpg,crops/cam2_20260511_130653_r1_c1.jpg,5034,cam2_20260511_130656.jpg,crops/cam2_20260511_130656_r1_c1.jpg,10774,29.6,,48,55.4,0,0,0,0,0,0.0,0.0,3359.0,102.0,62.0,12.4,1.7,0.3,,2026-05-11 19:06:58
germ-germinadorap-de5832|LOT-20260506-651F-009|r1_c1|rep0,LOT-20260506-651F-009:B2:R0,germ-germinadorap-de5832,LOT-20260506-651F-009,B2,1,1,0,Betabel,,c1,sin_cambio,,,,2026-05-11 19:21:54,2026-05-06 21:07:49,118.23,5,cg_1778527312122_2,5036,cam2_20260511_132153.jpg,crops/cam2_20260511_132153_r1_c1.jpg,5038,cam2_20260511_132156.jpg,crops/cam2_20260511_132156_r1_c1.jpg,10786,29.5,,44,53.6,0,0,0,0,0,0.0,0.0,3373.0,102.0,62.2,12.4,1.7,0.3,,2026-05-11 19:21:57
germ-germinadorap-de5832|LOT-20260506-651F-009|r1_c1|rep0,LOT-20260506-651F-009:B2:R0,germ-germinadorap-de5832,LOT-20260506-651F-009,B2,1,1,0,Betabel,,c1,sin_cambio,,,,2026-05-11 19:36:54,2026-05-06 21:07:49,118.48,5,cg_1778528212121_2,5040,cam2_20260511_133653.jpg,crops/cam2_20260511_133653_r1_c1.jpg,5042,cam2_20260511_133656.jpg,crops/cam2_20260511_133656_r1_c1.jpg,10798,29.5,,44,49.7,0,0,0,0,0,0.0,0.0,3388.0,102.0,62.5,12.5,1.7,0.3,,2026-05-11 19:36:57
germ-germinadorap-de5832|LOT-20260506-651F-009|r1_c1|rep0,LOT-20260506-651F-009:B2:R0,germ-germinadorap-de5832,LOT-20260506-651F-009,B2,1,1,0,Betabel,,c1,sin_cambio,,,,2026-05-11 19:52:26,2026-05-06 21:07:49,118.74,5,cg_1778529144220_2,5048,cam2_20260511_135225.jpg,crops/cam2_20260511_135225_r1_c1.jpg,5050,cam2_20260511_135228.jpg,crops/cam2_20260511_135228_r1_c1.jpg,10810,29.6,,44,45.2,0,0,0,0,0,0.0,0.0,3404.0,102.0,62.7,12.5,1.7,0.3,,2026-05-11 19:52:30
germ-germinadorap-de5832|LOT-20260506-651F-009|r1_c1|rep0,LOT-20260506-651F-009:B2:R0,germ-germinadorap-de5832,LOT-20260506-651F-009,B2,1,1,0,Betabel,,c1,sin_cambio,,,,2026-05-11 20:08:15,2026-05-06 21:07:49,119.01,5,cg_1778530093130_2,5052,cam2_20260511_140814.jpg,crops/cam2_20260511_140814_r1_c1.jpg,5054,cam2_20260511_140818.jpg,crops/cam2_20260511_140818_r1_c1.jpg,10822,29.5,,52,38.3,0,0,0,0,0,0.0,0.0,3420.0,102.0,63.0,12.6,1.7,0.3,,2026-05-11 20:08:20
germ-germinadorap-de5832|LOT-20260506-651F-009|r1_c1|rep0,LOT-20260506-651F-009:B2:R0,germ-germinadorap-de5832,LOT-20260506-651F-009,B2,1,1,0,Betabel,,c1,sin_cambio,,,,2026-05-11 20:23:15,2026-05-06 21:07:49,119.26,5,cg_1778530993131_2,5056,cam2_20260511_142314.jpg,crops/cam2_20260511_142314_r1_c1.jpg,5058,cam2_20260511_142317.jpg,crops/cam2_20260511_142317_r1_c1.jpg,10834,29.6,,44,40.1,0,0,0,0,0,0.0,0.0,3434.0,102.0,63.3,12.7,1.7,0.3,,2026-05-11 20:23:19
germ-germinadorap-de5832|LOT-20260506-651F-009|r1_c1|rep0,LOT-20260506-651F-009:B2:R0,germ-germinadorap-de5832,LOT-20260506-651F-009,B2,1,1,0,Betabel,,c1,sin_cambio,,,,2026-05-11 20:38:15,2026-05-06 21:07:49,119.51,5,cg_1778531893142_2,5060,cam2_20260511_143814.jpg,crops/cam2_20260511_143814_r1_c1.jpg,5062,cam2_20260511_143817.jpg,crops/cam2_20260511_143817_r1_c1.jpg,10846,29.5,,44,40.5,0,0,0,0,0,0.0,0.0,3449.0,102.0,63.3,12.7,1.7,0.3,,2026-05-11 20:38:19
germ-germinadorap-de5832|LOT-20260506-651F-009|r1_c1|rep0,LOT-20260506-651F-009:B2:R0,germ-germinadorap-de5832,LOT-20260506-651F-009,B2,1,1,0,Betabel,,c1,sin_cambio,,,,2026-05-11 20:53:15,2026-05-06 21:07:49,119.76,5,cg_1778532793151_2,5064,cam2_20260511_145314.jpg,crops/cam2_20260511_145314_r1_c1.jpg,5066,cam2_20260511_145317.jpg,crops/cam2_20260511_145317_r1_c1.jpg,10858,29.6,,45,40.1,0,0,0,0,0,0.0,0.0,3464.0,102.0,63.3,12.7,1.7,0.3,,2026-05-11 20:53:19
germ-germinadorap-de5832|LOT-20260506-651F-009|r1_c1|rep0,LOT-20260506-651F-009:B2:R0,germ-germinadorap-de5832,LOT-20260506-651F-009,B2,1,1,0,Betabel,,c1,sin_cambio,,,,2026-05-11 21:08:15,2026-05-06 21:07:49,120.01,6,cg_1778533693155_2,5068,cam2_20260511_150814.jpg,crops/cam2_20260511_150814_r1_c1.jpg,5070,cam2_20260511_150817.jpg,crops/cam2_20260511_150817_r1_c1.jpg,10870,29.6,,44,38.7,0,0,0,0,0,0.0,0.0,3479.0,102.0,63.3,10.6,1.8,0.3,,2026-05-11 21:08:18
germ-germinadorap-de5832|LOT-20260506-651F-009|r1_c1|rep0,LOT-20260506-651F-009:B2:R0,germ-germinadorap-de5832,LOT-20260506-651F-009,B2,1,1,0,Betabel,,c1,sin_cambio,,,,2026-05-11 21:23:15,2026-05-06 21:07:49,120.26,6,cg_1778534593157_2,5072,cam2_20260511_152314.jpg,crops/cam2_20260511_152314_r1_c1.jpg,5074,cam2_20260511_152317.jpg,crops/cam2_20260511_152317_r1_c1.jpg,10882,29.7,,46,41.1,0,0,0,0,0,0.0,0.0,3494.0,102.0,63.3,10.6,1.8,0.3,,2026-05-11 21:23:19
germ-germinadorap-de5832|LOT-20260506-651F-009|r1_c1|rep0,LOT-20260506-651F-009:B2:R0,germ-germinadorap-de5832,LOT-20260506-651F-009,B2,1,1,0,Betabel,,c1,sin_cambio,,,,2026-05-11 22:23:48,2026-05-06 21:07:49,121.27,6,cg_1778538226404_2,5077,cam2_20260511_162347.jpg,crops/cam2_20260511_162347_r1_c1.jpg,5079,cam2_20260511_162353.jpg,crops/cam2_20260511_162353_r1_c1.jpg,10901,28.7,,61,36.9,0,0,0,0,0,0.0,0.0,3554.0,102.0,63.8,10.6,1.8,0.3,,2026-05-11 22:23:54
germ-germinadorap-de5832|LOT-20260506-651F-009|r1_c1|rep0,LOT-20260506-651F-009:B2:R0,germ-germinadorap-de5832,LOT-20260506-651F-009,B2,1,1,0,Betabel,,c1,sin_cambio,,,,2026-05-11 22:38:48,2026-05-06 21:07:49,121.52,6,cg_1778539126403_2,5084,cam2_20260511_163847.jpg,crops/cam2_20260511_163847_r1_c1.jpg,5086,cam2_20260511_163850.jpg,crops/cam2_20260511_163850_r1_c1.jpg,10906,28.9,,51,33.1,0,0,0,0,0,0.0,0.0,3569.0,102.0,64.0,10.7,1.8,0.3,,2026-05-11 22:38:52
germ-germinadorap-de5832|LOT-20260506-651F-009|r1_c1|rep0,LOT-20260506-651F-009:B2:R0,germ-germinadorap-de5832,LOT-20260506-651F-009,B2,1,1,0,Betabel,,c1,sin_cambio,,,,2026-05-11 22:53:48,2026-05-06 21:07:49,121.77,6,cg_1778540026403_2,5088,cam2_20260511_165347.jpg,crops/cam2_20260511_165347_r1_c1.jpg,5090,cam2_20260511_165350.jpg,crops/cam2_20260511_165350_r1_c1.jpg,10918,29.4,,50,39.3,0,0,0,0,0,0.0,0.0,3584.0,102.0,64.1,10.7,1.8,0.3,,2026-05-11 22:53:52
germ-germinadorap-de5832|LOT-20260506-651F-009|r1_c1|rep0,LOT-20260506-651F-009:B2:R0,germ-germinadorap-de5832,LOT-20260506-651F-009,B2,1,1,0,Betabel,,c1,sin_cambio,,,,2026-05-11 23:08:48,2026-05-06 21:07:49,122.02,6,cg_1778540926411_2,5092,cam2_20260511_170847.jpg,crops/cam2_20260511_170847_r1_c1.jpg,5094,cam2_20260511_170850.jpg,crops/cam2_20260511_170850_r1_c1.jpg,10930,29.5,,46,31.3,0,0,0,0,0,0.0,0.0,3599.0,102.0,64.1,10.7,1.8,0.3,,2026-05-11 23:08:52
germ-germinadorap-de5832|LOT-20260506-651F-009|r1_c1|rep0,LOT-20260506-651F-009:B2:R0,germ-germinadorap-de5832,LOT-20260506-651F-009,B2,1,1,0,Betabel,,c1,sin_cambio,,,,2026-05-11 23:23:48,2026-05-06 21:07:49,122.27,6,cg_1778541826412_2,5096,cam2_20260511_172347.jpg,crops/cam2_20260511_172347_r1_c1.jpg,5098,cam2_20260511_172351.jpg,crops/cam2_20260511_172351_r1_c1.jpg,10942,28.7,,43,37.2,0,0,0,0,0,0.0,0.0,3614.0,102.0,64.1,10.7,1.8,0.3,,2026-05-11 23:23:52
germ-germinadorap-de5832|LOT-20260506-651F-009|r1_c1|rep0,LOT-20260506-651F-009:B2:R0,germ-germinadorap-de5832,LOT-20260506-651F-009,B2,1,1,0,Betabel,,c1,sin_cambio,,,,2026-05-11 23:40:05,2026-05-06 21:07:49,122.54,6,cg_1778542803443_2,5100,cam2_20260511_174004.jpg,crops/cam2_20260511_174004_r1_c1.jpg,5102,cam2_20260511_174009.jpg,crops/cam2_20260511_174009_r1_c1.jpg,10954,28.2,,42,39.8,0,0,0,0,0,0.0,0.0,3630.0,102.0,64.3,10.7,1.8,0.3,,2026-05-11 23:40:11
germ-germinadorap-de5832|LOT-20260506-651F-009|r1_c1|rep0,LOT-20260506-651F-009:B2:R0,germ-germinadorap-de5832,LOT-20260506-651F-009,B2,1,1,0,Betabel,,c1,sin_cambio,,,,2026-05-11 23:55:05,2026-05-06 21:07:49,122.79,6,cg_1778543703441_2,5104,cam2_20260511_175505.jpg,crops/cam2_20260511_175505_r1_c1.jpg,5106,cam2_20260511_175508.jpg,crops/cam2_20260511_175508_r1_c1.jpg,10966,28,,42,39.9,0,0,0,0,0,0.0,0.0,3645.0,102.0,64.6,10.8,1.8,0.3,,2026-05-11 23:55:09
germ-germinadorap-de5832|LOT-20260506-651F-009|r1_c1|rep0,LOT-20260506-651F-009:B2:R0,germ-germinadorap-de5832,LOT-20260506-651F-009,B2,1,1,0,Betabel,,c1,sin_cambio,,,,2026-05-12 00:10:06,2026-05-06 21:07:49,123.04,6,cg_1778544603468_2,5108,cam2_20260511_181005.jpg,crops/cam2_20260511_181005_r1_c1.jpg,5110,cam2_20260511_181008.jpg,crops/cam2_20260511_181008_r1_c1.jpg,10978,28.7,,44,44.1,0,0,0,1,0,15.0,0.0,3660.0,102.0,64.8,10.8,1.8,0.3,,2026-05-12 00:10:10
germ-germinadorap-de5832|LOT-20260506-651F-009|r1_c1|rep0,LOT-20260506-651F-009:B2:R0,germ-germinadorap-de5832,LOT-20260506-651F-009,B2,1,1,0,Betabel,,c1,sin_cambio,,,,2026-05-12 06:17:12,2026-05-06 21:07:49,129.16,6,cg_1778566630531_2,5121,cam2_20260512_001712.jpg,crops/cam2_20260512_001712_r1_c1.jpg,5123,cam2_20260512_001718.jpg,crops/cam2_20260512_001718_r1_c1.jpg,10997,29,,50,1.5,0,0,0,0,0,0.0,0.0,3894.0,106.0,65.1,10.9,1.8,0.3,,2026-05-12 06:17:20
germ-germinadorap-de5832|LOT-20260506-651F-009|r1_c1|rep0,LOT-20260506-651F-009:B2:R0,germ-germinadorap-de5832,LOT-20260506-651F-009,B2,1,1,0,Betabel,,c1,sin_cambio,,,,2026-05-12 06:32:32,2026-05-06 21:07:49,129.41,6,cg_1778567549618_2,5128,cam2_20260512_003231.jpg,crops/cam2_20260512_003231_r1_c1.jpg,5130,cam2_20260512_003234.jpg,crops/cam2_20260512_003234_r1_c1.jpg,11002,29,,50,1.4,0,0,0,0,0,0.0,0.0,3905.0,106.0,65.1,10.9,1.8,0.3,,2026-05-12 06:32:35
germ-germinadorap-de5832|LOT-20260506-651F-009|r1_c1|rep0,LOT-20260506-651F-009:B2:R0,germ-germinadorap-de5832,LOT-20260506-651F-009,B2,1,1,0,Betabel,,c1,sin_cambio,,,,2026-05-12 06:47:31,2026-05-06 21:07:49,129.66,6,cg_1778568449617_2,5132,cam2_20260512_004731.jpg,crops/cam2_20260512_004731_r1_c1.jpg,5134,cam2_20260512_004734.jpg,crops/cam2_20260512_004734_r1_c1.jpg,11014,29,,50,1.4,0,0,0,0,0,0.0,0.0,3905.0,106.0,65.1,10.9,1.8,0.3,,2026-05-12 06:47:35
germ-germinadorap-de5832|LOT-20260506-651F-009|r1_c1|rep0,LOT-20260506-651F-009:B2:R0,germ-germinadorap-de5832,LOT-20260506-651F-009,B2,1,1,0,Betabel,,c1,sin_cambio,,,,2026-05-12 07:02:32,2026-05-06 21:07:49,129.91,6,cg_1778569349624_2,5136,cam2_20260512_010231.jpg,crops/cam2_20260512_010231_r1_c1.jpg,5138,cam2_20260512_010234.jpg,crops/cam2_20260512_010234_r1_c1.jpg,11026,29,,50,1.3,0,0,0,0,0,0.0,0.0,3905.0,106.0,65.1,10.9,1.8,0.3,,2026-05-12 07:02:35
germ-germinadorap-de5832|LOT-20260506-651F-009|r1_c1|rep0,LOT-20260506-651F-009:B2:R0,germ-germinadorap-de5832,LOT-20260506-651F-009,B2,1,1,0,Betabel,,c1,sin_cambio,,,,2026-05-12 07:17:31,2026-05-06 21:07:49,130.16,6,cg_1778570249636_2,5140,cam2_20260512_011731.jpg,crops/cam2_20260512_011731_r1_c1.jpg,5142,cam2_20260512_011734.jpg,crops/cam2_20260512_011734_r1_c1.jpg,11038,29,,50,1.2,0,0,0,0,0,0.0,0.0,3905.0,106.0,65.1,10.9,1.8,0.3,,2026-05-12 07:17:35
germ-germinadorap-de5832|LOT-20260506-651F-009|r1_c1|rep0,LOT-20260506-651F-009:B2:R0,germ-germinadorap-de5832,LOT-20260506-651F-009,B2,1,1,0,Betabel,,c1,sin_cambio,,,,2026-05-12 07:32:32,2026-05-06 21:07:49,130.41,6,cg_1778571149655_2,5144,cam2_20260512_013231.jpg,crops/cam2_20260512_013231_r1_c1.jpg,5146,cam2_20260512_013234.jpg,crops/cam2_20260512_013234_r1_c1.jpg,11050,29,,50,1.2,0,0,0,0,0,0.0,0.0,3905.0,106.0,65.1,10.9,1.8,0.3,,2026-05-12 07:32:35
germ-germinadorap-de5832|LOT-20260506-651F-009|r1_c1|rep0,LOT-20260506-651F-009:B2:R0,germ-germinadorap-de5832,LOT-20260506-651F-009,B2,1,1,0,Betabel,,c1,sin_cambio,,,,2026-05-12 07:48:41,2026-05-06 21:07:49,130.68,6,cg_1778572119486_2,5149,cam2_20260512_014841.jpg,crops/cam2_20260512_014841_r1_c1.jpg,5151,cam2_20260512_014846.jpg,crops/cam2_20260512_014846_r1_c1.jpg,11069,29,,50,1.2,0,0,0,0,0,0.0,0.0,3905.0,106.0,65.1,10.9,1.8,0.3,,2026-05-12 07:48:48
germ-germinadorap-de5832|LOT-20260506-651F-009|r1_c1|rep0,LOT-20260506-651F-009:B2:R0,germ-germinadorap-de5832,LOT-20260506-651F-009,B2,1,1,0,Betabel,,c1,sin_cambio,,,,2026-05-12 08:04:29,2026-05-06 21:07:49,130.94,6,cg_1778573066932_2,5152,cam2_20260512_020428.jpg,crops/cam2_20260512_020428_r1_c1.jpg,5154,cam2_20260512_020431.jpg,crops/cam2_20260512_020431_r1_c1.jpg,11074,29,,50,1.2,0,0,0,0,0,0.0,0.0,3905.0,106.0,65.2,10.9,1.8,0.3,,2026-05-12 08:04:33
germ-germinadorap-de5832|LOT-20260506-651F-009|r1_c1|rep0,LOT-20260506-651F-009:B2:R0,germ-germinadorap-de5832,LOT-20260506-651F-009,B2,1,1,0,Betabel,,c1,sin_cambio,,,,2026-05-12 08:19:29,2026-05-06 21:07:49,131.19,6,cg_1778573966928_2,5156,cam2_20260512_021928.jpg,crops/cam2_20260512_021928_r1_c1.jpg,5158,cam2_20260512_021931.jpg,crops/cam2_20260512_021931_r1_c1.jpg,11086,29,,50,1.2,0,0,0,0,0,0.0,0.0,3905.0,106.0,65.5,10.9,1.8,0.3,,2026-05-12 08:19:33
germ-germinadorap-de5832|LOT-20260506-651F-009|r1_c1|rep0,LOT-20260506-651F-009:B2:R0,germ-germinadorap-de5832,LOT-20260506-651F-009,B2,1,1,0,Betabel,,c1,sin_cambio,,,,2026-05-12 08:34:29,2026-05-06 21:07:49,131.44,6,cg_1778574866930_2,5160,cam2_20260512_023428.jpg,crops/cam2_20260512_023428_r1_c1.jpg,5162,cam2_20260512_023431.jpg,crops/cam2_20260512_023431_r1_c1.jpg,11098,29,,50,1.1,0,0,0,0,0,0.0,0.0,3905.0,106.0,65.7,11.0,1.8,0.3,,2026-05-12 08:34:32
germ-germinadorap-de5832|LOT-20260506-651F-009|r1_c1|rep0,LOT-20260506-651F-009:B2:R0,germ-germinadorap-de5832,LOT-20260506-651F-009,B2,1,1,0,Betabel,,c1,sin_cambio,,,,2026-05-12 08:49:29,2026-05-06 21:07:49,131.69,6,cg_1778575766935_2,5164,cam2_20260512_024928.jpg,crops/cam2_20260512_024928_r1_c1.jpg,5166,cam2_20260512_024931.jpg,crops/cam2_20260512_024931_r1_c1.jpg,11110,29,,50,1.1,0,0,0,0,0,0.0,0.0,3906.0,106.0,66.0,11.0,1.8,0.3,,2026-05-12 08:49:33
germ-germinadorap-de5832|LOT-20260506-651F-009|r1_c1|rep0,LOT-20260506-651F-009:B2:R0,germ-germinadorap-de5832,LOT-20260506-651F-009,B2,1,1,0,Betabel,,c1,sin_cambio,,,,2026-05-12 09:04:29,2026-05-06 21:07:49,131.94,6,cg_1778576666935_2,5168,cam2_20260512_030428.jpg,crops/cam2_20260512_030428_r1_c1.jpg,5170,cam2_20260512_030431.jpg,crops/cam2_20260512_030431_r1_c1.jpg,11122,29,,50,1,0,0,0,0,0,0.0,0.0,3906.0,106.0,66.2,11.0,1.8,0.3,,2026-05-12 09:04:33
germ-germinadorap-de5832|LOT-20260506-651F-009|r1_c1|rep0,LOT-20260506-651F-009:B2:R0,germ-germinadorap-de5832,LOT-20260506-651F-009,B2,1,1,0,Betabel,,c1,sin_cambio,,,,2026-05-12 09:19:29,2026-05-06 21:07:49,132.19,6,cg_1778577566943_2,5172,cam2_20260512_031928.jpg,crops/cam2_20260512_031928_r1_c1.jpg,5174,cam2_20260512_031931.jpg,crops/cam2_20260512_031931_r1_c1.jpg,11134,29,,50,1,0,0,0,0,0,0.0,0.0,3906.0,106.0,66.5,11.1,1.8,0.3,,2026-05-12 09:19:32
germ-germinadorap-de5832|LOT-20260506-651F-009|r1_c1|rep0,LOT-20260506-651F-009:B2:R0,germ-germinadorap-de5832,LOT-20260506-651F-009,B2,1,1,0,Betabel,,c1,sin_cambio,,,,2026-05-12 09:34:29,2026-05-06 21:07:49,132.44,6,cg_1778578466944_2,5177,cam2_20260512_033428.jpg,crops/cam2_20260512_033428_r1_c1.jpg,5179,cam2_20260512_033433.jpg,crops/cam2_20260512_033433_r1_c1.jpg,11153,29,,50,0.9,0,0,0,0,0,0.0,0.0,3906.0,106.0,66.7,11.1,1.8,0.3,,2026-05-12 09:34:35
germ-germinadorap-de5832|LOT-20260506-651F-009|r1_c1|rep0,LOT-20260506-651F-009:B2:R0,germ-germinadorap-de5832,LOT-20260506-651F-009,B2,1,1,0,Betabel,,c1,sin_cambio,,,,2026-05-12 09:49:29,2026-05-06 21:07:49,132.69,6,cg_1778579366948_2,5180,cam2_20260512_034928.jpg,crops/cam2_20260512_034928_r1_c1.jpg,5182,cam2_20260512_034931.jpg,crops/cam2_20260512_034931_r1_c1.jpg,11158,29,,50,0.9,0,0,0,0,0,0.0,0.0,3906.0,106.0,67.0,11.2,1.8,0.3,,2026-05-12 09:49:32
germ-germinadorap-de5832|LOT-20260506-651F-009|r1_c1|rep0,LOT-20260506-651F-009:B2:R0,germ-germinadorap-de5832,LOT-20260506-651F-009,B2,1,1,0,Betabel,,c1,sin_cambio,,,,2026-05-12 10:04:29,2026-05-06 21:07:49,132.94,6,cg_1778580266950_2,5184,cam2_20260512_040428.jpg,crops/cam2_20260512_040428_r1_c1.jpg,5186,cam2_20260512_040431.jpg,crops/cam2_20260512_040431_r1_c1.jpg,11170,29,,50,0.9,0,0,0,0,0,0.0,0.0,3906.0,106.0,67.2,11.2,1.8,0.3,,2026-05-12 10:04:33
germ-germinadorap-de5832|LOT-20260506-651F-009|r1_c1|rep0,LOT-20260506-651F-009:B2:R0,germ-germinadorap-de5832,LOT-20260506-651F-009,B2,1,1,0,Betabel,,c1,sin_cambio,,,,2026-05-12 10:19:29,2026-05-06 21:07:49,133.19,6,cg_1778581166954_2,5188,cam2_20260512_041929.jpg,crops/cam2_20260512_041929_r1_c1.jpg,5190,cam2_20260512_041932.jpg,crops/cam2_20260512_041932_r1_c1.jpg,11182,29,,50,0.8,0,0,0,0,0,0.0,0.0,3906.0,106.0,67.5,11.2,1.8,0.3,,2026-05-12 10:19:33
germ-germinadorap-de5832|LOT-20260506-651F-009|r1_c1|rep0,LOT-20260506-651F-009:B2:R0,germ-germinadorap-de5832,LOT-20260506-651F-009,B2,1,1,0,Betabel,,c1,sin_cambio,,,,2026-05-12 10:34:29,2026-05-06 21:07:49,133.44,6,cg_1778582066959_2,5192,cam2_20260512_043428.jpg,crops/cam2_20260512_043428_r1_c1.jpg,5194,cam2_20260512_043431.jpg,crops/cam2_20260512_043431_r1_c1.jpg,11194,29,,50,0.9,0,0,0,0,0,0.0,0.0,3906.0,106.0,67.7,11.3,1.8,0.3,,2026-05-12 10:34:33
germ-germinadorap-de5832|LOT-20260506-651F-009|r1_c1|rep0,LOT-20260506-651F-009:B2:R0,germ-germinadorap-de5832,LOT-20260506-651F-009,B2,1,1,0,Betabel,,c1,sin_cambio,,,,2026-05-12 10:49:29,2026-05-06 21:07:49,133.69,6,cg_1778582966965_2,5196,cam2_20260512_044928.jpg,crops/cam2_20260512_044928_r1_c1.jpg,5198,cam2_20260512_044931.jpg,crops/cam2_20260512_044931_r1_c1.jpg,11206,29,,50,0.8,0,0,0,0,0,0.0,0.0,3906.0,106.0,67.9,11.3,1.8,0.3,,2026-05-12 10:49:32
germ-germinadorap-de5832|LOT-20260506-651F-009|r1_c1|rep0,LOT-20260506-651F-009:B2:R0,germ-germinadorap-de5832,LOT-20260506-651F-009,B2,1,1,0,Betabel,,c1,sin_cambio,,,,2026-05-12 11:04:29,2026-05-06 21:07:49,133.94,6,cg_1778583866967_2,5200,cam2_20260512_050428.jpg,crops/cam2_20260512_050428_r1_c1.jpg,5202,cam2_20260512_050431.jpg,crops/cam2_20260512_050431_r1_c1.jpg,11218,29,,50,0.8,0,0,0,0,0,0.0,0.0,3906.0,106.0,68.2,11.4,1.8,0.3,,2026-05-12 11:04:32
germ-germinadorap-de5832|LOT-20260506-651F-009|r1_c1|rep0,LOT-20260506-651F-009:B2:R0,germ-germinadorap-de5832,LOT-20260506-651F-009,B2,1,1,0,Betabel,,c1,sin_cambio,,,,2026-05-12 11:19:29,2026-05-06 21:07:49,134.19,6,cg_1778584766971_2,5204,cam2_20260512_051928.jpg,crops/cam2_20260512_051928_r1_c1.jpg,5206,cam2_20260512_051931.jpg,crops/cam2_20260512_051931_r1_c1.jpg,11230,29,,50,0.7,0,0,0,0,0,0.0,0.0,3906.0,106.0,68.4,11.4,1.8,0.3,,2026-05-12 11:19:33
germ-germinadorap-de5832|LOT-20260506-651F-009|r1_c1|rep0,LOT-20260506-651F-009:B2:R0,germ-germinadorap-de5832,LOT-20260506-651F-009,B2,1,1,0,Betabel,,c1,sin_cambio,,,,2026-05-12 11:34:29,2026-05-06 21:07:49,134.44,6,cg_1778585666975_2,5208,cam2_20260512_053428.jpg,crops/cam2_20260512_053428_r1_c1.jpg,5210,cam2_20260512_053431.jpg,crops/cam2_20260512_053431_r1_c1.jpg,11242,29,,50,0.7,0,0,0,0,0,0.0,0.0,3906.0,106.0,68.7,11.4,1.8,0.3,,2026-05-12 11:34:33
germ-germinadorap-de5832|LOT-20260506-651F-009|r1_c1|rep0,LOT-20260506-651F-009:B2:R0,germ-germinadorap-de5832,LOT-20260506-651F-009,B2,1,1,0,Betabel,,c1,sin_cambio,,,,2026-05-12 11:49:29,2026-05-06 21:07:49,134.69,6,cg_1778586566983_2,5212,cam2_20260512_054928.jpg,crops/cam2_20260512_054928_r1_c1.jpg,5214,cam2_20260512_054931.jpg,crops/cam2_20260512_054931_r1_c1.jpg,11254,29,,50,0.8,0,0,0,0,0,0.0,0.0,3906.0,106.0,68.9,11.5,1.8,0.3,,2026-05-12 11:49:33
germ-germinadorap-de5832|LOT-20260506-651F-009|r1_c1|rep0,LOT-20260506-651F-009:B2:R0,germ-germinadorap-de5832,LOT-20260506-651F-009,B2,1,1,0,Betabel,,c1,sin_cambio,,,,2026-05-12 12:04:29,2026-05-06 21:07:49,134.94,6,cg_1778587466985_2,5216,cam2_20260512_060428.jpg,crops/cam2_20260512_060428_r1_c1.jpg,5218,cam2_20260512_060431.jpg,crops/cam2_20260512_060431_r1_c1.jpg,11266,29,,50,0.7,0,0,0,0,0,0.0,0.0,3906.0,106.0,69.2,11.5,1.8,0.3,,2026-05-12 12:04:33
germ-germinadorap-de5832|LOT-20260506-651F-009|r1_c1|rep0,LOT-20260506-651F-009:B2:R0,germ-germinadorap-de5832,LOT-20260506-651F-009,B2,1,1,0,Betabel,,c1,sin_cambio,,,,2026-05-12 12:19:29,2026-05-06 21:07:49,135.19,6,cg_1778588366988_2,5220,cam2_20260512_061928.jpg,crops/cam2_20260512_061928_r1_c1.jpg,5222,cam2_20260512_061931.jpg,crops/cam2_20260512_061931_r1_c1.jpg,11278,29,,50,0.7,0,0,0,0,0,0.0,0.0,3906.0,106.0,69.4,11.6,1.8,0.3,,2026-05-12 12:19:33
germ-germinadorap-de5832|LOT-20260506-651F-009|r1_c1|rep0,LOT-20260506-651F-009:B2:R0,germ-germinadorap-de5832,LOT-20260506-651F-009,B2,1,1,0,Betabel,,c1,sin_cambio,,,,2026-05-12 12:34:29,2026-05-06 21:07:49,135.44,6,cg_1778589266984_2,5224,cam2_20260512_063428.jpg,crops/cam2_20260512_063428_r1_c1.jpg,5226,cam2_20260512_063431.jpg,crops/cam2_20260512_063431_r1_c1.jpg,11290,29,,50,0.6,0,0,0,0,0,0.0,0.0,3906.0,106.0,69.7,11.6,1.8,0.3,,2026-05-12 12:34:33
germ-germinadorap-de5832|LOT-20260506-651F-009|r1_c1|rep0,LOT-20260506-651F-009:B2:R0,germ-germinadorap-de5832,LOT-20260506-651F-009,B2,1,1,0,Betabel,,c1,sin_cambio,,,,2026-05-12 12:49:29,2026-05-06 21:07:49,135.69,6,cg_1778590166992_2,5228,cam2_20260512_064928.jpg,crops/cam2_20260512_064928_r1_c1.jpg,5230,cam2_20260512_064931.jpg,crops/cam2_20260512_064931_r1_c1.jpg,11302,29,,50,0.7,0,0,0,0,0,0.0,0.0,3907.0,106.0,69.9,11.7,1.8,0.3,,2026-05-12 12:49:33
germ-germinadorap-de5832|LOT-20260506-651F-009|r1_c1|rep0,LOT-20260506-651F-009:B2:R0,germ-germinadorap-de5832,LOT-20260506-651F-009,B2,1,1,0,Betabel,,c1,sin_cambio,,,,2026-05-12 13:04:29,2026-05-06 21:07:49,135.94,6,cg_1778591066996_2,5232,cam2_20260512_070428.jpg,crops/cam2_20260512_070428_r1_c1.jpg,5234,cam2_20260512_070431.jpg,crops/cam2_20260512_070431_r1_c1.jpg,11314,29,,50,0.6,0,0,0,0,0,0.0,0.0,3907.0,106.0,70.2,11.7,1.8,0.3,,2026-05-12 13:04:33
germ-germinadorap-de5832|LOT-20260506-651F-009|r1_c1|rep0,LOT-20260506-651F-009:B2:R0,germ-germinadorap-de5832,LOT-20260506-651F-009,B2,1,1,0,Betabel,,c1,sin_cambio,,,,2026-05-12 13:19:29,2026-05-06 21:07:49,136.19,6,cg_1778591966996_2,5236,cam2_20260512_071928.jpg,crops/cam2_20260512_071928_r1_c1.jpg,5238,cam2_20260512_071931.jpg,crops/cam2_20260512_071931_r1_c1.jpg,11326,29,,50,0.6,0,0,0,0,0,0.0,0.0,3907.0,106.0,70.4,11.7,1.8,0.3,,2026-05-12 13:19:33
germ-germinadorap-de5832|LOT-20260506-651F-009|r1_c1|rep0,LOT-20260506-651F-009:B2:R0,germ-germinadorap-de5832,LOT-20260506-651F-009,B2,1,1,0,Betabel,,c1,sin_cambio,,,,2026-05-12 13:34:29,2026-05-06 21:07:49,136.44,6,cg_1778592867001_2,5240,cam2_20260512_073428.jpg,crops/cam2_20260512_073428_r1_c1.jpg,5242,cam2_20260512_073431.jpg,crops/cam2_20260512_073431_r1_c1.jpg,11338,29,,50,0.6,0,0,0,0,0,0.0,0.0,3907.0,106.0,70.7,11.8,1.8,0.3,,2026-05-12 13:34:33
germ-germinadorap-de5832|LOT-20260506-651F-009|r1_c1|rep0,LOT-20260506-651F-009:B2:R0,germ-germinadorap-de5832,LOT-20260506-651F-009,B2,1,1,0,Betabel,,c1,sin_cambio,,,,2026-05-12 13:49:29,2026-05-06 21:07:49,136.69,6,cg_1778593767007_2,5244,cam2_20260512_074928.jpg,crops/cam2_20260512_074928_r1_c1.jpg,5246,cam2_20260512_074931.jpg,crops/cam2_20260512_074931_r1_c1.jpg,11350,29,,50,0.6,0,0,0,0,0,0.0,0.0,3907.0,106.0,70.9,11.8,1.8,0.3,,2026-05-12 13:49:33
germ-germinadorap-de5832|LOT-20260506-651F-009|r1_c1|rep0,LOT-20260506-651F-009:B2:R0,germ-germinadorap-de5832,LOT-20260506-651F-009,B2,1,1,0,Betabel,,c1,sin_cambio,,,,2026-05-12 14:04:31,2026-05-06 21:07:49,136.94,6,cg_1778594669256_2,5252,cam2_20260512_080430.jpg,crops/cam2_20260512_080430_r1_c1.jpg,5254,cam2_20260512_080433.jpg,crops/cam2_20260512_080433_r1_c1.jpg,11362,29,,50,0.6,0,0,0,0,0,0.0,0.0,3911.0,106.0,71.2,11.9,1.8,0.3,,2026-05-12 14:04:35
germ-germinadorap-de5832|LOT-20260506-651F-009|r1_c1|rep0,LOT-20260506-651F-009:B2:R0,germ-germinadorap-de5832,LOT-20260506-651F-009,B2,1,1,0,Betabel,,c1,sin_cambio,,,,2026-05-12 14:19:31,2026-05-06 21:07:49,137.19,6,cg_1778595569280_2,5256,cam2_20260512_081930.jpg,crops/cam2_20260512_081930_r1_c1.jpg,5258,cam2_20260512_081933.jpg,crops/cam2_20260512_081933_r1_c1.jpg,11374,29,,50,0.6,0,0,0,0,0,0.0,0.0,3926.0,106.0,71.4,11.9,1.8,0.3,,2026-05-12 14:19:35
germ-germinadorap-de5832|LOT-20260506-651F-009|r1_c1|rep0,LOT-20260506-651F-009:B2:R0,germ-germinadorap-de5832,LOT-20260506-651F-009,B2,1,1,0,Betabel,,c1,sin_cambio,,,,2026-05-12 14:34:31,2026-05-06 21:07:49,137.44,6,cg_1778596469295_2,5260,cam2_20260512_083430.jpg,crops/cam2_20260512_083430_r1_c1.jpg,5262,cam2_20260512_083434.jpg,crops/cam2_20260512_083434_r1_c1.jpg,11386,29,,50,0.6,0,0,0,0,0,0.0,0.0,3941.0,106.0,71.7,11.9,1.8,0.3,,2026-05-12 14:34:35
germ-germinadorap-de5832|LOT-20260506-651F-009|r1_c1|rep0,LOT-20260506-651F-009:B2:R0,germ-germinadorap-de5832,LOT-20260506-651F-009,B2,1,1,0,Betabel,,c1,sin_cambio,,,,2026-05-12 14:49:31,2026-05-06 21:07:49,137.69,6,cg_1778597369299_2,5264,cam2_20260512_084930.jpg,crops/cam2_20260512_084930_r1_c1.jpg,5266,cam2_20260512_084933.jpg,crops/cam2_20260512_084933_r1_c1.jpg,11398,29,,50,0.5,0,0,0,0,0,0.0,0.0,3956.0,106.0,71.9,12.0,1.8,0.3,,2026-05-12 14:49:35
germ-germinadorap-de5832|LOT-20260506-651F-009|r1_c1|rep0,LOT-20260506-651F-009:B2:R0,germ-germinadorap-de5832,LOT-20260506-651F-009,B2,1,1,0,Betabel,,c1,sin_cambio,,,,2026-05-12 15:04:31,2026-05-06 21:07:49,137.94,6,cg_1778598269400_2,5268,cam2_20260512_090430.jpg,crops/cam2_20260512_090430_r1_c1.jpg,5270,cam2_20260512_090433.jpg,crops/cam2_20260512_090433_r1_c1.jpg,11410,29,,50,0.5,0,0,0,0,0,0.0,0.0,3970.0,106.0,72.2,12.0,1.8,0.3,,2026-05-12 15:04:35
germ-germinadorap-de5832|LOT-20260506-651F-009|r1_c1|rep0,LOT-20260506-651F-009:B2:R0,germ-germinadorap-de5832,LOT-20260506-651F-009,B2,1,1,0,Betabel,,c1,sin_cambio,,,,2026-05-12 15:19:31,2026-05-06 21:07:49,138.19,6,cg_1778599169470_2,5272,cam2_20260512_091930.jpg,crops/cam2_20260512_091930_r1_c1.jpg,5274,cam2_20260512_091933.jpg,crops/cam2_20260512_091933_r1_c1.jpg,11422,29,,50,0.5,0,0,0,0,0,0.0,0.0,3985.0,106.0,72.4,12.1,1.8,0.3,,2026-05-12 15:19:35
germ-germinadorap-de5832|LOT-20260506-651F-009|r1_c1|rep0,LOT-20260506-651F-009:B2:R0,germ-germinadorap-de5832,LOT-20260506-651F-009,B2,1,1,0,Betabel,,c1,sin_cambio,,,,2026-05-12 15:34:31,2026-05-06 21:07:49,138.44,6,cg_1778600069566_2,5276,cam2_20260512_093431.jpg,crops/cam2_20260512_093431_r1_c1.jpg,5278,cam2_20260512_093434.jpg,crops/cam2_20260512_093434_r1_c1.jpg,11434,29,,50,0.5,0,0,0,0,0,0.0,0.0,4000.0,106.0,72.7,12.1,1.8,0.3,,2026-05-12 15:34:35
germ-germinadorap-de5832|LOT-20260506-651F-009|r1_c1|rep0,LOT-20260506-651F-009:B2:R0,germ-germinadorap-de5832,LOT-20260506-651F-009,B2,1,1,0,Betabel,,c1,sin_cambio,,,,2026-05-12 15:49:31,2026-05-06 21:07:49,138.69,6,cg_1778600969565_2,5280,cam2_20260512_094931.jpg,crops/cam2_20260512_094931_r1_c1.jpg,5282,cam2_20260512_094934.jpg,crops/cam2_20260512_094934_r1_c1.jpg,11446,29,,50,0.5,0,0,0,0,0,0.0,0.0,4015.0,106.0,72.9,12.2,1.8,0.3,,2026-05-12 15:49:35
germ-germinadorap-de5832|LOT-20260506-651F-009|r1_c1|rep0,LOT-20260506-651F-009:B2:R0,germ-germinadorap-de5832,LOT-20260506-651F-009,B2,1,1,0,Betabel,,c1,sin_cambio,,,,2026-05-12 16:04:31,2026-05-06 21:07:49,138.94,6,cg_1778601869572_2,5284,cam2_20260512_100431.jpg,crops/cam2_20260512_100431_r1_c1.jpg,5286,cam2_20260512_100434.jpg,crops/cam2_20260512_100434_r1_c1.jpg,11458,29,,50,0.5,0,0,0,0,0,0.0,0.0,4030.0,106.0,73.2,12.2,1.8,0.3,,2026-05-12 16:04:35
germ-germinadorap-de5832|LOT-20260506-651F-009|r1_c1|rep0,LOT-20260506-651F-009:B2:R0,germ-germinadorap-de5832,LOT-20260506-651F-009,B2,1,1,0,Betabel,,c1,sin_cambio,,,,2026-05-12 16:19:31,2026-05-06 21:07:49,139.19,6,cg_1778602769574_2,5288,cam2_20260512_101931.jpg,crops/cam2_20260512_101931_r1_c1.jpg,5290,cam2_20260512_101934.jpg,crops/cam2_20260512_101934_r1_c1.jpg,11470,29,,50,0.5,0,0,0,0,0,0.0,0.0,4045.0,106.0,73.4,12.2,1.8,0.3,,2026-05-12 16:19:35
germ-germinadorap-de5832|LOT-20260506-651F-009|r1_c1|rep0,LOT-20260506-651F-009:B2:R0,germ-germinadorap-de5832,LOT-20260506-651F-009,B2,1,1,0,Betabel,,c1,sin_cambio,,,,2026-05-12 16:34:31,2026-05-06 21:07:49,139.44,6,cg_1778603669581_2,5293,cam2_20260512_103431.jpg,crops/cam2_20260512_103431_r1_c1.jpg,5295,cam2_20260512_103436.jpg,crops/cam2_20260512_103436_r1_c1.jpg,11489,29,,50,0.5,0,0,0,0,0,0.0,0.0,4060.0,106.0,73.7,12.3,1.8,0.3,,2026-05-12 16:34:38
germ-germinadorap-de5832|LOT-20260506-651F-009|r1_c1|rep0,LOT-20260506-651F-009:B2:R0,germ-germinadorap-de5832,LOT-20260506-651F-009,B2,1,1,0,Betabel,,c1,sin_cambio,,,,2026-05-12 16:49:31,2026-05-06 21:07:49,139.69,6,cg_1778604569580_2,5296,cam2_20260512_104931.jpg,crops/cam2_20260512_104931_r1_c1.jpg,5298,cam2_20260512_104934.jpg,crops/cam2_20260512_104934_r1_c1.jpg,11494,29,,50,0.5,0,0,0,0,0,0.0,0.0,4075.0,106.0,73.9,12.3,1.8,0.3,,2026-05-12 16:49:35
germ-germinadorap-de5832|LOT-20260506-651F-009|r1_c1|rep0,LOT-20260506-651F-009:B2:R0,germ-germinadorap-de5832,LOT-20260506-651F-009,B2,1,1,0,Betabel,,c1,sin_cambio,,,,2026-05-12 17:04:31,2026-05-06 21:07:49,139.94,6,cg_1778605469582_2,5300,cam2_20260512_110431.jpg,crops/cam2_20260512_110431_r1_c1.jpg,5302,cam2_20260512_110434.jpg,crops/cam2_20260512_110434_r1_c1.jpg,11506,29,,50,0.4,0,0,0,0,0,0.0,0.0,4090.0,106.0,74.2,12.4,1.8,0.3,,2026-05-12 17:04:35
germ-germinadorap-de5832|LOT-20260506-651F-009|r1_c1|rep0,LOT-20260506-651F-009:B2:R0,germ-germinadorap-de5832,LOT-20260506-651F-009,B2,1,1,0,Betabel,,c1,sin_cambio,,,,2026-05-12 17:19:31,2026-05-06 21:07:49,140.19,6,cg_1778606369586_2,5304,cam2_20260512_111931.jpg,crops/cam2_20260512_111931_r1_c1.jpg,5306,cam2_20260512_111934.jpg,crops/cam2_20260512_111934_r1_c1.jpg,11518,29,,50,0.4,0,0,0,0,0,0.0,0.0,4105.0,106.0,74.4,12.4,1.8,0.3,,2026-05-12 17:19:35
germ-germinadorap-de5832|LOT-20260506-651F-009|r1_c1|rep0,LOT-20260506-651F-009:B2:R0,germ-germinadorap-de5832,LOT-20260506-651F-009,B2,1,1,0,Betabel,,c1,sin_cambio,,,,2026-05-12 17:34:31,2026-05-06 21:07:49,140.44,6,cg_1778607269586_2,5308,cam2_20260512_113431.jpg,crops/cam2_20260512_113431_r1_c1.jpg,5310,cam2_20260512_113434.jpg,crops/cam2_20260512_113434_r1_c1.jpg,11530,29,,50,0.4,0,0,0,0,0,0.0,0.0,4120.0,106.0,74.7,12.4,1.8,0.3,,2026-05-12 17:34:35
germ-germinadorap-de5832|LOT-20260506-651F-009|r1_c1|rep0,LOT-20260506-651F-009:B2:R0,germ-germinadorap-de5832,LOT-20260506-651F-009,B2,1,1,0,Betabel,,c1,sin_cambio,,,,2026-05-12 17:49:32,2026-05-06 21:07:49,140.70,6,cg_1778608169587_2,5312,cam2_20260512_114931.jpg,crops/cam2_20260512_114931_r1_c1.jpg,5314,cam2_20260512_114934.jpg,crops/cam2_20260512_114934_r1_c1.jpg,11542,29,,50,0.4,0,0,0,0,0,0.0,0.0,4134.0,106.0,74.9,12.5,1.8,0.3,,2026-05-12 17:49:35
germ-germinadorap-de5832|LOT-20260506-651F-009|r1_c1|rep0,LOT-20260506-651F-009:B2:R0,germ-germinadorap-de5832,LOT-20260506-651F-009,B2,1,1,0,Betabel,,c1,sin_cambio,,,,2026-05-12 18:04:31,2026-05-06 21:07:49,140.94,6,cg_1778609069592_2,5316,cam2_20260512_120431.jpg,crops/cam2_20260512_120431_r1_c1.jpg,5318,cam2_20260512_120434.jpg,crops/cam2_20260512_120434_r1_c1.jpg,11554,29,,50,0.4,0,0,0,0,0,0.0,0.0,4149.0,106.0,75.2,12.5,1.8,0.3,,2026-05-12 18:04:35
germ-germinadorap-de5832|LOT-20260506-651F-009|r1_c1|rep0,LOT-20260506-651F-009:B2:R0,germ-germinadorap-de5832,LOT-20260506-651F-009,B2,1,1,0,Betabel,,c1,sin_cambio,,,,2026-05-12 18:19:31,2026-05-06 21:07:49,141.19,6,cg_1778609969597_2,5320,cam2_20260512_121931.jpg,crops/cam2_20260512_121931_r1_c1.jpg,5322,cam2_20260512_121934.jpg,crops/cam2_20260512_121934_r1_c1.jpg,11566,29,,50,0.4,0,0,0,0,0,0.0,0.0,4164.0,106.0,75.4,12.6,1.8,0.3,,2026-05-12 18:19:35
germ-germinadorap-de5832|LOT-20260506-651F-009|r1_c1|rep0,LOT-20260506-651F-009:B2:R0,germ-germinadorap-de5832,LOT-20260506-651F-009,B2,1,1,0,Betabel,,c1,sin_cambio,,,,2026-05-12 18:34:31,2026-05-06 21:07:49,141.44,6,cg_1778610869600_2,5324,cam2_20260512_123431.jpg,crops/cam2_20260512_123431_r1_c1.jpg,5326,cam2_20260512_123434.jpg,crops/cam2_20260512_123434_r1_c1.jpg,11578,29,,50,0.4,0,0,0,0,0,0.0,0.0,4179.0,106.0,75.7,12.6,1.8,0.3,,2026-05-12 18:34:35
germ-germinadorap-de5832|LOT-20260506-651F-009|r1_c1|rep0,LOT-20260506-651F-009:B2:R0,germ-germinadorap-de5832,LOT-20260506-651F-009,B2,1,1,0,Betabel,,c1,sin_cambio,,,,2026-05-12 18:49:31,2026-05-06 21:07:49,141.69,6,cg_1778611769615_2,5328,cam2_20260512_124931.jpg,crops/cam2_20260512_124931_r1_c1.jpg,5330,cam2_20260512_124934.jpg,crops/cam2_20260512_124934_r1_c1.jpg,11590,29,,50,0.4,0,0,0,0,0,0.0,0.0,4194.0,106.0,75.9,12.7,1.8,0.3,,2026-05-12 18:49:35
germ-germinadorap-de5832|LOT-20260506-651F-009|r1_c1|rep0,LOT-20260506-651F-009:B2:R0,germ-germinadorap-de5832,LOT-20260506-651F-009,B2,1,1,0,Betabel,,c1,sin_cambio,,,,2026-05-12 19:04:31,2026-05-06 21:07:49,141.94,6,cg_1778612669614_2,5332,cam2_20260512_130431.jpg,crops/cam2_20260512_130431_r1_c1.jpg,5334,cam2_20260512_130434.jpg,crops/cam2_20260512_130434_r1_c1.jpg,11602,29,,50,0.4,0,0,0,0,0,0.0,0.0,4209.0,106.0,76.1,12.7,1.8,0.3,,2026-05-12 19:04:35
germ-germinadorap-de5832|LOT-20260506-651F-009|r1_c1|rep0,LOT-20260506-651F-009:B2:R0,germ-germinadorap-de5832,LOT-20260506-651F-009,B2,1,1,0,Betabel,,c1,sin_cambio,,,,2026-05-12 19:19:31,2026-05-06 21:07:49,142.19,6,cg_1778613569622_2,5336,cam2_20260512_131931.jpg,crops/cam2_20260512_131931_r1_c1.jpg,5338,cam2_20260512_131934.jpg,crops/cam2_20260512_131934_r1_c1.jpg,11614,29,,50,0.3,0,0,0,0,0,0.0,0.0,4224.0,106.0,76.4,12.7,1.8,0.3,,2026-05-12 19:19:35
germ-germinadorap-de5832|LOT-20260506-651F-009|r1_c1|rep0,LOT-20260506-651F-009:B2:R0,germ-germinadorap-de5832,LOT-20260506-651F-009,B2,1,1,0,Betabel,,c1,sin_cambio,,,,2026-05-12 19:34:31,2026-05-06 21:07:49,142.44,6,cg_1778614469638_2,5340,cam2_20260512_133431.jpg,crops/cam2_20260512_133431_r1_c1.jpg,5342,cam2_20260512_133434.jpg,crops/cam2_20260512_133434_r1_c1.jpg,11626,29,,50,0.3,0,0,0,0,0,0.0,0.0,4239.0,106.0,76.6,12.8,1.8,0.3,,2026-05-12 19:34:35
germ-germinadorap-de5832|LOT-20260506-651F-009|r1_c1|rep0,LOT-20260506-651F-009:B2:R0,germ-germinadorap-de5832,LOT-20260506-651F-009,B2,1,1,0,Betabel,,c1,sin_cambio,,,,2026-05-12 19:49:31,2026-05-06 21:07:49,142.69,6,cg_1778615369651_2,5344,cam2_20260512_134931.jpg,crops/cam2_20260512_134931_r1_c1.jpg,5346,cam2_20260512_134934.jpg,crops/cam2_20260512_134934_r1_c1.jpg,11638,29,,50,0.3,0,0,0,0,0,0.0,0.0,4254.0,106.0,76.9,12.8,1.8,0.3,,2026-05-12 19:49:35
germ-germinadorap-de5832|LOT-20260506-651F-009|r1_c1|rep0,LOT-20260506-651F-009:B2:R0,germ-germinadorap-de5832,LOT-20260506-651F-009,B2,1,1,0,Betabel,,c1,sin_cambio,,,,2026-05-12 20:04:31,2026-05-06 21:07:49,142.94,6,cg_1778616269662_2,5348,cam2_20260512_140431.jpg,crops/cam2_20260512_140431_r1_c1.jpg,5350,cam2_20260512_140434.jpg,crops/cam2_20260512_140434_r1_c1.jpg,11650,29,,50,0.3,0,0,0,0,0,0.0,0.0,4269.0,106.0,77.1,12.8,1.8,0.3,,2026-05-12 20:04:35
germ-germinadorap-de5832|LOT-20260506-651F-009|r1_c1|rep0,LOT-20260506-651F-009:B2:R0,germ-germinadorap-de5832,LOT-20260506-651F-009,B2,1,1,0,Betabel,,c1,sin_cambio,,,,2026-05-12 20:19:31,2026-05-06 21:07:49,143.19,6,cg_1778617169665_2,5352,cam2_20260512_141931.jpg,crops/cam2_20260512_141931_r1_c1.jpg,5354,cam2_20260512_141934.jpg,crops/cam2_20260512_141934_r1_c1.jpg,11662,29,,50,0.2,0,0,0,0,0,0.0,0.0,4284.0,106.0,77.1,12.8,1.8,0.3,,2026-05-12 20:19:35
germ-germinadorap-de5832|LOT-20260506-651F-009|r1_c1|rep0,LOT-20260506-651F-009:B2:R0,germ-germinadorap-de5832,LOT-20260506-651F-009,B2,1,1,0,Betabel,,c1,sin_cambio,,,,2026-05-12 20:34:31,2026-05-06 21:07:49,143.44,6,cg_1778618069674_2,5356,cam2_20260512_143431.jpg,crops/cam2_20260512_143431_r1_c1.jpg,5358,cam2_20260512_143434.jpg,crops/cam2_20260512_143434_r1_c1.jpg,11674,29,,50,0.2,0,0,0,0,0,0.0,0.0,4298.0,106.0,77.1,12.8,1.8,0.3,,2026-05-12 20:34:35
germ-germinadorap-de5832|LOT-20260506-651F-009|r1_c1|rep0,LOT-20260506-651F-009:B2:R0,germ-germinadorap-de5832,LOT-20260506-651F-009,B2,1,1,0,Betabel,,c1,sin_cambio,,,,2026-05-12 20:49:31,2026-05-06 21:07:49,143.69,6,cg_1778618969690_2,5360,cam2_20260512_144931.jpg,crops/cam2_20260512_144931_r1_c1.jpg,5362,cam2_20260512_144934.jpg,crops/cam2_20260512_144934_r1_c1.jpg,11686,29,,50,0.2,0,0,0,0,0,0.0,0.0,4313.0,106.0,77.1,12.8,1.8,0.3,,2026-05-12 20:49:35
germ-germinadorap-de5832|LOT-20260506-651F-009|r1_c1|rep0,LOT-20260506-651F-009:B2:R0,germ-germinadorap-de5832,LOT-20260506-651F-009,B2,1,1,0,Betabel,,c1,sin_cambio,,,,2026-05-12 21:04:31,2026-05-06 21:07:49,143.94,6,cg_1778619869697_2,5364,cam2_20260512_150431.jpg,crops/cam2_20260512_150431_r1_c1.jpg,5366,cam2_20260512_150434.jpg,crops/cam2_20260512_150434_r1_c1.jpg,11698,29,,50,0.1,0,0,0,0,0,0.0,0.0,4328.0,106.0,77.1,12.8,1.8,0.3,,2026-05-12 21:04:35
germ-germinadorap-de5832|LOT-20260506-651F-009|r1_c1|rep0,LOT-20260506-651F-009:B2:R0,germ-germinadorap-de5832,LOT-20260506-651F-009,B2,1,1,0,Betabel,,c1,sin_cambio,,,,2026-05-12 21:19:31,2026-05-06 21:07:49,144.19,7,cg_1778620769714_2,5368,cam2_20260512_151931.jpg,crops/cam2_20260512_151931_r1_c1.jpg,5370,cam2_20260512_151934.jpg,crops/cam2_20260512_151934_r1_c1.jpg,11710,29,,50,0.2,0,0,0,0,0,0.0,0.0,4343.0,106.0,77.1,11.0,1.8,0.3,,2026-05-12 21:19:35
germ-germinadorap-de5832|LOT-20260506-651F-009|r1_c1|rep0,LOT-20260506-651F-009:B2:R0,germ-germinadorap-de5832,LOT-20260506-651F-009,B2,1,1,0,Betabel,,c1,sin_cambio,,,,2026-05-12 21:34:32,2026-05-06 21:07:49,144.45,7,cg_1778621669714_2,5372,cam2_20260512_153431.jpg,crops/cam2_20260512_153431_r1_c1.jpg,5374,cam2_20260512_153434.jpg,crops/cam2_20260512_153434_r1_c1.jpg,11722,29,,50,0.1,0,0,0,0,0,0.0,0.0,4358.0,106.0,77.1,11.0,1.8,0.3,,2026-05-12 21:34:35
germ-germinadorap-de5832|LOT-20260506-651F-009|r1_c1|rep0,LOT-20260506-651F-009:B2:R0,germ-germinadorap-de5832,LOT-20260506-651F-009,B2,1,1,0,Betabel,,c1,sin_cambio,,,,2026-05-12 21:49:32,2026-05-06 21:07:49,144.70,7,cg_1778622569721_2,5376,cam2_20260512_154931.jpg,crops/cam2_20260512_154931_r1_c1.jpg,5378,cam2_20260512_154934.jpg,crops/cam2_20260512_154934_r1_c1.jpg,11734,29,,50,0.1,0,0,0,0,0,0.0,0.0,4373.0,106.0,77.1,11.0,1.8,0.3,,2026-05-12 21:49:35
germ-germinadorap-de5832|LOT-20260506-651F-009|r1_c1|rep0,LOT-20260506-651F-009:B2:R0,germ-germinadorap-de5832,LOT-20260506-651F-009,B2,1,1,0,Betabel,,c1,sin_cambio,,,,2026-05-12 22:04:32,2026-05-06 21:07:49,144.95,7,cg_1778623469731_2,5380,cam2_20260512_160431.jpg,crops/cam2_20260512_160431_r1_c1.jpg,5382,cam2_20260512_160434.jpg,crops/cam2_20260512_160434_r1_c1.jpg,11746,29,,50,0.1,0,0,0,0,0,0.0,0.0,4388.0,106.0,77.1,11.0,1.8,0.3,,2026-05-12 22:04:35
germ-germinadorap-de5832|LOT-20260506-651F-009|r1_c1|rep0,LOT-20260506-651F-009:B2:R0,germ-germinadorap-de5832,LOT-20260506-651F-009,B2,1,1,0,Betabel,,c1,sin_cambio,,,,2026-05-12 22:19:31,2026-05-06 21:07:49,145.19,7,cg_1778624369742_2,5384,cam2_20260512_161931.jpg,crops/cam2_20260512_161931_r1_c1.jpg,5386,cam2_20260512_161934.jpg,crops/cam2_20260512_161934_r1_c1.jpg,11758,29,,50,0.1,0,0,0,0,0,0.0,0.0,4403.0,106.0,77.1,11.0,1.8,0.3,,2026-05-12 22:19:35
germ-germinadorap-de5832|LOT-20260506-651F-009|r1_c1|rep0,LOT-20260506-651F-009:B2:R0,germ-germinadorap-de5832,LOT-20260506-651F-009,B2,1,1,0,Betabel,,c1,sin_cambio,,,,2026-05-12 22:34:31,2026-05-06 21:07:49,145.44,7,cg_1778625269754_2,5388,cam2_20260512_163431.jpg,crops/cam2_20260512_163431_r1_c1.jpg,5390,cam2_20260512_163434.jpg,crops/cam2_20260512_163434_r1_c1.jpg,11770,29,,50,0,0,0,0,0,0,0.0,0.0,4418.0,106.0,77.1,11.0,1.8,0.3,,2026-05-12 22:34:35
germ-germinadorap-de5832|LOT-20260506-651F-009|r1_c1|rep0,LOT-20260506-651F-009:B2:R0,germ-germinadorap-de5832,LOT-20260506-651F-009,B2,1,1,0,Betabel,,c1,sin_cambio,,,,2026-05-12 22:49:32,2026-05-06 21:07:49,145.70,7,cg_1778626169813_2,5392,cam2_20260512_164932.jpg,crops/cam2_20260512_164932_r1_c1.jpg,5394,cam2_20260512_164935.jpg,crops/cam2_20260512_164935_r1_c1.jpg,11782,29,,50,0.1,0,0,0,0,0,0.0,0.0,4433.0,106.0,77.1,11.0,1.8,0.3,,2026-05-12 22:49:37
germ-germinadorap-de5832|LOT-20260506-651F-009|r1_c1|rep0,LOT-20260506-651F-009:B2:R0,germ-germinadorap-de5832,LOT-20260506-651F-009,B2,1,1,0,Betabel,,c1,sin_cambio,,,,2026-05-12 23:04:32,2026-05-06 21:07:49,145.95,7,cg_1778627069859_2,5396,cam2_20260512_170431.jpg,crops/cam2_20260512_170431_r1_c1.jpg,5398,cam2_20260512_170434.jpg,crops/cam2_20260512_170434_r1_c1.jpg,11794,29,,50,0.1,0,0,0,0,0,0.0,0.0,4448.0,106.0,77.1,11.0,1.8,0.3,,2026-05-12 23:04:35
germ-germinadorap-de5832|LOT-20260506-651F-009|r1_c1|rep0,LOT-20260506-651F-009:B2:R0,germ-germinadorap-de5832,LOT-20260506-651F-009,B2,1,1,0,Betabel,,c1,sin_cambio,,,,2026-05-12 23:19:32,2026-05-06 21:07:49,146.20,7,cg_1778627969835_2,5400,cam2_20260512_171931.jpg,crops/cam2_20260512_171931_r1_c1.jpg,5402,cam2_20260512_171934.jpg,crops/cam2_20260512_171934_r1_c1.jpg,11806,29,,50,0.1,0,0,0,0,0,0.0,0.0,4463.0,106.0,77.1,11.0,1.8,0.3,,2026-05-12 23:19:35
germ-germinadorap-de5832|LOT-20260506-651F-009|r1_c1|rep0,LOT-20260506-651F-009:B2:R0,germ-germinadorap-de5832,LOT-20260506-651F-009,B2,1,1,0,Betabel,,c1,sin_cambio,,,,2026-05-12 23:34:32,2026-05-06 21:07:49,146.45,7,cg_1778628869842_2,5404,cam2_20260512_173431.jpg,crops/cam2_20260512_173431_r1_c1.jpg,5406,cam2_20260512_173434.jpg,crops/cam2_20260512_173434_r1_c1.jpg,11818,29,,50,0.1,0,0,0,0,0,0.0,0.0,4477.0,106.0,77.1,11.0,1.8,0.3,,2026-05-12 23:34:35
germ-germinadorap-de5832|LOT-20260506-651F-009|r1_c1|rep0,LOT-20260506-651F-009:B2:R0,germ-germinadorap-de5832,LOT-20260506-651F-009,B2,1,1,0,Betabel,,c1,sin_cambio,,,,2026-05-12 23:49:32,2026-05-06 21:07:49,146.70,7,cg_1778629769858_2,5408,cam2_20260512_174931.jpg,crops/cam2_20260512_174931_r1_c1.jpg,5410,cam2_20260512_174934.jpg,crops/cam2_20260512_174934_r1_c1.jpg,11830,29,,50,0.1,0,0,0,0,0,0.0,0.0,4492.0,106.0,77.1,11.0,1.8,0.3,,2026-05-12 23:49:35
germ-germinadorap-de5832|LOT-20260506-651F-009|r1_c1|rep0,LOT-20260506-651F-009:B2:R0,germ-germinadorap-de5832,LOT-20260506-651F-009,B2,1,1,0,Betabel,,c1,sin_cambio,,,,2026-05-13 00:04:32,2026-05-06 21:07:49,146.95,7,cg_1778630669870_2,5412,cam2_20260512_180431.jpg,crops/cam2_20260512_180431_r1_c1.jpg,5414,cam2_20260512_180434.jpg,crops/cam2_20260512_180434_r1_c1.jpg,11842,29,,50,0.1,0,0,0,1,0,15.0,0.0,4507.0,106.0,77.1,11.0,1.8,0.3,,2026-05-13 00:04:35
germ-germinadorap-de5832|LOT-20260506-651F-009|r1_c1|rep0,LOT-20260506-651F-009:B2:R0,germ-germinadorap-de5832,LOT-20260506-651F-009,B2,1,1,0,Betabel,,c1,sin_cambio,,,,2026-05-13 00:19:32,2026-05-06 21:07:49,147.20,7,cg_1778631569890_2,5416,cam2_20260512_181931.jpg,crops/cam2_20260512_181931_r1_c1.jpg,5418,cam2_20260512_181934.jpg,crops/cam2_20260512_181934_r1_c1.jpg,11854,29,,50,0.1,0,0,0,0,0,0.0,0.0,4522.0,106.0,77.1,11.0,1.8,0.3,,2026-05-13 00:19:35
germ-germinadorap-de5832|LOT-20260506-651F-009|r1_c1|rep0,LOT-20260506-651F-009:B2:R0,germ-germinadorap-de5832,LOT-20260506-651F-009,B2,1,1,0,Betabel,,c1,sin_cambio,,,,2026-05-13 00:34:32,2026-05-06 21:07:49,147.45,7,cg_1778632469906_2,5420,cam2_20260512_183431.jpg,crops/cam2_20260512_183431_r1_c1.jpg,5422,cam2_20260512_183434.jpg,crops/cam2_20260512_183434_r1_c1.jpg,11866,29,,50,0.1,0,0,0,0,0,0.0,0.0,4537.0,106.0,77.1,11.0,1.8,0.3,,2026-05-13 00:34:35
germ-germinadorap-de5832|LOT-20260506-651F-009|r1_c1|rep0,LOT-20260506-651F-009:B2:R0,germ-germinadorap-de5832,LOT-20260506-651F-009,B2,1,1,0,Betabel,,c1,sin_cambio,,,,2026-05-13 00:49:32,2026-05-06 21:07:49,147.70,7,cg_1778633369915_2,5424,cam2_20260512_184931.jpg,crops/cam2_20260512_184931_r1_c1.jpg,5426,cam2_20260512_184934.jpg,crops/cam2_20260512_184934_r1_c1.jpg,11878,29,,50,0.1,0,0,0,0,0,0.0,0.0,4552.0,106.0,77.1,11.0,1.8,0.3,,2026-05-13 00:49:35
germ-germinadorap-de5832|LOT-20260506-651F-009|r1_c1|rep0,LOT-20260506-651F-009:B2:R0,germ-germinadorap-de5832,LOT-20260506-651F-009,B2,1,1,0,Betabel,,c1,sin_cambio,,,,2026-05-13 01:04:32,2026-05-06 21:07:49,147.95,7,cg_1778634269935_2,5428,cam2_20260512_190431.jpg,crops/cam2_20260512_190431_r1_c1.jpg,5430,cam2_20260512_190434.jpg,crops/cam2_20260512_190434_r1_c1.jpg,11890,29,,50,0.1,0,0,0,0,0,0.0,0.0,4567.0,106.0,77.1,11.0,1.8,0.3,,2026-05-13 01:04:35
germ-germinadorap-de5832|LOT-20260506-651F-009|r1_c1|rep0,LOT-20260506-651F-009:B2:R0,germ-germinadorap-de5832,LOT-20260506-651F-009,B2,1,1,0,Betabel,,c1,sin_cambio,,,,2026-05-13 01:19:32,2026-05-06 21:07:49,148.20,7,cg_1778635169936_2,5432,cam2_20260512_191931.jpg,crops/cam2_20260512_191931_r1_c1.jpg,5434,cam2_20260512_191934.jpg,crops/cam2_20260512_191934_r1_c1.jpg,11902,29,,50,0,0,0,0,0,0,0.0,0.0,4582.0,106.0,77.1,11.0,1.8,0.3,,2026-05-13 01:19:35
germ-germinadorap-de5832|LOT-20260506-651F-009|r1_c1|rep0,LOT-20260506-651F-009:B2:R0,germ-germinadorap-de5832,LOT-20260506-651F-009,B2,1,1,0,Betabel,,c1,sin_cambio,,,,2026-05-13 01:34:32,2026-05-06 21:07:49,148.45,7,cg_1778636069950_2,5436,cam2_20260512_193431.jpg,crops/cam2_20260512_193431_r1_c1.jpg,5438,cam2_20260512_193434.jpg,crops/cam2_20260512_193434_r1_c1.jpg,11914,29,,50,0,0,0,0,0,0,0.0,0.0,4597.0,106.0,77.1,11.0,1.8,0.3,,2026-05-13 01:34:35
germ-germinadorap-de5832|LOT-20260506-651F-009|r1_c1|rep0,LOT-20260506-651F-009:B2:R0,germ-germinadorap-de5832,LOT-20260506-651F-009,B2,1,1,0,Betabel,,c1,sin_cambio,,,,2026-05-13 01:49:32,2026-05-06 21:07:49,148.70,7,cg_1778636969952_2,5444,cam2_20260512_194931.jpg,crops/cam2_20260512_194931_r1_c1.jpg,5446,cam2_20260512_194934.jpg,crops/cam2_20260512_194934_r1_c1.jpg,11926,29,,50,0.1,0,0,0,0,0,0.0,0.0,4612.0,106.0,77.3,11.0,1.8,0.3,,2026-05-13 01:49:35
germ-germinadorap-de5832|LOT-20260506-651F-009|r1_c1|rep0,LOT-20260506-651F-009:B2:R0,germ-germinadorap-de5832,LOT-20260506-651F-009,B2,1,1,0,Betabel,,c1,sin_cambio,,,,2026-05-13 02:04:32,2026-05-06 21:07:49,148.95,7,cg_1778637870001_2,5448,cam2_20260512_200431.jpg,crops/cam2_20260512_200431_r1_c1.jpg,5450,cam2_20260512_200434.jpg,crops/cam2_20260512_200434_r1_c1.jpg,11938,29,,50,0,0,0,0,0,0,0.0,0.0,4622.0,106.0,77.5,11.1,1.8,0.3,,2026-05-13 02:04:36
germ-germinadorap-de5832|LOT-20260506-651F-009|r1_c1|rep0,LOT-20260506-651F-009:B2:R0,germ-germinadorap-de5832,LOT-20260506-651F-009,B2,1,1,0,Betabel,,c1,sin_cambio,,,,2026-05-13 02:19:32,2026-05-06 21:07:49,149.20,7,cg_1778638770004_2,5452,cam2_20260512_201931.jpg,crops/cam2_20260512_201931_r1_c1.jpg,5454,cam2_20260512_201934.jpg,crops/cam2_20260512_201934_r1_c1.jpg,11950,29,,50,0,0,0,0,0,0,0.0,0.0,4622.0,106.0,77.8,11.1,1.8,0.3,,2026-05-13 02:19:36
germ-germinadorap-de5832|LOT-20260506-651F-009|r1_c1|rep0,LOT-20260506-651F-009:B2:R0,germ-germinadorap-de5832,LOT-20260506-651F-009,B2,1,1,0,Betabel,,c1,sin_cambio,,,,2026-05-13 02:34:32,2026-05-06 21:07:49,149.45,7,cg_1778639670016_2,5456,cam2_20260512_203431.jpg,crops/cam2_20260512_203431_r1_c1.jpg,5458,cam2_20260512_203434.jpg,crops/cam2_20260512_203434_r1_c1.jpg,11962,29,,50,0,0,0,0,0,0,0.0,0.0,4623.0,106.0,78.0,11.1,1.8,0.3,,2026-05-13 02:34:35
germ-germinadorap-de5832|LOT-20260506-651F-009|r1_c1|rep0,LOT-20260506-651F-009:B2:R0,germ-germinadorap-de5832,LOT-20260506-651F-009,B2,1,1,0,Betabel,,c1,sin_cambio,,,,2026-05-13 02:49:32,2026-05-06 21:07:49,149.70,7,cg_1778640570025_2,5464,cam2_20260512_204931.jpg,crops/cam2_20260512_204931_r1_c1.jpg,5466,cam2_20260512_204934.jpg,crops/cam2_20260512_204934_r1_c1.jpg,11974,29,,50,0,0,0,0,0,0,0.0,0.0,4623.0,106.0,78.3,11.2,1.8,0.3,,2026-05-13 02:49:36
germ-germinadorap-de5832|LOT-20260506-651F-009|r1_c1|rep0,LOT-20260506-651F-009:B2:R0,germ-germinadorap-de5832,LOT-20260506-651F-009,B2,1,1,0,Betabel,,c1,sin_cambio,,,,2026-05-13 03:04:32,2026-05-06 21:07:49,149.95,7,cg_1778641470035_2,5468,cam2_20260512_210431.jpg,crops/cam2_20260512_210431_r1_c1.jpg,5470,cam2_20260512_210434.jpg,crops/cam2_20260512_210434_r1_c1.jpg,11986,29,,50,0,0,0,0,0,0,0.0,0.0,4623.0,106.0,78.5,11.2,1.8,0.3,,2026-05-13 03:04:36
germ-germinadorap-de5832|LOT-20260506-651F-009|r1_c1|rep0,LOT-20260506-651F-009:B2:R0,germ-germinadorap-de5832,LOT-20260506-651F-009,B2,1,1,0,Betabel,,c1,sin_cambio,,,,2026-05-13 03:19:32,2026-05-06 21:07:49,150.20,7,cg_1778642370051_2,5472,cam2_20260512_211931.jpg,crops/cam2_20260512_211931_r1_c1.jpg,5474,cam2_20260512_211934.jpg,crops/cam2_20260512_211934_r1_c1.jpg,11998,29,,50,0,0,0,0,0,0,0.0,0.0,4623.0,106.0,78.8,11.3,1.8,0.3,,2026-05-13 03:19:36
germ-germinadorap-de5832|LOT-20260506-651F-009|r1_c1|rep0,LOT-20260506-651F-009:B2:R0,germ-germinadorap-de5832,LOT-20260506-651F-009,B2,1,1,0,Betabel,,c1,sin_cambio,,,,2026-05-13 03:34:32,2026-05-06 21:07:49,150.45,7,cg_1778643270065_2,5476,cam2_20260512_213431.jpg,crops/cam2_20260512_213431_r1_c1.jpg,5478,cam2_20260512_213434.jpg,crops/cam2_20260512_213434_r1_c1.jpg,12010,29,,50,0,0,0,0,0,0,0.0,0.0,4623.0,106.0,79.0,11.3,1.8,0.3,,2026-05-13 03:34:36
germ-germinadorap-de5832|LOT-20260506-651F-009|r1_c1|rep0,LOT-20260506-651F-009:B2:R0,germ-germinadorap-de5832,LOT-20260506-651F-009,B2,1,1,0,Betabel,,c1,sin_cambio,,,,2026-05-13 03:49:32,2026-05-06 21:07:49,150.70,7,cg_1778644170073_2,5480,cam2_20260512_214931.jpg,crops/cam2_20260512_214931_r1_c1.jpg,5482,cam2_20260512_214934.jpg,crops/cam2_20260512_214934_r1_c1.jpg,12022,29,,50,0,0,0,0,0,0,0.0,0.0,4623.0,106.0,79.3,11.3,1.8,0.3,,2026-05-13 03:49:36
germ-germinadorap-de5832|LOT-20260506-651F-009|r1_c1|rep0,LOT-20260506-651F-009:B2:R0,germ-germinadorap-de5832,LOT-20260506-651F-009,B2,1,1,0,Betabel,,c1,sin_cambio,,,,2026-05-13 04:04:32,2026-05-06 21:07:49,150.95,7,cg_1778645070077_2,5484,cam2_20260512_220431.jpg,crops/cam2_20260512_220431_r1_c1.jpg,5486,cam2_20260512_220434.jpg,crops/cam2_20260512_220434_r1_c1.jpg,12034,29,,50,0,0,0,0,0,0,0.0,0.0,4623.0,106.0,79.5,11.4,1.8,0.3,,2026-05-13 04:04:36
germ-germinadorap-de5832|LOT-20260506-651F-009|r1_c1|rep0,LOT-20260506-651F-009:B2:R0,germ-germinadorap-de5832,LOT-20260506-651F-009,B2,1,1,0,Betabel,,c1,sin_cambio,,,,2026-05-13 04:19:32,2026-05-06 21:07:49,151.20,7,cg_1778645970091_2,5488,cam2_20260512_221931.jpg,crops/cam2_20260512_221931_r1_c1.jpg,5490,cam2_20260512_221934.jpg,crops/cam2_20260512_221934_r1_c1.jpg,12046,29,,50,0,0,0,0,0,0,0.0,0.0,4623.0,106.0,79.8,11.4,1.8,0.3,,2026-05-13 04:19:36
germ-germinadorap-de5832|LOT-20260506-651F-009|r1_c1|rep0,LOT-20260506-651F-009:B2:R0,germ-germinadorap-de5832,LOT-20260506-651F-009,B2,1,1,0,Betabel,,c1,sin_cambio,,,,2026-05-13 04:34:32,2026-05-06 21:07:49,151.45,7,cg_1778646870110_2,5492,cam2_20260512_223431.jpg,crops/cam2_20260512_223431_r1_c1.jpg,5494,cam2_20260512_223434.jpg,crops/cam2_20260512_223434_r1_c1.jpg,12058,29,,50,0,0,0,0,0,0,0.0,0.0,4623.0,106.0,80.0,11.4,1.8,0.3,,2026-05-13 04:34:36
germ-germinadorap-de5832|LOT-20260506-651F-009|r1_c1|rep0,LOT-20260506-651F-009:B2:R0,germ-germinadorap-de5832,LOT-20260506-651F-009,B2,1,1,0,Betabel,,c1,sin_cambio,,,,2026-05-13 04:49:32,2026-05-06 21:07:49,151.70,7,cg_1778647770115_2,5497,cam2_20260512_224931.jpg,crops/cam2_20260512_224931_r1_c1.jpg,5499,cam2_20260512_224937.jpg,crops/cam2_20260512_224937_r1_c1.jpg,12077,29,,50,0,0,0,0,0,0,0.0,0.0,4623.0,106.0,80.3,11.5,1.8,0.3,,2026-05-13 04:49:38
germ-germinadorap-de5832|LOT-20260506-651F-009|r1_c1|rep0,LOT-20260506-651F-009:B2:R0,germ-germinadorap-de5832,LOT-20260506-651F-009,B2,1,1,0,Betabel,,c1,sin_cambio,,,,2026-05-13 05:04:35,2026-05-06 21:07:49,151.95,7,cg_1778648670124_2,5500,cam2_20260512_230434.jpg,crops/cam2_20260512_230434_r1_c1.jpg,5502,cam2_20260512_230437.jpg,crops/cam2_20260512_230437_r1_c1.jpg,12082,29,,50,0,0,0,0,0,0,0.0,0.0,4623.0,106.0,80.5,11.5,1.8,0.3,,2026-05-13 05:04:39
germ-germinadorap-de5832|LOT-20260506-651F-009|r1_c1|rep0,LOT-20260506-651F-009:B2:R0,germ-germinadorap-de5832,LOT-20260506-651F-009,B2,1,1,0,Betabel,,c1,sin_cambio,,,,2026-05-13 05:19:32,2026-05-06 21:07:49,152.20,7,cg_1778649570131_2,5504,cam2_20260512_231931.jpg,crops/cam2_20260512_231931_r1_c1.jpg,5506,cam2_20260512_231934.jpg,crops/cam2_20260512_231934_r1_c1.jpg,12094,29,,50,0,0,0,0,0,0,0.0,0.0,4623.0,106.0,80.8,11.5,1.8,0.3,,2026-05-13 05:19:36
germ-germinadorap-de5832|LOT-20260506-651F-009|r1_c1|rep0,LOT-20260506-651F-009:B2:R0,germ-germinadorap-de5832,LOT-20260506-651F-009,B2,1,1,0,Betabel,,c1,sin_cambio,,,,2026-05-13 05:34:32,2026-05-06 21:07:49,152.45,7,cg_1778650470134_2,5508,cam2_20260512_233431.jpg,crops/cam2_20260512_233431_r1_c1.jpg,5510,cam2_20260512_233434.jpg,crops/cam2_20260512_233434_r1_c1.jpg,12106,29,,50,0,0,0,0,0,0,0.0,0.0,4623.0,106.0,81.0,11.6,1.8,0.3,,2026-05-13 05:34:36
germ-germinadorap-de5832|LOT-20260506-651F-009|r1_c1|rep0,LOT-20260506-651F-009:B2:R0,germ-germinadorap-de5832,LOT-20260506-651F-009,B2,1,1,0,Betabel,,c1,sin_cambio,,,,2026-05-13 05:49:32,2026-05-06 21:07:49,152.70,7,cg_1778651370141_2,5512,cam2_20260512_234931.jpg,crops/cam2_20260512_234931_r1_c1.jpg,5514,cam2_20260512_234934.jpg,crops/cam2_20260512_234934_r1_c1.jpg,12118,29,,50,0,0,0,0,0,0,0.0,0.0,4623.0,106.0,81.3,11.6,1.8,0.3,,2026-05-13 05:49:36
germ-germinadorap-de5832|LOT-20260506-651F-009|r1_c1|rep0,LOT-20260506-651F-009:B2:R0,germ-germinadorap-de5832,LOT-20260506-651F-009,B2,1,1,0,Betabel,,c1,sin_cambio,,,,2026-05-13 06:04:32,2026-05-06 21:07:49,152.95,7,cg_1778652270152_2,5516,cam2_20260513_000431.jpg,crops/cam2_20260513_000431_r1_c1.jpg,5518,cam2_20260513_000434.jpg,crops/cam2_20260513_000434_r1_c1.jpg,12130,29,,50,0,0,0,0,0,0,0.0,0.0,4623.0,106.0,81.5,11.6,1.8,0.3,,2026-05-13 06:04:36
germ-germinadorap-de5832|LOT-20260506-651F-009|r1_c1|rep0,LOT-20260506-651F-009:B2:R0,germ-germinadorap-de5832,LOT-20260506-651F-009,B2,1,1,0,Betabel,,c1,sin_cambio,,,,2026-05-13 06:19:32,2026-05-06 21:07:49,153.20,7,cg_1778653170160_2,5520,cam2_20260513_001931.jpg,crops/cam2_20260513_001931_r1_c1.jpg,5522,cam2_20260513_001934.jpg,crops/cam2_20260513_001934_r1_c1.jpg,12142,29,,50,0,0,0,0,0,0,0.0,0.0,4623.0,106.0,81.8,11.7,1.8,0.3,,2026-05-13 06:19:36
germ-germinadorap-de5832|LOT-20260506-651F-009|r1_c1|rep0,LOT-20260506-651F-009:B2:R0,germ-germinadorap-de5832,LOT-20260506-651F-009,B2,1,1,0,Betabel,,c1,sin_cambio,,,,2026-05-13 06:34:32,2026-05-06 21:07:49,153.45,7,cg_1778654070166_2,5524,cam2_20260513_003431.jpg,crops/cam2_20260513_003431_r1_c1.jpg,5526,cam2_20260513_003434.jpg,crops/cam2_20260513_003434_r1_c1.jpg,12154,29,,50,0,0,0,0,0,0,0.0,0.0,4623.0,106.0,82.0,11.7,1.8,0.3,,2026-05-13 06:34:36
germ-germinadorap-de5832|LOT-20260506-651F-009|r1_c1|rep0,LOT-20260506-651F-009:B2:R0,germ-germinadorap-de5832,LOT-20260506-651F-009,B2,1,1,0,Betabel,,c1,sin_cambio,,,,2026-05-13 06:49:32,2026-05-06 21:07:49,153.70,7,cg_1778654970175_2,5528,cam2_20260513_004931.jpg,crops/cam2_20260513_004931_r1_c1.jpg,5530,cam2_20260513_004934.jpg,crops/cam2_20260513_004934_r1_c1.jpg,12166,29,,50,0,0,0,0,0,0,0.0,0.0,4623.0,106.0,82.3,11.8,1.8,0.3,,2026-05-13 06:49:36
germ-germinadorap-de5832|LOT-20260506-651F-009|r1_c1|rep0,LOT-20260506-651F-009:B2:R0,germ-germinadorap-de5832,LOT-20260506-651F-009,B2,1,1,0,Betabel,,c1,sin_cambio,,,,2026-05-13 07:04:32,2026-05-06 21:07:49,153.95,7,cg_1778655870188_2,5532,cam2_20260513_010431.jpg,crops/cam2_20260513_010431_r1_c1.jpg,5534,cam2_20260513_010434.jpg,crops/cam2_20260513_010434_r1_c1.jpg,12178,29,,50,0,0,0,0,0,0,0.0,0.0,4623.0,106.0,82.5,11.8,1.8,0.3,,2026-05-13 07:04:36
germ-germinadorap-de5832|LOT-20260506-651F-009|r1_c1|rep0,LOT-20260506-651F-009:B2:R0,germ-germinadorap-de5832,LOT-20260506-651F-009,B2,1,1,0,Betabel,,c1,sin_cambio,,,,2026-05-13 07:19:32,2026-05-06 21:07:49,154.20,7,cg_1778656770216_2,5536,cam2_20260513_011931.jpg,crops/cam2_20260513_011931_r1_c1.jpg,5538,cam2_20260513_011934.jpg,crops/cam2_20260513_011934_r1_c1.jpg,12190,29,,50,0,0,0,0,0,0,0.0,0.0,4623.0,106.0,82.5,11.8,1.8,0.3,,2026-05-13 07:19:36
germ-germinadorap-de5832|LOT-20260506-651F-009|r1_c1|rep0,LOT-20260506-651F-009:B2:R0,germ-germinadorap-de5832,LOT-20260506-651F-009,B2,1,1,0,Betabel,,c1,sin_cambio,,,,2026-05-13 07:34:32,2026-05-06 21:07:49,154.45,7,cg_1778657670220_2,5540,cam2_20260513_013431.jpg,crops/cam2_20260513_013431_r1_c1.jpg,5542,cam2_20260513_013434.jpg,crops/cam2_20260513_013434_r1_c1.jpg,12202,29,,50,0,0,0,0,0,0,0.0,0.0,4623.0,106.0,82.5,11.8,1.8,0.3,,2026-05-13 07:34:36
germ-germinadorap-de5832|LOT-20260506-651F-009|r1_c1|rep0,LOT-20260506-651F-009:B2:R0,germ-germinadorap-de5832,LOT-20260506-651F-009,B2,1,1,0,Betabel,,c1,sin_cambio,,,,2026-05-13 07:49:32,2026-05-06 21:07:49,154.70,7,cg_1778658570243_2,5544,cam2_20260513_014931.jpg,crops/cam2_20260513_014931_r1_c1.jpg,5546,cam2_20260513_014934.jpg,crops/cam2_20260513_014934_r1_c1.jpg,12214,29,,50,0,0,0,0,0,0,0.0,0.0,4635.0,106.0,82.5,11.8,1.8,0.3,,2026-05-13 07:49:36
germ-germinadorap-de5832|LOT-20260506-651F-009|r1_c1|rep0,LOT-20260506-651F-009:B2:R0,germ-germinadorap-de5832,LOT-20260506-651F-009,B2,1,1,0,Betabel,,c1,sin_cambio,,,,2026-05-13 08:04:32,2026-05-06 21:07:49,154.95,7,cg_1778659470242_2,5548,cam2_20260513_020431.jpg,crops/cam2_20260513_020431_r1_c1.jpg,5550,cam2_20260513_020434.jpg,crops/cam2_20260513_020434_r1_c1.jpg,12226,29,,50,0,0,0,0,0,0,0.0,0.0,4650.0,106.0,82.5,11.8,1.8,0.3,,2026-05-13 08:04:36
germ-germinadorap-de5832|LOT-20260506-651F-009|r1_c1|rep0,LOT-20260506-651F-009:B2:R0,germ-germinadorap-de5832,LOT-20260506-651F-009,B2,1,1,0,Betabel,,c1,sin_cambio,,,,2026-05-13 08:19:32,2026-05-06 21:07:49,155.20,7,cg_1778660370353_2,5552,cam2_20260513_021931.jpg,crops/cam2_20260513_021931_r1_c1.jpg,5554,cam2_20260513_021934.jpg,crops/cam2_20260513_021934_r1_c1.jpg,12238,29,,50,0,0,0,0,0,0,0.0,0.0,4665.0,106.0,82.5,11.8,1.8,0.3,,2026-05-13 08:19:36
germ-germinadorap-de5832|LOT-20260506-651F-009|r1_c1|rep0,LOT-20260506-651F-009:B2:R0,germ-germinadorap-de5832,LOT-20260506-651F-009,B2,1,1,0,Betabel,,c1,sin_cambio,,,,2026-05-13 08:34:32,2026-05-06 21:07:49,155.45,7,cg_1778661270352_2,5556,cam2_20260513_023431.jpg,crops/cam2_20260513_023431_r1_c1.jpg,5558,cam2_20260513_023434.jpg,crops/cam2_20260513_023434_r1_c1.jpg,12250,29,,50,0.1,0,0,0,0,0,0.0,0.0,4680.0,106.0,82.5,11.8,1.8,0.3,,2026-05-13 08:34:36
germ-germinadorap-de5832|LOT-20260506-651F-009|r1_c1|rep0,LOT-20260506-651F-009:B2:R0,germ-germinadorap-de5832,LOT-20260506-651F-009,B2,1,1,0,Betabel,,c1,sin_cambio,,,,2026-05-13 08:49:32,2026-05-06 21:07:49,155.70,7,cg_1778662170354_2,5560,cam2_20260513_024931.jpg,crops/cam2_20260513_024931_r1_c1.jpg,5562,cam2_20260513_024934.jpg,crops/cam2_20260513_024934_r1_c1.jpg,12262,29,,50,0,0,0,0,0,0,0.0,0.0,4695.0,106.0,82.5,11.8,1.8,0.3,,2026-05-13 08:49:36
germ-germinadorap-de5832|LOT-20260506-651F-009|r1_c1|rep0,LOT-20260506-651F-009:B2:R0,germ-germinadorap-de5832,LOT-20260506-651F-009,B2,1,1,0,Betabel,,c1,sin_cambio,,,,2026-05-13 09:04:32,2026-05-06 21:07:49,155.95,7,cg_1778663070358_2,5564,cam2_20260513_030431.jpg,crops/cam2_20260513_030431_r1_c1.jpg,5566,cam2_20260513_030435.jpg,crops/cam2_20260513_030435_r1_c1.jpg,12274,29,,50,0,0,0,0,0,0,0.0,0.0,4710.0,106.0,82.5,11.8,1.8,0.3,,2026-05-13 09:04:36
germ-germinadorap-de5832|LOT-20260506-651F-009|r1_c1|rep0,LOT-20260506-651F-009:B2:R0,germ-germinadorap-de5832,LOT-20260506-651F-009,B2,1,1,0,Betabel,,c1,sin_cambio,,,,2026-05-13 09:19:33,2026-05-06 21:07:49,156.20,7,cg_1778663970359_2,5568,cam2_20260513_031932.jpg,crops/cam2_20260513_031932_r1_c1.jpg,5570,cam2_20260513_031935.jpg,crops/cam2_20260513_031935_r1_c1.jpg,12286,29,,50,0,0,0,0,0,0,0.0,0.0,4725.0,106.0,82.5,11.8,1.8,0.3,,2026-05-13 09:19:37
germ-germinadorap-de5832|LOT-20260506-651F-009|r1_c1|rep0,LOT-20260506-651F-009:B2:R0,germ-germinadorap-de5832,LOT-20260506-651F-009,B2,1,1,0,Betabel,,c1,sin_cambio,,,,2026-05-13 09:34:32,2026-05-06 21:07:49,156.45,7,cg_1778664870363_2,5572,cam2_20260513_033431.jpg,crops/cam2_20260513_033431_r1_c1.jpg,5574,cam2_20260513_033434.jpg,crops/cam2_20260513_033434_r1_c1.jpg,12298,29,,50,0,0,0,0,0,0,0.0,0.0,4740.0,106.0,82.5,11.8,1.8,0.3,,2026-05-13 09:34:36
germ-germinadorap-de5832|LOT-20260506-651F-009|r1_c1|rep0,LOT-20260506-651F-009:B2:R0,germ-germinadorap-de5832,LOT-20260506-651F-009,B2,1,1,0,Betabel,,c1,sin_cambio,,,,2026-05-13 09:49:32,2026-05-06 21:07:49,156.70,7,cg_1778665770365_2,5576,cam2_20260513_034931.jpg,crops/cam2_20260513_034931_r1_c1.jpg,5578,cam2_20260513_034934.jpg,crops/cam2_20260513_034934_r1_c1.jpg,12310,29,,50,0,0,0,0,0,0,0.0,0.0,4755.0,106.0,82.5,11.8,1.8,0.3,,2026-05-13 09:49:36
germ-germinadorap-de5832|LOT-20260506-651F-009|r1_c1|rep0,LOT-20260506-651F-009:B2:R0,germ-germinadorap-de5832,LOT-20260506-651F-009,B2,1,1,0,Betabel,,c1,sin_cambio,,,,2026-05-13 10:04:32,2026-05-06 21:07:49,156.95,7,cg_1778666670367_2,5580,cam2_20260513_040431.jpg,crops/cam2_20260513_040431_r1_c1.jpg,5582,cam2_20260513_040434.jpg,crops/cam2_20260513_040434_r1_c1.jpg,12322,29,,50,0,0,0,0,0,0,0.0,0.0,4770.0,106.0,82.5,11.8,1.8,0.3,,2026-05-13 10:04:36
germ-germinadorap-de5832|LOT-20260506-651F-009|r1_c1|rep0,LOT-20260506-651F-009:B2:R0,germ-germinadorap-de5832,LOT-20260506-651F-009,B2,1,1,0,Betabel,,c1,sin_cambio,,,,2026-05-13 10:19:32,2026-05-06 21:07:49,157.20,7,cg_1778667570372_2,5584,cam2_20260513_041931.jpg,crops/cam2_20260513_041931_r1_c1.jpg,5586,cam2_20260513_041934.jpg,crops/cam2_20260513_041934_r1_c1.jpg,12334,29,,50,0,0,0,0,0,0,0.0,0.0,4784.0,106.0,82.5,11.8,1.8,0.3,,2026-05-13 10:19:36
germ-germinadorap-de5832|LOT-20260506-651F-009|r1_c1|rep0,LOT-20260506-651F-009:B2:R0,germ-germinadorap-de5832,LOT-20260506-651F-009,B2,1,1,0,Betabel,,c1,sin_cambio,,,,2026-05-13 10:34:32,2026-05-06 21:07:49,157.45,7,cg_1778668470378_2,5588,cam2_20260513_043431.jpg,crops/cam2_20260513_043431_r1_c1.jpg,5590,cam2_20260513_043434.jpg,crops/cam2_20260513_043434_r1_c1.jpg,12346,29,,50,0,0,0,0,0,0,0.0,0.0,4799.0,106.0,82.5,11.8,1.8,0.3,,2026-05-13 10:34:36
germ-germinadorap-de5832|LOT-20260506-651F-009|r1_c1|rep0,LOT-20260506-651F-009:B2:R0,germ-germinadorap-de5832,LOT-20260506-651F-009,B2,1,1,0,Betabel,,c1,sin_cambio,,,,2026-05-13 10:49:32,2026-05-06 21:07:49,157.70,7,cg_1778669370377_2,5592,cam2_20260513_044931.jpg,crops/cam2_20260513_044931_r1_c1.jpg,5594,cam2_20260513_044934.jpg,crops/cam2_20260513_044934_r1_c1.jpg,12358,29,,50,0,0,0,0,0,0,0.0,0.0,4814.0,106.0,82.5,11.8,1.8,0.3,,2026-05-13 10:49:36
germ-germinadorap-de5832|LOT-20260506-651F-009|r1_c1|rep0,LOT-20260506-651F-009:B2:R0,germ-germinadorap-de5832,LOT-20260506-651F-009,B2,1,1,0,Betabel,,c1,sin_cambio,,,,2026-05-13 11:04:32,2026-05-06 21:07:49,157.95,7,cg_1778670270380_2,5596,cam2_20260513_050431.jpg,crops/cam2_20260513_050431_r1_c1.jpg,5598,cam2_20260513_050434.jpg,crops/cam2_20260513_050434_r1_c1.jpg,12370,29,,50,0,0,0,0,0,0,0.0,0.0,4829.0,106.0,82.5,11.8,1.8,0.3,,2026-05-13 11:04:36
germ-germinadorap-de5832|LOT-20260506-651F-009|r1_c1|rep0,LOT-20260506-651F-009:B2:R0,germ-germinadorap-de5832,LOT-20260506-651F-009,B2,1,1,0,Betabel,,c1,sin_cambio,,,,2026-05-13 11:19:32,2026-05-06 21:07:49,158.20,7,cg_1778671170386_2,5600,cam2_20260513_051931.jpg,crops/cam2_20260513_051931_r1_c1.jpg,5602,cam2_20260513_051935.jpg,crops/cam2_20260513_051935_r1_c1.jpg,12382,29,,50,0,0,0,0,0,0,0.0,0.0,4844.0,106.0,82.5,11.8,1.8,0.3,,2026-05-13 11:19:37
germ-germinadorap-de5832|LOT-20260506-651F-009|r1_c1|rep0,LOT-20260506-651F-009:B2:R0,germ-germinadorap-de5832,LOT-20260506-651F-009,B2,1,1,0,Betabel,,c1,sin_cambio,,,,2026-05-13 11:34:32,2026-05-06 21:07:49,158.45,7,cg_1778672070387_2,5604,cam2_20260513_053431.jpg,crops/cam2_20260513_053431_r1_c1.jpg,5606,cam2_20260513_053434.jpg,crops/cam2_20260513_053434_r1_c1.jpg,12394,29,,50,0,0,0,0,0,0,0.0,0.0,4859.0,106.0,82.5,11.8,1.8,0.3,,2026-05-13 11:34:36
germ-germinadorap-de5832|LOT-20260506-651F-009|r1_c1|rep0,LOT-20260506-651F-009:B2:R0,germ-germinadorap-de5832,LOT-20260506-651F-009,B2,1,1,0,Betabel,,c1,sin_cambio,,,,2026-05-13 11:49:32,2026-05-06 21:07:49,158.70,7,cg_1778672970392_2,5608,cam2_20260513_054931.jpg,crops/cam2_20260513_054931_r1_c1.jpg,5610,cam2_20260513_054934.jpg,crops/cam2_20260513_054934_r1_c1.jpg,12406,29,,50,0,0,0,0,0,0,0.0,0.0,4874.0,106.0,82.5,11.8,1.8,0.3,,2026-05-13 11:49:36
germ-germinadorap-de5832|LOT-20260506-651F-009|r1_c1|rep0,LOT-20260506-651F-009:B2:R0,germ-germinadorap-de5832,LOT-20260506-651F-009,B2,1,1,0,Betabel,,c1,sin_cambio,,,,2026-05-13 12:04:32,2026-05-06 21:07:49,158.95,7,cg_1778673870392_2,5612,cam2_20260513_060431.jpg,crops/cam2_20260513_060431_r1_c1.jpg,5614,cam2_20260513_060434.jpg,crops/cam2_20260513_060434_r1_c1.jpg,12418,29,,50,0,0,0,0,0,0,0.0,0.0,4889.0,106.0,82.5,11.8,1.8,0.3,,2026-05-13 12:04:36
germ-germinadorap-de5832|LOT-20260506-651F-009|r1_c1|rep0,LOT-20260506-651F-009:B2:R0,germ-germinadorap-de5832,LOT-20260506-651F-009,B2,1,1,0,Betabel,,c1,sin_cambio,,,,2026-05-13 12:19:32,2026-05-06 21:07:49,159.20,7,cg_1778674770397_2,5616,cam2_20260513_061931.jpg,crops/cam2_20260513_061931_r1_c1.jpg,5618,cam2_20260513_061934.jpg,crops/cam2_20260513_061934_r1_c1.jpg,12430,29,,50,0,0,0,0,0,0,0.0,0.0,4904.0,106.0,82.5,11.8,1.8,0.3,,2026-05-13 12:19:36
germ-germinadorap-de5832|LOT-20260506-651F-009|r1_c1|rep0,LOT-20260506-651F-009:B2:R0,germ-germinadorap-de5832,LOT-20260506-651F-009,B2,1,1,0,Betabel,,c1,sin_cambio,,,,2026-05-13 12:34:32,2026-05-06 21:07:49,159.45,7,cg_1778675670396_2,5620,cam2_20260513_063431.jpg,crops/cam2_20260513_063431_r1_c1.jpg,5622,cam2_20260513_063435.jpg,crops/cam2_20260513_063435_r1_c1.jpg,12442,29,,50,0,0,0,0,0,0,0.0,0.0,4919.0,106.0,82.5,11.8,1.8,0.3,,2026-05-13 12:34:36
germ-germinadorap-de5832|LOT-20260506-651F-009|r1_c1|rep0,LOT-20260506-651F-009:B2:R0,germ-germinadorap-de5832,LOT-20260506-651F-009,B2,1,1,0,Betabel,,c1,sin_cambio,,,,2026-05-13 12:49:32,2026-05-06 21:07:49,159.70,7,cg_1778676570401_2,5624,cam2_20260513_064931.jpg,crops/cam2_20260513_064931_r1_c1.jpg,5626,cam2_20260513_064934.jpg,crops/cam2_20260513_064934_r1_c1.jpg,12454,29,,50,0,0,0,0,0,0,0.0,0.0,4933.0,106.0,82.5,11.8,1.8,0.3,,2026-05-13 12:49:36
germ-germinadorap-de5832|LOT-20260506-651F-009|r1_c1|rep0,LOT-20260506-651F-009:B2:R0,germ-germinadorap-de5832,LOT-20260506-651F-009,B2,1,1,0,Betabel,,c1,sin_cambio,,,,2026-05-13 13:04:32,2026-05-06 21:07:49,159.95,7,cg_1778677470404_2,5628,cam2_20260513_070431.jpg,crops/cam2_20260513_070431_r1_c1.jpg,5630,cam2_20260513_070435.jpg,crops/cam2_20260513_070435_r1_c1.jpg,12466,29,,50,0,0,0,0,0,0,0.0,0.0,4948.0,106.0,82.5,11.8,1.8,0.3,,2026-05-13 13:04:36
